clade	region	gain
pantoea10kb	Pantoea_ananatis_02-12/JALKJI010000001.1.region001.gbk	0
pantoea10kb	Pantoea_ananatis_02-12/JALKJI010000004.1.region001.gbk	0
pantoea10kb	Pantoea_ananatis_02-12_2/JALKLJ010000005.1.region001.gbk	0
pantoea10kb	Pantoea_ananatis_03-1/JALKLK010000004.1.region001.gbk	0
pantoea10kb	Pantoea_ananatis_05-1/JALKLM010000007.1.region001.gbk	0
pantoea10kb	Pantoea_ananatis_06-1/JALKJH010000002.1.region001.gbk	0
pantoea10kb	Pantoea_ananatis_06-4/JALKLY010000004.1.region001.gbk	0
pantoea10kb	Pantoea_ananatis_07-1/JALKLN010000002.1.region001.gbk	0
pantoea10kb	Pantoea_ananatis_07-10/JALKLO010000002.1.region001.gbk	0
pantoea10kb	Pantoea_ananatis_07-13/JALKJP010000004.1.region001.gbk	0
pantoea10kb	Pantoea_ananatis_07-14/JALKKT010000005.1.region001.gbk	0
pantoea10kb	Pantoea_ananatis_07-7/JALKJQ010000003.1.region001.gbk	0
pantoea10kb	Pantoea_ananatis_08-1/JALKKU010000004.1.region001.gbk	0
pantoea10kb	Pantoea_ananatis_1-2/JALKKR010000003.1.region001.gbk	0
pantoea10kb	Pantoea_ananatis_1-5/JALKKL010000002.1.region001.gbk	0
pantoea10kb	Pantoea_ananatis_1-6/JALKKM010000002.1.region001.gbk	0
pantoea10kb	Pantoea_ananatis_117T1/JBSPZY010000001.1.region001.gbk	2
pantoea10kb	Pantoea_ananatis_117T1/JBSPZY010000003.1.region001.gbk	4
pantoea10kb	Pantoea_ananatis_13-1/JALKIW010000013.1.region001.gbk	0
pantoea10kb	Pantoea_ananatis_13.3/JAUHJW010000002.1.region001.gbk	2
pantoea10kb	Pantoea_ananatis_141/CM135103.1.region001.gbk	0
pantoea10kb	Pantoea_ananatis_15-1/JALKKP010000002.1.region001.gbk	0
pantoea10kb	Pantoea_ananatis_18-1/JALKJR010000003.1.region001.gbk	0
pantoea10kb	Pantoea_ananatis_18-2/JALKKQ010000003.1.region001.gbk	0
pantoea10kb	Pantoea_ananatis_18-3S/JALKJS010000003.1.region001.gbk	0
pantoea10kb	Pantoea_ananatis_18-5/JALKJT010000003.1.region001.gbk	0
pantoea10kb	Pantoea_ananatis_18-5S/JALKJU010000001.1.region001.gbk	0
pantoea10kb	Pantoea_ananatis_18-7S/JALKKZ010000002.1.region001.gbk	0
pantoea10kb	Pantoea_ananatis_19-13/JALKKK010000002.1.region001.gbk	0
pantoea10kb	Pantoea_ananatis_19-20/JALKIQ010000056.1.region001.gbk	0
pantoea10kb	Pantoea_ananatis_19-8/JALKJD010000001.1.region001.gbk	0
pantoea10kb	Pantoea_ananatis_2-1/JALKKS010000005.1.region001.gbk	0
pantoea10kb	Pantoea_ananatis_2-1/JALKKS010000009.1.region001.gbk	0
pantoea10kb	Pantoea_ananatis_2-5/JALKKJ010000001.1.region001.gbk	0
pantoea10kb	Pantoea_ananatis_2-5/JALKKJ010000003.1.region001.gbk	0
pantoea10kb	Pantoea_ananatis_2-6/JALKLQ010000001.1.region001.gbk	0
pantoea10kb	Pantoea_ananatis_2-7/JALKLR010000001.1.region001.gbk	0
pantoea10kb	Pantoea_ananatis_2-7/JALKLR010000003.1.region001.gbk	0
pantoea10kb	Pantoea_ananatis_2-8/JALKJK010000001.1.region001.gbk	0
pantoea10kb	Pantoea_ananatis_2-8/JALKJK010000004.1.region001.gbk	0
pantoea10kb	Pantoea_ananatis_200-10/JALKJW010000002.1.region001.gbk	0
pantoea10kb	Pantoea_ananatis_200-11/JALKJX010000006.1.region001.gbk	0
pantoea10kb	Pantoea_ananatis_200-12/JALKJY010000008.1.region001.gbk	0
pantoea10kb	Pantoea_ananatis_200-2/JALKKN010000001.1.region001.gbk	0
pantoea10kb	Pantoea_ananatis_200-2/JALKKN010000004.1.region001.gbk	0
pantoea10kb	Pantoea_ananatis_200-7/JALKJZ010000005.1.region001.gbk	0
pantoea10kb	Pantoea_ananatis_20NY0427/JBQOUP010000011.1.region001.gbk	2
pantoea10kb	Pantoea_ananatis_20NY0487/JBQOUQ010000003.1.region001.gbk	2
pantoea10kb	Pantoea_ananatis_20PA0260/JBQOUR010000003.1.region001.gbk	2
pantoea10kb	Pantoea_ananatis_20TX0087/JAKZMT010000004.1.region001.gbk	2
pantoea10kb	Pantoea_ananatis_20WA0254/JBQOUT010000004.1.region001.gbk	2
pantoea10kb	Pantoea_ananatis_26SR6/JXUJ01000033.1.region001.gbk	2
pantoea10kb	Pantoea_ananatis_31npA-Arg1/CM152815.1.region001.gbk	2
pantoea10kb	Pantoea_ananatis_4-1/JALKJF010000007.1.region001.gbk	0
pantoea10kb	Pantoea_ananatis_4-2/JALKIU010000004.1.region001.gbk	0
pantoea10kb	Pantoea_ananatis_4-2/JALKIU010000007.1.region001.gbk	0
pantoea10kb	Pantoea_ananatis_4.2/JAUHJV010000003.1.region001.gbk	2
pantoea10kb	Pantoea_ananatis_92-7/JALKKA010000005.1.region001.gbk	0
pantoea10kb	Pantoea_ananatis_97-11/JALKLS010000003.1.region001.gbk	0
pantoea10kb	Pantoea_ananatis_97-2/JALKKI010000004.1.region001.gbk	0
pantoea10kb	Pantoea_ananatis_97-3/JALKKY010000002.1.region001.gbk	0
pantoea10kb	Pantoea_ananatis_98-1/JALKLT010000002.1.region001.gbk	0
pantoea10kb	Pantoea_ananatis_98-11/JALKKB010000003.1.region001.gbk	0
pantoea10kb	Pantoea_ananatis_98-12/JALKKC010000004.1.region001.gbk	0
pantoea10kb	Pantoea_ananatis_98-2/JALKKD010000002.1.region001.gbk	0
pantoea10kb	Pantoea_ananatis_98-7/JALKKX010000004.1.region001.gbk	0
pantoea10kb	Pantoea_ananatis_98-8/JALKKE010000006.1.region001.gbk	0
pantoea10kb	Pantoea_ananatis_99-1/JALKKF010000005.1.region001.gbk	0
pantoea10kb	Pantoea_ananatis_99-10/JALKIR010000004.1.region001.gbk	0
pantoea10kb	Pantoea_ananatis_99-11/JALKMA010000003.1.region001.gbk	0
pantoea10kb	Pantoea_ananatis_99-11/JALKMA010000009.1.region001.gbk	0
pantoea10kb	Pantoea_ananatis_99-12/JALKLZ010000006.1.region001.gbk	0
pantoea10kb	Pantoea_ananatis_99-12/JALKLZ010000016.1.region001.gbk	0
pantoea10kb	Pantoea_ananatis_99-14/JALKLU010000003.1.region001.gbk	0
pantoea10kb	Pantoea_ananatis_99-14_2/JALKMB010000001.1.region001.gbk	0
pantoea10kb	Pantoea_ananatis_99-18/JALKJJ010000001.1.region001.gbk	0
pantoea10kb	Pantoea_ananatis_99-2/JALKLV010000004.1.region001.gbk	0
pantoea10kb	Pantoea_ananatis_99-25/JALKLC010000006.1.region001.gbk	0
pantoea10kb	Pantoea_ananatis_99-27/JALKLD010000003.1.region001.gbk	0
pantoea10kb	Pantoea_ananatis_99-29/JALKLE010000002.1.region001.gbk	0
pantoea10kb	Pantoea_ananatis_99-3/JALKLP010000004.1.region001.gbk	0
pantoea10kb	Pantoea_ananatis_99-31/JALKLF010000010.1.region001.gbk	0
pantoea10kb	Pantoea_ananatis_99-31/JALKLF010000062.1.region001.gbk	0
pantoea10kb	Pantoea_ananatis_99-32/JALKLG010000003.1.region001.gbk	0
pantoea10kb	Pantoea_ananatis_99-33/JALKJN010000004.1.region001.gbk	0
pantoea10kb	Pantoea_ananatis_99-4/JALKJO010000003.1.region001.gbk	0
pantoea10kb	Pantoea_ananatis_99-6/JALKKG010000002.1.region001.gbk	0
pantoea10kb	Pantoea_ananatis_99-7/JALKLW010000001.1.region001.gbk	0
pantoea10kb	Pantoea_ananatis_99-8/JALKKH010000003.1.region001.gbk	0
pantoea10kb	Pantoea_ananatis_99-9_2/JALKLX010000012.1.region001.gbk	0
pantoea10kb	Pantoea_ananatis_AJ13355/AP012032.2.region001.gbk	8
pantoea10kb	Pantoea_ananatis_ATCC_35400/JARNMU010000002.1.region001.gbk	1
pantoea10kb	Pantoea_ananatis_B1-9/CAEI01000109.1.region001.gbk	0
pantoea10kb	Pantoea_ananatis_B1-9_2/CAEJ01000136.1.region001.gbk	0
pantoea10kb	Pantoea_ananatis_B13/JAUHJU010000015.1.region001.gbk	2
pantoea10kb	Pantoea_ananatis_B7/LYOQ01000033.1.region001.gbk	2
pantoea10kb	Pantoea_ananatis_BAV3096/JASHLP010000001.1.region001.gbk	3
pantoea10kb	Pantoea_ananatis_BAV3096/JASHLP010000011.1.region001.gbk	2
pantoea10kb	Pantoea_ananatis_BAV3127/JASHLO010000001.1.region001.gbk	2
pantoea10kb	Pantoea_ananatis_BAV3127/JASHLO010000001.1.region002.gbk	3
pantoea10kb	Pantoea_ananatis_BD442/JMJL01000004.1.region001.gbk	0
pantoea10kb	Pantoea_ananatis_BRT98/AYST01000002.1.region001.gbk	2
pantoea10kb	Pantoea_ananatis_CSUP3/CM194831.1.region001.gbk	0
pantoea10kb	Pantoea_ananatis_Cit30-11/JXUI01000022.1.region001.gbk	2
pantoea10kb	Pantoea_ananatis_DAR_76143_DAR76143/BATH01000003.1.region001.gbk	0
pantoea10kb	Pantoea_ananatis_DAR_76143_DAR76143/BATH01000055.1.region001.gbk	0
pantoea10kb	Pantoea_ananatis_DZ-12/RQJN01000001.1.region001.gbk	2
pantoea10kb	Pantoea_ananatis_F-C2/SMZS01000005.1.region001.gbk	1
pantoea10kb	Pantoea_ananatis_FU-01/AP019753.1.region001.gbk	2
pantoea10kb	Pantoea_ananatis_GCA_987119705.1/OZ496979.1.region001.gbk	0
pantoea10kb	Pantoea_ananatis_GD04167/JAODYK010000017.1.region001.gbk	2
pantoea10kb	Pantoea_ananatis_IPG26/JAQNAK010000007.1.region001.gbk	0
pantoea10kb	Pantoea_ananatis_J-2/JBNFPX010000006.1.region001.gbk	2
pantoea10kb	Pantoea_ananatis_J15-6/JBSPZW010000004.1.region001.gbk	2
pantoea10kb	Pantoea_ananatis_JBR-LB3-16/CP090356.1.region001.gbk	2
pantoea10kb	Pantoea_ananatis_JEL0891/JBYHZL010000009.1.region001.gbk	3
pantoea10kb	Pantoea_ananatis_JEL0892/JBYHZK010000001.1.region001.gbk	3
pantoea10kb	Pantoea_ananatis_LMG_20103/CP001875.2.region001.gbk	3
pantoea10kb	Pantoea_ananatis_LMG_2665/JFZU01000015.1.region001.gbk	0
pantoea10kb	Pantoea_ananatis_LMG_2665_2/JMJJ01000006.1.region001.gbk	0
pantoea10kb	Pantoea_ananatis_LMG_5342/HE617160.1.region001.gbk	6
pantoea10kb	Pantoea_ananatis_LMG_5342/HE617160.1.region002.gbk	15
pantoea10kb	Pantoea_ananatis_LPP-1/CP166503.1.region001.gbk	0
pantoea10kb	Pantoea_ananatis_M232A/LYOP01000033.1.region001.gbk	2
pantoea10kb	Pantoea_ananatis_MMB-1/JAABOW010000002.1.region001.gbk	2
pantoea10kb	Pantoea_ananatis_MMB-1/JAABOW010000009.1.region001.gbk	2
pantoea10kb	Pantoea_ananatis_NFIX48/FUXY01000003.1.region001.gbk	3
pantoea10kb	Pantoea_ananatis_NFR11/FPJM01000001.1.region001.gbk	5
pantoea10kb	Pantoea_ananatis_NFR11/FPJM01000004.1.region001.gbk	3
pantoea10kb	Pantoea_ananatis_OC5a/CP059084.1.region001.gbk	2
pantoea10kb	Pantoea_ananatis_P1A3/JBMUJK010000004.1.region001.gbk	2
pantoea10kb	Pantoea_ananatis_PA13/CP003085.1.region001.gbk	2
pantoea10kb	Pantoea_ananatis_PA13/CP003085.1.region002.gbk	1
pantoea10kb	Pantoea_ananatis_PANS_01-2/NMZU01000003.1.region001.gbk	1
pantoea10kb	Pantoea_ananatis_PANS_02-01/QRDI01000007.1.region001.gbk	6
pantoea10kb	Pantoea_ananatis_PANS_02-01/QRDI01000020.1.region001.gbk	0
pantoea10kb	Pantoea_ananatis_PANS_04-2/NMZV01000004.1.region001.gbk	1
pantoea10kb	Pantoea_ananatis_PANS_04-2/NMZV01000006.1.region001.gbk	1
pantoea10kb	Pantoea_ananatis_PANS_1_2/JABDYR010000003.1.region001.gbk	0
pantoea10kb	Pantoea_ananatis_PANS_1_5/JABDYS010000005.1.region001.gbk	0
pantoea10kb	Pantoea_ananatis_PANS_1_6/JABDYT010000004.1.region001.gbk	0
pantoea10kb	Pantoea_ananatis_PANS_200_2/JABDZC010000001.1.region001.gbk	0
pantoea10kb	Pantoea_ananatis_PANS_200_2/JABDZC010000004.1.region001.gbk	0
pantoea10kb	Pantoea_ananatis_PANS_2_1/JABDYW010000005.1.region001.gbk	0
pantoea10kb	Pantoea_ananatis_PANS_2_1/JABDYW010000008.1.region001.gbk	0
pantoea10kb	Pantoea_ananatis_PANS_2_5/JABDYX010000001.1.region001.gbk	0
pantoea10kb	Pantoea_ananatis_PANS_2_5/JABDYX010000003.1.region001.gbk	0
pantoea10kb	Pantoea_ananatis_PANS_2_6/JABDYY010000005.1.region001.gbk	0
pantoea10kb	Pantoea_ananatis_PANS_2_7/JABDYZ010000001.1.region001.gbk	0
pantoea10kb	Pantoea_ananatis_PANS_2_7/JABDYZ010000004.1.region001.gbk	0
pantoea10kb	Pantoea_ananatis_PANS_2_8/JABDZA010000001.1.region001.gbk	0
pantoea10kb	Pantoea_ananatis_PANS_2_8/JABDZA010000004.1.region001.gbk	0
pantoea10kb	Pantoea_ananatis_PANS_4_2/JABDZD010000005.1.region001.gbk	0
pantoea10kb	Pantoea_ananatis_PANS_4_2/JABDZD010000007.1.region001.gbk	0
pantoea10kb	Pantoea_ananatis_PANS_99-3/NMZR01000002.1.region001.gbk	2
pantoea10kb	Pantoea_ananatis_PANS_99_11/JABDZE010000001.1.region001.gbk	0
pantoea10kb	Pantoea_ananatis_PANS_99_11/JABDZE010000004.1.region001.gbk	0
pantoea10kb	Pantoea_ananatis_PANS_99_25/JABDZH010000004.1.region001.gbk	0
pantoea10kb	Pantoea_ananatis_PANS_99_29/JABDZK010000003.1.region001.gbk	0
pantoea10kb	Pantoea_ananatis_PANS_99_31/JABDZL010000010.1.region001.gbk	0
pantoea10kb	Pantoea_ananatis_PANS_99_31/JABDZL010000075.1.region001.gbk	0
pantoea10kb	Pantoea_ananatis_PANS_99_32/JABDZM010000004.1.region001.gbk	0
pantoea10kb	Pantoea_ananatis_PANS_99_33/JABDZN010000003.1.region001.gbk	0
pantoea10kb	Pantoea_ananatis_PANS_99_4/JABDZP010000003.1.region001.gbk	0
pantoea10kb	Pantoea_ananatis_PNA_02_12/JABDZS010000006.1.region001.gbk	0
pantoea10kb	Pantoea_ananatis_PNA_03_1/JABDZT010000003.1.region001.gbk	0
pantoea10kb	Pantoea_ananatis_PNA_05_1/JABDZV010000007.1.region001.gbk	0
pantoea10kb	Pantoea_ananatis_PNA_06_4/JABDZW010000004.1.region001.gbk	0
pantoea10kb	Pantoea_ananatis_PNA_07-1/QICU01000004.1.region001.gbk	3
pantoea10kb	Pantoea_ananatis_PNA_07-10/QTTO01000005.1.region001.gbk	1
pantoea10kb	Pantoea_ananatis_PNA_07_1/JABDZX010000003.1.region001.gbk	0
pantoea10kb	Pantoea_ananatis_PNA_07_10/JABDZY010000003.1.region001.gbk	0
pantoea10kb	Pantoea_ananatis_PNA_07_13/JABDZZ010000004.1.region001.gbk	0
pantoea10kb	Pantoea_ananatis_PNA_07_14/JABEAA010000005.1.region001.gbk	0
pantoea10kb	Pantoea_ananatis_PNA_07_5/JABEAC010000003.1.region001.gbk	0
pantoea10kb	Pantoea_ananatis_PNA_07_7/JABEAD010000005.1.region001.gbk	0
pantoea10kb	Pantoea_ananatis_PNA_08_1/JABEAE010000005.1.region001.gbk	0
pantoea10kb	Pantoea_ananatis_PNA_13_1/JABEAG010000006.1.region001.gbk	0
pantoea10kb	Pantoea_ananatis_PNA_15-1/NMZZ01000004.1.region001.gbk	1
pantoea10kb	Pantoea_ananatis_PNA_15_1/JABEAI010000003.1.region001.gbk	0
pantoea10kb	Pantoea_ananatis_PNA_18_1/JABEAK010000003.1.region001.gbk	0
pantoea10kb	Pantoea_ananatis_PNA_18_2/JABEAN010000003.1.region001.gbk	0
pantoea10kb	Pantoea_ananatis_PNA_18_3S/JABEAO010000004.1.region001.gbk	0
pantoea10kb	Pantoea_ananatis_PNA_18_5/JABEAP010000003.1.region001.gbk	0
pantoea10kb	Pantoea_ananatis_PNA_18_5S/JABEAQ010000011.1.region001.gbk	0
pantoea10kb	Pantoea_ananatis_PNA_18_7S/JABEAS010000003.1.region001.gbk	0
pantoea10kb	Pantoea_ananatis_PNA_18_9S/JABEAU010000054.1.region001.gbk	0
pantoea10kb	Pantoea_ananatis_PNA_200-7/QGGN01000004.1.region001.gbk	3
pantoea10kb	Pantoea_ananatis_PNA_200_10/JABEAV010000002.1.region001.gbk	0
pantoea10kb	Pantoea_ananatis_PNA_200_11/JABEAW010000005.1.region001.gbk	0
pantoea10kb	Pantoea_ananatis_PNA_200_12/JABEAX010000006.1.region001.gbk	0
pantoea10kb	Pantoea_ananatis_PNA_200_7/JABEAZ010000003.1.region001.gbk	0
pantoea10kb	Pantoea_ananatis_PNA_92_7/JABEBB010000005.1.region001.gbk	0
pantoea10kb	Pantoea_ananatis_PNA_97-1R/CP020943.2.region001.gbk	1
pantoea10kb	Pantoea_ananatis_PNA_97_11/JABEBC010000003.1.region001.gbk	0
pantoea10kb	Pantoea_ananatis_PNA_97_3/JABEBD010000003.1.region001.gbk	0
pantoea10kb	Pantoea_ananatis_PNA_98-11/QGTO01000003.1.region001.gbk	6
pantoea10kb	Pantoea_ananatis_PNA_98_2/JABEBH010000003.1.region001.gbk	0
pantoea10kb	Pantoea_ananatis_PNA_98_7/JABEBJ010000003.1.region001.gbk	0
pantoea10kb	Pantoea_ananatis_PNA_98_8/JABEBK010000004.1.region001.gbk	0
pantoea10kb	Pantoea_ananatis_PNA_99_1/JABEBL010000005.1.region001.gbk	0
pantoea10kb	Pantoea_ananatis_PNA_99_14/JABEBM010000004.1.region001.gbk	0
pantoea10kb	Pantoea_ananatis_PNA_99_2/JABEBN010000004.1.region001.gbk	0
pantoea10kb	Pantoea_ananatis_PNA_99_3/JABEBO010000003.1.region001.gbk	0
pantoea10kb	Pantoea_ananatis_PNA_99_6/JABEBP010000003.1.region001.gbk	0
pantoea10kb	Pantoea_ananatis_PNA_99_7/JABEBQ010000003.1.region001.gbk	0
pantoea10kb	Pantoea_ananatis_PNA_99_8/JABEBR010000003.1.region001.gbk	0
pantoea10kb	Pantoea_ananatis_PNA_99_9/JABEBS010000011.1.region001.gbk	0
pantoea10kb	Pantoea_ananatis_PP094-PanT1S3/JBYHZF010000005.1.region001.gbk	2
pantoea10kb	Pantoea_ananatis_PP099-PanT13S3/JBYHZE010000001.1.region001.gbk	2
pantoea10kb	Pantoea_ananatis_PP099-PanT13S3/JBYHZE010000001.1.region002.gbk	2
pantoea10kb	Pantoea_ananatis_PP105/JBYHZO010000002.1.region001.gbk	2
pantoea10kb	Pantoea_ananatis_PP105/JBYHZO010000002.1.region002.gbk	2
pantoea10kb	Pantoea_ananatis_PaMB1/JQZZ01000144.1.region001.gbk	0
pantoea10kb	Pantoea_ananatis_R100/CP014207.1.region001.gbk	2
pantoea10kb	Pantoea_ananatis_RP1/CM188849.1.region001.gbk	0
pantoea10kb	Pantoea_ananatis_S7/CVNG01000056.1.region001.gbk	1
pantoea10kb	Pantoea_ananatis_SK-1/CM168046.1.region001.gbk	4
pantoea10kb	Pantoea_ananatis_TE32200/JBSSGC010000003.1.region001.gbk	3
pantoea10kb	Pantoea_ananatis_USHLN198/JBBCYJ010000002.1.region001.gbk	0
pantoea10kb	Pantoea_ananatis_USHLN198/JBBCYJ010000004.1.region001.gbk	0
pantoea10kb	Pantoea_ananatis_USHLN34/JBBCZL010000001.1.region001.gbk	0
pantoea10kb	Pantoea_ananatis_USHLN34/JBBCZL010000002.1.region001.gbk	0
pantoea10kb	Pantoea_ananatis_VY148/CP086009.1.region001.gbk	2
pantoea10kb	Pantoea_ananatis_VY148/CP086009.1.region002.gbk	2
pantoea10kb	Pantoea_ananatis_YJ76/CP022427.1.region001.gbk	0
pantoea10kb	Winslowiella_iniecta_B120/JRXE01000010.1.region001.gbk	15
pantoea10kb	Winslowiella_iniecta_B149/JRXF01000012.1.region001.gbk	15
griseus	Streptomyces_griseus_NPDC020758/JBIRTF010000013.1.region001.gbk	0
griseus	Streptomyces_griseus_NPDC027195/JBVHRL010000024.1.region001.gbk	0
griseus	Streptomyces_griseus_NPDC042341/JBVJED010000027.1.region001.gbk	0
griseus	Streptomyces_griseus_subsp._griseus_NRRL_B-2621/JNZT01000001.1.region001.gbk	0
griseus	Streptomyces_griseus_subsp._griseus_NRRL_B-2621_2/JOEN01000003.1.region001.gbk	0
griseus	Streptomyces_griseus_subsp._griseus_NRRL_F-2227/JOIT01000020.1.region001.gbk	0
griseus	Streptomyces_griseus_subsp._griseus_NRRL_F-5144/JOGA01000023.1.region001.gbk	0
griseus	Streptomyces_griseus_subsp._griseus_NRRL_WC-3645/JOJE01000025.1.region001.gbk	0
griseus	Streptomyces_griseus_subsp._rhodochrous_NRRL_B-1691/JODO01000014.1.region001.gbk	0
griseus	Streptomyces_griseus_subsp._rhodochrous_NRRL_B-2929/LGUZ01000022.1.region001.gbk	4
griseus	Streptomyces_griseus_subsp._rhodochrous_NRRL_B-2930/JOFD01000017.1.region001.gbk	0
griseus	Streptomyces_griseus_subsp._rhodochrous_NRRL_B-2931/JOFE01000025.1.region001.gbk	0
griseus	Streptomyces_griseus_subsp._rhodochrous_NRRL_B-2932/JOFF01000019.1.region001.gbk	0
bfragilis	Bacteroides_fragilis_078320-1/CP131537.1.region001.gbk	0
bfragilis	Bacteroides_fragilis_1284/CP131536.1.region001.gbk	0
bfragilis	Bacteroides_fragilis_14-106904-1/CP129606.2.region001.gbk	0
bfragilis	Bacteroides_fragilis_638R-erm-GA1tetQ-6/CP131535.1.region001.gbk	0
bfragilis	Bacteroides_fragilis_638R/FQ312004.1.region001.gbk	0
bfragilis	Bacteroides_fragilis_86-5443-2-2/CP098482.1.region001.gbk	0
bfragilis	Bacteroides_fragilis_86-5443-2-2/CP098482.1.region002.gbk	0
bfragilis	Bacteroides_fragilis_AM115-21/OZ542939.1.region001.gbk	0
bfragilis	Bacteroides_fragilis_AM115-33/OZ542719.1.region001.gbk	0
bfragilis	Bacteroides_fragilis_ATCC_43858/CP142686.1.region001.gbk	0
bfragilis	Bacteroides_fragilis_ATCC_43858/CP142686.1.region002.gbk	0
bfragilis	Bacteroides_fragilis_BA00000066/CM174533.1.region001.gbk	0
bfragilis	Bacteroides_fragilis_BA00000080/CM173588.1.region001.gbk	0
bfragilis	Bacteroides_fragilis_BA00000080/CM173588.1.region002.gbk	0
bfragilis	Bacteroides_fragilis_BA00000083/CM173587.1.region001.gbk	0
bfragilis	Bacteroides_fragilis_BA00000083/CM173587.1.region002.gbk	0
bfragilis	Bacteroides_fragilis_BA00000091/CM173586.1.region001.gbk	0
bfragilis	Bacteroides_fragilis_BA00000091/CM173586.1.region002.gbk	0
bfragilis	Bacteroides_fragilis_BA00000097/CM173585.1.region001.gbk	0
bfragilis	Bacteroides_fragilis_BA00000097/CM173585.1.region002.gbk	0
bfragilis	Bacteroides_fragilis_BA00000100/CM173582.1.region001.gbk	2
bfragilis	Bacteroides_fragilis_BA00000100/CM173582.1.region002.gbk	0
bfragilis	Bacteroides_fragilis_BA00000103/CM173581.1.region001.gbk	2
bfragilis	Bacteroides_fragilis_BA00000103/CM173581.1.region002.gbk	2
bfragilis	Bacteroides_fragilis_BA00000107/CM174530.1.region001.gbk	0
bfragilis	Bacteroides_fragilis_BA00000107/CM174530.1.region002.gbk	0
bfragilis	Bacteroides_fragilis_BA00000415/CM173578.1.region001.gbk	0
bfragilis	Bacteroides_fragilis_BA00000419/CM174528.1.region001.gbk	2
bfragilis	Bacteroides_fragilis_BA00000453/CM173572.1.region001.gbk	2
bfragilis	Bacteroides_fragilis_BA00000453/CM173572.1.region002.gbk	0
bfragilis	Bacteroides_fragilis_BA00000460/CM173570.1.region001.gbk	0
bfragilis	Bacteroides_fragilis_BA00000461/CM174527.1.region001.gbk	0
bfragilis	Bacteroides_fragilis_BA00000462/CM173569.1.region001.gbk	2
bfragilis	Bacteroides_fragilis_BA00000462/CM173569.1.region002.gbk	0
bfragilis	Bacteroides_fragilis_BA00000469/CM174525.1.region001.gbk	0
bfragilis	Bacteroides_fragilis_BA00000469/CM174525.1.region002.gbk	3
bfragilis	Bacteroides_fragilis_BA00000471/CM173568.1.region001.gbk	0
bfragilis	Bacteroides_fragilis_BA00000472/CM173567.1.region001.gbk	0
bfragilis	Bacteroides_fragilis_BA00000472/CM173567.1.region002.gbk	1
bfragilis	Bacteroides_fragilis_BA00000473/CM173565.1.region001.gbk	2
bfragilis	Bacteroides_fragilis_BA00000473/CM173565.1.region002.gbk	0
bfragilis	Bacteroides_fragilis_BA00000473/CM173565.1.region003.gbk	0
bfragilis	Bacteroides_fragilis_BA00000474/CM173566.1.region001.gbk	0
bfragilis	Bacteroides_fragilis_BA00000475/CM173564.1.region001.gbk	0
bfragilis	Bacteroides_fragilis_BA00000771/CM173563.1.region001.gbk	0
bfragilis	Bacteroides_fragilis_BA00000771/CM173563.1.region002.gbk	0
bfragilis	Bacteroides_fragilis_BA00000773/CM173562.1.region001.gbk	0
bfragilis	Bacteroides_fragilis_BA00000784/CM173560.1.region001.gbk	2
bfragilis	Bacteroides_fragilis_BA00000784/CM173560.1.region002.gbk	0
bfragilis	Bacteroides_fragilis_BA00000786/CM173558.1.region001.gbk	2
bfragilis	Bacteroides_fragilis_BA00000786/CM173558.1.region002.gbk	0
bfragilis	Bacteroides_fragilis_BA00000787/CM173557.1.region001.gbk	0
bfragilis	Bacteroides_fragilis_BA00000789/CM173555.1.region001.gbk	0
bfragilis	Bacteroides_fragilis_BA00000791/CM174524.1.region001.gbk	2
bfragilis	Bacteroides_fragilis_BA00000793/CM174523.1.region001.gbk	2
bfragilis	Bacteroides_fragilis_BA00000793/CM174523.1.region002.gbk	0
bfragilis	Bacteroides_fragilis_BA00001138/CM174521.1.region001.gbk	0
bfragilis	Bacteroides_fragilis_BA00001140/CM173549.1.region001.gbk	0
bfragilis	Bacteroides_fragilis_BA00001140/CM173549.1.region002.gbk	0
bfragilis	Bacteroides_fragilis_BA00001143/CM173548.1.region001.gbk	0
bfragilis	Bacteroides_fragilis_BA00001145/CM173547.1.region001.gbk	3
bfragilis	Bacteroides_fragilis_BA00001145/CM173547.1.region002.gbk	0
bfragilis	Bacteroides_fragilis_BA00001145/CM173547.1.region003.gbk	1
bfragilis	Bacteroides_fragilis_BE1/LN877293.1.region001.gbk	0
bfragilis	Bacteroides_fragilis_BE1/LN877293.1.region002.gbk	0
bfragilis	Bacteroides_fragilis_BFG-1/CP081922.1.region001.gbk	3
bfragilis	Bacteroides_fragilis_BFG-1/CP081922.1.region002.gbk	0
bfragilis	Bacteroides_fragilis_BFG-1/CP081922.1.region003.gbk	0
bfragilis	Bacteroides_fragilis_BFG-13/CP103090.1.region001.gbk	1
bfragilis	Bacteroides_fragilis_BFG-14/CP103097.1.region001.gbk	0
bfragilis	Bacteroides_fragilis_BFG-16/CP103087.1.region001.gbk	4
bfragilis	Bacteroides_fragilis_BFG-16/CP103087.1.region002.gbk	0
bfragilis	Bacteroides_fragilis_BFG-16/CP103087.1.region003.gbk	1
bfragilis	Bacteroides_fragilis_BFG-17/CP103085.1.region001.gbk	0
bfragilis	Bacteroides_fragilis_BFG-18/CP103092.1.region001.gbk	0
bfragilis	Bacteroides_fragilis_BFG-403/CP103139.1.region001.gbk	1
bfragilis	Bacteroides_fragilis_BFG-403/CP103139.1.region002.gbk	3
bfragilis	Bacteroides_fragilis_BFG-403/CP103139.1.region003.gbk	0
bfragilis	Bacteroides_fragilis_BFG-435/CP103082.1.region001.gbk	3
bfragilis	Bacteroides_fragilis_BFG-448/CP103091.1.region001.gbk	1
bfragilis	Bacteroides_fragilis_BFG-481/CP103158.1.region001.gbk	0
bfragilis	Bacteroides_fragilis_BFG-49/CP103070.1.region001.gbk	1
bfragilis	Bacteroides_fragilis_BFG-502/CP103218.1.region001.gbk	3
bfragilis	Bacteroides_fragilis_BFG-502/CP103218.1.region002.gbk	0
bfragilis	Bacteroides_fragilis_BFG-504/CP103093.1.region001.gbk	4
bfragilis	Bacteroides_fragilis_BFG-504/CP103093.1.region002.gbk	3
bfragilis	Bacteroides_fragilis_BFG-509/CP103076.1.region001.gbk	4
bfragilis	Bacteroides_fragilis_BFG-509/CP103076.1.region002.gbk	1
bfragilis	Bacteroides_fragilis_BFG-509/CP103076.1.region003.gbk	0
bfragilis	Bacteroides_fragilis_BFG-525/CP103089.1.region001.gbk	5
bfragilis	Bacteroides_fragilis_BFG-525/CP103089.1.region002.gbk	0
bfragilis	Bacteroides_fragilis_BFG-526/CP103259.1.region001.gbk	3
bfragilis	Bacteroides_fragilis_BFG-526/CP103259.1.region002.gbk	2
bfragilis	Bacteroides_fragilis_BFG-526/CP103259.1.region003.gbk	3
bfragilis	Bacteroides_fragilis_BFG-536/CP103264.1.region001.gbk	0
bfragilis	Bacteroides_fragilis_BFG-539/CP103203.1.region001.gbk	0
bfragilis	Bacteroides_fragilis_BFG-57/CP103188.1.region001.gbk	1
bfragilis	Bacteroides_fragilis_BFG-584/CP103110.1.region001.gbk	0
bfragilis	Bacteroides_fragilis_BFG-604/CP103225.1.region001.gbk	0
bfragilis	Bacteroides_fragilis_BFG-634/CP103096.1.region001.gbk	2
bfragilis	Bacteroides_fragilis_BFG-642/CP103199.1.region001.gbk	3
bfragilis	Bacteroides_fragilis_BFG-642/CP103199.1.region002.gbk	0
bfragilis	Bacteroides_fragilis_BFG-7/CP103244.1.region001.gbk	2
bfragilis	Bacteroides_fragilis_BFG-7/CP103244.1.region002.gbk	0
bfragilis	Bacteroides_fragilis_BFG-7/CP103244.1.region003.gbk	0
bfragilis	Bacteroides_fragilis_BFG-79/CP103235.1.region001.gbk	2
bfragilis	Bacteroides_fragilis_BFG-89/CP103088.1.region001.gbk	2
bfragilis	Bacteroides_fragilis_BFG-9/CP103193.1.region001.gbk	0
bfragilis	Bacteroides_fragilis_BFG-95/CP103083.1.region001.gbk	0
bfragilis	Bacteroides_fragilis_CCUG_4856/CP036555.1.region001.gbk	0
bfragilis	Bacteroides_fragilis_CNGBoF3MHA02011B/OZ543648.1.region001.gbk	0
bfragilis	Bacteroides_fragilis_CNGBoF3MHA02011B/OZ543648.1.region002.gbk	0
bfragilis	Bacteroides_fragilis_DH4096B/CP083688.1.region001.gbk	3
bfragilis	Bacteroides_fragilis_DH4096B/CP083688.1.region002.gbk	1
bfragilis	Bacteroides_fragilis_FDAARGOS_1512/CP083623.1.region001.gbk	0
bfragilis	Bacteroides_fragilis_NCTC_9343/CR626927.1.region001.gbk	0
bfragilis	Bacteroides_fragilis_OB_EAV1_11_D6_FAA/CP117955.1.region001.gbk	0
bfragilis	Bacteroides_fragilis_P207/CP114371.1.region001.gbk	0
bfragilis	Bacteroides_fragilis_P207/CP114371.1.region002.gbk	0
bfragilis	Bacteroides_fragilis_RSZYD15081382_A/OZ544528.1.region001.gbk	0
bfragilis	Bacteroides_fragilis_RSZYD15081383_A/OZ544492.1.region001.gbk	0
bfragilis	Bacteroides_fragilis_RSZYD15081389_A/OZ544559.1.region001.gbk	0
bfragilis	Bacteroides_fragilis_RSZYD15081392_A/OZ544519.1.region001.gbk	0
bfragilis	Bacteroides_fragilis_RSZYD15081394_A/OZ544511.1.region001.gbk	0
bfragilis	Bacteroides_fragilis_RSZYD15081401_A/OZ544633.1.region001.gbk	0
bfragilis	Bacteroides_fragilis_RSZYD15081405_A-bold/OZ544613.1.region001.gbk	0
bfragilis	Bacteroides_fragilis_RSZYD15081407_A/OZ544563.1.region001.gbk	0
bfragilis	Bacteroides_fragilis_RSZYD15090270_A/OZ544622.1.region001.gbk	0
bfragilis	Bacteroides_fragilis_RSZYD15090274_A/OZ544555.1.region001.gbk	0
bfragilis	Bacteroides_fragilis_RSZYD15090289_A/OZ544627.1.region001.gbk	0
bfragilis	Bacteroides_fragilis_RSZYD15090303_A/OZ544663.1.region001.gbk	0
bfragilis	Bacteroides_fragilis_RSZYD15090305_A/OZ544669.1.region001.gbk	0
bfragilis	Bacteroides_fragilis_RSZYD15090307_A/OZ544666.1.region001.gbk	0
bfragilis	Bacteroides_fragilis_RSZYD15090325_A/OZ544516.1.region001.gbk	0
bfragilis	Bacteroides_fragilis_S14/CP012706.1.region001.gbk	2
bfragilis	Bacteroides_fragilis_S36L11/CP131534.1.region001.gbk	0
bfragilis	Bacteroides_fragilis_S36L11/CP131534.1.region002.gbk	3
bfragilis	Bacteroides_fragilis_SLAM_BAF01/CP196750.1.region001.gbk	2
bfragilis	Bacteroides_fragilis_SLAM_BAF01/CP196750.1.region002.gbk	0
bfragilis	Bacteroides_fragilis_Tbg-318/CP193408.1.region001.gbk	0
bfragilis	Bacteroides_fragilis_YCH46/AP006841.1.region001.gbk	0
bfragilis	Bacteroides_fragilis_YCH46/AP006841.1.region002.gbk	0
bfragilis	Bacteroides_fragilis_ZY0302/CP139162.1.region001.gbk	0
erw5kb	Erwinia_persicina_B64/CP022725.1.region001.gbk	0
erw5kb	Erwinia_persicina_SR13/JANFMX010000007.1.region001.gbk	0
erw5kb	Erwinia_persicina_SR14/JANFMY010000003.1.region001.gbk	0
erw5kb	Erwinia_piriflorinigrans_CFBP_5888/CAHS01000016.1.region001.gbk	0
erw5kb	Erwinia_psidii_IBSBF_435/RHHM01000002.1.region001.gbk	0
erw5kb	Erwinia_psidii_LPF_534/RQRZ01000003.1.region001.gbk	0
erw5kb	Erwinia_psidii_LPF_640/RQSA01000004.1.region001.gbk	0
erw5kb	Erwinia_psidii_LPF_681/RQSB01000002.1.region001.gbk	0
erw5kb	Erwinia_sp._9145/JQNE01000001.1.region001.gbk	0
erw5kb	Mixta_hanseatica_X22927/CP082904.1.region001.gbk	0
erw5kb	Mixta_sp._Marseille-Q2659/CALNWY010000004.1.region001.gbk	0
erw5kb	Pantoea_agglomerans_09-63_1A/JBBJSL010000008.1.region001.gbk	2
erw5kb	Pantoea_agglomerans_20CA0026/JBBJSJ010000012.1.region001.gbk	2
erw5kb	Pantoea_agglomerans_20CA0031/JBBJSI010000010.1.region001.gbk	2
erw5kb	Pantoea_agglomerans_20CA0041/JBBJSH010000012.1.region001.gbk	2
erw5kb	Pantoea_agglomerans_20GA0021/JBBJSA010000012.1.region001.gbk	3
erw5kb	Pantoea_agglomerans_20GA0109/JBBJRY010000003.1.region001.gbk	2
erw5kb	Pantoea_agglomerans_20GA0400/JBBJRX010000008.1.region001.gbk	2
erw5kb	Pantoea_agglomerans_20PA0025/JBBJRN010000013.1.region001.gbk	2
erw5kb	Pantoea_agglomerans_20PA0330/JBBJRK010000012.1.region001.gbk	3
erw5kb	Pantoea_agglomerans_20TX0122/JAKZMS010000010.1.region001.gbk	3
erw5kb	Pantoea_agglomerans_20TX0122_2/JBBJRH010000009.1.region001.gbk	2
erw5kb	Pantoea_agglomerans_20TX0124/JBBJRG010000008.1.region001.gbk	2
erw5kb	Pantoea_agglomerans_20TX0125/JBBJRF010000008.1.region001.gbk	2
erw5kb	Pantoea_agglomerans_20UT061/JBBJRA010000013.1.region001.gbk	2
erw5kb	Pantoea_agglomerans_20UT132/JBBJQY010000013.1.region001.gbk	4
erw5kb	Pantoea_agglomerans_20WA0188/JBBJQX010000010.1.region001.gbk	2
erw5kb	Pantoea_agglomerans_21CA0223/JBBJQT010000015.1.region001.gbk	3
erw5kb	Pantoea_agglomerans_21CO122/JBBJQR010000002.1.region001.gbk	0
erw5kb	Pantoea_agglomerans_21GA0608/JBBJQQ010000011.1.region001.gbk	3
erw5kb	Pantoea_agglomerans_21NY0253/JBBJQM010000016.1.region001.gbk	3
erw5kb	Pantoea_agglomerans_21PA0045/JBBJQK010000011.1.region001.gbk	2
erw5kb	Pantoea_agglomerans_21UT179/JBBJQG010000012.1.region001.gbk	2
erw5kb	Pantoea_agglomerans_AJ2b/CP134764.1.region001.gbk	3
erw5kb	Pantoea_agglomerans_AR1a/CP059087.1.region001.gbk	4
erw5kb	Pantoea_agglomerans_BD1274-3/JBBJQB010000008.1.region001.gbk	2
erw5kb	Pantoea_agglomerans_BH6c/CP134747.1.region001.gbk	3
erw5kb	Pantoea_agglomerans_C-376/JCAKJO010000002.1.region001.gbk	1
erw5kb	Pantoea_agglomerans_CB1/CP084200.1.region001.gbk	3
erw5kb	Pantoea_agglomerans_LMG_2596/JBBJPZ010000017.1.region001.gbk	3
erw5kb	Pantoea_agglomerans_PNG_06-1/JBBJPX010000012.1.region001.gbk	2
erw5kb	Pantoea_agglomerans_PNG_06-2/JBBJPW010000003.1.region001.gbk	2
erw5kb	Pantoea_agglomerans_SUH1/CP134727.1.region001.gbk	3
erw5kb	Pantoea_agglomerans_T88c/CP134721.1.region001.gbk	2
erw5kb	Pantoea_agglomerans_subsp._jekyllhydei_SeqCode_AR5/CP134755.1.region001.gbk	2
erw5kb	Pantoea_allii_19UT001/JBNUML010000010.1.region001.gbk	0
erw5kb	Pantoea_allii_20TX0020/JAKZMU010000007.1.region001.gbk	0
erw5kb	Pantoea_allii_21GA0466/JBNUME010000010.1.region001.gbk	0
erw5kb	Pantoea_allii_21GA0550/JBNUMF010000007.1.region001.gbk	0
erw5kb	Pantoea_allii_21GA0582/JBNUMG010000005.1.region001.gbk	0
erw5kb	Pantoea_allii_BAV3051/JBNUMM010000006.1.region001.gbk	0
erw5kb	Pantoea_allii_BAV3052/CP193909.1.region001.gbk	0
erw5kb	Pantoea_allii_BAV3060/JBNUMN010000006.1.region001.gbk	0
erw5kb	Pantoea_allii_BAV3063/JBNUMO010000006.1.region001.gbk	0
erw5kb	Pantoea_allii_BAV3069/JBNUMP010000042.1.region001.gbk	0
erw5kb	Pantoea_allii_BAV3070/JBNUMQ010000007.1.region001.gbk	0
erw5kb	Pantoea_allii_BAV3073/JBNUMR010000006.1.region001.gbk	0
erw5kb	Pantoea_allii_BAV3074/JBNUMS010000008.1.region001.gbk	0
erw5kb	Pantoea_allii_BD_381/JAHVYA010000003.1.region001.gbk	0
erw5kb	Pantoea_allii_BD_382/JAHVXZ010000003.1.region001.gbk	0
erw5kb	Pantoea_allii_BD_383/JAHVXY010000003.1.region001.gbk	0
erw5kb	Pantoea_allii_BD_386/JAHVXX010000001.1.region001.gbk	1
erw5kb	Pantoea_allii_BD_387/JAHVXW010000002.1.region001.gbk	1
erw5kb	Pantoea_allii_BD_388/JAHVXV010000002.1.region001.gbk	1
erw5kb	Pantoea_allii_BD_389/JAHVXU010000003.1.region001.gbk	0
erw5kb	Pantoea_allii_DOAB1035/JBNUMH010000001.1.region001.gbk	0
erw5kb	Pantoea_allii_DOAB1035_LMG24202/CP193913.1.region001.gbk	0
erw5kb	Pantoea_allii_DOAB1036/JBNUMI010000001.1.region001.gbk	0
erw5kb	Pantoea_allii_DOAB1050/JABLUS010000039.1.region001.gbk	0
erw5kb	Pantoea_allii_DOAB1050_2/CP193926.1.region001.gbk	0
erw5kb	Pantoea_allii_DOAB1051/CP193925.1.region001.gbk	0
erw5kb	Pantoea_allii_Eh250/CP125959.1.region001.gbk	0
erw5kb	Pantoea_allii_KB4/JCBORL010000001.1.region001.gbk	0
erw5kb	Pantoea_allii_LMG24248/CP193910.1.region001.gbk	0
erw5kb	Pantoea_allii_LMG_24248/MLFE01000001.1.region001.gbk	1
erw5kb	Pantoea_allii_LMG_24248_2/NTMH01000040.1.region001.gbk	1
erw5kb	Pantoea_allii_MAI6004/JBNUMJ010000005.1.region001.gbk	0
erw5kb	Pantoea_allii_MAI6006/JBNUMK010000004.1.region001.gbk	0
erw5kb	Pantoea_allii_MAI6022/CP193916.1.region001.gbk	3
erw5kb	Pantoea_allii_MAI6022/CP193916.1.region002.gbk	0
erw5kb	Pantoea_allii_O64c/CP126315.1.region001.gbk	0
erw5kb	Pantoea_ananatis_02-12/JALKJI010000001.1.region001.gbk	0
erw5kb	Pantoea_ananatis_02-12/JALKJI010000004.1.region001.gbk	0
erw5kb	Pantoea_ananatis_02-12_2/JALKLJ010000005.1.region001.gbk	0
erw5kb	Pantoea_ananatis_03-1/JALKLK010000004.1.region001.gbk	0
erw5kb	Pantoea_ananatis_05-1/JALKLM010000007.1.region001.gbk	0
erw5kb	Pantoea_ananatis_06-1/JALKJH010000002.1.region001.gbk	0
erw5kb	Pantoea_ananatis_06-4/JALKLY010000004.1.region001.gbk	0
erw5kb	Pantoea_ananatis_07-1/JALKLN010000002.1.region001.gbk	0
erw5kb	Pantoea_ananatis_07-10/JALKLO010000002.1.region001.gbk	0
erw5kb	Pantoea_ananatis_07-13/JALKJP010000004.1.region001.gbk	0
erw5kb	Pantoea_ananatis_07-14/JALKKT010000005.1.region001.gbk	0
erw5kb	Pantoea_ananatis_07-7/JALKJQ010000003.1.region001.gbk	0
erw5kb	Pantoea_ananatis_08-1/JALKKU010000004.1.region001.gbk	0
erw5kb	Pantoea_ananatis_1-2/JALKKR010000003.1.region001.gbk	0
erw5kb	Pantoea_ananatis_1-5/JALKKL010000002.1.region001.gbk	0
erw5kb	Pantoea_ananatis_1-6/JALKKM010000002.1.region001.gbk	0
erw5kb	Pantoea_ananatis_117T1/JBSPZY010000001.1.region001.gbk	1
erw5kb	Pantoea_ananatis_117T1/JBSPZY010000003.1.region001.gbk	2
erw5kb	Pantoea_ananatis_13-1/JALKIW010000013.1.region001.gbk	0
erw5kb	Pantoea_ananatis_13.3/JAUHJW010000002.1.region001.gbk	2
erw5kb	Pantoea_ananatis_141/CM135103.1.region001.gbk	0
erw5kb	Pantoea_ananatis_15-1/JALKKP010000002.1.region001.gbk	0
erw5kb	Pantoea_ananatis_18-1/JALKJR010000003.1.region001.gbk	0
erw5kb	Pantoea_ananatis_18-2/JALKKQ010000003.1.region001.gbk	0
erw5kb	Pantoea_ananatis_18-3S/JALKJS010000003.1.region001.gbk	0
erw5kb	Pantoea_ananatis_18-5/JALKJT010000003.1.region001.gbk	0
erw5kb	Pantoea_ananatis_18-5S/JALKJU010000001.1.region001.gbk	0
erw5kb	Pantoea_ananatis_18-7S/JALKKZ010000002.1.region001.gbk	0
erw5kb	Pantoea_ananatis_19-13/JALKKK010000002.1.region001.gbk	0
erw5kb	Pantoea_ananatis_19-20/JALKIQ010000056.1.region001.gbk	0
erw5kb	Pantoea_ananatis_19-8/JALKJD010000001.1.region001.gbk	0
erw5kb	Pantoea_ananatis_2-1/JALKKS010000005.1.region001.gbk	0
erw5kb	Pantoea_ananatis_2-1/JALKKS010000009.1.region001.gbk	0
erw5kb	Pantoea_ananatis_2-5/JALKKJ010000001.1.region001.gbk	0
erw5kb	Pantoea_ananatis_2-5/JALKKJ010000003.1.region001.gbk	0
erw5kb	Pantoea_ananatis_2-6/JALKLQ010000001.1.region001.gbk	0
erw5kb	Pantoea_ananatis_2-7/JALKLR010000001.1.region001.gbk	0
erw5kb	Pantoea_ananatis_2-7/JALKLR010000003.1.region001.gbk	0
erw5kb	Pantoea_ananatis_2-8/JALKJK010000001.1.region001.gbk	0
erw5kb	Pantoea_ananatis_2-8/JALKJK010000004.1.region001.gbk	0
erw5kb	Pantoea_ananatis_200-10/JALKJW010000002.1.region001.gbk	0
erw5kb	Pantoea_ananatis_200-11/JALKJX010000006.1.region001.gbk	0
erw5kb	Pantoea_ananatis_200-12/JALKJY010000008.1.region001.gbk	0
erw5kb	Pantoea_ananatis_200-2/JALKKN010000001.1.region001.gbk	0
erw5kb	Pantoea_ananatis_200-2/JALKKN010000004.1.region001.gbk	0
erw5kb	Pantoea_ananatis_200-7/JALKJZ010000005.1.region001.gbk	0
erw5kb	Pantoea_ananatis_20NY0427/JBQOUP010000011.1.region001.gbk	2
erw5kb	Pantoea_ananatis_20NY0487/JBQOUQ010000003.1.region001.gbk	2
erw5kb	Pantoea_ananatis_20PA0260/JBQOUR010000003.1.region001.gbk	2
erw5kb	Pantoea_ananatis_20TX0087/JAKZMT010000004.1.region001.gbk	2
erw5kb	Pantoea_ananatis_20WA0254/JBQOUT010000004.1.region001.gbk	2
erw5kb	Pantoea_ananatis_26SR6/JXUJ01000033.1.region001.gbk	1
erw5kb	Pantoea_ananatis_31npA-Arg1/CM152815.1.region001.gbk	2
erw5kb	Pantoea_ananatis_4-1/JALKJF010000007.1.region001.gbk	0
erw5kb	Pantoea_ananatis_4-2/JALKIU010000004.1.region001.gbk	0
erw5kb	Pantoea_ananatis_4-2/JALKIU010000007.1.region001.gbk	0
erw5kb	Pantoea_ananatis_4.2/JAUHJV010000003.1.region001.gbk	2
erw5kb	Pantoea_ananatis_92-7/JALKKA010000005.1.region001.gbk	0
erw5kb	Pantoea_ananatis_97-11/JALKLS010000003.1.region001.gbk	0
erw5kb	Pantoea_ananatis_97-2/JALKKI010000004.1.region001.gbk	0
erw5kb	Pantoea_ananatis_97-3/JALKKY010000002.1.region001.gbk	0
erw5kb	Pantoea_ananatis_98-1/JALKLT010000002.1.region001.gbk	0
erw5kb	Pantoea_ananatis_98-11/JALKKB010000003.1.region001.gbk	0
erw5kb	Pantoea_ananatis_98-12/JALKKC010000004.1.region001.gbk	0
erw5kb	Pantoea_ananatis_98-2/JALKKD010000002.1.region001.gbk	0
erw5kb	Pantoea_ananatis_98-7/JALKKX010000004.1.region001.gbk	0
erw5kb	Pantoea_ananatis_98-8/JALKKE010000006.1.region001.gbk	0
erw5kb	Pantoea_ananatis_99-1/JALKKF010000005.1.region001.gbk	0
erw5kb	Pantoea_ananatis_99-10/JALKIR010000004.1.region001.gbk	0
erw5kb	Pantoea_ananatis_99-11/JALKMA010000003.1.region001.gbk	0
erw5kb	Pantoea_ananatis_99-11/JALKMA010000009.1.region001.gbk	0
erw5kb	Pantoea_ananatis_99-12/JALKLZ010000006.1.region001.gbk	0
erw5kb	Pantoea_ananatis_99-12/JALKLZ010000016.1.region001.gbk	0
erw5kb	Pantoea_ananatis_99-14/JALKLU010000003.1.region001.gbk	0
erw5kb	Pantoea_ananatis_99-14_2/JALKMB010000001.1.region001.gbk	0
erw5kb	Pantoea_ananatis_99-18/JALKJJ010000001.1.region001.gbk	0
erw5kb	Pantoea_ananatis_99-2/JALKLV010000004.1.region001.gbk	0
erw5kb	Pantoea_ananatis_99-25/JALKLC010000006.1.region001.gbk	0
erw5kb	Pantoea_ananatis_99-27/JALKLD010000003.1.region001.gbk	0
erw5kb	Pantoea_ananatis_99-29/JALKLE010000002.1.region001.gbk	0
erw5kb	Pantoea_ananatis_99-3/JALKLP010000004.1.region001.gbk	0
erw5kb	Pantoea_ananatis_99-31/JALKLF010000010.1.region001.gbk	0
erw5kb	Pantoea_ananatis_99-31/JALKLF010000062.1.region001.gbk	0
erw5kb	Pantoea_ananatis_99-32/JALKLG010000003.1.region001.gbk	0
erw5kb	Pantoea_ananatis_99-33/JALKJN010000004.1.region001.gbk	0
erw5kb	Pantoea_ananatis_99-4/JALKJO010000003.1.region001.gbk	0
erw5kb	Pantoea_ananatis_99-6/JALKKG010000002.1.region001.gbk	0
erw5kb	Pantoea_ananatis_99-7/JALKLW010000001.1.region001.gbk	0
erw5kb	Pantoea_ananatis_99-8/JALKKH010000003.1.region001.gbk	0
erw5kb	Pantoea_ananatis_99-9_2/JALKLX010000012.1.region001.gbk	0
erw5kb	Pantoea_ananatis_AJ13355/AP012032.2.region001.gbk	4
erw5kb	Pantoea_ananatis_ATCC_35400/JARNMU010000002.1.region001.gbk	1
erw5kb	Pantoea_ananatis_B1-9/CAEI01000109.1.region001.gbk	0
erw5kb	Pantoea_ananatis_B1-9_2/CAEJ01000136.1.region001.gbk	0
erw5kb	Pantoea_ananatis_B13/JAUHJU010000015.1.region001.gbk	2
erw5kb	Pantoea_ananatis_B7/LYOQ01000033.1.region001.gbk	1
erw5kb	Pantoea_ananatis_BAV3096/JASHLP010000001.1.region001.gbk	2
erw5kb	Pantoea_ananatis_BAV3096/JASHLP010000011.1.region001.gbk	2
erw5kb	Pantoea_ananatis_BAV3127/JASHLO010000001.1.region001.gbk	2
erw5kb	Pantoea_ananatis_BAV3127/JASHLO010000001.1.region002.gbk	2
erw5kb	Pantoea_ananatis_BD442/JMJL01000004.1.region001.gbk	0
erw5kb	Pantoea_ananatis_BRT98/AYST01000002.1.region001.gbk	2
erw5kb	Pantoea_ananatis_Cit30-11/JXUI01000022.1.region001.gbk	1
erw5kb	Pantoea_ananatis_DAR_76143_DAR76143/BATH01000003.1.region001.gbk	0
erw5kb	Pantoea_ananatis_DAR_76143_DAR76143/BATH01000055.1.region001.gbk	0
erw5kb	Pantoea_ananatis_DZ-12/RQJN01000001.1.region001.gbk	2
erw5kb	Pantoea_ananatis_F-C2/SMZS01000005.1.region001.gbk	1
erw5kb	Pantoea_ananatis_FU-01/AP019753.1.region001.gbk	1
erw5kb	Pantoea_ananatis_GCA_987119705.1/OZ496979.1.region001.gbk	0
erw5kb	Pantoea_ananatis_GD04167/JAODYK010000017.1.region001.gbk	2
erw5kb	Pantoea_ananatis_IPG26/JAQNAK010000007.1.region001.gbk	0
erw5kb	Pantoea_ananatis_J-2/JBNFPX010000006.1.region001.gbk	2
erw5kb	Pantoea_ananatis_J15-6/JBSPZW010000004.1.region001.gbk	2
erw5kb	Pantoea_ananatis_JBR-LB3-16/CP090356.1.region001.gbk	2
erw5kb	Pantoea_ananatis_JEL0891/JBYHZL010000009.1.region001.gbk	2
erw5kb	Pantoea_ananatis_JEL0892/JBYHZK010000001.1.region001.gbk	3
erw5kb	Pantoea_ananatis_LMG_20103/CP001875.2.region001.gbk	3
erw5kb	Pantoea_ananatis_LMG_2665/JFZU01000015.1.region001.gbk	0
erw5kb	Pantoea_ananatis_LMG_2665_2/JMJJ01000006.1.region001.gbk	0
erw5kb	Pantoea_ananatis_LMG_5342/HE617160.1.region001.gbk	4
erw5kb	Pantoea_ananatis_LMG_5342/HE617160.1.region002.gbk	14
erw5kb	Pantoea_ananatis_LPP-1/CP166503.1.region001.gbk	0
erw5kb	Pantoea_ananatis_M232A/LYOP01000033.1.region001.gbk	1
erw5kb	Pantoea_ananatis_MMB-1/JAABOW010000002.1.region001.gbk	2
erw5kb	Pantoea_ananatis_MMB-1/JAABOW010000009.1.region001.gbk	1
erw5kb	Pantoea_ananatis_NFIX48/FUXY01000003.1.region001.gbk	3
erw5kb	Pantoea_ananatis_NFR11/FPJM01000001.1.region001.gbk	4
erw5kb	Pantoea_ananatis_NFR11/FPJM01000004.1.region001.gbk	3
erw5kb	Pantoea_ananatis_OC5a/CP059084.1.region001.gbk	2
erw5kb	Pantoea_ananatis_P1A3/JBMUJK010000004.1.region001.gbk	2
erw5kb	Pantoea_ananatis_PA13/CP003085.1.region001.gbk	2
erw5kb	Pantoea_ananatis_PA13/CP003085.1.region002.gbk	1
erw5kb	Pantoea_ananatis_PANS_01-2/NMZU01000003.1.region001.gbk	1
erw5kb	Pantoea_ananatis_PANS_02-01/QRDI01000007.1.region001.gbk	4
erw5kb	Pantoea_ananatis_PANS_02-01/QRDI01000020.1.region001.gbk	0
erw5kb	Pantoea_ananatis_PANS_04-2/NMZV01000004.1.region001.gbk	1
erw5kb	Pantoea_ananatis_PANS_04-2/NMZV01000006.1.region001.gbk	1
erw5kb	Pantoea_ananatis_PANS_1_2/JABDYR010000003.1.region001.gbk	0
erw5kb	Pantoea_ananatis_PANS_1_5/JABDYS010000005.1.region001.gbk	0
erw5kb	Pantoea_ananatis_PANS_1_6/JABDYT010000004.1.region001.gbk	0
erw5kb	Pantoea_ananatis_PANS_200_2/JABDZC010000001.1.region001.gbk	0
erw5kb	Pantoea_ananatis_PANS_200_2/JABDZC010000004.1.region001.gbk	0
erw5kb	Pantoea_ananatis_PANS_2_1/JABDYW010000005.1.region001.gbk	0
erw5kb	Pantoea_ananatis_PANS_2_1/JABDYW010000008.1.region001.gbk	0
erw5kb	Pantoea_ananatis_PANS_2_5/JABDYX010000001.1.region001.gbk	0
erw5kb	Pantoea_ananatis_PANS_2_5/JABDYX010000003.1.region001.gbk	0
erw5kb	Pantoea_ananatis_PANS_2_6/JABDYY010000005.1.region001.gbk	0
erw5kb	Pantoea_ananatis_PANS_2_7/JABDYZ010000001.1.region001.gbk	0
erw5kb	Pantoea_ananatis_PANS_2_7/JABDYZ010000004.1.region001.gbk	0
erw5kb	Pantoea_ananatis_PANS_2_8/JABDZA010000001.1.region001.gbk	0
erw5kb	Pantoea_ananatis_PANS_2_8/JABDZA010000004.1.region001.gbk	0
erw5kb	Pantoea_ananatis_PANS_4_2/JABDZD010000005.1.region001.gbk	0
erw5kb	Pantoea_ananatis_PANS_4_2/JABDZD010000007.1.region001.gbk	0
erw5kb	Pantoea_ananatis_PANS_99-3/NMZR01000002.1.region001.gbk	2
erw5kb	Pantoea_ananatis_PANS_99_11/JABDZE010000001.1.region001.gbk	0
erw5kb	Pantoea_ananatis_PANS_99_11/JABDZE010000004.1.region001.gbk	0
erw5kb	Pantoea_ananatis_PANS_99_25/JABDZH010000004.1.region001.gbk	0
erw5kb	Pantoea_ananatis_PANS_99_29/JABDZK010000003.1.region001.gbk	0
erw5kb	Pantoea_ananatis_PANS_99_31/JABDZL010000010.1.region001.gbk	0
erw5kb	Pantoea_ananatis_PANS_99_31/JABDZL010000075.1.region001.gbk	0
erw5kb	Pantoea_ananatis_PANS_99_32/JABDZM010000004.1.region001.gbk	0
erw5kb	Pantoea_ananatis_PANS_99_33/JABDZN010000003.1.region001.gbk	0
erw5kb	Pantoea_ananatis_PANS_99_4/JABDZP010000003.1.region001.gbk	0
erw5kb	Pantoea_ananatis_PNA_02_12/JABDZS010000006.1.region001.gbk	0
erw5kb	Pantoea_ananatis_PNA_03_1/JABDZT010000003.1.region001.gbk	0
erw5kb	Pantoea_ananatis_PNA_05_1/JABDZV010000007.1.region001.gbk	0
erw5kb	Pantoea_ananatis_PNA_06_4/JABDZW010000004.1.region001.gbk	0
erw5kb	Pantoea_ananatis_PNA_07-1/QICU01000004.1.region001.gbk	3
erw5kb	Pantoea_ananatis_PNA_07-10/QTTO01000005.1.region001.gbk	1
erw5kb	Pantoea_ananatis_PNA_07_1/JABDZX010000003.1.region001.gbk	0
erw5kb	Pantoea_ananatis_PNA_07_10/JABDZY010000003.1.region001.gbk	0
erw5kb	Pantoea_ananatis_PNA_07_13/JABDZZ010000004.1.region001.gbk	0
erw5kb	Pantoea_ananatis_PNA_07_14/JABEAA010000005.1.region001.gbk	0
erw5kb	Pantoea_ananatis_PNA_07_5/JABEAC010000003.1.region001.gbk	0
erw5kb	Pantoea_ananatis_PNA_07_7/JABEAD010000005.1.region001.gbk	0
erw5kb	Pantoea_ananatis_PNA_08_1/JABEAE010000005.1.region001.gbk	0
erw5kb	Pantoea_ananatis_PNA_13_1/JABEAG010000006.1.region001.gbk	0
erw5kb	Pantoea_ananatis_PNA_15-1/NMZZ01000004.1.region001.gbk	1
erw5kb	Pantoea_ananatis_PNA_15_1/JABEAI010000003.1.region001.gbk	0
erw5kb	Pantoea_ananatis_PNA_18_1/JABEAK010000003.1.region001.gbk	0
erw5kb	Pantoea_ananatis_PNA_18_2/JABEAN010000003.1.region001.gbk	0
erw5kb	Pantoea_ananatis_PNA_18_3S/JABEAO010000004.1.region001.gbk	0
erw5kb	Pantoea_ananatis_PNA_18_5/JABEAP010000003.1.region001.gbk	0
erw5kb	Pantoea_ananatis_PNA_18_5S/JABEAQ010000011.1.region001.gbk	0
erw5kb	Pantoea_ananatis_PNA_18_7S/JABEAS010000003.1.region001.gbk	0
erw5kb	Pantoea_ananatis_PNA_18_9S/JABEAU010000054.1.region001.gbk	0
erw5kb	Pantoea_ananatis_PNA_200-7/QGGN01000004.1.region001.gbk	3
erw5kb	Pantoea_ananatis_PNA_200_10/JABEAV010000002.1.region001.gbk	0
erw5kb	Pantoea_ananatis_PNA_200_11/JABEAW010000005.1.region001.gbk	0
erw5kb	Pantoea_ananatis_PNA_200_12/JABEAX010000006.1.region001.gbk	0
erw5kb	Pantoea_ananatis_PNA_200_7/JABEAZ010000003.1.region001.gbk	0
erw5kb	Pantoea_ananatis_PNA_92_7/JABEBB010000005.1.region001.gbk	0
erw5kb	Pantoea_ananatis_PNA_97-1R/CP020943.2.region001.gbk	1
erw5kb	Pantoea_ananatis_PNA_97_11/JABEBC010000003.1.region001.gbk	0
erw5kb	Pantoea_ananatis_PNA_97_3/JABEBD010000003.1.region001.gbk	0
erw5kb	Pantoea_ananatis_PNA_98-11/QGTO01000003.1.region001.gbk	3
erw5kb	Pantoea_ananatis_PNA_98_2/JABEBH010000003.1.region001.gbk	0
erw5kb	Pantoea_ananatis_PNA_98_7/JABEBJ010000003.1.region001.gbk	0
erw5kb	Pantoea_ananatis_PNA_98_8/JABEBK010000004.1.region001.gbk	0
erw5kb	Pantoea_ananatis_PNA_99_1/JABEBL010000005.1.region001.gbk	0
erw5kb	Pantoea_ananatis_PNA_99_14/JABEBM010000004.1.region001.gbk	0
erw5kb	Pantoea_ananatis_PNA_99_2/JABEBN010000004.1.region001.gbk	0
erw5kb	Pantoea_ananatis_PNA_99_3/JABEBO010000003.1.region001.gbk	0
erw5kb	Pantoea_ananatis_PNA_99_6/JABEBP010000003.1.region001.gbk	0
erw5kb	Pantoea_ananatis_PNA_99_7/JABEBQ010000003.1.region001.gbk	0
erw5kb	Pantoea_ananatis_PNA_99_8/JABEBR010000003.1.region001.gbk	0
erw5kb	Pantoea_ananatis_PNA_99_9/JABEBS010000011.1.region001.gbk	0
erw5kb	Pantoea_ananatis_PP094-PanT1S3/JBYHZF010000005.1.region001.gbk	2
erw5kb	Pantoea_ananatis_PP099-PanT13S3/JBYHZE010000001.1.region001.gbk	2
erw5kb	Pantoea_ananatis_PP099-PanT13S3/JBYHZE010000001.1.region002.gbk	1
erw5kb	Pantoea_ananatis_PP105/JBYHZO010000002.1.region001.gbk	1
erw5kb	Pantoea_ananatis_PP105/JBYHZO010000002.1.region002.gbk	2
erw5kb	Pantoea_ananatis_PaMB1/JQZZ01000144.1.region001.gbk	0
erw5kb	Pantoea_ananatis_R100/CP014207.1.region001.gbk	1
erw5kb	Pantoea_ananatis_RP1/CM188849.1.region001.gbk	0
erw5kb	Pantoea_ananatis_S7/CVNG01000056.1.region001.gbk	1
erw5kb	Pantoea_ananatis_SK-1/CM168046.1.region001.gbk	2
erw5kb	Pantoea_ananatis_TE32200/JBSSGC010000003.1.region001.gbk	3
erw5kb	Pantoea_ananatis_USHLN198/JBBCYJ010000002.1.region001.gbk	0
erw5kb	Pantoea_ananatis_USHLN198/JBBCYJ010000004.1.region001.gbk	0
erw5kb	Pantoea_ananatis_USHLN34/JBBCZL010000001.1.region001.gbk	0
erw5kb	Pantoea_ananatis_USHLN34/JBBCZL010000002.1.region001.gbk	0
erw5kb	Pantoea_ananatis_VY148/CP086009.1.region001.gbk	2
erw5kb	Pantoea_ananatis_VY148/CP086009.1.region002.gbk	1
erw5kb	Pantoea_ananatis_YJ76/CP022427.1.region001.gbk	0
erw5kb	Pantoea_sp._AG702/QGTU01000003.1.region001.gbk	3
erw5kb	Pantoea_sp._BS_8/JAVAXU010000005.1.region001.gbk	1
erw5kb	Pantoea_sp._E956-1_S3/CEUYZP010000005.1.region001.gbk	0
erw5kb	Pantoea_sp._EEL5/JBNDNJ010000002.1.region001.gbk	2
erw5kb	Pantoea_sp._Fr+CA_20/JALNPN010000006.1.region001.gbk	0
erw5kb	Pantoea_sp._OXWO6B1/LWLR01000001.1.region001.gbk	1
erw5kb	Pantoea_sp._PA1/JBSSCE010000003.1.region001.gbk	3
erw5kb	Pantoea_sp._PNA_03-3/QICO01000002.1.region001.gbk	0
erw5kb	Pantoea_sp._PNA_14-12/SOAJ01000002.1.region001.gbk	0
erw5kb	Pantoea_sp._RCC30.1/JBXUHX010000010.1.region001.gbk	0
erw5kb	Pantoea_sp._S61/JACVUO010000002.1.region001.gbk	1
erw5kb	Pantoea_sp._V106_11/JASCAK010000029.1.region001.gbk	3
erw5kb	Pantoea_sp._V108_6/JASCAL010000031.1.region001.gbk	2
erw5kb	Pantoea_sp._nfd-35/CP122403.1.region001.gbk	2
erw5kb	Pantoea_stewartii_C10109_Jinnung/JASCYM010000001.1.region001.gbk	0
erw5kb	Pantoea_stewartii_C10109_Jinnung/JASCYM010000012.1.region001.gbk	0
erw5kb	Pantoea_stewartii_NC66/JALKTT010000004.1.region001.gbk	2
erw5kb	Pantoea_stewartii_UIA44/CM146739.1.region001.gbk	0
erw5kb	Pantoea_stewartii_ZJ-FGZX1/CP049115.1.region001.gbk	1
erw5kb	Pantoea_stewartii_subsp._indologenes_PNA_14-11/JADWWC010000004.1.region001.gbk	0
erw5kb	Pantoea_stewartii_subsp._indologenes_PNA_14-12/JADWWD010000003.1.region001.gbk	0
erw5kb	Pantoea_stewartii_subsp._indologenes_PNA_14-9/JADWWB010000005.1.region001.gbk	0
erw5kb	Pantoea_stewartii_subsp._indologenes_SJM_1_1/CP160459.1.region001.gbk	0
erw5kb	Pantoea_vagans_GM1/CP171468.1.region001.gbk	0
erw5kb	Winslowiella_iniecta_B120/JRXE01000010.1.region001.gbk	11
erw5kb	Winslowiella_iniecta_B149/JRXF01000012.1.region001.gbk	11
erw5kb	uncultured_Pantoea_sp._GCA_902485265.1/CABTKG010000010.1.region001.gbk	0
enterobacterales	Affinibrenneria_salicis_L3-3HA/NZ_VYKJ01000007.1.region001.gbk	0
enterobacterales	Brenneria_corticis_CFCC_11842/NZ_KZ819082.1.region001.gbk	0
enterobacterales	Brenneria_goodwinii_BEO11A/NZ_JAVCYW010000080.1.region001.gbk	1
enterobacterales	Brenneria_goodwinii_BLO79A/NZ_JAVCYV010000068.1.region001.gbk	2
enterobacterales	Brenneria_goodwinii_Bg_FRB186/NZ_JAESVZ010000131.1.region001.gbk	1
enterobacterales	Brenneria_goodwinii_Bg_FRB186_1/NZ_JAESVY010000014.1.region001.gbk	1
enterobacterales	Brenneria_goodwinii_Bg_FRB186_2/NZ_JAESVX010000016.1.region001.gbk	1
enterobacterales	Brenneria_goodwinii_Bg_FRB186_3/NZ_JAESVW010000010.1.region001.gbk	1
enterobacterales	Brenneria_goodwinii_Bg_FRB186_BRG_1/NZ_JAESVS010000013.1.region001.gbk	1
enterobacterales	Brenneria_goodwinii_Bg_FRB186_BRG_2/NZ_JAESVR010000018.1.region001.gbk	1
enterobacterales	Brenneria_goodwinii_Bg_FRB186_BRG_3/NZ_JAESVQ010000019.1.region001.gbk	1
enterobacterales	Brenneria_goodwinii_Bg_FRB186_BR_1/NZ_JAESVV010000017.1.region001.gbk	1
enterobacterales	Brenneria_goodwinii_Bg_FRB186_BR_2/NZ_JAESVU010000015.1.region001.gbk	1
enterobacterales	Brenneria_goodwinii_Bg_FRB186_BR_3/NZ_JAESVT010000015.1.region001.gbk	1
enterobacterales	Brenneria_goodwinii_FRB141/NZ_CP014137.1.region001.gbk	1
enterobacterales	Brenneria_goodwinii_FRB141_2/NZ_MJLX01000115.1.region001.gbk	0
enterobacterales	Brenneria_goodwinii_FRB171/NZ_MJLY01000045.1.region001.gbk	0
enterobacterales	Brenneria_goodwinii_OBR1/NZ_CGIG01000001.1.region001.gbk	1
enterobacterales	Brenneria_populi_11963/NZ_JBEIAE010000001.1.region001.gbk	0
enterobacterales	Brenneria_populi_D9-5/NZ_JAYWTM010000001.1.region001.gbk	0
enterobacterales	Brenneria_sp._HEZEL_4_2_4/NZ_JAZBPZ010000003.1.region001.gbk	0
enterobacterales	Brenneria_sp._L3-3C-1/NZ_JAEMHF010000002.1.region001.gbk	0
enterobacterales	Brenneria_sp._L3_3C_1/NZ_JAZBQA010000002.1.region001.gbk	0
enterobacterales	Brenneria_sp._hezel4-2-4/NZ_JABJXS010000003.1.region001.gbk	0
enterobacterales	Brenneria_tiliae_MC1SB4.1/NZ_JAKPBZ010000110.1.region001.gbk	0
enterobacterales	Brenneria_uluponensis_K61/NZ_CP135917.1.region001.gbk	0
enterobacterales	Buttiauxella_brennerae_GCF_977070365.1/NZ_CDRVFB010000006.1.region001.gbk	0
enterobacterales	Buttiauxella_brennerae_GCF_977070715.1/NZ_CDRVGL010000003.1.region001.gbk	0
enterobacterales	Buttiauxella_ferragutiae_A2-C2_NF/NZ_JAJSOV010000026.1.region001.gbk	0
enterobacterales	Buttiauxella_ferragutiae_J-D0-37/NZ_JBGJLE010000009.1.region001.gbk	1
enterobacterales	Buttiauxella_selenatireducens_R73/NZ_CP133838.1.region001.gbk	1
enterobacterales	Candidatus_Fukatsuia_endosymbiont_of_Drepanosiphum_platanoidis_GCF_964030615.1/NZ_CAXIPW010000009.1.region001.gbk	2
enterobacterales	Candidatus_Fukatsuia_endosymbiont_of_Tuberolachnus_salignus_GCF_964030845.1/NZ_OZ034983.1.region001.gbk	2
enterobacterales	Candidatus_Fukatsuia_symbiotica_5D/NZ_CP021659.1.region001.gbk	2
enterobacterales	Candidatus_Fukatsuia_symbiotica_FuCiconfinis/NZ_FQSP02000014.1.region001.gbk	2
enterobacterales	Candidatus_Fukatsuia_symbiotica_WIR/NZ_JAXAWC010000001.1.region001.gbk	2
enterobacterales	Candidatus_Hamiltonella_defensa_5AT_Acyrthosiphon_pisum_T5A/NC_012751.1.region001.gbk	1
enterobacterales	Candidatus_Hamiltonella_defensa_Bemisia_tabaci_MEAM1/NZ_CP016303.1.region001.gbk	1
enterobacterales	Candidatus_Hamiltonella_defensa_MED_Bemisia_tabaci/NZ_AJLH02000002.1.region001.gbk	1
enterobacterales	Candidatus_Hamiltonella_defensa_MED_Bemisia_tabaci_GCF_963861005.1/NZ_CAWLIL010000002.1.region001.gbk	1
enterobacterales	Candidatus_Williamhamiltonella_defendens_5D/NZ_CP021663.1.region001.gbk	1
enterobacterales	Candidatus_Williamhamiltonella_defendens_A2C/NZ_CP017606.1.region001.gbk	1
enterobacterales	Candidatus_Williamhamiltonella_defendens_AS3/NZ_CP017610.1.region001.gbk	1
enterobacterales	Candidatus_Williamhamiltonella_defendens_GCF_963875725.1/NZ_CAWNMT010000001.1.region001.gbk	1
enterobacterales	Candidatus_Williamhamiltonella_defendens_GCF_963876795.1/NZ_CAWNQP010000001.1.region001.gbk	1
enterobacterales	Candidatus_Williamhamiltonella_defendens_GCF_963878835.1/NZ_CAWNYN010000001.1.region001.gbk	1
enterobacterales	Candidatus_Williamhamiltonella_defendens_GCF_963901445.1/NZ_CAWRHW010000005.1.region001.gbk	1
enterobacterales	Candidatus_Williamhamiltonella_defendens_GCF_963901485.1/NZ_CAWRID010000007.1.region001.gbk	0
enterobacterales	Candidatus_Williamhamiltonella_defendens_HaCiconfinis-2801/NZ_CADIJI010000005.1.region001.gbk	1
enterobacterales	Candidatus_Williamhamiltonella_defendens_HaCicuneomaculata-2628/NZ_CADIJH010000002.1.region001.gbk	2
enterobacterales	Candidatus_Williamhamiltonella_defendens_HaCiwatanabei-3293/NZ_CADIJJ010000007.1.region001.gbk	0
enterobacterales	Candidatus_Williamhamiltonella_defendens_NY26/NZ_CP017605.1.region001.gbk	1
enterobacterales	Candidatus_Williamhamiltonella_defendens_ZA17/NZ_CP017613.1.region001.gbk	0
enterobacterales	Candidatus_Williamhamiltonella_defendens_china/NZ_ML143125.1.region001.gbk	0
enterobacterales	Candidatus_Williamhamiltonella_endosymbiont_of_Tuberolachnus_salignus_GCF_964019775.1/NZ_OZ026471.1.region001.gbk	2
enterobacterales	Chimaeribacter_californicus_2015-Iso6/NZ_PJZF01000003.1.region001.gbk	0
enterobacterales	Citrobacter_amalonaticus_P55/NZ_JBALIF010000003.1.region001.gbk	2
enterobacterales	Citrobacter_werkmanii_LANIIA-032/NZ_JAUJUL010000001.1.region001.gbk	0
enterobacterales	Citrobacter_youngae_ATCC_29220/NZ_GG730299.1.region001.gbk	0
enterobacterales	Dickeya_dadantii_MAFF_301767/NZ_BAAKIO010000016.1.region001.gbk	1
enterobacterales	Dickeya_dadantii_XJ12/NZ_CP110362.1.region001.gbk	6
enterobacterales	Dickeya_dadantii_subsp._dadantii_LMG_27546/NZ_CM191271.1.region001.gbk	2
enterobacterales	Dickeya_dianthicola_15A12/NZ_JBBBRC010000014.1.region001.gbk	3
enterobacterales	Dickeya_dianthicola_16A18/NZ_JBBBRA010000028.1.region001.gbk	1
enterobacterales	Dickeya_dianthicola_16A44/NZ_JBBBQZ010000012.1.region001.gbk	1
enterobacterales	Dickeya_dianthicola_16JP03/NZ_CP069605.1.region001.gbk	2
enterobacterales	Dickeya_dianthicola_16JP05/NZ_CP069604.1.region001.gbk	3
enterobacterales	Dickeya_dianthicola_16LI01/NZ_CP069603.1.region001.gbk	2
enterobacterales	Dickeya_dianthicola_16LI02/NZ_CP069602.1.region001.gbk	3
enterobacterales	Dickeya_dianthicola_16LI04/NZ_CP069601.1.region001.gbk	3
enterobacterales	Dickeya_dianthicola_16MA15T/NZ_CP069600.1.region001.gbk	2
enterobacterales	Dickeya_dianthicola_16MB01/NZ_CP069599.1.region001.gbk	3
enterobacterales	Dickeya_dianthicola_16ME21T/NZ_CP069598.1.region001.gbk	3
enterobacterales	Dickeya_dianthicola_16ME22T/NZ_CP069597.1.region001.gbk	3
enterobacterales	Dickeya_dianthicola_16SBJ16/NZ_CP069596.1.region001.gbk	2
enterobacterales	Dickeya_dianthicola_1950-4/NZ_JBBBPW010000001.1.region001.gbk	2
enterobacterales	Dickeya_dianthicola_1950-5/NZ_JBBBPU010000001.1.region001.gbk	2
enterobacterales	Dickeya_dianthicola_1950-6/NZ_JBBBPT010000001.1.region001.gbk	1
enterobacterales	Dickeya_dianthicola_1950-7/NZ_JBBBPS010000002.1.region001.gbk	1
enterobacterales	Dickeya_dianthicola_67-19/NZ_CP051429.1.region001.gbk	2
enterobacterales	Dickeya_dianthicola_CFBP1888/NZ_VZQE01000007.1.region001.gbk	6
enterobacterales	Dickeya_dianthicola_CFBP2015/NZ_VZQG01000012.1.region001.gbk	2
enterobacterales	Dickeya_dianthicola_DDI_ME30/NZ_CP076042.1.region001.gbk	2
enterobacterales	Dickeya_dianthicola_DE440/NZ_PJJB01000027.1.region001.gbk	1
enterobacterales	Dickeya_dianthicola_IPO256/NZ_JALDOD010000079.1.region001.gbk	0
enterobacterales	Dickeya_dianthicola_IPO3646/NZ_JALDNU010000064.1.region001.gbk	2
enterobacterales	Dickeya_dianthicola_IPO3699/NZ_JALDNT010000095.1.region001.gbk	2
enterobacterales	Dickeya_dianthicola_IPO3700/NZ_JALDNS010000016.1.region001.gbk	2
enterobacterales	Dickeya_dianthicola_IPO3845/NZ_JALDNQ010000013.1.region001.gbk	2
enterobacterales	Dickeya_dianthicola_IPO502/NZ_JALDOC010000012.1.region001.gbk	1
enterobacterales	Dickeya_dianthicola_IPO775/NZ_JALDOB010000081.1.region001.gbk	2
enterobacterales	Dickeya_dianthicola_IPO846/NZ_JALDOA010000023.1.region001.gbk	1
enterobacterales	Dickeya_dianthicola_IPO973/NZ_JALDNZ010000085.1.region001.gbk	1
enterobacterales	Dickeya_dianthicola_KF23_6/NZ_JBKQBI010000017.1.region001.gbk	1
enterobacterales	Dickeya_dianthicola_KF23_8/NZ_JBKQBH010000015.1.region001.gbk	1
enterobacterales	Dickeya_dianthicola_LAR.16.03.LID/NZ_CP038499.1.region001.gbk	2
enterobacterales	Dickeya_dianthicola_ME23/NZ_CP031560.1.region001.gbk	2
enterobacterales	Dickeya_dianthicola_NCPPB_3534/NZ_CM001840.1.region001.gbk	2
enterobacterales	Dickeya_dianthicola_NY1528B/NZ_WAAV01000091.1.region001.gbk	2
enterobacterales	Dickeya_dianthicola_NY1536B/NZ_WAAW01000104.1.region001.gbk	2
enterobacterales	Dickeya_dianthicola_NY1538B/NZ_WAAX01000104.1.region001.gbk	2
enterobacterales	Dickeya_dianthicola_NY1547B/NZ_WAAY01000092.1.region001.gbk	2
enterobacterales	Dickeya_dianthicola_NY1556C/NZ_WAAZ01000105.1.region001.gbk	3
enterobacterales	Dickeya_dianthicola_NY1557A/NZ_WABA01000104.1.region001.gbk	2
enterobacterales	Dickeya_dianthicola_NY1558D/NZ_WABB01000099.1.region001.gbk	2
enterobacterales	Dickeya_dianthicola_NY1559C/NZ_WABC01000105.1.region001.gbk	2
enterobacterales	Dickeya_dianthicola_NY1562C/NZ_WABD01000106.1.region001.gbk	2
enterobacterales	Dickeya_dianthicola_NY1578A/NZ_WABE01000106.1.region001.gbk	2
enterobacterales	Dickeya_dianthicola_NY1713C/NZ_WABF01000110.1.region001.gbk	2
enterobacterales	Dickeya_dianthicola_NY1719A/NZ_WABG01000105.1.region001.gbk	2
enterobacterales	Dickeya_dianthicola_NY1746A/NZ_WABH01000100.1.region001.gbk	2
enterobacterales	Dickeya_dianthicola_NY1758A/NZ_WABI01000108.1.region001.gbk	3
enterobacterales	Dickeya_dianthicola_NY1760A/NZ_WABJ01000107.1.region001.gbk	2
enterobacterales	Dickeya_dianthicola_NY1785A/NZ_WABK01000101.1.region001.gbk	3
enterobacterales	Dickeya_dianthicola_NY1897/NZ_JBBBOV010000001.1.region001.gbk	1
enterobacterales	Dickeya_dianthicola_PA24/NZ_CP069595.1.region001.gbk	2
enterobacterales	Dickeya_dianthicola_PS1961/NZ_JBYRGR010000003.1.region001.gbk	1
enterobacterales	Dickeya_dianthicola_S4.16.03.LID/NZ_QZDO01000014.1.region001.gbk	2
enterobacterales	Dickeya_dianthicola_S4.16.03.P2.4/NZ_QZDN01000081.1.region001.gbk	1
enterobacterales	Dickeya_dianthicola_WV516/NZ_PJJC01000009.1.region001.gbk	3
enterobacterales	Dickeya_fangzhongdai_643b/NZ_CP092458.1.region001.gbk	1
enterobacterales	Dickeya_zeae_BRIP64263/NZ_JAMXSO010000009.1.region001.gbk	2
enterobacterales	Edwardsiella_ictaluri_12-TAL-294-B4/NZ_CP113282.1.region001.gbk	1
enterobacterales	Edwardsiella_ictaluri_12-TAL-295-K/NZ_CP113285.1.region001.gbk	0
enterobacterales	Edwardsiella_ictaluri_13-TAL-118/NZ_CP113288.1.region001.gbk	0
enterobacterales	Edwardsiella_ictaluri_13-TAL-140K3/NZ_CP113291.1.region001.gbk	0
enterobacterales	Edwardsiella_ictaluri_14-TAL-019-BIA/NZ_CP113294.1.region001.gbk	0
enterobacterales	Edwardsiella_ictaluri_15-TAL067-K/NZ_CP113297.1.region001.gbk	0
enterobacterales	Edwardsiella_ictaluri_2234/NZ_CP053781.1.region001.gbk	0
enterobacterales	Edwardsiella_ictaluri_30IA_NewJersey/NZ_CP180750.1.region001.gbk	0
enterobacterales	Edwardsiella_ictaluri_669/NZ_CP106849.1.region001.gbk	0
enterobacterales	Edwardsiella_ictaluri_93-146/NC_012779.2.region001.gbk	0
enterobacterales	Edwardsiella_ictaluri_93-146_2/NZ_CP169062.1.region001.gbk	0
enterobacterales	Edwardsiella_ictaluri_A21-00102/NZ_CM125427.1.region001.gbk	0
enterobacterales	Edwardsiella_ictaluri_ATCC_33202/NZ_AFJI01000086.1.region001.gbk	0
enterobacterales	Edwardsiella_ictaluri_E1/NZ_CM129897.1.region001.gbk	0
enterobacterales	Edwardsiella_ictaluri_E9-302/NZ_CP106852.1.region001.gbk	0
enterobacterales	Edwardsiella_ictaluri_EILO/NZ_CP180765.1.region001.gbk	1
enterobacterales	Edwardsiella_ictaluri_Ei-103/NZ_CP152232.1.region001.gbk	0
enterobacterales	Edwardsiella_ictaluri_Ei-104/NZ_CP152228.1.region001.gbk	0
enterobacterales	Edwardsiella_ictaluri_Ei-110066/NZ_CP152178.1.region001.gbk	0
enterobacterales	Edwardsiella_ictaluri_Ei-180/NZ_CP152140.1.region001.gbk	0
enterobacterales	Edwardsiella_ictaluri_Ei-224/NZ_CP152137.1.region001.gbk	0
enterobacterales	Edwardsiella_ictaluri_Ei-255/NZ_CP152148.1.region001.gbk	0
enterobacterales	Edwardsiella_ictaluri_Ei-31/NZ_CP152134.1.region001.gbk	0
enterobacterales	Edwardsiella_ictaluri_Ei-39shipment9/NZ_CP152172.1.region001.gbk	0
enterobacterales	Edwardsiella_ictaluri_Ei-40shipment7/NZ_CP152168.1.region001.gbk	0
enterobacterales	Edwardsiella_ictaluri_Ei-45/NZ_CP152162.1.region001.gbk	0
enterobacterales	Edwardsiella_ictaluri_Ei-46/NZ_CP152166.1.region001.gbk	0
enterobacterales	Edwardsiella_ictaluri_Ei-47/NZ_CP152175.1.region001.gbk	0
enterobacterales	Edwardsiella_ictaluri_Ei-54/NZ_CP152183.1.region001.gbk	0
enterobacterales	Edwardsiella_ictaluri_Ei-57/NZ_CP152186.1.region001.gbk	0
enterobacterales	Edwardsiella_ictaluri_Ei-59/NZ_CP152189.1.region001.gbk	0
enterobacterales	Edwardsiella_ictaluri_Ei-60/NZ_CP152193.1.region001.gbk	0
enterobacterales	Edwardsiella_ictaluri_Ei-62/NZ_CP152201.1.region001.gbk	0
enterobacterales	Edwardsiella_ictaluri_Ei-64/NZ_CP152197.1.region001.gbk	0
enterobacterales	Edwardsiella_ictaluri_Ei-69/NZ_CP152215.1.region001.gbk	0
enterobacterales	Edwardsiella_ictaluri_Ei-71/NZ_CP152217.1.region001.gbk	0
enterobacterales	Edwardsiella_ictaluri_Ei-77cfu1pp/NZ_CP152219.1.region001.gbk	0
enterobacterales	Edwardsiella_ictaluri_Ei-80/NZ_CP152222.1.region001.gbk	0
enterobacterales	Edwardsiella_ictaluri_Ei-89cfu1pp/NZ_CP152209.1.region001.gbk	0
enterobacterales	Edwardsiella_ictaluri_Ei-96cfu2/NZ_CP152203.1.region001.gbk	0
enterobacterales	Edwardsiella_ictaluri_Ei-E126/NZ_CP152153.1.region001.gbk	0
enterobacterales	Edwardsiella_ictaluri_Ei-E137/NZ_CP152158.1.region001.gbk	0
enterobacterales	Edwardsiella_ictaluri_Ei-VN2C02/NZ_CP152144.1.region001.gbk	0
enterobacterales	Edwardsiella_ictaluri_Ei-VN5/NZ_CP152181.1.region001.gbk	0
enterobacterales	Edwardsiella_ictaluri_HCF-1/NZ_CP180729.1.region001.gbk	0
enterobacterales	Edwardsiella_ictaluri_HCF__4_Rough/NZ_CP180738.1.region001.gbk	0
enterobacterales	Edwardsiella_ictaluri_HCF__4_Smooth/NZ_CP180742.1.region001.gbk	0
enterobacterales	Edwardsiella_ictaluri_HSY221213B/NZ_CP162389.1.region001.gbk	0
enterobacterales	Edwardsiella_ictaluri_KB20921/NZ_AP028102.1.region001.gbk	1
enterobacterales	Edwardsiella_ictaluri_KH201010/NZ_AP028106.1.region001.gbk	1
enterobacterales	Edwardsiella_ictaluri_KH20906/NZ_AP028097.1.region001.gbk	1
enterobacterales	Edwardsiella_ictaluri_LADL-11-149-B/NZ_CP113159.1.region001.gbk	0
enterobacterales	Edwardsiella_ictaluri_LADL-11-184-A/NZ_CP113279.1.region001.gbk	0
enterobacterales	Edwardsiella_ictaluri_MS-17-156/NZ_CP028813.1.region001.gbk	0
enterobacterales	Edwardsiella_ictaluri_NCTC12122/NZ_UFXT01000001.1.region001.gbk	0
enterobacterales	Edwardsiella_ictaluri_NaF-IIUM/NZ_CP168652.1.region001.gbk	0
enterobacterales	Edwardsiella_ictaluri_RE-33/NZ_CP180759.1.region001.gbk	1
enterobacterales	Edwardsiella_ictaluri_RUSVM-1/NZ_CP020466.1.region001.gbk	0
enterobacterales	Edwardsiella_ictaluri_S07-698/NZ_CP084521.1.region001.gbk	0
enterobacterales	Edwardsiella_ictaluri_S13-645/NZ_CP110974.1.region001.gbk	0
enterobacterales	Edwardsiella_ictaluri_S14-377/NZ_CP113131.1.region001.gbk	0
enterobacterales	Edwardsiella_ictaluri_S14-635/NZ_CP113127.1.region001.gbk	0
enterobacterales	Edwardsiella_ictaluri_S15-163/NZ_CP113134.1.region001.gbk	0
enterobacterales	Edwardsiella_ictaluri_S15-424/NZ_CP113139.1.region001.gbk	0
enterobacterales	Edwardsiella_ictaluri_S17-478/NZ_CP113143.1.region001.gbk	0
enterobacterales	Edwardsiella_ictaluri_S17-753/NZ_CP113147.1.region001.gbk	0
enterobacterales	Edwardsiella_ictaluri_S18-605/NZ_CP113151.1.region001.gbk	0
enterobacterales	Edwardsiella_ictaluri_S19-327/NZ_CP113155.1.region001.gbk	0
enterobacterales	Edwardsiella_ictaluri_S94-1051/NZ_CP180746.1.region001.gbk	0
enterobacterales	Edwardsiella_ictaluri_S97-773/NZ_CP084524.1.region001.gbk	0
enterobacterales	Edwardsiella_ictaluri_STA22820/NZ_AP028119.1.region001.gbk	0
enterobacterales	Edwardsiella_ictaluri_STH22820/NZ_AP028123.1.region001.gbk	0
enterobacterales	Edwardsiella_ictaluri_STU22726/NZ_AP028110.1.region001.gbk	1
enterobacterales	Edwardsiella_ictaluri_STU22816/NZ_AP028115.1.region001.gbk	1
enterobacterales	Edwardsiella_ictaluri_T1-1/NZ_CP054060.1.region001.gbk	0
enterobacterales	Edwardsiella_ictaluri_T3-F2_AAHRU/NZ_CP180732.1.region001.gbk	0
enterobacterales	Edwardsiella_ictaluri_TAL-152-K5/NZ_CP113300.1.region001.gbk	0
enterobacterales	Edwardsiella_ictaluri_YCH/NZ_CP040933.1.region001.gbk	0
enterobacterales	Erwinia_persicina_B64/NZ_CP022725.1.region001.gbk	2
enterobacterales	Erwinia_persicina_SR13/NZ_JANFMX010000007.1.region001.gbk	2
enterobacterales	Erwinia_persicina_SR14/NZ_JANFMY010000003.1.region001.gbk	2
enterobacterales	Erwinia_piriflorinigrans_CFBP_5888/NZ_CAHS01000016.1.region001.gbk	0
enterobacterales	Erwinia_psidii_IBSBF_435/NZ_RHHM01000002.1.region001.gbk	2
enterobacterales	Erwinia_psidii_LPF_534/NZ_RQRZ01000003.1.region001.gbk	2
enterobacterales	Erwinia_psidii_LPF_640/NZ_RQSA01000004.1.region001.gbk	0
enterobacterales	Erwinia_psidii_LPF_681/NZ_RQSB01000002.1.region001.gbk	0
enterobacterales	Erwinia_sp._9145/NZ_JQNE01000001.1.region001.gbk	1
enterobacterales	Gibbsiella_quercinecans_Kew_122/NZ_CM193038.1.region001.gbk	1
enterobacterales	Hafnia_psychrotolerans_CGMCC_1.12806/NZ_BMFZ01000004.1.region001.gbk	3
enterobacterales	Hafnia_psychrotolerans_JCM_30077/NZ_BAAGSR010000021.1.region001.gbk	3
enterobacterales	Hafnia_psychrotolerans_S38/NZ_JCATYZ010000001.1.region001.gbk	4
enterobacterales	Hafnia_psychrotolerans_S38/NZ_JCATYZ010000001.1.region002.gbk	1
enterobacterales	Kosakonia_quasisacchari_WCHEs120001/NZ_SJOP01000008.1.region001.gbk	0
enterobacterales	Lonsdalea_britannica_477/NZ_CP023009.1.region001.gbk	0
enterobacterales	Lonsdalea_britannica_GCF_946477055.1/NZ_CAMKXG010000004.1.region001.gbk	0
enterobacterales	Lonsdalea_britannica_LMG_26267/NZ_LUTN01000008.1.region001.gbk	0
enterobacterales	Lonsdalea_britannica_LMG_26268/NZ_LUTO01000004.1.region001.gbk	0
enterobacterales	Lonsdalea_populi_CFCC_11196/NZ_LUTE01000005.1.region001.gbk	0
enterobacterales	Lonsdalea_populi_CFCC_11199/NZ_LUTF01000004.1.region001.gbk	0
enterobacterales	Lonsdalea_populi_CFCC_11200/NZ_LUSV01000031.1.region001.gbk	0
enterobacterales	Lonsdalea_populi_CFCC_11264/NZ_LUSY01000002.1.region001.gbk	0
enterobacterales	Lonsdalea_populi_CFCC_11379/NZ_LUTC01000004.1.region001.gbk	0
enterobacterales	Lonsdalea_populi_CFCC_11768/NZ_LUTD01000005.1.region001.gbk	0
enterobacterales	Lonsdalea_populi_CFCC_12252/NZ_LUSS01000181.1.region001.gbk	0
enterobacterales	Lonsdalea_populi_CFCC_12509/NZ_LUTB01000005.1.region001.gbk	0
enterobacterales	Lonsdalea_populi_CFCC_12721/NZ_LUSW01000003.1.region001.gbk	0
enterobacterales	Lonsdalea_populi_CFCC_12786/NZ_LUSR01000005.1.region001.gbk	0
enterobacterales	Lonsdalea_populi_CFCC_13097/NZ_LUSU01000005.1.region001.gbk	0
enterobacterales	Lonsdalea_populi_CFCC_13122/NZ_LUTI01000005.1.region001.gbk	0
enterobacterales	Lonsdalea_populi_CFCC_13123/NZ_LUTJ01000006.1.region001.gbk	0
enterobacterales	Lonsdalea_populi_CFCC_13124/NZ_LUTL01000111.1.region001.gbk	0
enterobacterales	Lonsdalea_populi_CFCC_13126/NZ_LUTK01000003.1.region001.gbk	0
enterobacterales	Lonsdalea_populi_CFCC_13280/NZ_LUTA01000008.1.region001.gbk	0
enterobacterales	Lonsdalea_populi_CFCC_13800/NZ_LUTH01000004.1.region001.gbk	0
enterobacterales	Lonsdalea_populi_CFCC_13872/NZ_LUTG01000009.1.region001.gbk	0
enterobacterales	Lonsdalea_populi_CFCC_13912/NZ_LUST01000003.1.region001.gbk	0
enterobacterales	Lonsdalea_populi_HEZEL_2_1_2/NZ_RJUH01000012.1.region001.gbk	0
enterobacterales	Lonsdalea_populi_L2-3/NZ_RJUI01000009.1.region001.gbk	0
enterobacterales	Lonsdalea_populi_L6_4B/NZ_RJUJ01000009.1.region001.gbk	0
enterobacterales	Lonsdalea_populi_N-5-1/NZ_CP065534.1.region001.gbk	0
enterobacterales	Lonsdalea_populi_N-5-1_2/NZ_CP072856.1.region001.gbk	0
enterobacterales	Lonsdalea_quercina_3197/NZ_CP159321.1.region001.gbk	0
enterobacterales	Lonsdalea_quercina_3198-a1/NZ_JBEURQ010000009.1.region001.gbk	0
enterobacterales	Lonsdalea_quercina_3198-a2/NZ_CP159320.1.region001.gbk	0
enterobacterales	Lonsdalea_quercina_3198-b1/NZ_CP159319.1.region001.gbk	0
enterobacterales	Lonsdalea_quercina_3198-b2/NZ_CP159318.1.region001.gbk	0
enterobacterales	Lonsdalea_quercina_3495-1110/NZ_JBEURP010000002.1.region001.gbk	0
enterobacterales	Lonsdalea_quercina_3495-1114/NZ_CP159317.1.region001.gbk	0
enterobacterales	Lonsdalea_quercina_ATCC_29281/NZ_FNQS01000008.1.region001.gbk	0
enterobacterales	Lonsdalea_quercina_B10/NZ_JBKGDS010000002.1.region001.gbk	0
enterobacterales	Lonsdalea_quercina_B100/NZ_JBKGCB010000008.1.region001.gbk	0
enterobacterales	Lonsdalea_quercina_B101/NZ_JBKGCA010000006.1.region001.gbk	0
enterobacterales	Lonsdalea_quercina_B104/NZ_JBKGBZ010000004.1.region001.gbk	0
enterobacterales	Lonsdalea_quercina_B105/NZ_JBKGBY010000004.1.region001.gbk	0
enterobacterales	Lonsdalea_quercina_B106/NZ_JBKGBX010000006.1.region001.gbk	0
enterobacterales	Lonsdalea_quercina_B107/NZ_JBKGBW010000001.1.region001.gbk	0
enterobacterales	Lonsdalea_quercina_B108/NZ_JBKGBV010000006.1.region001.gbk	0
enterobacterales	Lonsdalea_quercina_B109/NZ_JBKGBU010000006.1.region001.gbk	0
enterobacterales	Lonsdalea_quercina_B11/NZ_JBKGDR010000002.1.region001.gbk	0
enterobacterales	Lonsdalea_quercina_B114/NZ_JBKGBT010000006.1.region001.gbk	0
enterobacterales	Lonsdalea_quercina_B115/NZ_JBKGBS010000010.1.region001.gbk	0
enterobacterales	Lonsdalea_quercina_B116/NZ_JBKGBR010000008.1.region001.gbk	0
enterobacterales	Lonsdalea_quercina_B117/NZ_JBKGBQ010000004.1.region001.gbk	0
enterobacterales	Lonsdalea_quercina_B118/NZ_JBKGBP010000010.1.region001.gbk	0
enterobacterales	Lonsdalea_quercina_B119/NZ_JBKGBO010000009.1.region001.gbk	0
enterobacterales	Lonsdalea_quercina_B12/NZ_JBKGDQ010000003.1.region001.gbk	0
enterobacterales	Lonsdalea_quercina_B120/NZ_JBKGBN010000008.1.region001.gbk	0
enterobacterales	Lonsdalea_quercina_B122/NZ_JBKGBM010000006.1.region001.gbk	0
enterobacterales	Lonsdalea_quercina_B124/NZ_JBKGBL010000005.1.region001.gbk	0
enterobacterales	Lonsdalea_quercina_B125/NZ_JBKGBK010000006.1.region001.gbk	0
enterobacterales	Lonsdalea_quercina_B127/NZ_JBKGBJ010000006.1.region001.gbk	0
enterobacterales	Lonsdalea_quercina_B13/NZ_JBKGDP010000003.1.region001.gbk	0
enterobacterales	Lonsdalea_quercina_B130/NZ_JBKGBI010000005.1.region001.gbk	0
enterobacterales	Lonsdalea_quercina_B132/NZ_JBKGBH010000006.1.region001.gbk	0
enterobacterales	Lonsdalea_quercina_B133/NZ_JBKGBG010000008.1.region001.gbk	0
enterobacterales	Lonsdalea_quercina_B136/NZ_JBKGBF010000006.1.region001.gbk	0
enterobacterales	Lonsdalea_quercina_B138/NZ_JBKGBE010000006.1.region001.gbk	0
enterobacterales	Lonsdalea_quercina_B139/NZ_JBKGBD010000006.1.region001.gbk	0
enterobacterales	Lonsdalea_quercina_B140/NZ_JBKGBC010000007.1.region001.gbk	0
enterobacterales	Lonsdalea_quercina_B144/NZ_JBKGBB010000006.1.region001.gbk	0
enterobacterales	Lonsdalea_quercina_B147/NZ_JBKGBA010000008.1.region001.gbk	0
enterobacterales	Lonsdalea_quercina_B148/NZ_JBKGAZ010000008.1.region001.gbk	0
enterobacterales	Lonsdalea_quercina_B149/NZ_JBKGAY010000009.1.region001.gbk	0
enterobacterales	Lonsdalea_quercina_B15/NZ_JBKGDO010000002.1.region001.gbk	0
enterobacterales	Lonsdalea_quercina_B150/NZ_JBKGAX010000008.1.region001.gbk	0
enterobacterales	Lonsdalea_quercina_B151/NZ_JBKGAW010000009.1.region001.gbk	0
enterobacterales	Lonsdalea_quercina_B160/NZ_JBKGAV010000005.1.region001.gbk	0
enterobacterales	Lonsdalea_quercina_B161/NZ_JBKGAU010000008.1.region001.gbk	0
enterobacterales	Lonsdalea_quercina_B163/NZ_JBKGAT010000009.1.region001.gbk	0
enterobacterales	Lonsdalea_quercina_B165/NZ_JBKGAS010000003.1.region001.gbk	0
enterobacterales	Lonsdalea_quercina_B18/NZ_JBKGDN010000002.1.region001.gbk	0
enterobacterales	Lonsdalea_quercina_B19/NZ_JBKGDM010000007.1.region001.gbk	0
enterobacterales	Lonsdalea_quercina_B21/NZ_JBKGDL010000005.1.region001.gbk	0
enterobacterales	Lonsdalea_quercina_B23/NZ_JBKGDK010000008.1.region001.gbk	0
enterobacterales	Lonsdalea_quercina_B24/NZ_JBKGDJ010000008.1.region001.gbk	0
enterobacterales	Lonsdalea_quercina_B27/NZ_JBKGDI010000007.1.region001.gbk	0
enterobacterales	Lonsdalea_quercina_B28/NZ_JBKGDH010000005.1.region001.gbk	0
enterobacterales	Lonsdalea_quercina_B34/NZ_JBKGDG010000005.1.region001.gbk	0
enterobacterales	Lonsdalea_quercina_B36/NZ_JBKGDF010000005.1.region001.gbk	0
enterobacterales	Lonsdalea_quercina_B37/NZ_JBKGDE010000005.1.region001.gbk	0
enterobacterales	Lonsdalea_quercina_B38/NZ_JBKGDD010000001.1.region001.gbk	0
enterobacterales	Lonsdalea_quercina_B42/NZ_JBKGDC010000006.1.region001.gbk	0
enterobacterales	Lonsdalea_quercina_B43/NZ_JBKGDB010000006.1.region001.gbk	0
enterobacterales	Lonsdalea_quercina_B44/NZ_JBKGDA010000008.1.region001.gbk	0
enterobacterales	Lonsdalea_quercina_B46/NZ_JBKGCZ010000001.1.region001.gbk	0
enterobacterales	Lonsdalea_quercina_B48/NZ_JBKGCY010000001.1.region001.gbk	0
enterobacterales	Lonsdalea_quercina_B49/NZ_JBKGCX010000005.1.region001.gbk	0
enterobacterales	Lonsdalea_quercina_B51/NZ_JBKGCW010000006.1.region001.gbk	0
enterobacterales	Lonsdalea_quercina_B52/NZ_JBKGCV010000018.1.region001.gbk	0
enterobacterales	Lonsdalea_quercina_B65/NZ_JBKGCU010000008.1.region001.gbk	0
enterobacterales	Lonsdalea_quercina_B66/NZ_JBKGCT010000007.1.region001.gbk	0
enterobacterales	Lonsdalea_quercina_B69/NZ_JBKGCS010000007.1.region001.gbk	0
enterobacterales	Lonsdalea_quercina_B75/NZ_JBKGCR010000006.1.region001.gbk	0
enterobacterales	Lonsdalea_quercina_B77/NZ_JBKGCQ010000002.1.region001.gbk	0
enterobacterales	Lonsdalea_quercina_B79/NZ_JBKGCP010000006.1.region001.gbk	0
enterobacterales	Lonsdalea_quercina_B8/NZ_JBKGDU010000003.1.region001.gbk	0
enterobacterales	Lonsdalea_quercina_B81/NZ_JBKGCO010000008.1.region001.gbk	0
enterobacterales	Lonsdalea_quercina_B82/NZ_JBKGCN010000007.1.region001.gbk	0
enterobacterales	Lonsdalea_quercina_B83/NZ_JBKGCM010000008.1.region001.gbk	0
enterobacterales	Lonsdalea_quercina_B84/NZ_JBKGCL010000010.1.region001.gbk	0
enterobacterales	Lonsdalea_quercina_B86/NZ_JBKGCK010000012.1.region001.gbk	0
enterobacterales	Lonsdalea_quercina_B87/NZ_JBKGCJ010000007.1.region001.gbk	0
enterobacterales	Lonsdalea_quercina_B88/NZ_JBKGCI010000007.1.region001.gbk	0
enterobacterales	Lonsdalea_quercina_B9/NZ_JBKGDT010000008.1.region001.gbk	0
enterobacterales	Lonsdalea_quercina_B90/NZ_JBKGCH010000005.1.region001.gbk	0
enterobacterales	Lonsdalea_quercina_B91/NZ_JBKGCG010000006.1.region001.gbk	0
enterobacterales	Lonsdalea_quercina_B93/NZ_JBKGCF010000006.1.region001.gbk	0
enterobacterales	Lonsdalea_quercina_B94/NZ_JBKGCE010000008.1.region001.gbk	0
enterobacterales	Lonsdalea_quercina_B96/NZ_JBKGCD010000001.1.region001.gbk	0
enterobacterales	Lonsdalea_quercina_B97/NZ_JBKGCC010000007.1.region001.gbk	0
enterobacterales	Lonsdalea_quercina_CFCC_11059/NZ_LUSP01000001.1.region001.gbk	0
enterobacterales	Lonsdalea_quercina_CFCC_13731/NZ_LUSQ01000021.1.region001.gbk	0
enterobacterales	Lonsdalea_quercina_subsp._quercina_ATCC_29281/NZ_JIBO01000016.1.region001.gbk	0
enterobacterales	Lonsdalea_quercina_subsp._quercina_NCCB_100489/NZ_JIBP01000011.1.region001.gbk	0
enterobacterales	Lonsdalea_quercina_subsp._quercina_NCCB_100490/NZ_JIBQ01000012.1.region001.gbk	0
enterobacterales	Mixta_hanseatica_X22927/NZ_CP082904.1.region001.gbk	0
enterobacterales	Mixta_sp._Marseille-Q2659/NZ_CALNWY010000004.1.region001.gbk	0
enterobacterales	Pantoea_agglomerans_09-63_1A/NZ_JBBJSL010000008.1.region001.gbk	2
enterobacterales	Pantoea_agglomerans_20CA0026/NZ_JBBJSJ010000012.1.region001.gbk	2
enterobacterales	Pantoea_agglomerans_20CA0031/NZ_JBBJSI010000010.1.region001.gbk	2
enterobacterales	Pantoea_agglomerans_20CA0041/NZ_JBBJSH010000012.1.region001.gbk	2
enterobacterales	Pantoea_agglomerans_20GA0021/NZ_JBBJSA010000012.1.region001.gbk	4
enterobacterales	Pantoea_agglomerans_20GA0109/NZ_JBBJRY010000003.1.region001.gbk	2
enterobacterales	Pantoea_agglomerans_20GA0400/NZ_JBBJRX010000008.1.region001.gbk	2
enterobacterales	Pantoea_agglomerans_20PA0025/NZ_JBBJRN010000013.1.region001.gbk	2
enterobacterales	Pantoea_agglomerans_20PA0330/NZ_JBBJRK010000012.1.region001.gbk	4
enterobacterales	Pantoea_agglomerans_20TX0122/NZ_JAKZMS010000010.1.region001.gbk	2
enterobacterales	Pantoea_agglomerans_20TX0122_2/NZ_JBBJRH010000009.1.region001.gbk	2
enterobacterales	Pantoea_agglomerans_20TX0124/NZ_JBBJRG010000008.1.region001.gbk	2
enterobacterales	Pantoea_agglomerans_20TX0125/NZ_JBBJRF010000008.1.region001.gbk	2
enterobacterales	Pantoea_agglomerans_20UT061/NZ_JBBJRA010000013.1.region001.gbk	2
enterobacterales	Pantoea_agglomerans_20UT132/NZ_JBBJQY010000013.1.region001.gbk	4
enterobacterales	Pantoea_agglomerans_20WA0188/NZ_JBBJQX010000010.1.region001.gbk	2
enterobacterales	Pantoea_agglomerans_21CA0223/NZ_JBBJQT010000015.1.region001.gbk	4
enterobacterales	Pantoea_agglomerans_21CO122/NZ_JBBJQR010000002.1.region001.gbk	2
enterobacterales	Pantoea_agglomerans_21GA0608/NZ_JBBJQQ010000011.1.region001.gbk	3
enterobacterales	Pantoea_agglomerans_21NY0253/NZ_JBBJQM010000016.1.region001.gbk	4
enterobacterales	Pantoea_agglomerans_21PA0045/NZ_JBBJQK010000011.1.region001.gbk	2
enterobacterales	Pantoea_agglomerans_21UT179/NZ_JBBJQG010000012.1.region001.gbk	2
enterobacterales	Pantoea_agglomerans_AJ2b/NZ_CP134764.1.region001.gbk	3
enterobacterales	Pantoea_agglomerans_AR1a/NZ_CP059087.1.region001.gbk	4
enterobacterales	Pantoea_agglomerans_BD1274-3/NZ_JBBJQB010000008.1.region001.gbk	2
enterobacterales	Pantoea_agglomerans_BH6c/NZ_CP134747.1.region001.gbk	3
enterobacterales	Pantoea_agglomerans_CB1/NZ_CP084200.1.region001.gbk	3
enterobacterales	Pantoea_agglomerans_LMG_2596/NZ_JBBJPZ010000017.1.region001.gbk	4
enterobacterales	Pantoea_agglomerans_PNG_06-1/NZ_JBBJPX010000012.1.region001.gbk	2
enterobacterales	Pantoea_agglomerans_PNG_06-2/NZ_JBBJPW010000003.1.region001.gbk	2
enterobacterales	Pantoea_agglomerans_SUH1/NZ_CP134727.1.region001.gbk	3
enterobacterales	Pantoea_agglomerans_T88c/NZ_CP134721.1.region001.gbk	2
enterobacterales	Pantoea_agglomerans_subsp._jekyllhydei_SeqCode_AR5/NZ_CP134755.1.region001.gbk	2
enterobacterales	Pantoea_allii_19UT001/NZ_JBNUML010000010.1.region001.gbk	0
enterobacterales	Pantoea_allii_20TX0020/NZ_JAKZMU010000007.1.region001.gbk	0
enterobacterales	Pantoea_allii_21GA0466/NZ_JBNUME010000010.1.region001.gbk	0
enterobacterales	Pantoea_allii_21GA0550/NZ_JBNUMF010000007.1.region001.gbk	0
enterobacterales	Pantoea_allii_21GA0582/NZ_JBNUMG010000005.1.region001.gbk	0
enterobacterales	Pantoea_allii_BAV3051/NZ_JBNUMM010000006.1.region001.gbk	0
enterobacterales	Pantoea_allii_BAV3052/NZ_CP193909.1.region001.gbk	0
enterobacterales	Pantoea_allii_BAV3060/NZ_JBNUMN010000006.1.region001.gbk	0
enterobacterales	Pantoea_allii_BAV3063/NZ_JBNUMO010000006.1.region001.gbk	0
enterobacterales	Pantoea_allii_BAV3069/NZ_JBNUMP010000042.1.region001.gbk	0
enterobacterales	Pantoea_allii_BAV3070/NZ_JBNUMQ010000007.1.region001.gbk	0
enterobacterales	Pantoea_allii_BAV3073/NZ_JBNUMR010000006.1.region001.gbk	0
enterobacterales	Pantoea_allii_BAV3074/NZ_JBNUMS010000008.1.region001.gbk	0
enterobacterales	Pantoea_allii_BD_381/NZ_JAHVYA010000003.1.region001.gbk	0
enterobacterales	Pantoea_allii_BD_382/NZ_JAHVXZ010000003.1.region001.gbk	0
enterobacterales	Pantoea_allii_BD_383/NZ_JAHVXY010000003.1.region001.gbk	0
enterobacterales	Pantoea_allii_BD_386/NZ_JAHVXX010000001.1.region001.gbk	0
enterobacterales	Pantoea_allii_BD_387/NZ_JAHVXW010000002.1.region001.gbk	0
enterobacterales	Pantoea_allii_BD_388/NZ_JAHVXV010000002.1.region001.gbk	0
enterobacterales	Pantoea_allii_BD_389/NZ_JAHVXU010000003.1.region001.gbk	0
enterobacterales	Pantoea_allii_DOAB1035/NZ_JBNUMH010000001.1.region001.gbk	0
enterobacterales	Pantoea_allii_DOAB1035_LMG24202/NZ_CP193913.1.region001.gbk	0
enterobacterales	Pantoea_allii_DOAB1036/NZ_JBNUMI010000001.1.region001.gbk	0
enterobacterales	Pantoea_allii_DOAB1050/NZ_JABLUS010000039.1.region001.gbk	0
enterobacterales	Pantoea_allii_DOAB1050_2/NZ_CP193926.1.region001.gbk	0
enterobacterales	Pantoea_allii_DOAB1051/NZ_CP193925.1.region001.gbk	0
enterobacterales	Pantoea_allii_Eh250/NZ_CP125959.1.region001.gbk	0
enterobacterales	Pantoea_allii_KB4/NZ_JCBORL010000001.1.region001.gbk	0
enterobacterales	Pantoea_allii_LMG24248/NZ_CP193910.1.region001.gbk	0
enterobacterales	Pantoea_allii_LMG_24248/NZ_NTMH01000040.1.region001.gbk	0
enterobacterales	Pantoea_allii_MAI6004/NZ_JBNUMJ010000005.1.region001.gbk	0
enterobacterales	Pantoea_allii_MAI6006/NZ_JBNUMK010000004.1.region001.gbk	0
enterobacterales	Pantoea_allii_MAI6022/NZ_CP193916.1.region001.gbk	3
enterobacterales	Pantoea_allii_MAI6022/NZ_CP193916.1.region002.gbk	0
enterobacterales	Pantoea_allii_O64c/NZ_CP126315.1.region001.gbk	0
enterobacterales	Pantoea_ananatis_02-12/NZ_JALKJI010000001.1.region001.gbk	2
enterobacterales	Pantoea_ananatis_02-12/NZ_JALKJI010000004.1.region001.gbk	1
enterobacterales	Pantoea_ananatis_02-12_2/NZ_JALKLJ010000005.1.region001.gbk	1
enterobacterales	Pantoea_ananatis_03-1/NZ_JALKLK010000004.1.region001.gbk	1
enterobacterales	Pantoea_ananatis_05-1/NZ_JALKLM010000007.1.region001.gbk	1
enterobacterales	Pantoea_ananatis_06-1/NZ_JALKJH010000002.1.region001.gbk	1
enterobacterales	Pantoea_ananatis_06-4/NZ_JALKLY010000004.1.region001.gbk	1
enterobacterales	Pantoea_ananatis_07-1/NZ_JALKLN010000002.1.region001.gbk	1
enterobacterales	Pantoea_ananatis_07-10/NZ_JALKLO010000002.1.region001.gbk	1
enterobacterales	Pantoea_ananatis_07-13/NZ_JALKJP010000004.1.region001.gbk	1
enterobacterales	Pantoea_ananatis_07-14/NZ_JALKKT010000005.1.region001.gbk	4
enterobacterales	Pantoea_ananatis_07-7/NZ_JALKJQ010000003.1.region001.gbk	1
enterobacterales	Pantoea_ananatis_08-1/NZ_JALKKU010000004.1.region001.gbk	1
enterobacterales	Pantoea_ananatis_1-2/NZ_JALKKR010000003.1.region001.gbk	1
enterobacterales	Pantoea_ananatis_1-5/NZ_JALKKL010000002.1.region001.gbk	1
enterobacterales	Pantoea_ananatis_1-6/NZ_JALKKM010000002.1.region001.gbk	1
enterobacterales	Pantoea_ananatis_117T1/NZ_JBSPZY010000001.1.region001.gbk	2
enterobacterales	Pantoea_ananatis_117T1/NZ_JBSPZY010000003.1.region001.gbk	1
enterobacterales	Pantoea_ananatis_13-1/NZ_JALKIW010000013.1.region001.gbk	0
enterobacterales	Pantoea_ananatis_13.3/NZ_JAUHJW010000002.1.region001.gbk	1
enterobacterales	Pantoea_ananatis_141/NZ_CM135103.1.region001.gbk	1
enterobacterales	Pantoea_ananatis_15-1/NZ_JALKKP010000002.1.region001.gbk	1
enterobacterales	Pantoea_ananatis_18-1/NZ_JALKJR010000003.1.region001.gbk	1
enterobacterales	Pantoea_ananatis_18-2/NZ_JALKKQ010000003.1.region001.gbk	1
enterobacterales	Pantoea_ananatis_18-3S/NZ_JALKJS010000003.1.region001.gbk	1
enterobacterales	Pantoea_ananatis_18-5/NZ_JALKJT010000003.1.region001.gbk	1
enterobacterales	Pantoea_ananatis_18-5S/NZ_JALKJU010000001.1.region001.gbk	1
enterobacterales	Pantoea_ananatis_18-7S/NZ_JALKKZ010000002.1.region001.gbk	1
enterobacterales	Pantoea_ananatis_19-13/NZ_JALKKK010000002.1.region001.gbk	1
enterobacterales	Pantoea_ananatis_19-20/NZ_JALKIQ010000056.1.region001.gbk	1
enterobacterales	Pantoea_ananatis_19-8/NZ_JALKJD010000001.1.region001.gbk	1
enterobacterales	Pantoea_ananatis_2-1/NZ_JALKKS010000005.1.region001.gbk	4
enterobacterales	Pantoea_ananatis_2-1/NZ_JALKKS010000009.1.region001.gbk	0
enterobacterales	Pantoea_ananatis_2-5/NZ_JALKKJ010000001.1.region001.gbk	2
enterobacterales	Pantoea_ananatis_2-5/NZ_JALKKJ010000003.1.region001.gbk	1
enterobacterales	Pantoea_ananatis_2-6/NZ_JALKLQ010000001.1.region001.gbk	1
enterobacterales	Pantoea_ananatis_2-7/NZ_JALKLR010000001.1.region001.gbk	2
enterobacterales	Pantoea_ananatis_2-7/NZ_JALKLR010000003.1.region001.gbk	1
enterobacterales	Pantoea_ananatis_2-8/NZ_JALKJK010000001.1.region001.gbk	2
enterobacterales	Pantoea_ananatis_2-8/NZ_JALKJK010000004.1.region001.gbk	1
enterobacterales	Pantoea_ananatis_200-10/NZ_JALKJW010000002.1.region001.gbk	1
enterobacterales	Pantoea_ananatis_200-11/NZ_JALKJX010000006.1.region001.gbk	1
enterobacterales	Pantoea_ananatis_200-12/NZ_JALKJY010000008.1.region001.gbk	1
enterobacterales	Pantoea_ananatis_200-2/NZ_JALKKN010000001.1.region001.gbk	1
enterobacterales	Pantoea_ananatis_200-2/NZ_JALKKN010000004.1.region001.gbk	1
enterobacterales	Pantoea_ananatis_200-7/NZ_JALKJZ010000005.1.region001.gbk	1
enterobacterales	Pantoea_ananatis_20NY0427/NZ_JBQOUP010000011.1.region001.gbk	1
enterobacterales	Pantoea_ananatis_20NY0487/NZ_JBQOUQ010000003.1.region001.gbk	1
enterobacterales	Pantoea_ananatis_20PA0260/NZ_JBQOUR010000003.1.region001.gbk	1
enterobacterales	Pantoea_ananatis_20TX0087/NZ_JAKZMT010000004.1.region001.gbk	1
enterobacterales	Pantoea_ananatis_20WA0254/NZ_JBQOUT010000004.1.region001.gbk	1
enterobacterales	Pantoea_ananatis_26SR6/NZ_JXUJ01000033.1.region001.gbk	1
enterobacterales	Pantoea_ananatis_31npA-Arg1/NZ_CM152815.1.region001.gbk	1
enterobacterales	Pantoea_ananatis_4-1/NZ_JALKJF010000007.1.region001.gbk	1
enterobacterales	Pantoea_ananatis_4-2/NZ_JALKIU010000004.1.region001.gbk	1
enterobacterales	Pantoea_ananatis_4-2/NZ_JALKIU010000007.1.region001.gbk	1
enterobacterales	Pantoea_ananatis_4.2/NZ_JAUHJV010000003.1.region001.gbk	1
enterobacterales	Pantoea_ananatis_92-7/NZ_JALKKA010000005.1.region001.gbk	1
enterobacterales	Pantoea_ananatis_97-11/NZ_JALKLS010000003.1.region001.gbk	1
enterobacterales	Pantoea_ananatis_97-2/NZ_JALKKI010000004.1.region001.gbk	1
enterobacterales	Pantoea_ananatis_97-3/NZ_JALKKY010000002.1.region001.gbk	1
enterobacterales	Pantoea_ananatis_98-1/NZ_JALKLT010000002.1.region001.gbk	1
enterobacterales	Pantoea_ananatis_98-11/NZ_JALKKB010000003.1.region001.gbk	4
enterobacterales	Pantoea_ananatis_98-12/NZ_JALKKC010000004.1.region001.gbk	1
enterobacterales	Pantoea_ananatis_98-2/NZ_JALKKD010000002.1.region001.gbk	2
enterobacterales	Pantoea_ananatis_98-7/NZ_JALKKX010000004.1.region001.gbk	1
enterobacterales	Pantoea_ananatis_98-8/NZ_JALKKE010000006.1.region001.gbk	1
enterobacterales	Pantoea_ananatis_99-1/NZ_JALKKF010000005.1.region001.gbk	1
enterobacterales	Pantoea_ananatis_99-10/NZ_JALKIR010000004.1.region001.gbk	1
enterobacterales	Pantoea_ananatis_99-11/NZ_JALKMA010000003.1.region001.gbk	2
enterobacterales	Pantoea_ananatis_99-11/NZ_JALKMA010000009.1.region001.gbk	2
enterobacterales	Pantoea_ananatis_99-12/NZ_JALKLZ010000006.1.region001.gbk	2
enterobacterales	Pantoea_ananatis_99-12/NZ_JALKLZ010000016.1.region001.gbk	2
enterobacterales	Pantoea_ananatis_99-14/NZ_JALKLU010000003.1.region001.gbk	1
enterobacterales	Pantoea_ananatis_99-14_2/NZ_JALKMB010000001.1.region001.gbk	1
enterobacterales	Pantoea_ananatis_99-18/NZ_JALKJJ010000001.1.region001.gbk	1
enterobacterales	Pantoea_ananatis_99-2/NZ_JALKLV010000004.1.region001.gbk	1
enterobacterales	Pantoea_ananatis_99-25/NZ_JALKLC010000006.1.region001.gbk	1
enterobacterales	Pantoea_ananatis_99-27/NZ_JALKLD010000003.1.region001.gbk	1
enterobacterales	Pantoea_ananatis_99-29/NZ_JALKLE010000002.1.region001.gbk	1
enterobacterales	Pantoea_ananatis_99-3/NZ_JALKLP010000004.1.region001.gbk	2
enterobacterales	Pantoea_ananatis_99-31/NZ_JALKLF010000010.1.region001.gbk	1
enterobacterales	Pantoea_ananatis_99-31/NZ_JALKLF010000062.1.region001.gbk	1
enterobacterales	Pantoea_ananatis_99-32/NZ_JALKLG010000003.1.region001.gbk	2
enterobacterales	Pantoea_ananatis_99-33/NZ_JALKJN010000004.1.region001.gbk	1
enterobacterales	Pantoea_ananatis_99-4/NZ_JALKJO010000003.1.region001.gbk	2
enterobacterales	Pantoea_ananatis_99-6/NZ_JALKKG010000002.1.region001.gbk	1
enterobacterales	Pantoea_ananatis_99-7/NZ_JALKLW010000001.1.region001.gbk	1
enterobacterales	Pantoea_ananatis_99-8/NZ_JALKKH010000003.1.region001.gbk	1
enterobacterales	Pantoea_ananatis_99-9_2/NZ_JALKLX010000012.1.region001.gbk	1
enterobacterales	Pantoea_ananatis_AJ13355/NC_017531.2.region001.gbk	2
enterobacterales	Pantoea_ananatis_ATCC_35400/NZ_JARNMU010000002.1.region001.gbk	0
enterobacterales	Pantoea_ananatis_B1-9/NZ_CAEI01000109.1.region001.gbk	1
enterobacterales	Pantoea_ananatis_B1-9_2/NZ_CAEJ01000136.1.region001.gbk	1
enterobacterales	Pantoea_ananatis_B13/NZ_JAUHJU010000015.1.region001.gbk	1
enterobacterales	Pantoea_ananatis_B7/NZ_LYOQ01000033.1.region001.gbk	1
enterobacterales	Pantoea_ananatis_BAV3096/NZ_JASHLP010000001.1.region001.gbk	2
enterobacterales	Pantoea_ananatis_BAV3096/NZ_JASHLP010000011.1.region001.gbk	1
enterobacterales	Pantoea_ananatis_BAV3127/NZ_JASHLO010000001.1.region001.gbk	1
enterobacterales	Pantoea_ananatis_BAV3127/NZ_JASHLO010000001.1.region002.gbk	2
enterobacterales	Pantoea_ananatis_BD442/NZ_JMJL01000004.1.region001.gbk	0
enterobacterales	Pantoea_ananatis_BRT98/NZ_AYST01000002.1.region001.gbk	1
enterobacterales	Pantoea_ananatis_CSUP3/NZ_CM194831.1.region001.gbk	1
enterobacterales	Pantoea_ananatis_Cit30-11/NZ_JXUI01000022.1.region001.gbk	1
enterobacterales	Pantoea_ananatis_DZ-12/NZ_RQJN01000001.1.region001.gbk	2
enterobacterales	Pantoea_ananatis_F-C2/NZ_SMZS01000005.1.region001.gbk	1
enterobacterales	Pantoea_ananatis_FU-01/NZ_AP019753.1.region001.gbk	1
enterobacterales	Pantoea_ananatis_GCF_987119705.1/NZ_OZ496979.1.region001.gbk	1
enterobacterales	Pantoea_ananatis_GD04167/NZ_JAODYK010000017.1.region001.gbk	1
enterobacterales	Pantoea_ananatis_IPG26/NZ_JAQNAK010000007.1.region001.gbk	1
enterobacterales	Pantoea_ananatis_J-2/NZ_JBNFPX010000006.1.region001.gbk	1
enterobacterales	Pantoea_ananatis_J15-6/NZ_JBSPZW010000004.1.region001.gbk	1
enterobacterales	Pantoea_ananatis_JBR-LB3-16/NZ_CP090356.1.region001.gbk	1
enterobacterales	Pantoea_ananatis_JEL0891/NZ_JBYHZL010000009.1.region001.gbk	2
enterobacterales	Pantoea_ananatis_JEL0892/NZ_JBYHZK010000001.1.region001.gbk	2
enterobacterales	Pantoea_ananatis_LMG_20103/NC_013956.2.region001.gbk	1
enterobacterales	Pantoea_ananatis_LMG_2665/NZ_JFZU01000015.1.region001.gbk	1
enterobacterales	Pantoea_ananatis_LMG_2665_2/NZ_JMJJ01000006.1.region001.gbk	1
enterobacterales	Pantoea_ananatis_LMG_5342/NC_016816.1.region001.gbk	1
enterobacterales	Pantoea_ananatis_LMG_5342/NC_016816.1.region002.gbk	2
enterobacterales	Pantoea_ananatis_LPP-1/NZ_CP166503.1.region001.gbk	1
enterobacterales	Pantoea_ananatis_M232A/NZ_LYOP01000033.1.region001.gbk	1
enterobacterales	Pantoea_ananatis_MMB-1/NZ_JAABOW010000002.1.region001.gbk	1
enterobacterales	Pantoea_ananatis_MMB-1/NZ_JAABOW010000009.1.region001.gbk	2
enterobacterales	Pantoea_ananatis_NFIX48/NZ_FUXY01000003.1.region001.gbk	1
enterobacterales	Pantoea_ananatis_NFR11/NZ_FPJM01000001.1.region001.gbk	2
enterobacterales	Pantoea_ananatis_NFR11/NZ_FPJM01000004.1.region001.gbk	1
enterobacterales	Pantoea_ananatis_OC5a/NZ_CP059084.1.region001.gbk	1
enterobacterales	Pantoea_ananatis_P1A3/NZ_JBMUJK010000004.1.region001.gbk	1
enterobacterales	Pantoea_ananatis_PA13/NC_017554.1.region001.gbk	2
enterobacterales	Pantoea_ananatis_PA13/NC_017554.1.region002.gbk	1
enterobacterales	Pantoea_ananatis_PANS_01-2/NZ_NMZU01000003.1.region001.gbk	1
enterobacterales	Pantoea_ananatis_PANS_02-01/NZ_QRDI01000007.1.region001.gbk	4
enterobacterales	Pantoea_ananatis_PANS_02-01/NZ_QRDI01000020.1.region001.gbk	0
enterobacterales	Pantoea_ananatis_PANS_04-2/NZ_NMZV01000004.1.region001.gbk	1
enterobacterales	Pantoea_ananatis_PANS_04-2/NZ_NMZV01000006.1.region001.gbk	1
enterobacterales	Pantoea_ananatis_PANS_1_2/NZ_JABDYR010000003.1.region001.gbk	1
enterobacterales	Pantoea_ananatis_PANS_1_5/NZ_JABDYS010000005.1.region001.gbk	1
enterobacterales	Pantoea_ananatis_PANS_1_6/NZ_JABDYT010000004.1.region001.gbk	1
enterobacterales	Pantoea_ananatis_PANS_200_2/NZ_JABDZC010000001.1.region001.gbk	1
enterobacterales	Pantoea_ananatis_PANS_200_2/NZ_JABDZC010000004.1.region001.gbk	1
enterobacterales	Pantoea_ananatis_PANS_2_1/NZ_JABDYW010000005.1.region001.gbk	4
enterobacterales	Pantoea_ananatis_PANS_2_1/NZ_JABDYW010000008.1.region001.gbk	0
enterobacterales	Pantoea_ananatis_PANS_2_5/NZ_JABDYX010000001.1.region001.gbk	2
enterobacterales	Pantoea_ananatis_PANS_2_5/NZ_JABDYX010000003.1.region001.gbk	1
enterobacterales	Pantoea_ananatis_PANS_2_6/NZ_JABDYY010000005.1.region001.gbk	1
enterobacterales	Pantoea_ananatis_PANS_2_7/NZ_JABDYZ010000001.1.region001.gbk	2
enterobacterales	Pantoea_ananatis_PANS_2_7/NZ_JABDYZ010000004.1.region001.gbk	1
enterobacterales	Pantoea_ananatis_PANS_2_8/NZ_JABDZA010000001.1.region001.gbk	2
enterobacterales	Pantoea_ananatis_PANS_2_8/NZ_JABDZA010000004.1.region001.gbk	1
enterobacterales	Pantoea_ananatis_PANS_4_2/NZ_JABDZD010000005.1.region001.gbk	1
enterobacterales	Pantoea_ananatis_PANS_4_2/NZ_JABDZD010000007.1.region001.gbk	1
enterobacterales	Pantoea_ananatis_PANS_99-3/NZ_NMZR01000002.1.region001.gbk	2
enterobacterales	Pantoea_ananatis_PANS_99_11/NZ_JABDZE010000001.1.region001.gbk	2
enterobacterales	Pantoea_ananatis_PANS_99_11/NZ_JABDZE010000004.1.region001.gbk	2
enterobacterales	Pantoea_ananatis_PANS_99_25/NZ_JABDZH010000004.1.region001.gbk	1
enterobacterales	Pantoea_ananatis_PANS_99_29/NZ_JABDZK010000003.1.region001.gbk	1
enterobacterales	Pantoea_ananatis_PANS_99_31/NZ_JABDZL010000010.1.region001.gbk	1
enterobacterales	Pantoea_ananatis_PANS_99_31/NZ_JABDZL010000075.1.region001.gbk	1
enterobacterales	Pantoea_ananatis_PANS_99_32/NZ_JABDZM010000004.1.region001.gbk	2
enterobacterales	Pantoea_ananatis_PANS_99_33/NZ_JABDZN010000003.1.region001.gbk	1
enterobacterales	Pantoea_ananatis_PANS_99_4/NZ_JABDZP010000003.1.region001.gbk	2
enterobacterales	Pantoea_ananatis_PNA_02_12/NZ_JABDZS010000006.1.region001.gbk	1
enterobacterales	Pantoea_ananatis_PNA_03_1/NZ_JABDZT010000003.1.region001.gbk	1
enterobacterales	Pantoea_ananatis_PNA_05_1/NZ_JABDZV010000007.1.region001.gbk	1
enterobacterales	Pantoea_ananatis_PNA_06_4/NZ_JABDZW010000004.1.region001.gbk	1
enterobacterales	Pantoea_ananatis_PNA_07-1/NZ_QICU01000004.1.region001.gbk	1
enterobacterales	Pantoea_ananatis_PNA_07-10/NZ_QTTO01000005.1.region001.gbk	1
enterobacterales	Pantoea_ananatis_PNA_07_1/NZ_JABDZX010000003.1.region001.gbk	1
enterobacterales	Pantoea_ananatis_PNA_07_10/NZ_JABDZY010000003.1.region001.gbk	1
enterobacterales	Pantoea_ananatis_PNA_07_13/NZ_JABDZZ010000004.1.region001.gbk	1
enterobacterales	Pantoea_ananatis_PNA_07_14/NZ_JABEAA010000005.1.region001.gbk	4
enterobacterales	Pantoea_ananatis_PNA_07_5/NZ_JABEAC010000003.1.region001.gbk	1
enterobacterales	Pantoea_ananatis_PNA_07_7/NZ_JABEAD010000005.1.region001.gbk	1
enterobacterales	Pantoea_ananatis_PNA_08_1/NZ_JABEAE010000005.1.region001.gbk	1
enterobacterales	Pantoea_ananatis_PNA_13_1/NZ_JABEAG010000006.1.region001.gbk	0
enterobacterales	Pantoea_ananatis_PNA_15-1/NZ_NMZZ01000004.1.region001.gbk	1
enterobacterales	Pantoea_ananatis_PNA_15_1/NZ_JABEAI010000003.1.region001.gbk	1
enterobacterales	Pantoea_ananatis_PNA_18_1/NZ_JABEAK010000003.1.region001.gbk	1
enterobacterales	Pantoea_ananatis_PNA_18_2/NZ_JABEAN010000003.1.region001.gbk	1
enterobacterales	Pantoea_ananatis_PNA_18_3S/NZ_JABEAO010000004.1.region001.gbk	1
enterobacterales	Pantoea_ananatis_PNA_18_5/NZ_JABEAP010000003.1.region001.gbk	1
enterobacterales	Pantoea_ananatis_PNA_18_5S/NZ_JABEAQ010000011.1.region001.gbk	1
enterobacterales	Pantoea_ananatis_PNA_18_7S/NZ_JABEAS010000003.1.region001.gbk	1
enterobacterales	Pantoea_ananatis_PNA_18_9S/NZ_JABEAU010000054.1.region001.gbk	0
enterobacterales	Pantoea_ananatis_PNA_200-7/NZ_QGGN01000004.1.region001.gbk	1
enterobacterales	Pantoea_ananatis_PNA_200_10/NZ_JABEAV010000002.1.region001.gbk	1
enterobacterales	Pantoea_ananatis_PNA_200_11/NZ_JABEAW010000005.1.region001.gbk	1
enterobacterales	Pantoea_ananatis_PNA_200_12/NZ_JABEAX010000006.1.region001.gbk	1
enterobacterales	Pantoea_ananatis_PNA_200_7/NZ_JABEAZ010000003.1.region001.gbk	1
enterobacterales	Pantoea_ananatis_PNA_92_7/NZ_JABEBB010000005.1.region001.gbk	1
enterobacterales	Pantoea_ananatis_PNA_97-1R/NZ_CP020943.2.region001.gbk	1
enterobacterales	Pantoea_ananatis_PNA_97_11/NZ_JABEBC010000003.1.region001.gbk	1
enterobacterales	Pantoea_ananatis_PNA_97_3/NZ_JABEBD010000003.1.region001.gbk	1
enterobacterales	Pantoea_ananatis_PNA_98-11/NZ_QGTO01000003.1.region001.gbk	4
enterobacterales	Pantoea_ananatis_PNA_98_2/NZ_JABEBH010000003.1.region001.gbk	2
enterobacterales	Pantoea_ananatis_PNA_98_7/NZ_JABEBJ010000003.1.region001.gbk	1
enterobacterales	Pantoea_ananatis_PNA_98_8/NZ_JABEBK010000004.1.region001.gbk	1
enterobacterales	Pantoea_ananatis_PNA_99_1/NZ_JABEBL010000005.1.region001.gbk	1
enterobacterales	Pantoea_ananatis_PNA_99_14/NZ_JABEBM010000004.1.region001.gbk	1
enterobacterales	Pantoea_ananatis_PNA_99_2/NZ_JABEBN010000004.1.region001.gbk	1
enterobacterales	Pantoea_ananatis_PNA_99_3/NZ_JABEBO010000003.1.region001.gbk	2
enterobacterales	Pantoea_ananatis_PNA_99_6/NZ_JABEBP010000003.1.region001.gbk	1
enterobacterales	Pantoea_ananatis_PNA_99_7/NZ_JABEBQ010000003.1.region001.gbk	1
enterobacterales	Pantoea_ananatis_PNA_99_8/NZ_JABEBR010000003.1.region001.gbk	1
enterobacterales	Pantoea_ananatis_PNA_99_9/NZ_JABEBS010000011.1.region001.gbk	1
enterobacterales	Pantoea_ananatis_PP094-PanT1S3/NZ_JBYHZF010000005.1.region001.gbk	1
enterobacterales	Pantoea_ananatis_PP099-PanT13S3/NZ_JBYHZE010000001.1.region001.gbk	1
enterobacterales	Pantoea_ananatis_PP099-PanT13S3/NZ_JBYHZE010000001.1.region002.gbk	2
enterobacterales	Pantoea_ananatis_PP105/NZ_JBYHZO010000002.1.region001.gbk	2
enterobacterales	Pantoea_ananatis_PP105/NZ_JBYHZO010000002.1.region002.gbk	1
enterobacterales	Pantoea_ananatis_PaMB1/NZ_JQZZ01000144.1.region001.gbk	1
enterobacterales	Pantoea_ananatis_R100/NZ_CP014207.1.region001.gbk	1
enterobacterales	Pantoea_ananatis_RP1/NZ_CM188849.1.region001.gbk	1
enterobacterales	Pantoea_ananatis_S7/NZ_CVNG01000056.1.region001.gbk	1
enterobacterales	Pantoea_ananatis_SK-1/NZ_CM168046.1.region001.gbk	1
enterobacterales	Pantoea_ananatis_TE32200/NZ_JBSSGC010000003.1.region001.gbk	1
enterobacterales	Pantoea_ananatis_USHLN198/NZ_JBBCYJ010000002.1.region001.gbk	2
enterobacterales	Pantoea_ananatis_USHLN198/NZ_JBBCYJ010000004.1.region001.gbk	1
enterobacterales	Pantoea_ananatis_USHLN34/NZ_JBBCZL010000001.1.region001.gbk	2
enterobacterales	Pantoea_ananatis_USHLN34/NZ_JBBCZL010000002.1.region001.gbk	1
enterobacterales	Pantoea_ananatis_VY148/NZ_CP086009.1.region001.gbk	1
enterobacterales	Pantoea_ananatis_VY148/NZ_CP086009.1.region002.gbk	3
enterobacterales	Pantoea_ananatis_YJ76/NZ_CP022427.1.region001.gbk	1
enterobacterales	Pantoea_sp._AG702/NZ_QGTU01000003.1.region001.gbk	1
enterobacterales	Pantoea_sp._BS_8/NZ_JAVAXU010000005.1.region001.gbk	1
enterobacterales	Pantoea_sp._E956-1_S3/NZ_CEUYZP010000005.1.region001.gbk	2
enterobacterales	Pantoea_sp._EEL5/NZ_JBNDNJ010000002.1.region001.gbk	1
enterobacterales	Pantoea_sp._Fr+CA_20/NZ_JALNPN010000006.1.region001.gbk	0
enterobacterales	Pantoea_sp._OXWO6B1/NZ_LWLR01000001.1.region001.gbk	0
enterobacterales	Pantoea_sp._PA1/NZ_JBSSCE010000003.1.region001.gbk	1
enterobacterales	Pantoea_sp._PNA_03-3/NZ_QICO01000002.1.region001.gbk	0
enterobacterales	Pantoea_sp._PNA_14-12/NZ_SOAJ01000002.1.region001.gbk	0
enterobacterales	Pantoea_sp._RCC30.1/NZ_JBXUHX010000010.1.region001.gbk	1
enterobacterales	Pantoea_sp._S61/NZ_JACVUO010000002.1.region001.gbk	2
enterobacterales	Pantoea_sp._V106_11/NZ_JASCAK010000029.1.region001.gbk	2
enterobacterales	Pantoea_sp._V108_6/NZ_JASCAL010000031.1.region001.gbk	1
enterobacterales	Pantoea_sp._nfd-35/NZ_CP122403.1.region001.gbk	1
enterobacterales	Pantoea_stewartii_C10109_Jinnung/NZ_JASCYM010000001.1.region001.gbk	3
enterobacterales	Pantoea_stewartii_C10109_Jinnung/NZ_JASCYM010000012.1.region001.gbk	3
enterobacterales	Pantoea_stewartii_NC66/NZ_JALKTT010000004.1.region001.gbk	4
enterobacterales	Pantoea_stewartii_UIA44/NZ_CM146739.1.region001.gbk	2
enterobacterales	Pantoea_stewartii_ZJ-FGZX1/NZ_CP049115.1.region001.gbk	1
enterobacterales	Pantoea_stewartii_subsp._indologenes_PNA_14-11/NZ_JADWWC010000004.1.region001.gbk	0
enterobacterales	Pantoea_stewartii_subsp._indologenes_PNA_14-12/NZ_JADWWD010000003.1.region001.gbk	0
enterobacterales	Pantoea_stewartii_subsp._indologenes_PNA_14-9/NZ_JADWWB010000005.1.region001.gbk	0
enterobacterales	Pantoea_stewartii_subsp._indologenes_SJM_1_1/NZ_CP160459.1.region001.gbk	1
enterobacterales	Pantoea_vagans_GM1/NZ_CP171468.1.region001.gbk	1
enterobacterales	Pectobacterium_actinidiae_NJAU137/NZ_JAXHOY010000010.1.region001.gbk	1
enterobacterales	Pectobacterium_aquaticum_A105-S21-F16/NZ_QHJT02000004.1.region001.gbk	0
enterobacterales	Pectobacterium_aroidearum_1950-12/NZ_JBBBQU010000022.1.region001.gbk	0
enterobacterales	Pectobacterium_aroidearum_31007-98A/NZ_CM181961.1.region001.gbk	0
enterobacterales	Pectobacterium_aroidearum_54077-00/NZ_CM181954.1.region001.gbk	0
enterobacterales	Pectobacterium_aroidearum_83004-03/NZ_JBVTRA010000001.1.region001.gbk	0
enterobacterales	Pectobacterium_aroidearum_AK042/NZ_CP090588.1.region001.gbk	0
enterobacterales	Pectobacterium_aroidearum_AK049/NZ_CP090587.1.region001.gbk	0
enterobacterales	Pectobacterium_aroidearum_B2-6/NZ_CP109769.1.region001.gbk	0
enterobacterales	Pectobacterium_aroidearum_CFBP8737/NZ_JACDSE010000003.1.region001.gbk	0
enterobacterales	Pectobacterium_aroidearum_KC20/NZ_JACFXZ010000003.1.region001.gbk	0
enterobacterales	Pectobacterium_aroidearum_L6/NZ_CP065044.1.region001.gbk	1
enterobacterales	Pectobacterium_aroidearum_LJ2/NZ_CP084023.1.region001.gbk	0
enterobacterales	Pectobacterium_aroidearum_LMG_2417/NZ_JBEHEK010000010.1.region001.gbk	0
enterobacterales	Pectobacterium_aroidearum_MY10/NZ_JACERK010000005.1.region001.gbk	1
enterobacterales	Pectobacterium_aroidearum_MY11/NZ_JACERL010000005.1.region001.gbk	1
enterobacterales	Pectobacterium_aroidearum_MY18/NZ_JACERM010000002.1.region001.gbk	0
enterobacterales	Pectobacterium_aroidearum_MY19/NZ_JACFYG010000005.1.region001.gbk	1
enterobacterales	Pectobacterium_aroidearum_MY2/NZ_JACERI010000004.1.region001.gbk	1
enterobacterales	Pectobacterium_aroidearum_MY7/NZ_JACERJ010000004.1.region001.gbk	0
enterobacterales	Pectobacterium_aroidearum_NCPPB_929/NZ_CP166097.1.region001.gbk	0
enterobacterales	Pectobacterium_aroidearum_NJAU150/NZ_JBANBG010000001.1.region001.gbk	0
enterobacterales	Pectobacterium_aroidearum_NJAU160/NZ_JAXHPC010000018.1.region001.gbk	1
enterobacterales	Pectobacterium_aroidearum_PD_6523/NZ_JBEHER010000007.1.region001.gbk	1
enterobacterales	Pectobacterium_aroidearum_PD_6993/NZ_JBEHEV010000018.1.region001.gbk	0
enterobacterales	Pectobacterium_aroidearum_PD_6997/NZ_JBEHEX010000047.1.region001.gbk	0
enterobacterales	Pectobacterium_aroidearum_PD_7231/NZ_JBEHFB010000009.1.region001.gbk	1
enterobacterales	Pectobacterium_aroidearum_PD_7232/NZ_JBEHFC010000016.1.region001.gbk	0
enterobacterales	Pectobacterium_aroidearum_PD_7236/NZ_JBEHFE010000015.1.region001.gbk	0
enterobacterales	Pectobacterium_aroidearum_PD_7271/NZ_JBEHFF010000006.1.region001.gbk	0
enterobacterales	Pectobacterium_aroidearum_PD_8605/NZ_JBEHED010000013.1.region001.gbk	1
enterobacterales	Pectobacterium_aroidearum_PD_8609/NZ_JBEHEH010000019.1.region001.gbk	1
enterobacterales	Pectobacterium_aroidearum_PaNJAU2/NZ_JAUGZL010000014.1.region001.gbk	0
enterobacterales	Pectobacterium_aroidearum_Pc3/NZ_CP169640.1.region001.gbk	0
enterobacterales	Pectobacterium_aroidearum_QJ002/NZ_CP090597.1.region001.gbk	0
enterobacterales	Pectobacterium_aroidearum_QJ003/NZ_CP090596.1.region001.gbk	0
enterobacterales	Pectobacterium_aroidearum_QJ011/NZ_CP090595.1.region001.gbk	0
enterobacterales	Pectobacterium_aroidearum_QJ021/NZ_CP104757.1.region001.gbk	1
enterobacterales	Pectobacterium_aroidearum_QJ034/NZ_CP090594.1.region001.gbk	0
enterobacterales	Pectobacterium_aroidearum_QJ036/NZ_CP090593.1.region001.gbk	0
enterobacterales	Pectobacterium_aroidearum_QJ311/NZ_CP090592.1.region001.gbk	0
enterobacterales	Pectobacterium_aroidearum_QJ313/NZ_CP090591.1.region001.gbk	0
enterobacterales	Pectobacterium_aroidearum_QJ315/NZ_CP090590.1.region001.gbk	0
enterobacterales	Pectobacterium_aroidearum_QJ316/NZ_CP090589.1.region001.gbk	0
enterobacterales	Pectobacterium_aroidearum_T25-1/NZ_CP109770.1.region001.gbk	0
enterobacterales	Pectobacterium_aroidearum_YKX/NZ_CP129239.1.region001.gbk	0
enterobacterales	Pectobacterium_atrosepticum_1950-20/NZ_JBBBQM010000002.1.region001.gbk	2
enterobacterales	Pectobacterium_atrosepticum_21A/NZ_CP009125.1.region001.gbk	2
enterobacterales	Pectobacterium_atrosepticum_36A/NZ_CP024956.1.region001.gbk	2
enterobacterales	Pectobacterium_atrosepticum_54041-98/NZ_CP189670.1.region001.gbk	2
enterobacterales	Pectobacterium_atrosepticum_A597-S4-A17/NZ_JAIZGE020000001.1.region001.gbk	2
enterobacterales	Pectobacterium_atrosepticum_A597-S4-A17_2/NZ_JADOYA010000014.1.region001.gbk	2
enterobacterales	Pectobacterium_atrosepticum_CFBP_6276/NZ_KB933471.1.region001.gbk	2
enterobacterales	Pectobacterium_atrosepticum_Green1/NZ_CP055224.1.region001.gbk	2
enterobacterales	Pectobacterium_atrosepticum_HAI2-SCRI1043/NZ_AODV01000023.1.region001.gbk	2
enterobacterales	Pectobacterium_atrosepticum_ICMP_1526/NZ_ALIV01000029.1.region001.gbk	2
enterobacterales	Pectobacterium_atrosepticum_JB107B/NZ_JBBBPP010000003.1.region001.gbk	2
enterobacterales	Pectobacterium_atrosepticum_JG10-08/NZ_CP007744.1.region001.gbk	2
enterobacterales	Pectobacterium_atrosepticum_LMG_2387/NZ_CM188736.1.region001.gbk	2
enterobacterales	Pectobacterium_atrosepticum_NCPPB_3404/NZ_JQHO01000004.1.region001.gbk	2
enterobacterales	Pectobacterium_atrosepticum_NCPPB_549/NZ_JQHK01000004.1.region001.gbk	2
enterobacterales	Pectobacterium_atrosepticum_NY1539A/NZ_JBBBPD010000001.1.region001.gbk	2
enterobacterales	Pectobacterium_atrosepticum_NY1720A/NZ_JAAKYX010000002.1.region001.gbk	2
enterobacterales	Pectobacterium_atrosepticum_PB72/NZ_PDDK01000017.1.region001.gbk	2
enterobacterales	Pectobacterium_atrosepticum_SCRI0025/NZ_JCAKFJ010000003.1.region001.gbk	2
enterobacterales	Pectobacterium_atrosepticum_SCRI0028/NZ_JCAKFI010000002.1.region001.gbk	2
enterobacterales	Pectobacterium_atrosepticum_SCRI0030/NZ_JCAKFH010000003.1.region001.gbk	2
enterobacterales	Pectobacterium_atrosepticum_SCRI0033/NZ_JCAKFG010000015.1.region001.gbk	2
enterobacterales	Pectobacterium_atrosepticum_SCRI0037/NZ_JCAKFE010000001.1.region001.gbk	2
enterobacterales	Pectobacterium_atrosepticum_SCRI0047/NZ_JCAKFD010000002.1.region001.gbk	2
enterobacterales	Pectobacterium_atrosepticum_SCRI0049/NZ_JCAKFC010000007.1.region001.gbk	2
enterobacterales	Pectobacterium_atrosepticum_SCRI0051/NZ_JCAKFB010000006.1.region001.gbk	2
enterobacterales	Pectobacterium_atrosepticum_SCRI0052/NZ_JCAKFA010000004.1.region001.gbk	2
enterobacterales	Pectobacterium_atrosepticum_SCRI0053/NZ_JCAKEZ010000005.1.region001.gbk	2
enterobacterales	Pectobacterium_atrosepticum_SCRI0054/NZ_JCAKEY010000001.1.region001.gbk	2
enterobacterales	Pectobacterium_atrosepticum_SCRI0055/NZ_JCAKEX010000003.1.region001.gbk	2
enterobacterales	Pectobacterium_atrosepticum_SCRI0056/NZ_JCAKEW010000002.1.region001.gbk	2
enterobacterales	Pectobacterium_atrosepticum_SCRI0057/NZ_JCAKEV010000001.1.region001.gbk	2
enterobacterales	Pectobacterium_atrosepticum_SCRI0058/NZ_JCAKEU010000003.1.region001.gbk	2
enterobacterales	Pectobacterium_atrosepticum_SCRI0059/NZ_JCAKET010000019.1.region001.gbk	2
enterobacterales	Pectobacterium_atrosepticum_SCRI0060/NZ_JCAKES010000001.1.region001.gbk	2
enterobacterales	Pectobacterium_atrosepticum_SCRI0062/NZ_JCAKER010000002.1.region001.gbk	2
enterobacterales	Pectobacterium_atrosepticum_SCRI0066/NZ_JCAKEQ010000004.1.region001.gbk	2
enterobacterales	Pectobacterium_atrosepticum_SCRI0067/NZ_JCAKEP010000004.1.region001.gbk	2
enterobacterales	Pectobacterium_atrosepticum_SCRI0069/NZ_JCAKEO010000004.1.region001.gbk	2
enterobacterales	Pectobacterium_atrosepticum_SCRI0070/NZ_JCAKEN010000004.1.region001.gbk	2
enterobacterales	Pectobacterium_atrosepticum_SCRI0083/NZ_JCAKEK010000005.1.region001.gbk	2
enterobacterales	Pectobacterium_atrosepticum_SCRI0093/NZ_JCAKEJ010000007.1.region001.gbk	2
enterobacterales	Pectobacterium_atrosepticum_SCRI0096/NZ_JCAKEI010000019.1.region001.gbk	2
enterobacterales	Pectobacterium_atrosepticum_SCRI0097/NZ_JCAKEH010000001.1.region001.gbk	2
enterobacterales	Pectobacterium_atrosepticum_SCRI0098/NZ_JCAKEG010000001.1.region001.gbk	2
enterobacterales	Pectobacterium_atrosepticum_SCRI1001/NZ_JCAKEF010000002.1.region001.gbk	2
enterobacterales	Pectobacterium_atrosepticum_SCRI1015/NZ_JCAKED010000023.1.region001.gbk	2
enterobacterales	Pectobacterium_atrosepticum_SCRI1026/NZ_JCAKEC010000006.1.region001.gbk	2
enterobacterales	Pectobacterium_atrosepticum_SCRI1027/NZ_JCAKEB010000001.1.region001.gbk	2
enterobacterales	Pectobacterium_atrosepticum_SCRI1029/NZ_JCAKEA010000002.1.region001.gbk	2
enterobacterales	Pectobacterium_atrosepticum_SCRI1030/NZ_JCAKDZ010000001.1.region001.gbk	2
enterobacterales	Pectobacterium_atrosepticum_SCRI1031/NZ_JCAKDY010000002.1.region001.gbk	2
enterobacterales	Pectobacterium_atrosepticum_SCRI1035/NZ_JCAKDX010000001.1.region001.gbk	2
enterobacterales	Pectobacterium_atrosepticum_SCRI1036/NZ_JCAKDW010000001.1.region001.gbk	2
enterobacterales	Pectobacterium_atrosepticum_SCRI1037/NZ_JCAKDV010000003.1.region001.gbk	2
enterobacterales	Pectobacterium_atrosepticum_SCRI1039/NZ_JCAKDU010000002.1.region001.gbk	2
enterobacterales	Pectobacterium_atrosepticum_SCRI1040/NZ_JCAKDT010000004.1.region001.gbk	2
enterobacterales	Pectobacterium_atrosepticum_SCRI1041/NZ_JCAKDS010000001.1.region001.gbk	2
enterobacterales	Pectobacterium_atrosepticum_SCRI1042/NZ_JCAKDR010000001.1.region001.gbk	2
enterobacterales	Pectobacterium_atrosepticum_SCRI1043/NC_004547.2.region001.gbk	2
enterobacterales	Pectobacterium_atrosepticum_SCRI1043_DHAI2/NZ_SGPN01000002.1.region001.gbk	2
enterobacterales	Pectobacterium_atrosepticum_SCRI1043_DHAI2Dcas/NZ_SGPO01000002.1.region001.gbk	2
enterobacterales	Pectobacterium_atrosepticum_SCRI1044/NZ_JCAKDQ010000002.1.region001.gbk	2
enterobacterales	Pectobacterium_atrosepticum_SCRI1045/NZ_JCAKDP010000005.1.region001.gbk	2
enterobacterales	Pectobacterium_atrosepticum_SCRI1046/NZ_JCAKDO010000005.1.region001.gbk	2
enterobacterales	Pectobacterium_atrosepticum_SCRI1047/NZ_JCAKDN010000005.1.region001.gbk	2
enterobacterales	Pectobacterium_atrosepticum_SCRI1048/NZ_JCAKDM010000001.1.region001.gbk	2
enterobacterales	Pectobacterium_atrosepticum_SCRI1049/NZ_JCAKDL010000002.1.region001.gbk	2
enterobacterales	Pectobacterium_atrosepticum_SCRI1050/NZ_JCAKDK010000008.1.region001.gbk	2
enterobacterales	Pectobacterium_atrosepticum_SCRI1051/NZ_JCAKDJ010000002.1.region001.gbk	2
enterobacterales	Pectobacterium_atrosepticum_SCRI1052/NZ_JCAKDI010000003.1.region001.gbk	2
enterobacterales	Pectobacterium_atrosepticum_SCRI1053/NZ_JCAKDH010000004.1.region001.gbk	2
enterobacterales	Pectobacterium_atrosepticum_SCRI1055/NZ_JCAKDG010000005.1.region001.gbk	2
enterobacterales	Pectobacterium_atrosepticum_SCRI1056/NZ_JCAKDF010000001.1.region001.gbk	2
enterobacterales	Pectobacterium_atrosepticum_SCRI1057/NZ_JCAKDE010000001.1.region001.gbk	2
enterobacterales	Pectobacterium_atrosepticum_SCRI1058/NZ_JCAKDD010000004.1.region001.gbk	2
enterobacterales	Pectobacterium_atrosepticum_SCRI1061/NZ_JCAKDC010000003.1.region001.gbk	2
enterobacterales	Pectobacterium_atrosepticum_SCRI1062/NZ_JCAKDB010000003.1.region001.gbk	2
enterobacterales	Pectobacterium_atrosepticum_SCRI1063/NZ_JCAKDA010000004.1.region001.gbk	2
enterobacterales	Pectobacterium_atrosepticum_SCRI1064/NZ_JCAKCZ010000001.1.region001.gbk	2
enterobacterales	Pectobacterium_atrosepticum_SCRI1065/NZ_JCAKCY010000006.1.region001.gbk	2
enterobacterales	Pectobacterium_atrosepticum_SCRI1066/NZ_JCAKCX010000003.1.region001.gbk	2
enterobacterales	Pectobacterium_atrosepticum_SCRI1067/NZ_JCAKCW010000004.1.region001.gbk	2
enterobacterales	Pectobacterium_atrosepticum_SCRI1068/NZ_JCAKCV010000006.1.region001.gbk	2
enterobacterales	Pectobacterium_atrosepticum_SCRI1069/NZ_JCAKCU010000005.1.region001.gbk	2
enterobacterales	Pectobacterium_atrosepticum_SCRI1070/NZ_JCAKCT010000002.1.region001.gbk	2
enterobacterales	Pectobacterium_atrosepticum_SCRI1084/NZ_JCAKCS010000001.1.region001.gbk	2
enterobacterales	Pectobacterium_atrosepticum_SCRI1085/NZ_JCAKCR010000006.1.region001.gbk	2
enterobacterales	Pectobacterium_atrosepticum_SCRI1101/NZ_JCAKCQ010000003.1.region001.gbk	2
enterobacterales	Pectobacterium_atrosepticum_SCRI1102/NZ_JCAKCP010000001.1.region001.gbk	2
enterobacterales	Pectobacterium_atrosepticum_SCRI1108/NZ_JCAKCO010000001.1.region001.gbk	2
enterobacterales	Pectobacterium_atrosepticum_SCRI1109/NZ_JCAKCN010000004.1.region001.gbk	2
enterobacterales	Pectobacterium_atrosepticum_SCRI1111/NZ_JCAKCM010000003.1.region001.gbk	2
enterobacterales	Pectobacterium_atrosepticum_SCRI1112/NZ_JCAKCL010000002.1.region001.gbk	2
enterobacterales	Pectobacterium_atrosepticum_SCRI1113/NZ_JCAKCK010000002.1.region001.gbk	2
enterobacterales	Pectobacterium_atrosepticum_SCRI1114/NZ_JCAKCJ010000001.1.region001.gbk	2
enterobacterales	Pectobacterium_atrosepticum_SCRI1115/NZ_JCAKCI010000008.1.region001.gbk	2
enterobacterales	Pectobacterium_atrosepticum_SCRI1116/NZ_JCAKCH010000002.1.region001.gbk	2
enterobacterales	Pectobacterium_atrosepticum_SCRI1117/NZ_JCAKCG010000003.1.region001.gbk	2
enterobacterales	Pectobacterium_atrosepticum_SCRI1118/NZ_JCAKCF010000004.1.region001.gbk	2
enterobacterales	Pectobacterium_atrosepticum_SCRI1120/NZ_JCAKCE010000006.1.region001.gbk	2
enterobacterales	Pectobacterium_atrosepticum_SCRI1121/NZ_JCAKCD010000008.1.region001.gbk	2
enterobacterales	Pectobacterium_atrosepticum_SCRI1124/NZ_JCAKCC010000004.1.region001.gbk	2
enterobacterales	Pectobacterium_atrosepticum_SCRIG0098/NZ_JCAKCB010000001.1.region001.gbk	2
enterobacterales	Pectobacterium_atrosepticum_SCRIG0412/NZ_JCAKBZ010000020.1.region001.gbk	2
enterobacterales	Pectobacterium_atrosepticum_SCRIG0414/NZ_JCAKBY010000001.1.region001.gbk	2
enterobacterales	Pectobacterium_atrosepticum_SCRIG0426/NZ_JCAKBX010000002.1.region001.gbk	2
enterobacterales	Pectobacterium_atrosepticum_SCRIG0427/NZ_JCAKBW010000001.1.region001.gbk	2
enterobacterales	Pectobacterium_atrosepticum_SCRIG0428/NZ_JCAKBV010000002.1.region001.gbk	2
enterobacterales	Pectobacterium_atrosepticum_SCRIG0429/NZ_JCAKBU010000002.1.region001.gbk	2
enterobacterales	Pectobacterium_atrosepticum_SCRIG0430/NZ_JCAKBT010000018.1.region001.gbk	2
enterobacterales	Pectobacterium_atrosepticum_SCRIGrt43/NZ_JCAKCA010000002.1.region001.gbk	2
enterobacterales	Pectobacterium_atrosepticum_SS26/NZ_QESY01000033.1.region001.gbk	2
enterobacterales	Pectobacterium_atrosepticum_ZRIMU1213/NZ_JAQYUW010000003.1.region001.gbk	2
enterobacterales	Pectobacterium_brasiliense_130/NZ_CP092039.1.region001.gbk	0
enterobacterales	Pectobacterium_brasiliense_1950-11/NZ_JBBBQV010000004.1.region001.gbk	0
enterobacterales	Pectobacterium_brasiliense_1950-8/NZ_JBBBPR010000024.1.region001.gbk	1
enterobacterales	Pectobacterium_brasiliense_1950-9/NZ_JBBBPQ010000004.1.region001.gbk	1
enterobacterales	Pectobacterium_brasiliense_1Aia/NZ_JAYGXQ010000046.1.region001.gbk	0
enterobacterales	Pectobacterium_brasiliense_1Aia_d/NZ_JAYGXR010000050.1.region001.gbk	0
enterobacterales	Pectobacterium_brasiliense_25ASUB12/NZ_CM143681.1.region001.gbk	4
enterobacterales	Pectobacterium_brasiliense_80519-93/NZ_CM181963.1.region001.gbk	1
enterobacterales	Pectobacterium_brasiliense_80521-93/NZ_CM181962.1.region001.gbk	1
enterobacterales	Pectobacterium_brasiliense_81145-96A/NZ_CM181955.1.region001.gbk	2
enterobacterales	Pectobacterium_brasiliense_A1/NZ_JAESHW010000074.1.region001.gbk	1
enterobacterales	Pectobacterium_brasiliense_BF45/NZ_NCQL02000002.1.region001.gbk	0
enterobacterales	Pectobacterium_brasiliense_BL-2/NZ_JAFJZU010000004.1.region001.gbk	2
enterobacterales	Pectobacterium_brasiliense_BP7081/NZ_CP189679.1.region001.gbk	1
enterobacterales	Pectobacterium_brasiliense_BS1113/NZ_CM128641.1.region001.gbk	0
enterobacterales	Pectobacterium_brasiliense_BSRLOP2CAB/NZ_CP170503.1.region001.gbk	0
enterobacterales	Pectobacterium_brasiliense_BSROG1CAUL_A/NZ_CP146222.1.region001.gbk	1
enterobacterales	Pectobacterium_brasiliense_CFBP5381/NZ_JACDSC010000004.1.region001.gbk	1
enterobacterales	Pectobacterium_brasiliense_CFBP7357/NZ_JACDSB010000001.1.region001.gbk	0
enterobacterales	Pectobacterium_brasiliense_CFIA1001/NZ_JPSM01000013.1.region001.gbk	1
enterobacterales	Pectobacterium_brasiliense_CFIA1009/NZ_JPSN01000005.1.region001.gbk	1
enterobacterales	Pectobacterium_brasiliense_CJ5-2/NZ_CM173486.1.region001.gbk	0
enterobacterales	Pectobacterium_brasiliense_F126/NZ_CP065031.1.region001.gbk	0
enterobacterales	Pectobacterium_brasiliense_F157/NZ_PJDL01000003.1.region001.gbk	1
enterobacterales	Pectobacterium_brasiliense_GCF_922014665.1/NZ_CAKLIH010000005.1.region001.gbk	0
enterobacterales	Pectobacterium_brasiliense_GG-2024-PCC-0017/NZ_JCAMQW010000006.1.region001.gbk	1
enterobacterales	Pectobacterium_brasiliense_IPO:0821_SCRI:133/NZ_JACGFP010000002.1.region001.gbk	0
enterobacterales	Pectobacterium_brasiliense_IPO:3630/NZ_JACHAU010000002.1.region001.gbk	0
enterobacterales	Pectobacterium_brasiliense_IPO:3643/NZ_JACGFL010000001.1.region001.gbk	0
enterobacterales	Pectobacterium_brasiliense_IPO:3644/NZ_JACGFK010000052.1.region001.gbk	0
enterobacterales	Pectobacterium_brasiliense_IPO:3649_NAK:375/NZ_CP059963.1.region001.gbk	0
enterobacterales	Pectobacterium_brasiliense_IPO:3649_NAK:55/NZ_JACGZY010000006.1.region001.gbk	0
enterobacterales	Pectobacterium_brasiliense_IPO:3650_NAK:376/NZ_JACHAK010000001.1.region001.gbk	0
enterobacterales	Pectobacterium_brasiliense_IPO:3707_NAK:377_77a/NZ_JACHAJ010000001.1.region001.gbk	0
enterobacterales	Pectobacterium_brasiliense_IPO:3708_NAK:378_99a/NZ_JACHAI010000004.1.region001.gbk	0
enterobacterales	Pectobacterium_brasiliense_IPO:3709_NAK:379_112-1c/NZ_JACHAH010000017.1.region001.gbk	0
enterobacterales	Pectobacterium_brasiliense_IPO:3710_NAK:380/NZ_CP059962.1.region001.gbk	0
enterobacterales	Pectobacterium_brasiliense_IPO:3711_NAK:381/NZ_JACGEV010000005.1.region001.gbk	0
enterobacterales	Pectobacterium_brasiliense_IPO:3843_JGAR:11/NZ_JACGFI010000001.1.region001.gbk	0
enterobacterales	Pectobacterium_brasiliense_IPO:3844_NAK:382_JGAR:12/NZ_JACGFH010000001.1.region001.gbk	0
enterobacterales	Pectobacterium_brasiliense_IPO:4055_NAK:152_GBBC:1819/NZ_JACGFC010000004.1.region001.gbk	0
enterobacterales	Pectobacterium_brasiliense_IPO:4056_NAK:264_GBBC:1756/NZ_JACGEW010000003.1.region001.gbk	1
enterobacterales	Pectobacterium_brasiliense_IPO:4057_NAK:249/NZ_CP059961.1.region001.gbk	0
enterobacterales	Pectobacterium_brasiliense_IPO:4058_NAK:235/NZ_JACHAQ010000007.1.region001.gbk	0
enterobacterales	Pectobacterium_brasiliense_IPO:4060_NAK:251/NZ_CP059960.1.region001.gbk	0
enterobacterales	Pectobacterium_brasiliense_IPO:4062_NAK:237/NZ_CP059959.1.region001.gbk	0
enterobacterales	Pectobacterium_brasiliense_IPO:4064_NAK:242/NZ_JACGFF010000022.1.region001.gbk	2
enterobacterales	Pectobacterium_brasiliense_IPO:4065_NAK:223/NZ_CP059958.1.region001.gbk	0
enterobacterales	Pectobacterium_brasiliense_IPO:4066_NAK:259/NZ_JACHAL010000002.1.region001.gbk	0
enterobacterales	Pectobacterium_brasiliense_IPO:4067_NAK:257/NZ_JACGFE010000001.1.region001.gbk	1
enterobacterales	Pectobacterium_brasiliense_IPO:4071_NAK:240/NZ_CP059957.1.region001.gbk	0
enterobacterales	Pectobacterium_brasiliense_IPO:4073_NAK:248/NZ_JACGEZ010000004.1.region001.gbk	0
enterobacterales	Pectobacterium_brasiliense_IPO:4131_NAK:399_JGAR:16_180717-4/NZ_JACGER010000013.1.region001.gbk	1
enterobacterales	Pectobacterium_brasiliense_IPO:4132_NAK:239/NZ_CP059956.1.region001.gbk	2
enterobacterales	Pectobacterium_brasiliense_IPO:4134_NAK:395/NZ_CP059955.1.region001.gbk	0
enterobacterales	Pectobacterium_brasiliense_IPO:4135_NAK:383/NZ_JACGEU010000001.1.region001.gbk	0
enterobacterales	Pectobacterium_brasiliense_JGAR-030718-1/NZ_JBFSWQ010000002.1.region001.gbk	1
enterobacterales	Pectobacterium_brasiliense_JGAR-080719-2/NZ_JBFSWP010000001.1.region001.gbk	1
enterobacterales	Pectobacterium_brasiliense_JGAR-100719-1/NZ_JBFSWO010000002.1.region001.gbk	1
enterobacterales	Pectobacterium_brasiliense_JGAR-120719-4/NZ_JBFSWN010000002.1.region001.gbk	1
enterobacterales	Pectobacterium_brasiliense_L25F-74/NZ_JBPCZN010000001.1.region001.gbk	0
enterobacterales	Pectobacterium_brasiliense_NAK238/NZ_JBFSWM010000006.1.region001.gbk	0
enterobacterales	Pectobacterium_brasiliense_NAK246/NZ_JBFSWL010000007.1.region001.gbk	0
enterobacterales	Pectobacterium_brasiliense_NAK616/NZ_JBFSWK010000005.1.region001.gbk	1
enterobacterales	Pectobacterium_brasiliense_NAK617/NZ_JBFSWJ010000015.1.region001.gbk	1
enterobacterales	Pectobacterium_brasiliense_NAK638/NZ_JBFSWI010000004.1.region001.gbk	1
enterobacterales	Pectobacterium_brasiliense_NAK641/NZ_JBFSWH010000010.1.region001.gbk	1
enterobacterales	Pectobacterium_brasiliense_NAK644/NZ_JBFSWG010000001.1.region001.gbk	1
enterobacterales	Pectobacterium_brasiliense_NAK650/NZ_JBFSWF010000006.1.region001.gbk	1
enterobacterales	Pectobacterium_brasiliense_NAK673/NZ_JBFSWE010000004.1.region001.gbk	1
enterobacterales	Pectobacterium_brasiliense_NAK679/NZ_JBFSWD010000004.1.region001.gbk	0
enterobacterales	Pectobacterium_brasiliense_NAK682/NZ_JBFSWC010000002.1.region001.gbk	0
enterobacterales	Pectobacterium_brasiliense_NAK683/NZ_JBFSWB010000005.1.region001.gbk	1
enterobacterales	Pectobacterium_brasiliense_NAK698/NZ_JBFSWA010000010.1.region001.gbk	0
enterobacterales	Pectobacterium_brasiliense_NAK701/NZ_JBFSVY010000005.1.region001.gbk	0
enterobacterales	Pectobacterium_brasiliense_NAK716/NZ_JBFSVW010000007.1.region001.gbk	0
enterobacterales	Pectobacterium_brasiliense_NAK719/NZ_JBFSVV010000006.1.region001.gbk	0
enterobacterales	Pectobacterium_brasiliense_NAK727/NZ_JBFSVU010000015.1.region001.gbk	0
enterobacterales	Pectobacterium_brasiliense_NAK:241/NZ_JACHAP010000002.1.region001.gbk	0
enterobacterales	Pectobacterium_brasiliense_NAK:243/NZ_JACHAO010000002.1.region001.gbk	0
enterobacterales	Pectobacterium_brasiliense_NAK:247/NZ_JACGFA010000004.1.region001.gbk	0
enterobacterales	Pectobacterium_brasiliense_NAK:250/NZ_JACHAN010000002.1.region001.gbk	0
enterobacterales	Pectobacterium_brasiliense_NAK:254/NZ_JACHAM010000008.1.region001.gbk	1
enterobacterales	Pectobacterium_brasiliense_NAK:384/NZ_JACGET010000011.1.region001.gbk	0
enterobacterales	Pectobacterium_brasiliense_NAK:396/NZ_JACGES010000001.1.region001.gbk	0
enterobacterales	Pectobacterium_brasiliense_NAK:397/NZ_JACHAF010000005.1.region001.gbk	0
enterobacterales	Pectobacterium_brasiliense_NAK:430/NZ_JACHAE010000003.1.region001.gbk	0
enterobacterales	Pectobacterium_brasiliense_NAK:431/NZ_JACGEQ010000010.1.region001.gbk	0
enterobacterales	Pectobacterium_brasiliense_NAK:466/NZ_JACHAB010000004.1.region001.gbk	1
enterobacterales	Pectobacterium_brasiliense_NJAU130/NZ_JAXHOX010000035.1.region001.gbk	2
enterobacterales	Pectobacterium_brasiliense_NJAU131/NZ_JAXHOW010000004.1.region001.gbk	1
enterobacterales	Pectobacterium_brasiliense_NJAU132/NZ_JAXHOV010000002.1.region001.gbk	0
enterobacterales	Pectobacterium_brasiliense_NJAU170/NZ_JAXHQJ010000003.1.region001.gbk	1
enterobacterales	Pectobacterium_brasiliense_NJAU21/NZ_JAXHPB010000007.1.region001.gbk	0
enterobacterales	Pectobacterium_brasiliense_NK5/NZ_BSWF01000001.1.region001.gbk	1
enterobacterales	Pectobacterium_brasiliense_NY1453A/NZ_JBBBPF010000016.1.region001.gbk	1
enterobacterales	Pectobacterium_brasiliense_NY1563A/NZ_JBBBPC010000014.1.region001.gbk	0
enterobacterales	Pectobacterium_brasiliense_PD_6952/NZ_JBEHET010000054.1.region001.gbk	0
enterobacterales	Pectobacterium_brasiliense_PD_7079/NZ_JBEHEY010000016.1.region001.gbk	1
enterobacterales	Pectobacterium_brasiliense_PD_8610/NZ_JBEHEI010000011.1.region001.gbk	0
enterobacterales	Pectobacterium_brasiliense_PD_8611/NZ_JBEHEJ010000063.1.region001.gbk	0
enterobacterales	Pectobacterium_brasiliense_PP1/NZ_JBVFLC010000002.1.region001.gbk	0
enterobacterales	Pectobacterium_brasiliense_PP2/NZ_JBVFLB010000002.1.region001.gbk	0
enterobacterales	Pectobacterium_brasiliense_PP5/NZ_JBVFLA010000002.1.region001.gbk	0
enterobacterales	Pectobacterium_brasiliense_S2/NZ_JUJF01000027.1.region001.gbk	1
enterobacterales	Pectobacterium_brasiliense_TS20HJ1/NZ_CP085633.1.region001.gbk	1
enterobacterales	Pectobacterium_brasiliense_Y3/NZ_JUJM01000002.1.region001.gbk	1
enterobacterales	Pectobacterium_brasiliense_Y49/NZ_JUJB01000002.1.region001.gbk	1
enterobacterales	Pectobacterium_brasiliense_Y52/NZ_JUJC01000001.1.region001.gbk	1
enterobacterales	Pectobacterium_brasiliense_Y60/NZ_JUJP01000005.1.region001.gbk	1
enterobacterales	Pectobacterium_brasiliense_Y62/NZ_JUJD01000007.1.region001.gbk	1
enterobacterales	Pectobacterium_brasiliense_ZLMLSHJ5/NZ_CP063241.1.region001.gbk	1
enterobacterales	Pectobacterium_brasiliense_ZRIMU1030/NZ_JAQRHS010000002.1.region001.gbk	1
enterobacterales	Pectobacterium_brasiliense_ZRIMU1701SM/NZ_CP136134.1.region001.gbk	1
enterobacterales	Pectobacterium_brasiliense_ZRIMU1702DQ/NZ_CP136135.1.region001.gbk	1
enterobacterales	Pectobacterium_cacticida_CFBP3628/NZ_CP133656.1.region001.gbk	3
enterobacterales	Pectobacterium_cacticida_CFCC10813/NZ_CP109947.1.region001.gbk	3
enterobacterales	Pectobacterium_cacticida_DPMP14/NZ_JASITK010000067.1.region001.gbk	1
enterobacterales	Pectobacterium_cacticida_DPMP6/NZ_CP125967.1.region001.gbk	3
enterobacterales	Pectobacterium_cacticida_DPMP7/NZ_JASITJ010000025.1.region001.gbk	2
enterobacterales	Pectobacterium_cacticida_ICMP_11136/NZ_JBHLXY010000001.1.region001.gbk	3
enterobacterales	Pectobacterium_cacticida_LMG_17936/NZ_JBEHEL010000010.1.region001.gbk	3
enterobacterales	Pectobacterium_cacticida_LMG_2720/NZ_CM191264.1.region001.gbk	1
enterobacterales	Pectobacterium_carotovorum_22ZTDG03-5/NZ_JBIXLC010000005.1.region001.gbk	0
enterobacterales	Pectobacterium_carotovorum_HG-49/NZ_CP032619.1.region001.gbk	1
enterobacterales	Pectobacterium_carotovorum_S1.16.01.3K/NZ_QZDG01000008.1.region001.gbk	0
enterobacterales	Pectobacterium_carotovorum_S4.16.03.1C/NZ_QZDI01000015.1.region001.gbk	0
enterobacterales	Pectobacterium_carotovorum_subsp._carotovorum_MAFF_301645/NZ_BRCL01000002.1.region001.gbk	1
enterobacterales	Pectobacterium_carotovorum_subsp._carotovorum_PC1/NC_012917.1.region001.gbk	0
enterobacterales	Pectobacterium_carotovorum_subsp._carotovorum_PCC21/NC_018525.1.region001.gbk	1
enterobacterales	Pectobacterium_carotovorum_subsp._carotovorum_PCCS1/NZ_CP063773.1.region001.gbk	0
enterobacterales	Pectobacterium_carotovorum_subsp._carotovorum_PCCS1_2/NZ_AOBW01000001.1.region001.gbk	0
enterobacterales	Pectobacterium_carotovorum_subsp._carotovorum_ZJ-4-2/NZ_CP117874.1.region001.gbk	0
enterobacterales	Pectobacterium_colocasium_LJ1/NZ_CP084032.1.region001.gbk	0
enterobacterales	Pectobacterium_colocasium_MT27-1/NZ_CP140126.1.region001.gbk	0
enterobacterales	Pectobacterium_colocasium_PL155/NZ_CP118921.1.region001.gbk	1
enterobacterales	Pectobacterium_colocasium_ZXC0623/NZ_CM167678.1.region001.gbk	0
enterobacterales	Pectobacterium_fontis_M022/NZ_JSXC01000064.1.region001.gbk	1
enterobacterales	Pectobacterium_jejuense_22LXZD03-01/NZ_JBIXLB010000005.1.region001.gbk	0
enterobacterales	Pectobacterium_jejuense_22LXZD03-03/NZ_JBIXLA010000005.1.region001.gbk	0
enterobacterales	Pectobacterium_jejuense_22LXZD03-05/NZ_JBIXKZ010000005.1.region001.gbk	1
enterobacterales	Pectobacterium_jejuense_PD_7434/NZ_JBEHFG010000021.1.region001.gbk	2
enterobacterales	Pectobacterium_nicotianae_21LCBS03/NZ_CP096821.1.region001.gbk	0
enterobacterales	Pectobacterium_parmentieri_15A54/NZ_JBBBRB010000063.1.region001.gbk	0
enterobacterales	Pectobacterium_parmentieri_18B43/NZ_JBBBQX010000032.1.region001.gbk	0
enterobacterales	Pectobacterium_parmentieri_1950-19/NZ_JBBBQO010000003.1.region001.gbk	0
enterobacterales	Pectobacterium_parmentieri_BP9038/NZ_JAWQQF010000012.1.region001.gbk	0
enterobacterales	Pectobacterium_parmentieri_BP9083/NZ_JAWQQI010000004.1.region001.gbk	0
enterobacterales	Pectobacterium_parmentieri_BP9083_2/NZ_CP189678.1.region001.gbk	0
enterobacterales	Pectobacterium_parmentieri_BP9089/NZ_JAWQQJ010000003.1.region001.gbk	0
enterobacterales	Pectobacterium_parmentieri_BP9234/NZ_JAWQQT010000011.1.region001.gbk	0
enterobacterales	Pectobacterium_parmentieri_BP9302/NZ_JAWQQW010000003.1.region001.gbk	0
enterobacterales	Pectobacterium_parmentieri_BP9384/NZ_JAWQQZ010000011.1.region001.gbk	0
enterobacterales	Pectobacterium_parmentieri_CFIA1002/NZ_JENG01000005.1.region001.gbk	0
enterobacterales	Pectobacterium_parmentieri_Ec-009/NZ_SGQD01000003.1.region001.gbk	0
enterobacterales	Pectobacterium_parmentieri_Ec-010/NZ_SGQC01000004.1.region001.gbk	0
enterobacterales	Pectobacterium_parmentieri_HC/NZ_CP046376.1.region001.gbk	0
enterobacterales	Pectobacterium_parmentieri_ICMP_8974/NZ_CM191269.1.region001.gbk	0
enterobacterales	Pectobacterium_parmentieri_IFB5408/NZ_CP026977.1.region001.gbk	0
enterobacterales	Pectobacterium_parmentieri_IFB5427/NZ_CP027260.1.region001.gbk	0
enterobacterales	Pectobacterium_parmentieri_IFB5432/NZ_CP026979.1.region001.gbk	0
enterobacterales	Pectobacterium_parmentieri_IFB5441/NZ_CP026980.1.region001.gbk	0
enterobacterales	Pectobacterium_parmentieri_IFB5485/NZ_CP026981.1.region001.gbk	0
enterobacterales	Pectobacterium_parmentieri_IFB5486/NZ_CP026982.1.region001.gbk	0
enterobacterales	Pectobacterium_parmentieri_IFB5597/NZ_PSZH01000001.1.region001.gbk	0
enterobacterales	Pectobacterium_parmentieri_IFB5604/NZ_CP026983.1.region001.gbk	0
enterobacterales	Pectobacterium_parmentieri_IFB5605/NZ_CP026984.1.region001.gbk	0
enterobacterales	Pectobacterium_parmentieri_IFB5619/NZ_CP026985.1.region001.gbk	0
enterobacterales	Pectobacterium_parmentieri_IFB5623/NZ_CP026986.1.region001.gbk	0
enterobacterales	Pectobacterium_parmentieri_IFB5626/NZ_PSZG01000002.1.region001.gbk	0
enterobacterales	Pectobacterium_parmentieri_IPO:1955/NZ_JACGFO010000015.1.region001.gbk	0
enterobacterales	Pectobacterium_parmentieri_JB88B/NZ_JBBBPJ010000037.1.region001.gbk	0
enterobacterales	Pectobacterium_parmentieri_LMG_29774/NZ_JBEHEM010000027.1.region001.gbk	0
enterobacterales	Pectobacterium_parmentieri_ME175/NZ_JBBBPG010000040.1.region001.gbk	0
enterobacterales	Pectobacterium_parmentieri_NK14/NZ_BSWE01000003.1.region001.gbk	0
enterobacterales	Pectobacterium_parmentieri_NY1532B/NZ_WABL01000033.1.region001.gbk	0
enterobacterales	Pectobacterium_parmentieri_NY1533B/NZ_WABM01000044.1.region001.gbk	0
enterobacterales	Pectobacterium_parmentieri_NY1540A/NZ_WABN01000045.1.region001.gbk	0
enterobacterales	Pectobacterium_parmentieri_NY1548A/NZ_WABO01000047.1.region001.gbk	0
enterobacterales	Pectobacterium_parmentieri_NY1584A/NZ_WABP01000034.1.region001.gbk	0
enterobacterales	Pectobacterium_parmentieri_NY1585A/NZ_WABQ01000045.1.region001.gbk	0
enterobacterales	Pectobacterium_parmentieri_NY1586A/NZ_JBBBPB010000036.1.region001.gbk	0
enterobacterales	Pectobacterium_parmentieri_NY1587A/NZ_WABR01000037.1.region001.gbk	0
enterobacterales	Pectobacterium_parmentieri_NY1588A/NZ_WABS01000047.1.region001.gbk	0
enterobacterales	Pectobacterium_parmentieri_NY1712A/NZ_WABT01000033.1.region001.gbk	0
enterobacterales	Pectobacterium_parmentieri_NY1722A/NZ_WABU01000033.1.region001.gbk	0
enterobacterales	Pectobacterium_parmentieri_NY1887/NZ_JBBBOZ010000004.1.region001.gbk	0
enterobacterales	Pectobacterium_parmentieri_NY1889/NZ_JBBBOX010000002.1.region001.gbk	0
enterobacterales	Pectobacterium_parmentieri_PB20/NZ_CP065036.1.region001.gbk	0
enterobacterales	Pectobacterium_parmentieri_PD_5801/NZ_JBEHEQ010000026.1.region001.gbk	0
enterobacterales	Pectobacterium_parmentieri_QK-5/NZ_CP062254.1.region001.gbk	0
enterobacterales	Pectobacterium_parmentieri_RNS_08-42-1A/NZ_KN151106.1.region001.gbk	0
enterobacterales	Pectobacterium_parmentieri_RNS_08-42-1A_2/NZ_CP015749.1.region001.gbk	0
enterobacterales	Pectobacterium_parmentieri_SCC3193/NC_017845.1.region001.gbk	0
enterobacterales	Pectobacterium_parmentieri_SS90/NZ_QESW01000011.1.region001.gbk	0
enterobacterales	Pectobacterium_parmentieri_UW021-1/NZ_JBBBOK010000005.1.region001.gbk	0
enterobacterales	Pectobacterium_parmentieri_UW021-11/NZ_JBBBOJ010000015.1.region001.gbk	0
enterobacterales	Pectobacterium_parmentieri_UW021-12/NZ_JBBBOI010000015.1.region001.gbk	0
enterobacterales	Pectobacterium_parmentieri_UW021-19/NZ_JBBBOH010000004.1.region001.gbk	0
enterobacterales	Pectobacterium_parmentieri_UW021-3/NZ_JBBBOG010000018.1.region001.gbk	0
enterobacterales	Pectobacterium_parmentieri_UW021-4/NZ_JBBBOF010000004.1.region001.gbk	0
enterobacterales	Pectobacterium_parmentieri_UW021-5/NZ_JBBBOE010000024.1.region001.gbk	0
enterobacterales	Pectobacterium_parmentieri_UW021-6/NZ_JBBBOD010000004.1.region001.gbk	0
enterobacterales	Pectobacterium_parmentieri_UW021-7/NZ_JBBBOC010000015.1.region001.gbk	0
enterobacterales	Pectobacterium_parmentieri_UW021-8/NZ_JBBBOB010000004.1.region001.gbk	0
enterobacterales	Pectobacterium_parmentieri_UW021-9/NZ_JBBBOA010000004.1.region001.gbk	0
enterobacterales	Pectobacterium_parmentieri_WC19161/NZ_CP065946.1.region001.gbk	0
enterobacterales	Pectobacterium_parmentieri_WPP163/NC_013421.1.region001.gbk	0
enterobacterales	Pectobacterium_parvum_22KMSM06/NZ_JBIXKI010000018.1.region001.gbk	1
enterobacterales	Pectobacterium_parvum_22KMSM16/NZ_JBIXKH010000018.1.region001.gbk	1
enterobacterales	Pectobacterium_parvum_22LCSJ05-1/NZ_JBIXKG010000017.1.region001.gbk	1
enterobacterales	Pectobacterium_parvum_22QBSP01-2/NZ_JBIXKD010000018.1.region001.gbk	1
enterobacterales	Pectobacterium_parvum_FN20211/NZ_CP087392.1.region001.gbk	1
enterobacterales	Pectobacterium_parvum_IFB5220/NZ_PHSZ01000018.1.region001.gbk	1
enterobacterales	Pectobacterium_parvum_LMG_30828/NZ_JBEHEN010000036.1.region001.gbk	1
enterobacterales	Pectobacterium_parvum_MAFF_301879/NZ_BRCW01000012.1.region001.gbk	1
enterobacterales	Pectobacterium_parvum_NY1749A/NZ_JBBBPA010000092.1.region001.gbk	0
enterobacterales	Pectobacterium_parvum_PZ1/NZ_CP046377.1.region001.gbk	1
enterobacterales	Pectobacterium_parvum_SR140/NZ_CM174539.1.region001.gbk	1
enterobacterales	Pectobacterium_parvum_WBC1/NZ_WUCN01000018.1.region001.gbk	1
enterobacterales	Pectobacterium_parvum_WBC11/NZ_WUBF01000016.1.region001.gbk	1
enterobacterales	Pectobacterium_parvum_WBC6/NZ_WUCO01000018.1.region001.gbk	1
enterobacterales	Pectobacterium_parvum_WBC9/NZ_WUBE01000016.1.region001.gbk	1
enterobacterales	Pectobacterium_parvum_YT22221/NZ_CP102749.1.region001.gbk	1
enterobacterales	Pectobacterium_parvum_s0421/NZ_OANP03000022.1.region001.gbk	0
enterobacterales	Pectobacterium_peruviense_A350-S18-N16/NZ_CP161826.1.region001.gbk	2
enterobacterales	Pectobacterium_peruviense_A97-S13-F16/NZ_PYUO01000007.1.region001.gbk	2
enterobacterales	Pectobacterium_peruviense_IFB5229/NZ_LUBB01000009.1.region001.gbk	2
enterobacterales	Pectobacterium_peruviense_IFB5232/NZ_LXFV01000005.1.region001.gbk	2
enterobacterales	Pectobacterium_peruviense_UGC32/NZ_AODU01000004.1.region001.gbk	2
enterobacterales	Pectobacterium_polaris_A3/NZ_JAESHX010000012.1.region001.gbk	1
enterobacterales	Pectobacterium_polaris_A447-S21-J17/NZ_JAIZGK010000003.1.region001.gbk	1
enterobacterales	Pectobacterium_polaris_A641-S6-A17/NZ_JAIZGL010000002.1.region001.gbk	0
enterobacterales	Pectobacterium_polaris_A668-S6-A17/NZ_JAIZGM010000001.1.region001.gbk	1
enterobacterales	Pectobacterium_polaris_BP9026/NZ_JAWQQE010000003.1.region001.gbk	1
enterobacterales	Pectobacterium_polaris_BP9026_2/NZ_CP189681.1.region001.gbk	1
enterobacterales	Pectobacterium_polaris_CM22112/NZ_JAREIO010000001.1.region001.gbk	0
enterobacterales	Pectobacterium_polaris_CM22132/NZ_JAREIN010000001.1.region001.gbk	1
enterobacterales	Pectobacterium_polaris_DSM_105255/NZ_JBEHEB010000009.1.region001.gbk	1
enterobacterales	Pectobacterium_polaris_Ec-137/NZ_SGPZ01000001.1.region001.gbk	1
enterobacterales	Pectobacterium_polaris_Ec-140/NZ_SGPY01000005.1.region001.gbk	1
enterobacterales	Pectobacterium_polaris_Ec-143/NZ_SGPX01000005.1.region001.gbk	1
enterobacterales	Pectobacterium_polaris_Ec-173/NZ_SGPT01000004.1.region001.gbk	0
enterobacterales	Pectobacterium_polaris_F109/NZ_RRYS01000011.1.region001.gbk	1
enterobacterales	Pectobacterium_polaris_GCF_902143335.1/NZ_CABFUW010000005.1.region001.gbk	0
enterobacterales	Pectobacterium_polaris_GCF_902143345.1/NZ_CABFUY010000006.1.region001.gbk	2
enterobacterales	Pectobacterium_polaris_GCF_902143355.1/NZ_CABFUV010000013.1.region001.gbk	1
enterobacterales	Pectobacterium_polaris_GCF_902143365.1/NZ_CABFUX010000009.1.region001.gbk	0
enterobacterales	Pectobacterium_polaris_GCF_902167255.1/NZ_CABHLY010000010.1.region001.gbk	0
enterobacterales	Pectobacterium_polaris_GCF_922037565.1/NZ_CAKLIY010000001.1.region001.gbk	0
enterobacterales	Pectobacterium_polaris_IFB5222/NZ_PHSV01000001.1.region001.gbk	0
enterobacterales	Pectobacterium_polaris_IFB5223/NZ_PHSY01000002.1.region001.gbk	1
enterobacterales	Pectobacterium_polaris_IFB5252/NZ_PHSX01000004.1.region001.gbk	1
enterobacterales	Pectobacterium_polaris_L25F-105/NZ_JBPCZO010000001.1.region001.gbk	1
enterobacterales	Pectobacterium_polaris_LMG_2406/NZ_CM191326.1.region001.gbk	0
enterobacterales	Pectobacterium_polaris_NAK:226/NZ_JACHAS010000010.1.region001.gbk	1
enterobacterales	Pectobacterium_polaris_NIBIO1006/NZ_CP017481.1.region001.gbk	1
enterobacterales	Pectobacterium_polaris_NIBIO1392/NZ_CP017482.1.region001.gbk	1
enterobacterales	Pectobacterium_polaris_PD_7233/NZ_JBEHFD010000016.1.region001.gbk	1
enterobacterales	Pectobacterium_polaris_PS1986/NZ_JBYRGS010000004.1.region001.gbk	1
enterobacterales	Pectobacterium_polaris_QK413-1/NZ_CP077421.1.region001.gbk	1
enterobacterales	Pectobacterium_polaris_SR47/NZ_CM174540.1.region001.gbk	2
enterobacterales	Pectobacterium_polaris_SRB2/NZ_JBEGDN010000011.1.region001.gbk	1
enterobacterales	Pectobacterium_polaris_SS28/NZ_QESX01000001.1.region001.gbk	1
enterobacterales	Pectobacterium_polaris_ZRIMU1022/NZ_JAQRHQ010000001.1.region001.gbk	2
enterobacterales	Pectobacterium_punjabense_22DLYP03-2/NZ_JBIXKF010000005.1.region001.gbk	1
enterobacterales	Pectobacterium_punjabense_22LJNL06-3-2/NZ_JBIXKC010000007.1.region001.gbk	1
enterobacterales	Pectobacterium_punjabense_80689-93/NZ_CM181959.1.region001.gbk	1
enterobacterales	Pectobacterium_punjabense_80690-93/NZ_CM181958.1.region001.gbk	1
enterobacterales	Pectobacterium_punjabense_BP9017/NZ_JAWQQC010000010.1.region001.gbk	1
enterobacterales	Pectobacterium_punjabense_BP9017_2/NZ_CP189682.1.region001.gbk	1
enterobacterales	Pectobacterium_punjabense_IPO3715/NZ_JADDMS010000032.1.region001.gbk	1
enterobacterales	Pectobacterium_punjabense_IPO:3715_SV1490b/NZ_JACGFJ010000001.1.region001.gbk	2
enterobacterales	Pectobacterium_punjabense_L25F-83/NZ_JBPCZP010000002.1.region001.gbk	1
enterobacterales	Pectobacterium_punjabense_P9A19a/NZ_JADARA010000028.1.region001.gbk	0
enterobacterales	Pectobacterium_punjabense_PD_5156/NZ_JBEHEO010000039.1.region001.gbk	1
enterobacterales	Pectobacterium_punjabense_RNS08-28/NZ_JADARB010000066.1.region001.gbk	0
enterobacterales	Pectobacterium_punjabense_SR15/NZ_CM174538.1.region001.gbk	1
enterobacterales	Pectobacterium_punjabense_SR163/NZ_CM174536.1.region001.gbk	1
enterobacterales	Pectobacterium_punjabense_SR164/NZ_CM174535.1.region001.gbk	1
enterobacterales	Pectobacterium_punjabense_SR28/NZ_CM174537.1.region001.gbk	1
enterobacterales	Pectobacterium_punjabense_SS95/NZ_PYSO01000036.1.region001.gbk	0
enterobacterales	Pectobacterium_punjabense_SS95_2/NZ_CP038498.1.region001.gbk	0
enterobacterales	Pectobacterium_punjabense_Saturn/NZ_JBBWSM010000008.1.region001.gbk	1
enterobacterales	Pectobacterium_punjabense_ZRIMU1523/NZ_JAQRHR010000014.1.region001.gbk	1
enterobacterales	Pectobacterium_sp._1950-15/NZ_JBBBQR010000002.1.region001.gbk	1
enterobacterales	Pectobacterium_sp._CHL-2024_21LCBS02/NZ_JBIXKY010000003.1.region001.gbk	1
enterobacterales	Pectobacterium_sp._CHL-2024_22DLYP08/NZ_JBIXKX010000047.1.region001.gbk	0
enterobacterales	Pectobacterium_sp._CHL-2024_22KMSM01/NZ_JBIXKW010000001.1.region001.gbk	0
enterobacterales	Pectobacterium_sp._CHL-2024_22LCQN01-5/NZ_JBIXKT010000001.1.region001.gbk	1
enterobacterales	Pectobacterium_sp._CHL-2024_22LCQN02-1/NZ_JBIXKS010000004.1.region001.gbk	0
enterobacterales	Pectobacterium_sp._CHL-2024_22LCQN02-2/NZ_JBIXKR010000002.1.region001.gbk	2
enterobacterales	Pectobacterium_sp._CHL-2024_22LJYL01-1/NZ_JBIXKP010000001.1.region001.gbk	1
enterobacterales	Pectobacterium_sp._CHL-2024_22LXZD03-04/NZ_JBIXKO010000004.1.region001.gbk	1
enterobacterales	Pectobacterium_sp._CHL-2024_22ZTDG03-4/NZ_JBIXKN010000007.1.region001.gbk	1
enterobacterales	Pectobacterium_sp._CHL-2024_DL10-2-1/NZ_JBIXKK010000001.1.region001.gbk	0
enterobacterales	Pectobacterium_sp._CHL-2024_DL6-4/NZ_JBIXKL010000001.1.region001.gbk	0
enterobacterales	Pectobacterium_sp._CHL-2024_SJHS3-1/NZ_JBIXKJ010000017.1.region001.gbk	0
enterobacterales	Pectobacterium_sp._F1-1/NZ_CP104733.1.region001.gbk	0
enterobacterales	Pectobacterium_sp._F1-1/NZ_CP104733.1.region002.gbk	2
enterobacterales	Pectobacterium_sp._HCp5_1/NZ_JAUMIO010000016.1.region001.gbk	0
enterobacterales	Pectobacterium_sp._IFB5596/NZ_LXFY01000034.1.region001.gbk	1
enterobacterales	Pectobacterium_sp._PL152/NZ_CP091064.1.region001.gbk	1
enterobacterales	Pectobacterium_sp._PL64/NZ_CP092070.1.region001.gbk	0
enterobacterales	Pectobacterium_sp._S5/NZ_JAULSZ010000001.1.region001.gbk	1
enterobacterales	Pectobacterium_sp._S6/NZ_JAULTA010000010.1.region001.gbk	1
enterobacterales	Pectobacterium_versatile_22LJNL06-6-3/NZ_JBIXKB010000003.1.region001.gbk	0
enterobacterales	Pectobacterium_versatile_22TC1/NZ_JAMWYQ010000003.1.region001.gbk	0
enterobacterales	Pectobacterium_versatile_A165-S18-M16/NZ_JAIZGP010000056.1.region001.gbk	0
enterobacterales	Pectobacterium_versatile_A165-S18-M16_2/NZ_JADOXV010000056.1.region001.gbk	0
enterobacterales	Pectobacterium_versatile_BP9004/NZ_JAWQQB010000001.1.region001.gbk	0
enterobacterales	Pectobacterium_versatile_BP9109/NZ_JAWQQK010000001.1.region001.gbk	0
enterobacterales	Pectobacterium_versatile_BP9149/NZ_JAWQQO010000001.1.region001.gbk	0
enterobacterales	Pectobacterium_versatile_BP9149_2/NZ_CP189674.1.region001.gbk	0
enterobacterales	Pectobacterium_versatile_BP9166/NZ_JAWQQQ010000001.1.region001.gbk	0
enterobacterales	Pectobacterium_versatile_GCF_922011595.1/NZ_CAKLHX010000019.1.region001.gbk	0
enterobacterales	Pectobacterium_versatile_NY1762B/NZ_WLVR01000044.1.region001.gbk	0
enterobacterales	Pectobacterium_versatile_NY2010/NZ_JBBBOP010000001.1.region001.gbk	1
enterobacterales	Pectobacterium_wasabiae_CFBP_3304/NZ_AKVS01000033.1.region001.gbk	1
enterobacterales	Pectobacterium_wasabiae_CFBP_3304_2/NZ_CP015750.1.region001.gbk	1
enterobacterales	Pectobacterium_wasabiae_NCPPB_3701/NZ_JQHP01000012.1.region001.gbk	1
enterobacterales	Pectobacterium_wasabiae_NCPPB_3702/NZ_JQOH01000012.1.region001.gbk	1
enterobacterales	Pectobacterium_zantedeschiae_2M/NZ_PESL01000009.1.region001.gbk	0
enterobacterales	Pectobacterium_zantedeschiae_9M/NZ_NWTM01000001.1.region001.gbk	0
enterobacterales	Pectobacterium_zantedeschiae_CFBP_1357/NZ_CP139172.1.region001.gbk	0
enterobacterales	Pectobacterium_zantedeschiae_PC2/NZ_QETE01000001.1.region001.gbk	0
enterobacterales	Pectobacterium_zantedeschiae_PD_7096/NZ_JBEHFA010000005.1.region001.gbk	0
enterobacterales	Photorhabdus_aballayi_APURE/NZ_JAPFCD010000003.1.region001.gbk	1
enterobacterales	Photorhabdus_aballayi_APURE/NZ_JAPFCD010000007.1.region001.gbk	0
enterobacterales	Photorhabdus_aballayi_APURET/NZ_CM191432.1.region001.gbk	1
enterobacterales	Photorhabdus_aballayi_APURET/NZ_CM191432.1.region002.gbk	0
enterobacterales	Photorhabdus_heterorhabditis_GCF_963869725.1/NZ_CAWMRL010000016.1.region001.gbk	2
enterobacterales	Photorhabdus_heterorhabditis_VMG/NZ_LJCS01000016.1.region001.gbk	2
enterobacterales	Photorhabdus_khanii_GCF_963886035.1/NZ_CAWOZU010000018.1.region001.gbk	0
enterobacterales	Photorhabdus_khanii_HGB_1456/NZ_WHZZ01000003.1.region001.gbk	0
enterobacterales	Photorhabdus_laumondii_ADCT181/NZ_JASNJF010000003.1.region001.gbk	0
enterobacterales	Photorhabdus_laumondii_GCF_963895095.1/NZ_CAWQKD010000113.1.region001.gbk	1
enterobacterales	Photorhabdus_laumondii_GCF_963895835.1/NZ_CAWQMS010000314.1.region001.gbk	1
enterobacterales	Photorhabdus_laumondii_HB1.3/NZ_JAGJJR010000039.1.region001.gbk	1
enterobacterales	Photorhabdus_laumondii_IT4.1/NZ_JAGJJT010000020.1.region001.gbk	1
enterobacterales	Photorhabdus_laumondii_QJ1/NZ_JBWCIR010000002.1.region001.gbk	0
enterobacterales	Photorhabdus_laumondii_S56/NZ_JBELYA010000092.1.region001.gbk	0
enterobacterales	Photorhabdus_laumondii_T181/NZ_JBEMBR010000027.1.region001.gbk	0
enterobacterales	Photorhabdus_laumondii_TT01/NZ_CP024901.1.region001.gbk	1
enterobacterales	Photorhabdus_laumondii_subsp._clarkei_BOJ-47/NZ_NSCI01000022.1.region001.gbk	1
enterobacterales	Photorhabdus_laumondii_subsp._clarkei_BOJ-47T/NZ_CM192337.1.region001.gbk	1
enterobacterales	Photorhabdus_laumondii_subsp._clarkei_GCF_963878305.1/NZ_CAWNWQ010000022.1.region001.gbk	1
enterobacterales	Photorhabdus_laumondii_subsp._clarkei_HH4/NZ_JARYLG010000003.1.region001.gbk	1
enterobacterales	Photorhabdus_laumondii_subsp._clarkei_HP1/NZ_JARYLE010000005.1.region001.gbk	0
enterobacterales	Photorhabdus_laumondii_subsp._clarkei_HPH/NZ_JARYLF010000003.1.region001.gbk	1
enterobacterales	Photorhabdus_laumondii_subsp._clarkei_Z1/NZ_JBQXGA010000016.1.region001.gbk	1
enterobacterales	Photorhabdus_laumondii_subsp._clarkei_Z6/NZ_JBQXFZ010000017.1.region001.gbk	1
enterobacterales	Photorhabdus_laumondii_subsp._laumondii_C-EN01/NZ_WSEV01000037.1.region001.gbk	1
enterobacterales	Photorhabdus_laumondii_subsp._laumondii_C-IL9/NZ_WSEX01000036.1.region001.gbk	1
enterobacterales	Photorhabdus_laumondii_subsp._laumondii_DSPV002N/NZ_CP015281.1.region001.gbk	1
enterobacterales	Photorhabdus_laumondii_subsp._laumondii_EN01/NZ_WSFA01000038.1.region001.gbk	1
enterobacterales	Photorhabdus_laumondii_subsp._laumondii_GCF_963870715.1/NZ_CAWMTZ010000241.1.region001.gbk	1
enterobacterales	Photorhabdus_laumondii_subsp._laumondii_GCF_963887715.1/NZ_CAWPHK010000037.1.region001.gbk	1
enterobacterales	Photorhabdus_laumondii_subsp._laumondii_GCF_963887895.1/NZ_CAWPHQ010000037.1.region001.gbk	1
enterobacterales	Photorhabdus_laumondii_subsp._laumondii_GCF_963888125.1/NZ_CAWPIO010000038.1.region001.gbk	1
enterobacterales	Photorhabdus_laumondii_subsp._laumondii_GCF_963888195.1/NZ_CAWPJO010000037.1.region001.gbk	1
enterobacterales	Photorhabdus_laumondii_subsp._laumondii_GCF_963888645.1/NZ_CAWPKI010000037.1.region001.gbk	1
enterobacterales	Photorhabdus_laumondii_subsp._laumondii_GCF_963888705.1/NZ_CAWPKX010000036.1.region001.gbk	1
enterobacterales	Photorhabdus_laumondii_subsp._laumondii_HP88/NZ_LJPB01000241.1.region001.gbk	1
enterobacterales	Photorhabdus_laumondii_subsp._laumondii_IL9/NZ_WSFB01000037.1.region001.gbk	1
enterobacterales	Photorhabdus_laumondii_subsp._laumondii_M-EN01/NZ_WSFD01000037.1.region001.gbk	1
enterobacterales	Photorhabdus_laumondii_subsp._laumondii_M-IL9/NZ_WSFF01000037.1.region001.gbk	1
enterobacterales	Photorhabdus_laumondii_subsp._laumondii_TT01T/NZ_CM192336.1.region001.gbk	1
enterobacterales	Photorhabdus_laumondii_subsp._laumondii_TTO1/NC_005126.1.region001.gbk	1
enterobacterales	Photorhabdus_laumondii_subsp._malanae_MH8.4/NZ_JBQXGC010000030.1.region001.gbk	0
enterobacterales	Photorhabdus_namnaonensis_GCF_963869765.1/NZ_CAWMQN010000072.1.region001.gbk	0
enterobacterales	Photorhabdus_namnaonensis_PB45.5/NZ_LOIC01000072.1.region001.gbk	0
enterobacterales	Photorhabdus_namnaonensis_PB45.5T/NZ_CM191418.1.region001.gbk	0
enterobacterales	Photorhabdus_sp._CRCIA-P01/NZ_NMQR01000067.1.region001.gbk	0
enterobacterales	Photorhabdus_sp._CRCIA-P01_GCF_963880195.1/NZ_CAWOFI010000175.1.region001.gbk	0
enterobacterales	Photorhabdus_sp._P32/NZ_JAZGJN010000294.1.region001.gbk	0
enterobacterales	Photorhabdus_sp._RW14-46/NZ_PUJT01000003.1.region001.gbk	2
enterobacterales	Photorhabdus_sp._RW14-46_GCF_963887965.1/NZ_CAWPHH010000003.1.region001.gbk	2
enterobacterales	Photorhabdus_temperata_FFPRI_2/NZ_AP029167.1.region001.gbk	0
enterobacterales	Photorhabdus_temperata_subsp._temperata_Meg1/NZ_JGVH01000006.1.region001.gbk	0
enterobacterales	Photorhabdus_temperata_subsp._temperata_Meg1_GCF_963864055.1/NZ_CAWLUD010000006.1.region001.gbk	0
enterobacterales	Providencia_burhodogranariea_DSM_19968/NZ_KB233222.1.region001.gbk	1
enterobacterales	Pseudescherichia_sp._CTOTU48004/NZ_DAMACX010000022.1.region001.gbk	0
enterobacterales	Rahnella_aceris_F57b/NZ_JAFMPB010000085.1.region001.gbk	0
enterobacterales	Rahnella_perminowiae_RIT-As-1/NZ_JAPJDH010000272.1.region001.gbk	1
enterobacterales	Rahnella_perminowiae_S11P1/NZ_JALMGI020000003.1.region001.gbk	2
enterobacterales	Rahnella_variigena_GCF_977068335.1/NZ_CDRUXU010000002.1.region001.gbk	0
enterobacterales	Samsonia_erythrinae_CFBP5236/NZ_JAWIZJ010000001.1.region001.gbk	0
enterobacterales	Samsonia_erythrinae_DSM_16730/NZ_SMBY01000001.1.region001.gbk	0
enterobacterales	Samsonia_erythrinae_ICMP_13937/NZ_JBHLYS010000007.1.region001.gbk	0
enterobacterales	Serratia_entomophila_GCF_946226925.1/NZ_CAMIQL010000022.1.region001.gbk	0
enterobacterales	Serratia_entomophila_GCF_946228705.1/NZ_CAMITH010000022.1.region001.gbk	0
enterobacterales	Serratia_entomophila_GCF_946228785.1/NZ_CAMKIH010000008.1.region001.gbk	0
enterobacterales	Serratia_entomophila_GCF_946228945.1/NZ_CAMKKU010000024.1.region001.gbk	0
enterobacterales	Serratia_entomophila_GCF_946229105.1/NZ_CAMKHV010000026.1.region001.gbk	0
enterobacterales	Serratia_entomophila_GCF_946403235.1/NZ_CAMKHP010000023.1.region001.gbk	0
enterobacterales	Serratia_plymuthica_3Re4-18/NZ_CP012097.1.region001.gbk	0
enterobacterales	Serratia_plymuthica_3Rp8/NZ_CP012096.1.region001.gbk	0
enterobacterales	Serratia_plymuthica_4Rx13/NC_021591.1.region001.gbk	0
enterobacterales	Serratia_plymuthica_4Rx5/NZ_PESE01000001.1.region001.gbk	0
enterobacterales	Serratia_plymuthica_A294/NZ_CP042363.1.region001.gbk	0
enterobacterales	Serratia_plymuthica_A30/NZ_AMSV01000045.1.region001.gbk	0
enterobacterales	Serratia_plymuthica_C-1/NZ_CP053398.1.region001.gbk	0
enterobacterales	Serratia_plymuthica_FDAARGOS_1138/NZ_CP068096.1.region001.gbk	0
enterobacterales	Serratia_plymuthica_G16/NZ_JCCCNB010000002.1.region001.gbk	0
enterobacterales	Serratia_plymuthica_G22/NZ_JCCCND010000002.1.region001.gbk	0
enterobacterales	Serratia_plymuthica_G25-16/NZ_CP185735.1.region001.gbk	0
enterobacterales	Serratia_plymuthica_GCF_946226365.1/NZ_CAMISH010000004.1.region001.gbk	0
enterobacterales	Serratia_plymuthica_GMG139.1/NZ_JBJVNY010000001.1.region001.gbk	0
enterobacterales	Serratia_plymuthica_HRO-C48/NZ_LTDN01000034.1.region001.gbk	0
enterobacterales	Serratia_plymuthica_ICMP_9395/NZ_RBOX01000004.1.region001.gbk	0
enterobacterales	Serratia_plymuthica_IV-11-34/NZ_JAAQRN010000003.1.region001.gbk	0
enterobacterales	Serratia_plymuthica_MBSA-MJ1/NZ_JADCNO010000027.1.region001.gbk	0
enterobacterales	Serratia_plymuthica_MGG-11wh/NZ_JALKTJ010000001.1.region001.gbk	0
enterobacterales	Serratia_plymuthica_R-91904/NZ_OZ345263.1.region001.gbk	0
enterobacterales	Serratia_plymuthica_RVH1/NZ_ARWD01000001.1.region001.gbk	0
enterobacterales	Serratia_plymuthica_S13_S13/NC_021659.1.region001.gbk	0
enterobacterales	Serratia_plymuthica_SER00253/NZ_JAEHSV010000005.1.region001.gbk	0
enterobacterales	Serratia_plymuthica_SWSY-3.47/NZ_AP035790.1.region001.gbk	0
enterobacterales	Serratia_plymuthica_UBCF_13/NZ_CP068771.1.region001.gbk	0
enterobacterales	Serratia_plymuthica_V4/NZ_CP007439.1.region001.gbk	0
enterobacterales	Serratia_plymuthica_WF63/NZ_CM194950.1.region001.gbk	0
enterobacterales	Serratia_plymuthica_tumat/NZ_MQML01000201.1.region001.gbk	0
enterobacterales	Serratia_sp._22264/NZ_JBQEOY010000001.1.region001.gbk	0
enterobacterales	Serratia_sp._CY37345/NZ_JBJNLS010000017.1.region001.gbk	0
enterobacterales	Serratia_sp._CY50710/NZ_JBJNML010000018.1.region001.gbk	0
enterobacterales	Serratia_sp._CY65473/NZ_JBJNNL010000027.1.region001.gbk	0
enterobacterales	Serratia_sp._CY66899/NZ_JBJNNO010000021.1.region001.gbk	0
enterobacterales	Serratia_sp._CY82423/NZ_JBJNOQ010000015.1.region001.gbk	0
enterobacterales	Serratia_sp._TSA_7/NZ_JBQZFU010000012.1.region001.gbk	0
enterobacterales	Serratia_sp._in:_enterobacteria_WFFMC_MAG_486/NZ_JBOFZA010000023.1.region001.gbk	1
enterobacterales	Serratia_sp._root2/NZ_JAUJXB010000001.1.region001.gbk	0
enterobacterales	Winslowiella_iniecta_B120/NZ_JRXE01000010.1.region001.gbk	2
enterobacterales	Winslowiella_iniecta_B149/NZ_JRXF01000012.1.region001.gbk	2
enterobacterales	Xenorhabdus_bovienii_18M/NZ_JAKMXG010000030.1.region001.gbk	1
enterobacterales	Xenorhabdus_bovienii_CS03/NZ_FO818637.1.region001.gbk	3
enterobacterales	Xenorhabdus_bovienii_GCF_963866725.1/NZ_CAWMEF010000001.1.region001.gbk	3
enterobacterales	Xenorhabdus_bovienii_GCF_963898185.1/NZ_CAWQUX010000030.1.region001.gbk	1
enterobacterales	Xenorhabdus_bovienii_MC_200/NZ_JAILTD010000025.1.region001.gbk	1
enterobacterales	Xenorhabdus_bovienii_MC_235_E_2016/NZ_JAILST010000003.1.region001.gbk	3
enterobacterales	Xenorhabdus_bovienii_X118/NZ_JBPFGP010000016.1.region001.gbk	1
enterobacterales	Xenorhabdus_bovienii_affine_LD_28/NZ_JAILTU010000005.1.region001.gbk	2
enterobacterales	Xenorhabdus_bovienii_affine_MC_216/NZ_JAILSZ010000002.1.region001.gbk	3
enterobacterales	Xenorhabdus_bovienii_affine_MC_228/NZ_JAILSV010000001.1.region001.gbk	2
enterobacterales	Xenorhabdus_bovienii_affine_MC_228/NZ_JAILSV010000038.1.region001.gbk	1
enterobacterales	Xenorhabdus_bovienii_affine_MC_255/NZ_JAILSP010000002.1.region001.gbk	2
enterobacterales	Xenorhabdus_bovienii_affine_MC_52/NZ_JAILTM010000002.1.region001.gbk	2
enterobacterales	Xenorhabdus_bovienii_affine_MC_78/NZ_JAILTI010000001.1.region001.gbk	2
enterobacterales	Xenorhabdus_bovienii_affine_MC_78/NZ_JAILTI010000038.1.region001.gbk	2
enterobacterales	Xenorhabdus_bovienii_affine_MC_81/NZ_JAILTH010000002.1.region001.gbk	2
enterobacterales	Xenorhabdus_bovienii_kraussei_MC_44/NZ_JAILTO010000096.1.region001.gbk	0
enterobacterales	Xenorhabdus_bovienii_texanum_LD_27A/NZ_JAILTV010000094.1.region001.gbk	0
enterobacterales	Xenorhabdus_bovienii_texanum_LD_27B/NZ_JAILXJ010000094.1.region001.gbk	0
enterobacterales	Xenorhabdus_bovienii_texanum_MC_19/NZ_JAILTP010000074.1.region001.gbk	0
enterobacterales	Xenorhabdus_bovienii_texanum_MM_17/NZ_JAILSM010000085.1.region001.gbk	0
enterobacterales	Xenorhabdus_cabanillasii_JM26/NZ_CBXE010000051.1.region001.gbk	0
enterobacterales	Xenorhabdus_cabanillasii_JM26_2/NZ_NJGH01000079.1.region001.gbk	0
enterobacterales	Xenorhabdus_cabanillasii_JM26_GCF_963863885.1/NZ_CAWLVK010000051.1.region001.gbk	0
enterobacterales	Xenorhabdus_cabanillasii_JM26_GCF_963876415.1/NZ_CAWNQM010000215.1.region001.gbk	0
enterobacterales	Xenorhabdus_doucetiae_3/NZ_JACXBL010000147.1.region001.gbk	1
enterobacterales	Xenorhabdus_doucetiae_DI/NZ_JACXBJ010000086.1.region001.gbk	1
enterobacterales	Xenorhabdus_doucetiae_DSM_17909/NZ_VNHN01000102.1.region001.gbk	0
enterobacterales	Xenorhabdus_doucetiae_FRM16/NZ_FO704550.1.region001.gbk	1
enterobacterales	Xenorhabdus_doucetiae_GCF_963866745.1/NZ_CAWMED010000001.1.region001.gbk	1
enterobacterales	Xenorhabdus_doucetiae_GCF_963885475.1/NZ_CAWOYN010000102.1.region001.gbk	0
enterobacterales	Xenorhabdus_griffiniae_HGB2511/NZ_CP147738.1.region001.gbk	2
enterobacterales	Xenorhabdus_griffiniae_ID10/NZ_JAQRFM010000005.1.region001.gbk	3
enterobacterales	Xenorhabdus_griffiniae_ID10_2/NZ_CP147737.1.region001.gbk	3
enterobacterales	Xenorhabdus_siamensis_AUT15.5/NZ_JBBMXE010000017.1.region001.gbk	2
enterobacterales	Xenorhabdus_sp._KK7.4/NZ_NJAH01000008.1.region001.gbk	2
enterobacterales	Xenorhabdus_sp._KK7.4_GCF_963876465.1/NZ_CAWNQF010000133.1.region001.gbk	1
enterobacterales	Xenorhabdus_sp._PB61.4/NZ_JAGJJW010000032.1.region001.gbk	2
enterobacterales	Xenorhabdus_sp._PB61.4_GCF_963894935.1/NZ_CAWQJR010000154.1.region001.gbk	2
enterobacterales	Xenorhabdus_sp._PR6a/NZ_JAQRFJ010000017.1.region001.gbk	0
enterobacterales	Xenorhabdus_sp._PR6a/NZ_JAQRFJ010000107.1.region001.gbk	0
enterobacterales	Xenorhabdus_sp._SGI246/NZ_JBFPEZ010000053.1.region001.gbk	0
enterobacterales	Xenorhabdus_sp._SGI246/NZ_JBFPEZ010000058.1.region001.gbk	1
enterobacterales	Xenorhabdus_sp._Sc-CR9/NZ_VDBN01000051.1.region001.gbk	4
enterobacterales	Xenorhabdus_sp._Sc-CR9_GCF_963897815.1/NZ_CAWQTY010000191.1.region001.gbk	4
enterobacterales	Xenorhabdus_taiwanensis_TCT-1/NZ_AP028978.1.region001.gbk	1
enterobacterales	Xenorhabdus_thuongxuanensis_30TX1/NZ_MKGR01000006.1.region001.gbk	0
enterobacterales	Xenorhabdus_thuongxuanensis_CIP111194T/NZ_CBCSEU010000001.1.region001.gbk	1
enterobacterales	Xenorhabdus_thuongxuanensis_GCF_963871585.1/NZ_CAWMWP010000087.1.region001.gbk	0
enterobacterales	Yersinia_wautersii_WP-930601/NZ_CBLG010000320.1.region001.gbk	0
enterobacterales	Yersinia_wautersii_WP-931201/NZ_CVMG01000006.1.region001.gbk	0
enterobacterales	Yersinia_wautersii_WP-931205/NZ_CBLI010000127.1.region001.gbk	0
enterobacterales	uncultured_Cedecea_sp._GCF_947498825.1/NZ_CANMLV010000008.1.region001.gbk	1
enterobacterales	uncultured_Pantoea_sp._GCF_902485265.1/NZ_CABTKG010000010.1.region001.gbk	1
