task_id	hash	name	status	exit	submit	start	complete	realtime	cpus	memory	peak_rss	peak_vmem	%cpu	%mem	rchar	wchar
5	b3/46aa50	BGC_ANALYSIS:ANTISMASH_ANALYSIS:GET_ANTISMASH_VERSION	COMPLETED	0	2026-08-28 23:46:02.589	2026-08-28 23:46:02.618	2026-08-28 23:46:06.323	2.4s	1	1 GB	165 MB	2.4 GB	119.0%	0.3%	36.1 MB	307 B
3	a1/0b4c04	DOWNLOAD_GENOMES:NCBI_DATASETS_DOWNLOAD (Erwiniaceae)	COMPLETED	0	2026-08-28 23:46:02.607	2026-08-28 23:46:02.621	2026-08-28 23:58:58.845	12m 55s	4	8 GB	23.8 MB	1.2 GB	70.9%	0.0%	8 GB	23.8 GB
8	80/f4521a	DOWNLOAD_GENOMES:CREATE_NAME_MAP (Erwiniaceae)	COMPLETED	0	2026-08-28 23:58:59.104	2026-08-28 23:58:59.147	2026-08-28 23:59:00.578	83ms	1	2 GB	10.6 MB	15 MB	72.3%	0.0%	1.2 MB	143.2 KB
14	dc/3d5a36	DOWNLOAD_GENOMES:RENAME_GENOMES (100 genomes)	COMPLETED	0	2026-08-28 23:59:00.634	2026-08-28 23:59:00.678	2026-08-28 23:59:06.166	2.5s	1	2 GB	14.8 MB	18.6 MB	56.7%	0.0%	526.9 MB	525.8 MB
9	03/001049	DOWNLOAD_GENOMES:RENAME_GENOMES (100 genomes)	COMPLETED	0	2026-08-28 23:59:00.654	2026-08-28 23:59:00.679	2026-08-28 23:59:07.854	4s	1	2 GB	15 MB	18.6 MB	50.3%	0.0%	709.7 MB	708.6 MB
7	dc/4cbb58	DOWNLOAD_GENOMES:EXTRACT_TAXONOMY (Extracting taxonomy from NCBI metadata)	COMPLETED	0	2026-08-28 23:58:59.096	2026-08-28 23:58:59.146	2026-08-28 23:59:07.918	7.4s	1	2 GB	818.7 MB	2 GB	140.3%	1.4%	483.1 MB	2.6 MB
18	ec/96e882	DOWNLOAD_GENOMES:RENAME_GENOMES (100 genomes)	COMPLETED	0	2026-08-28 23:59:00.678	2026-08-28 23:59:00.682	2026-08-28 23:59:09.718	6s	1	2 GB	14.2 MB	18.6 MB	39.1%	0.0%	830.4 MB	829.4 MB
17	9f/0b6838	DOWNLOAD_GENOMES:RENAME_GENOMES (100 genomes)	COMPLETED	0	2026-08-28 23:59:00.722	2026-08-28 23:59:00.789	2026-08-28 23:59:10.177	6.4s	1	2 GB	14.9 MB	18.6 MB	38.1%	0.0%	851.3 MB	850.2 MB
23	0e/4b370b	DOWNLOAD_GENOMES:RENAME_GENOMES (100 genomes)	COMPLETED	0	2026-08-28 23:59:00.712	2026-08-28 23:59:00.786	2026-08-28 23:59:10.598	6.8s	1	2 GB	14.8 MB	18.6 MB	34.8%	0.0%	837.1 MB	836 MB
15	fc/dfed56	DOWNLOAD_GENOMES:RENAME_GENOMES (100 genomes)	COMPLETED	0	2026-08-28 23:59:00.687	2026-08-28 23:59:00.781	2026-08-28 23:59:11.403	7.6s	1	2 GB	14.5 MB	18.6 MB	33.4%	0.0%	899.5 MB	898.4 MB
10	31/e53141	DOWNLOAD_GENOMES:RENAME_GENOMES (100 genomes)	COMPLETED	0	2026-08-28 23:59:00.664	2026-08-28 23:59:00.681	2026-08-28 23:59:11.646	7.9s	1	2 GB	14.6 MB	18.6 MB	31.4%	0.0%	941.7 MB	940.6 MB
20	7a/db859b	DOWNLOAD_GENOMES:RENAME_GENOMES (100 genomes)	COMPLETED	0	2026-08-28 23:59:00.700	2026-08-28 23:59:00.782	2026-08-28 23:59:11.865	7.7s	1	2 GB	14.6 MB	18.6 MB	31.5%	0.0%	843.1 MB	842 MB
11	67/bb2724	DOWNLOAD_GENOMES:RENAME_GENOMES (100 genomes)	COMPLETED	0	2026-08-28 23:59:00.732	2026-08-28 23:59:00.799	2026-08-28 23:59:12.157	8s	1	2 GB	15 MB	18.6 MB	27.8%	0.0%	735.9 MB	734.8 MB
22	30/c3193d	DOWNLOAD_GENOMES:RENAME_GENOMES (100 genomes)	COMPLETED	0	2026-08-28 23:59:00.749	2026-08-28 23:59:00.806	2026-08-28 23:59:13.048	8.8s	1	2 GB	15.1 MB	18.6 MB	28.5%	0.0%	837.2 MB	836.1 MB
24	da/c4c3b2	DOWNLOAD_GENOMES:RENAME_GENOMES (100 genomes)	COMPLETED	0	2026-08-28 23:59:00.761	2026-08-28 23:59:00.809	2026-08-28 23:59:15.713	11.9s	1	2 GB	14.8 MB	18.6 MB	30.6%	0.0%	1 GB	1 GB
13	fe/9fb3fd	DOWNLOAD_GENOMES:RENAME_GENOMES (100 genomes)	COMPLETED	0	2026-08-28 23:59:00.779	2026-08-28 23:59:00.809	2026-08-28 23:59:17.331	12.2s	1	2 GB	15.1 MB	18.6 MB	34.9%	0.0%	973.8 MB	972.7 MB
28	49/c3daea	DOWNLOAD_GENOMES:RENAME_GENOMES (100 genomes)	COMPLETED	0	2026-08-28 23:59:00.809	2026-08-28 23:59:00.881	2026-08-28 23:59:26.104	21.6s	1	2 GB	14.9 MB	18.6 MB	38.7%	0.0%	1 GB	1 GB
26	31/1bf0a7	DOWNLOAD_GENOMES:RENAME_GENOMES (100 genomes)	COMPLETED	0	2026-08-28 23:59:00.848	2026-08-28 23:59:00.882	2026-08-28 23:59:31.136	26.8s	1	2 GB	14.6 MB	18.6 MB	54.1%	0.0%	1.1 GB	1.1 GB
31	84/337ecd	DOWNLOAD_GENOMES:RENAME_GENOMES (100 genomes)	COMPLETED	0	2026-08-28 23:59:00.872	2026-08-28 23:59:00.992	2026-08-28 23:59:35.243	30.6s	1	2 GB	14.9 MB	18.6 MB	35.9%	0.0%	1011.5 MB	1010.4 MB
36	ed/177c49	DOWNLOAD_GENOMES:RENAME_GENOMES (58 genomes)	COMPLETED	0	2026-08-28 23:59:15.736	2026-08-28 23:59:15.814	2026-08-28 23:59:48.510	21.3s	1	2 GB	14.9 MB	18.6 MB	57.3%	0.0%	264.5 MB	263.4 MB
25	08/0f83ab	DOWNLOAD_GENOMES:RENAME_GENOMES (100 genomes)	COMPLETED	0	2026-08-28 23:59:10.197	2026-08-28 23:59:10.279	2026-08-28 23:59:52.251	37.9s	1	2 GB	14.9 MB	18.6 MB	64.0%	0.0%	653.9 MB	652.8 MB
16	c2/881ff3	DOWNLOAD_GENOMES:RENAME_GENOMES (100 genomes)	COMPLETED	0	2026-08-28 23:59:08.036	2026-08-28 23:59:08.119	2026-08-28 23:59:52.319	41.1s	1	2 GB	14.9 MB	18.6 MB	60.5%	0.0%	785.4 MB	784.3 MB
35	e6/6da9a3	DOWNLOAD_GENOMES:RENAME_GENOMES (100 genomes)	COMPLETED	0	2026-08-28 23:59:17.377	2026-08-28 23:59:17.570	2026-08-28 23:59:55.907	27.6s	1	2 GB	15 MB	18.6 MB	63.7%	0.0%	440.8 MB	439.7 MB
21	ae/ad2851	DOWNLOAD_GENOMES:RENAME_GENOMES (100 genomes)	COMPLETED	0	2026-08-28 23:59:09.727	2026-08-28 23:59:09.824	2026-08-29 00:00:00.362	46.2s	1	2 GB	15 MB	18.6 MB	61.6%	0.0%	758.5 MB	757.4 MB
12	4a/036d6b	DOWNLOAD_GENOMES:RENAME_GENOMES (100 genomes)	COMPLETED	0	2026-08-28 23:59:06.176	2026-08-28 23:59:06.267	2026-08-29 00:00:00.816	50.8s	1	2 GB	14.9 MB	18.6 MB	55.9%	0.0%	787.5 MB	786.4 MB
19	d9/d9a655	DOWNLOAD_GENOMES:RENAME_GENOMES (100 genomes)	COMPLETED	0	2026-08-28 23:59:07.860	2026-08-28 23:59:08.000	2026-08-29 00:00:03.256	52s	1	2 GB	15.1 MB	18.6 MB	63.2%	0.0%	881.2 MB	880.1 MB
30	94/856109	DOWNLOAD_GENOMES:RENAME_GENOMES (100 genomes)	COMPLETED	0	2026-08-28 23:59:10.694	2026-08-28 23:59:10.800	2026-08-29 00:00:26.511	1m 11s	1	2 GB	14.8 MB	18.6 MB	68.7%	0.0%	1001.4 MB	1000.3 MB
27	f0/1785e7	DOWNLOAD_GENOMES:RENAME_GENOMES (100 genomes)	COMPLETED	0	2026-08-28 23:59:11.721	2026-08-28 23:59:11.749	2026-08-29 00:00:29.255	1m 9s	1	2 GB	14.6 MB	18.6 MB	60.4%	0.0%	907.1 MB	906 MB
29	e8/aa7670	DOWNLOAD_GENOMES:RENAME_GENOMES (100 genomes)	COMPLETED	0	2026-08-28 23:59:11.981	2026-08-28 23:59:12.066	2026-08-29 00:00:34.263	1m 13s	1	2 GB	14.9 MB	18.6 MB	58.5%	0.0%	1.1 GB	1.1 GB
34	f0/0bf4c0	DOWNLOAD_GENOMES:RENAME_GENOMES (100 genomes)	COMPLETED	0	2026-08-28 23:59:13.058	2026-08-28 23:59:13.148	2026-08-29 00:00:34.656	1m 12s	1	2 GB	15 MB	18.6 MB	59.8%	0.0%	976.4 MB	975.3 MB
32	74/8a36bf	DOWNLOAD_GENOMES:RENAME_GENOMES (100 genomes)	COMPLETED	0	2026-08-28 23:59:12.314	2026-08-28 23:59:12.375	2026-08-29 00:00:39.346	1m 18s	1	2 GB	15 MB	18.6 MB	56.7%	0.0%	1.1 GB	1.1 GB
33	d0/7db550	DOWNLOAD_GENOMES:RENAME_GENOMES (100 genomes)	COMPLETED	0	2026-08-28 23:59:11.413	2026-08-28 23:59:11.503	2026-08-29 00:00:39.931	1m 22s	1	2 GB	14.9 MB	18.6 MB	51.7%	0.0%	1.1 GB	1.1 GB
38	9e/0c20f4	BGC_ANALYSIS:ANTISMASH_ANALYSIS:ANTISMASH (Erwinia_amylovora_1279)	COMPLETED	0	2026-08-28 23:59:52.414	2026-08-28 23:59:52.522	2026-08-29 00:01:30.131	1m 25s	2	6 GB	466.6 MB	7.7 GB	84.6%	0.7%	1.7 GB	59.4 MB
51	23/34f6ac	BGC_ANALYSIS:ANTISMASH_ANALYSIS:ANTISMASH (Erwinia_amylovora_1609)	COMPLETED	0	2026-08-29 00:00:03.291	2026-08-29 00:00:03.367	2026-08-29 00:01:31.054	1m 17s	2	6 GB	465.6 MB	7.7 GB	88.0%	0.7%	1.8 GB	61.4 MB
49	13/e1a1a9	BGC_ANALYSIS:ANTISMASH_ANALYSIS:ANTISMASH (Erwinia_amylovora_1598)	COMPLETED	0	2026-08-28 23:59:32.641	2026-08-28 23:59:32.873	2026-08-29 00:01:32.573	1m 45s	2	6 GB	463 MB	7.6 GB	75.6%	0.7%	1.8 GB	63.3 MB
40	c1/f22f4f	BGC_ANALYSIS:ANTISMASH_ANALYSIS:ANTISMASH (Erwinia_amylovora_1400-1)	COMPLETED	0	2026-08-29 00:00:40.019	2026-08-29 00:00:40.143	2026-08-29 00:01:38.526	51.6s	2	6 GB	472.2 MB	7.7 GB	101.9%	0.7%	1.7 GB	59.4 MB
42	7d/a7e189	BGC_ANALYSIS:ANTISMASH_ANALYSIS:ANTISMASH (Erwinia_amylovora_1476)	COMPLETED	0	2026-08-29 00:00:35.525	2026-08-29 00:00:35.626	2026-08-29 00:01:38.705	53.8s	2	6 GB	475 MB	7.7 GB	103.5%	0.7%	1.7 GB	60.9 MB
41	85/909c9b	BGC_ANALYSIS:ANTISMASH_ANALYSIS:ANTISMASH (Erwinia_amylovora_1400-2)	COMPLETED	0	2026-08-28 23:59:48.838	2026-08-28 23:59:49.050	2026-08-29 00:01:44.233	1m 47s	2	6 GB	481.1 MB	7.7 GB	87.9%	0.8%	2.3 GB	74.6 MB
53	22/01269d	BGC_ANALYSIS:ANTISMASH_ANALYSIS:ANTISMASH (Erwinia_amylovora_1612)	COMPLETED	0	2026-08-29 00:00:29.418	2026-08-29 00:00:29.570	2026-08-29 00:01:49.180	1m 8s	2	6 GB	461.6 MB	7.7 GB	99.5%	0.7%	2.2 GB	71.8 MB
52	63/5987c4	BGC_ANALYSIS:ANTISMASH_ANALYSIS:ANTISMASH (Erwinia_amylovora_1611_BCEa29)	COMPLETED	0	2026-08-29 00:00:00.704	2026-08-29 00:00:00.809	2026-08-29 00:01:59.970	1m 47s	2	6 GB	466.6 MB	7.7 GB	98.8%	0.7%	3 GB	90.3 MB
48	68/d524f7	BGC_ANALYSIS:ANTISMASH_ANALYSIS:ANTISMASH (Erwinia_amylovora_1581)	COMPLETED	0	2026-08-29 00:01:30.143	2026-08-29 00:01:30.231	2026-08-29 00:02:23.502	50.5s	2	6 GB	479.7 MB	7.7 GB	104.8%	0.7%	1.6 GB	58.4 MB
54	e4/a5d444	BGC_ANALYSIS:ANTISMASH_ANALYSIS:ANTISMASH (Erwinia_amylovora_1617)	COMPLETED	0	2026-08-29 00:01:31.063	2026-08-29 00:01:31.154	2026-08-29 00:02:29.388	55.4s	2	6 GB	500.1 MB	7.7 GB	104.0%	0.8%	1.9 GB	63.8 MB
62	fd/01bd15	BGC_ANALYSIS:ANTISMASH_ANALYSIS:ANTISMASH (Erwinia_amylovora_20070270)	COMPLETED	0	2026-08-29 00:01:38.714	2026-08-29 00:01:38.805	2026-08-29 00:02:31.761	49.8s	2	6 GB	465.8 MB	7.8 GB	104.3%	0.7%	1.6 GB	58.3 MB
47	c2/2c7e0a	BGC_ANALYSIS:ANTISMASH_ANALYSIS:ANTISMASH (Erwinia_amylovora_1486)	COMPLETED	0	2026-08-29 00:01:32.580	2026-08-29 00:01:32.674	2026-08-29 00:02:31.991	56.4s	2	6 GB	472 MB	7.6 GB	105.5%	0.7%	2 GB	66.3 MB
46	01/16337e	BGC_ANALYSIS:ANTISMASH_ANALYSIS:ANTISMASH (Erwinia_amylovora_1482)	COMPLETED	0	2026-08-29 00:01:38.538	2026-08-29 00:01:38.626	2026-08-29 00:02:34.300	52.7s	2	6 GB	459.3 MB	7.7 GB	105.0%	0.7%	1.8 GB	61.8 MB
59	bb/81c0a9	BGC_ANALYSIS:ANTISMASH_ANALYSIS:ANTISMASH (Erwinia_amylovora_20060013)	COMPLETED	0	2026-08-29 00:01:44.245	2026-08-29 00:01:44.334	2026-08-29 00:02:37.825	50.7s	2	6 GB	469.4 MB	7.7 GB	102.6%	0.7%	1.6 GB	58.4 MB
39	ca/9c676f	BGC_ANALYSIS:ANTISMASH_ANALYSIS:ANTISMASH (Erwinia_amylovora_1280)	COMPLETED	0	2026-08-29 00:01:59.977	2026-08-29 00:02:00.070	2026-08-29 00:02:51.675	48.6s	2	6 GB	475.4 MB	7.7 GB	101.6%	0.7%	1.6 GB	57.8 MB
50	b6/7186cc	BGC_ANALYSIS:ANTISMASH_ANALYSIS:ANTISMASH (Erwinia_amylovora_1602)	COMPLETED	0	2026-08-29 00:02:23.508	2026-08-29 00:02:23.602	2026-08-29 00:03:17.739	51.2s	2	6 GB	479.4 MB	7.7 GB	104.5%	0.7%	1.8 GB	62.9 MB
55	63/0613ce	BGC_ANALYSIS:ANTISMASH_ANALYSIS:ANTISMASH (Erwinia_amylovora_1619)	COMPLETED	0	2026-08-29 00:02:31.767	2026-08-29 00:02:31.862	2026-08-29 00:03:21.776	47.3s	2	6 GB	471.4 MB	7.7 GB	104.0%	0.7%	1.7 GB	59 MB
63	a2/64a0f8	BGC_ANALYSIS:ANTISMASH_ANALYSIS:ANTISMASH (Erwinia_amylovora_214_07)	COMPLETED	0	2026-08-29 00:02:29.395	2026-08-29 00:02:29.488	2026-08-29 00:03:23.262	51.1s	2	6 GB	465 MB	7.6 GB	104.1%	0.7%	1.8 GB	63.3 MB
57	84/a70669	BGC_ANALYSIS:ANTISMASH_ANALYSIS:ANTISMASH (Erwinia_amylovora_1680)	COMPLETED	0	2026-08-29 00:02:31.997	2026-08-29 00:02:32.090	2026-08-29 00:03:24.696	49.7s	2	6 GB	465.3 MB	7.7 GB	104.2%	0.7%	1.8 GB	61.8 MB
66	2b/f04cb9	BGC_ANALYSIS:ANTISMASH_ANALYSIS:ANTISMASH (Erwinia_amylovora_2570)	COMPLETED	0	2026-08-29 00:02:34.310	2026-08-29 00:02:34.400	2026-08-29 00:03:27.424	50.2s	2	6 GB	476.6 MB	7.7 GB	104.4%	0.7%	1.7 GB	60.4 MB
43	61/696880	BGC_ANALYSIS:ANTISMASH_ANALYSIS:ANTISMASH (Erwinia_amylovora_1477-1)	COMPLETED	0	2026-08-29 00:02:37.830	2026-08-29 00:02:37.924	2026-08-29 00:03:29.593	48.9s	2	6 GB	476.3 MB	7.7 GB	104.3%	0.7%	1.7 GB	60.3 MB
56	66/10337d	BGC_ANALYSIS:ANTISMASH_ANALYSIS:ANTISMASH (Erwinia_amylovora_1668)	COMPLETED	0	2026-08-29 00:02:51.681	2026-08-29 00:02:51.776	2026-08-29 00:03:44.839	50.4s	2	6 GB	467 MB	7.6 GB	103.1%	0.7%	1.6 GB	57.9 MB
61	59/3cbb37	BGC_ANALYSIS:ANTISMASH_ANALYSIS:ANTISMASH (Erwinia_amylovora_20070245)	COMPLETED	0	2026-08-29 00:03:24.702	2026-08-29 00:03:24.797	2026-08-29 00:04:13.809	45.9s	2	6 GB	468.1 MB	7.7 GB	107.0%	0.7%	1.6 GB	56.4 MB
58	be/27700e	BGC_ANALYSIS:ANTISMASH_ANALYSIS:ANTISMASH (Erwinia_amylovora_1686)	COMPLETED	0	2026-08-29 00:03:23.269	2026-08-29 00:03:23.362	2026-08-29 00:04:14.930	48.6s	2	6 GB	469.6 MB	7.8 GB	108.6%	0.7%	1.7 GB	58.8 MB
45	32/a91c10	BGC_ANALYSIS:ANTISMASH_ANALYSIS:ANTISMASH (Erwinia_amylovora_1480-3)	COMPLETED	0	2026-08-29 00:03:17.746	2026-08-29 00:03:17.840	2026-08-29 00:04:15.426	54.8s	2	6 GB	469 MB	7.6 GB	105.4%	0.7%	1.9 GB	64.7 MB
69	c9/78e945	BGC_ANALYSIS:ANTISMASH_ANALYSIS:ANTISMASH (Erwinia_amylovora_3515-1)	COMPLETED	0	2026-08-29 00:03:27.430	2026-08-29 00:03:27.524	2026-08-29 00:04:19.061	48.6s	2	6 GB	464.5 MB	7.6 GB	107.6%	0.7%	1.7 GB	59.9 MB
44	58/ff024d	BGC_ANALYSIS:ANTISMASH_ANALYSIS:ANTISMASH (Erwinia_amylovora_1478-2)	COMPLETED	0	2026-08-29 00:03:21.789	2026-08-29 00:03:21.876	2026-08-29 00:04:19.771	55.2s	2	6 GB	471.7 MB	7.6 GB	109.4%	0.7%	2 GB	67.1 MB
71	06/5679eb	BGC_ANALYSIS:ANTISMASH_ANALYSIS:ANTISMASH (Erwinia_amylovora_39-M1-II)	COMPLETED	0	2026-08-29 00:03:29.600	2026-08-29 00:03:29.693	2026-08-29 00:04:20.947	48s	2	6 GB	469.5 MB	7.7 GB	105.9%	0.7%	1.7 GB	60.8 MB
65	0e/cb3adf	BGC_ANALYSIS:ANTISMASH_ANALYSIS:ANTISMASH (Erwinia_amylovora_2558)	COMPLETED	0	2026-08-29 00:04:14.940	2026-08-29 00:04:15.031	2026-08-29 00:04:55.385	38.2s	2	6 GB	480.1 MB	7.8 GB	104.8%	0.7%	1.7 GB	59.9 MB
68	3c/037f8b	BGC_ANALYSIS:ANTISMASH_ANALYSIS:ANTISMASH (Erwinia_amylovora_3477-1)	COMPLETED	0	2026-08-29 00:04:19.780	2026-08-29 00:04:19.871	2026-08-29 00:04:59.436	37.5s	2	6 GB	464.1 MB	7.6 GB	102.6%	0.7%	1.7 GB	59.4 MB
74	83/dd3e1f	BGC_ANALYSIS:ANTISMASH_ANALYSIS:ANTISMASH (Erwinia_amylovora_CFBP_1995)	COMPLETED	0	2026-08-29 00:04:15.433	2026-08-29 00:04:15.527	2026-08-29 00:04:59.596	42s	2	6 GB	474.4 MB	7.8 GB	106.0%	0.7%	2 GB	66.9 MB
84	57/a34715	BGC_ANALYSIS:ANTISMASH_ANALYSIS:ANTISMASH (Erwinia_amylovora_Ea1-00)	COMPLETED	0	2026-08-29 00:04:19.067	2026-08-29 00:04:19.161	2026-08-29 00:05:02.106	40.9s	2	6 GB	478.8 MB	7.7 GB	105.3%	0.7%	1.9 GB	65.6 MB
77	1e/c6b8d3	BGC_ANALYSIS:ANTISMASH_ANALYSIS:ANTISMASH (Erwinia_amylovora_CFBP_7131)	COMPLETED	0	2026-08-29 00:03:44.845	2026-08-29 00:03:44.939	2026-08-29 00:05:04.932	1m 17s	2	6 GB	473.2 MB	7.6 GB	113.2%	0.7%	3.6 GB	106.8 MB
82	47/6562e2	BGC_ANALYSIS:ANTISMASH_ANALYSIS:ANTISMASH (Erwinia_amylovora_Ea03-03)	COMPLETED	0	2026-08-29 00:04:20.953	2026-08-29 00:04:21.047	2026-08-29 00:05:06.955	43.8s	2	6 GB	480.3 MB	7.7 GB	104.8%	0.7%	2 GB	68.6 MB
80	cf/bf657a	BGC_ANALYSIS:ANTISMASH_ANALYSIS:ANTISMASH (Erwinia_amylovora_Ea01-03)	COMPLETED	0	2026-08-29 00:04:13.819	2026-08-29 00:04:13.910	2026-08-29 00:05:07.951	51.8s	2	6 GB	472.5 MB	7.7 GB	105.9%	0.7%	2.5 GB	80.9 MB
1358	a5/e913a3	BGC_ANALYSIS:ANTISMASH_ANALYSIS:ANTISMASH (Pantoea_agglomerans_Pa21-13_4)	COMPLETED	0	2026-08-29 00:05:06.960	2026-08-29 00:05:07.055	2026-08-29 00:05:28.199	19.2s	2	6 GB	785.2 MB	7.8 GB	131.6%	1.3%	837.5 MB	57.5 MB
67	8d/ddd3f6	BGC_ANALYSIS:ANTISMASH_ANALYSIS:ANTISMASH (Erwinia_amylovora_3446-1)	COMPLETED	0	2026-08-29 00:04:55.391	2026-08-29 00:04:55.485	2026-08-29 00:05:36.019	38.7s	2	6 GB	466.8 MB	7.7 GB	103.3%	0.7%	1.8 GB	63.6 MB
64	4a/8b6a35	BGC_ANALYSIS:ANTISMASH_ANALYSIS:ANTISMASH (Erwinia_amylovora_241_07)	COMPLETED	0	2026-08-29 00:04:59.601	2026-08-29 00:04:59.696	2026-08-29 00:05:38.611	37s	2	6 GB	471.8 MB	7.7 GB	102.0%	0.7%	1.7 GB	60.3 MB
70	1f/918186	BGC_ANALYSIS:ANTISMASH_ANALYSIS:ANTISMASH (Erwinia_amylovora_39-I-II)	COMPLETED	0	2026-08-29 00:05:02.111	2026-08-29 00:05:02.206	2026-08-29 00:05:40.155	36s	2	6 GB	466.6 MB	7.8 GB	103.2%	0.7%	1.7 GB	59.5 MB
91	c3/932dc0	BGC_ANALYSIS:ANTISMASH_ANALYSIS:ANTISMASH (Erwinia_amylovora_Ea160-3-51)	COMPLETED	0	2026-08-29 00:05:07.957	2026-08-29 00:05:08.051	2026-08-29 00:05:45.351	35.4s	2	6 GB	476.8 MB	7.8 GB	103.9%	0.7%	1.7 GB	58.9 MB
76	ee/4cf21f	BGC_ANALYSIS:ANTISMASH_ANALYSIS:ANTISMASH (Erwinia_amylovora_CFBP_7130)	COMPLETED	0	2026-08-29 00:05:04.941	2026-08-29 00:05:05.032	2026-08-29 00:05:47.367	40.3s	2	6 GB	472.4 MB	7.8 GB	101.8%	0.7%	1.9 GB	65 MB
37	6b/5efc77	BGC_ANALYSIS:ANTISMASH_ANALYSIS:ANTISMASH (Candidatus_Erwinia_dacicola_EdB2)	COMPLETED	0	2026-08-29 00:01:49.188	2026-08-29 00:01:49.280	2026-08-29 00:05:50.419	3m 58s	2	6 GB	725.3 MB	7.8 GB	101.1%	1.3%	13.3 GB	353.5 MB
86	7d/568919	BGC_ANALYSIS:ANTISMASH_ANALYSIS:ANTISMASH (Erwinia_amylovora_Ea1-97)	COMPLETED	0	2026-08-29 00:04:59.441	2026-08-29 00:04:59.536	2026-08-29 00:06:04.760	1m 3s	2	6 GB	472.8 MB	7.6 GB	105.2%	0.7%	3.3 GB	99.2 MB
73	62/627e32	BGC_ANALYSIS:ANTISMASH_ANALYSIS:ANTISMASH (Erwinia_amylovora_BCEa23A)	COMPLETED	0	2026-08-29 00:05:28.204	2026-08-29 00:05:28.299	2026-08-29 00:06:09.875	39.7s	2	6 GB	479.9 MB	7.7 GB	103.6%	0.7%	1.9 GB	64.7 MB
78	46/b293b4	BGC_ANALYSIS:ANTISMASH_ANALYSIS:ANTISMASH (Erwinia_amylovora_E2005A)	COMPLETED	0	2026-08-29 00:05:38.616	2026-08-29 00:05:38.711	2026-08-29 00:06:16.808	36.2s	2	6 GB	474.9 MB	7.7 GB	103.4%	0.7%	1.7 GB	59.4 MB
60	e9/94fb49	BGC_ANALYSIS:ANTISMASH_ANALYSIS:ANTISMASH (Erwinia_amylovora_20070126)	COMPLETED	0	2026-08-29 00:05:40.161	2026-08-29 00:05:40.255	2026-08-29 00:06:17.100	34.9s	2	6 GB	469.7 MB	7.7 GB	102.7%	0.7%	1.6 GB	57.7 MB
72	41/a94112	BGC_ANALYSIS:ANTISMASH_ANALYSIS:ANTISMASH (Erwinia_amylovora_46-4-2)	COMPLETED	0	2026-08-29 00:05:45.356	2026-08-29 00:05:45.451	2026-08-29 00:06:24.331	36.9s	2	6 GB	462.1 MB	7.7 GB	102.0%	0.7%	1.7 GB	60.4 MB
79	b4/96970b	BGC_ANALYSIS:ANTISMASH_ANALYSIS:ANTISMASH (Erwinia_amylovora_E2006P)	COMPLETED	0	2026-08-29 00:05:47.373	2026-08-29 00:05:47.467	2026-08-29 00:06:28.422	39.1s	2	6 GB	502.2 MB	7.7 GB	103.5%	0.8%	1.9 GB	64.9 MB
81	5c/d22272	BGC_ANALYSIS:ANTISMASH_ANALYSIS:ANTISMASH (Erwinia_amylovora_Ea02-03)	COMPLETED	0	2026-08-29 00:05:50.423	2026-08-29 00:05:50.518	2026-08-29 00:06:34.675	42.3s	2	6 GB	481.1 MB	7.7 GB	103.9%	0.7%	2 GB	67.9 MB
75	b0/83e2b6	BGC_ANALYSIS:ANTISMASH_ANALYSIS:ANTISMASH (Erwinia_amylovora_CFBP_2313)	COMPLETED	0	2026-08-29 00:05:36.024	2026-08-29 00:05:36.120	2026-08-29 00:06:35.977	58s	2	6 GB	468.3 MB	7.7 GB	106.6%	0.7%	3 GB	91.6 MB
99	69/dc1d29	BGC_ANALYSIS:ANTISMASH_ANALYSIS:ANTISMASH (Erwinia_amylovora_Ea315-1)	COMPLETED	0	2026-08-29 00:06:04.768	2026-08-29 00:06:04.860	2026-08-29 00:06:42.896	36.2s	2	6 GB	465.7 MB	7.6 GB	103.1%	0.7%	1.7 GB	59.9 MB
88	43/9c504b	BGC_ANALYSIS:ANTISMASH_ANALYSIS:ANTISMASH (Erwinia_amylovora_Ea116-5-29)	COMPLETED	0	2026-08-29 00:06:17.104	2026-08-29 00:06:17.201	2026-08-29 00:06:53.308	34.2s	2	6 GB	462.5 MB	7.7 GB	103.4%	0.7%	1.6 GB	56.4 MB
101	be/d2cda6	BGC_ANALYSIS:ANTISMASH_ANALYSIS:ANTISMASH (Erwinia_amylovora_Ea367)	COMPLETED	0	2026-08-29 00:06:16.812	2026-08-29 00:06:16.907	2026-08-29 00:06:56.413	37.6s	2	6 GB	468.5 MB	7.8 GB	104.3%	0.7%	1.8 GB	61.8 MB
83	5d/6bf9e5	BGC_ANALYSIS:ANTISMASH_ANALYSIS:ANTISMASH (Erwinia_amylovora_Ea04-03)	COMPLETED	0	2026-08-29 00:06:09.881	2026-08-29 00:06:09.974	2026-08-29 00:06:57.544	45.6s	2	6 GB	479.6 MB	7.7 GB	104.3%	0.7%	2.2 GB	73.4 MB
90	13/f0066c	BGC_ANALYSIS:ANTISMASH_ANALYSIS:ANTISMASH (Erwinia_amylovora_Ea123-5-51)	COMPLETED	0	2026-08-29 00:06:28.427	2026-08-29 00:06:28.523	2026-08-29 00:07:08.609	38.3s	2	6 GB	474.4 MB	7.7 GB	104.7%	0.7%	1.8 GB	62.6 MB
85	36/08293d	BGC_ANALYSIS:ANTISMASH_ANALYSIS:ANTISMASH (Erwinia_amylovora_Ea1-95)	COMPLETED	0	2026-08-29 00:06:24.337	2026-08-29 00:06:24.431	2026-08-29 00:07:11.153	44.8s	2	6 GB	479.9 MB	7.7 GB	105.1%	0.7%	2.2 GB	71.7 MB
92	7d/dd1ded	BGC_ANALYSIS:ANTISMASH_ANALYSIS:ANTISMASH (Erwinia_amylovora_Ea160-4-51)	COMPLETED	0	2026-08-29 00:06:34.684	2026-08-29 00:06:34.775	2026-08-29 00:07:16.411	39.7s	2	6 GB	468.5 MB	7.8 GB	104.6%	0.7%	1.9 GB	65.5 MB
93	0a/cd0dec	BGC_ANALYSIS:ANTISMASH_ANALYSIS:ANTISMASH (Erwinia_amylovora_Ea169)	COMPLETED	0	2026-08-29 00:06:42.900	2026-08-29 00:06:42.996	2026-08-29 00:07:21.417	36.5s	2	6 GB	464.1 MB	7.6 GB	103.4%	0.7%	1.7 GB	60.4 MB
106	95/288be5	BGC_ANALYSIS:ANTISMASH_ANALYSIS:ANTISMASH (Erwinia_amylovora_Ea435)	COMPLETED	0	2026-08-29 00:06:56.419	2026-08-29 00:06:56.513	2026-08-29 00:07:32.401	34s	2	6 GB	469.4 MB	7.7 GB	102.3%	0.7%	1.5 GB	55.9 MB
89	c1/b5be0e	BGC_ANALYSIS:ANTISMASH_ANALYSIS:ANTISMASH (Erwinia_amylovora_Ea12)	COMPLETED	0	2026-08-29 00:06:53.313	2026-08-29 00:06:53.408	2026-08-29 00:07:33.053	37.7s	2	6 GB	480.4 MB	7.8 GB	103.3%	0.7%	1.8 GB	62.7 MB
87	1e/5f990a	BGC_ANALYSIS:ANTISMASH_ANALYSIS:ANTISMASH (Erwinia_amylovora_Ea1-98)	COMPLETED	0	2026-08-29 00:06:35.983	2026-08-29 00:06:36.077	2026-08-29 00:07:36.677	58.7s	2	6 GB	512.6 MB	7.7 GB	105.8%	0.8%	3 GB	93 MB
107	b2/15081b	BGC_ANALYSIS:ANTISMASH_ANALYSIS:ANTISMASH (Erwinia_amylovora_Ea440)	COMPLETED	0	2026-08-29 00:07:08.621	2026-08-29 00:07:08.709	2026-08-29 00:07:47.566	36.9s	2	6 GB	464.7 MB	7.7 GB	103.5%	0.7%	1.7 GB	59.8 MB
104	8d/4dd257	BGC_ANALYSIS:ANTISMASH_ANALYSIS:ANTISMASH (Erwinia_amylovora_Ea4-97)	COMPLETED	0	2026-08-29 00:06:57.551	2026-08-29 00:06:57.644	2026-08-29 00:07:48.869	49.3s	2	6 GB	467.8 MB	7.7 GB	104.5%	0.7%	2.5 GB	78 MB
94	3c/105b74	BGC_ANALYSIS:ANTISMASH_ANALYSIS:ANTISMASH (Erwinia_amylovora_Ea17-1-1)	COMPLETED	0	2026-08-29 00:07:11.163	2026-08-29 00:07:11.253	2026-08-29 00:07:51.965	38.9s	2	6 GB	457.4 MB	7.7 GB	102.9%	0.7%	1.8 GB	62.8 MB
109	bd/a8423e	BGC_ANALYSIS:ANTISMASH_ANALYSIS:ANTISMASH (Erwinia_amylovora_Ea5-97)	COMPLETED	0	2026-08-29 00:07:16.415	2026-08-29 00:07:16.511	2026-08-29 00:07:56.615	38.2s	2	6 GB	469.1 MB	7.7 GB	102.4%	0.7%	1.8 GB	61.8 MB
100	c4/71bbe9	BGC_ANALYSIS:ANTISMASH_ANALYSIS:ANTISMASH (Erwinia_amylovora_Ea321_2)	COMPLETED	0	2026-08-29 00:07:21.422	2026-08-29 00:07:21.517	2026-08-29 00:08:04.196	40.8s	2	6 GB	481.3 MB	7.7 GB	102.9%	0.7%	1.9 GB	65.3 MB
97	33/d02eb5	BGC_ANALYSIS:ANTISMASH_ANALYSIS:ANTISMASH (Erwinia_amylovora_Ea29-7)	COMPLETED	0	2026-08-29 00:07:36.681	2026-08-29 00:07:36.777	2026-08-29 00:08:13.558	34.9s	2	6 GB	481 MB	7.8 GB	102.9%	0.7%	1.5 GB	55.9 MB
102	5a/9935f8	BGC_ANALYSIS:ANTISMASH_ANALYSIS:ANTISMASH (Erwinia_amylovora_Ea3a-H1-II)	COMPLETED	0	2026-08-29 00:07:48.873	2026-08-29 00:07:48.969	2026-08-29 00:08:25.744	34.9s	2	6 GB	467.5 MB	7.8 GB	102.0%	0.7%	1.5 GB	55.9 MB
96	18/d20bfb	BGC_ANALYSIS:ANTISMASH_ANALYSIS:ANTISMASH (Erwinia_amylovora_Ea2-97)	COMPLETED	0	2026-08-29 00:07:33.058	2026-08-29 00:07:33.153	2026-08-29 00:08:29.172	54.1s	2	6 GB	476 MB	7.7 GB	105.9%	0.7%	2.7 GB	84.3 MB
95	40/9ab0d8	BGC_ANALYSIS:ANTISMASH_ANALYSIS:ANTISMASH (Erwinia_amylovora_Ea2-95)	COMPLETED	0	2026-08-29 00:07:47.570	2026-08-29 00:07:47.667	2026-08-29 00:08:29.992	40.5s	2	6 GB	479.9 MB	7.7 GB	103.2%	0.7%	1.8 GB	63.6 MB
105	30/916d8b	BGC_ANALYSIS:ANTISMASH_ANALYSIS:ANTISMASH (Erwinia_amylovora_Ea433)	COMPLETED	0	2026-08-29 00:08:04.200	2026-08-29 00:08:04.296	2026-08-29 00:08:43.844	37.6s	2	6 GB	478.7 MB	7.7 GB	104.0%	0.7%	1.7 GB	59.9 MB
114	10/baf64e	BGC_ANALYSIS:ANTISMASH_ANALYSIS:ANTISMASH (Erwinia_amylovora_Ea7-96)	COMPLETED	0	2026-08-29 00:07:56.620	2026-08-29 00:07:56.715	2026-08-29 00:08:45.508	46.8s	2	6 GB	471.8 MB	7.8 GB	104.4%	0.7%	2.2 GB	72.7 MB
103	9b/066ccc	BGC_ANALYSIS:ANTISMASH_ANALYSIS:ANTISMASH (Erwinia_amylovora_Ea4-96)	COMPLETED	0	2026-08-29 00:07:51.969	2026-08-29 00:07:52.065	2026-08-29 00:08:45.665	51.8s	2	6 GB	474.2 MB	7.7 GB	104.7%	0.7%	2.5 GB	80.3 MB
98	bc/f27617	BGC_ANALYSIS:ANTISMASH_ANALYSIS:ANTISMASH (Erwinia_amylovora_Ea3-97)	COMPLETED	0	2026-08-29 00:07:32.405	2026-08-29 00:07:32.501	2026-08-29 00:08:48.186	1m 14s	2	6 GB	471.7 MB	7.7 GB	107.7%	0.7%	3.9 GB	112.9 MB
112	17/6a8874	BGC_ANALYSIS:ANTISMASH_ANALYSIS:ANTISMASH (Erwinia_amylovora_Ea6-97)	COMPLETED	0	2026-08-29 00:08:13.562	2026-08-29 00:08:13.658	2026-08-29 00:08:54.555	39s	2	6 GB	472.3 MB	7.8 GB	104.3%	0.7%	1.8 GB	61.3 MB
110	6e/7a5665	BGC_ANALYSIS:ANTISMASH_ANALYSIS:ANTISMASH (Erwinia_amylovora_Ea6-4)	COMPLETED	0	2026-08-29 00:08:25.750	2026-08-29 00:08:25.844	2026-08-29 00:09:06.121	38.3s	2	6 GB	482.5 MB	7.8 GB	102.0%	0.7%	1.7 GB	59.4 MB
125	8b/0c9d37	BGC_ANALYSIS:ANTISMASH_ANALYSIS:ANTISMASH (Erwinia_amylovora_IH-3-1)	COMPLETED	0	2026-08-29 00:08:29.996	2026-08-29 00:08:30.092	2026-08-29 00:09:18.098	46.1s	2	6 GB	476.1 MB	7.8 GB	103.7%	0.7%	2.2 GB	71.4 MB
117	8b/4f1325	BGC_ANALYSIS:ANTISMASH_ANALYSIS:ANTISMASH (Erwinia_amylovora_Ea92-1-2)	COMPLETED	0	2026-08-29 00:08:45.512	2026-08-29 00:08:45.608	2026-08-29 00:09:24.599	37.1s	2	6 GB	473.8 MB	7.7 GB	103.3%	0.7%	1.6 GB	57.3 MB
120	4d/4563da	BGC_ANALYSIS:ANTISMASH_ANALYSIS:ANTISMASH (Erwinia_amylovora_EaD-7)	COMPLETED	0	2026-08-29 00:08:45.669	2026-08-29 00:08:45.765	2026-08-29 00:09:25.086	37.4s	2	6 GB	472.8 MB	7.7 GB	103.5%	0.7%	1.6 GB	58.3 MB
111	07/81ab6a	BGC_ANALYSIS:ANTISMASH_ANALYSIS:ANTISMASH (Erwinia_amylovora_Ea6-96)	COMPLETED	0	2026-08-29 00:08:29.176	2026-08-29 00:08:29.273	2026-08-29 00:09:26.002	54.8s	2	6 GB	514.3 MB	7.8 GB	104.6%	0.8%	2.6 GB	82.7 MB
108	7e/9e8264	BGC_ANALYSIS:ANTISMASH_ANALYSIS:ANTISMASH (Erwinia_amylovora_Ea464)	COMPLETED	0	2026-08-29 00:08:43.848	2026-08-29 00:08:43.944	2026-08-29 00:09:28.672	42.8s	2	6 GB	480.4 MB	7.7 GB	103.7%	0.7%	2 GB	66.8 MB
116	76/a450ab	BGC_ANALYSIS:ANTISMASH_ANALYSIS:ANTISMASH (Erwinia_amylovora_Ea92-1-1)	COMPLETED	0	2026-08-29 00:08:54.559	2026-08-29 00:08:54.655	2026-08-29 00:09:34.640	38s	2	6 GB	467.4 MB	7.7 GB	103.6%	0.7%	1.7 GB	58.9 MB
113	ec/2bfaec	BGC_ANALYSIS:ANTISMASH_ANALYSIS:ANTISMASH (Erwinia_amylovora_Ea650)	COMPLETED	0	2026-08-29 00:09:06.126	2026-08-29 00:09:06.221	2026-08-29 00:09:50.147	42s	2	6 GB	475.2 MB	7.7 GB	102.5%	0.7%	1.9 GB	63.8 MB
126	ac/4b7bec	BGC_ANALYSIS:ANTISMASH_ANALYSIS:ANTISMASH (Erwinia_amylovora_IVIA2303)	COMPLETED	0	2026-08-29 00:09:18.103	2026-08-29 00:09:18.198	2026-08-29 00:10:01.871	41.7s	2	6 GB	470.4 MB	7.7 GB	103.0%	0.7%	1.9 GB	64.3 MB
119	40/904ac0	BGC_ANALYSIS:ANTISMASH_ANALYSIS:ANTISMASH (Erwinia_amylovora_EaB-110)	COMPLETED	0	2026-08-29 00:09:25.091	2026-08-29 00:09:25.186	2026-08-29 00:10:05.391	38.3s	2	6 GB	466.2 MB	7.8 GB	103.8%	0.7%	1.7 GB	58.9 MB
121	9b/cb2f5d	BGC_ANALYSIS:ANTISMASH_ANALYSIS:ANTISMASH (Erwinia_amylovora_EaG5)	COMPLETED	0	2026-08-29 00:09:26.025	2026-08-29 00:09:26.102	2026-08-29 00:10:09.011	40.9s	2	6 GB	470.5 MB	7.7 GB	104.7%	0.7%	1.8 GB	63.1 MB
123	b3/b54922	BGC_ANALYSIS:ANTISMASH_ANALYSIS:ANTISMASH (Erwinia_amylovora_EaLevo2)	COMPLETED	0	2026-08-29 00:09:28.676	2026-08-29 00:09:28.773	2026-08-29 00:10:13.906	43.2s	2	6 GB	462.4 MB	7.7 GB	103.4%	0.7%	1.9 GB	65.1 MB
127	a6/d53713	BGC_ANALYSIS:ANTISMASH_ANALYSIS:ANTISMASH (Erwinia_amylovora_LA472)	COMPLETED	0	2026-08-29 00:09:34.645	2026-08-29 00:09:34.740	2026-08-29 00:10:15.362	38.5s	2	6 GB	472.4 MB	7.7 GB	104.2%	0.7%	1.7 GB	59.3 MB
115	03/dca601	BGC_ANALYSIS:ANTISMASH_ANALYSIS:ANTISMASH (Erwinia_amylovora_Ea8-96)	COMPLETED	0	2026-08-29 00:09:24.602	2026-08-29 00:09:24.700	2026-08-29 00:10:17.216	50.5s	2	6 GB	480.9 MB	7.8 GB	104.4%	0.7%	2.3 GB	76.4 MB
118	c6/e63723	BGC_ANALYSIS:ANTISMASH_ANALYSIS:ANTISMASH (Erwinia_amylovora_EaA-11)	COMPLETED	0	2026-08-29 00:08:48.191	2026-08-29 00:08:48.286	2026-08-29 00:10:26.462	1m 36s	2	6 GB	469.5 MB	7.6 GB	108.7%	0.7%	5 GB	140.9 MB
131	35/d40ee7	BGC_ANALYSIS:ANTISMASH_ANALYSIS:ANTISMASH (Pantoea_agglomerans_KM1)	COMPLETED	0	2026-08-29 00:10:05.397	2026-08-29 00:10:05.491	2026-08-29 00:10:39.939	32.5s	2	6 GB	704.7 MB	7.8 GB	97.9%	1.3%	1.4 GB	71.5 MB
122	9a/148edc	BGC_ANALYSIS:ANTISMASH_ANALYSIS:ANTISMASH (Erwinia_amylovora_EaIF)	COMPLETED	0	2026-08-29 00:09:50.151	2026-08-29 00:09:50.248	2026-08-29 00:10:40.580	48.4s	2	6 GB	468.1 MB	7.7 GB	105.2%	0.7%	2.3 GB	74 MB
130	79/77e17a	BGC_ANALYSIS:ANTISMASH_ANALYSIS:ANTISMASH (Erwinia_rhapontici_H1)	COMPLETED	0	2026-08-29 00:10:09.016	2026-08-29 00:10:09.112	2026-08-29 00:10:42.147	31s	2	6 GB	761.2 MB	7.8 GB	97.1%	1.3%	1.2 GB	69.7 MB
124	38/7a64cd	BGC_ANALYSIS:ANTISMASH_ANALYSIS:ANTISMASH (Erwinia_amylovora_Fb-97b)	COMPLETED	0	2026-08-29 00:10:01.875	2026-08-29 00:10:01.971	2026-08-29 00:10:42.499	38.5s	2	6 GB	465.2 MB	7.8 GB	103.7%	0.7%	1.7 GB	59.8 MB
134	a5/f160b1	BGC_ANALYSIS:ANTISMASH_ANALYSIS:ANTISMASH (Pantoea_sp._EKM22T)	COMPLETED	0	2026-08-29 00:10:13.911	2026-08-29 00:10:14.010	2026-08-29 00:10:48.443	32.4s	2	6 GB	697.5 MB	7.8 GB	95.2%	1.2%	1.3 GB	69.4 MB
143	b4/a943e9	BGC_ANALYSIS:ANTISMASH_ANALYSIS:ANTISMASH (Buchnera_aphidicola_str._F009_Myzus_persicae_F009)	COMPLETED	0	2026-08-29 00:10:42.504	2026-08-29 00:10:42.600	2026-08-29 00:10:50.586	6.1s	2	6 GB	210.3 MB	2.7 GB	106.4%	0.3%	270.1 MB	8.3 MB
135	94/b292f6	BGC_ANALYSIS:ANTISMASH_ANALYSIS:ANTISMASH (Pantoea_sp._LS15)	COMPLETED	0	2026-08-29 00:10:17.220	2026-08-29 00:10:17.316	2026-08-29 00:10:53.284	34s	2	6 GB	675.4 MB	7.7 GB	96.7%	1.2%	1.4 GB	71.3 MB
128	d0/7bbcfe	BGC_ANALYSIS:ANTISMASH_ANALYSIS:ANTISMASH (Erwinia_amylovora_O-RG-21)	COMPLETED	0	2026-08-29 00:10:15.393	2026-08-29 00:10:15.462	2026-08-29 00:10:53.710	36.2s	2	6 GB	479.8 MB	7.8 GB	104.0%	0.7%	1.5 GB	55.9 MB
137	31/6ece62	BGC_ANALYSIS:ANTISMASH_ANALYSIS:ANTISMASH (Buchnera_aphidicola_BCc)	COMPLETED	0	2026-08-29 00:10:48.448	2026-08-29 00:10:48.544	2026-08-29 00:10:55.765	5s	2	6 GB	206.5 MB	2.7 GB	109.8%	0.3%	237.5 MB	6.1 MB
140	8f/597175	BGC_ANALYSIS:ANTISMASH_ANALYSIS:ANTISMASH (Buchnera_aphidicola_str._APS_Acyrthosiphon_pisum_APS)	COMPLETED	0	2026-08-29 00:10:50.592	2026-08-29 00:10:50.685	2026-08-29 00:10:58.684	6.1s	2	6 GB	214.9 MB	2.7 GB	105.3%	0.3%	287.4 MB	8.8 MB
146	3f/9a82f0	BGC_ANALYSIS:ANTISMASH_ANALYSIS:ANTISMASH (Buchnera_aphidicola_str._JF99_Acyrthosiphon_pisum_JF99)	COMPLETED	0	2026-08-29 00:10:53.288	2026-08-29 00:10:53.384	2026-08-29 00:11:00.597	5.3s	2	6 GB	207.8 MB	2.7 GB	103.9%	0.3%	242.2 MB	5.2 MB
141	3c/32cd78	BGC_ANALYSIS:ANTISMASH_ANALYSIS:ANTISMASH (Buchnera_aphidicola_str._Ak_Acyrthosiphon_kondoi_Ak)	COMPLETED	0	2026-08-29 00:10:53.714	2026-08-29 00:10:53.810	2026-08-29 00:11:01.810	6.1s	2	6 GB	215.1 MB	2.7 GB	104.9%	0.3%	287.9 MB	8.8 MB
133	6d/d193aa	BGC_ANALYSIS:ANTISMASH_ANALYSIS:ANTISMASH (Pantoea_sp._EKM20T)	COMPLETED	0	2026-08-29 00:10:26.467	2026-08-29 00:10:26.563	2026-08-29 00:11:02.189	33.7s	2	6 GB	680.9 MB	7.7 GB	94.1%	1.2%	1.4 GB	72.5 MB
142	a4/150715	BGC_ANALYSIS:ANTISMASH_ANALYSIS:ANTISMASH (Buchnera_aphidicola_str._Bp_Baizongia_pistaciae)	COMPLETED	0	2026-08-29 00:10:55.768	2026-08-29 00:10:55.866	2026-08-29 00:11:03.389	5.7s	2	6 GB	213.4 MB	2.7 GB	104.7%	0.3%	258.8 MB	8.1 MB
154	79/b038d1	BGC_ANALYSIS:ANTISMASH_ANALYSIS:ANTISMASH (Buchnera_aphidicola_str._W106_Myzus_persicae_W106)	COMPLETED	0	2026-08-29 00:10:58.688	2026-08-29 00:10:58.785	2026-08-29 00:11:06.651	5.9s	2	6 GB	210.6 MB	2.7 GB	105.1%	0.3%	270 MB	8.3 MB
145	37/32c5cf	BGC_ANALYSIS:ANTISMASH_ANALYSIS:ANTISMASH (Buchnera_aphidicola_str._JF98_Acyrthosiphon_pisum_JF98)	COMPLETED	0	2026-08-29 00:11:00.601	2026-08-29 00:11:00.697	2026-08-29 00:11:07.455	4.9s	2	6 GB	198.3 MB	2.7 GB	108.3%	0.3%	218 MB	4.8 MB
151	fa/70e81e	BGC_ANALYSIS:ANTISMASH_ANALYSIS:ANTISMASH (Buchnera_aphidicola_str._Tuc7_Acyrthosiphon_pisum_Tuc7)	COMPLETED	0	2026-08-29 00:11:01.814	2026-08-29 00:11:01.910	2026-08-29 00:11:08.937	5.2s	2	6 GB	208.9 MB	2.7 GB	103.7%	0.3%	242.8 MB	5.2 MB
139	fb/94b6c9	BGC_ANALYSIS:ANTISMASH_ANALYSIS:ANTISMASH (Buchnera_aphidicola_str._5A_Acyrthosiphon_pisum_5A)	COMPLETED	0	2026-08-29 00:11:02.193	2026-08-29 00:11:02.289	2026-08-29 00:11:09.375	5.2s	2	6 GB	208.5 MB	2.7 GB	103.9%	0.3%	242.8 MB	5.2 MB
144	ed/b60cae	BGC_ANALYSIS:ANTISMASH_ANALYSIS:ANTISMASH (Buchnera_aphidicola_str._G002_Myzus_persicae_G002)	COMPLETED	0	2026-08-29 00:11:03.393	2026-08-29 00:11:03.489	2026-08-29 00:11:11.215	5.8s	2	6 GB	213.9 MB	2.7 GB	103.9%	0.3%	269.9 MB	8.3 MB
132	38/da317e	BGC_ANALYSIS:ANTISMASH_ANALYSIS:ANTISMASH (Pantoea_sp._EKM10T)	COMPLETED	0	2026-08-29 00:10:40.584	2026-08-29 00:10:40.680	2026-08-29 00:11:11.356	28.8s	2	6 GB	704.9 MB	7.8 GB	94.3%	1.3%	1.2 GB	64.5 MB
148	4d/72949f	BGC_ANALYSIS:ANTISMASH_ANALYSIS:ANTISMASH (Buchnera_aphidicola_str._LSR1_Acyrthosiphon_pisum)	COMPLETED	0	2026-08-29 00:11:06.655	2026-08-29 00:11:06.751	2026-08-29 00:11:14.205	5.6s	2	6 GB	203.8 MB	2.7 GB	101.3%	0.3%	243.2 MB	5.3 MB
149	01/db14d1	BGC_ANALYSIS:ANTISMASH_ANALYSIS:ANTISMASH (Buchnera_aphidicola_str._Sg_Schizaphis_graminum_Sg_ex_Schizaphis_graminum)	COMPLETED	0	2026-08-29 00:11:08.942	2026-08-29 00:11:09.038	2026-08-29 00:11:16.092	5.2s	2	6 GB	208.8 MB	2.7 GB	103.2%	0.3%	239.9 MB	5.1 MB
152	e5/49e43a	BGC_ANALYSIS:ANTISMASH_ANALYSIS:ANTISMASH (Buchnera_aphidicola_str._USDA_Myzus_persicae_USDA)	COMPLETED	0	2026-08-29 00:11:09.379	2026-08-29 00:11:09.475	2026-08-29 00:11:17.093	5.8s	2	6 GB	210.8 MB	2.7 GB	102.9%	0.3%	270.2 MB	8.3 MB
136	3a/893aa8	BGC_ANALYSIS:ANTISMASH_ANALYSIS:ANTISMASH (Pantoea_sp._LS15_2)	COMPLETED	0	2026-08-29 00:10:42.150	2026-08-29 00:10:42.247	2026-08-29 00:11:17.287	33.2s	2	6 GB	707 MB	7.8 GB	94.5%	1.3%	1.4 GB	71.4 MB
138	9c/cf1020	BGC_ANALYSIS:ANTISMASH_ANALYSIS:ANTISMASH (Buchnera_aphidicola_Cinara_tujafilina_BCtu)	COMPLETED	0	2026-08-29 00:11:14.210	2026-08-29 00:11:14.305	2026-08-29 00:11:20.973	4.7s	2	6 GB	195.8 MB	2.7 GB	104.1%	0.3%	214.1 MB	3.8 MB
129	4c/a68907	BGC_ANALYSIS:ANTISMASH_ANALYSIS:ANTISMASH (Erwinia_amylovora_P-C-3b)	COMPLETED	0	2026-08-29 00:10:39.944	2026-08-29 00:10:40.039	2026-08-29 00:11:22.835	40.9s	2	6 GB	480.9 MB	7.8 GB	100.9%	0.7%	1.9 GB	63.8 MB
147	6d/c60e46	BGC_ANALYSIS:ANTISMASH_ANALYSIS:ANTISMASH (Buchnera_aphidicola_str._LL01_Acyrthosiphon_pisum_LL01)	COMPLETED	0	2026-08-29 00:11:16.096	2026-08-29 00:11:16.192	2026-08-29 00:11:23.495	5.4s	2	6 GB	208 MB	2.7 GB	105.7%	0.3%	238.8 MB	5.2 MB
153	4a/022d95	BGC_ANALYSIS:ANTISMASH_ANALYSIS:ANTISMASH (Buchnera_aphidicola_str._Ua_Uroleucon_ambrosiae_Ua)	COMPLETED	0	2026-08-29 00:11:17.097	2026-08-29 00:11:17.193	2026-08-29 00:11:25.593	6.6s	2	6 GB	453.8 MB	7.6 GB	101.7%	0.7%	284.3 MB	8.5 MB
156	1e/3db8f9	BGC_ANALYSIS:ANTISMASH_ANALYSIS:ANTISMASH (Erwinia_amylovora_01SFR-BO)	COMPLETED	0	2026-08-29 00:11:07.460	2026-08-29 00:11:07.555	2026-08-29 00:11:30.901	21.5s	2	6 GB	573 MB	7.3 GB	100.1%	1.0%	879 MB	47.9 MB
150	fe/619cab	BGC_ANALYSIS:ANTISMASH_ANALYSIS:ANTISMASH (Buchnera_aphidicola_str._TLW03_Acyrthosiphon_pisum_TLW03)	COMPLETED	0	2026-08-29 00:11:22.839	2026-08-29 00:11:22.935	2026-08-29 00:11:31.477	6.4s	2	6 GB	440.7 MB	7.2 GB	100.6%	0.7%	238.3 MB	5.2 MB
159	72/b11473	BGC_ANALYSIS:ANTISMASH_ANALYSIS:ANTISMASH (Erwinia_amylovora_CFBP1430_CFPB1430)	COMPLETED	0	2026-08-29 00:11:11.219	2026-08-29 00:11:11.315	2026-08-29 00:11:32.340	19.1s	2	6 GB	757.1 MB	7.8 GB	127.9%	1.3%	681.7 MB	48.1 MB
158	50/2f45ce	BGC_ANALYSIS:ANTISMASH_ANALYSIS:ANTISMASH (Erwinia_amylovora_ATCC_49946)	COMPLETED	0	2026-08-29 00:11:11.360	2026-08-29 00:11:11.457	2026-08-29 00:11:37.234	23.9s	2	6 GB	905 MB	7.9 GB	119.4%	1.4%	718.9 MB	57 MB
155	01/227536	BGC_ANALYSIS:ANTISMASH_ANALYSIS:ANTISMASH (Candidatus_Pantoea_carbekii_GCA_000478905.1)	COMPLETED	0	2026-08-29 00:11:31.482	2026-08-29 00:11:31.577	2026-08-29 00:11:40.527	6.8s	2	6 GB	214 MB	2.7 GB	101.3%	0.3%	277.5 MB	7.7 MB
160	b0/a5ec2c	BGC_ANALYSIS:ANTISMASH_ANALYSIS:ANTISMASH (Erwinia_amylovora_CFBP_2585)	COMPLETED	0	2026-08-29 00:11:20.979	2026-08-29 00:11:21.074	2026-08-29 00:11:46.636	23.5s	2	6 GB	631.3 MB	7.7 GB	104.2%	1.0%	923.9 MB	49.2 MB
162	aa/2eaf2d	BGC_ANALYSIS:ANTISMASH_ANALYSIS:ANTISMASH (Erwinia_amylovora_Ea356_Ea_356)	COMPLETED	0	2026-08-29 00:11:23.501	2026-08-29 00:11:23.595	2026-08-29 00:11:49.454	23.8s	2	6 GB	632.7 MB	7.7 GB	99.1%	1.1%	920.6 MB	49 MB
163	65/cc4ad7	BGC_ANALYSIS:ANTISMASH_ANALYSIS:ANTISMASH (Erwinia_amylovora_Ea644)	COMPLETED	0	2026-08-29 00:11:17.291	2026-08-29 00:11:17.387	2026-08-29 00:11:52.038	32.8s	2	6 GB	640.6 MB	7.7 GB	95.6%	1.0%	1.3 GB	59 MB
157	d9/162323	BGC_ANALYSIS:ANTISMASH_ANALYSIS:ANTISMASH (Erwinia_amylovora_ACW56400)	COMPLETED	0	2026-08-29 00:11:25.597	2026-08-29 00:11:25.693	2026-08-29 00:11:53.324	25.2s	2	6 GB	499.2 MB	7.2 GB	99.4%	0.8%	1011.2 MB	51.6 MB
166	83/b35116	BGC_ANALYSIS:ANTISMASH_ANALYSIS:ANTISMASH (Erwinia_amylovora_LA637)	COMPLETED	0	2026-08-29 00:11:40.531	2026-08-29 00:11:40.627	2026-08-29 00:12:05.245	22.6s	2	6 GB	663.8 MB	7.7 GB	104.1%	1.1%	842.9 MB	46.7 MB
161	e3/fc864a	BGC_ANALYSIS:ANTISMASH_ANALYSIS:ANTISMASH (Erwinia_amylovora_Ea266)	COMPLETED	0	2026-08-29 00:11:37.239	2026-08-29 00:11:37.334	2026-08-29 00:12:11.879	32.4s	2	6 GB	633.7 MB	7.7 GB	96.1%	1.0%	1.4 GB	60.4 MB
165	e0/917c8e	BGC_ANALYSIS:ANTISMASH_ANALYSIS:ANTISMASH (Erwinia_amylovora_LA636)	COMPLETED	0	2026-08-29 00:11:52.042	2026-08-29 00:11:52.138	2026-08-29 00:12:17.092	23.1s	2	6 GB	669.2 MB	7.7 GB	109.2%	1.1%	811.9 MB	45.3 MB
172	bf/5669ef	BGC_ANALYSIS:ANTISMASH_ANALYSIS:ANTISMASH (Erwinia_mallotivora_BT-MARDI)	COMPLETED	0	2026-08-29 00:11:30.906	2026-08-29 00:11:31.001	2026-08-29 00:12:19.688	46.6s	2	6 GB	648.3 MB	7.7 GB	94.1%	1.0%	2 GB	85.2 MB
169	eb/3edfb1	BGC_ANALYSIS:ANTISMASH_ANALYSIS:ANTISMASH (Erwinia_amylovora_NBRC_12687___CFBP_1232_type_strain:_CFBP_1232)	COMPLETED	0	2026-08-29 00:11:49.458	2026-08-29 00:11:49.554	2026-08-29 00:12:27.180	35.7s	2	6 GB	635.2 MB	7.7 GB	95.4%	1.0%	1.4 GB	61 MB
175	f3/7e2b62	BGC_ANALYSIS:ANTISMASH_ANALYSIS:ANTISMASH (Erwinia_pyrifoliae_Ep1_96)	COMPLETED	0	2026-08-29 00:12:05.251	2026-08-29 00:12:05.345	2026-08-29 00:12:29.037	21.6s	2	6 GB	753.4 MB	7.8 GB	124.5%	1.3%	764.4 MB	47.5 MB
168	bb/57a49b	BGC_ANALYSIS:ANTISMASH_ANALYSIS:ANTISMASH (Erwinia_amylovora_NBRC_12687___CFBP_1232_NBRC_12687)	COMPLETED	0	2026-08-29 00:11:53.329	2026-08-29 00:11:53.424	2026-08-29 00:12:30.149	34.7s	2	6 GB	613.7 MB	7.7 GB	94.8%	1.0%	1.3 GB	57.3 MB
181	35/cd4a15	BGC_ANALYSIS:ANTISMASH_ANALYSIS:ANTISMASH (Pantoea_agglomerans_4)	COMPLETED	0	2026-08-29 00:12:11.884	2026-08-29 00:12:11.979	2026-08-29 00:12:42.411	28s	2	6 GB	796.1 MB	7.8 GB	128.2%	1.3%	847.6 MB	57.2 MB
171	2a/56bcb4	BGC_ANALYSIS:ANTISMASH_ANALYSIS:ANTISMASH (Erwinia_billingiae_Eb661)	COMPLETED	0	2026-08-29 00:12:19.692	2026-08-29 00:12:19.788	2026-08-29 00:12:53.602	31.6s	2	6 GB	780.2 MB	7.8 GB	130.8%	1.3%	900.6 MB	59.3 MB
180	1a/83c527	BGC_ANALYSIS:ANTISMASH_ANALYSIS:ANTISMASH (Pantoea_agglomerans_190)	COMPLETED	0	2026-08-29 00:12:29.045	2026-08-29 00:12:29.137	2026-08-29 00:13:03.690	30.9s	2	6 GB	695.1 MB	7.7 GB	122.3%	1.3%	881.2 MB	55.3 MB
183	f6/dbcda3	BGC_ANALYSIS:ANTISMASH_ANALYSIS:ANTISMASH (Pantoea_agglomerans_Eh318)	COMPLETED	0	2026-08-29 00:12:17.097	2026-08-29 00:12:17.192	2026-08-29 00:13:04.085	44.6s	2	6 GB	716.1 MB	7.8 GB	101.6%	1.3%	1.3 GB	70.3 MB
164	c9/3a5c17	BGC_ANALYSIS:ANTISMASH_ANALYSIS:ANTISMASH (Erwinia_amylovora_LA635)	COMPLETED	0	2026-08-29 00:12:30.156	2026-08-29 00:12:30.249	2026-08-29 00:13:04.335	30.1s	2	6 GB	686.5 MB	7.7 GB	110.6%	1.1%	811.9 MB	45.3 MB
173	70/6b17a2	BGC_ANALYSIS:ANTISMASH_ANALYSIS:ANTISMASH (Erwinia_oleae_DAPP-PG531)	COMPLETED	0	2026-08-29 00:11:32.344	2026-08-29 00:11:32.440	2026-08-29 00:13:10.772	1m 36s	2	6 GB	523 MB	7.7 GB	102.8%	0.8%	3.9 GB	119.6 MB
176	69/c54500	BGC_ANALYSIS:ANTISMASH_ANALYSIS:ANTISMASH (Erwinia_sp._9145)	COMPLETED	0	2026-08-29 00:11:46.641	2026-08-29 00:11:46.736	2026-08-29 00:13:20.779	1m 32s	2	6 GB	4.8 GB	7.5 GB	124.7%	7.5%	19.8 GB	31.1 MB
167	a1/3bfffc	BGC_ANALYSIS:ANTISMASH_ANALYSIS:ANTISMASH (Erwinia_amylovora_MR1)	COMPLETED	0	2026-08-29 00:12:42.418	2026-08-29 00:12:42.511	2026-08-29 00:13:22.640	36.5s	2	6 GB	644.8 MB	7.7 GB	95.9%	1.0%	1.2 GB	58.4 MB
177	12/85a0ba	BGC_ANALYSIS:ANTISMASH_ANALYSIS:ANTISMASH (Erwinia_tasmaniensis_Et1_99)	COMPLETED	0	2026-08-29 00:13:04.093	2026-08-29 00:13:04.185	2026-08-29 00:13:27.708	20.9s	2	6 GB	764.5 MB	7.8 GB	124.7%	1.3%	790.9 MB	49.4 MB
170	f4/557f27	BGC_ANALYSIS:ANTISMASH_ANALYSIS:ANTISMASH (Erwinia_amylovora_UPN527)	COMPLETED	0	2026-08-29 00:13:03.695	2026-08-29 00:13:03.791	2026-08-29 00:13:30.922	24.5s	2	6 GB	564.8 MB	7.3 GB	99.7%	1.0%	855.5 MB	47.1 MB
184	4e/4681fb	BGC_ANALYSIS:ANTISMASH_ANALYSIS:ANTISMASH (Pantoea_agglomerans_GB1)	COMPLETED	0	2026-08-29 00:12:53.609	2026-08-29 00:12:53.702	2026-08-29 00:13:32.236	35.3s	2	6 GB	672.1 MB	7.7 GB	94.9%	1.1%	1.2 GB	66.8 MB
178	54/fdb745	BGC_ANALYSIS:ANTISMASH_ANALYSIS:ANTISMASH (Erwinia_tracheiphila_PSU-1)	COMPLETED	0	2026-08-29 00:13:10.777	2026-08-29 00:13:10.872	2026-08-29 00:13:43.552	30s	2	6 GB	732.4 MB	7.8 GB	95.7%	1.3%	1.2 GB	61.4 MB
174	e0/22f06f	BGC_ANALYSIS:ANTISMASH_ANALYSIS:ANTISMASH (Erwinia_pyrifoliae_DSM_12163)	COMPLETED	0	2026-08-29 00:13:22.646	2026-08-29 00:13:22.740	2026-08-29 00:13:45.680	20.6s	2	6 GB	820.5 MB	7.8 GB	129.6%	1.3%	776.5 MB	52.3 MB
189	59/4ff76c	BGC_ANALYSIS:ANTISMASH_ANALYSIS:ANTISMASH (Pantoea_agglomerans_Sl1_M5)	COMPLETED	0	2026-08-29 00:13:04.341	2026-08-29 00:13:04.435	2026-08-29 00:13:46.254	39.2s	2	6 GB	514.9 MB	7.8 GB	101.2%	0.9%	1.5 GB	60.9 MB
185	c2/2cf9f2	BGC_ANALYSIS:ANTISMASH_ANALYSIS:ANTISMASH (Pantoea_agglomerans_IG1)	COMPLETED	0	2026-08-29 00:13:32.241	2026-08-29 00:13:32.336	2026-08-29 00:14:06.898	32.3s	2	6 GB	513.2 MB	7.8 GB	99.9%	0.8%	1.1 GB	50.7 MB
182	d7/e17e51	BGC_ANALYSIS:ANTISMASH_ANALYSIS:ANTISMASH (Pantoea_agglomerans_DAPP-PG734)	COMPLETED	0	2026-08-29 00:12:27.185	2026-08-29 00:12:27.281	2026-08-29 00:14:08.518	1m 38s	2	6 GB	540.3 MB	7.7 GB	106.4%	0.9%	4 GB	124.7 MB
191	31/644dac	BGC_ANALYSIS:ANTISMASH_ANALYSIS:ANTISMASH (Pantoea_ananatis_AJ13355)	COMPLETED	0	2026-08-29 00:13:20.785	2026-08-29 00:13:20.879	2026-08-29 00:14:14.468	51s	2	6 GB	4.7 GB	7.8 GB	122.9%	6.1%	7.9 GB	55 MB
190	57/b43ca9	BGC_ANALYSIS:ANTISMASH_ANALYSIS:ANTISMASH (Pantoea_agglomerans_Tx10)	COMPLETED	0	2026-08-29 00:13:46.259	2026-08-29 00:13:46.354	2026-08-29 00:14:18.785	30.5s	2	6 GB	688.6 MB	7.8 GB	100.8%	1.3%	1.1 GB	64.5 MB
188	24/5a03cb	BGC_ANALYSIS:ANTISMASH_ANALYSIS:ANTISMASH (Pantoea_agglomerans_RIT273)	COMPLETED	0	2026-08-29 00:13:45.688	2026-08-29 00:13:45.782	2026-08-29 00:14:19.969	32.3s	2	6 GB	721.5 MB	7.8 GB	95.9%	1.3%	1.2 GB	68.8 MB
199	85/018256	BGC_ANALYSIS:ANTISMASH_ANALYSIS:ANTISMASH (Pantoea_ananatis_LMG_2665_2)	COMPLETED	0	2026-08-29 00:13:30.927	2026-08-29 00:13:31.021	2026-08-29 00:14:34.617	1m 1s	2	6 GB	4.6 GB	7.8 GB	116.7%	5.8%	10.2 GB	52 MB
179	88/231375	BGC_ANALYSIS:ANTISMASH_ANALYSIS:ANTISMASH (Erwinia_typographi_M043b)	COMPLETED	0	2026-08-29 00:13:27.712	2026-08-29 00:13:27.808	2026-08-29 00:14:36.631	1m 7s	2	6 GB	715.8 MB	7.8 GB	95.4%	1.3%	3.1 GB	120.4 MB
187	89/0cae1c	BGC_ANALYSIS:ANTISMASH_ANALYSIS:ANTISMASH (Pantoea_agglomerans_MP2)	COMPLETED	0	2026-08-29 00:14:08.522	2026-08-29 00:14:08.618	2026-08-29 00:14:39.524	28.8s	2	6 GB	665.7 MB	7.7 GB	96.8%	1.1%	1 GB	61.8 MB
186	36/bfa926	BGC_ANALYSIS:ANTISMASH_ANALYSIS:ANTISMASH (Pantoea_agglomerans_LMAE-2)	COMPLETED	0	2026-08-29 00:14:06.906	2026-08-29 00:14:06.999	2026-08-29 00:14:59.865	50.7s	2	6 GB	678.9 MB	7.7 GB	96.8%	1.2%	2.3 GB	94.9 MB
204	2a/97c875	BGC_ANALYSIS:ANTISMASH_ANALYSIS:ANTISMASH (Pantoea_ananatis_Sd-1)	COMPLETED	0	2026-08-29 00:14:18.793	2026-08-29 00:14:18.884	2026-08-29 00:15:06.810	45.6s	2	6 GB	498.2 MB	7.8 GB	106.9%	0.8%	2 GB	73 MB
192	4e/e73389	BGC_ANALYSIS:ANTISMASH_ANALYSIS:ANTISMASH (Pantoea_ananatis_B1-9)	COMPLETED	0	2026-08-29 00:14:14.474	2026-08-29 00:14:14.571	2026-08-29 00:15:34.718	1m 18s	2	6 GB	4.6 GB	7.8 GB	110.8%	7.3%	10.8 GB	68.3 MB
194	63/34078b	BGC_ANALYSIS:ANTISMASH_ANALYSIS:ANTISMASH (Pantoea_ananatis_BD442)	COMPLETED	0	2026-08-29 00:14:34.624	2026-08-29 00:14:34.717	2026-08-29 00:15:36.496	59.8s	2	6 GB	4.7 GB	7.8 GB	116.5%	5.5%	10.2 GB	47.6 MB
195	2d/641695	BGC_ANALYSIS:ANTISMASH_ANALYSIS:ANTISMASH (Pantoea_ananatis_BRT175)	COMPLETED	0	2026-08-29 00:14:59.873	2026-08-29 00:14:59.965	2026-08-29 00:15:36.973	34.6s	2	6 GB	656.5 MB	7.7 GB	97.5%	1.0%	1.4 GB	71.6 MB
196	fe/fc40c0	BGC_ANALYSIS:ANTISMASH_ANALYSIS:ANTISMASH (Pantoea_ananatis_DAR_76143_DAR76143)	COMPLETED	0	2026-08-29 00:13:43.556	2026-08-29 00:13:43.653	2026-08-29 00:15:37.484	1m 52s	2	6 GB	4.7 GB	7.7 GB	112.3%	7.8%	16.4 GB	107.2 MB
200	d1/697c62	BGC_ANALYSIS:ANTISMASH_ANALYSIS:ANTISMASH (Pantoea_ananatis_LMG_5342)	COMPLETED	0	2026-08-29 00:14:39.529	2026-08-29 00:14:39.624	2026-08-29 00:15:39.956	58.4s	2	6 GB	4.8 GB	7.9 GB	127.8%	4.1%	16.4 GB	59.6 MB
193	b9/683fde	BGC_ANALYSIS:ANTISMASH_ANALYSIS:ANTISMASH (Pantoea_ananatis_B1-9_2)	COMPLETED	0	2026-08-29 00:14:19.975	2026-08-29 00:14:20.070	2026-08-29 00:15:47.191	1m 25s	2	6 GB	4.7 GB	7.8 GB	110.9%	7.0%	11.3 GB	79.5 MB
197	08/5806f5	BGC_ANALYSIS:ANTISMASH_ANALYSIS:ANTISMASH (Pantoea_ananatis_LMG_20103)	COMPLETED	0	2026-08-29 00:15:06.815	2026-08-29 00:15:06.910	2026-08-29 00:15:53.980	44.7s	2	6 GB	4.7 GB	7.4 GB	128.3%	3.1%	9.4 GB	34.5 MB
202	1f/74cbb9	BGC_ANALYSIS:ANTISMASH_ANALYSIS:ANTISMASH (Pantoea_ananatis_PA4)	COMPLETED	0	2026-08-29 00:15:37.489	2026-08-29 00:15:37.584	2026-08-29 00:16:06.918	27.5s	2	6 GB	550.4 MB	7.9 GB	114.1%	0.8%	1.1 GB	53.2 MB
209	40/2afe51	BGC_ANALYSIS:ANTISMASH_ANALYSIS:ANTISMASH (Pantoea_sp._3.5.1)	COMPLETED	0	2026-08-29 00:15:39.961	2026-08-29 00:15:40.056	2026-08-29 00:16:07.949	26s	2	6 GB	736.7 MB	7.8 GB	108.2%	1.3%	1 GB	65.5 MB
210	2c/53af9f	BGC_ANALYSIS:ANTISMASH_ANALYSIS:ANTISMASH (Pantoea_sp._9140)	COMPLETED	0	2026-08-29 00:15:47.195	2026-08-29 00:15:47.291	2026-08-29 00:16:12.148	22.8s	2	6 GB	618.3 MB	7.8 GB	127.3%	1.0%	809.4 MB	43.6 MB
203	01/1412ad	BGC_ANALYSIS:ANTISMASH_ANALYSIS:ANTISMASH (Pantoea_ananatis_PaMB1)	COMPLETED	0	2026-08-29 00:14:36.635	2026-08-29 00:14:36.731	2026-08-29 00:16:13.500	1m 35s	2	6 GB	4.7 GB	7.7 GB	104.8%	5.6%	12.1 GB	121.8 MB
212	58/eb7f8d	BGC_ANALYSIS:ANTISMASH_ANALYSIS:ANTISMASH (Pantoea_sp._AS-PWVM4)	COMPLETED	0	2026-08-29 00:15:36.501	2026-08-29 00:15:36.595	2026-08-29 00:16:15.846	37.5s	2	6 GB	669.2 MB	7.7 GB	92.1%	1.1%	1.6 GB	71.7 MB
207	0d/408865	BGC_ANALYSIS:ANTISMASH_ANALYSIS:ANTISMASH (Pantoea_rwandensis_ND04)	COMPLETED	0	2026-08-29 00:16:07.954	2026-08-29 00:16:08.049	2026-08-29 00:16:25.272	15.3s	2	6 GB	615.1 MB	7.3 GB	135.3%	1.0%	695.4 MB	30.9 MB
208	1c/33eb29	BGC_ANALYSIS:ANTISMASH_ANALYSIS:ANTISMASH (Pantoea_septica_FF5)	COMPLETED	0	2026-08-29 00:15:53.986	2026-08-29 00:15:54.080	2026-08-29 00:16:30.090	33.9s	2	6 GB	484 MB	7.8 GB	99.7%	0.7%	1.4 GB	56.6 MB
201	a5/024d49	BGC_ANALYSIS:ANTISMASH_ANALYSIS:ANTISMASH (Pantoea_ananatis_PA13)	COMPLETED	0	2026-08-29 00:15:36.977	2026-08-29 00:15:37.073	2026-08-29 00:16:31.137	52.3s	2	6 GB	4.8 GB	8 GB	128.5%	3.2%	14.3 GB	52.2 MB
198	01/7295a2	BGC_ANALYSIS:ANTISMASH_ANALYSIS:ANTISMASH (Pantoea_ananatis_LMG_2665)	COMPLETED	0	2026-08-29 00:15:34.723	2026-08-29 00:15:34.818	2026-08-29 00:16:36.997	1m	2	6 GB	4.7 GB	7.8 GB	110.9%	6.1%	10.4 GB	57 MB
205	fe/4f3e57	BGC_ANALYSIS:ANTISMASH_ANALYSIS:ANTISMASH (Pantoea_dispersa_EGD-AAK13_2)	COMPLETED	0	2026-08-29 00:16:06.923	2026-08-29 00:16:07.019	2026-08-29 00:16:43.733	34.8s	2	6 GB	672.7 MB	7.7 GB	93.6%	1.2%	1.5 GB	73.3 MB
217	58/da41c6	BGC_ANALYSIS:ANTISMASH_ANALYSIS:ANTISMASH (Pantoea_sp._MBLJ3)	COMPLETED	0	2026-08-29 00:16:12.153	2026-08-29 00:16:12.249	2026-08-29 00:16:45.080	30.9s	2	6 GB	522.2 MB	7.7 GB	105.8%	0.8%	1.3 GB	54.5 MB
223	9c/9b1649	BGC_ANALYSIS:ANTISMASH_ANALYSIS:ANTISMASH (Pantoea_stewartii_M073a)	COMPLETED	0	2026-08-29 00:16:13.505	2026-08-29 00:16:13.600	2026-08-29 00:16:46.204	30.7s	2	6 GB	708.1 MB	7.8 GB	97.5%	1.3%	1.3 GB	68 MB
226	86/b24677	BGC_ANALYSIS:ANTISMASH_ANALYSIS:ANTISMASH (Pantoea_vagans_C9-1)	COMPLETED	0	2026-08-29 00:16:31.143	2026-08-29 00:16:31.237	2026-08-29 00:16:54.943	21.6s	2	6 GB	766.6 MB	7.8 GB	126.4%	1.3%	852.2 MB	55.7 MB
227	e2/4dc14d	BGC_ANALYSIS:ANTISMASH_ANALYSIS:ANTISMASH (Pantoea_vagans_MP7)	COMPLETED	0	2026-08-29 00:16:30.094	2026-08-29 00:16:30.190	2026-08-29 00:16:55.650	23.5s	2	6 GB	639.7 MB	7.7 GB	101.0%	1.0%	891.8 MB	55.9 MB
225	97/d71803	BGC_ANALYSIS:ANTISMASH_ANALYSIS:ANTISMASH (Pantoea_stewartii_subsp._stewartii_DC283)	COMPLETED	0	2026-08-29 00:16:25.276	2026-08-29 00:16:25.372	2026-08-29 00:17:09.955	42.5s	2	6 GB	707.7 MB	7.8 GB	97.2%	1.3%	2 GB	89.4 MB
211	94/184f25	BGC_ANALYSIS:ANTISMASH_ANALYSIS:ANTISMASH (Pantoea_sp._A4)	COMPLETED	0	2026-08-29 00:16:15.851	2026-08-29 00:16:15.946	2026-08-29 00:17:10.280	52.3s	2	6 GB	487.8 MB	7.7 GB	102.0%	0.7%	2.2 GB	79.8 MB
228	48/ed0da3	BGC_ANALYSIS:ANTISMASH_ANALYSIS:ANTISMASH (Phaseolibacter_flectens_ATCC_12775)	COMPLETED	0	2026-08-29 00:16:43.738	2026-08-29 00:16:43.834	2026-08-29 00:17:10.848	24.9s	2	6 GB	477.7 MB	7.7 GB	101.8%	0.7%	989.3 MB	36.5 MB
233	79/cf805f	BGC_ANALYSIS:ANTISMASH_ANALYSIS:ANTISMASH (Tatumella_sp._UCD-D_suzukii)	COMPLETED	0	2026-08-29 00:16:46.209	2026-08-29 00:16:46.304	2026-08-29 00:17:17.139	28.8s	2	6 GB	471.9 MB	7.8 GB	101.0%	0.7%	1.2 GB	46.2 MB
220	5f/2e82e1	BGC_ANALYSIS:ANTISMASH_ANALYSIS:ANTISMASH (Pantoea_sp._YR343)	COMPLETED	0	2026-08-29 00:16:54.948	2026-08-29 00:16:55.043	2026-08-29 00:17:19.936	23s	2	6 GB	858.2 MB	7.9 GB	127.8%	1.4%	925.1 MB	65.6 MB
230	9c/5db0d3	BGC_ANALYSIS:ANTISMASH_ANALYSIS:ANTISMASH (Tatumella_ptyseos_ATCC_33301)	COMPLETED	0	2026-08-29 00:16:45.087	2026-08-29 00:16:45.180	2026-08-29 00:17:33.694	46.4s	2	6 GB	465.3 MB	7.7 GB	104.0%	0.7%	2.2 GB	71.6 MB
219	ef/28a45a	BGC_ANALYSIS:ANTISMASH_ANALYSIS:ANTISMASH (Pantoea_sp._Sc1)	COMPLETED	0	2026-08-29 00:17:17.147	2026-08-29 00:17:17.239	2026-08-29 00:17:39.348	19.8s	2	6 GB	741.9 MB	7.8 GB	123.7%	1.3%	796.8 MB	49.9 MB
213	05/3a40d5	BGC_ANALYSIS:ANTISMASH_ANALYSIS:ANTISMASH (Pantoea_sp._At-9b)	COMPLETED	0	2026-08-29 00:17:10.853	2026-08-29 00:17:10.948	2026-08-29 00:17:41.606	28.6s	2	6 GB	914.7 MB	7.9 GB	122.8%	1.5%	1.1 GB	78.1 MB
216	cb/452383	BGC_ANALYSIS:ANTISMASH_ANALYSIS:ANTISMASH (Pantoea_sp._IMH)	COMPLETED	0	2026-08-29 00:17:19.941	2026-08-29 00:17:20.037	2026-08-29 00:17:43.909	21.7s	2	6 GB	531 MB	7.8 GB	111.3%	0.8%	812.5 MB	39.3 MB
221	4e/f0e7d1	BGC_ANALYSIS:ANTISMASH_ANALYSIS:ANTISMASH (Pantoea_sp._aB)	COMPLETED	0	2026-08-29 00:17:10.285	2026-08-29 00:17:10.380	2026-08-29 00:17:44.048	31.6s	2	6 GB	729.3 MB	7.8 GB	96.1%	1.3%	1.3 GB	70.9 MB
234	42/af725f	BGC_ANALYSIS:ANTISMASH_ANALYSIS:ANTISMASH (Wigglesworthia_glossinidia_endosymbiont_of_Glossina_brevipalpis_GCA_000008885.1)	COMPLETED	0	2026-08-29 00:17:44.053	2026-08-29 00:17:44.149	2026-08-29 00:17:52.054	6s	2	6 GB	214.4 MB	2.7 GB	105.6%	0.3%	251.5 MB	8.2 MB
206	b8/cccfc2	BGC_ANALYSIS:ANTISMASH_ANALYSIS:ANTISMASH (Pantoea_rodasii_ND03)	COMPLETED	0	2026-08-29 00:16:37.002	2026-08-29 00:16:37.097	2026-08-29 00:18:06.171	1m 27s	2	6 GB	737.6 MB	7.8 GB	97.6%	1.3%	4.5 GB	155.1 MB
229	d8/a9fadd	BGC_ANALYSIS:ANTISMASH_ANALYSIS:ANTISMASH (Tatumella_morbirosei_LMG_23360)	COMPLETED	0	2026-08-29 00:17:43.913	2026-08-29 00:17:44.010	2026-08-29 00:18:06.301	20.4s	2	6 GB	660 MB	7.7 GB	108.8%	1.1%	792.2 MB	52.1 MB
215	86/3f5ec7	BGC_ANALYSIS:ANTISMASH_ANALYSIS:ANTISMASH (Pantoea_sp._GM01)	COMPLETED	0	2026-08-29 00:17:09.960	2026-08-29 00:17:10.055	2026-08-29 00:18:10.521	58.5s	2	6 GB	731.5 MB	7.8 GB	96.4%	1.3%	2.9 GB	111.3 MB
224	33/816034	BGC_ANALYSIS:ANTISMASH_ANALYSIS:ANTISMASH (Pantoea_stewartii_subsp._indologenes_LMG_2632)	COMPLETED	0	2026-08-29 00:17:41.612	2026-08-29 00:17:41.706	2026-08-29 00:18:14.128	30.4s	2	6 GB	655 MB	7.7 GB	95.9%	1.0%	1.4 GB	69.1 MB
235	89/b76264	BGC_ANALYSIS:ANTISMASH_ANALYSIS:ANTISMASH (Wigglesworthia_glossinidia_endosymbiont_of_Glossina_morsitans_morsitans_Yale_colony_WGM)	COMPLETED	0	2026-08-29 00:18:06.306	2026-08-29 00:18:06.402	2026-08-29 00:18:14.400	6s	2	6 GB	207.1 MB	2.7 GB	107.1%	0.3%	253.2 MB	6.2 MB
218	fc/d0208e	BGC_ANALYSIS:ANTISMASH_ANALYSIS:ANTISMASH (Pantoea_sp._NGS-ED-1003)	COMPLETED	0	2026-08-29 00:17:33.699	2026-08-29 00:17:33.794	2026-08-29 00:18:14.767	39s	2	6 GB	503 MB	7.8 GB	102.9%	0.8%	1.7 GB	66 MB
222	ff/89f430	BGC_ANALYSIS:ANTISMASH_ANALYSIS:ANTISMASH (Pantoea_stewartii_M009)	COMPLETED	0	2026-08-29 00:17:39.353	2026-08-29 00:17:39.448	2026-08-29 00:18:16.447	35.1s	2	6 GB	697.1 MB	7.8 GB	94.0%	1.3%	1.6 GB	75.6 MB
231	7b/e7892f	BGC_ANALYSIS:ANTISMASH_ANALYSIS:ANTISMASH (Tatumella_ptyseos_ATCC_33301_2)	COMPLETED	0	2026-08-29 00:17:52.058	2026-08-29 00:17:52.154	2026-08-29 00:18:27.957	33.8s	2	6 GB	626.5 MB	7.7 GB	98.1%	1.0%	1.7 GB	67.3 MB
236	e7/6e5182	BGC_ANALYSIS:ANTISMASH_ANALYSIS:ANTISMASH (Winslowiella_toletana_DAPP-PG_735)	COMPLETED	0	2026-08-29 00:18:10.526	2026-08-29 00:18:10.621	2026-08-29 00:18:41.904	29.3s	2	6 GB	566.9 MB	7.9 GB	113.1%	0.9%	1.2 GB	55.6 MB
244	82/6ab100	BGC_ANALYSIS:ANTISMASH_ANALYSIS:ANTISMASH (Erwinia_amylovora_57705_ID1772_43-Ea_20_06_S83_L001)	COMPLETED	0	2026-08-29 00:18:14.132	2026-08-29 00:18:14.228	2026-08-29 00:18:42.185	26.1s	2	6 GB	651.6 MB	7.7 GB	103.2%	1.0%	1.1 GB	54.2 MB
247	13/10d646	BGC_ANALYSIS:ANTISMASH_ANALYSIS:ANTISMASH (Erwinia_amylovora_57708_ID1772_46-Ea_20_14_S86_L001)	COMPLETED	0	2026-08-29 00:18:14.405	2026-08-29 00:18:14.501	2026-08-29 00:18:42.367	26s	2	6 GB	657.1 MB	7.7 GB	105.5%	1.0%	1.1 GB	54.2 MB
243	cd/a759f4	BGC_ANALYSIS:ANTISMASH_ANALYSIS:ANTISMASH (Erwinia_amylovora_57704_ID1772_42-Ea_20_04_S82_L001)	COMPLETED	0	2026-08-29 00:18:14.772	2026-08-29 00:18:14.867	2026-08-29 00:18:42.993	26.2s	2	6 GB	650.8 MB	7.7 GB	102.2%	1.0%	1.1 GB	54.7 MB
232	7e/06743a	BGC_ANALYSIS:ANTISMASH_ANALYSIS:ANTISMASH (Tatumella_saanichensis_NML_06-3099)	COMPLETED	0	2026-08-29 00:18:06.176	2026-08-29 00:18:06.271	2026-08-29 00:18:43.879	35.7s	2	6 GB	451.7 MB	7.7 GB	102.5%	0.7%	1.7 GB	56.6 MB
242	b6/ede4a1	BGC_ANALYSIS:ANTISMASH_ANALYSIS:ANTISMASH (Erwinia_amylovora_57701_ID1772_39-Ea_18_05_S79_L001)	COMPLETED	0	2026-08-29 00:18:16.451	2026-08-29 00:18:16.550	2026-08-29 00:18:44.534	26s	2	6 GB	650.9 MB	7.7 GB	101.7%	1.0%	1.1 GB	54.7 MB
248	f3/1f7bf1	BGC_ANALYSIS:ANTISMASH_ANALYSIS:ANTISMASH (Erwinia_amylovora_57709_ID1772_47-Ea_20_17_S87_L001)	COMPLETED	0	2026-08-29 00:18:27.962	2026-08-29 00:18:28.057	2026-08-29 00:18:57.715	27.5s	2	6 GB	655.5 MB	7.7 GB	102.0%	1.0%	1.1 GB	57 MB
238	9e/89b422	BGC_ANALYSIS:ANTISMASH_ANALYSIS:ANTISMASH (Erwinia_amylovora_1-2)	COMPLETED	0	2026-08-29 00:18:42.190	2026-08-29 00:18:42.285	2026-08-29 00:19:01.456	17.3s	2	6 GB	726.8 MB	7.8 GB	129.6%	1.2%	702.4 MB	46.2 MB
240	9a/4c94e6	BGC_ANALYSIS:ANTISMASH_ANALYSIS:ANTISMASH (Erwinia_amylovora_32-10)	COMPLETED	0	2026-08-29 00:18:43.883	2026-08-29 00:18:43.979	2026-08-29 00:19:03.940	18.1s	2	6 GB	709.7 MB	7.7 GB	132.4%	1.2%	703.8 MB	46.3 MB
250	c8/de35b8	BGC_ANALYSIS:ANTISMASH_ANALYSIS:ANTISMASH (Erwinia_amylovora_57711_ID1772_49-Ea_20_19_S89_L001)	COMPLETED	0	2026-08-29 00:18:41.908	2026-08-29 00:18:42.004	2026-08-29 00:19:10.215	26.3s	2	6 GB	656.7 MB	7.7 GB	102.3%	1.0%	1.1 GB	55.5 MB
245	f9/c10183	BGC_ANALYSIS:ANTISMASH_ANALYSIS:ANTISMASH (Erwinia_amylovora_57706_ID1772_44-Ea_20_10_S84_L001)	COMPLETED	0	2026-08-29 00:18:42.371	2026-08-29 00:18:42.467	2026-08-29 00:19:10.475	26.1s	2	6 GB	656 MB	7.7 GB	102.3%	1.0%	1.1 GB	54.2 MB
258	97/445f09	BGC_ANALYSIS:ANTISMASH_ANALYSIS:ANTISMASH (Erwinia_amylovora_57719_ID1772_57-Ea_20_45_S97_L001)	COMPLETED	0	2026-08-29 00:18:42.997	2026-08-29 00:18:43.092	2026-08-29 00:19:11.181	26.2s	2	6 GB	652.5 MB	7.7 GB	101.0%	1.0%	1 GB	53.8 MB
254	11/77ff4f	BGC_ANALYSIS:ANTISMASH_ANALYSIS:ANTISMASH (Erwinia_amylovora_57715_ID1772_53-Ea_20_31_S93_L001)	COMPLETED	0	2026-08-29 00:18:44.539	2026-08-29 00:18:44.634	2026-08-29 00:19:12.522	26s	2	6 GB	652.4 MB	7.7 GB	100.9%	1.0%	1.1 GB	54.3 MB
241	6d/9852af	BGC_ANALYSIS:ANTISMASH_ANALYSIS:ANTISMASH (Erwinia_amylovora_33-1)	COMPLETED	0	2026-08-29 00:18:57.721	2026-08-29 00:18:57.816	2026-08-29 00:19:17.532	17.5s	2	6 GB	718.4 MB	7.7 GB	127.6%	1.2%	703.3 MB	46.3 MB
237	38/e7891a	BGC_ANALYSIS:ANTISMASH_ANALYSIS:ANTISMASH (Duffyella_gerundensis_AR)	COMPLETED	0	2026-08-29 00:19:03.945	2026-08-29 00:19:04.040	2026-08-29 00:19:24.595	18.6s	2	6 GB	754.1 MB	7.8 GB	124.1%	1.3%	778.5 MB	49.8 MB
261	86/c3eb54	BGC_ANALYSIS:ANTISMASH_ANALYSIS:ANTISMASH (Erwinia_amylovora_57722_ID1772_60-Ea_20_50_S100_L001)	COMPLETED	0	2026-08-29 00:19:01.461	2026-08-29 00:19:01.557	2026-08-29 00:19:30.391	26.9s	2	6 GB	553.5 MB	7.3 GB	101.4%	1.0%	1.1 GB	55.7 MB
239	df/548978	BGC_ANALYSIS:ANTISMASH_ANALYSIS:ANTISMASH (Erwinia_amylovora_11-7)	COMPLETED	0	2026-08-29 00:19:17.537	2026-08-29 00:19:17.632	2026-08-29 00:19:37.102	17.2s	2	6 GB	708.1 MB	7.7 GB	128.4%	1.2%	701.5 MB	46.1 MB
249	eb/4fecb1	BGC_ANALYSIS:ANTISMASH_ANALYSIS:ANTISMASH (Erwinia_amylovora_57710_ID1772_48-Ea_20_18_S88_L001)	COMPLETED	0	2026-08-29 00:19:10.221	2026-08-29 00:19:10.315	2026-08-29 00:19:38.840	26.5s	2	6 GB	653.2 MB	7.7 GB	102.6%	1.0%	1.1 GB	54.7 MB
264	89/018d45	BGC_ANALYSIS:ANTISMASH_ANALYSIS:ANTISMASH (Erwinia_amylovora_57725_ID1772_63-Ea_20_61_S103_L001)	COMPLETED	0	2026-08-29 00:19:10.479	2026-08-29 00:19:10.574	2026-08-29 00:19:39.455	26.9s	2	6 GB	630.5 MB	7.7 GB	104.2%	1.0%	1.1 GB	55.2 MB
252	35/d77374	BGC_ANALYSIS:ANTISMASH_ANALYSIS:ANTISMASH (Erwinia_amylovora_57713_ID1772_51-Ea_20_27_S91_L001)	COMPLETED	0	2026-08-29 00:19:11.186	2026-08-29 00:19:11.282	2026-08-29 00:19:39.541	26.2s	2	6 GB	653.2 MB	7.7 GB	103.2%	1.0%	1.1 GB	55 MB
253	24/23e01b	BGC_ANALYSIS:ANTISMASH_ANALYSIS:ANTISMASH (Erwinia_amylovora_57714_ID1772_52-Ea_20_30_S92_L001)	COMPLETED	0	2026-08-29 00:19:12.526	2026-08-29 00:19:12.622	2026-08-29 00:19:40.149	25.4s	2	6 GB	650.1 MB	7.7 GB	102.3%	1.0%	1 GB	54.1 MB
268	2e/c0dc8f	BGC_ANALYSIS:ANTISMASH_ANALYSIS:ANTISMASH (Erwinia_amylovora_57729_ID1772_67-Ea_20_69_S107_L001)	COMPLETED	0	2026-08-29 00:19:24.599	2026-08-29 00:19:24.695	2026-08-29 00:19:53.104	26.3s	2	6 GB	651.8 MB	7.7 GB	101.2%	1.0%	1.1 GB	55.6 MB
246	b0/8d2423	BGC_ANALYSIS:ANTISMASH_ANALYSIS:ANTISMASH (Erwinia_amylovora_57707_ID1772_45-Ea_20_13_S85_L001)	COMPLETED	0	2026-08-29 00:19:30.395	2026-08-29 00:19:30.492	2026-08-29 00:19:58.594	26s	2	6 GB	653.9 MB	7.7 GB	101.9%	1.0%	1.1 GB	54.2 MB
256	3e/d60c66	BGC_ANALYSIS:ANTISMASH_ANALYSIS:ANTISMASH (Erwinia_amylovora_57717_ID1772_55-Ea_20_34_S95_L001)	COMPLETED	0	2026-08-29 00:19:37.107	2026-08-29 00:19:37.203	2026-08-29 00:20:05.094	25.8s	2	6 GB	566.3 MB	7.3 GB	101.0%	1.0%	1.1 GB	54.8 MB
269	4a/7dabf3	BGC_ANALYSIS:ANTISMASH_ANALYSIS:ANTISMASH (Erwinia_amylovora_57730_ID1772_68-Ea_20_70_S108_L001)	COMPLETED	0	2026-08-29 00:19:38.845	2026-08-29 00:19:38.941	2026-08-29 00:20:06.301	25.4s	2	6 GB	658.1 MB	7.7 GB	104.1%	1.0%	1 GB	54.5 MB
251	d7/b0f6a0	BGC_ANALYSIS:ANTISMASH_ANALYSIS:ANTISMASH (Erwinia_amylovora_57712_ID1772_50-Ea_20_20_S90_L001)	COMPLETED	0	2026-08-29 00:19:39.545	2026-08-29 00:19:39.641	2026-08-29 00:20:06.566	25.1s	2	6 GB	658.1 MB	7.7 GB	103.6%	1.0%	1 GB	54 MB
255	75/d7e1a0	BGC_ANALYSIS:ANTISMASH_ANALYSIS:ANTISMASH (Erwinia_amylovora_57716_ID1772_54-Ea_20_33_S94_L001)	COMPLETED	0	2026-08-29 00:19:39.460	2026-08-29 00:19:39.541	2026-08-29 00:20:06.983	25.5s	2	6 GB	650.1 MB	7.7 GB	100.7%	1.0%	1 GB	54.5 MB
271	39/9b4801	BGC_ANALYSIS:ANTISMASH_ANALYSIS:ANTISMASH (Erwinia_amylovora_57732_ID1772_70-Ea_20_74_S110_L001)	COMPLETED	0	2026-08-29 00:19:40.153	2026-08-29 00:19:40.249	2026-08-29 00:20:07.773	25.6s	2	6 GB	649.6 MB	7.7 GB	102.2%	1.0%	1.1 GB	54.2 MB
257	43/7836b9	BGC_ANALYSIS:ANTISMASH_ANALYSIS:ANTISMASH (Erwinia_amylovora_57718_ID1772_56-Ea_20_40_S96_L001)	COMPLETED	0	2026-08-29 00:19:53.108	2026-08-29 00:19:53.204	2026-08-29 00:20:21.603	26.3s	2	6 GB	650.9 MB	7.7 GB	101.9%	1.0%	1.1 GB	55.5 MB
260	27/426faf	BGC_ANALYSIS:ANTISMASH_ANALYSIS:ANTISMASH (Erwinia_amylovora_57721_ID1772_59-Ea_20_49_S99_L001)	COMPLETED	0	2026-08-29 00:19:58.597	2026-08-29 00:19:58.695	2026-08-29 00:20:27.474	26.8s	2	6 GB	638.7 MB	7.7 GB	101.8%	1.1%	1.1 GB	54.8 MB
259	86/cd77fa	BGC_ANALYSIS:ANTISMASH_ANALYSIS:ANTISMASH (Erwinia_amylovora_57720_ID1772_58-Ea_20_46_S98_L001)	COMPLETED	0	2026-08-29 00:20:05.099	2026-08-29 00:20:05.195	2026-08-29 00:20:33.088	25.9s	2	6 GB	648.1 MB	7.7 GB	103.2%	1.0%	1.1 GB	54.3 MB
262	fe/bc82b0	BGC_ANALYSIS:ANTISMASH_ANALYSIS:ANTISMASH (Erwinia_amylovora_57723_ID1772_61-Ea_20_54_S101_L001)	COMPLETED	0	2026-08-29 00:20:06.570	2026-08-29 00:20:06.666	2026-08-29 00:20:34.350	25.8s	2	6 GB	652.1 MB	7.7 GB	103.3%	1.0%	1.1 GB	54.9 MB
263	ab/570ca7	BGC_ANALYSIS:ANTISMASH_ANALYSIS:ANTISMASH (Erwinia_amylovora_57724_ID1772_62-Ea_20_55_S102_L001)	COMPLETED	0	2026-08-29 00:20:06.305	2026-08-29 00:20:06.401	2026-08-29 00:20:35.225	27s	2	6 GB	649.6 MB	7.7 GB	101.9%	1.0%	1.1 GB	56.5 MB
265	d5/a8836f	BGC_ANALYSIS:ANTISMASH_ANALYSIS:ANTISMASH (Erwinia_amylovora_57726_ID1772_64-Ea_20_64_S104_L001)	COMPLETED	0	2026-08-29 00:20:06.987	2026-08-29 00:20:07.083	2026-08-29 00:20:35.386	26.3s	2	6 GB	651.3 MB	7.7 GB	103.5%	1.0%	1.1 GB	55.4 MB
267	60/40a0b9	BGC_ANALYSIS:ANTISMASH_ANALYSIS:ANTISMASH (Erwinia_amylovora_57728_ID1772_66-Ea_20_68_S106_L001)	COMPLETED	0	2026-08-29 00:20:07.777	2026-08-29 00:20:07.873	2026-08-29 00:20:35.644	25.8s	2	6 GB	655 MB	7.7 GB	103.1%	1.0%	1.1 GB	55 MB
283	74/3d6420	BGC_ANALYSIS:ANTISMASH_ANALYSIS:ANTISMASH (Erwinia_amylovora_57744_ID1772_82-CP_07_S122_L001)	COMPLETED	0	2026-08-29 00:20:21.608	2026-08-29 00:20:21.703	2026-08-29 00:20:49.817	26s	2	6 GB	653.7 MB	7.7 GB	104.0%	1.0%	1.1 GB	55.2 MB
284	17/28d1b2	BGC_ANALYSIS:ANTISMASH_ANALYSIS:ANTISMASH (Erwinia_amylovora_7-3)	COMPLETED	0	2026-08-29 00:20:33.093	2026-08-29 00:20:33.188	2026-08-29 00:20:53.253	18.1s	2	6 GB	747.6 MB	7.8 GB	130.4%	1.2%	708.9 MB	46.8 MB
277	63/a451ad	BGC_ANALYSIS:ANTISMASH_ANALYSIS:ANTISMASH (Erwinia_amylovora_57738_ID1772_76-Ea_20_119_S116_L001)	COMPLETED	0	2026-08-29 00:20:27.477	2026-08-29 00:20:27.574	2026-08-29 00:20:56.545	26.9s	2	6 GB	649.3 MB	7.7 GB	99.9%	1.0%	1.1 GB	55.2 MB
288	bc/1ac3d8	BGC_ANALYSIS:ANTISMASH_ANALYSIS:ANTISMASH (Erwinia_tracheiphila_BuffGH_2)	COMPLETED	0	2026-08-29 00:20:35.390	2026-08-29 00:20:35.487	2026-08-29 00:20:57.112	19.7s	2	6 GB	888.1 MB	7.9 GB	126.4%	1.5%	773.1 MB	58.1 MB
214	28/eb64cd	BGC_ANALYSIS:ANTISMASH_ANALYSIS:ANTISMASH (Pantoea_sp._B40)	COMPLETED	0	2026-08-29 00:16:55.654	2026-08-29 00:16:55.750	2026-08-29 00:21:01.957	4m 4s	2	6 GB	507.9 MB	7.6 GB	111.0%	1.0%	13.5 GB	348.7 MB
279	92/bbf2c6	BGC_ANALYSIS:ANTISMASH_ANALYSIS:ANTISMASH (Erwinia_amylovora_57740_ID1772_78-Ea_20_131_S118_L001)	COMPLETED	0	2026-08-29 00:20:35.228	2026-08-29 00:20:35.326	2026-08-29 00:21:02.115	24.9s	2	6 GB	653.7 MB	7.7 GB	103.5%	1.0%	1021.2 MB	52.7 MB
266	af/6bdded	BGC_ANALYSIS:ANTISMASH_ANALYSIS:ANTISMASH (Erwinia_amylovora_57727_ID1772_65-Ea_20_65_S105_L001)	COMPLETED	0	2026-08-29 00:20:34.354	2026-08-29 00:20:34.449	2026-08-29 00:21:02.483	26s	2	6 GB	651.8 MB	7.7 GB	101.7%	1.0%	1.1 GB	54.3 MB
281	51/efbb0b	BGC_ANALYSIS:ANTISMASH_ANALYSIS:ANTISMASH (Erwinia_amylovora_57742_ID1772_80-Ea_20_151_S120_L001)	COMPLETED	0	2026-08-29 00:20:35.648	2026-08-29 00:20:35.744	2026-08-29 00:21:02.848	25.2s	2	6 GB	563.1 MB	7.3 GB	102.3%	1.0%	1 GB	53.2 MB
270	e8/2833fe	BGC_ANALYSIS:ANTISMASH_ANALYSIS:ANTISMASH (Erwinia_amylovora_57731_ID1772_69-Ea_20_71_S109_L001)	COMPLETED	0	2026-08-29 00:20:49.821	2026-08-29 00:20:49.917	2026-08-29 00:21:17.906	25.8s	2	6 GB	653.7 MB	7.7 GB	99.6%	1.0%	1.1 GB	55 MB
273	e6/d50db5	BGC_ANALYSIS:ANTISMASH_ANALYSIS:ANTISMASH (Erwinia_amylovora_57734_ID1772_72-Ea_20_77_S112_L001)	COMPLETED	0	2026-08-29 00:20:53.257	2026-08-29 00:20:53.353	2026-08-29 00:21:22.570	27.1s	2	6 GB	643.6 MB	7.7 GB	102.1%	1.1%	1.1 GB	56 MB
285	ff/dd2eaf	BGC_ANALYSIS:ANTISMASH_ANALYSIS:ANTISMASH (Erwinia_pyrifoliae_YKB12328)	COMPLETED	0	2026-08-29 00:21:02.852	2026-08-29 00:21:02.949	2026-08-29 00:21:22.823	17.9s	2	6 GB	676.1 MB	7.8 GB	126.8%	1.1%	725.9 MB	48.2 MB
282	09/8e46dd	BGC_ANALYSIS:ANTISMASH_ANALYSIS:ANTISMASH (Erwinia_amylovora_57743_ID1772_81-CP_06_S121_L001)	COMPLETED	0	2026-08-29 00:20:57.116	2026-08-29 00:20:57.212	2026-08-29 00:21:24.542	25.4s	2	6 GB	566.9 MB	7.3 GB	100.8%	1.0%	1 GB	53.7 MB
274	9d/0431e7	BGC_ANALYSIS:ANTISMASH_ANALYSIS:ANTISMASH (Erwinia_amylovora_57735_ID1772_73-Ea_20_84_S113_L001)	COMPLETED	0	2026-08-29 00:20:56.549	2026-08-29 00:20:56.646	2026-08-29 00:21:25.412	26.9s	2	6 GB	650.5 MB	7.7 GB	100.6%	1.0%	1.1 GB	54.7 MB
289	41/f13b00	BGC_ANALYSIS:ANTISMASH_ANALYSIS:ANTISMASH (Erwinia_tracheiphila_MDCuke_2)	COMPLETED	0	2026-08-29 00:21:02.487	2026-08-29 00:21:02.583	2026-08-29 00:21:25.626	21s	2	6 GB	891.4 MB	7.9 GB	125.5%	1.5%	869.7 MB	61.6 MB
272	6c/4feddd	BGC_ANALYSIS:ANTISMASH_ANALYSIS:ANTISMASH (Erwinia_amylovora_57733_ID1772_71-Ea_20_76_S111_L001)	COMPLETED	0	2026-08-29 00:21:01.961	2026-08-29 00:21:02.057	2026-08-29 00:21:30.068	26s	2	6 GB	655.6 MB	7.7 GB	101.7%	1.0%	1.1 GB	54.3 MB
275	6f/381de5	BGC_ANALYSIS:ANTISMASH_ANALYSIS:ANTISMASH (Erwinia_amylovora_57736_ID1772_74-Ea_20_86_S114_L001)	COMPLETED	0	2026-08-29 00:21:02.120	2026-08-29 00:21:02.216	2026-08-29 00:21:31.665	27.3s	2	6 GB	641.2 MB	7.7 GB	99.8%	1.1%	1.1 GB	55.2 MB
292	9c/a70fbe	BGC_ANALYSIS:ANTISMASH_ANALYSIS:ANTISMASH (Pantoea_agglomerans_DBM_3797)	COMPLETED	0	2026-08-29 00:21:17.909	2026-08-29 00:21:18.007	2026-08-29 00:21:40.137	20.1s	2	6 GB	776.6 MB	7.8 GB	127.0%	1.4%	830.5 MB	56.7 MB
287	be/78c52f	BGC_ANALYSIS:ANTISMASH_ANALYSIS:ANTISMASH (Erwinia_tracheiphila_BHKY)	COMPLETED	0	2026-08-29 00:21:25.417	2026-08-29 00:21:25.512	2026-08-29 00:21:46.855	19.4s	2	6 GB	891.2 MB	7.9 GB	127.0%	1.5%	773.1 MB	57.8 MB
295	b6/3bbfd6	BGC_ANALYSIS:ANTISMASH_ANALYSIS:ANTISMASH (Pantoea_agglomerans_Pa58)	COMPLETED	0	2026-08-29 00:21:25.630	2026-08-29 00:21:25.727	2026-08-29 00:21:48.557	20.9s	2	6 GB	776.8 MB	7.8 GB	129.2%	1.3%	832.4 MB	57.2 MB
276	a2/b5a560	BGC_ANALYSIS:ANTISMASH_ANALYSIS:ANTISMASH (Erwinia_amylovora_57737_ID1772_75-Ea_20_109_S115_L001)	COMPLETED	0	2026-08-29 00:21:22.827	2026-08-29 00:21:22.923	2026-08-29 00:21:50.583	25.7s	2	6 GB	564.2 MB	7.3 GB	99.8%	1.0%	1 GB	53.8 MB
278	60/db8b52	BGC_ANALYSIS:ANTISMASH_ANALYSIS:ANTISMASH (Erwinia_amylovora_57739_ID1772_77-Ea_20_121_S117_L001)	COMPLETED	0	2026-08-29 00:21:22.574	2026-08-29 00:21:22.671	2026-08-29 00:21:51.189	26.7s	2	6 GB	665.3 MB	7.7 GB	101.7%	1.0%	1.1 GB	54.7 MB
280	90/a1f4a3	BGC_ANALYSIS:ANTISMASH_ANALYSIS:ANTISMASH (Erwinia_amylovora_57741_ID1772_79-Ea_20_136_S119_L001)	COMPLETED	0	2026-08-29 00:21:24.546	2026-08-29 00:21:24.646	2026-08-29 00:21:52.091	25.5s	2	6 GB	652.1 MB	7.7 GB	101.8%	1.0%	1 GB	53.2 MB
304	d8/7d4ac6	BGC_ANALYSIS:ANTISMASH_ANALYSIS:ANTISMASH (Pantoea_deleyi_LMG24200)	COMPLETED	0	2026-08-29 00:21:31.669	2026-08-29 00:21:31.765	2026-08-29 00:21:54.887	21s	2	6 GB	605 MB	7.8 GB	125.7%	0.9%	807.7 MB	42.7 MB
286	53/3ee566	BGC_ANALYSIS:ANTISMASH_ANALYSIS:ANTISMASH (Erwinia_rhapontici_BY21311)	COMPLETED	0	2026-08-29 00:21:46.859	2026-08-29 00:21:46.955	2026-08-29 00:22:10.219	21.2s	2	6 GB	864 MB	7.9 GB	138.6%	1.4%	858.9 MB	60.1 MB
294	4e/3b9e19	BGC_ANALYSIS:ANTISMASH_ANALYSIS:ANTISMASH (Pantoea_agglomerans_PSV1-7)	COMPLETED	0	2026-08-29 00:21:48.561	2026-08-29 00:21:48.657	2026-08-29 00:22:12.574	21.9s	2	6 GB	808.4 MB	7.8 GB	124.7%	1.4%	893.9 MB	60.2 MB
306	09/72d46c	BGC_ANALYSIS:ANTISMASH_ANALYSIS:ANTISMASH (Pantoea_dispersa_YSD_J2)	COMPLETED	0	2026-08-29 00:21:51.192	2026-08-29 00:21:51.289	2026-08-29 00:22:13.998	20.8s	2	6 GB	803.5 MB	7.8 GB	128.1%	1.3%	839.7 MB	58.5 MB
290	e9/5573cc	BGC_ANALYSIS:ANTISMASH_ANALYSIS:ANTISMASH (Erwinia_tracheiphila_SCR3)	COMPLETED	0	2026-08-29 00:21:52.095	2026-08-29 00:21:52.191	2026-08-29 00:22:15.280	21.1s	2	6 GB	872.4 MB	7.9 GB	125.0%	1.4%	858.7 MB	60.5 MB
296	c7/b65ede	BGC_ANALYSIS:ANTISMASH_ANALYSIS:ANTISMASH (Pantoea_agglomerans_ZJU23)	COMPLETED	0	2026-08-29 00:21:50.587	2026-08-29 00:21:50.683	2026-08-29 00:22:16.843	24.2s	2	6 GB	794.7 MB	7.8 GB	126.6%	1.4%	878.6 MB	59.9 MB
298	d2/5e8ed5	BGC_ANALYSIS:ANTISMASH_ANALYSIS:ANTISMASH (Pantoea_ananatis_140-UN)	COMPLETED	0	2026-08-29 00:21:54.891	2026-08-29 00:21:54.988	2026-08-29 00:22:28.186	31.2s	2	6 GB	697 MB	7.8 GB	92.7%	1.2%	1.2 GB	67.2 MB
314	3a/c1ac48	BGC_ANALYSIS:ANTISMASH_ANALYSIS:ANTISMASH (Pantoea_sp._Z09)	COMPLETED	0	2026-08-29 00:22:15.283	2026-08-29 00:22:15.380	2026-08-29 00:22:37.006	19.8s	2	6 GB	581.8 MB	7.4 GB	125.9%	0.8%	650.6 MB	27.4 MB
293	a6/2a674c	BGC_ANALYSIS:ANTISMASH_ANALYSIS:ANTISMASH (Pantoea_agglomerans_HJS002)	COMPLETED	0	2026-08-29 00:22:12.577	2026-08-29 00:22:12.675	2026-08-29 00:22:37.461	22.9s	2	6 GB	820.7 MB	7.8 GB	126.1%	1.4%	892 MB	59.5 MB
301	74/a19a18	BGC_ANALYSIS:ANTISMASH_ANALYSIS:ANTISMASH (Pantoea_ananatis_BRT98)	COMPLETED	0	2026-08-29 00:21:40.142	2026-08-29 00:21:40.237	2026-08-29 00:22:38.994	56.7s	2	6 GB	4.7 GB	7.7 GB	108.7%	5.6%	11.6 GB	62.9 MB
303	78/a29718	BGC_ANALYSIS:ANTISMASH_ANALYSIS:ANTISMASH (Pantoea_beijingensis_JZB2120001)	COMPLETED	0	2026-08-29 00:22:16.849	2026-08-29 00:22:16.943	2026-08-29 00:22:39.080	19.5s	2	6 GB	592.6 MB	7.5 GB	126.4%	0.8%	661.8 MB	28.2 MB
291	fc/b36014	BGC_ANALYSIS:ANTISMASH_ANALYSIS:ANTISMASH (Pantoea_agglomerans_20TX0122)	COMPLETED	0	2026-08-29 00:21:30.072	2026-08-29 00:21:30.169	2026-08-29 00:22:45.481	1m 13s	2	6 GB	4.8 GB	7.9 GB	114.2%	4.4%	19.2 GB	75.2 MB
318	71/86c42d	BGC_ANALYSIS:ANTISMASH_ANALYSIS:ANTISMASH (Rosenbergiella_collisarenosi_JB25)	COMPLETED	0	2026-08-29 00:22:28.195	2026-08-29 00:22:28.286	2026-08-29 00:23:00.800	30.3s	2	6 GB	461.6 MB	7.6 GB	101.7%	0.7%	1.2 GB	46.3 MB
307	10/a90cc5	BGC_ANALYSIS:ANTISMASH_ANALYSIS:ANTISMASH (Pantoea_sp._ACRSB)	COMPLETED	0	2026-08-29 00:22:39.085	2026-08-29 00:22:39.180	2026-08-29 00:23:11.528	30.3s	2	6 GB	646.8 MB	7.7 GB	102.3%	1.0%	1.3 GB	69.8 MB
302	a9/8a50ed	BGC_ANALYSIS:ANTISMASH_ANALYSIS:ANTISMASH (Pantoea_ananatis_VY148)	COMPLETED	0	2026-08-29 00:22:10.223	2026-08-29 00:22:10.320	2026-08-29 00:23:13.403	1m 1s	2	6 GB	4.7 GB	7.8 GB	131.2%	6.6%	22.4 GB	56.5 MB
300	0d/634ccb	BGC_ANALYSIS:ANTISMASH_ANALYSIS:ANTISMASH (Pantoea_ananatis_20TX0087)	COMPLETED	0	2026-08-29 00:22:14.002	2026-08-29 00:22:14.098	2026-08-29 00:23:14.219	58.3s	2	6 GB	4.8 GB	7.8 GB	109.6%	4.4%	9.8 GB	70 MB
299	5d/5d8d27	BGC_ANALYSIS:ANTISMASH_ANALYSIS:ANTISMASH (Pantoea_ananatis_15320)	COMPLETED	0	2026-08-29 00:22:37.010	2026-08-29 00:22:37.105	2026-08-29 00:23:16.334	37s	2	6 GB	698.3 MB	7.8 GB	96.3%	1.2%	1.7 GB	81.2 MB
310	20/a6cf53	BGC_ANALYSIS:ANTISMASH_ANALYSIS:ANTISMASH (Pantoea_sp._MHSD4)	COMPLETED	0	2026-08-29 00:22:45.486	2026-08-29 00:22:45.581	2026-08-29 00:23:16.418	28.7s	2	6 GB	698.3 MB	7.8 GB	102.2%	1.2%	1.2 GB	65.9 MB
305	08/71f102	BGC_ANALYSIS:ANTISMASH_ANALYSIS:ANTISMASH (Pantoea_dispersa_C2H3)	COMPLETED	0	2026-08-29 00:22:38.999	2026-08-29 00:22:39.080	2026-08-29 00:23:18.785	37.7s	2	6 GB	687.6 MB	7.7 GB	95.7%	1.2%	1.7 GB	78.6 MB
297	4d/23a376	BGC_ANALYSIS:ANTISMASH_ANALYSIS:ANTISMASH (Pantoea_allii_20TX0020)	COMPLETED	0	2026-08-29 00:22:37.466	2026-08-29 00:22:37.561	2026-08-29 00:23:37.591	57.9s	2	6 GB	4.7 GB	7.8 GB	109.7%	3.2%	11.4 GB	71.3 MB
312	07/ebf58c	BGC_ANALYSIS:ANTISMASH_ANALYSIS:ANTISMASH (Pantoea_sp._Mb-10)	COMPLETED	0	2026-08-29 00:23:14.224	2026-08-29 00:23:14.319	2026-08-29 00:23:42.254	26s	2	6 GB	652 MB	7.7 GB	96.0%	1.0%	1.1 GB	58.7 MB
313	19/304071	BGC_ANALYSIS:ANTISMASH_ANALYSIS:ANTISMASH (Pantoea_sp._Pb-8)	COMPLETED	0	2026-08-29 00:23:16.422	2026-08-29 00:23:16.519	2026-08-29 00:23:44.092	25.5s	2	6 GB	663.3 MB	7.7 GB	99.0%	1.1%	1.1 GB	58.8 MB
309	01/b6e7e0	BGC_ANALYSIS:ANTISMASH_ANALYSIS:ANTISMASH (Pantoea_sp._ACRSH)	COMPLETED	0	2026-08-29 00:23:00.804	2026-08-29 00:23:00.900	2026-08-29 00:23:44.274	41.1s	2	6 GB	716 MB	7.8 GB	95.4%	1.3%	1.9 GB	84.5 MB
311	dd/04f122	BGC_ANALYSIS:ANTISMASH_ANALYSIS:ANTISMASH (Pantoea_sp._MQR6)	COMPLETED	0	2026-08-29 00:23:16.345	2026-08-29 00:23:16.419	2026-08-29 00:23:44.349	26s	2	6 GB	560.8 MB	7.9 GB	118.3%	0.9%	1 GB	49.9 MB
323	21/57bae8	BGC_ANALYSIS:ANTISMASH_ANALYSIS:ANTISMASH (Rosenbergiella_epipactidis_K265)	COMPLETED	0	2026-08-29 00:23:11.531	2026-08-29 00:23:11.628	2026-08-29 00:23:47.193	33.7s	2	6 GB	455.4 MB	7.7 GB	99.0%	0.7%	1.5 GB	52.8 MB
321	00/099d01	BGC_ANALYSIS:ANTISMASH_ANALYSIS:ANTISMASH (Rosenbergiella_epipactidis_JB02)	COMPLETED	0	2026-08-29 00:23:13.406	2026-08-29 00:23:13.503	2026-08-29 00:23:48.063	32.6s	2	6 GB	457.9 MB	7.7 GB	100.6%	0.7%	1.5 GB	52.2 MB
328	f4/e3faf2	BGC_ANALYSIS:ANTISMASH_ANALYSIS:ANTISMASH (Rosenbergiella_epipactidis_subsp._californiensis_FR72)	COMPLETED	0	2026-08-29 00:23:18.790	2026-08-29 00:23:18.885	2026-08-29 00:23:54.936	33.9s	2	6 GB	457.2 MB	7.7 GB	99.8%	0.7%	1.5 GB	51 MB
315	7f/1936e7	BGC_ANALYSIS:ANTISMASH_ANALYSIS:ANTISMASH (Pantoea_vagans_MCPNR19-02)	COMPLETED	0	2026-08-29 00:23:44.353	2026-08-29 00:23:44.454	2026-08-29 00:24:01.098	14.7s	2	6 GB	615 MB	7.3 GB	134.5%	1.0%	653.6 MB	29.6 MB
320	0d/4c3760	BGC_ANALYSIS:ANTISMASH_ANALYSIS:ANTISMASH (Rosenbergiella_collisarenosi_S99)	COMPLETED	0	2026-08-29 00:23:47.197	2026-08-29 00:23:47.293	2026-08-29 00:24:16.276	27s	2	6 GB	463.1 MB	7.7 GB	102.7%	0.7%	1.1 GB	42.7 MB
330	3d/17f7cf	BGC_ANALYSIS:ANTISMASH_ANALYSIS:ANTISMASH (Rosenbergiella_metrosideri_JB07)	COMPLETED	0	2026-08-29 00:23:44.278	2026-08-29 00:23:44.349	2026-08-29 00:24:18.315	31.9s	2	6 GB	464.7 MB	7.7 GB	101.9%	0.7%	1.5 GB	51.1 MB
308	13/fc05dc	BGC_ANALYSIS:ANTISMASH_ANALYSIS:ANTISMASH (Pantoea_sp._ACRSC)	COMPLETED	0	2026-08-29 00:23:37.595	2026-08-29 00:23:37.691	2026-08-29 00:24:19.440	39.8s	2	6 GB	713.1 MB	7.8 GB	96.1%	1.3%	1.8 GB	82 MB
317	6d/739fc2	BGC_ANALYSIS:ANTISMASH_ANALYSIS:ANTISMASH (Rosenbergiella_australiborealis_S265)	COMPLETED	0	2026-08-29 00:23:44.096	2026-08-29 00:23:44.193	2026-08-29 00:24:19.536	33.4s	2	6 GB	458.9 MB	7.7 GB	101.6%	0.7%	1.6 GB	52.3 MB
316	d0/f1c9e9	BGC_ANALYSIS:ANTISMASH_ANALYSIS:ANTISMASH (Rosenbergiella_australiborealis_S262)	COMPLETED	0	2026-08-29 00:23:42.258	2026-08-29 00:23:42.354	2026-08-29 00:24:20.911	36.6s	2	6 GB	458.3 MB	7.7 GB	102.7%	0.7%	1.8 GB	56.9 MB
319	e6/e5cbab	BGC_ANALYSIS:ANTISMASH_ANALYSIS:ANTISMASH (Rosenbergiella_collisarenosi_S294)	COMPLETED	0	2026-08-29 00:23:48.068	2026-08-29 00:23:48.163	2026-08-29 00:24:21.697	31.4s	2	6 GB	468 MB	7.8 GB	102.1%	0.7%	1.4 GB	49.7 MB
333	c5/45f6de	BGC_ANALYSIS:ANTISMASH_ANALYSIS:ANTISMASH (Rosenbergiella_nectarea_subsp._apis_B3A)	COMPLETED	0	2026-08-29 00:23:54.941	2026-08-29 00:23:55.036	2026-08-29 00:24:31.184	34.1s	2	6 GB	459.9 MB	7.7 GB	99.5%	0.7%	1.5 GB	52.7 MB
324	e7/79754e	BGC_ANALYSIS:ANTISMASH_ANALYSIS:ANTISMASH (Rosenbergiella_epipactidis_K371)	COMPLETED	0	2026-08-29 00:24:01.102	2026-08-29 00:24:01.198	2026-08-29 00:24:32.894	29.7s	2	6 GB	469.8 MB	7.7 GB	101.3%	0.7%	1.3 GB	46.3 MB
326	6c/8ea96c	BGC_ANALYSIS:ANTISMASH_ANALYSIS:ANTISMASH (Rosenbergiella_epipactidis_S50)	COMPLETED	0	2026-08-29 00:24:20.914	2026-08-29 00:24:21.010	2026-08-29 00:24:47.675	24.7s	2	6 GB	455.8 MB	7.7 GB	103.0%	0.7%	1 GB	39.8 MB
322	d1/75cf84	BGC_ANALYSIS:ANTISMASH_ANALYSIS:ANTISMASH (Rosenbergiella_epipactidis_JB21)	COMPLETED	0	2026-08-29 00:24:18.320	2026-08-29 00:24:18.415	2026-08-29 00:24:48.221	27.9s	2	6 GB	466.4 MB	7.7 GB	101.4%	0.7%	1.2 GB	44.1 MB
325	c9/569d19	BGC_ANALYSIS:ANTISMASH_ANALYSIS:ANTISMASH (Rosenbergiella_epipactidis_K372)	COMPLETED	0	2026-08-29 00:24:19.444	2026-08-29 00:24:19.536	2026-08-29 00:24:48.846	27.5s	2	6 GB	455.8 MB	7.7 GB	100.8%	0.7%	1.2 GB	44.2 MB
336	b9/76eaab	BGC_ANALYSIS:ANTISMASH_ANALYSIS:ANTISMASH (Rosenbergiella_nectarea_subsp._apis_S258)	COMPLETED	0	2026-08-29 00:24:16.280	2026-08-29 00:24:16.376	2026-08-29 00:24:50.987	32.6s	2	6 GB	477.6 MB	7.8 GB	101.8%	0.7%	1.5 GB	51.9 MB
329	c7/572e39	BGC_ANALYSIS:ANTISMASH_ANALYSIS:ANTISMASH (Rosenbergiella_epipactidis_subsp._japonicus_K24)	COMPLETED	0	2026-08-29 00:24:19.540	2026-08-29 00:24:19.636	2026-08-29 00:24:53.461	32s	2	6 GB	463.9 MB	7.7 GB	101.3%	0.7%	1.4 GB	51.2 MB
331	d2/e9325f	BGC_ANALYSIS:ANTISMASH_ANALYSIS:ANTISMASH (Rosenbergiella_nectarea_FNA5)	COMPLETED	0	2026-08-29 00:24:21.701	2026-08-29 00:24:21.797	2026-08-29 00:24:56.735	32.9s	2	6 GB	455.3 MB	7.7 GB	99.7%	0.7%	1.5 GB	51.2 MB
327	3f/347abd	BGC_ANALYSIS:ANTISMASH_ANALYSIS:ANTISMASH (Rosenbergiella_epipactidis_S68)	COMPLETED	0	2026-08-29 00:24:31.188	2026-08-29 00:24:31.284	2026-08-29 00:25:01.007	27.7s	2	6 GB	460.1 MB	7.7 GB	100.9%	0.7%	1.2 GB	45.1 MB
332	d8/ef0e7b	BGC_ANALYSIS:ANTISMASH_ANALYSIS:ANTISMASH (Rosenbergiella_nectarea_FR67)	COMPLETED	0	2026-08-29 00:24:32.899	2026-08-29 00:24:32.995	2026-08-29 00:25:01.103	26.1s	2	6 GB	465.4 MB	7.8 GB	102.5%	0.7%	1.1 GB	42.4 MB
347	72/54be24	BGC_ANALYSIS:ANTISMASH_ANALYSIS:ANTISMASH (Erwinia_rhapontici_MAFF_311154)	COMPLETED	0	2026-08-29 00:24:48.850	2026-08-29 00:24:48.946	2026-08-29 00:25:11.929	21s	2	6 GB	864.7 MB	7.9 GB	133.3%	1.4%	885.3 MB	60.9 MB
338	ea/8a5122	BGC_ANALYSIS:ANTISMASH_ANALYSIS:ANTISMASH (Candidatus_Pantoea_bituminis_EnvD)	COMPLETED	0	2026-08-29 00:24:53.466	2026-08-29 00:24:53.562	2026-08-29 00:25:19.883	24.3s	2	6 GB	621.5 MB	7.8 GB	123.4%	1.0%	892.1 MB	48 MB
351	78/6f5424	BGC_ANALYSIS:ANTISMASH_ANALYSIS:ANTISMASH (Pantoea_agglomerans_FDAARGOS_1447)	COMPLETED	0	2026-08-29 00:25:01.011	2026-08-29 00:25:01.103	2026-08-29 00:25:23.299	20.1s	2	6 GB	770.1 MB	7.8 GB	131.6%	1.3%	811.7 MB	55.1 MB
349	b2/e18f74	BGC_ANALYSIS:ANTISMASH_ANALYSIS:ANTISMASH (Erwinia_sp._E602)	COMPLETED	0	2026-08-29 00:25:01.107	2026-08-29 00:25:01.203	2026-08-29 00:25:23.960	20.7s	2	6 GB	878.7 MB	7.9 GB	134.4%	1.4%	848.8 MB	59.6 MB
335	89/67d22c	BGC_ANALYSIS:ANTISMASH_ANALYSIS:ANTISMASH (Rosenbergiella_nectarea_subsp._apis_S255)	COMPLETED	0	2026-08-29 00:24:47.678	2026-08-29 00:24:47.775	2026-08-29 00:25:26.923	37.2s	2	6 GB	466.3 MB	7.7 GB	99.3%	0.7%	1.7 GB	57.6 MB
342	40/68e0f2	BGC_ANALYSIS:ANTISMASH_ANALYSIS:ANTISMASH (Erwinia_amylovora_MLI217-18)	COMPLETED	0	2026-08-29 00:24:50.991	2026-08-29 00:24:51.087	2026-08-29 00:25:29.673	36.7s	2	6 GB	622.4 MB	7.7 GB	94.1%	1.0%	1.6 GB	68.6 MB
334	d8/1e9ef1	BGC_ANALYSIS:ANTISMASH_ANALYSIS:ANTISMASH (Rosenbergiella_nectarea_subsp._apis_B5A)	COMPLETED	0	2026-08-29 00:24:48.225	2026-08-29 00:24:48.321	2026-08-29 00:25:30.550	40.3s	2	6 GB	474.4 MB	7.7 GB	102.1%	0.7%	1.9 GB	62.9 MB
340	24/e68782	BGC_ANALYSIS:ANTISMASH_ANALYSIS:ANTISMASH (Erwinia_amylovora_MLI181-18)	COMPLETED	0	2026-08-29 00:24:56.739	2026-08-29 00:24:56.835	2026-08-29 00:25:34.328	35.5s	2	6 GB	630.4 MB	7.7 GB	94.4%	1.0%	1.6 GB	66.7 MB
350	b2/e735ab	BGC_ANALYSIS:ANTISMASH_ANALYSIS:ANTISMASH (Pantoea_agglomerans_33.1)	COMPLETED	0	2026-08-29 00:25:23.304	2026-08-29 00:25:23.399	2026-08-29 00:25:45.976	20.7s	2	6 GB	805.6 MB	7.8 GB	128.7%	1.4%	879 MB	58.5 MB
345	5f/e929e5	BGC_ANALYSIS:ANTISMASH_ANALYSIS:ANTISMASH (Erwinia_phyllosphaerae_CMYE1)	COMPLETED	0	2026-08-29 00:25:11.934	2026-08-29 00:25:12.029	2026-08-29 00:25:47.568	33.3s	2	6 GB	704.9 MB	7.8 GB	97.0%	1.2%	1.3 GB	67.7 MB
346	20/c60fae	BGC_ANALYSIS:ANTISMASH_ANALYSIS:ANTISMASH (Erwinia_rhapontici_MAFF_311153)	COMPLETED	0	2026-08-29 00:25:29.678	2026-08-29 00:25:29.773	2026-08-29 00:25:52.739	21s	2	6 GB	846.7 MB	7.9 GB	137.1%	1.4%	869.5 MB	58.7 MB
348	fb/ab2ee3	BGC_ANALYSIS:ANTISMASH_ANALYSIS:ANTISMASH (Erwinia_rhapontici_MAFF_311155)	COMPLETED	0	2026-08-29 00:25:30.554	2026-08-29 00:25:30.649	2026-08-29 00:25:54.754	22.1s	2	6 GB	878.8 MB	7.9 GB	133.9%	1.4%	869.6 MB	61.3 MB
341	fc/5b6636	BGC_ANALYSIS:ANTISMASH_ANALYSIS:ANTISMASH (Erwinia_amylovora_MLI200-18)	COMPLETED	0	2026-08-29 00:25:23.965	2026-08-29 00:25:24.061	2026-08-29 00:26:03.943	37.9s	2	6 GB	619.6 MB	7.7 GB	95.9%	1.0%	1.7 GB	70.6 MB
343	46/213f46	BGC_ANALYSIS:ANTISMASH_ANALYSIS:ANTISMASH (Erwinia_amylovora_MLI90-17)	COMPLETED	0	2026-08-29 00:25:26.928	2026-08-29 00:25:27.023	2026-08-29 00:26:05.087	36.2s	2	6 GB	626.8 MB	7.7 GB	95.3%	1.0%	1.6 GB	68.1 MB
352	da/480483	BGC_ANALYSIS:ANTISMASH_ANALYSIS:ANTISMASH (Pantoea_agglomerans_KNU001)	COMPLETED	0	2026-08-29 00:25:34.332	2026-08-29 00:25:34.429	2026-08-29 00:26:08.275	31.8s	2	6 GB	665.7 MB	7.7 GB	97.2%	1.1%	1.4 GB	70.6 MB
337	19/0b4f63	BGC_ANALYSIS:ANTISMASH_ANALYSIS:ANTISMASH (Buchnera_aphidicola_Tabriz.4)	COMPLETED	0	2026-08-29 00:25:19.888	2026-08-29 00:25:19.983	2026-08-29 00:26:09.619	47.6s	2	6 GB	198.4 MB	2.7 GB	102.7%	0.3%	2.9 GB	71.2 MB
339	05/3dc59a	BGC_ANALYSIS:ANTISMASH_ANALYSIS:ANTISMASH (Candidatus_Pantoea_haifensis_EnvH)	COMPLETED	0	2026-08-29 00:25:47.573	2026-08-29 00:25:47.668	2026-08-29 00:26:12.025	22.2s	2	6 GB	586.2 MB	7.8 GB	124.4%	0.9%	897.7 MB	43.5 MB
344	9e/899fbf	BGC_ANALYSIS:ANTISMASH_ANALYSIS:ANTISMASH (Erwinia_persicina_Cp2)	COMPLETED	0	2026-08-29 00:26:05.091	2026-08-29 00:26:05.187	2026-08-29 00:26:27.377	20.1s	2	6 GB	833.7 MB	7.8 GB	135.3%	1.3%	811.9 MB	56.3 MB
354	a3/31b415	BGC_ANALYSIS:ANTISMASH_ANALYSIS:ANTISMASH (Pantoea_alfalfae_CQ10)	COMPLETED	0	2026-08-29 00:26:03.948	2026-08-29 00:26:04.043	2026-08-29 00:26:28.119	22s	2	6 GB	783.7 MB	7.8 GB	123.3%	1.3%	942 MB	58.7 MB
363	0e/60751e	BGC_ANALYSIS:ANTISMASH_ANALYSIS:ANTISMASH (Pantoea_ananatis_PNA_14_2)	COMPLETED	0	2026-08-29 00:25:52.744	2026-08-29 00:25:52.839	2026-08-29 00:26:29.811	34.9s	2	6 GB	511.9 MB	7.8 GB	101.3%	0.8%	1.4 GB	58.8 MB
353	7a/21ecf8	BGC_ANALYSIS:ANTISMASH_ANALYSIS:ANTISMASH (Pantoea_agglomerans_OVA06A)	COMPLETED	0	2026-08-29 00:26:12.030	2026-08-29 00:26:12.125	2026-08-29 00:26:44.075	30s	2	6 GB	528.8 MB	7.8 GB	108.7%	0.7%	1.2 GB	53.8 MB
358	d2/008139	BGC_ANALYSIS:ANTISMASH_ANALYSIS:ANTISMASH (Pantoea_allii_BD_386)	COMPLETED	0	2026-08-29 00:25:45.981	2026-08-29 00:25:46.077	2026-08-29 00:26:48.701	1m 1s	2	6 GB	4.8 GB	7.7 GB	109.0%	7.2%	11.5 GB	74.2 MB
356	3f/196053	BGC_ANALYSIS:ANTISMASH_ANALYSIS:ANTISMASH (Pantoea_allii_BD_382)	COMPLETED	0	2026-08-29 00:25:54.758	2026-08-29 00:25:54.855	2026-08-29 00:27:00.361	1m 4s	2	6 GB	4.8 GB	7.9 GB	108.2%	6.3%	11.6 GB	76.8 MB
355	ea/de7c0d	BGC_ANALYSIS:ANTISMASH_ANALYSIS:ANTISMASH (Pantoea_allii_BD_381)	COMPLETED	0	2026-08-29 00:26:08.279	2026-08-29 00:26:08.374	2026-08-29 00:27:19.901	1m 10s	2	6 GB	4.7 GB	7.8 GB	106.6%	7.6%	11.7 GB	77.8 MB
357	eb/459697	BGC_ANALYSIS:ANTISMASH_ANALYSIS:ANTISMASH (Pantoea_allii_BD_383)	COMPLETED	0	2026-08-29 00:26:09.623	2026-08-29 00:26:09.720	2026-08-29 00:27:19.994	1m 8s	2	6 GB	4.8 GB	8 GB	107.5%	7.7%	11.6 GB	76.3 MB
362	44/184a08	BGC_ANALYSIS:ANTISMASH_ANALYSIS:ANTISMASH (Pantoea_ananatis_PNA_13_1)	COMPLETED	0	2026-08-29 00:26:28.123	2026-08-29 00:26:28.220	2026-08-29 00:27:28.381	58.2s	2	6 GB	4.7 GB	7.8 GB	112.4%	7.0%	9 GB	52.5 MB
360	fa/2f95cc	BGC_ANALYSIS:ANTISMASH_ANALYSIS:ANTISMASH (Pantoea_allii_BD_388)	COMPLETED	0	2026-08-29 00:26:27.382	2026-08-29 00:26:27.477	2026-08-29 00:27:38.283	1m 9s	2	6 GB	4.7 GB	7.8 GB	107.5%	7.7%	11.6 GB	76.2 MB
361	ae/a9942e	BGC_ANALYSIS:ANTISMASH_ANALYSIS:ANTISMASH (Pantoea_allii_BD_389)	COMPLETED	0	2026-08-29 00:26:29.816	2026-08-29 00:26:29.911	2026-08-29 00:27:40.655	1m 9s	2	6 GB	4.7 GB	7.8 GB	106.7%	5.1%	11.7 GB	77.8 MB
364	65/c034f5	BGC_ANALYSIS:ANTISMASH_ANALYSIS:ANTISMASH (Pantoea_ananatis_PNA_15_1)	COMPLETED	0	2026-08-29 00:26:48.705	2026-08-29 00:26:48.800	2026-08-29 00:27:49.987	59s	2	6 GB	4.7 GB	7.9 GB	113.7%	6.8%	10.2 GB	53 MB
359	30/16f27c	BGC_ANALYSIS:ANTISMASH_ANALYSIS:ANTISMASH (Pantoea_allii_BD_387)	COMPLETED	0	2026-08-29 00:26:44.079	2026-08-29 00:26:44.175	2026-08-29 00:27:51.485	1m 5s	2	6 GB	4.7 GB	7.8 GB	107.9%	4.0%	11.6 GB	75.7 MB
367	7f/07507f	BGC_ANALYSIS:ANTISMASH_ANALYSIS:ANTISMASH (Pantoea_ananatis_PNA_18_10)	COMPLETED	0	2026-08-29 00:27:20.000	2026-08-29 00:27:20.094	2026-08-29 00:27:57.209	35.1s	2	6 GB	490.4 MB	7.7 GB	102.5%	0.7%	1.4 GB	60.6 MB
377	18/fb2aa7	BGC_ANALYSIS:ANTISMASH_ANALYSIS:ANTISMASH (Pantoea_ananatis_PNA_200_10)	COMPLETED	0	2026-08-29 00:27:00.365	2026-08-29 00:27:00.461	2026-08-29 00:27:58.989	56.4s	2	6 GB	4.6 GB	7.8 GB	115.5%	5.1%	10.2 GB	52.9 MB
368	64/82fcf1	BGC_ANALYSIS:ANTISMASH_ANALYSIS:ANTISMASH (Pantoea_ananatis_PNA_18_10S)	COMPLETED	0	2026-08-29 00:27:28.386	2026-08-29 00:27:28.482	2026-08-29 00:28:03.959	33.4s	2	6 GB	522.4 MB	7.8 GB	103.0%	0.9%	1.3 GB	56.8 MB
380	1d/5be28f	BGC_ANALYSIS:ANTISMASH_ANALYSIS:ANTISMASH (Pantoea_ananatis_PNA_200_3)	COMPLETED	0	2026-08-29 00:27:40.660	2026-08-29 00:27:40.755	2026-08-29 00:28:14.232	31.3s	2	6 GB	538.3 MB	7.8 GB	108.5%	0.8%	1.3 GB	56.4 MB
378	19/0f0f15	BGC_ANALYSIS:ANTISMASH_ANALYSIS:ANTISMASH (Pantoea_ananatis_PNA_200_11)	COMPLETED	0	2026-08-29 00:27:19.906	2026-08-29 00:27:19.995	2026-08-29 00:28:19.321	57.3s	2	6 GB	4.6 GB	7.8 GB	113.6%	4.6%	10.3 GB	53.6 MB
365	a8/68b522	BGC_ANALYSIS:ANTISMASH_ANALYSIS:ANTISMASH (Pantoea_ananatis_PNA_15_3)	COMPLETED	0	2026-08-29 00:27:49.991	2026-08-29 00:27:50.088	2026-08-29 00:28:19.687	27.6s	2	6 GB	551 MB	7.9 GB	113.7%	0.8%	1.1 GB	51.6 MB
382	10/2eadd1	BGC_ANALYSIS:ANTISMASH_ANALYSIS:ANTISMASH (Pantoea_ananatis_PNA_200_8)	COMPLETED	0	2026-08-29 00:27:57.215	2026-08-29 00:27:57.309	2026-08-29 00:28:29.991	30.8s	2	6 GB	543.6 MB	7.8 GB	108.7%	0.8%	1.3 GB	56.4 MB
366	a0/2dadb7	BGC_ANALYSIS:ANTISMASH_ANALYSIS:ANTISMASH (Pantoea_ananatis_PNA_18_1)	COMPLETED	0	2026-08-29 00:27:38.288	2026-08-29 00:27:38.383	2026-08-29 00:28:32.912	52.5s	2	6 GB	4.6 GB	7.9 GB	121.1%	3.1%	10.2 GB	51.6 MB
373	ee/6777eb	BGC_ANALYSIS:ANTISMASH_ANALYSIS:ANTISMASH (Pantoea_ananatis_PNA_18_6S)	COMPLETED	0	2026-08-29 00:27:58.993	2026-08-29 00:27:59.090	2026-08-29 00:28:35.282	34.1s	2	6 GB	489.8 MB	7.7 GB	105.8%	0.7%	1.4 GB	59.8 MB
369	0d/61324a	BGC_ANALYSIS:ANTISMASH_ANALYSIS:ANTISMASH (Pantoea_ananatis_PNA_18_2)	COMPLETED	0	2026-08-29 00:27:51.489	2026-08-29 00:27:51.585	2026-08-29 00:28:45.729	52.1s	2	6 GB	4.6 GB	7.8 GB	120.6%	4.5%	10.2 GB	51.1 MB
385	48/d7c18b	BGC_ANALYSIS:ANTISMASH_ANALYSIS:ANTISMASH (Pantoea_ananatis_PNA_97_3)	COMPLETED	0	2026-08-29 00:28:03.963	2026-08-29 00:28:04.059	2026-08-29 00:29:04.335	58s	2	6 GB	4.7 GB	7.9 GB	112.3%	6.0%	10.8 GB	54.1 MB
375	de/cf61dc	BGC_ANALYSIS:ANTISMASH_ANALYSIS:ANTISMASH (Pantoea_ananatis_PNA_18_8S)	COMPLETED	0	2026-08-29 00:28:35.287	2026-08-29 00:28:35.382	2026-08-29 00:29:09.467	32.2s	2	6 GB	517.9 MB	7.8 GB	102.6%	0.7%	1.3 GB	56.4 MB
370	05/8f2124	BGC_ANALYSIS:ANTISMASH_ANALYSIS:ANTISMASH (Pantoea_ananatis_PNA_18_3S)	COMPLETED	0	2026-08-29 00:28:14.236	2026-08-29 00:28:14.332	2026-08-29 00:29:11.089	54.7s	2	6 GB	4.6 GB	7.8 GB	111.9%	5.5%	10.3 GB	52.8 MB
371	84/c07039	BGC_ANALYSIS:ANTISMASH_ANALYSIS:ANTISMASH (Pantoea_ananatis_PNA_18_5)	COMPLETED	0	2026-08-29 00:28:19.691	2026-08-29 00:28:19.787	2026-08-29 00:29:16.092	54.2s	2	6 GB	4.6 GB	7.8 GB	113.0%	4.2%	10.3 GB	52.6 MB
389	0f/c547fa	BGC_ANALYSIS:ANTISMASH_ANALYSIS:ANTISMASH (Pantoea_ananatis_PNA_98_8)	COMPLETED	0	2026-08-29 00:28:19.325	2026-08-29 00:28:19.421	2026-08-29 00:29:18.529	57.1s	2	6 GB	4.6 GB	7.8 GB	113.9%	3.9%	10.8 GB	54.9 MB
374	ab/b41ad5	BGC_ANALYSIS:ANTISMASH_ANALYSIS:ANTISMASH (Pantoea_ananatis_PNA_18_7S)	COMPLETED	0	2026-08-29 00:28:45.732	2026-08-29 00:28:45.829	2026-08-29 00:29:42.589	54.8s	2	6 GB	4.6 GB	7.8 GB	115.2%	5.5%	10.2 GB	52.1 MB
393	8d/9c15e4	BGC_ANALYSIS:ANTISMASH_ANALYSIS:ANTISMASH (Pantoea_ananatis_PNA_99_3)	COMPLETED	0	2026-08-29 00:28:32.917	2026-08-29 00:28:33.013	2026-08-29 00:29:43.968	1m 9s	2	6 GB	4.7 GB	8 GB	118.7%	4.4%	18.7 GB	56.5 MB
383	45/75ec6c	BGC_ANALYSIS:ANTISMASH_ANALYSIS:ANTISMASH (Pantoea_ananatis_PNA_92_7)	COMPLETED	0	2026-08-29 00:29:11.093	2026-08-29 00:29:11.189	2026-08-29 00:30:09.269	56.1s	2	6 GB	3.2 GB	7.8 GB	113.7%	4.8%	10.3 GB	53 MB
379	55/12f9a1	BGC_ANALYSIS:ANTISMASH_ANALYSIS:ANTISMASH (Pantoea_ananatis_PNA_200_12)	COMPLETED	0	2026-08-29 00:29:09.471	2026-08-29 00:29:09.566	2026-08-29 00:30:10.505	58.8s	2	6 GB	4.7 GB	7.8 GB	113.4%	7.2%	10.3 GB	54.2 MB
384	5d/e30ad4	BGC_ANALYSIS:ANTISMASH_ANALYSIS:ANTISMASH (Pantoea_ananatis_PNA_97_11)	COMPLETED	0	2026-08-29 00:29:16.097	2026-08-29 00:29:16.192	2026-08-29 00:30:18.148	59.9s	2	6 GB	4.6 GB	7.8 GB	112.9%	4.0%	10.4 GB	56.6 MB
381	6a/171e7c	BGC_ANALYSIS:ANTISMASH_ANALYSIS:ANTISMASH (Pantoea_ananatis_PNA_200_7)	COMPLETED	0	2026-08-29 00:29:18.534	2026-08-29 00:29:18.630	2026-08-29 00:30:19.101	58.5s	2	6 GB	4.6 GB	7.8 GB	113.7%	5.1%	10.8 GB	53.6 MB
388	53/ba6f89	BGC_ANALYSIS:ANTISMASH_ANALYSIS:ANTISMASH (Pantoea_ananatis_PNA_98_7)	COMPLETED	0	2026-08-29 00:29:43.976	2026-08-29 00:29:44.069	2026-08-29 00:30:43.548	57.4s	2	6 GB	3.2 GB	7.7 GB	114.9%	5.5%	10.4 GB	57.4 MB
372	ac/a0636e	BGC_ANALYSIS:ANTISMASH_ANALYSIS:ANTISMASH (Pantoea_ananatis_PNA_18_5S)	COMPLETED	0	2026-08-29 00:28:29.995	2026-08-29 00:28:30.090	2026-08-29 00:30:45.189	2m 13s	2	6 GB	4.6 GB	7.7 GB	109.5%	5.5%	14.2 GB	162.3 MB
376	8d/7f9b8a	BGC_ANALYSIS:ANTISMASH_ANALYSIS:ANTISMASH (Pantoea_ananatis_PNA_18_9S)	COMPLETED	0	2026-08-29 00:29:04.339	2026-08-29 00:29:04.436	2026-08-29 00:30:49.380	1m 43s	2	6 GB	4.6 GB	7.7 GB	110.5%	3.7%	9.8 GB	128 MB
387	bd/f448d8	BGC_ANALYSIS:ANTISMASH_ANALYSIS:ANTISMASH (Pantoea_ananatis_PNA_98_3)	COMPLETED	0	2026-08-29 00:29:42.593	2026-08-29 00:29:42.773	2026-08-29 00:31:06.735	1m 22s	2	6 GB	502 MB	7.7 GB	108.5%	0.7%	4.2 GB	128.8 MB
392	39/66d27f	BGC_ANALYSIS:ANTISMASH_ANALYSIS:ANTISMASH (Pantoea_ananatis_PNA_99_2)	COMPLETED	0	2026-08-29 00:30:10.510	2026-08-29 00:30:10.605	2026-08-29 00:31:09.584	56.9s	2	6 GB	4.6 GB	7.8 GB	113.8%	5.2%	10.3 GB	54.5 MB
391	c5/e7fb56	BGC_ANALYSIS:ANTISMASH_ANALYSIS:ANTISMASH (Pantoea_ananatis_PNA_99_14)	COMPLETED	0	2026-08-29 00:30:18.152	2026-08-29 00:30:18.249	2026-08-29 00:31:17.389	57.2s	2	6 GB	4.6 GB	7.8 GB	114.5%	5.3%	10.8 GB	53.8 MB
390	d1/de26ea	BGC_ANALYSIS:ANTISMASH_ANALYSIS:ANTISMASH (Pantoea_ananatis_PNA_99_1)	COMPLETED	0	2026-08-29 00:30:19.106	2026-08-29 00:30:19.201	2026-08-29 00:31:18.722	57.5s	2	6 GB	4.6 GB	7.8 GB	113.7%	5.3%	10.3 GB	53.9 MB
386	bd/758f72	BGC_ANALYSIS:ANTISMASH_ANALYSIS:ANTISMASH (Pantoea_ananatis_PNA_98_2)	COMPLETED	0	2026-08-29 00:30:09.279	2026-08-29 00:30:09.369	2026-08-29 00:31:20.268	1m 9s	2	6 GB	4.7 GB	8 GB	120.2%	4.8%	18.7 GB	56.7 MB
398	f5/a84363	BGC_ANALYSIS:ANTISMASH_ANALYSIS:ANTISMASH (Pantoea_ananatis_TZ39)	COMPLETED	0	2026-08-29 00:31:09.588	2026-08-29 00:31:09.683	2026-08-29 00:31:31.202	19.7s	2	6 GB	805.8 MB	7.8 GB	124.5%	1.3%	830.5 MB	57 MB
400	4d/059d63	BGC_ANALYSIS:ANTISMASH_ANALYSIS:ANTISMASH (Pantoea_dispersa_GCA_018798925.1)	COMPLETED	0	2026-08-29 00:31:17.393	2026-08-29 00:31:17.489	2026-08-29 00:31:38.810	19.4s	2	6 GB	605.4 MB	7.5 GB	126.4%	0.8%	705.1 MB	30.5 MB
399	37/2e3436	BGC_ANALYSIS:ANTISMASH_ANALYSIS:ANTISMASH (Pantoea_dispersa_AHKW2b)	COMPLETED	0	2026-08-29 00:31:18.725	2026-08-29 00:31:18.822	2026-08-29 00:31:42.439	21.7s	2	6 GB	830.1 MB	7.8 GB	122.5%	1.4%	932 MB	62.9 MB
394	ea/7b36dd	BGC_ANALYSIS:ANTISMASH_ANALYSIS:ANTISMASH (Pantoea_ananatis_PNA_99_6)	COMPLETED	0	2026-08-29 00:30:43.552	2026-08-29 00:30:43.649	2026-08-29 00:31:44.318	58.6s	2	6 GB	4.7 GB	7.8 GB	113.3%	5.3%	10.5 GB	58.6 MB
395	9a/a1326f	BGC_ANALYSIS:ANTISMASH_ANALYSIS:ANTISMASH (Pantoea_ananatis_PNA_99_7)	COMPLETED	0	2026-08-29 00:30:45.194	2026-08-29 00:30:45.289	2026-08-29 00:31:45.148	57.8s	2	6 GB	4.7 GB	7.8 GB	113.3%	6.7%	10.4 GB	56.8 MB
396	1d/5741ce	BGC_ANALYSIS:ANTISMASH_ANALYSIS:ANTISMASH (Pantoea_ananatis_PNA_99_8)	COMPLETED	0	2026-08-29 00:30:49.385	2026-08-29 00:30:49.480	2026-08-29 00:31:47.532	56s	2	6 GB	4.6 GB	7.8 GB	113.0%	5.5%	10.4 GB	55.3 MB
401	f2/29f35c	BGC_ANALYSIS:ANTISMASH_ANALYSIS:ANTISMASH (Pantoea_dispersa_GCA_018798945.1)	COMPLETED	0	2026-08-29 00:31:31.206	2026-08-29 00:31:31.302	2026-08-29 00:31:53.087	19.7s	2	6 GB	610.2 MB	7.5 GB	124.4%	0.9%	707.2 MB	30.3 MB
406	23/c058a4	BGC_ANALYSIS:ANTISMASH_ANALYSIS:ANTISMASH (Pantoea_eucrina_XL123)	COMPLETED	0	2026-08-29 00:31:38.815	2026-08-29 00:31:38.910	2026-08-29 00:31:58.123	17.3s	2	6 GB	721 MB	7.8 GB	122.2%	1.1%	706.6 MB	45.9 MB
397	1d/816abf	BGC_ANALYSIS:ANTISMASH_ANALYSIS:ANTISMASH (Pantoea_ananatis_PNA_99_9)	COMPLETED	0	2026-08-29 00:31:06.739	2026-08-29 00:31:06.835	2026-08-29 00:32:07.325	58.6s	2	6 GB	4.6 GB	7.8 GB	111.0%	4.9%	10.8 GB	55.8 MB
404	f4/7152d7	BGC_ANALYSIS:ANTISMASH_ANALYSIS:ANTISMASH (Pantoea_dispersa_Lsch)	COMPLETED	0	2026-08-29 00:31:47.537	2026-08-29 00:31:47.632	2026-08-29 00:32:11.332	21.4s	2	6 GB	821.3 MB	7.8 GB	126.6%	1.3%	845 MB	57.8 MB
414	e1/b64792	BGC_ANALYSIS:ANTISMASH_ANALYSIS:ANTISMASH (Pantoea_sp._DY-17)	COMPLETED	0	2026-08-29 00:31:44.322	2026-08-29 00:31:44.418	2026-08-29 00:32:12.590	26.2s	2	6 GB	746.2 MB	7.8 GB	108.4%	1.3%	1008.5 MB	63.4 MB
415	91/053592	BGC_ANALYSIS:ANTISMASH_ANALYSIS:ANTISMASH (Pantoea_sp._DY-5)	COMPLETED	0	2026-08-29 00:31:42.443	2026-08-29 00:31:42.539	2026-08-29 00:32:14.500	30.1s	2	6 GB	732.8 MB	7.8 GB	103.2%	1.3%	1.2 GB	70 MB
402	d2/440f83	BGC_ANALYSIS:ANTISMASH_ANALYSIS:ANTISMASH (Pantoea_dispersa_JGM106)	COMPLETED	0	2026-08-29 00:31:20.272	2026-08-29 00:31:20.368	2026-08-29 00:32:15.496	53s	2	6 GB	698.9 MB	7.8 GB	94.6%	1.2%	2.5 GB	98.2 MB
407	02/fcf3df	BGC_ANALYSIS:ANTISMASH_ANALYSIS:ANTISMASH (Pantoea_jilinensis_D25)	COMPLETED	0	2026-08-29 00:31:58.127	2026-08-29 00:31:58.223	2026-08-29 00:32:19.568	19.3s	2	6 GB	767.6 MB	7.8 GB	128.8%	1.3%	804.1 MB	54.5 MB
412	92/86d282	BGC_ANALYSIS:ANTISMASH_ANALYSIS:ANTISMASH (Pantoea_sp._B270)	COMPLETED	0	2026-08-29 00:32:07.330	2026-08-29 00:32:07.426	2026-08-29 00:32:31.696	22.3s	2	6 GB	783.8 MB	7.8 GB	119.4%	1.3%	903.4 MB	60.3 MB
418	61/aded07	BGC_ANALYSIS:ANTISMASH_ANALYSIS:ANTISMASH (Pantoea_sp._L2_019_000G1_dasL2_019_000G1_concoct_45)	COMPLETED	0	2026-08-29 00:31:45.153	2026-08-29 00:31:45.248	2026-08-29 00:32:35.119	47.9s	2	6 GB	680.8 MB	7.7 GB	96.5%	1.2%	2.2 GB	91 MB
424	0e/bd0822	BGC_ANALYSIS:ANTISMASH_ANALYSIS:ANTISMASH (Pantoea_sp._alder81)	COMPLETED	0	2026-08-29 00:32:12.594	2026-08-29 00:32:12.690	2026-08-29 00:32:53.860	39.1s	2	6 GB	732 MB	7.8 GB	99.6%	1.3%	1.5 GB	80.2 MB
411	49/d23f94	BGC_ANALYSIS:ANTISMASH_ANALYSIS:ANTISMASH (Pantoea_septica_N25)	COMPLETED	0	2026-08-29 00:32:14.505	2026-08-29 00:32:14.600	2026-08-29 00:32:57.685	41s	2	6 GB	702.7 MB	7.8 GB	95.7%	1.2%	1.7 GB	76.1 MB
413	6e/eafefd	BGC_ANALYSIS:ANTISMASH_ANALYSIS:ANTISMASH (Pantoea_sp._DY-15)	COMPLETED	0	2026-08-29 00:32:35.124	2026-08-29 00:32:35.219	2026-08-29 00:33:07.532	30.2s	2	6 GB	736.1 MB	7.8 GB	106.0%	1.3%	1.1 GB	67.4 MB
423	73/af186b	BGC_ANALYSIS:ANTISMASH_ANALYSIS:ANTISMASH (Pantoea_sp._alder70)	COMPLETED	0	2026-08-29 00:32:15.499	2026-08-29 00:32:15.596	2026-08-29 00:33:12.306	54.7s	2	6 GB	732.1 MB	7.8 GB	94.3%	1.3%	2.3 GB	101.9 MB
410	e2/321886	BGC_ANALYSIS:ANTISMASH_ANALYSIS:ANTISMASH (Pantoea_piersonii_MAG-3F-S8P)	COMPLETED	0	2026-08-29 00:31:53.095	2026-08-29 00:31:53.187	2026-08-29 00:33:18.497	1m 23s	2	6 GB	759 MB	7.8 GB	98.3%	1.3%	4.3 GB	143.1 MB
425	27/35b5f3	BGC_ANALYSIS:ANTISMASH_ANALYSIS:ANTISMASH (Rosenbergiella_australiborealis_CdVSA20.1)	COMPLETED	0	2026-08-29 00:32:53.864	2026-08-29 00:32:53.961	2026-08-29 00:33:22.906	26.9s	2	6 GB	453.8 MB	7.2 GB	97.1%	0.7%	1.2 GB	52.6 MB
405	be/9d8501	BGC_ANALYSIS:ANTISMASH_ANALYSIS:ANTISMASH (Pantoea_dispersa_MAG-3F-S4P)	COMPLETED	0	2026-08-29 00:32:31.701	2026-08-29 00:32:31.796	2026-08-29 00:33:30.096	56s	2	6 GB	745.9 MB	7.8 GB	96.6%	1.3%	2.6 GB	103 MB
416	b4/4d54dc	BGC_ANALYSIS:ANTISMASH_ANALYSIS:ANTISMASH (Pantoea_sp._GbtcB22)	COMPLETED	0	2026-08-29 00:32:57.690	2026-08-29 00:32:57.785	2026-08-29 00:33:32.710	32.9s	2	6 GB	551.7 MB	7.8 GB	113.4%	0.9%	1.3 GB	58 MB
426	ab/1a673d	BGC_ANALYSIS:ANTISMASH_ANALYSIS:ANTISMASH (Rosenbergiella_collisarenosi_8.8A)	COMPLETED	0	2026-08-29 00:33:12.311	2026-08-29 00:33:12.406	2026-08-29 00:33:39.083	24.7s	2	6 GB	647.8 MB	7.7 GB	97.6%	1.0%	1 GB	51.2 MB
408	77/c9ef50	BGC_ANALYSIS:ANTISMASH_ANALYSIS:ANTISMASH (Pantoea_piersonii_MAG-3F-S5P)	COMPLETED	0	2026-08-29 00:32:19.574	2026-08-29 00:32:19.669	2026-08-29 00:33:39.351	1m 17s	2	6 GB	753 MB	7.8 GB	98.2%	1.3%	4 GB	135.7 MB
409	c0/d38832	BGC_ANALYSIS:ANTISMASH_ANALYSIS:ANTISMASH (Pantoea_piersonii_MAG-3F-S7P)	COMPLETED	0	2026-08-29 00:32:11.337	2026-08-29 00:32:11.432	2026-08-29 00:33:43.534	1m 30s	2	6 GB	725 MB	7.8 GB	99.1%	1.2%	4.8 GB	154.6 MB
417	70/37aadb	BGC_ANALYSIS:ANTISMASH_ANALYSIS:ANTISMASH (Pantoea_sp._JGM49)	COMPLETED	0	2026-08-29 00:33:18.501	2026-08-29 00:33:18.597	2026-08-29 00:33:59.771	39.1s	2	6 GB	728.7 MB	7.8 GB	93.0%	1.3%	1.6 GB	81.7 MB
421	e7/248de6	BGC_ANALYSIS:ANTISMASH_ANALYSIS:ANTISMASH (Pantoea_sp._OVA07A)	COMPLETED	0	2026-08-29 00:33:39.356	2026-08-29 00:33:39.451	2026-08-29 00:34:06.951	25.4s	2	6 GB	542.4 MB	7.8 GB	114.4%	0.8%	1 GB	49.2 MB
422	ff/fa14c2	BGC_ANALYSIS:ANTISMASH_ANALYSIS:ANTISMASH (Pantoea_sp._alder69)	COMPLETED	0	2026-08-29 00:33:30.100	2026-08-29 00:33:30.196	2026-08-29 00:34:07.037	34.8s	2	6 GB	736.4 MB	7.8 GB	99.0%	1.3%	1.4 GB	79.2 MB
436	50/a2305f	BGC_ANALYSIS:ANTISMASH_ANALYSIS:ANTISMASH (Tatumella_sp._JGM94)	COMPLETED	0	2026-08-29 00:33:39.088	2026-08-29 00:33:39.183	2026-08-29 00:34:11.607	30.4s	2	6 GB	623.5 MB	7.7 GB	95.1%	1.0%	1.4 GB	61.8 MB
403	01/48ce5c	BGC_ANALYSIS:ANTISMASH_ANALYSIS:ANTISMASH (Pantoea_dispersa_JGM112)	COMPLETED	0	2026-08-29 00:33:07.536	2026-08-29 00:33:07.632	2026-08-29 00:34:13.509	1m 4s	2	6 GB	678.9 MB	7.7 GB	97.5%	1.2%	3.3 GB	120.7 MB
419	75/12070a	BGC_ANALYSIS:ANTISMASH_ANALYSIS:ANTISMASH (Pantoea_sp._L3_072_000G1_dasL3_072_000G1_metabat.metabat.30)	COMPLETED	0	2026-08-29 00:33:22.910	2026-08-29 00:33:23.006	2026-08-29 00:34:17.207	52.2s	2	6 GB	704.4 MB	7.8 GB	97.0%	1.3%	2.7 GB	102.6 MB
428	e1/ad153b	BGC_ANALYSIS:ANTISMASH_ANALYSIS:ANTISMASH (Rosenbergiella_gaditana_S61)	COMPLETED	0	2026-08-29 00:33:43.539	2026-08-29 00:33:43.634	2026-08-29 00:34:18.792	33.2s	2	6 GB	604.2 MB	7.7 GB	94.8%	1.0%	1.6 GB	62.8 MB
420	53/db3228	BGC_ANALYSIS:ANTISMASH_ANALYSIS:ANTISMASH (Pantoea_sp._MAG-2F-S5P-2)	COMPLETED	0	2026-08-29 00:33:32.714	2026-08-29 00:33:32.810	2026-08-29 00:34:21.855	47.1s	2	6 GB	744.9 MB	7.8 GB	95.6%	1.2%	2.3 GB	94.4 MB
439	e6/db7e37	BGC_ANALYSIS:ANTISMASH_ANALYSIS:ANTISMASH (Buchnera_sp._in:_enterobacteria_SMAG_U30)	COMPLETED	0	2026-08-29 00:34:18.797	2026-08-29 00:34:18.893	2026-08-29 00:34:26.748	5.7s	2	6 GB	205.2 MB	2.7 GB	106.0%	0.3%	274.1 MB	8.5 MB
427	b5/4212da	BGC_ANALYSIS:ANTISMASH_ANALYSIS:ANTISMASH (Rosenbergiella_epipactidis_2.1A)	COMPLETED	0	2026-08-29 00:34:06.955	2026-08-29 00:34:07.037	2026-08-29 00:34:30.885	21.9s	2	6 GB	642.4 MB	7.7 GB	96.1%	1.0%	898.5 MB	45.8 MB
431	73/c0fc80	BGC_ANALYSIS:ANTISMASH_ANALYSIS:ANTISMASH (Tatumella_sp._JGM118)	COMPLETED	0	2026-08-29 00:34:07.041	2026-08-29 00:34:07.137	2026-08-29 00:34:38.463	29.4s	2	6 GB	435.6 MB	5.1 GB	95.9%	0.7%	1.3 GB	60.1 MB
430	52/3ea48f	BGC_ANALYSIS:ANTISMASH_ANALYSIS:ANTISMASH (Tatumella_sp._JGM100)	COMPLETED	0	2026-08-29 00:34:11.611	2026-08-29 00:34:11.707	2026-08-29 00:34:44.893	31.1s	2	6 GB	613.1 MB	7.7 GB	93.9%	1.0%	1.4 GB	61.6 MB
429	f2/b1ba58	BGC_ANALYSIS:ANTISMASH_ANALYSIS:ANTISMASH (Rosenbergiella_nectarea_subsp._apis_B1A)	COMPLETED	0	2026-08-29 00:34:13.515	2026-08-29 00:34:13.610	2026-08-29 00:34:46.129	30.5s	2	6 GB	269.7 MB	2.7 GB	98.0%	0.4%	1.4 GB	59.1 MB
432	f1/f7f761	BGC_ANALYSIS:ANTISMASH_ANALYSIS:ANTISMASH (Tatumella_sp._JGM130)	COMPLETED	0	2026-08-29 00:33:59.775	2026-08-29 00:33:59.871	2026-08-29 00:34:46.656	44.8s	2	6 GB	619 MB	7.7 GB	96.3%	1.0%	2.3 GB	83.3 MB
433	ae/c203d6	BGC_ANALYSIS:ANTISMASH_ANALYSIS:ANTISMASH (Tatumella_sp._JGM16)	COMPLETED	0	2026-08-29 00:34:17.211	2026-08-29 00:34:17.307	2026-08-29 00:34:54.590	35.2s	2	6 GB	617.1 MB	7.7 GB	94.2%	1.0%	1.7 GB	67.1 MB
440	68/e84dc4	BGC_ANALYSIS:ANTISMASH_ANALYSIS:ANTISMASH (Erwinia_sp._HR93)	COMPLETED	0	2026-08-29 00:34:46.661	2026-08-29 00:34:46.756	2026-08-29 00:35:05.522	16.8s	2	6 GB	746.5 MB	7.8 GB	128.1%	1.3%	691.4 MB	48.3 MB
435	ca/706cf1	BGC_ANALYSIS:ANTISMASH_ANALYSIS:ANTISMASH (Tatumella_sp._JGM91)	COMPLETED	0	2026-08-29 00:34:30.890	2026-08-29 00:34:30.985	2026-08-29 00:35:06.536	33.6s	2	6 GB	602.6 MB	7.7 GB	95.1%	1.0%	1.6 GB	64.6 MB
434	ff/801575	BGC_ANALYSIS:ANTISMASH_ANALYSIS:ANTISMASH (Tatumella_sp._JGM82)	COMPLETED	0	2026-08-29 00:34:44.897	2026-08-29 00:34:44.993	2026-08-29 00:35:19.803	32.8s	2	6 GB	622.1 MB	7.7 GB	95.2%	1.0%	1.5 GB	64.1 MB
447	f8/6cf0cd	BGC_ANALYSIS:ANTISMASH_ANALYSIS:ANTISMASH (Mixta_calida_CTOTU50679)	COMPLETED	0	2026-08-29 00:34:26.752	2026-08-29 00:34:26.848	2026-08-29 00:35:23.757	54.9s	2	6 GB	479.1 MB	7.7 GB	103.9%	0.7%	2.7 GB	84.6 MB
2506	e9/5d2b57	BGC_ANALYSIS:ANTISMASH_ANALYSIS:ANTISMASH (Erwinia_papayae_AJC124)	COMPLETED	0	2026-08-29 00:35:06.540	2026-08-29 00:35:06.636	2026-08-29 00:35:30.243	21.6s	2	6 GB	890.9 MB	7.9 GB	136.5%	1.5%	937.6 MB	63.3 MB
451	4f/5acc09	BGC_ANALYSIS:ANTISMASH_ANALYSIS:ANTISMASH (Mixta_calida_N2_039_011G1_dasN2_039_011G1_concoct_29)	COMPLETED	0	2026-08-29 00:34:54.595	2026-08-29 00:34:54.690	2026-08-29 00:35:34.431	37.6s	2	6 GB	638 MB	7.7 GB	94.8%	1.0%	1.7 GB	74.1 MB
445	c3/2d3e9b	BGC_ANALYSIS:ANTISMASH_ANALYSIS:ANTISMASH (Mixta_calida_CTOTU50269)	COMPLETED	0	2026-08-29 00:34:38.467	2026-08-29 00:34:38.563	2026-08-29 00:35:43.542	1m 3s	2	6 GB	529.5 MB	7.7 GB	105.3%	0.8%	3.2 GB	98.3 MB
437	6e/3b7d20	BGC_ANALYSIS:ANTISMASH_ANALYSIS:ANTISMASH (Buchnera_sp._in:_enterobacteria_SMAG_U12441)	COMPLETED	0	2026-08-29 00:35:23.761	2026-08-29 00:35:23.857	2026-08-29 00:35:58.747	32.7s	2	6 GB	195.2 MB	2.7 GB	105.3%	0.3%	2 GB	50.7 MB
441	fa/f5e1df	BGC_ANALYSIS:ANTISMASH_ANALYSIS:ANTISMASH (Erwinia_sp._MMLR14_017)	COMPLETED	0	2026-08-29 00:35:30.248	2026-08-29 00:35:30.344	2026-08-29 00:36:01.437	29.1s	2	6 GB	710.7 MB	7.8 GB	95.8%	1.3%	1.2 GB	67 MB
446	18/77e761	BGC_ANALYSIS:ANTISMASH_ANALYSIS:ANTISMASH (Mixta_calida_CTOTU50665)	COMPLETED	0	2026-08-29 00:34:21.859	2026-08-29 00:34:21.955	2026-08-29 00:36:12.050	1m 48s	2	6 GB	520 MB	7.7 GB	111.5%	0.7%	5.7 GB	157.2 MB
438	82/d58cdf	BGC_ANALYSIS:ANTISMASH_ANALYSIS:ANTISMASH (Buchnera_sp._in:_enterobacteria_SMAG_U13190)	COMPLETED	0	2026-08-29 00:35:34.435	2026-08-29 00:35:34.531	2026-08-29 00:36:12.630	36s	2	6 GB	195.8 MB	2.7 GB	105.3%	0.3%	2.2 GB	57.1 MB
449	ab/c419ce	BGC_ANALYSIS:ANTISMASH_ANALYSIS:ANTISMASH (Mixta_calida_N1_003_018G1_dasN1_003_018G1_abawaca.4)	COMPLETED	0	2026-08-29 00:35:43.546	2026-08-29 00:35:43.642	2026-08-29 00:36:25.940	40.2s	2	6 GB	742.8 MB	7.8 GB	97.4%	1.3%	1.9 GB	83.1 MB
442	87/9172ac	BGC_ANALYSIS:ANTISMASH_ANALYSIS:ANTISMASH (Erwiniaceae_bacterium_tyr_p5L)	COMPLETED	0	2026-08-29 00:34:46.132	2026-08-29 00:34:46.230	2026-08-29 00:36:34.700	1m 46s	2	6 GB	453.7 MB	7.6 GB	111.3%	0.7%	6 GB	153.2 MB
458	46/0f5134	BGC_ANALYSIS:ANTISMASH_ANALYSIS:ANTISMASH (Pantoea_agglomerans_BIM_B-2003)	COMPLETED	0	2026-08-29 00:36:34.703	2026-08-29 00:36:34.799	2026-08-29 00:36:58.310	21.5s	2	6 GB	784.4 MB	7.8 GB	130.6%	1.3%	897.3 MB	62 MB
456	1f/00195a	BGC_ANALYSIS:ANTISMASH_ANALYSIS:ANTISMASH (Mixta_calida_N5_281_015G1_dasN5_281_015G1_abawaca.4)	COMPLETED	0	2026-08-29 00:36:12.633	2026-08-29 00:36:12.730	2026-08-29 00:37:01.921	47.2s	2	6 GB	723.4 MB	7.8 GB	98.7%	1.3%	2.4 GB	94.3 MB
454	49/1bfc80	BGC_ANALYSIS:ANTISMASH_ANALYSIS:ANTISMASH (Mixta_calida_N4_105_010G1_dasN4_105_010G1_maxbin2.maxbin.003)	COMPLETED	0	2026-08-29 00:36:12.054	2026-08-29 00:36:12.150	2026-08-29 00:37:04.214	50.1s	2	6 GB	717.3 MB	7.8 GB	98.5%	1.3%	2.6 GB	97.7 MB
453	07/7305ae	BGC_ANALYSIS:ANTISMASH_ANALYSIS:ANTISMASH (Mixta_calida_N4_104_000G1_dasN4_104_000G1_abawaca.4)	COMPLETED	0	2026-08-29 00:36:25.944	2026-08-29 00:36:26.040	2026-08-29 00:37:18.997	51s	2	6 GB	733 MB	7.8 GB	98.8%	1.2%	2.6 GB	99.5 MB
443	f6/e5a1ee	BGC_ANALYSIS:ANTISMASH_ANALYSIS:ANTISMASH (Mixta_calida_CTOTU48269)	COMPLETED	0	2026-08-29 00:35:05.526	2026-08-29 00:35:05.622	2026-08-29 00:37:20.057	2m 12s	2	6 GB	519 MB	7.7 GB	112.1%	0.8%	7.3 GB	196 MB
459	ef/033940	BGC_ANALYSIS:ANTISMASH_ANALYSIS:ANTISMASH (Pantoea_agglomerans_CFBP8988)	COMPLETED	0	2026-08-29 00:37:04.217	2026-08-29 00:37:04.314	2026-08-29 00:37:26.849	20.5s	2	6 GB	783.5 MB	7.8 GB	131.5%	1.3%	838.8 MB	59.7 MB
450	8d/281e3d	BGC_ANALYSIS:ANTISMASH_ANALYSIS:ANTISMASH (Mixta_calida_N2_038_015G1_dasN2_038_015G1_abawaca.19)	COMPLETED	0	2026-08-29 00:35:58.751	2026-08-29 00:35:58.848	2026-08-29 00:37:35.799	1m 35s	2	6 GB	743.6 MB	7.8 GB	100.4%	1.3%	5.4 GB	168.5 MB
448	75/0dccd8	BGC_ANALYSIS:ANTISMASH_ANALYSIS:ANTISMASH (Mixta_calida_CTOTU50767)	COMPLETED	0	2026-08-29 00:36:58.314	2026-08-29 00:36:58.410	2026-08-29 00:37:36.555	36.1s	2	6 GB	464.9 MB	7.8 GB	100.7%	0.7%	1.6 GB	59.6 MB
460	6f/5a460f	BGC_ANALYSIS:ANTISMASH_ANALYSIS:ANTISMASH (Pantoea_agglomerans_CFBP8989)	COMPLETED	0	2026-08-29 00:37:19.001	2026-08-29 00:37:19.097	2026-08-29 00:37:52.423	31.2s	2	6 GB	700.9 MB	7.8 GB	95.7%	1.3%	1.2 GB	68.9 MB
457	47/f82a41	BGC_ANALYSIS:ANTISMASH_ANALYSIS:ANTISMASH (Pantoea_agglomerans_1.2.4)	COMPLETED	0	2026-08-29 00:37:36.559	2026-08-29 00:37:36.656	2026-08-29 00:37:59.504	20.8s	2	6 GB	776.1 MB	7.8 GB	130.4%	1.3%	838.8 MB	59.5 MB
467	fa/b0cf78	BGC_ANALYSIS:ANTISMASH_ANALYSIS:ANTISMASH (Pantoea_agglomerans_FSL_S12-0126)	COMPLETED	0	2026-08-29 00:37:20.062	2026-08-29 00:37:20.157	2026-08-29 00:38:01.630	39.3s	2	6 GB	489.4 MB	7.7 GB	101.4%	0.8%	1.7 GB	66.9 MB
474	d2/e96ad7	BGC_ANALYSIS:ANTISMASH_ANALYSIS:ANTISMASH (Pantoea_anthophila_NC19)	COMPLETED	0	2026-08-29 00:37:26.853	2026-08-29 00:37:26.949	2026-08-29 00:38:02.910	33.8s	2	6 GB	750.9 MB	7.8 GB	95.6%	1.3%	1.4 GB	72.1 MB
468	e0/26eed9	BGC_ANALYSIS:ANTISMASH_ANALYSIS:ANTISMASH (Pantoea_agglomerans_FSL_S12-0150)	COMPLETED	0	2026-08-29 00:37:35.803	2026-08-29 00:37:35.899	2026-08-29 00:38:11.634	33.6s	2	6 GB	492.1 MB	7.8 GB	102.5%	0.7%	1.4 GB	57.4 MB
471	50/52099c	BGC_ANALYSIS:ANTISMASH_ANALYSIS:ANTISMASH (Pantoea_ananatis_FSL_M9-0540)	COMPLETED	0	2026-08-29 00:37:52.428	2026-08-29 00:37:52.523	2026-08-29 00:38:30.528	35.9s	2	6 GB	491 MB	7.8 GB	104.5%	0.7%	1.5 GB	61.8 MB
475	68/fb3fa4	BGC_ANALYSIS:ANTISMASH_ANALYSIS:ANTISMASH (Pantoea_anthophila_NC52)	COMPLETED	0	2026-08-29 00:37:59.508	2026-08-29 00:37:59.604	2026-08-29 00:38:34.355	32.8s	2	6 GB	766.4 MB	7.8 GB	96.0%	1.3%	1.4 GB	72.1 MB
465	09/f352f0	BGC_ANALYSIS:ANTISMASH_ANALYSIS:ANTISMASH (Pantoea_agglomerans_FSL_M9-0538)	COMPLETED	0	2026-08-29 00:38:01.634	2026-08-29 00:38:01.734	2026-08-29 00:38:36.059	32.3s	2	6 GB	494.7 MB	7.7 GB	106.1%	0.8%	1.3 GB	57 MB
462	fb/31c8bf	BGC_ANALYSIS:ANTISMASH_ANALYSIS:ANTISMASH (Pantoea_agglomerans_CTOTU49844)	COMPLETED	0	2026-08-29 00:38:02.913	2026-08-29 00:38:03.010	2026-08-29 00:38:53.104	48.1s	2	6 GB	487.8 MB	7.7 GB	105.4%	0.7%	2.3 GB	78 MB
469	29/188c4f	BGC_ANALYSIS:ANTISMASH_ANALYSIS:ANTISMASH (Pantoea_agglomerans_Y03)	COMPLETED	0	2026-08-29 00:38:34.359	2026-08-29 00:38:34.456	2026-08-29 00:38:56.771	20.4s	2	6 GB	767.9 MB	7.8 GB	132.4%	1.3%	826.8 MB	58.3 MB
444	cf/943d97	BGC_ANALYSIS:ANTISMASH_ANALYSIS:ANTISMASH (Mixta_calida_CTOTU48486)	COMPLETED	0	2026-08-29 00:35:19.808	2026-08-29 00:35:19.903	2026-08-29 00:39:03.068	3m 41s	2	6 GB	522.8 MB	7.7 GB	113.3%	1.0%	12.4 GB	319.2 MB
466	08/a0bfbe	BGC_ANALYSIS:ANTISMASH_ANALYSIS:ANTISMASH (Pantoea_agglomerans_FSL_M9-0610)	COMPLETED	0	2026-08-29 00:38:30.532	2026-08-29 00:38:30.628	2026-08-29 00:39:05.063	32.5s	2	6 GB	488.7 MB	7.7 GB	103.6%	0.7%	1.3 GB	55.9 MB
472	f4/8099f4	BGC_ANALYSIS:ANTISMASH_ANALYSIS:ANTISMASH (Pantoea_ananatis_FSL_S12-0132)	COMPLETED	0	2026-08-29 00:38:36.062	2026-08-29 00:38:36.159	2026-08-29 00:39:16.408	38.3s	2	6 GB	489.3 MB	7.8 GB	103.5%	0.7%	1.6 GB	63.7 MB
489	17/6c70c7	BGC_ANALYSIS:ANTISMASH_ANALYSIS:ANTISMASH (Pantoea_eucrina_CTOTU48270)	COMPLETED	0	2026-08-29 00:39:05.067	2026-08-29 00:39:05.163	2026-08-29 00:39:37.241	30s	2	6 GB	465.1 MB	7.7 GB	104.5%	0.7%	1.3 GB	50.1 MB
464	7d/a13ce4	BGC_ANALYSIS:ANTISMASH_ANALYSIS:ANTISMASH (Pantoea_agglomerans_CTOTU50149)	COMPLETED	0	2026-08-29 00:39:03.072	2026-08-29 00:39:03.168	2026-08-29 00:39:38.170	32.9s	2	6 GB	478.7 MB	7.8 GB	103.4%	0.7%	1.3 GB	56.4 MB
461	d0/071b04	BGC_ANALYSIS:ANTISMASH_ANALYSIS:ANTISMASH (Pantoea_agglomerans_CFBP9000)	COMPLETED	0	2026-08-29 00:39:16.412	2026-08-29 00:39:16.508	2026-08-29 00:39:39.135	20.6s	2	6 GB	806.2 MB	7.8 GB	129.7%	1.3%	827.9 MB	58.7 MB
477	75/ae1a0e	BGC_ANALYSIS:ANTISMASH_ANALYSIS:ANTISMASH (Pantoea_anthophila_Sil_RS_30)	COMPLETED	0	2026-08-29 00:39:39.139	2026-08-29 00:39:39.235	2026-08-29 00:40:07.980	26.8s	2	6 GB	704.5 MB	7.8 GB	98.5%	1.3%	1.1 GB	62.2 MB
487	18/c1f39c	BGC_ANALYSIS:ANTISMASH_ANALYSIS:ANTISMASH (Pantoea_eucrina_CTOTU47128)	COMPLETED	0	2026-08-29 00:38:56.775	2026-08-29 00:38:56.871	2026-08-29 00:40:16.912	1m 18s	2	6 GB	473.3 MB	7.6 GB	108.4%	0.7%	4.1 GB	116.7 MB
470	f4/66b335	BGC_ANALYSIS:ANTISMASH_ANALYSIS:ANTISMASH (Pantoea_ananatis_CTOTU47720)	COMPLETED	0	2026-08-29 00:39:37.245	2026-08-29 00:39:37.341	2026-08-29 00:40:19.349	40.1s	2	6 GB	480.7 MB	7.8 GB	104.5%	0.7%	1.8 GB	67.9 MB
452	43/9f968e	BGC_ANALYSIS:ANTISMASH_ANALYSIS:ANTISMASH (Mixta_calida_N2_093_000G1_dasN2_093_000G1_concoct_5)	COMPLETED	0	2026-08-29 00:36:01.442	2026-08-29 00:36:01.538	2026-08-29 00:40:22.219	4m 19s	2	6 GB	765.2 MB	7.8 GB	102.8%	1.3%	16.1 GB	429.4 MB
476	19/ded187	BGC_ANALYSIS:ANTISMASH_ANALYSIS:ANTISMASH (Pantoea_anthophila_SHS3or)	COMPLETED	0	2026-08-29 00:40:07.984	2026-08-29 00:40:08.080	2026-08-29 00:40:40.445	30.4s	2	6 GB	746.9 MB	7.8 GB	97.2%	1.3%	1.2 GB	68.4 MB
480	1b/dffe51	BGC_ANALYSIS:ANTISMASH_ANALYSIS:ANTISMASH (Pantoea_cypripedii_V8)	COMPLETED	0	2026-08-29 00:40:16.917	2026-08-29 00:40:17.012	2026-08-29 00:40:46.771	27.8s	2	6 GB	868 MB	7.9 GB	125.5%	1.4%	1.1 GB	80.2 MB
478	e2/e4f377	BGC_ANALYSIS:ANTISMASH_ANALYSIS:ANTISMASH (Pantoea_brenneri_CTOTU49348)	COMPLETED	0	2026-08-29 00:40:22.223	2026-08-29 00:40:22.320	2026-08-29 00:40:53.575	29.3s	2	6 GB	500.2 MB	7.8 GB	105.5%	0.8%	1.1 GB	52 MB
483	d6/107f88	BGC_ANALYSIS:ANTISMASH_ANALYSIS:ANTISMASH (Pantoea_dispersa_S68)	COMPLETED	0	2026-08-29 00:40:19.353	2026-08-29 00:40:19.449	2026-08-29 00:40:53.590	32.2s	2	6 GB	771.1 MB	7.8 GB	98.5%	1.3%	1.3 GB	72.1 MB
482	c6/49a14b	BGC_ANALYSIS:ANTISMASH_ANALYSIS:ANTISMASH (Pantoea_dispersa_G121)	COMPLETED	0	2026-08-29 00:40:40.450	2026-08-29 00:40:40.545	2026-08-29 00:41:06.797	24.3s	2	6 GB	764.3 MB	7.8 GB	109.0%	1.3%	962.7 MB	61.3 MB
473	c3/cee28b	BGC_ANALYSIS:ANTISMASH_ANALYSIS:ANTISMASH (Pantoea_anthophila_CTOTU48722)	COMPLETED	0	2026-08-29 00:39:38.174	2026-08-29 00:39:38.271	2026-08-29 00:41:19.700	1m 39s	2	6 GB	536.6 MB	7.7 GB	109.6%	0.8%	5.2 GB	150.3 MB
486	ac/d35c36	BGC_ANALYSIS:ANTISMASH_ANALYSIS:ANTISMASH (Pantoea_eucalypti_CTOTU48822)	COMPLETED	0	2026-08-29 00:40:53.579	2026-08-29 00:40:53.590	2026-08-29 00:41:21.534	25.8s	2	6 GB	517.7 MB	7.8 GB	108.8%	0.7%	1 GB	48.1 MB
479	32/f761cb	BGC_ANALYSIS:ANTISMASH_ANALYSIS:ANTISMASH (Pantoea_cypripedii_T16)	COMPLETED	0	2026-08-29 00:40:46.775	2026-08-29 00:40:46.871	2026-08-29 00:41:29.815	40.9s	2	6 GB	782 MB	7.8 GB	96.8%	1.3%	1.6 GB	92.2 MB
481	9f/679ade	BGC_ANALYSIS:ANTISMASH_ANALYSIS:ANTISMASH (Pantoea_dispersa_CTOTU50501)	COMPLETED	0	2026-08-29 00:40:53.594	2026-08-29 00:40:53.690	2026-08-29 00:41:32.680	36.9s	2	6 GB	492.1 MB	7.8 GB	102.6%	0.7%	1.6 GB	62.6 MB
491	14/6b87b3	BGC_ANALYSIS:ANTISMASH_ANALYSIS:ANTISMASH (Pantoea_eucrina_CTOTU49339)	COMPLETED	0	2026-08-29 00:41:29.819	2026-08-29 00:41:29.915	2026-08-29 00:41:56.428	24.5s	2	6 GB	474.2 MB	7.8 GB	104.1%	0.7%	1 GB	42.3 MB
484	7d/9736b7	BGC_ANALYSIS:ANTISMASH_ANALYSIS:ANTISMASH (Pantoea_dispersa_VRL_PAS23b)	COMPLETED	0	2026-08-29 00:41:06.801	2026-08-29 00:41:06.897	2026-08-29 00:41:57.793	48.9s	2	6 GB	733.2 MB	7.8 GB	97.3%	1.3%	2.4 GB	99.7 MB
488	31/399a86	BGC_ANALYSIS:ANTISMASH_ANALYSIS:ANTISMASH (Pantoea_eucrina_CTOTU47311)	COMPLETED	0	2026-08-29 00:41:21.538	2026-08-29 00:41:21.634	2026-08-29 00:42:00.406	36.8s	2	6 GB	522.8 MB	7.8 GB	104.5%	0.8%	1.8 GB	62.6 MB
490	47/eb4dcc	BGC_ANALYSIS:ANTISMASH_ANALYSIS:ANTISMASH (Pantoea_eucrina_CTOTU48970)	COMPLETED	0	2026-08-29 00:41:32.684	2026-08-29 00:41:32.780	2026-08-29 00:42:04.708	30s	2	6 GB	484.1 MB	7.8 GB	104.6%	0.7%	1.3 GB	51.6 MB
493	c3/622a4a	BGC_ANALYSIS:ANTISMASH_ANALYSIS:ANTISMASH (Pantoea_piersonii_CTOTU47640)	COMPLETED	0	2026-08-29 00:41:57.797	2026-08-29 00:41:57.893	2026-08-29 00:42:29.571	29.7s	2	6 GB	485.2 MB	7.8 GB	104.2%	0.7%	1.2 GB	52.8 MB
496	61/98d053	BGC_ANALYSIS:ANTISMASH_ANALYSIS:ANTISMASH (Pantoea_piersonii_CTOTU50484)	COMPLETED	0	2026-08-29 00:42:00.411	2026-08-29 00:42:00.507	2026-08-29 00:42:30.568	28.1s	2	6 GB	484.5 MB	7.8 GB	104.1%	0.7%	1.1 GB	49.3 MB
494	f5/6900f1	BGC_ANALYSIS:ANTISMASH_ANALYSIS:ANTISMASH (Pantoea_piersonii_CTOTU47942)	COMPLETED	0	2026-08-29 00:41:56.433	2026-08-29 00:41:56.528	2026-08-29 00:42:32.187	33.7s	2	6 GB	478.4 MB	7.7 GB	102.1%	0.7%	1.4 GB	57.6 MB
501	e3/9cac79	BGC_ANALYSIS:ANTISMASH_ANALYSIS:ANTISMASH (Pantoea_septica_CTOTU49771)	COMPLETED	0	2026-08-29 00:41:19.704	2026-08-29 00:41:19.800	2026-08-29 00:42:46.670	1m 25s	2	6 GB	528.5 MB	7.7 GB	107.7%	0.7%	4.4 GB	128.9 MB
495	4e/1eb402	BGC_ANALYSIS:ANTISMASH_ANALYSIS:ANTISMASH (Pantoea_piersonii_CTOTU48840)	COMPLETED	0	2026-08-29 00:42:29.575	2026-08-29 00:42:29.672	2026-08-29 00:43:12.743	41.1s	2	6 GB	499.1 MB	7.7 GB	105.2%	0.8%	1.6 GB	63.8 MB
504	f6/448147	BGC_ANALYSIS:ANTISMASH_ANALYSIS:ANTISMASH (Pantoea_sp._CTOTU48473)	COMPLETED	0	2026-08-29 00:42:30.572	2026-08-29 00:42:30.668	2026-08-29 00:43:12.756	40.2s	2	6 GB	482.9 MB	7.8 GB	102.3%	0.7%	1.5 GB	61 MB
503	1e/0f1330	BGC_ANALYSIS:ANTISMASH_ANALYSIS:ANTISMASH (Pantoea_septica_CTOTU50841)	COMPLETED	0	2026-08-29 00:43:12.747	2026-08-29 00:43:12.756	2026-08-29 00:43:52.513	37.7s	2	6 GB	481.4 MB	7.7 GB	104.6%	0.8%	1.7 GB	65.2 MB
506	24/0e63a1	BGC_ANALYSIS:ANTISMASH_ANALYSIS:ANTISMASH (Pantoea_sp._CTOTU49358)	COMPLETED	0	2026-08-29 00:42:46.685	2026-08-29 00:42:46.770	2026-08-29 00:43:52.851	1m 3s	2	6 GB	485.4 MB	7.7 GB	107.0%	0.7%	3 GB	95.2 MB
492	78/2f3d7f	BGC_ANALYSIS:ANTISMASH_ANALYSIS:ANTISMASH (Pantoea_eucrina_OsEp_Plm_30P10)	COMPLETED	0	2026-08-29 00:43:52.516	2026-08-29 00:43:52.613	2026-08-29 00:44:12.344	17.8s	2	6 GB	731.1 MB	7.8 GB	125.4%	1.2%	786.4 MB	51.2 MB
499	da/f9e9ba	BGC_ANALYSIS:ANTISMASH_ANALYSIS:ANTISMASH (Pantoea_septica_CTOTU49094)	COMPLETED	0	2026-08-29 00:42:04.712	2026-08-29 00:42:04.807	2026-08-29 00:44:32.747	2m 26s	2	6 GB	507 MB	7.6 GB	109.8%	0.9%	7.6 GB	207.5 MB
485	e2/8a24fd	BGC_ANALYSIS:ANTISMASH_ANALYSIS:ANTISMASH (Pantoea_endophytica_CTOTU49164)	COMPLETED	0	2026-08-29 00:38:53.108	2026-08-29 00:38:53.204	2026-08-29 00:44:38.666	5m 44s	2	6 GB	575.2 MB	7.7 GB	112.5%	1.0%	19.1 GB	488.1 MB
502	98/af703f	BGC_ANALYSIS:ANTISMASH_ANALYSIS:ANTISMASH (Pantoea_septica_CTOTU49985)	COMPLETED	0	2026-08-29 00:43:12.760	2026-08-29 00:43:12.856	2026-08-29 00:44:57.341	1m 43s	2	6 GB	534.3 MB	7.7 GB	108.4%	0.8%	5.5 GB	156.5 MB
497	6b/3b47c7	BGC_ANALYSIS:ANTISMASH_ANALYSIS:ANTISMASH (Pantoea_piersonii_CTOTU50495)	COMPLETED	0	2026-08-29 00:44:32.752	2026-08-29 00:44:32.847	2026-08-29 00:45:17.237	42.4s	2	6 GB	486.9 MB	7.7 GB	106.7%	0.7%	2 GB	70.3 MB
498	4b/8eff4f	BGC_ANALYSIS:ANTISMASH_ANALYSIS:ANTISMASH (Pantoea_septica_CTOTU46901)	COMPLETED	0	2026-08-29 00:43:52.855	2026-08-29 00:43:52.952	2026-08-29 00:45:22.405	1m 28s	2	6 GB	513.7 MB	7.7 GB	106.9%	0.8%	4.6 GB	136.4 MB
509	8e/bdbfa7	BGC_ANALYSIS:ANTISMASH_ANALYSIS:ANTISMASH (Pantoea_sp._CTOTU50009)	COMPLETED	0	2026-08-29 00:44:57.346	2026-08-29 00:44:57.442	2026-08-29 00:45:33.575	34.1s	2	6 GB	489.4 MB	7.8 GB	104.5%	0.7%	1.5 GB	59.7 MB
508	5d/d48928	BGC_ANALYSIS:ANTISMASH_ANALYSIS:ANTISMASH (Pantoea_sp._CTOTU49842)	COMPLETED	0	2026-08-29 00:42:32.191	2026-08-29 00:42:32.287	2026-08-29 00:45:40.000	3m 6s	2	6 GB	573.4 MB	7.7 GB	115.0%	1.1%	9.7 GB	268.2 MB
463	ad/b5a80c	BGC_ANALYSIS:ANTISMASH_ANALYSIS:ANTISMASH (Pantoea_agglomerans_CTOTU49883)	COMPLETED	0	2026-08-29 00:37:01.925	2026-08-29 00:37:02.021	2026-08-29 00:45:42.986	8m 39s	2	6 GB	637.4 MB	7.8 GB	110.7%	1.1%	30.3 GB	758.8 MB
510	d8/da3540	BGC_ANALYSIS:ANTISMASH_ANALYSIS:ANTISMASH (Pantoea_sp._CTOTU50049)	COMPLETED	0	2026-08-29 00:45:17.241	2026-08-29 00:45:17.336	2026-08-29 00:45:46.930	27.6s	2	6 GB	495.5 MB	7.8 GB	105.1%	0.7%	1.1 GB	48.7 MB
513	4a/371ccf	BGC_ANALYSIS:ANTISMASH_ANALYSIS:ANTISMASH (Pantoea_sp._CTOTU50483)	COMPLETED	0	2026-08-29 00:45:33.578	2026-08-29 00:45:33.675	2026-08-29 00:46:03.188	27.5s	2	6 GB	485.5 MB	7.8 GB	103.6%	0.7%	1.1 GB	48.9 MB
517	d5/3fc554	BGC_ANALYSIS:ANTISMASH_ANALYSIS:ANTISMASH (Pantoea_sp._JZ29)	COMPLETED	0	2026-08-29 00:45:42.991	2026-08-29 00:45:43.086	2026-08-29 00:46:06.302	21.2s	2	6 GB	791.9 MB	7.8 GB	131.1%	1.3%	862.8 MB	58.9 MB
455	fc/d699f4	BGC_ANALYSIS:ANTISMASH_ANALYSIS:ANTISMASH (Mixta_calida_N4_210_013G1_dasN4_210_013G1_maxbin2.maxbin.010)	COMPLETED	0	2026-08-29 00:38:11.638	2026-08-29 00:38:11.734	2026-08-29 00:46:31.957	8m 18s	2	6 GB	905.5 MB	8 GB	102.6%	1.6%	31.5 GB	811.7 MB
500	ec/d8ebda	BGC_ANALYSIS:ANTISMASH_ANALYSIS:ANTISMASH (Pantoea_septica_CTOTU49303)	COMPLETED	0	2026-08-29 00:44:38.671	2026-08-29 00:44:38.766	2026-08-29 00:46:48.099	2m 7s	2	6 GB	523.9 MB	7.7 GB	111.6%	0.8%	7 GB	188 MB
518	22/a09be7	BGC_ANALYSIS:ANTISMASH_ANALYSIS:ANTISMASH (Pantoea_sp._N1_011_011G1_dasN1_011_011G1_maxbin2.maxbin.003)	COMPLETED	0	2026-08-29 00:45:40.004	2026-08-29 00:45:40.100	2026-08-29 00:46:59.290	1m 17s	2	6 GB	737.2 MB	7.8 GB	99.6%	1.3%	4.3 GB	147.4 MB
514	83/4182b2	BGC_ANALYSIS:ANTISMASH_ANALYSIS:ANTISMASH (Pantoea_sp._CTOTU50650)	COMPLETED	0	2026-08-29 00:46:31.961	2026-08-29 00:46:32.057	2026-08-29 00:47:34.421	1m	2	6 GB	494.7 MB	7.7 GB	107.5%	0.7%	3.1 GB	98.6 MB
526	9c/92fba9	BGC_ANALYSIS:ANTISMASH_ANALYSIS:ANTISMASH (Pantoea_sp._N4_155_006G1_dasN4_155_006G1_maxbin2.maxbin.002)	COMPLETED	0	2026-08-29 00:46:59.293	2026-08-29 00:46:59.390	2026-08-29 00:47:39.164	37.8s	2	6 GB	752.7 MB	7.8 GB	97.0%	1.2%	1.8 GB	82.2 MB
505	fd/20ccde	BGC_ANALYSIS:ANTISMASH_ANALYSIS:ANTISMASH (Pantoea_sp._CTOTU49201_CTOTU49201)	COMPLETED	0	2026-08-29 00:44:12.348	2026-08-29 00:44:12.444	2026-08-29 00:48:19.118	4m 5s	2	6 GB	541.4 MB	7.7 GB	114.8%	1.0%	13.6 GB	353.1 MB
519	58/067050	BGC_ANALYSIS:ANTISMASH_ANALYSIS:ANTISMASH (Pantoea_sp._N2_038_000G1_dasN2_038_000G1_maxbin2.maxbin.012)	COMPLETED	0	2026-08-29 00:46:48.103	2026-08-29 00:46:48.199	2026-08-29 00:48:34.398	1m 44s	2	6 GB	716.2 MB	7.8 GB	102.3%	1.2%	6.2 GB	188 MB
530	81/57c1d2	BGC_ANALYSIS:ANTISMASH_ANALYSIS:ANTISMASH (Pantoea_sp._S18)	COMPLETED	0	2026-08-29 00:48:34.402	2026-08-29 00:48:34.498	2026-08-29 00:48:58.939	22.5s	2	6 GB	875.4 MB	7.9 GB	129.0%	1.5%	925.3 MB	66.1 MB
520	59/12fbd5	BGC_ANALYSIS:ANTISMASH_ANALYSIS:ANTISMASH (Pantoea_sp._N2_039_000G1_dasN2_039_000G1_abawaca.73)	COMPLETED	0	2026-08-29 00:48:19.122	2026-08-29 00:48:19.219	2026-08-29 00:49:08.620	47.4s	2	6 GB	737.8 MB	7.8 GB	98.4%	1.2%	2.4 GB	97.3 MB
507	67/edab18	BGC_ANALYSIS:ANTISMASH_ANALYSIS:ANTISMASH (Pantoea_sp._CTOTU49800)	COMPLETED	0	2026-08-29 00:45:22.409	2026-08-29 00:45:22.506	2026-08-29 00:49:19.104	3m 55s	2	6 GB	531.7 MB	7.7 GB	113.7%	1.0%	13.5 GB	349.5 MB
522	2e/0d9655	BGC_ANALYSIS:ANTISMASH_ANALYSIS:ANTISMASH (Pantoea_sp._N4_105_000G1_dasN4_105_000G1_maxbin2.maxbin.001)	COMPLETED	0	2026-08-29 00:46:06.307	2026-08-29 00:46:06.402	2026-08-29 00:49:29.207	3m 21s	2	6 GB	786.7 MB	7.8 GB	103.5%	1.3%	12.6 GB	350.2 MB
521	78/4f4d93	BGC_ANALYSIS:ANTISMASH_ANALYSIS:ANTISMASH (Pantoea_sp._N2_066_009G1_dasN2_066_009G1_abawaca.7)	COMPLETED	0	2026-08-29 00:48:58.943	2026-08-29 00:48:59.039	2026-08-29 00:49:46.689	45.7s	2	6 GB	810 MB	7.8 GB	98.2%	1.3%	2.2 GB	94.5 MB
527	ac/bdac72	BGC_ANALYSIS:ANTISMASH_ANALYSIS:ANTISMASH (Pantoea_sp._N5_218_000G1_dasN5_218_000G1_concoct_11)	COMPLETED	0	2026-08-29 00:49:19.108	2026-08-29 00:49:19.204	2026-08-29 00:50:04.893	43.7s	2	6 GB	730.1 MB	7.8 GB	98.2%	1.2%	2.1 GB	91.5 MB
535	8b/b74708	BGC_ANALYSIS:ANTISMASH_ANALYSIS:ANTISMASH (Rosenbergiella_sp._YN46)	COMPLETED	0	2026-08-29 00:49:29.211	2026-08-29 00:49:29.307	2026-08-29 00:50:19.798	48.5s	2	6 GB	500.5 MB	7.7 GB	106.3%	0.7%	2.4 GB	82.1 MB
529	95/811558	BGC_ANALYSIS:ANTISMASH_ANALYSIS:ANTISMASH (Pantoea_sp._N5_272_005G1_dasN5_272_005G1_maxbin2.maxbin.001)	COMPLETED	0	2026-08-29 00:49:46.693	2026-08-29 00:49:46.789	2026-08-29 00:50:23.653	34.9s	2	6 GB	806.8 MB	7.8 GB	100.3%	1.3%	1.5 GB	81.1 MB
512	8f/588f32	BGC_ANALYSIS:ANTISMASH_ANALYSIS:ANTISMASH (Pantoea_sp._CTOTU50332)	COMPLETED	0	2026-08-29 00:47:39.168	2026-08-29 00:47:39.264	2026-08-29 00:50:36.916	2m 56s	2	6 GB	545.4 MB	7.6 GB	114.9%	1.0%	9.6 GB	259.8 MB
525	d2/501eb2	BGC_ANALYSIS:ANTISMASH_ANALYSIS:ANTISMASH (Pantoea_sp._N4_126_007G1_dasN4_126_007G1_concoct_0)	COMPLETED	0	2026-08-29 00:49:08.624	2026-08-29 00:49:08.720	2026-08-29 00:50:43.069	1m 32s	2	6 GB	701.7 MB	7.8 GB	102.2%	1.3%	5.5 GB	166.7 MB
528	d0/6aa30d	BGC_ANALYSIS:ANTISMASH_ANALYSIS:ANTISMASH (Pantoea_sp._N5_271_000G1_dasN5_271_000G1_maxbin2.maxbin.005)	COMPLETED	0	2026-08-29 00:46:03.193	2026-08-29 00:46:03.288	2026-08-29 00:50:43.395	4m 38s	2	6 GB	808.2 MB	7.9 GB	104.1%	1.3%	17.9 GB	474.8 MB
536	d9/67729f	BGC_ANALYSIS:ANTISMASH_ANALYSIS:ANTISMASH (Winslowiella_toletana_1.2.20)	COMPLETED	0	2026-08-29 00:50:43.074	2026-08-29 00:50:43.169	2026-08-29 00:51:04.883	19.6s	2	6 GB	855 MB	7.9 GB	138.2%	1.4%	843 MB	59.9 MB
532	39/eee968	BGC_ANALYSIS:ANTISMASH_ANALYSIS:ANTISMASH (Pantoea_sp._T14)	COMPLETED	0	2026-08-29 00:50:36.920	2026-08-29 00:50:37.017	2026-08-29 00:51:10.756	31.8s	2	6 GB	716.8 MB	7.8 GB	96.5%	1.3%	1.3 GB	71.1 MB
523	49/0851f5	BGC_ANALYSIS:ANTISMASH_ANALYSIS:ANTISMASH (Pantoea_sp._N4_105_010G1_dasN4_105_010G1_abawaca.13)	COMPLETED	0	2026-08-29 00:45:46.942	2026-08-29 00:45:47.030	2026-08-29 00:51:13.332	5m 24s	2	6 GB	897.1 MB	7.9 GB	103.8%	1.6%	20.8 GB	554.5 MB
524	3c/25fb5d	BGC_ANALYSIS:ANTISMASH_ANALYSIS:ANTISMASH (Pantoea_sp._N4_105_011G1_dasN4_105_011G1_concoct_11)	COMPLETED	0	2026-08-29 00:47:34.425	2026-08-29 00:47:34.521	2026-08-29 00:51:14.485	3m 38s	2	6 GB	740.9 MB	7.8 GB	103.7%	1.2%	13.9 GB	378.2 MB
531	26/42e5e5	BGC_ANALYSIS:ANTISMASH_ANALYSIS:ANTISMASH (Pantoea_sp._S2_006_009G1_dasS2_006_009G1_abawaca.11)	COMPLETED	0	2026-08-29 00:50:19.802	2026-08-29 00:50:19.898	2026-08-29 00:51:15.040	53.2s	2	6 GB	772.9 MB	7.8 GB	98.4%	1.3%	2.8 GB	107.2 MB
534	72/9219ce	BGC_ANALYSIS:ANTISMASH_ANALYSIS:ANTISMASH (Pantoea_vagans_CTOTU50032)	COMPLETED	0	2026-08-29 00:50:04.897	2026-08-29 00:50:04.993	2026-08-29 00:51:16.926	1m 10s	2	6 GB	498.5 MB	7.7 GB	107.1%	0.7%	3.6 GB	114 MB
533	fe/53aff5	BGC_ANALYSIS:ANTISMASH_ANALYSIS:ANTISMASH (Pantoea_stewartii_NC66)	COMPLETED	0	2026-08-29 00:50:23.657	2026-08-29 00:50:23.753	2026-08-29 00:51:18.090	52.4s	2	6 GB	4.7 GB	7.8 GB	112.4%	3.1%	9.8 GB	69.1 MB
537	71/901965	BGC_ANALYSIS:ANTISMASH_ANALYSIS:ANTISMASH (Buchnera_aphidicola_Aphis_craccivore_Ash)	COMPLETED	0	2026-08-29 00:51:13.336	2026-08-29 00:51:13.432	2026-08-29 00:51:21.884	6.6s	2	6 GB	211.3 MB	2.7 GB	103.5%	0.3%	290.3 MB	9.5 MB
538	a6/2b36ab	BGC_ANALYSIS:ANTISMASH_ANALYSIS:ANTISMASH (Buchnera_aphidicola_Aphis_gossypii_PASI)	COMPLETED	0	2026-08-29 00:51:16.930	2026-08-29 00:51:17.026	2026-08-29 00:51:24.616	5.6s	2	6 GB	203.8 MB	2.7 GB	103.6%	0.3%	242.6 MB	5.3 MB
516	4e/467fb8	BGC_ANALYSIS:ANTISMASH_ANALYSIS:ANTISMASH (Pantoea_sp._JZ2)	COMPLETED	0	2026-08-29 00:51:04.887	2026-08-29 00:51:04.983	2026-08-29 00:51:28.653	21.8s	2	6 GB	866.9 MB	7.9 GB	126.7%	1.4%	948.3 MB	64 MB
546	01/43a4da	BGC_ANALYSIS:ANTISMASH_ANALYSIS:ANTISMASH (Erwinia_amylovora_FB-20)	COMPLETED	0	2026-08-29 00:51:15.046	2026-08-29 00:51:15.139	2026-08-29 00:51:33.996	17s	2	6 GB	689.1 MB	7.7 GB	131.5%	1.1%	669.7 MB	41.8 MB
540	d8/c2cd4f	BGC_ANALYSIS:ANTISMASH_ANALYSIS:ANTISMASH (Candidatus_Pantoea_persica_Kerman3)	COMPLETED	0	2026-08-29 00:51:14.489	2026-08-29 00:51:14.585	2026-08-29 00:51:34.411	17.9s	2	6 GB	571.3 MB	7.7 GB	97.9%	1.0%	808.2 MB	39.3 MB
547	ad/0ae370	BGC_ANALYSIS:ANTISMASH_ANALYSIS:ANTISMASH (Erwinia_amylovora_FB-207)	COMPLETED	0	2026-08-29 00:51:18.096	2026-08-29 00:51:18.190	2026-08-29 00:51:37.119	16.9s	2	6 GB	704.4 MB	7.7 GB	133.1%	1.1%	669.7 MB	41.8 MB
539	9b/39e8d2	BGC_ANALYSIS:ANTISMASH_ANALYSIS:ANTISMASH (Buchnera_aphidicola_Pentalonia_nigronervosa_Ba4)	COMPLETED	0	2026-08-29 00:51:28.658	2026-08-29 00:51:28.753	2026-08-29 00:51:37.121	6.2s	2	6 GB	209.9 MB	2.7 GB	101.8%	0.3%	279.7 MB	8.9 MB
511	37/963f76	BGC_ANALYSIS:ANTISMASH_ANALYSIS:ANTISMASH (Pantoea_sp._CTOTU50324)	COMPLETED	0	2026-08-29 00:51:10.760	2026-08-29 00:51:10.857	2026-08-29 00:51:39.934	27.1s	2	6 GB	492.9 MB	7.8 GB	100.8%	0.7%	1.1 GB	49 MB
541	c4/f411db	BGC_ANALYSIS:ANTISMASH_ANALYSIS:ANTISMASH (Duffyella_gerundensis_Eg13-2)	COMPLETED	0	2026-08-29 00:51:21.888	2026-08-29 00:51:21.984	2026-08-29 00:51:57.062	33.1s	2	6 GB	478.5 MB	7.7 GB	103.0%	0.7%	1.3 GB	54.6 MB
542	68/9eb4dd	BGC_ANALYSIS:ANTISMASH_ANALYSIS:ANTISMASH (Duffyella_gerundensis_Eg13-3)	COMPLETED	0	2026-08-29 00:51:24.619	2026-08-29 00:51:24.716	2026-08-29 00:51:59.445	32.7s	2	6 GB	494.2 MB	7.8 GB	104.4%	0.7%	1.3 GB	54.1 MB
560	15/d05ef9	BGC_ANALYSIS:ANTISMASH_ANALYSIS:ANTISMASH (Pantoea_agglomerans_62d)	COMPLETED	0	2026-08-29 00:51:37.127	2026-08-29 00:51:37.221	2026-08-29 00:52:02.886	23.8s	2	6 GB	731.1 MB	7.8 GB	100.8%	1.3%	990.1 MB	59.6 MB
559	86/4bbe78	BGC_ANALYSIS:ANTISMASH_ANALYSIS:ANTISMASH (Erwinia_sp._JH02)	COMPLETED	0	2026-08-29 00:51:34.000	2026-08-29 00:51:34.096	2026-08-29 00:52:12.026	35.9s	2	6 GB	800.2 MB	7.8 GB	97.1%	1.3%	1.5 GB	78.9 MB
549	df/5c109e	BGC_ANALYSIS:ANTISMASH_ANALYSIS:ANTISMASH (Erwinia_amylovora_FB-86)	COMPLETED	0	2026-08-29 00:51:57.066	2026-08-29 00:51:57.162	2026-08-29 00:52:15.377	16.3s	2	6 GB	704.5 MB	7.7 GB	135.1%	1.1%	669.7 MB	41.8 MB
555	b0/3a8982	BGC_ANALYSIS:ANTISMASH_ANALYSIS:ANTISMASH (Erwinia_persicina_CFBP8795)	COMPLETED	0	2026-08-29 00:51:34.416	2026-08-29 00:51:34.511	2026-08-29 00:52:17.321	40.8s	2	6 GB	816.6 MB	7.8 GB	96.9%	1.3%	1.9 GB	85.9 MB
551	f6/4dc781	BGC_ANALYSIS:ANTISMASH_ANALYSIS:ANTISMASH (Erwinia_amylovora_TS3238)	COMPLETED	0	2026-08-29 00:52:02.890	2026-08-29 00:52:02.987	2026-08-29 00:52:21.373	16.4s	2	6 GB	703.4 MB	7.7 GB	133.6%	1.1%	669.4 MB	41.8 MB
544	55/c87e53	BGC_ANALYSIS:ANTISMASH_ANALYSIS:ANTISMASH (Duffyella_gerundensis_Eg31-5)	COMPLETED	0	2026-08-29 00:51:39.939	2026-08-29 00:51:40.034	2026-08-29 00:52:21.922	39.9s	2	6 GB	487.4 MB	7.7 GB	105.0%	0.7%	1.8 GB	65.7 MB
543	90/83413d	BGC_ANALYSIS:ANTISMASH_ANALYSIS:ANTISMASH (Duffyella_gerundensis_Eg31-2)	COMPLETED	0	2026-08-29 00:51:37.123	2026-08-29 00:51:37.220	2026-08-29 00:52:24.531	45.4s	2	6 GB	488 MB	7.8 GB	102.8%	0.7%	2.2 GB	75.5 MB
550	71/119da6	BGC_ANALYSIS:ANTISMASH_ANALYSIS:ANTISMASH (Erwinia_amylovora_TS3128)	COMPLETED	0	2026-08-29 00:52:12.029	2026-08-29 00:52:12.126	2026-08-29 00:52:31.087	16.8s	2	6 GB	727.3 MB	7.8 GB	128.5%	1.1%	664.2 MB	44.4 MB
552	df/beb1e3	BGC_ANALYSIS:ANTISMASH_ANALYSIS:ANTISMASH (Erwinia_aphidicola_JCM_21238)	COMPLETED	0	2026-08-29 00:51:59.449	2026-08-29 00:51:59.545	2026-08-29 00:52:33.990	32.5s	2	6 GB	730 MB	7.8 GB	96.1%	1.3%	1.2 GB	69.9 MB
548	5b/25f7e5	BGC_ANALYSIS:ANTISMASH_ANALYSIS:ANTISMASH (Erwinia_amylovora_FB-307)	COMPLETED	0	2026-08-29 00:52:15.381	2026-08-29 00:52:15.477	2026-08-29 00:52:33.994	16.6s	2	6 GB	711.5 MB	7.7 GB	132.1%	1.1%	669.7 MB	41.8 MB
515	dd/e2a95c	BGC_ANALYSIS:ANTISMASH_ANALYSIS:ANTISMASH (Pantoea_sp._CTOTU50773_CTOTU50773)	COMPLETED	0	2026-08-29 00:50:43.399	2026-08-29 00:50:43.495	2026-08-29 00:52:41.736	1m 56s	2	6 GB	536.2 MB	7.7 GB	110.4%	0.8%	6.1 GB	170.9 MB
545	b1/cf30de	BGC_ANALYSIS:ANTISMASH_ANALYSIS:ANTISMASH (Erwinia_amylovora_245_07)	COMPLETED	0	2026-08-29 00:52:17.325	2026-08-29 00:52:17.421	2026-08-29 00:52:56.558	37.1s	2	6 GB	472.4 MB	7.8 GB	101.5%	0.7%	1.7 GB	59.9 MB
558	09/285e81	BGC_ANALYSIS:ANTISMASH_ANALYSIS:ANTISMASH (Erwinia_persicina_DOAB1061)	COMPLETED	0	2026-08-29 00:52:24.535	2026-08-29 00:52:24.632	2026-08-29 00:52:58.037	31.3s	2	6 GB	712.8 MB	7.8 GB	97.8%	1.3%	1.2 GB	68.3 MB
557	fa/623b90	BGC_ANALYSIS:ANTISMASH_ANALYSIS:ANTISMASH (Erwinia_persicina_CFBP8803)	COMPLETED	0	2026-08-29 00:52:21.926	2026-08-29 00:52:22.022	2026-08-29 00:52:59.844	35.9s	2	6 GB	770.5 MB	7.8 GB	95.6%	1.3%	1.6 GB	75.7 MB
556	39/0550f3	BGC_ANALYSIS:ANTISMASH_ANALYSIS:ANTISMASH (Erwinia_persicina_CFBP8797)	COMPLETED	0	2026-08-29 00:52:33.998	2026-08-29 00:52:34.095	2026-08-29 00:53:07.304	31.3s	2	6 GB	754.3 MB	7.8 GB	98.4%	1.3%	1.3 GB	69.6 MB
568	0a/98cac9	BGC_ANALYSIS:ANTISMASH_ANALYSIS:ANTISMASH (Pantoea_agglomerans_CFBP8783)	COMPLETED	0	2026-08-29 00:52:33.994	2026-08-29 00:52:34.094	2026-08-29 00:53:14.728	38.8s	2	6 GB	792.3 MB	7.8 GB	94.3%	1.4%	1.8 GB	84.5 MB
553	60/542b0c	BGC_ANALYSIS:ANTISMASH_ANALYSIS:ANTISMASH (Erwinia_persicina_CFBP13732)	COMPLETED	0	2026-08-29 00:52:21.376	2026-08-29 00:52:21.473	2026-08-29 00:53:16.530	53.1s	2	6 GB	797.7 MB	7.8 GB	95.6%	1.3%	2.7 GB	105.5 MB
561	44/ced85a	BGC_ANALYSIS:ANTISMASH_ANALYSIS:ANTISMASH (Pantoea_agglomerans_62e)	COMPLETED	0	2026-08-29 00:52:56.562	2026-08-29 00:52:56.658	2026-08-29 00:53:21.323	22.8s	2	6 GB	746.2 MB	7.8 GB	108.2%	1.3%	969.3 MB	59.2 MB
562	0d/56cb36	BGC_ANALYSIS:ANTISMASH_ANALYSIS:ANTISMASH (Pantoea_agglomerans_CFBP13566)	COMPLETED	0	2026-08-29 00:52:41.740	2026-08-29 00:52:41.836	2026-08-29 00:53:23.712	39.9s	2	6 GB	767.8 MB	7.8 GB	94.2%	1.3%	1.9 GB	85.4 MB
563	ff/1f2f6d	BGC_ANALYSIS:ANTISMASH_ANALYSIS:ANTISMASH (Pantoea_agglomerans_CFBP13569)	COMPLETED	0	2026-08-29 00:52:58.040	2026-08-29 00:52:58.137	2026-08-29 00:53:24.436	24.4s	2	6 GB	732.1 MB	7.8 GB	109.9%	1.2%	1 GB	62.1 MB
554	53/fad74a	BGC_ANALYSIS:ANTISMASH_ANALYSIS:ANTISMASH (Erwinia_persicina_CFBP8767)	COMPLETED	0	2026-08-29 00:52:31.091	2026-08-29 00:52:31.188	2026-08-29 00:53:27.200	53.9s	2	6 GB	755.8 MB	7.8 GB	94.4%	1.3%	2.7 GB	106 MB
564	69/a0ce4a	BGC_ANALYSIS:ANTISMASH_ANALYSIS:ANTISMASH (Pantoea_agglomerans_CFBP13616)	COMPLETED	0	2026-08-29 00:52:59.847	2026-08-29 00:52:59.943	2026-08-29 00:53:29.657	27.8s	2	6 GB	750.3 MB	7.8 GB	97.2%	1.2%	1.1 GB	63.5 MB
567	b1/d434ca	BGC_ANALYSIS:ANTISMASH_ANALYSIS:ANTISMASH (Pantoea_agglomerans_CFBP8756)	COMPLETED	0	2026-08-29 00:53:07.308	2026-08-29 00:53:07.404	2026-08-29 00:53:30.336	20.8s	2	6 GB	783 MB	7.8 GB	125.5%	1.3%	897.4 MB	62.3 MB
570	ff/d14ad2	BGC_ANALYSIS:ANTISMASH_ANALYSIS:ANTISMASH (Pantoea_agglomerans_CFBP8785)	COMPLETED	0	2026-08-29 00:53:29.662	2026-08-29 00:53:29.757	2026-08-29 00:53:52.618	20.8s	2	6 GB	836 MB	7.9 GB	125.4%	1.4%	882.6 MB	62 MB
566	a8/88bac7	BGC_ANALYSIS:ANTISMASH_ANALYSIS:ANTISMASH (Pantoea_agglomerans_CFBP13731)	COMPLETED	0	2026-08-29 00:53:14.731	2026-08-29 00:53:14.828	2026-08-29 00:53:52.693	36s	2	6 GB	743.9 MB	7.8 GB	94.3%	1.2%	1.6 GB	78 MB
569	d9/7de207	BGC_ANALYSIS:ANTISMASH_ANALYSIS:ANTISMASH (Pantoea_agglomerans_CFBP8784)	COMPLETED	0	2026-08-29 00:53:27.204	2026-08-29 00:53:27.301	2026-08-29 00:53:55.546	26.3s	2	6 GB	738 MB	7.8 GB	103.8%	1.3%	1.1 GB	64 MB
576	59/ff87e9	BGC_ANALYSIS:ANTISMASH_ANALYSIS:ANTISMASH (Pantoea_agglomerans_E325-699)	COMPLETED	0	2026-08-29 00:53:24.439	2026-08-29 00:53:24.535	2026-08-29 00:53:56.070	29.6s	2	6 GB	511.9 MB	7.8 GB	105.1%	0.7%	1.3 GB	55.3 MB
574	04/e4beaf	BGC_ANALYSIS:ANTISMASH_ANALYSIS:ANTISMASH (Pantoea_agglomerans_CFBP8800)	COMPLETED	0	2026-08-29 00:53:23.720	2026-08-29 00:53:23.812	2026-08-29 00:53:57.769	32s	2	6 GB	780.4 MB	7.8 GB	97.4%	1.4%	1.4 GB	74 MB
572	2c/3e446a	BGC_ANALYSIS:ANTISMASH_ANALYSIS:ANTISMASH (Pantoea_agglomerans_CFBP8791)	COMPLETED	0	2026-08-29 00:53:21.327	2026-08-29 00:53:21.423	2026-08-29 00:54:00.327	36.8s	2	6 GB	735.7 MB	7.8 GB	93.2%	1.3%	1.7 GB	78.6 MB
575	8d/701949	BGC_ANALYSIS:ANTISMASH_ANALYSIS:ANTISMASH (Pantoea_agglomerans_DOAB1048)	COMPLETED	0	2026-08-29 00:53:30.340	2026-08-29 00:53:30.436	2026-08-29 00:54:10.041	37.7s	2	6 GB	667.9 MB	7.7 GB	94.5%	1.2%	1.8 GB	80.1 MB
565	38/69b82a	BGC_ANALYSIS:ANTISMASH_ANALYSIS:ANTISMASH (Pantoea_agglomerans_CFBP13709)	COMPLETED	0	2026-08-29 00:53:16.533	2026-08-29 00:53:16.630	2026-08-29 00:54:10.891	52.3s	2	6 GB	829.9 MB	7.9 GB	95.6%	1.3%	2.6 GB	105.3 MB
571	5c/88a80b	BGC_ANALYSIS:ANTISMASH_ANALYSIS:ANTISMASH (Pantoea_agglomerans_CFBP8786)	COMPLETED	0	2026-08-29 00:53:52.696	2026-08-29 00:53:52.793	2026-08-29 00:54:27.847	33.2s	2	6 GB	755.6 MB	7.8 GB	94.7%	1.3%	1.4 GB	72.9 MB
573	3b/40a367	BGC_ANALYSIS:ANTISMASH_ANALYSIS:ANTISMASH (Pantoea_agglomerans_CFBP8792)	COMPLETED	0	2026-08-29 00:53:52.621	2026-08-29 00:53:52.693	2026-08-29 00:54:29.834	35.2s	2	6 GB	796.9 MB	7.8 GB	94.5%	1.3%	1.5 GB	78.4 MB
577	04/7fe67e	BGC_ANALYSIS:ANTISMASH_ANALYSIS:ANTISMASH (Pantoea_agglomerans_E325-705)	COMPLETED	0	2026-08-29 00:53:56.074	2026-08-29 00:53:56.170	2026-08-29 00:54:29.837	31.8s	2	6 GB	490.1 MB	7.8 GB	102.0%	0.7%	1.3 GB	55.8 MB
579	fc/35f609	BGC_ANALYSIS:ANTISMASH_ANALYSIS:ANTISMASH (Pantoea_agglomerans_E325-754)	COMPLETED	0	2026-08-29 00:53:55.549	2026-08-29 00:53:55.646	2026-08-29 00:54:30.200	32.7s	2	6 GB	489 MB	7.7 GB	101.1%	0.7%	1.4 GB	56.8 MB
581	98/a1de7b	BGC_ANALYSIS:ANTISMASH_ANALYSIS:ANTISMASH (Pantoea_agglomerans_E325-ad2)	COMPLETED	0	2026-08-29 00:53:57.773	2026-08-29 00:53:57.869	2026-08-29 00:54:36.727	36.9s	2	6 GB	494.6 MB	7.7 GB	104.5%	0.7%	1.6 GB	62.1 MB
586	0b/4f3ea2	BGC_ANALYSIS:ANTISMASH_ANALYSIS:ANTISMASH (Pantoea_agglomerans_Pa17-1)	COMPLETED	0	2026-08-29 00:54:00.330	2026-08-29 00:54:00.426	2026-08-29 00:54:41.286	38.9s	2	6 GB	506.5 MB	7.8 GB	102.2%	0.8%	1.7 GB	65.3 MB
593	b9/5ec5c5	BGC_ANALYSIS:ANTISMASH_ANALYSIS:ANTISMASH (Pantoea_agglomerans_Pa31-4)	COMPLETED	0	2026-08-29 00:54:10.895	2026-08-29 00:54:10.991	2026-08-29 00:54:50.650	37.8s	2	6 GB	494.9 MB	7.8 GB	102.8%	0.7%	1.7 GB	65.2 MB
580	ac/0121aa	BGC_ANALYSIS:ANTISMASH_ANALYSIS:ANTISMASH (Pantoea_agglomerans_E325-ad1)	COMPLETED	0	2026-08-29 00:54:10.045	2026-08-29 00:54:10.141	2026-08-29 00:54:59.860	47.8s	2	6 GB	489 MB	7.8 GB	105.7%	0.7%	2.3 GB	80.1 MB
583	d3/4e1fd2	BGC_ANALYSIS:ANTISMASH_ANALYSIS:ANTISMASH (Pantoea_agglomerans_FJII-L5-SW-P2)	COMPLETED	0	2026-08-29 00:54:30.204	2026-08-29 00:54:30.300	2026-08-29 00:55:02.075	29.9s	2	6 GB	695.7 MB	7.8 GB	93.5%	1.2%	1.3 GB	67 MB
590	6d/81b219	BGC_ANALYSIS:ANTISMASH_ANALYSIS:ANTISMASH (Pantoea_agglomerans_Pa21-3)	COMPLETED	0	2026-08-29 00:54:29.842	2026-08-29 00:54:29.943	2026-08-29 00:55:03.565	31.8s	2	6 GB	492.8 MB	7.7 GB	102.5%	0.8%	1.3 GB	58 MB
578	8a/846eed	BGC_ANALYSIS:ANTISMASH_ANALYSIS:ANTISMASH (Pantoea_agglomerans_E325-750)	COMPLETED	0	2026-08-29 00:54:27.851	2026-08-29 00:54:27.948	2026-08-29 00:55:08.848	39s	2	6 GB	520.8 MB	7.8 GB	107.0%	0.8%	1.8 GB	67.9 MB
584	a0/078a50	BGC_ANALYSIS:ANTISMASH_ANALYSIS:ANTISMASH (Pantoea_agglomerans_MR10)	COMPLETED	0	2026-08-29 00:54:36.732	2026-08-29 00:54:36.827	2026-08-29 00:55:10.519	31.5s	2	6 GB	777.4 MB	7.8 GB	97.4%	1.3%	1.3 GB	69.6 MB
589	af/4d45fe	BGC_ANALYSIS:ANTISMASH_ANALYSIS:ANTISMASH (Pantoea_agglomerans_Pa21-15)	COMPLETED	0	2026-08-29 00:54:41.290	2026-08-29 00:54:41.387	2026-08-29 00:55:19.547	36.3s	2	6 GB	481.5 MB	7.8 GB	99.1%	0.7%	1.6 GB	62 MB
582	e4/bc5449	BGC_ANALYSIS:ANTISMASH_ANALYSIS:ANTISMASH (Pantoea_agglomerans_E325)	COMPLETED	0	2026-08-29 00:54:29.838	2026-08-29 00:54:29.942	2026-08-29 00:55:23.405	51.6s	2	6 GB	501.5 MB	7.7 GB	105.4%	0.7%	2.5 GB	85.5 MB
585	05/46a354	BGC_ANALYSIS:ANTISMASH_ANALYSIS:ANTISMASH (Pantoea_agglomerans_MR19)	COMPLETED	0	2026-08-29 00:54:50.654	2026-08-29 00:54:50.750	2026-08-29 00:55:24.529	31.9s	2	6 GB	787.7 MB	7.8 GB	96.4%	1.3%	1.3 GB	69.6 MB
587	68/e1e73f	BGC_ANALYSIS:ANTISMASH_ANALYSIS:ANTISMASH (Pantoea_agglomerans_Pa17-5)	COMPLETED	0	2026-08-29 00:55:03.568	2026-08-29 00:55:03.665	2026-08-29 00:55:31.107	25.5s	2	6 GB	566.3 MB	7.9 GB	117.6%	0.9%	1.1 GB	51 MB
588	36/d9e22b	BGC_ANALYSIS:ANTISMASH_ANALYSIS:ANTISMASH (Pantoea_agglomerans_Pa21-13)	COMPLETED	0	2026-08-29 00:55:02.079	2026-08-29 00:55:02.175	2026-08-29 00:55:33.074	28.9s	2	6 GB	525.9 MB	7.8 GB	103.6%	0.8%	1.1 GB	50.8 MB
598	85/2f928f	BGC_ANALYSIS:ANTISMASH_ANALYSIS:ANTISMASH (Pantoea_agglomerans_Pa39-27)	COMPLETED	0	2026-08-29 00:54:59.864	2026-08-29 00:54:59.960	2026-08-29 00:55:41.489	39.6s	2	6 GB	483.7 MB	7.7 GB	98.6%	0.7%	1.7 GB	67.3 MB
592	b0/7e954d	BGC_ANALYSIS:ANTISMASH_ANALYSIS:ANTISMASH (Pantoea_agglomerans_Pa31-3)	COMPLETED	0	2026-08-29 00:55:08.852	2026-08-29 00:55:08.949	2026-08-29 00:55:50.829	39.9s	2	6 GB	510.4 MB	7.8 GB	101.7%	0.8%	1.7 GB	67.9 MB
591	9f/89683d	BGC_ANALYSIS:ANTISMASH_ANALYSIS:ANTISMASH (Pantoea_agglomerans_Pa21-5)	COMPLETED	0	2026-08-29 00:55:10.522	2026-08-29 00:55:10.619	2026-08-29 00:55:51.463	38.9s	2	6 GB	490.4 MB	7.7 GB	103.7%	0.8%	1.7 GB	65.3 MB
594	44/b99571	BGC_ANALYSIS:ANTISMASH_ANALYSIS:ANTISMASH (Pantoea_agglomerans_Pa39-1)	COMPLETED	0	2026-08-29 00:55:19.550	2026-08-29 00:55:19.647	2026-08-29 00:55:59.667	38.1s	2	6 GB	524.3 MB	7.7 GB	101.2%	0.8%	1.7 GB	66 MB
597	88/11bf07	BGC_ANALYSIS:ANTISMASH_ANALYSIS:ANTISMASH (Pantoea_agglomerans_Pa39-23)	COMPLETED	0	2026-08-29 00:55:24.533	2026-08-29 00:55:24.629	2026-08-29 00:55:59.835	33.3s	2	6 GB	496.7 MB	7.8 GB	102.0%	0.7%	1.4 GB	59.8 MB
599	3e/c6f10a	BGC_ANALYSIS:ANTISMASH_ANALYSIS:ANTISMASH (Pantoea_agglomerans_Pa39-3)	COMPLETED	0	2026-08-29 00:55:23.408	2026-08-29 00:55:23.505	2026-08-29 00:56:00.308	34.9s	2	6 GB	489.7 MB	7.7 GB	99.8%	0.7%	1.5 GB	60.8 MB
596	d8/215f47	BGC_ANALYSIS:ANTISMASH_ANALYSIS:ANTISMASH (Pantoea_agglomerans_Pa39-21)	COMPLETED	0	2026-08-29 00:55:31.112	2026-08-29 00:55:31.207	2026-08-29 00:56:06.275	33.2s	2	6 GB	490 MB	7.8 GB	101.3%	0.7%	1.4 GB	59.3 MB
595	e8/2c8b09	BGC_ANALYSIS:ANTISMASH_ANALYSIS:ANTISMASH (Pantoea_agglomerans_Pa39-14)	COMPLETED	0	2026-08-29 00:55:41.493	2026-08-29 00:55:41.590	2026-08-29 00:56:23.048	39.5s	2	6 GB	490.6 MB	7.7 GB	104.4%	0.7%	1.8 GB	69.4 MB
604	6c/0b4135	BGC_ANALYSIS:ANTISMASH_ANALYSIS:ANTISMASH (Pantoea_ananatis_FDAARGOS_680)	COMPLETED	0	2026-08-29 00:56:06.280	2026-08-29 00:56:06.375	2026-08-29 00:56:28.646	20.2s	2	6 GB	851.4 MB	7.9 GB	130.5%	1.3%	901.3 MB	62.1 MB
603	06/2e68ff	BGC_ANALYSIS:ANTISMASH_ANALYSIS:ANTISMASH (Pantoea_ananatis_B7)	COMPLETED	0	2026-08-29 00:55:33.077	2026-08-29 00:55:33.178	2026-08-29 00:56:33.452	58.4s	2	6 GB	4.7 GB	7.8 GB	108.8%	3.2%	10.5 GB	74.9 MB
614	51/ec8d50	BGC_ANALYSIS:ANTISMASH_ANALYSIS:ANTISMASH (Pantoea_brenneri_IIF5SW-B1)	COMPLETED	0	2026-08-29 00:55:50.833	2026-08-29 00:55:50.929	2026-08-29 00:56:38.433	45.6s	2	6 GB	680.2 MB	7.8 GB	94.9%	1.2%	2.2 GB	92.9 MB
600	70/59fcde	BGC_ANALYSIS:ANTISMASH_ANALYSIS:ANTISMASH (Pantoea_agglomerans_Pa39-5)	COMPLETED	0	2026-08-29 00:55:59.839	2026-08-29 00:55:59.935	2026-08-29 00:56:38.775	36.9s	2	6 GB	500.4 MB	7.7 GB	103.7%	0.7%	1.6 GB	64.5 MB
611	b2/f23cbf	BGC_ANALYSIS:ANTISMASH_ANALYSIS:ANTISMASH (Pantoea_brenneri_IF5SW-P2)	COMPLETED	0	2026-08-29 00:55:51.467	2026-08-29 00:55:51.564	2026-08-29 00:56:39.282	45.8s	2	6 GB	712.9 MB	7.8 GB	95.1%	1.3%	2.2 GB	93.4 MB
609	ae/6ca3b0	BGC_ANALYSIS:ANTISMASH_ANALYSIS:ANTISMASH (Pantoea_brenneri_IF5SW-B2)	COMPLETED	0	2026-08-29 00:55:59.672	2026-08-29 00:55:59.767	2026-08-29 00:56:48.752	47.1s	2	6 GB	669.2 MB	7.8 GB	95.5%	1.2%	2.3 GB	94.4 MB
601	2a/cf93b8	BGC_ANALYSIS:ANTISMASH_ANALYSIS:ANTISMASH (Pantoea_agglomerans_Pa39-7)	COMPLETED	0	2026-08-29 00:56:33.456	2026-08-29 00:56:33.552	2026-08-29 00:57:04.126	28.5s	2	6 GB	525.9 MB	7.8 GB	104.8%	0.7%	1.2 GB	53.1 MB
602	7e/6926af	BGC_ANALYSIS:ANTISMASH_ANALYSIS:ANTISMASH (Pantoea_allii_DOAB1050)	COMPLETED	0	2026-08-29 00:56:00.312	2026-08-29 00:56:00.408	2026-08-29 00:57:06.411	1m 4s	2	6 GB	4.8 GB	7.9 GB	108.3%	8.1%	11.8 GB	81.3 MB
606	4b/1524d6	BGC_ANALYSIS:ANTISMASH_ANALYSIS:ANTISMASH (Pantoea_ananatis_NRRL_B-14773)	COMPLETED	0	2026-08-29 00:56:28.650	2026-08-29 00:56:28.747	2026-08-29 00:57:09.430	38.6s	2	6 GB	713.8 MB	7.8 GB	94.1%	1.3%	1.7 GB	83.1 MB
612	ca/338282	BGC_ANALYSIS:ANTISMASH_ANALYSIS:ANTISMASH (Pantoea_brenneri_IFACSW-B3)	COMPLETED	0	2026-08-29 00:56:23.052	2026-08-29 00:56:23.149	2026-08-29 00:57:11.230	46s	2	6 GB	691.1 MB	7.8 GB	95.9%	1.2%	2.2 GB	93.4 MB
607	38/b1f7a9	BGC_ANALYSIS:ANTISMASH_ANALYSIS:ANTISMASH (Pantoea_beijingensis_ES4-1)	COMPLETED	0	2026-08-29 00:56:38.439	2026-08-29 00:56:38.533	2026-08-29 00:57:15.997	35.6s	2	6 GB	473.7 MB	7.7 GB	100.2%	0.7%	1.6 GB	59.3 MB
613	25/216bfe	BGC_ANALYSIS:ANTISMASH_ANALYSIS:ANTISMASH (Pantoea_brenneri_IFACSW-P2)	COMPLETED	0	2026-08-29 00:56:39.286	2026-08-29 00:56:39.382	2026-08-29 00:57:27.965	46.6s	2	6 GB	710.4 MB	7.8 GB	94.6%	1.3%	2.2 GB	93.9 MB
624	49/733f7e	BGC_ANALYSIS:ANTISMASH_ANALYSIS:ANTISMASH (Pantoea_eucalypti_Pv21-6)	COMPLETED	0	2026-08-29 00:57:04.130	2026-08-29 00:57:04.227	2026-08-29 00:57:35.992	29.9s	2	6 GB	508.7 MB	7.7 GB	105.4%	0.7%	1.3 GB	55 MB
610	af/d35447	BGC_ANALYSIS:ANTISMASH_ANALYSIS:ANTISMASH (Pantoea_brenneri_IF5SW-P1_2)	COMPLETED	0	2026-08-29 00:56:48.756	2026-08-29 00:56:48.853	2026-08-29 00:57:37.597	46.6s	2	6 GB	724.4 MB	7.8 GB	95.0%	1.3%	2.2 GB	93.4 MB
605	6a/398fc8	BGC_ANALYSIS:ANTISMASH_ANALYSIS:ANTISMASH (Pantoea_ananatis_M232A)	COMPLETED	0	2026-08-29 00:56:38.784	2026-08-29 00:56:38.875	2026-08-29 00:57:38.029	57.3s	2	6 GB	4.7 GB	7.8 GB	109.6%	3.6%	10.5 GB	74 MB
2747	db/20ba9c	BGC_ANALYSIS:ANTISMASH_ANALYSIS:ANTISMASH (Pantoea_agglomerans_C-211)	COMPLETED	0	2026-08-29 00:57:09.434	2026-08-29 00:57:09.531	2026-08-29 00:57:45.636	34.2s	2	6 GB	737.8 MB	7.8 GB	94.3%	1.2%	1.5 GB	75.6 MB
619	77/bd1eaa	BGC_ANALYSIS:ANTISMASH_ANALYSIS:ANTISMASH (Pantoea_brenneri_IIF5SW-P3)	COMPLETED	0	2026-08-29 00:57:06.414	2026-08-29 00:57:06.511	2026-08-29 00:57:54.670	46.1s	2	6 GB	710.1 MB	7.8 GB	94.5%	1.3%	2.2 GB	93.4 MB
615	90/49f15b	BGC_ANALYSIS:ANTISMASH_ANALYSIS:ANTISMASH (Pantoea_brenneri_IIF5SW-B2)	COMPLETED	0	2026-08-29 00:57:11.234	2026-08-29 00:57:11.330	2026-08-29 00:57:58.774	45.5s	2	6 GB	697.5 MB	7.8 GB	94.3%	1.2%	2.2 GB	92.4 MB
633	ae/8ef741	BGC_ANALYSIS:ANTISMASH_ANALYSIS:ANTISMASH (Pantoea_sp._WMus005)	COMPLETED	0	2026-08-29 00:57:38.033	2026-08-29 00:57:38.134	2026-08-29 00:58:01.547	21.5s	2	6 GB	717.1 MB	7.8 GB	110.1%	1.3%	916.8 MB	55.9 MB
608	49/001a0e	BGC_ANALYSIS:ANTISMASH_ANALYSIS:ANTISMASH (Pantoea_brenneri_IF5SW-B1)	COMPLETED	0	2026-08-29 00:57:16.001	2026-08-29 00:57:16.098	2026-08-29 00:58:04.236	46s	2	6 GB	695.4 MB	7.8 GB	94.4%	1.2%	2.2 GB	92.9 MB
616	a5/8003c8	BGC_ANALYSIS:ANTISMASH_ANALYSIS:ANTISMASH (Pantoea_brenneri_IIF5SW-B5)	COMPLETED	0	2026-08-29 00:57:27.968	2026-08-29 00:57:28.065	2026-08-29 00:58:16.316	46.3s	2	6 GB	717.4 MB	7.8 GB	94.9%	1.3%	2.2 GB	93.9 MB
630	38/04c852	BGC_ANALYSIS:ANTISMASH_ANALYSIS:ANTISMASH (Pantoea_pleuroti_JZB_2120015)	COMPLETED	0	2026-08-29 00:57:45.640	2026-08-29 00:57:45.736	2026-08-29 00:58:17.470	29.7s	2	6 GB	692.5 MB	7.8 GB	97.2%	1.3%	1.2 GB	67.5 MB
618	41/9f5f9b	BGC_ANALYSIS:ANTISMASH_ANALYSIS:ANTISMASH (Pantoea_brenneri_IIF5SW-P2)	COMPLETED	0	2026-08-29 00:57:35.997	2026-08-29 00:57:36.092	2026-08-29 00:58:24.298	46.3s	2	6 GB	694.9 MB	7.8 GB	95.6%	1.3%	2.2 GB	92.9 MB
617	60/6ac325	BGC_ANALYSIS:ANTISMASH_ANALYSIS:ANTISMASH (Pantoea_brenneri_IIF5SW-P1)	COMPLETED	0	2026-08-29 00:57:37.601	2026-08-29 00:57:37.698	2026-08-29 00:58:26.165	46.6s	2	6 GB	692.9 MB	7.8 GB	95.0%	1.2%	2.2 GB	93.9 MB
1877	09/ab4561	BGC_ANALYSIS:ANTISMASH_ANALYSIS:ANTISMASH (uncultured_Pantoea_sp._GCA_913774225.1)	COMPLETED	0	2026-08-29 00:57:54.674	2026-08-29 00:57:54.770	2026-08-29 00:58:28.221	31.5s	2	6 GB	505.4 MB	7.8 GB	102.3%	0.8%	1.3 GB	55.6 MB
635	3b/49b7f3	BGC_ANALYSIS:ANTISMASH_ANALYSIS:ANTISMASH (Pantoea_stewartii_NRRL_B-133)	COMPLETED	0	2026-08-29 00:58:04.240	2026-08-29 00:58:04.336	2026-08-29 00:58:33.816	27.5s	2	6 GB	727.9 MB	7.8 GB	104.0%	1.3%	1.2 GB	67.2 MB
634	ae/248287	BGC_ANALYSIS:ANTISMASH_ANALYSIS:ANTISMASH (Pantoea_stewartii_626)	COMPLETED	0	2026-08-29 00:58:16.320	2026-08-29 00:58:16.415	2026-08-29 00:58:45.075	26.7s	2	6 GB	704.6 MB	7.8 GB	99.1%	1.3%	1.1 GB	63.8 MB
621	e9/82eb21	BGC_ANALYSIS:ANTISMASH_ANALYSIS:ANTISMASH (Pantoea_brenneri_IIF5SW-P5)	COMPLETED	0	2026-08-29 00:57:58.778	2026-08-29 00:57:58.875	2026-08-29 00:58:47.401	46.5s	2	6 GB	723.4 MB	7.8 GB	94.3%	1.3%	2.2 GB	92.9 MB
626	0a/7e7d88	BGC_ANALYSIS:ANTISMASH_ANALYSIS:ANTISMASH (Pantoea_nemavictus_BIGb0393)	COMPLETED	0	2026-08-29 00:58:26.170	2026-08-29 00:58:26.265	2026-08-29 00:58:49.554	21.3s	2	6 GB	816.6 MB	7.8 GB	128.8%	1.4%	868.7 MB	60.4 MB
620	99/baef50	BGC_ANALYSIS:ANTISMASH_ANALYSIS:ANTISMASH (Pantoea_brenneri_IIF5SW-P4)	COMPLETED	0	2026-08-29 00:58:01.551	2026-08-29 00:58:01.647	2026-08-29 00:58:49.645	46.1s	2	6 GB	671.7 MB	7.8 GB	95.0%	1.2%	2.2 GB	93.4 MB
623	20/99aa57	BGC_ANALYSIS:ANTISMASH_ANALYSIS:ANTISMASH (Pantoea_dispersa_DSM_30073)	COMPLETED	0	2026-08-29 00:58:24.302	2026-08-29 00:58:24.399	2026-08-29 00:58:58.360	31.9s	2	6 GB	527.9 MB	7.8 GB	107.3%	0.8%	1.3 GB	56.2 MB
644	90/723b84	BGC_ANALYSIS:ANTISMASH_ANALYSIS:ANTISMASH (Duffyella_gerundensis_GCA_001517405.1)	COMPLETED	0	2026-08-29 00:58:45.079	2026-08-29 00:58:45.175	2026-08-29 00:59:05.204	18.1s	2	6 GB	729.1 MB	7.8 GB	131.7%	1.2%	783.1 MB	50.3 MB
622	ca/7dd9d9	BGC_ANALYSIS:ANTISMASH_ANALYSIS:ANTISMASH (Pantoea_brenneri_IIFCSG-B1)	COMPLETED	0	2026-08-29 00:58:17.474	2026-08-29 00:58:17.570	2026-08-29 00:59:06.807	47.3s	2	6 GB	692.8 MB	7.8 GB	94.2%	1.2%	2.2 GB	93.9 MB
627	04/ea2bd5	BGC_ANALYSIS:ANTISMASH_ANALYSIS:ANTISMASH (Pantoea_piersonii_F3-6B4)	COMPLETED	0	2026-08-29 00:58:33.820	2026-08-29 00:58:33.916	2026-08-29 00:59:10.216	34.3s	2	6 GB	680.2 MB	7.7 GB	94.4%	1.2%	1.5 GB	73.6 MB
625	af/577fed	BGC_ANALYSIS:ANTISMASH_ANALYSIS:ANTISMASH (Pantoea_hericii_JZB2120024)	COMPLETED	0	2026-08-29 00:58:47.404	2026-08-29 00:58:47.502	2026-08-29 00:59:14.335	24.9s	2	6 GB	505.6 MB	7.8 GB	105.5%	0.7%	980.3 MB	42.8 MB
628	f2/a7c53c	BGC_ANALYSIS:ANTISMASH_ANALYSIS:ANTISMASH (Pantoea_piersonii_F3-6B5)	COMPLETED	0	2026-08-29 00:58:49.648	2026-08-29 00:58:49.745	2026-08-29 00:59:27.682	36.1s	2	6 GB	682.2 MB	7.7 GB	95.0%	1.2%	1.6 GB	77.1 MB
645	c1/cfe1a6	BGC_ANALYSIS:ANTISMASH_ANALYSIS:ANTISMASH (Erwinia_billingiae_OSU19-1)	COMPLETED	0	2026-08-29 00:58:49.561	2026-08-29 00:58:49.646	2026-08-29 00:59:27.859	36.3s	2	6 GB	517.7 MB	7.7 GB	101.6%	0.8%	1.4 GB	64.3 MB
632	09/c6ffba	BGC_ANALYSIS:ANTISMASH_ANALYSIS:ANTISMASH (Pantoea_sp._MT58)	COMPLETED	0	2026-08-29 00:59:10.223	2026-08-29 00:59:10.316	2026-08-29 00:59:31.795	19.5s	2	6 GB	792.5 MB	7.8 GB	130.3%	1.4%	829.9 MB	55.6 MB
636	fd/e19f34	BGC_ANALYSIS:ANTISMASH_ANALYSIS:ANTISMASH (Paramixta_manurensis_PD-1)	COMPLETED	0	2026-08-29 00:59:14.345	2026-08-29 00:59:14.435	2026-08-29 00:59:34.337	17.9s	2	6 GB	766.7 MB	7.8 GB	134.0%	1.3%	797.4 MB	52.1 MB
629	d2/ed33c1	BGC_ANALYSIS:ANTISMASH_ANALYSIS:ANTISMASH (Pantoea_piersonii_IIIF_BACT_A)	COMPLETED	0	2026-08-29 00:58:58.365	2026-08-29 00:58:58.460	2026-08-29 00:59:34.455	33.9s	2	6 GB	724 MB	7.8 GB	97.0%	1.3%	1.5 GB	74.6 MB
640	18/edd490	BGC_ANALYSIS:ANTISMASH_ANALYSIS:ANTISMASH (Buchnera_aphidicola_Schlechtendalia_chinensis_SC)	COMPLETED	0	2026-08-29 00:59:27.687	2026-08-29 00:59:27.783	2026-08-29 00:59:34.871	5.1s	2	6 GB	202.1 MB	2.7 GB	106.9%	0.3%	233.7 MB	5.1 MB
637	9c/becc52	BGC_ANALYSIS:ANTISMASH_ANALYSIS:ANTISMASH (Buchnera_aphidicola_Aphis_glycines_BAg)	COMPLETED	0	2026-08-29 00:59:27.863	2026-08-29 00:59:27.960	2026-08-29 00:59:36.133	6.2s	2	6 GB	216.1 MB	2.7 GB	107.4%	0.3%	286.5 MB	9.3 MB
642	b4/fac3d1	BGC_ANALYSIS:ANTISMASH_ANALYSIS:ANTISMASH (Candidatus_Pantoea_carbekii_US)	COMPLETED	0	2026-08-29 00:59:34.875	2026-08-29 00:59:34.972	2026-08-29 00:59:45.195	8.3s	2	6 GB	479.4 MB	7.6 GB	104.5%	0.8%	367.1 MB	13.8 MB
639	a3/2c2440	BGC_ANALYSIS:ANTISMASH_ANALYSIS:ANTISMASH (Buchnera_aphidicola_Myzus_persicae_G006)	COMPLETED	0	2026-08-29 00:59:45.200	2026-08-29 00:59:45.295	2026-08-29 00:59:53.460	6.1s	2	6 GB	191.1 MB	2.7 GB	110.5%	0.3%	266.3 MB	7 MB
643	0e/6e9ec5	BGC_ANALYSIS:ANTISMASH_ANALYSIS:ANTISMASH (Candidatus_Pantoea_superficialis_UBA648)	COMPLETED	0	2026-08-29 00:58:28.225	2026-08-29 00:58:28.322	2026-08-29 00:59:54.362	1m 24s	2	6 GB	511.8 MB	7.7 GB	108.5%	0.8%	4.5 GB	128.3 MB
654	2e/0ead84	BGC_ANALYSIS:ANTISMASH_ANALYSIS:ANTISMASH (Pantoea_agglomerans_C410P1)	COMPLETED	0	2026-08-29 00:59:31.798	2026-08-29 00:59:31.896	2026-08-29 00:59:54.576	20.8s	2	6 GB	802.2 MB	7.8 GB	130.1%	1.3%	866.7 MB	59.4 MB
649	96/aa6220	BGC_ANALYSIS:ANTISMASH_ANALYSIS:ANTISMASH (Erwinia_tracheiphila_BuffGH)	COMPLETED	0	2026-08-29 00:59:34.342	2026-08-29 00:59:34.437	2026-08-29 00:59:54.820	18.5s	2	6 GB	778.4 MB	7.8 GB	126.3%	1.3%	807 MB	57.2 MB
631	8a/539d97	BGC_ANALYSIS:ANTISMASH_ANALYSIS:ANTISMASH (Pantoea_sp._B9002)	COMPLETED	0	2026-08-29 00:59:05.208	2026-08-29 00:59:05.304	2026-08-29 01:00:00.135	52.8s	2	6 GB	720.9 MB	7.8 GB	94.8%	1.3%	2.5 GB	104.7 MB
638	c9/35740f	BGC_ANALYSIS:ANTISMASH_ANALYSIS:ANTISMASH (Buchnera_aphidicola_Diuraphis_noxia_GCA_001700895.1)	COMPLETED	0	2026-08-29 00:59:54.366	2026-08-29 00:59:54.463	2026-08-29 01:00:01.743	5.4s	2	6 GB	208.7 MB	2.7 GB	106.4%	0.3%	242.8 MB	5.5 MB
656	6f/792d86	BGC_ANALYSIS:ANTISMASH_ANALYSIS:ANTISMASH (Pantoea_agglomerans_NBRC_102470)	COMPLETED	0	2026-08-29 00:59:36.136	2026-08-29 00:59:36.233	2026-08-29 01:00:06.839	28.8s	2	6 GB	490.9 MB	7.8 GB	103.9%	0.7%	1.2 GB	51.2 MB
662	81/6440b3	BGC_ANALYSIS:ANTISMASH_ANALYSIS:ANTISMASH (Pantoea_alhagi_LTYR-11Z)	COMPLETED	0	2026-08-29 01:00:00.138	2026-08-29 01:00:00.235	2026-08-29 01:00:19.933	17.5s	2	6 GB	784.1 MB	7.8 GB	131.7%	1.3%	742.1 MB	50.6 MB
651	a9/9ae8a2	BGC_ANALYSIS:ANTISMASH_ANALYSIS:ANTISMASH (Mixta_calida_LMG_25383)	COMPLETED	0	2026-08-29 00:59:06.811	2026-08-29 00:59:06.907	2026-08-29 01:00:39.006	1m 30s	2	6 GB	691.6 MB	7.8 GB	99.9%	1.2%	5.2 GB	159.8 MB
668	20/96ce4b	BGC_ANALYSIS:ANTISMASH_ANALYSIS:ANTISMASH (Pantoea_ananatis_NS296)	COMPLETED	0	2026-08-29 01:00:06.843	2026-08-29 01:00:06.939	2026-08-29 01:00:45.348	36.3s	2	6 GB	708.7 MB	7.8 GB	95.0%	1.3%	1.7 GB	77.3 MB
646	ae/99db12	BGC_ANALYSIS:ANTISMASH_ANALYSIS:ANTISMASH (Erwinia_persicina_NBRC_102418)	COMPLETED	0	2026-08-29 01:00:01.747	2026-08-29 01:00:01.843	2026-08-29 01:00:48.583	44.6s	2	6 GB	491.7 MB	7.8 GB	104.6%	0.8%	2 GB	73.1 MB
658	ad/544a0f	BGC_ANALYSIS:ANTISMASH_ANALYSIS:ANTISMASH (Pantoea_agglomerans_P5)	COMPLETED	0	2026-08-29 00:59:53.464	2026-08-29 00:59:53.560	2026-08-29 01:00:51.681	56.2s	2	6 GB	731.1 MB	7.8 GB	97.6%	1.3%	2.8 GB	109.2 MB
647	78/ac9c99	BGC_ANALYSIS:ANTISMASH_ANALYSIS:ANTISMASH (Erwinia_piriflorinigrans_CFBP_5888)	COMPLETED	0	2026-08-29 00:59:54.824	2026-08-29 00:59:54.920	2026-08-29 01:01:00.887	1m 4s	2	6 GB	4.8 GB	7.7 GB	115.7%	7.8%	16.7 GB	56 MB
669	ef/f5db28	BGC_ANALYSIS:ANTISMASH_ANALYSIS:ANTISMASH (Pantoea_ananatis_NS303)	COMPLETED	0	2026-08-29 01:00:19.937	2026-08-29 01:00:20.033	2026-08-29 01:01:02.368	40.2s	2	6 GB	663.8 MB	7.7 GB	96.4%	1.0%	1.9 GB	82.7 MB
663	d2/31118d	BGC_ANALYSIS:ANTISMASH_ANALYSIS:ANTISMASH (Pantoea_allii_LMG_24248)	COMPLETED	0	2026-08-29 00:59:54.581	2026-08-29 00:59:54.676	2026-08-29 01:01:06.831	1m 10s	2	6 GB	4.7 GB	7.8 GB	107.1%	5.1%	11.7 GB	89.6 MB
653	d4/7e7052	BGC_ANALYSIS:ANTISMASH_ANALYSIS:ANTISMASH (Pantoea_agglomerans_3)	COMPLETED	0	2026-08-29 01:00:45.353	2026-08-29 01:00:45.448	2026-08-29 01:01:07.935	20.1s	2	6 GB	806.1 MB	7.8 GB	129.6%	1.3%	846.5 MB	57 MB
648	7f/001d32	BGC_ANALYSIS:ANTISMASH_ANALYSIS:ANTISMASH (Erwinia_sp._Leaf53)	COMPLETED	0	2026-08-29 01:00:48.587	2026-08-29 01:00:48.683	2026-08-29 01:01:23.231	32.6s	2	6 GB	695.6 MB	7.8 GB	94.9%	1.3%	1.3 GB	71 MB
650	89/40f61a	BGC_ANALYSIS:ANTISMASH_ANALYSIS:ANTISMASH (Izhakiella_australiensis_D4N98)	COMPLETED	0	2026-08-29 01:00:39.010	2026-08-29 01:00:39.106	2026-08-29 01:01:23.878	42.7s	2	6 GB	720.3 MB	7.8 GB	96.8%	1.3%	1.9 GB	86.4 MB
655	6f/adbbc5	BGC_ANALYSIS:ANTISMASH_ANALYSIS:ANTISMASH (Pantoea_agglomerans_JM1)	COMPLETED	0	2026-08-29 01:00:51.686	2026-08-29 01:00:51.781	2026-08-29 01:01:24.675	30.9s	2	6 GB	743.8 MB	7.8 GB	98.5%	1.3%	1.3 GB	68.4 MB
657	db/1ed2eb	BGC_ANALYSIS:ANTISMASH_ANALYSIS:ANTISMASH (Pantoea_agglomerans_P10c)	COMPLETED	0	2026-08-29 01:01:00.891	2026-08-29 01:01:00.988	2026-08-29 01:01:31.526	28.3s	2	6 GB	690.8 MB	7.7 GB	94.9%	1.2%	1.1 GB	61.5 MB
660	39/9351d0	BGC_ANALYSIS:ANTISMASH_ANALYSIS:ANTISMASH (Pantoea_agglomerans_pv._betae_4188)	COMPLETED	0	2026-08-29 01:01:23.235	2026-08-29 01:01:23.331	2026-08-29 01:01:46.492	21.3s	2	6 GB	821.9 MB	7.8 GB	127.8%	1.4%	877 MB	61.8 MB
661	7d/ee17b0	BGC_ANALYSIS:ANTISMASH_ANALYSIS:ANTISMASH (Pantoea_agglomerans_pv._gypsophilae_824-1)	COMPLETED	0	2026-08-29 01:01:24.681	2026-08-29 01:01:24.775	2026-08-29 01:01:48.139	21.4s	2	6 GB	809.4 MB	7.8 GB	129.0%	1.3%	896.9 MB	62.5 MB
659	11/07675b	BGC_ANALYSIS:ANTISMASH_ANALYSIS:ANTISMASH (Pantoea_agglomerans_UBA1585)	COMPLETED	0	2026-08-29 01:01:06.835	2026-08-29 01:01:06.931	2026-08-29 01:01:54.043	45.1s	2	6 GB	472 MB	7.7 GB	102.6%	0.7%	2.1 GB	74.7 MB
666	c7/3ab17e	BGC_ANALYSIS:ANTISMASH_ANALYSIS:ANTISMASH (Pantoea_ananatis_AMG521)	COMPLETED	0	2026-08-29 01:01:23.882	2026-08-29 01:01:23.979	2026-08-29 01:02:05.679	39.8s	2	6 GB	506.3 MB	7.8 GB	104.2%	0.7%	1.8 GB	68.2 MB
667	ab/340b7e	BGC_ANALYSIS:ANTISMASH_ANALYSIS:ANTISMASH (Pantoea_ananatis_CFH_7-1)	COMPLETED	0	2026-08-29 01:01:48.143	2026-08-29 01:01:48.239	2026-08-29 01:02:09.503	19.4s	2	6 GB	740.7 MB	7.8 GB	121.8%	1.2%	816.3 MB	54.2 MB
676	b0/088e6a	BGC_ANALYSIS:ANTISMASH_ANALYSIS:ANTISMASH (Pantoea_ananatis_UBA1895)	COMPLETED	0	2026-08-29 01:01:31.531	2026-08-29 01:01:31.626	2026-08-29 01:02:14.872	41.1s	2	6 GB	488.2 MB	7.7 GB	102.5%	0.7%	1.8 GB	67.8 MB
665	3c/091e3d	BGC_ANALYSIS:ANTISMASH_ANALYSIS:ANTISMASH (Pantoea_ananatis_1.38)	COMPLETED	0	2026-08-29 01:01:46.497	2026-08-29 01:01:46.592	2026-08-29 01:02:18.352	29.8s	2	6 GB	489.3 MB	7.8 GB	102.2%	0.7%	1.2 GB	53.4 MB
664	60/060937	BGC_ANALYSIS:ANTISMASH_ANALYSIS:ANTISMASH (Pantoea_allii_LMG_24248_2)	COMPLETED	0	2026-08-29 01:01:07.939	2026-08-29 01:01:08.035	2026-08-29 01:02:18.411	1m 8s	2	6 GB	4.7 GB	7.8 GB	108.8%	3.3%	12 GB	86.3 MB
682	67/a97954	BGC_ANALYSIS:ANTISMASH_ANALYSIS:ANTISMASH (Pantoea_cypripedii_LMG_2657)	COMPLETED	0	2026-08-29 01:01:54.047	2026-08-29 01:01:54.143	2026-08-29 01:02:21.535	25.1s	2	6 GB	891.7 MB	7.9 GB	128.9%	1.5%	1 GB	75.8 MB
641	b7/158ed7	BGC_ANALYSIS:ANTISMASH_ANALYSIS:ANTISMASH (Candidatus_Erwinia_dacicola_IL)	COMPLETED	0	2026-08-29 00:59:34.458	2026-08-29 00:59:34.556	2026-08-29 01:02:56.897	3m 20s	2	6 GB	644.1 MB	7.7 GB	103.2%	1.0%	12.7 GB	331.2 MB
688	4b/f651b5	BGC_ANALYSIS:ANTISMASH_ANALYSIS:ANTISMASH (Pantoea_dispersa_RSA31)	COMPLETED	0	2026-08-29 01:02:21.539	2026-08-29 01:02:21.635	2026-08-29 01:03:02.942	39.4s	2	6 GB	687.4 MB	7.7 GB	98.9%	1.2%	1.9 GB	82.4 MB
671	91/0ab7e0	BGC_ANALYSIS:ANTISMASH_ANALYSIS:ANTISMASH (Pantoea_ananatis_R100)	COMPLETED	0	2026-08-29 01:02:14.877	2026-08-29 01:02:14.973	2026-08-29 01:03:03.604	46.5s	2	6 GB	4.8 GB	7.9 GB	128.8%	8.0%	9.9 GB	56.6 MB
679	10/882f44	BGC_ANALYSIS:ANTISMASH_ANALYSIS:ANTISMASH (Pantoea_brenneri_IF5SW-P1)	COMPLETED	0	2026-08-29 01:02:18.414	2026-08-29 01:02:18.510	2026-08-29 01:03:07.797	47.4s	2	6 GB	502.4 MB	7.8 GB	105.7%	0.7%	2.3 GB	80.5 MB
670	47/8b0545	BGC_ANALYSIS:ANTISMASH_ANALYSIS:ANTISMASH (Pantoea_ananatis_NS311)	COMPLETED	0	2026-08-29 01:02:09.507	2026-08-29 01:02:09.604	2026-08-29 01:03:17.353	1m 6s	2	6 GB	718.4 MB	7.8 GB	99.2%	1.3%	3.6 GB	123.2 MB
674	c4/a710b5	BGC_ANALYSIS:ANTISMASH_ANALYSIS:ANTISMASH (Pantoea_ananatis_S7)	COMPLETED	0	2026-08-29 01:02:05.683	2026-08-29 01:02:05.779	2026-08-29 01:03:20.681	1m 13s	2	6 GB	4.8 GB	7.9 GB	107.7%	7.2%	13.1 GB	88.5 MB
680	96/5cad30	BGC_ANALYSIS:ANTISMASH_ANALYSIS:ANTISMASH (Pantoea_brenneri_LMG_5343)	COMPLETED	0	2026-08-29 01:02:18.356	2026-08-29 01:02:18.411	2026-08-29 01:03:40.154	1m 20s	2	6 GB	716.4 MB	7.8 GB	99.4%	1.2%	4.3 GB	144.3 MB
687	87/5f0342	BGC_ANALYSIS:ANTISMASH_ANALYSIS:ANTISMASH (Pantoea_dispersa_NS389)	COMPLETED	0	2026-08-29 01:03:03.608	2026-08-29 01:03:03.704	2026-08-29 01:03:42.384	36.5s	2	6 GB	694.8 MB	7.8 GB	95.2%	1.2%	1.6 GB	76.4 MB
672	7c/7a8f2d	BGC_ANALYSIS:ANTISMASH_ANALYSIS:ANTISMASH (Pantoea_ananatis_RSA47)	COMPLETED	0	2026-08-29 01:03:07.802	2026-08-29 01:03:07.897	2026-08-29 01:03:44.399	34.3s	2	6 GB	712.2 MB	7.8 GB	97.0%	1.2%	1.6 GB	74.8 MB
678	59/90797f	BGC_ANALYSIS:ANTISMASH_ANALYSIS:ANTISMASH (Pantoea_anthophila_11-2)	COMPLETED	0	2026-08-29 01:03:17.357	2026-08-29 01:03:17.453	2026-08-29 01:03:44.577	25s	2	6 GB	672.4 MB	7.7 GB	101.4%	1.2%	1 GB	60.3 MB
675	3e/8eca53	BGC_ANALYSIS:ANTISMASH_ANALYSIS:ANTISMASH (Pantoea_ananatis_S8)	COMPLETED	0	2026-08-29 01:03:02.946	2026-08-29 01:03:03.042	2026-08-29 01:03:44.597	39.4s	2	6 GB	683.9 MB	7.7 GB	96.9%	1.3%	1.9 GB	79.7 MB
677	05/a9e85a	BGC_ANALYSIS:ANTISMASH_ANALYSIS:ANTISMASH (Pantoea_ananatis_YJ76)	COMPLETED	0	2026-08-29 01:02:56.901	2026-08-29 01:02:56.998	2026-08-29 01:03:48.478	49.6s	2	6 GB	4.7 GB	7.8 GB	126.4%	6.5%	10.9 GB	61.1 MB
652	2e/4357a0	BGC_ANALYSIS:ANTISMASH_ANALYSIS:ANTISMASH (Mixta_gaviniae_LMG_25382)	COMPLETED	0	2026-08-29 01:01:02.373	2026-08-29 01:01:02.468	2026-08-29 01:04:03.645	2m 59s	2	6 GB	752.4 MB	7.8 GB	102.8%	1.3%	11 GB	304.9 MB
685	3b/5d11c5	BGC_ANALYSIS:ANTISMASH_ANALYSIS:ANTISMASH (Pantoea_dispersa_NS375)	COMPLETED	0	2026-08-29 01:03:42.389	2026-08-29 01:03:42.484	2026-08-29 01:04:17.966	33.6s	2	6 GB	696.9 MB	7.8 GB	95.6%	1.3%	1.4 GB	72.9 MB
684	fd/9796a3	BGC_ANALYSIS:ANTISMASH_ANALYSIS:ANTISMASH (Pantoea_dispersa_NS215)	COMPLETED	0	2026-08-29 01:03:44.581	2026-08-29 01:03:44.597	2026-08-29 01:04:19.270	32.6s	2	6 GB	698.2 MB	7.7 GB	96.4%	1.2%	1.4 GB	71.8 MB
689	9a/86adc6	BGC_ANALYSIS:ANTISMASH_ANALYSIS:ANTISMASH (Pantoea_dispersa_SA2)	COMPLETED	0	2026-08-29 01:03:40.158	2026-08-29 01:03:40.255	2026-08-29 01:04:19.655	37.4s	2	6 GB	671.2 MB	7.7 GB	96.5%	1.2%	1.7 GB	80.1 MB
1033	e4/336d54	BGC_ANALYSIS:ANTISMASH_ANALYSIS:ANTISMASH (Pantoea_vagans_CTOTU47047)	COMPLETED	0	2026-08-29 01:03:44.403	2026-08-29 01:03:44.502	2026-08-29 01:04:20.942	34.5s	2	6 GB	502 MB	7.8 GB	106.7%	0.7%	1.4 GB	60.8 MB
692	9a/eb5403	BGC_ANALYSIS:ANTISMASH_ANALYSIS:ANTISMASH (Pantoea_dispersa_SA5)	COMPLETED	0	2026-08-29 01:03:44.601	2026-08-29 01:03:44.697	2026-08-29 01:04:32.908	46.3s	2	6 GB	692.8 MB	7.8 GB	96.4%	1.3%	2.3 GB	92.9 MB
681	73/92f325	BGC_ANALYSIS:ANTISMASH_ANALYSIS:ANTISMASH (Pantoea_conspicua_LMG_24534)	COMPLETED	0	2026-08-29 01:03:48.481	2026-08-29 01:03:48.578	2026-08-29 01:04:45.389	54.7s	2	6 GB	694.1 MB	7.8 GB	97.4%	1.2%	2.8 GB	102.1 MB
686	9b/87c411	BGC_ANALYSIS:ANTISMASH_ANALYSIS:ANTISMASH (Pantoea_dispersa_NS380)	COMPLETED	0	2026-08-29 01:04:03.650	2026-08-29 01:04:03.745	2026-08-29 01:04:51.920	46.1s	2	6 GB	704.6 MB	7.8 GB	97.2%	1.3%	2.3 GB	91.9 MB
702	09/839b67	BGC_ANALYSIS:ANTISMASH_ANALYSIS:ANTISMASH (Pantoea_septica_UBA2049)	COMPLETED	0	2026-08-29 01:04:17.970	2026-08-29 01:04:18.066	2026-08-29 01:04:53.710	33.7s	2	6 GB	475.3 MB	7.8 GB	101.4%	0.7%	1.5 GB	56.5 MB
703	8b/089dc8	BGC_ANALYSIS:ANTISMASH_ANALYSIS:ANTISMASH (Pantoea_septica_UBA2584)	COMPLETED	0	2026-08-29 01:04:20.946	2026-08-29 01:04:21.042	2026-08-29 01:04:55.272	32.3s	2	6 GB	478.1 MB	7.7 GB	101.1%	0.7%	1.4 GB	54.5 MB
690	3d/1ca4ad	BGC_ANALYSIS:ANTISMASH_ANALYSIS:ANTISMASH (Pantoea_dispersa_SA3)	COMPLETED	0	2026-08-29 01:04:19.659	2026-08-29 01:04:19.754	2026-08-29 01:05:06.182	44.6s	2	6 GB	697.7 MB	7.8 GB	96.0%	1.3%	2.2 GB	90.1 MB
695	c2/040ef0	BGC_ANALYSIS:ANTISMASH_ANALYSIS:ANTISMASH (Pantoea_eucrina_Russ)	COMPLETED	0	2026-08-29 01:04:51.924	2026-08-29 01:04:52.020	2026-08-29 01:05:14.376	20.2s	2	6 GB	559.7 MB	7.8 GB	116.9%	0.8%	805.8 MB	38.5 MB
683	d6/0a232b	BGC_ANALYSIS:ANTISMASH_ANALYSIS:ANTISMASH (Pantoea_deleyi_LMG_24200)	COMPLETED	0	2026-08-29 01:03:20.685	2026-08-29 01:03:20.782	2026-08-29 01:05:15.641	1m 53s	2	6 GB	719.9 MB	7.8 GB	100.7%	1.2%	6.5 GB	196.5 MB
704	e6/407a86	BGC_ANALYSIS:ANTISMASH_ANALYSIS:ANTISMASH (Pantoea_sp._1.19)	COMPLETED	0	2026-08-29 01:04:45.393	2026-08-29 01:04:45.489	2026-08-29 01:05:18.153	30.5s	2	6 GB	473.8 MB	7.7 GB	106.6%	0.7%	1.3 GB	49.1 MB
696	b9/4f1cce	BGC_ANALYSIS:ANTISMASH_ANALYSIS:ANTISMASH (Pantoea_latae_AS1)	COMPLETED	0	2026-08-29 01:04:55.275	2026-08-29 01:04:55.372	2026-08-29 01:05:37.031	39.6s	2	6 GB	681 MB	7.8 GB	95.3%	1.1%	1.8 GB	82.1 MB
694	39/ac1bc7	BGC_ANALYSIS:ANTISMASH_ANALYSIS:ANTISMASH (Pantoea_eucrina_LMG_5346)	COMPLETED	0	2026-08-29 01:04:53.713	2026-08-29 01:04:53.810	2026-08-29 01:05:42.093	46.2s	2	6 GB	637.6 MB	7.7 GB	98.4%	1.0%	2.4 GB	88.6 MB
712	e1/f88e81	BGC_ANALYSIS:ANTISMASH_ANALYSIS:ANTISMASH (Pantoea_sp._RIT-PI-b)	COMPLETED	0	2026-08-29 01:05:14.380	2026-08-29 01:05:14.476	2026-08-29 01:05:51.435	35s	2	6 GB	730 MB	7.8 GB	96.9%	1.3%	1.4 GB	74.8 MB
698	12/22a4d7	BGC_ANALYSIS:ANTISMASH_ANALYSIS:ANTISMASH (Pantoea_rwandensis_LMG_26275)	COMPLETED	0	2026-08-29 01:05:06.186	2026-08-29 01:05:06.283	2026-08-29 01:05:54.721	46.5s	2	6 GB	760.8 MB	7.8 GB	94.5%	1.3%	2.1 GB	95.7 MB
699	9c/6ced2b	BGC_ANALYSIS:ANTISMASH_ANALYSIS:ANTISMASH (Pantoea_septica_LMG_5345)	COMPLETED	0	2026-08-29 01:05:18.157	2026-08-29 01:05:18.253	2026-08-29 01:06:05.823	45.6s	2	6 GB	641.3 MB	7.7 GB	96.3%	1.0%	2.3 GB	88.8 MB
708	3b/1c6462	BGC_ANALYSIS:ANTISMASH_ANALYSIS:ANTISMASH (Pantoea_sp._BL1)	COMPLETED	0	2026-08-29 01:05:15.645	2026-08-29 01:05:15.741	2026-08-29 01:06:09.972	52.3s	2	6 GB	703.9 MB	7.8 GB	96.7%	1.3%	2.5 GB	103.4 MB
716	81/02b6dd	BGC_ANALYSIS:ANTISMASH_ANALYSIS:ANTISMASH (Pantoea_stewartii_A206)	COMPLETED	0	2026-08-29 01:05:51.439	2026-08-29 01:05:51.534	2026-08-29 01:06:21.626	28.1s	2	6 GB	502.5 MB	7.8 GB	104.0%	0.7%	1.1 GB	49.5 MB
697	7b/f4d32d	BGC_ANALYSIS:ANTISMASH_ANALYSIS:ANTISMASH (Pantoea_rodasii_LMG_26273)	COMPLETED	0	2026-08-29 01:05:37.034	2026-08-29 01:05:37.131	2026-08-29 01:06:22.960	43.9s	2	6 GB	798 MB	7.8 GB	97.4%	1.3%	2 GB	94.1 MB
673	0d/56f60d	BGC_ANALYSIS:ANTISMASH_ANALYSIS:ANTISMASH (Pantoea_ananatis_S6)	COMPLETED	0	2026-08-29 01:05:42.097	2026-08-29 01:05:42.193	2026-08-29 01:06:25.558	41.3s	2	6 GB	644.4 MB	7.7 GB	97.2%	1.0%	2 GB	82.6 MB
713	89/614d21	BGC_ANALYSIS:ANTISMASH_ANALYSIS:ANTISMASH (Pantoea_sp._SM3)	COMPLETED	0	2026-08-29 01:05:54.725	2026-08-29 01:05:54.821	2026-08-29 01:06:43.484	46.7s	2	6 GB	680.9 MB	7.8 GB	95.0%	1.2%	2.2 GB	94.1 MB
701	e7/f41229	BGC_ANALYSIS:ANTISMASH_ANALYSIS:ANTISMASH (Pantoea_septica_UBA1889)	COMPLETED	0	2026-08-29 01:04:19.273	2026-08-29 01:04:19.370	2026-08-29 01:06:45.260	2m 24s	2	6 GB	478.8 MB	7.6 GB	113.0%	0.7%	7.9 GB	209.1 MB
691	1a/224aa4	BGC_ANALYSIS:ANTISMASH_ANALYSIS:ANTISMASH (Pantoea_dispersa_SA4)	COMPLETED	0	2026-08-29 01:06:05.827	2026-08-29 01:06:05.923	2026-08-29 01:06:47.988	40.1s	2	6 GB	704.2 MB	7.8 GB	95.1%	1.3%	1.9 GB	83.2 MB
721	37/1d2ad5	BGC_ANALYSIS:ANTISMASH_ANALYSIS:ANTISMASH (Pantoea_stewartii_S301)	COMPLETED	0	2026-08-29 01:06:21.629	2026-08-29 01:06:21.726	2026-08-29 01:06:52.226	28.5s	2	6 GB	504.5 MB	7.8 GB	106.4%	0.7%	1.2 GB	50.6 MB
705	be/4481f2	BGC_ANALYSIS:ANTISMASH_ANALYSIS:ANTISMASH (Pantoea_sp._AMG_501)	COMPLETED	0	2026-08-29 01:06:25.562	2026-08-29 01:06:25.658	2026-08-29 01:07:00.213	32.6s	2	6 GB	717.3 MB	7.8 GB	98.5%	1.3%	1.4 GB	73.7 MB
725	08/d16570	BGC_ANALYSIS:ANTISMASH_ANALYSIS:ANTISMASH (Pantoea_vagans_ND02)	COMPLETED	0	2026-08-29 01:06:47.991	2026-08-29 01:06:48.088	2026-08-29 01:07:05.249	15.2s	2	6 GB	611.3 MB	7.3 GB	137.9%	1.0%	703.6 MB	31.1 MB
707	08/2b428a	BGC_ANALYSIS:ANTISMASH_ANALYSIS:ANTISMASH (Pantoea_sp._Ae16)	COMPLETED	0	2026-08-29 01:06:43.488	2026-08-29 01:06:43.584	2026-08-29 01:07:12.461	26.8s	2	6 GB	622.2 MB	7.7 GB	93.6%	1.0%	1.2 GB	58 MB
709	aa/281fc8	BGC_ANALYSIS:ANTISMASH_ANALYSIS:ANTISMASH (Pantoea_sp._CFSAN033090)	COMPLETED	0	2026-08-29 01:06:45.264	2026-08-29 01:06:45.360	2026-08-29 01:07:22.762	35.5s	2	6 GB	678.6 MB	7.8 GB	96.2%	1.2%	1.6 GB	77.2 MB
706	b0/a4ac68	BGC_ANALYSIS:ANTISMASH_ANALYSIS:ANTISMASH (Pantoea_sp._AV62)	COMPLETED	0	2026-08-29 01:06:52.230	2026-08-29 01:06:52.327	2026-08-29 01:07:34.627	40.3s	2	6 GB	679.4 MB	7.8 GB	96.6%	1.2%	1.9 GB	84.1 MB
717	36/b82712	BGC_ANALYSIS:ANTISMASH_ANALYSIS:ANTISMASH (Pantoea_stewartii_NS381)	COMPLETED	0	2026-08-29 01:07:00.217	2026-08-29 01:07:00.313	2026-08-29 01:07:37.090	34.6s	2	6 GB	705.8 MB	7.8 GB	95.7%	1.3%	1.5 GB	73.3 MB
710	1e/5ba98d	BGC_ANALYSIS:ANTISMASH_ANALYSIS:ANTISMASH (Pantoea_sp._FDAARGOS_194)	COMPLETED	0	2026-08-29 01:07:22.765	2026-08-29 01:07:22.862	2026-08-29 01:07:45.505	20.5s	2	6 GB	788 MB	7.8 GB	131.9%	1.4%	905.2 MB	59.2 MB
714	78/9ff435	BGC_ANALYSIS:ANTISMASH_ANALYSIS:ANTISMASH (Pantoea_sp._UBA2523_UBA2523)	COMPLETED	0	2026-08-29 01:06:09.976	2026-08-29 01:06:10.072	2026-08-29 01:07:49.760	1m 38s	2	6 GB	519.3 MB	7.7 GB	110.3%	0.8%	5.2 GB	147.1 MB
711	ee/c7c942	BGC_ANALYSIS:ANTISMASH_ANALYSIS:ANTISMASH (Pantoea_sp._OXWO6B1)	COMPLETED	0	2026-08-29 01:07:05.252	2026-08-29 01:07:05.350	2026-08-29 01:07:54.037	46.7s	2	6 GB	3.3 GB	7.9 GB	128.9%	5.0%	10.5 GB	62.6 MB
722	e6/422d0a	BGC_ANALYSIS:ANTISMASH_ANALYSIS:ANTISMASH (Pantoea_stewartii_subsp._stewartii_DC283_2)	COMPLETED	0	2026-08-29 01:07:34.631	2026-08-29 01:07:34.727	2026-08-29 01:08:00.323	23.6s	2	6 GB	855.2 MB	7.9 GB	124.9%	1.4%	1 GB	66.6 MB
700	eb/7a2aed	BGC_ANALYSIS:ANTISMASH_ANALYSIS:ANTISMASH (Pantoea_septica_UBA1650)	COMPLETED	0	2026-08-29 01:06:22.964	2026-08-29 01:06:23.061	2026-08-29 01:08:07.137	1m 42s	2	6 GB	511.6 MB	7.7 GB	110.3%	0.8%	5.5 GB	152.8 MB
715	ee/441aaf	BGC_ANALYSIS:ANTISMASH_ANALYSIS:ANTISMASH (Pantoea_sp._VS1)	COMPLETED	0	2026-08-29 01:07:12.465	2026-08-29 01:07:12.562	2026-08-29 01:08:14.495	59.9s	2	6 GB	729.4 MB	7.8 GB	99.1%	1.3%	3.1 GB	116.3 MB
731	9f/dc27c3	BGC_ANALYSIS:ANTISMASH_ANALYSIS:ANTISMASH (Tatumella_sp._UBA2305_UBA2305)	COMPLETED	0	2026-08-29 01:07:54.040	2026-08-29 01:07:54.137	2026-08-29 01:08:25.119	29s	2	6 GB	471.3 MB	7.7 GB	101.5%	0.7%	1.2 GB	48.4 MB
740	b2/8ff204	BGC_ANALYSIS:ANTISMASH_ANALYSIS:ANTISMASH (Buchnera_aphidicola_Chaitophorus_viminalis_NAM_Cha_2020)	COMPLETED	0	2026-08-29 01:08:25.123	2026-08-29 01:08:25.219	2026-08-29 01:08:34.545	7.1s	2	6 GB	197.4 MB	2.7 GB	106.5%	0.3%	327.7 MB	8.9 MB
724	60/deb9cf	BGC_ANALYSIS:ANTISMASH_ANALYSIS:ANTISMASH (Pantoea_vagans_FDAARGOS_160)	COMPLETED	0	2026-08-29 01:08:14.498	2026-08-29 01:08:14.595	2026-08-29 01:08:37.171	20.6s	2	6 GB	760.7 MB	7.8 GB	133.2%	1.3%	845.5 MB	57.3 MB
719	68/de3104	BGC_ANALYSIS:ANTISMASH_ANALYSIS:ANTISMASH (Pantoea_stewartii_RSA30)	COMPLETED	0	2026-08-29 01:08:00.326	2026-08-29 01:08:00.423	2026-08-29 01:08:43.877	41.4s	2	6 GB	685.5 MB	7.8 GB	96.3%	1.2%	1.9 GB	83.8 MB
718	b2/3faa91	BGC_ANALYSIS:ANTISMASH_ANALYSIS:ANTISMASH (Pantoea_stewartii_RSA13)	COMPLETED	0	2026-08-29 01:08:07.141	2026-08-29 01:08:07.237	2026-08-29 01:08:46.552	37.1s	2	6 GB	688.4 MB	7.8 GB	93.9%	1.3%	1.7 GB	77.1 MB
733	8c/708089	BGC_ANALYSIS:ANTISMASH_ANALYSIS:ANTISMASH (Winslowiella_iniecta_B149)	COMPLETED	0	2026-08-29 01:07:45.509	2026-08-29 01:07:45.605	2026-08-29 01:09:03.788	1m 16s	2	6 GB	4.7 GB	7.8 GB	109.3%	5.5%	12 GB	93 MB
735	72/77f867	BGC_ANALYSIS:ANTISMASH_ANALYSIS:ANTISMASH (bacteria_symbiont_BFo1_of_Frankliniella_occidentalis_Keele2)	COMPLETED	0	2026-08-29 01:07:49.764	2026-08-29 01:07:49.860	2026-08-29 01:09:05.581	1m 14s	2	6 GB	710.9 MB	7.8 GB	100.3%	1.3%	3.9 GB	133.4 MB
743	cc/4b29b3	BGC_ANALYSIS:ANTISMASH_ANALYSIS:ANTISMASH (Buchnera_aphidicola_Pemphigus_obesinymphae_NAM_Pem_2020)	COMPLETED	0	2026-08-29 01:08:46.555	2026-08-29 01:08:46.651	2026-08-29 01:09:06.469	17.8s	2	6 GB	202.5 MB	2.7 GB	107.6%	0.3%	1.1 GB	28.5 MB
720	fe/d5c088	BGC_ANALYSIS:ANTISMASH_ANALYSIS:ANTISMASH (Pantoea_stewartii_RSA36)	COMPLETED	0	2026-08-29 01:08:34.549	2026-08-29 01:08:34.645	2026-08-29 01:09:10.781	33.9s	2	6 GB	701.7 MB	7.8 GB	95.4%	1.3%	1.5 GB	73.6 MB
726	12/54e630	BGC_ANALYSIS:ANTISMASH_ANALYSIS:ANTISMASH (Pantoea_vagans_TYU1)	COMPLETED	0	2026-08-29 01:09:06.473	2026-08-29 01:09:06.569	2026-08-29 01:09:29.808	21.3s	2	6 GB	799.4 MB	7.8 GB	132.2%	1.3%	903.2 MB	59.3 MB
729	da/fc98b4	BGC_ANALYSIS:ANTISMASH_ANALYSIS:ANTISMASH (Tatumella_citrea_ATCC_39140)	COMPLETED	0	2026-08-29 01:09:10.785	2026-08-29 01:09:10.882	2026-08-29 01:09:31.629	18.6s	2	6 GB	804.7 MB	7.8 GB	135.6%	1.3%	765.5 MB	52.3 MB
745	b2/400240	BGC_ANALYSIS:ANTISMASH_ANALYSIS:ANTISMASH (Buchnera_aphidicola_Tabriz.9)	COMPLETED	0	2026-08-29 01:08:43.881	2026-08-29 01:08:43.977	2026-08-29 01:09:33.217	47.1s	2	6 GB	199.5 MB	2.7 GB	104.9%	0.3%	3 GB	73.5 MB
728	52/7ed508	BGC_ANALYSIS:ANTISMASH_ANALYSIS:ANTISMASH (Pantoea_wallisii_LMG_26277)	COMPLETED	0	2026-08-29 01:08:37.175	2026-08-29 01:08:37.271	2026-08-29 01:09:41.907	1m 3s	2	6 GB	708.5 MB	7.8 GB	99.1%	1.3%	3.4 GB	118.5 MB
693	54/42d7c8	BGC_ANALYSIS:ANTISMASH_ANALYSIS:ANTISMASH (Pantoea_dispersa_SUBG008)	COMPLETED	0	2026-08-29 01:04:32.912	2026-08-29 01:04:33.008	2026-08-29 01:09:45.223	5m 10s	2	6 GB	630.1 MB	7.7 GB	110.6%	1.0%	18.6 GB	454.6 MB
723	14/5dc9ae	BGC_ANALYSIS:ANTISMASH_ANALYSIS:ANTISMASH (Pantoea_vagans_848_PVAG)	COMPLETED	0	2026-08-29 01:07:37.093	2026-08-29 01:07:37.191	2026-08-29 01:09:47.110	2m 8s	2	6 GB	480.7 MB	7.6 GB	109.0%	0.7%	7 GB	194.4 MB
727	cc/e45464	BGC_ANALYSIS:ANTISMASH_ANALYSIS:ANTISMASH (Pantoea_vagans_ZBG6)	COMPLETED	0	2026-08-29 01:09:03.793	2026-08-29 01:09:03.888	2026-08-29 01:09:48.992	43.1s	2	6 GB	669.9 MB	7.7 GB	96.9%	1.2%	2.1 GB	87.2 MB
730	a3/b65b65	BGC_ANALYSIS:ANTISMASH_ANALYSIS:ANTISMASH (Tatumella_citrea_DSM_13699)	COMPLETED	0	2026-08-29 01:09:31.640	2026-08-29 01:09:31.741	2026-08-29 01:09:52.396	18.7s	2	6 GB	771.6 MB	7.8 GB	134.0%	1.3%	765.4 MB	52.3 MB
739	fd/38ec3a	BGC_ANALYSIS:ANTISMASH_ANALYSIS:ANTISMASH (Buchnera_aphidicola_Brevicoryne_brassicae_BSU_Bre_2018)	COMPLETED	0	2026-08-29 01:09:47.114	2026-08-29 01:09:47.210	2026-08-29 01:09:55.747	6.5s	2	6 GB	215.9 MB	2.7 GB	104.6%	0.3%	292.7 MB	10.1 MB
738	01/efa8db	BGC_ANALYSIS:ANTISMASH_ANALYSIS:ANTISMASH (Buchnera_aphidicola_Aphis_craccivora_BSU_Aph_2016)	COMPLETED	0	2026-08-29 01:09:48.996	2026-08-29 01:09:49.093	2026-08-29 01:09:57.723	6.6s	2	6 GB	214.5 MB	2.7 GB	106.1%	0.3%	291.2 MB	10 MB
742	5b/d28816	BGC_ANALYSIS:ANTISMASH_ANALYSIS:ANTISMASH (Buchnera_aphidicola_Myzus_persicae_BSU_Myz_2018)	COMPLETED	0	2026-08-29 01:09:52.400	2026-08-29 01:09:52.496	2026-08-29 01:10:01.398	6.7s	2	6 GB	213.6 MB	2.7 GB	103.8%	0.3%	292.7 MB	10.1 MB
748	96/f9f94e	BGC_ANALYSIS:ANTISMASH_ANALYSIS:ANTISMASH (Duffyella_gerundensis_HEN01)	COMPLETED	0	2026-08-29 01:09:41.911	2026-08-29 01:09:42.007	2026-08-29 01:10:03.437	19.3s	2	6 GB	563.3 MB	7.9 GB	124.6%	0.8%	767 MB	39.4 MB
751	c4/13415b	BGC_ANALYSIS:ANTISMASH_ANALYSIS:ANTISMASH (Erwinia_amylovora_CP200242)	COMPLETED	0	2026-08-29 01:09:45.226	2026-08-29 01:09:45.323	2026-08-29 01:10:04.263	16.9s	2	6 GB	698.2 MB	7.7 GB	129.5%	1.1%	668.5 MB	44.5 MB
741	ed/f02f26	BGC_ANALYSIS:ANTISMASH_ANALYSIS:ANTISMASH (Buchnera_aphidicola_Macrosiphum_albifrons_BSU_Mac_2017)	COMPLETED	0	2026-08-29 01:09:55.751	2026-08-29 01:09:55.848	2026-08-29 01:10:04.301	6.4s	2	6 GB	217.1 MB	2.7 GB	102.6%	0.3%	292 MB	10 MB
737	68/fc579b	BGC_ANALYSIS:ANTISMASH_ANALYSIS:ANTISMASH (Buchnera_aphidicola_Acyrthosiphon_caraganae_BSU_Acy_2015)	COMPLETED	0	2026-08-29 01:09:57.727	2026-08-29 01:09:57.823	2026-08-29 01:10:06.088	6.3s	2	6 GB	214.6 MB	2.7 GB	106.5%	0.3%	291.6 MB	10 MB
744	aa/74490f	BGC_ANALYSIS:ANTISMASH_ANALYSIS:ANTISMASH (Buchnera_aphidicola_Stegophylla_sp._TES_Ste_2020)	COMPLETED	0	2026-08-29 01:10:01.403	2026-08-29 01:10:01.498	2026-08-29 01:10:08.812	5.4s	2	6 GB	200.2 MB	2.7 GB	108.4%	0.3%	277.5 MB	7.2 MB
765	15/141cc7	BGC_ANALYSIS:ANTISMASH_ANALYSIS:ANTISMASH (Pantoea_agglomerans_AB378)	COMPLETED	0	2026-08-29 01:10:08.816	2026-08-29 01:10:08.913	2026-08-29 01:10:31.591	20.5s	2	6 GB	779.5 MB	7.8 GB	130.6%	1.4%	826.2 MB	57.8 MB
736	70/9d0a71	BGC_ANALYSIS:ANTISMASH_ANALYSIS:ANTISMASH (bacteria_symbiont_BFo1_of_Frankliniella_occidentalis_SwAb130)	COMPLETED	0	2026-08-29 01:09:29.813	2026-08-29 01:09:29.908	2026-08-29 01:10:32.156	1m	2	6 GB	704.5 MB	7.8 GB	97.5%	1.2%	2.9 GB	111.6 MB
756	ab/f4e13e	BGC_ANALYSIS:ANTISMASH_ANALYSIS:ANTISMASH (Erwinia_amylovora_S618-2-2)	COMPLETED	0	2026-08-29 01:10:04.266	2026-08-29 01:10:04.301	2026-08-29 01:10:35.538	29.3s	2	6 GB	647 MB	7.7 GB	96.4%	1.0%	1.2 GB	58.8 MB
757	50/befa54	BGC_ANALYSIS:ANTISMASH_ANALYSIS:ANTISMASH (Erwinia_billingiae_LS-1)	COMPLETED	0	2026-08-29 01:10:03.441	2026-08-29 01:10:03.538	2026-08-29 01:10:40.139	34.7s	2	6 GB	723.3 MB	7.8 GB	102.8%	1.3%	1.6 GB	78.2 MB
732	cb/0cd81d	BGC_ANALYSIS:ANTISMASH_ANALYSIS:ANTISMASH (Winslowiella_iniecta_B120)	COMPLETED	0	2026-08-29 01:09:33.223	2026-08-29 01:09:33.317	2026-08-29 01:10:48.134	1m 13s	2	6 GB	4.8 GB	7.8 GB	107.4%	8.2%	11.7 GB	84.8 MB
749	ee/80b33a	BGC_ANALYSIS:ANTISMASH_ANALYSIS:ANTISMASH (Duffyella_gerundensis_HEP01)	COMPLETED	0	2026-08-29 01:10:40.143	2026-08-29 01:10:40.239	2026-08-29 01:11:04.590	21.8s	2	6 GB	581.9 MB	7.9 GB	123.5%	0.9%	766.7 MB	39.6 MB
747	b0/ff8acc	BGC_ANALYSIS:ANTISMASH_ANALYSIS:ANTISMASH (Curtobacterium_plantarum_RIT-PI-Z)	COMPLETED	0	2026-08-29 01:10:32.160	2026-08-29 01:10:32.257	2026-08-29 01:11:06.807	32.5s	2	6 GB	514.9 MB	7.8 GB	105.5%	0.7%	1.3 GB	54.9 MB
761	81/377343	BGC_ANALYSIS:ANTISMASH_ANALYSIS:ANTISMASH (Erwinia_pyrifoliae_CP201264)	COMPLETED	0	2026-08-29 01:10:48.137	2026-08-29 01:10:48.235	2026-08-29 01:11:09.685	19.2s	2	6 GB	786.1 MB	7.8 GB	127.1%	1.3%	740.8 MB	50.7 MB
746	0c/36bb30	BGC_ANALYSIS:ANTISMASH_ANALYSIS:ANTISMASH (Curtobacterium_plantarum_RIT-As-4)	COMPLETED	0	2026-08-29 01:10:35.542	2026-08-29 01:10:35.638	2026-08-29 01:11:09.831	32.1s	2	6 GB	719 MB	7.8 GB	97.2%	1.3%	1.2 GB	69 MB
759	72/35c10a	BGC_ANALYSIS:ANTISMASH_ANALYSIS:ANTISMASH (Erwinia_psidii_LPF_640)	COMPLETED	0	2026-08-29 01:10:04.305	2026-08-29 01:10:04.401	2026-08-29 01:11:10.169	1m 4s	2	6 GB	4.8 GB	7.8 GB	109.2%	6.1%	11.4 GB	67.5 MB
762	7e/0e93e8	BGC_ANALYSIS:ANTISMASH_ANALYSIS:ANTISMASH (Erwinia_sp._INIA01)	COMPLETED	0	2026-08-29 01:10:31.595	2026-08-29 01:10:31.691	2026-08-29 01:11:18.125	44.5s	2	6 GB	757.3 MB	7.8 GB	95.7%	1.3%	1.7 GB	87 MB
760	36/cb0b93	BGC_ANALYSIS:ANTISMASH_ANALYSIS:ANTISMASH (Erwinia_psidii_LPF_681)	COMPLETED	0	2026-08-29 01:10:06.092	2026-08-29 01:10:06.188	2026-08-29 01:11:27.393	1m 19s	2	6 GB	4.7 GB	7.7 GB	106.3%	6.6%	12.1 GB	85.1 MB
734	31/96d7a4	BGC_ANALYSIS:ANTISMASH_ANALYSIS:ANTISMASH (bacteria_symbiont_BFo1_of_Frankliniella_occidentalis_BFo1)	COMPLETED	0	2026-08-29 01:09:05.585	2026-08-29 01:09:05.681	2026-08-29 01:11:28.421	2m 21s	2	6 GB	719.8 MB	7.8 GB	100.4%	1.2%	7.8 GB	229.5 MB
763	5d/d3884c	BGC_ANALYSIS:ANTISMASH_ANALYSIS:ANTISMASH (Pantoea_agglomerans_540Y)	COMPLETED	0	2026-08-29 01:11:04.593	2026-08-29 01:11:04.691	2026-08-29 01:11:29.385	22.6s	2	6 GB	834.9 MB	7.9 GB	121.5%	1.3%	860.1 MB	62.5 MB
753	cf/afec58	BGC_ANALYSIS:ANTISMASH_ANALYSIS:ANTISMASH (Erwinia_amylovora_Ea102)	COMPLETED	0	2026-08-29 01:11:09.835	2026-08-29 01:11:09.932	2026-08-29 01:11:31.286	18.9s	2	6 GB	735.6 MB	7.8 GB	129.8%	1.3%	699.3 MB	47.1 MB
750	f9/6d256d	BGC_ANALYSIS:ANTISMASH_ANALYSIS:ANTISMASH (Erwinia_amylovora_99east-3-1)	COMPLETED	0	2026-08-29 01:11:10.173	2026-08-29 01:11:10.271	2026-08-29 01:11:31.379	18.6s	2	6 GB	739.4 MB	7.8 GB	129.9%	1.2%	670.6 MB	45.9 MB
754	19/2050ac	BGC_ANALYSIS:ANTISMASH_ANALYSIS:ANTISMASH (Erwinia_amylovora_Ea914)	COMPLETED	0	2026-08-29 01:11:09.688	2026-08-29 01:11:09.785	2026-08-29 01:11:41.143	29s	2	6 GB	621.3 MB	7.7 GB	96.9%	1.0%	1.1 GB	55.6 MB
755	ec/2eaec5	BGC_ANALYSIS:ANTISMASH_ANALYSIS:ANTISMASH (Erwinia_amylovora_Ea915)	COMPLETED	0	2026-08-29 01:11:27.398	2026-08-29 01:11:27.493	2026-08-29 01:11:47.471	17.7s	2	6 GB	722.7 MB	7.8 GB	131.9%	1.1%	670.6 MB	45.9 MB
752	ea/6729f7	BGC_ANALYSIS:ANTISMASH_ANALYSIS:ANTISMASH (Erwinia_amylovora_Ea101)	COMPLETED	0	2026-08-29 01:11:18.129	2026-08-29 01:11:18.225	2026-08-29 01:11:52.097	31.6s	2	6 GB	659.2 MB	7.7 GB	96.3%	1.1%	1.2 GB	58.5 MB
764	ad/9f83c5	BGC_ANALYSIS:ANTISMASH_ANALYSIS:ANTISMASH (Pantoea_agglomerans_553Y)	COMPLETED	0	2026-08-29 01:11:29.389	2026-08-29 01:11:29.485	2026-08-29 01:11:53.024	21.5s	2	6 GB	838.6 MB	7.9 GB	122.7%	1.4%	852.7 MB	61.4 MB
767	c1/c7b246	BGC_ANALYSIS:ANTISMASH_ANALYSIS:ANTISMASH (Pantoea_agglomerans_RIT-PI-T)	COMPLETED	0	2026-08-29 01:11:31.291	2026-08-29 01:11:31.379	2026-08-29 01:12:10.014	36.7s	2	6 GB	500.7 MB	7.8 GB	103.3%	0.7%	1.4 GB	59 MB
770	82/610cad	BGC_ANALYSIS:ANTISMASH_ANALYSIS:ANTISMASH (Pantoea_ananatis_07-13)	COMPLETED	0	2026-08-29 01:11:06.812	2026-08-29 01:11:06.907	2026-08-29 01:12:13.711	1m 5s	2	6 GB	4.6 GB	7.8 GB	112.5%	8.0%	10.9 GB	57 MB
772	75/ecfbb1	BGC_ANALYSIS:ANTISMASH_ANALYSIS:ANTISMASH (Pantoea_ananatis_14-2)	COMPLETED	0	2026-08-29 01:11:47.476	2026-08-29 01:11:47.571	2026-08-29 01:12:31.277	41.7s	2	6 GB	501.8 MB	7.8 GB	101.9%	0.7%	1.6 GB	63.1 MB
758	3a/520fec	BGC_ANALYSIS:ANTISMASH_ANALYSIS:ANTISMASH (Erwinia_psidii_LPF_534)	COMPLETED	0	2026-08-29 01:11:28.426	2026-08-29 01:11:28.521	2026-08-29 01:12:44.214	1m 14s	2	6 GB	4.7 GB	7.8 GB	107.0%	5.2%	11.7 GB	73.4 MB
766	d4/180f08	BGC_ANALYSIS:ANTISMASH_ANALYSIS:ANTISMASH (Pantoea_agglomerans_CB1)	COMPLETED	0	2026-08-29 01:11:31.382	2026-08-29 01:11:31.480	2026-08-29 01:12:44.363	1m 11s	2	6 GB	3.3 GB	7.8 GB	129.8%	5.7%	22.4 GB	61 MB
781	1f/be695c	BGC_ANALYSIS:ANTISMASH_ANALYSIS:ANTISMASH (Pantoea_ananatis_200-3)	COMPLETED	0	2026-08-29 01:12:13.714	2026-08-29 01:12:13.810	2026-08-29 01:12:52.754	36.3s	2	6 GB	504.7 MB	7.7 GB	108.4%	0.7%	1.4 GB	59.3 MB
769	91/344120	BGC_ANALYSIS:ANTISMASH_ANALYSIS:ANTISMASH (Pantoea_ananatis_06-1)	COMPLETED	0	2026-08-29 01:11:52.102	2026-08-29 01:11:52.197	2026-08-29 01:12:57.411	1m 3s	2	6 GB	4.6 GB	7.8 GB	111.9%	7.4%	10.2 GB	52.5 MB
774	41/4aece7	BGC_ANALYSIS:ANTISMASH_ANALYSIS:ANTISMASH (Pantoea_ananatis_18-1)	COMPLETED	0	2026-08-29 01:11:53.030	2026-08-29 01:11:53.125	2026-08-29 01:12:58.764	1m 3s	2	6 GB	4.7 GB	7.9 GB	116.4%	5.9%	10.2 GB	52.6 MB
771	17/8ad845	BGC_ANALYSIS:ANTISMASH_ANALYSIS:ANTISMASH (Pantoea_ananatis_07-7)	COMPLETED	0	2026-08-29 01:12:10.024	2026-08-29 01:12:10.114	2026-08-29 01:13:11.302	59s	2	6 GB	3.2 GB	7.8 GB	114.0%	4.3%	10.3 GB	53.5 MB
768	48/a784c9	BGC_ANALYSIS:ANTISMASH_ANALYSIS:ANTISMASH (Pantoea_ananatis_02-12)	COMPLETED	0	2026-08-29 01:11:41.147	2026-08-29 01:11:41.243	2026-08-29 01:13:14.465	1m 31s	2	6 GB	4.7 GB	7.8 GB	119.8%	5.2%	23.1 GB	57.8 MB
783	39/4da91d	BGC_ANALYSIS:ANTISMASH_ANALYSIS:ANTISMASH (Pantoea_ananatis_200-8)	COMPLETED	0	2026-08-29 01:12:44.367	2026-08-29 01:12:44.463	2026-08-29 01:13:20.069	33.6s	2	6 GB	535.2 MB	7.8 GB	107.5%	0.7%	1.4 GB	58.8 MB
776	f4/e6b1cf	BGC_ANALYSIS:ANTISMASH_ANALYSIS:ANTISMASH (Pantoea_ananatis_18-5)	COMPLETED	0	2026-08-29 01:12:31.283	2026-08-29 01:12:31.378	2026-08-29 01:13:32.545	58.3s	2	6 GB	4.7 GB	7.8 GB	113.1%	5.5%	10.3 GB	53.1 MB
784	3e/a0c14c	BGC_ANALYSIS:ANTISMASH_ANALYSIS:ANTISMASH (Pantoea_ananatis_26SR6)	COMPLETED	0	2026-08-29 01:12:44.219	2026-08-29 01:12:44.315	2026-08-29 01:13:40.194	53.8s	2	6 GB	4.7 GB	7.8 GB	110.9%	5.6%	10.1 GB	63.9 MB
778	bc/f12e45	BGC_ANALYSIS:ANTISMASH_ANALYSIS:ANTISMASH (Pantoea_ananatis_18-9S)	COMPLETED	0	2026-08-29 01:12:57.415	2026-08-29 01:12:57.511	2026-08-29 01:13:41.379	41.7s	2	6 GB	490.4 MB	7.7 GB	100.3%	0.7%	1.7 GB	66.7 MB
773	44/fcbd77	BGC_ANALYSIS:ANTISMASH_ANALYSIS:ANTISMASH (Pantoea_ananatis_17671)	COMPLETED	0	2026-08-29 01:13:11.306	2026-08-29 01:13:11.401	2026-08-29 01:13:53.686	40s	2	6 GB	721.7 MB	7.8 GB	94.9%	1.3%	1.8 GB	81.5 MB
775	c7/7ff84f	BGC_ANALYSIS:ANTISMASH_ANALYSIS:ANTISMASH (Pantoea_ananatis_18-3S)	COMPLETED	0	2026-08-29 01:12:52.758	2026-08-29 01:12:52.855	2026-08-29 01:13:55.888	1m 1s	2	6 GB	4.6 GB	7.8 GB	112.3%	4.3%	10.4 GB	57.2 MB
793	ac/0c817b	BGC_ANALYSIS:ANTISMASH_ANALYSIS:ANTISMASH (Pantoea_ananatis_FU-01)	COMPLETED	0	2026-08-29 01:13:20.073	2026-08-29 01:13:20.169	2026-08-29 01:14:09.703	47.3s	2	6 GB	4.8 GB	7.9 GB	125.5%	7.2%	10.4 GB	55 MB
780	50/fd37b1	BGC_ANALYSIS:ANTISMASH_ANALYSIS:ANTISMASH (Pantoea_ananatis_200-11)	COMPLETED	0	2026-08-29 01:13:14.469	2026-08-29 01:13:14.566	2026-08-29 01:14:15.838	59.1s	2	6 GB	4.7 GB	7.8 GB	112.7%	7.8%	10.4 GB	56 MB
797	27/0bc4aa	BGC_ANALYSIS:ANTISMASH_ANALYSIS:ANTISMASH (Pantoea_ananatis_HR1-67)	COMPLETED	0	2026-08-29 01:13:55.893	2026-08-29 01:13:55.988	2026-08-29 01:14:28.939	30.9s	2	6 GB	662.6 MB	7.7 GB	95.7%	1.0%	1.3 GB	65.2 MB
788	8e/2bfa39	BGC_ANALYSIS:ANTISMASH_ANALYSIS:ANTISMASH (Pantoea_ananatis_99-22)	COMPLETED	0	2026-08-29 01:13:53.691	2026-08-29 01:13:53.786	2026-08-29 01:14:30.377	34.4s	2	6 GB	514 MB	7.8 GB	101.8%	0.7%	1.4 GB	59 MB
792	74/b8b43c	BGC_ANALYSIS:ANTISMASH_ANALYSIS:ANTISMASH (Pantoea_ananatis_Cit30-11)	COMPLETED	0	2026-08-29 01:13:40.198	2026-08-29 01:13:40.295	2026-08-29 01:14:38.565	56.1s	2	6 GB	4.7 GB	7.8 GB	110.5%	5.2%	10.2 GB	64.4 MB
787	3a/444dec	BGC_ANALYSIS:ANTISMASH_ANALYSIS:ANTISMASH (Pantoea_ananatis_99-18)	COMPLETED	0	2026-08-29 01:13:32.550	2026-08-29 01:13:32.645	2026-08-29 01:14:40.317	1m 6s	2	6 GB	4.7 GB	7.8 GB	109.4%	6.8%	10.7 GB	63.8 MB
795	b8/b2e10c	BGC_ANALYSIS:ANTISMASH_ANALYSIS:ANTISMASH (Pantoea_ananatis_HR1-120)	COMPLETED	0	2026-08-29 01:14:09.708	2026-08-29 01:14:09.803	2026-08-29 01:14:42.138	30.3s	2	6 GB	692.1 MB	7.7 GB	95.3%	1.2%	1.3 GB	63.8 MB
782	d8/6d372f	BGC_ANALYSIS:ANTISMASH_ANALYSIS:ANTISMASH (Pantoea_ananatis_200-7)	COMPLETED	0	2026-08-29 01:13:41.384	2026-08-29 01:13:41.479	2026-08-29 01:14:43.931	1m	2	6 GB	4.7 GB	7.8 GB	112.0%	5.5%	10.8 GB	54.7 MB
794	e8/8960b0	BGC_ANALYSIS:ANTISMASH_ANALYSIS:ANTISMASH (Pantoea_ananatis_HR1-105)	COMPLETED	0	2026-08-29 01:14:28.944	2026-08-29 01:14:29.039	2026-08-29 01:15:01.959	30.8s	2	6 GB	670.4 MB	7.7 GB	96.5%	1.1%	1.3 GB	65.2 MB
804	0a/82f645	BGC_ANALYSIS:ANTISMASH_ANALYSIS:ANTISMASH (Pantoea_ananatis_JT1-187)	COMPLETED	0	2026-08-29 01:14:30.381	2026-08-29 01:14:30.478	2026-08-29 01:15:08.518	35.9s	2	6 GB	693.4 MB	7.7 GB	95.2%	1.2%	1.6 GB	74.5 MB
796	26/132f8b	BGC_ANALYSIS:ANTISMASH_ANALYSIS:ANTISMASH (Pantoea_ananatis_HR1-30)	COMPLETED	0	2026-08-29 01:14:38.570	2026-08-29 01:14:38.665	2026-08-29 01:15:09.578	28.7s	2	6 GB	634.6 MB	7.7 GB	98.9%	1.0%	1.2 GB	63.1 MB
785	89/cf32a1	BGC_ANALYSIS:ANTISMASH_ANALYSIS:ANTISMASH (Pantoea_ananatis_3.2.1)	COMPLETED	0	2026-08-29 01:14:40.321	2026-08-29 01:14:40.417	2026-08-29 01:15:13.624	31s	2	6 GB	702.5 MB	7.8 GB	97.7%	1.3%	1.3 GB	67.9 MB
789	64/14c54d	BGC_ANALYSIS:ANTISMASH_ANALYSIS:ANTISMASH (Pantoea_ananatis_99-26)	COMPLETED	0	2026-08-29 01:14:43.935	2026-08-29 01:14:44.031	2026-08-29 01:15:19.505	33.4s	2	6 GB	506.6 MB	7.8 GB	104.5%	0.7%	1.3 GB	57.1 MB
805	0b/ac536f	BGC_ANALYSIS:ANTISMASH_ANALYSIS:ANTISMASH (Pantoea_ananatis_JT1-188)	COMPLETED	0	2026-08-29 01:15:01.963	2026-08-29 01:15:02.059	2026-08-29 01:15:24.724	20.7s	2	6 GB	789.8 MB	7.8 GB	129.1%	1.3%	901.5 MB	61.9 MB
803	46/c533f1	BGC_ANALYSIS:ANTISMASH_ANALYSIS:ANTISMASH (Pantoea_ananatis_JT1-181)	COMPLETED	0	2026-08-29 01:14:42.142	2026-08-29 01:14:42.238	2026-08-29 01:15:24.731	40.3s	2	6 GB	751.4 MB	7.8 GB	96.7%	1.3%	1.8 GB	88.7 MB
779	83/bc44fb	BGC_ANALYSIS:ANTISMASH_ANALYSIS:ANTISMASH (Pantoea_ananatis_2-8)	COMPLETED	0	2026-08-29 01:14:15.843	2026-08-29 01:14:15.938	2026-08-29 01:15:34.560	1m 17s	2	6 GB	4.7 GB	7.9 GB	125.6%	5.5%	23 GB	55.4 MB
798	6e/4c0c72	BGC_ANALYSIS:ANTISMASH_ANALYSIS:ANTISMASH (Pantoea_ananatis_HR1-86)	COMPLETED	0	2026-08-29 01:15:19.509	2026-08-29 01:15:19.605	2026-08-29 01:15:51.467	29.7s	2	6 GB	665.6 MB	7.7 GB	97.6%	1.1%	1.3 GB	64.3 MB
1028	09/e5900e	BGC_ANALYSIS:ANTISMASH_ANALYSIS:ANTISMASH (Pantoea_stewartii_subsp._stewartii_49472_2__18)	COMPLETED	0	2026-08-29 01:15:24.735	2026-08-29 01:15:24.831	2026-08-29 01:15:54.253	27.4s	2	6 GB	571.3 MB	7.9 GB	119.7%	1.0%	1.2 GB	57.7 MB
807	91/1337fd	BGC_ANALYSIS:ANTISMASH_ANALYSIS:ANTISMASH (Pantoea_ananatis_JT6-12)	COMPLETED	0	2026-08-29 01:15:24.728	2026-08-29 01:15:24.732	2026-08-29 01:16:04.407	37.6s	2	6 GB	691.3 MB	7.8 GB	95.3%	1.2%	1.7 GB	77.3 MB
790	77/3a2338	BGC_ANALYSIS:ANTISMASH_ANALYSIS:ANTISMASH (Pantoea_ananatis_99-33)	COMPLETED	0	2026-08-29 01:15:09.582	2026-08-29 01:15:09.678	2026-08-29 01:16:13.424	1m 2s	2	6 GB	3.2 GB	7.8 GB	113.6%	4.1%	11.1 GB	62.2 MB
786	af/9d6112	BGC_ANALYSIS:ANTISMASH_ANALYSIS:ANTISMASH (Pantoea_ananatis_4-1)	COMPLETED	0	2026-08-29 01:15:13.628	2026-08-29 01:15:13.724	2026-08-29 01:16:19.334	1m 4s	2	6 GB	4.7 GB	7.8 GB	109.8%	5.2%	8.8 GB	66.1 MB
791	95/2b69a7	BGC_ANALYSIS:ANTISMASH_ANALYSIS:ANTISMASH (Pantoea_ananatis_99-4)	COMPLETED	0	2026-08-29 01:15:08.523	2026-08-29 01:15:08.618	2026-08-29 01:16:24.129	1m 14s	2	6 GB	4.7 GB	8 GB	118.4%	5.4%	19.4 GB	60.5 MB
802	83/38a4f0	BGC_ANALYSIS:ANTISMASH_ANALYSIS:ANTISMASH (Pantoea_ananatis_JT1-175)	COMPLETED	0	2026-08-29 01:15:54.258	2026-08-29 01:15:54.353	2026-08-29 01:16:25.915	29.6s	2	6 GB	693.8 MB	7.8 GB	100.4%	1.3%	1.3 GB	65.3 MB
819	c7/69e6ba	BGC_ANALYSIS:ANTISMASH_ANALYSIS:ANTISMASH (Pantoea_dispersa_VWJL.P1)	COMPLETED	0	2026-08-29 01:16:04.410	2026-08-29 01:16:04.507	2026-08-29 01:16:27.095	20.5s	2	6 GB	794.3 MB	7.8 GB	130.7%	1.3%	826.5 MB	58.8 MB
806	0b/42d8c5	BGC_ANALYSIS:ANTISMASH_ANALYSIS:ANTISMASH (Pantoea_ananatis_JT1-190)	COMPLETED	0	2026-08-29 01:15:51.471	2026-08-29 01:15:51.567	2026-08-29 01:16:29.112	35.6s	2	6 GB	710.6 MB	7.8 GB	94.1%	1.3%	1.6 GB	74.5 MB
815	73/32bcb7	BGC_ANALYSIS:ANTISMASH_ANALYSIS:ANTISMASH (Pantoea_dispersa_JL.02bL)	COMPLETED	0	2026-08-29 01:16:13.428	2026-08-29 01:16:13.525	2026-08-29 01:16:36.044	20.4s	2	6 GB	757.8 MB	7.8 GB	129.8%	1.3%	827 MB	58.8 MB
799	9e/f2e16d	BGC_ANALYSIS:ANTISMASH_ANALYSIS:ANTISMASH (Pantoea_ananatis_IPG26)	COMPLETED	0	2026-08-29 01:15:34.564	2026-08-29 01:15:34.660	2026-08-29 01:16:39.365	1m 3s	2	6 GB	4.7 GB	7.9 GB	111.5%	6.8%	10.6 GB	62.4 MB
777	8d/7d4af3	BGC_ANALYSIS:ANTISMASH_ANALYSIS:ANTISMASH (Pantoea_ananatis_18-5S)	COMPLETED	0	2026-08-29 01:12:58.768	2026-08-29 01:12:58.864	2026-08-29 01:16:56.028	3m 55s	2	6 GB	4.6 GB	7.7 GB	111.5%	3.6%	19.8 GB	296.7 MB
816	5d/c5bce4	BGC_ANALYSIS:ANTISMASH_ANALYSIS:ANTISMASH (Pantoea_dispersa_LT3-10)	COMPLETED	0	2026-08-29 01:16:25.920	2026-08-29 01:16:26.015	2026-08-29 01:17:00.146	32s	2	6 GB	679 MB	7.7 GB	107.2%	1.2%	1.4 GB	71.8 MB
809	72/00bce6	BGC_ANALYSIS:ANTISMASH_ANALYSIS:ANTISMASH (Pantoea_ananatis_JT8-6)	COMPLETED	0	2026-08-29 01:16:39.371	2026-08-29 01:16:39.465	2026-08-29 01:17:01.314	19.8s	2	6 GB	817.1 MB	7.8 GB	135.9%	1.4%	823.5 MB	59 MB
801	86/f4637b	BGC_ANALYSIS:ANTISMASH_ANALYSIS:ANTISMASH (Pantoea_ananatis_JT1-171)	COMPLETED	0	2026-08-29 01:16:27.100	2026-08-29 01:16:27.195	2026-08-29 01:17:04.664	35.3s	2	6 GB	686.6 MB	7.7 GB	94.7%	1.2%	1.6 GB	73.9 MB
808	b7/6e183e	BGC_ANALYSIS:ANTISMASH_ANALYSIS:ANTISMASH (Pantoea_ananatis_JT6-7)	COMPLETED	0	2026-08-29 01:16:24.133	2026-08-29 01:16:24.229	2026-08-29 01:17:05.298	39s	2	6 GB	684.6 MB	7.7 GB	97.0%	1.2%	1.8 GB	79.2 MB
800	e1/74a9aa	BGC_ANALYSIS:ANTISMASH_ANALYSIS:ANTISMASH (Pantoea_ananatis_JT1-17)	COMPLETED	0	2026-08-29 01:16:19.338	2026-08-29 01:16:19.435	2026-08-29 01:17:06.292	44.8s	2	6 GB	690.6 MB	7.8 GB	95.8%	1.2%	2.1 GB	88.4 MB
810	e2/cf4815	BGC_ANALYSIS:ANTISMASH_ANALYSIS:ANTISMASH (Pantoea_ananatis_LA2-28)	COMPLETED	0	2026-08-29 01:16:36.051	2026-08-29 01:16:36.144	2026-08-29 01:17:11.350	32.9s	2	6 GB	681 MB	7.8 GB	95.1%	1.2%	1.5 GB	70.6 MB
826	b2/6d5f37	BGC_ANALYSIS:ANTISMASH_ANALYSIS:ANTISMASH (Pantoea_sp._GM_Pan_3)	COMPLETED	0	2026-08-29 01:17:01.318	2026-08-29 01:17:01.414	2026-08-29 01:17:27.855	24.4s	2	6 GB	531.1 MB	7.8 GB	110.7%	0.7%	1004.4 MB	46.5 MB
824	60/61fdb5	BGC_ANALYSIS:ANTISMASH_ANALYSIS:ANTISMASH (Pantoea_sp._GM_Pan_1)	COMPLETED	0	2026-08-29 01:17:04.667	2026-08-29 01:17:04.764	2026-08-29 01:17:33.119	26.5s	2	6 GB	517.1 MB	7.8 GB	106.8%	0.7%	1 GB	47.8 MB
2027	0f/5e4574	BGC_ANALYSIS:ANTISMASH_ANALYSIS:ANTISMASH (Erwinia_psidii_IBSBF_435)	COMPLETED	0	2026-08-29 01:16:29.117	2026-08-29 01:16:29.212	2026-08-29 01:17:33.663	1m 2s	2	6 GB	4.7 GB	7.7 GB	108.7%	5.1%	11.6 GB	71.5 MB
814	72/f39b11	BGC_ANALYSIS:ANTISMASH_ANALYSIS:ANTISMASH (Pantoea_dispersa_ESL4)	COMPLETED	0	2026-08-29 01:17:11.353	2026-08-29 01:17:11.451	2026-08-29 01:17:34.127	20.4s	2	6 GB	786.1 MB	7.8 GB	130.2%	1.4%	845.8 MB	58.9 MB
823	32/c77ba8	BGC_ANALYSIS:ANTISMASH_ANALYSIS:ANTISMASH (Pantoea_sp._Chal_Metagen_Bin9)	COMPLETED	0	2026-08-29 01:16:56.034	2026-08-29 01:16:56.128	2026-08-29 01:17:37.324	39.2s	2	6 GB	768.3 MB	7.8 GB	94.6%	1.3%	1.6 GB	90.8 MB
811	fd/e174bf	BGC_ANALYSIS:ANTISMASH_ANALYSIS:ANTISMASH (Pantoea_ananatis_LT2-192)	COMPLETED	0	2026-08-29 01:17:00.151	2026-08-29 01:17:00.246	2026-08-29 01:17:37.776	35.7s	2	6 GB	701.9 MB	7.8 GB	93.2%	1.3%	1.6 GB	75.3 MB
829	ae/b6b84b	BGC_ANALYSIS:ANTISMASH_ANALYSIS:ANTISMASH (Pantoea_sp._JK)	COMPLETED	0	2026-08-29 01:17:06.297	2026-08-29 01:17:06.392	2026-08-29 01:17:40.636	32.2s	2	6 GB	705.2 MB	7.8 GB	95.5%	1.3%	1.3 GB	70.8 MB
812	0b/9286ac	BGC_ANALYSIS:ANTISMASH_ANALYSIS:ANTISMASH (Pantoea_ananatis_RIT_BS5)	COMPLETED	0	2026-08-29 01:17:05.302	2026-08-29 01:17:05.398	2026-08-29 01:17:46.631	39.3s	2	6 GB	718.8 MB	7.8 GB	93.5%	1.3%	1.7 GB	81.9 MB
813	23/5befbb	BGC_ANALYSIS:ANTISMASH_ANALYSIS:ANTISMASH (Pantoea_anthophila_CL1)	COMPLETED	0	2026-08-29 01:17:27.859	2026-08-29 01:17:27.955	2026-08-29 01:17:49.673	19.7s	2	6 GB	808.4 MB	7.8 GB	128.7%	1.3%	826.1 MB	56.1 MB
838	b0/c80dbe	BGC_ANALYSIS:ANTISMASH_ANALYSIS:ANTISMASH (Buchnera_aphidicola_Schizaphis_graminum_LNK)	COMPLETED	0	2026-08-29 01:17:40.641	2026-08-29 01:17:40.736	2026-08-29 01:17:49.751	6.8s	2	6 GB	214.3 MB	2.7 GB	103.9%	0.3%	289.5 MB	9.5 MB
833	a6/803841	BGC_ANALYSIS:ANTISMASH_ANALYSIS:ANTISMASH (Pantoea_stewartii_HR3-48)	COMPLETED	0	2026-08-29 01:17:37.781	2026-08-29 01:17:37.876	2026-08-29 01:17:59.458	19.6s	2	6 GB	816.8 MB	7.8 GB	130.3%	1.4%	802 MB	56.9 MB
828	e5/4d3bca	BGC_ANALYSIS:ANTISMASH_ANALYSIS:ANTISMASH (Pantoea_sp._GM_Pan_5)	COMPLETED	0	2026-08-29 01:17:33.123	2026-08-29 01:17:33.219	2026-08-29 01:18:00.006	24.9s	2	6 GB	546.3 MB	7.8 GB	114.3%	0.9%	1 GB	47.3 MB
832	73/ccbe82	BGC_ANALYSIS:ANTISMASH_ANALYSIS:ANTISMASH (Pantoea_sp._RG18)	COMPLETED	0	2026-08-29 01:17:34.131	2026-08-29 01:17:34.227	2026-08-29 01:18:07.057	31s	2	6 GB	717.7 MB	7.8 GB	97.2%	1.3%	1.2 GB	68.6 MB
817	68/009839	BGC_ANALYSIS:ANTISMASH_ANALYSIS:ANTISMASH (Pantoea_dispersa_LT3-23)	COMPLETED	0	2026-08-29 01:17:33.666	2026-08-29 01:17:33.764	2026-08-29 01:18:07.816	32.1s	2	6 GB	728 MB	7.8 GB	106.1%	1.3%	1.4 GB	72 MB
821	b5/b3c003	BGC_ANALYSIS:ANTISMASH_ANALYSIS:ANTISMASH (Pantoea_piersonii_GABEKP28)	COMPLETED	0	2026-08-29 01:17:46.635	2026-08-29 01:17:46.731	2026-08-29 01:18:09.532	20.8s	2	6 GB	802 MB	7.8 GB	127.6%	1.3%	848.3 MB	58.5 MB
818	05/4e8b82	BGC_ANALYSIS:ANTISMASH_ANALYSIS:ANTISMASH (Pantoea_dispersa_LT3-8)	COMPLETED	0	2026-08-29 01:17:37.329	2026-08-29 01:17:37.424	2026-08-29 01:18:11.746	32.3s	2	6 GB	677.9 MB	7.7 GB	105.0%	1.2%	1.4 GB	71.8 MB
822	64/067afb	BGC_ANALYSIS:ANTISMASH_ANALYSIS:ANTISMASH (Pantoea_piersonii_URMC-2103A041)	COMPLETED	0	2026-08-29 01:17:49.754	2026-08-29 01:17:49.851	2026-08-29 01:18:13.643	21.8s	2	6 GB	808.1 MB	7.8 GB	121.6%	1.3%	898 MB	61.8 MB
820	e3/8c641b	BGC_ANALYSIS:ANTISMASH_ANALYSIS:ANTISMASH (Pantoea_leporis_R)	COMPLETED	0	2026-08-29 01:17:49.676	2026-08-29 01:17:49.751	2026-08-29 01:18:24.701	32.9s	2	6 GB	538.1 MB	7.8 GB	106.6%	0.8%	1.3 GB	55.9 MB
825	89/b44669	BGC_ANALYSIS:ANTISMASH_ANALYSIS:ANTISMASH (Pantoea_sp._GM_Pan_2)	COMPLETED	0	2026-08-29 01:17:59.465	2026-08-29 01:17:59.558	2026-08-29 01:18:29.645	28.1s	2	6 GB	506 MB	7.8 GB	102.2%	0.7%	1.1 GB	48.4 MB
831	f2/56d854	BGC_ANALYSIS:ANTISMASH_ANALYSIS:ANTISMASH (Pantoea_sp._LMR881)	COMPLETED	0	2026-08-29 01:18:07.820	2026-08-29 01:18:07.915	2026-08-29 01:18:30.248	20.3s	2	6 GB	800.8 MB	7.8 GB	120.5%	1.3%	861.3 MB	61.9 MB
837	a8/6b24b8	BGC_ANALYSIS:ANTISMASH_ANALYSIS:ANTISMASH (Buchnera_aphidicola_Melanaphis_sacchari_LSU)	COMPLETED	0	2026-08-29 01:18:24.705	2026-08-29 01:18:24.802	2026-08-29 01:18:32.971	6.2s	2	6 GB	213.7 MB	2.7 GB	106.8%	0.3%	288.4 MB	9.3 MB
827	ed/a6ff46	BGC_ANALYSIS:ANTISMASH_ANALYSIS:ANTISMASH (Pantoea_sp._GM_Pan_4)	COMPLETED	0	2026-08-29 01:18:00.011	2026-08-29 01:18:00.107	2026-08-29 01:18:34.939	32.7s	2	6 GB	517.1 MB	7.8 GB	104.9%	0.8%	1.4 GB	57.5 MB
830	8e/27be17	BGC_ANALYSIS:ANTISMASH_ANALYSIS:ANTISMASH (Pantoea_sp._JV6)	COMPLETED	0	2026-08-29 01:18:09.537	2026-08-29 01:18:09.633	2026-08-29 01:18:43.575	32s	2	6 GB	715.4 MB	7.8 GB	95.2%	1.3%	1.3 GB	71.9 MB
835	a0/2bbddc	BGC_ANALYSIS:ANTISMASH_ANALYSIS:ANTISMASH (Pantoea_vagans_Pag_UMAF3067)	COMPLETED	0	2026-08-29 01:18:07.062	2026-08-29 01:18:07.157	2026-08-29 01:18:49.002	39.8s	2	6 GB	738.5 MB	7.8 GB	98.9%	1.3%	1.9 GB	87.2 MB
834	2f/9aceaf	BGC_ANALYSIS:ANTISMASH_ANALYSIS:ANTISMASH (Pantoea_vagans_Mg1)	COMPLETED	0	2026-08-29 01:18:13.648	2026-08-29 01:18:13.743	2026-08-29 01:18:51.896	36.1s	2	6 GB	720.9 MB	7.8 GB	94.5%	1.3%	1.6 GB	78.7 MB
852	c0/54270b	BGC_ANALYSIS:ANTISMASH_ANALYSIS:ANTISMASH (Erwinia_amylovora_E-2)	COMPLETED	0	2026-08-29 01:18:32.975	2026-08-29 01:18:33.072	2026-08-29 01:18:52.896	18s	2	6 GB	705 MB	7.7 GB	126.2%	1.1%	674.9 MB	45 MB
836	c1/db56d3	BGC_ANALYSIS:ANTISMASH_ANALYSIS:ANTISMASH (Pantoea_vagans_Pag_UMAF3084)	COMPLETED	0	2026-08-29 01:18:11.754	2026-08-29 01:18:11.846	2026-08-29 01:18:54.342	40.5s	2	6 GB	782.5 MB	7.8 GB	99.5%	1.3%	1.9 GB	88.7 MB
851	d7/7c9588	BGC_ANALYSIS:ANTISMASH_ANALYSIS:ANTISMASH (Erwinia_amylovora_CTST01-1)	COMPLETED	0	2026-08-29 01:18:30.253	2026-08-29 01:18:30.348	2026-08-29 01:19:03.304	31.1s	2	6 GB	499.4 MB	7.7 GB	106.9%	0.7%	1.3 GB	49.9 MB
841	e0/bbfebb	BGC_ANALYSIS:ANTISMASH_ANALYSIS:ANTISMASH (Candidatus_Pantoea_borealis_UBA6694)	COMPLETED	0	2026-08-29 01:18:34.943	2026-08-29 01:18:35.043	2026-08-29 01:19:09.374	32.2s	2	6 GB	474.3 MB	7.8 GB	101.0%	0.7%	1.4 GB	52.2 MB
845	6a/cff5bd	BGC_ANALYSIS:ANTISMASH_ANALYSIS:ANTISMASH (Candidatus_Pantoea_edessiphila_SoET)	COMPLETED	0	2026-08-29 01:19:03.308	2026-08-29 01:19:03.404	2026-08-29 01:19:14.301	8.8s	2	6 GB	207.3 MB	2.7 GB	105.3%	0.3%	432.3 MB	14.2 MB
850	2e/bb7500	BGC_ANALYSIS:ANTISMASH_ANALYSIS:ANTISMASH (Erwinia_amylovora_CTMF03-1)	COMPLETED	0	2026-08-29 01:18:43.578	2026-08-29 01:18:43.675	2026-08-29 01:19:16.146	30.4s	2	6 GB	507.2 MB	7.8 GB	107.7%	0.7%	1.2 GB	48.3 MB
854	86/95abb5	BGC_ANALYSIS:ANTISMASH_ANALYSIS:ANTISMASH (Erwinia_amylovora_LA092)	COMPLETED	0	2026-08-29 01:18:49.006	2026-08-29 01:18:49.102	2026-08-29 01:19:19.196	28s	2	6 GB	519.4 MB	7.8 GB	111.3%	0.7%	1.1 GB	46.9 MB
853	f6/0eaec1	BGC_ANALYSIS:ANTISMASH_ANALYSIS:ANTISMASH (Erwinia_amylovora_EA110)	COMPLETED	0	2026-08-29 01:18:51.900	2026-08-29 01:18:51.996	2026-08-29 01:19:22.738	28.9s	2	6 GB	517.6 MB	7.8 GB	108.2%	0.7%	1.1 GB	46.3 MB
842	e7/846871	BGC_ANALYSIS:ANTISMASH_ANALYSIS:ANTISMASH (Candidatus_Pantoea_edessiphila_SoEE)	COMPLETED	0	2026-08-29 01:19:19.200	2026-08-29 01:19:19.296	2026-08-29 01:19:30.775	9.5s	2	6 GB	216 MB	2.7 GB	103.7%	0.3%	455.6 MB	14.9 MB
862	e7/d2bb4d	BGC_ANALYSIS:ANTISMASH_ANALYSIS:ANTISMASH (Erwinia_amylovora_RISTBO01-2)	COMPLETED	0	2026-08-29 01:19:09.379	2026-08-29 01:19:09.474	2026-08-29 01:19:31.302	19.9s	2	6 GB	583.5 MB	7.8 GB	128.7%	0.9%	687.6 MB	35.7 MB
840	9d/c168dc	BGC_ANALYSIS:ANTISMASH_ANALYSIS:ANTISMASH (Candidatus_Pantoea_astica_UBA6564)	COMPLETED	0	2026-08-29 01:18:54.346	2026-08-29 01:18:54.442	2026-08-29 01:19:32.271	35.8s	2	6 GB	489.2 MB	7.8 GB	100.8%	0.7%	1.5 GB	60 MB
847	f8/d9eff9	BGC_ANALYSIS:ANTISMASH_ANALYSIS:ANTISMASH (Erwinia_amylovora_CA3R)	COMPLETED	0	2026-08-29 01:18:52.900	2026-08-29 01:18:52.997	2026-08-29 01:19:34.167	39.2s	2	6 GB	516.5 MB	7.8 GB	108.7%	0.7%	1.7 GB	61.9 MB
865	83/cb0b16	BGC_ANALYSIS:ANTISMASH_ANALYSIS:ANTISMASH (Erwinia_amylovora_VTDMSF02)	COMPLETED	0	2026-08-29 01:19:16.149	2026-08-29 01:19:16.247	2026-08-29 01:19:37.800	19.7s	2	6 GB	591.3 MB	7.8 GB	127.8%	0.9%	662 MB	34.8 MB
843	01/40169d	BGC_ANALYSIS:ANTISMASH_ANALYSIS:ANTISMASH (Candidatus_Pantoea_edessiphila_SoEL)	COMPLETED	0	2026-08-29 01:19:31.306	2026-08-29 01:19:31.402	2026-08-29 01:19:42.665	9.3s	2	6 GB	216 MB	2.7 GB	103.5%	0.3%	454.5 MB	14.8 MB
844	e4/16d44b	BGC_ANALYSIS:ANTISMASH_ANALYSIS:ANTISMASH (Candidatus_Pantoea_edessiphila_SoEO)	COMPLETED	0	2026-08-29 01:19:34.171	2026-08-29 01:19:34.267	2026-08-29 01:19:45.499	9.2s	2	6 GB	214.5 MB	2.7 GB	104.4%	0.3%	451.2 MB	14.6 MB
856	71/0f726d	BGC_ANALYSIS:ANTISMASH_ANALYSIS:ANTISMASH (Erwinia_amylovora_MANB02-1)	COMPLETED	0	2026-08-29 01:19:14.305	2026-08-29 01:19:14.401	2026-08-29 01:19:48.536	32.2s	2	6 GB	471.2 MB	7.7 GB	101.5%	0.7%	1.3 GB	49.3 MB
864	0f/426374	BGC_ANALYSIS:ANTISMASH_ANALYSIS:ANTISMASH (Erwinia_amylovora_VTBL01-1)	COMPLETED	0	2026-08-29 01:19:22.742	2026-08-29 01:19:22.838	2026-08-29 01:19:52.772	27.9s	2	6 GB	504 MB	7.7 GB	108.7%	0.7%	1.1 GB	45.3 MB
848	8e/616541	BGC_ANALYSIS:ANTISMASH_ANALYSIS:ANTISMASH (Erwinia_amylovora_CTBT1-1)	COMPLETED	0	2026-08-29 01:19:30.780	2026-08-29 01:19:30.875	2026-08-29 01:19:52.804	20s	2	6 GB	594.3 MB	7.8 GB	126.1%	0.9%	687.2 MB	35.7 MB
846	d6/a8e056	BGC_ANALYSIS:ANTISMASH_ANALYSIS:ANTISMASH (Candidatus_Pantoea_rara_UBA5707)	COMPLETED	0	2026-08-29 01:19:32.275	2026-08-29 01:19:32.371	2026-08-29 01:19:58.241	23.8s	2	6 GB	533 MB	7.8 GB	108.4%	0.7%	970.6 MB	44 MB
855	de/1f6ee4	BGC_ANALYSIS:ANTISMASH_ANALYSIS:ANTISMASH (Erwinia_amylovora_MAGFLF_2)	COMPLETED	0	2026-08-29 01:19:42.670	2026-08-29 01:19:42.765	2026-08-29 01:20:04.410	19.5s	2	6 GB	593.9 MB	7.8 GB	127.9%	0.9%	656.8 MB	34.6 MB
849	67/833b74	BGC_ANALYSIS:ANTISMASH_ANALYSIS:ANTISMASH (Erwinia_amylovora_CTBT3-1)	COMPLETED	0	2026-08-29 01:19:48.539	2026-08-29 01:19:48.636	2026-08-29 01:20:10.811	20.2s	2	6 GB	589.4 MB	7.8 GB	127.8%	0.9%	688.2 MB	35.7 MB
867	f3/069ed2	BGC_ANALYSIS:ANTISMASH_ANALYSIS:ANTISMASH (Erwinia_billingiae_MYb121)	COMPLETED	0	2026-08-29 01:19:37.804	2026-08-29 01:19:37.901	2026-08-29 01:20:12.944	33.1s	2	6 GB	687.3 MB	7.7 GB	95.2%	1.2%	1.3 GB	70.6 MB
879	2a/861129	BGC_ANALYSIS:ANTISMASH_ANALYSIS:ANTISMASH (Mixta_calida_DSM_22759)	COMPLETED	0	2026-08-29 01:19:58.245	2026-08-29 01:19:58.342	2026-08-29 01:20:15.895	15.4s	2	6 GB	588.5 MB	7.3 GB	134.0%	1.0%	696.4 MB	31.1 MB
857	81/ea624a	BGC_ANALYSIS:ANTISMASH_ANALYSIS:ANTISMASH (Erwinia_amylovora_MASHBO)	COMPLETED	0	2026-08-29 01:19:52.776	2026-08-29 01:19:52.805	2026-08-29 01:20:16.582	21.8s	2	6 GB	538.8 MB	7.8 GB	114.4%	0.7%	777.3 MB	37.5 MB
880	46/96a0f2	BGC_ANALYSIS:ANTISMASH_ANALYSIS:ANTISMASH (Mixta_gaviniae_DSM_22758)	COMPLETED	0	2026-08-29 01:20:12.948	2026-08-29 01:20:13.043	2026-08-29 01:20:29.942	14.9s	2	6 GB	617.9 MB	7.3 GB	140.2%	1.1%	719.6 MB	32.1 MB
873	18/b6173c	BGC_ANALYSIS:ANTISMASH_ANALYSIS:ANTISMASH (Erwinia_sp._OLFS4)	COMPLETED	0	2026-08-29 01:19:45.503	2026-08-29 01:19:45.600	2026-08-29 01:20:32.374	44.7s	2	6 GB	643.9 MB	7.7 GB	96.7%	1.0%	2.2 GB	82.9 MB
858	86/2c2e40	BGC_ANALYSIS:ANTISMASH_ANALYSIS:ANTISMASH (Erwinia_amylovora_NHSB01-1)	COMPLETED	0	2026-08-29 01:20:04.415	2026-08-29 01:20:04.510	2026-08-29 01:20:34.165	27.6s	2	6 GB	517 MB	7.8 GB	109.1%	0.7%	1.1 GB	44.9 MB
861	5a/a9687f	BGC_ANALYSIS:ANTISMASH_ANALYSIS:ANTISMASH (Erwinia_amylovora_OR6)	COMPLETED	0	2026-08-29 01:20:15.899	2026-08-29 01:20:15.995	2026-08-29 01:20:48.283	30.2s	2	6 GB	524.8 MB	7.8 GB	110.9%	0.7%	1.3 GB	49.6 MB
870	97/4af4a7	BGC_ANALYSIS:ANTISMASH_ANALYSIS:ANTISMASH (Erwinia_sp._B116)	COMPLETED	0	2026-08-29 01:19:52.809	2026-08-29 01:19:52.905	2026-08-29 01:20:48.976	54.2s	2	6 GB	754.3 MB	7.8 GB	97.1%	1.3%	2.7 GB	102.5 MB
882	b7/928b24	BGC_ANALYSIS:ANTISMASH_ANALYSIS:ANTISMASH (Pantoea_agglomerans_PNG_92-11)	COMPLETED	0	2026-08-29 01:20:16.588	2026-08-29 01:20:16.682	2026-08-29 01:20:52.762	34.1s	2	6 GB	717.7 MB	7.8 GB	96.2%	1.2%	1.5 GB	70.5 MB
872	06/b98c7c	BGC_ANALYSIS:ANTISMASH_ANALYSIS:ANTISMASH (Erwinia_sp._OLCASP19)	COMPLETED	0	2026-08-29 01:20:10.816	2026-08-29 01:20:10.911	2026-08-29 01:20:58.491	45.5s	2	6 GB	640.7 MB	7.7 GB	97.3%	1.0%	2.3 GB	85.3 MB
866	31/53b8cf	BGC_ANALYSIS:ANTISMASH_ANALYSIS:ANTISMASH (Erwinia_amylovora_WSDA87-73)	COMPLETED	0	2026-08-29 01:20:29.946	2026-08-29 01:20:30.042	2026-08-29 01:21:00.698	28.7s	2	6 GB	500 MB	7.7 GB	110.7%	0.7%	1.2 GB	47.3 MB
860	87/9bf4b1	BGC_ANALYSIS:ANTISMASH_ANALYSIS:ANTISMASH (Erwinia_amylovora_OR1)	COMPLETED	0	2026-08-29 01:20:32.378	2026-08-29 01:20:32.474	2026-08-29 01:21:04.943	30.5s	2	6 GB	521.9 MB	7.8 GB	112.7%	0.7%	1.3 GB	50.9 MB
881	46/54959e	BGC_ANALYSIS:ANTISMASH_ANALYSIS:ANTISMASH (Mixta_theicola_QC88-366)	COMPLETED	0	2026-08-29 01:20:34.169	2026-08-29 01:20:34.265	2026-08-29 01:21:11.418	35.2s	2	6 GB	662.2 MB	7.7 GB	96.3%	1.1%	1.6 GB	71.8 MB
863	12/5e4f44	BGC_ANALYSIS:ANTISMASH_ANALYSIS:ANTISMASH (Erwinia_amylovora_UT5P4)	COMPLETED	0	2026-08-29 01:20:48.287	2026-08-29 01:20:48.383	2026-08-29 01:21:18.106	27.8s	2	6 GB	514.8 MB	7.8 GB	109.0%	0.7%	1.1 GB	45.7 MB
889	b7/cf18d5	BGC_ANALYSIS:ANTISMASH_ANALYSIS:ANTISMASH (Pantoea_ananatis_PANS_99-23)	COMPLETED	0	2026-08-29 01:20:52.765	2026-08-29 01:20:52.862	2026-08-29 01:21:25.346	30.6s	2	6 GB	715.3 MB	7.8 GB	96.6%	1.3%	1.3 GB	68.8 MB
868	67/07359e	BGC_ANALYSIS:ANTISMASH_ANALYSIS:ANTISMASH (Erwinia_billingiae_UBA5038)	COMPLETED	0	2026-08-29 01:20:58.495	2026-08-29 01:20:58.591	2026-08-29 01:21:37.240	36.5s	2	6 GB	481.2 MB	7.8 GB	103.3%	0.7%	1.6 GB	63.2 MB
859	37/e11615	BGC_ANALYSIS:ANTISMASH_ANALYSIS:ANTISMASH (Erwinia_amylovora_NHWL02-2)	COMPLETED	0	2026-08-29 01:21:00.703	2026-08-29 01:21:00.802	2026-08-29 01:21:37.845	35s	2	6 GB	508.5 MB	7.8 GB	107.7%	0.7%	1.5 GB	56.3 MB
869	2b/81f37a	BGC_ANALYSIS:ANTISMASH_ANALYSIS:ANTISMASH (Erwinia_pyrifoliae_EpK1_15)	COMPLETED	0	2026-08-29 01:21:18.110	2026-08-29 01:21:18.206	2026-08-29 01:21:38.017	17.8s	2	6 GB	760.5 MB	7.8 GB	129.8%	1.3%	702.9 MB	47.6 MB
892	dd/abd6f0	BGC_ANALYSIS:ANTISMASH_ANALYSIS:ANTISMASH (Pantoea_ananatis_PNA_11-1)	COMPLETED	0	2026-08-29 01:21:04.946	2026-08-29 01:21:05.043	2026-08-29 01:21:38.560	31.5s	2	6 GB	725.2 MB	7.8 GB	96.0%	1.3%	1.3 GB	65.2 MB
884	1d/083c96	BGC_ANALYSIS:ANTISMASH_ANALYSIS:ANTISMASH (Pantoea_ananatis_ARC272)	COMPLETED	0	2026-08-29 01:20:48.980	2026-08-29 01:20:49.076	2026-08-29 01:21:49.373	58.3s	2	6 GB	662.9 MB	7.7 GB	99.1%	1.2%	3.2 GB	113.1 MB
839	44/1e84cb	BGC_ANALYSIS:ANTISMASH_ANALYSIS:ANTISMASH (Candidatus_Erwinia_dacicola_Oroville)	COMPLETED	0	2026-08-29 01:18:29.649	2026-08-29 01:18:29.746	2026-08-29 01:21:56.515	3m 25s	2	6 GB	633.6 MB	7.7 GB	103.4%	1.0%	12.8 GB	333.2 MB
875	cb/65d1a2	BGC_ANALYSIS:ANTISMASH_ANALYSIS:ANTISMASH (Erwinia_sp._OLMDSP33)	COMPLETED	0	2026-08-29 01:21:25.350	2026-08-29 01:21:25.446	2026-08-29 01:22:12.009	44.6s	2	6 GB	627.2 MB	7.7 GB	98.3%	1.0%	2.3 GB	84.4 MB
871	3e/645522	BGC_ANALYSIS:ANTISMASH_ANALYSIS:ANTISMASH (Erwinia_sp._OAMSP11)	COMPLETED	0	2026-08-29 01:21:38.030	2026-08-29 01:21:38.118	2026-08-29 01:22:25.264	45.2s	2	6 GB	627.5 MB	7.7 GB	98.7%	1.0%	2.3 GB	85.9 MB
876	89/8dd429	BGC_ANALYSIS:ANTISMASH_ANALYSIS:ANTISMASH (Erwinia_sp._OLMTSP26)	COMPLETED	0	2026-08-29 01:21:38.564	2026-08-29 01:21:38.661	2026-08-29 01:22:25.346	44.7s	2	6 GB	640.4 MB	7.7 GB	98.6%	1.0%	2.3 GB	85.5 MB
877	83/b6ba9d	BGC_ANALYSIS:ANTISMASH_ANALYSIS:ANTISMASH (Erwinia_sp._OLSSP12)	COMPLETED	0	2026-08-29 01:21:37.244	2026-08-29 01:21:37.340	2026-08-29 01:22:25.430	46.1s	2	6 GB	625.2 MB	7.7 GB	98.6%	1.0%	2.4 GB	87.4 MB
883	90/bef257	BGC_ANALYSIS:ANTISMASH_ANALYSIS:ANTISMASH (Pantoea_allii_PNA_200-10)	COMPLETED	0	2026-08-29 01:21:56.519	2026-08-29 01:21:56.616	2026-08-29 01:22:27.694	28.9s	2	6 GB	718.2 MB	7.8 GB	96.4%	1.2%	1.2 GB	63.2 MB
888	a5/7544b3	BGC_ANALYSIS:ANTISMASH_ANALYSIS:ANTISMASH (Pantoea_ananatis_PANS_04-2)	COMPLETED	0	2026-08-29 01:21:11.421	2026-08-29 01:21:11.518	2026-08-29 01:22:29.994	1m 16s	2	6 GB	4.8 GB	7.8 GB	124.0%	5.5%	22.4 GB	72.8 MB
878	b5/f6b401	BGC_ANALYSIS:ANTISMASH_ANALYSIS:ANTISMASH (Erwinia_sp._OLTSP20)	COMPLETED	0	2026-08-29 01:21:37.848	2026-08-29 01:21:37.944	2026-08-29 01:22:32.674	52.8s	2	6 GB	629.1 MB	7.7 GB	99.2%	1.0%	2.9 GB	97.9 MB
899	67/53ca38	BGC_ANALYSIS:ANTISMASH_ANALYSIS:ANTISMASH (Pantoea_ananatis_PNA_99-7)	COMPLETED	0	2026-08-29 01:22:27.710	2026-08-29 01:22:27.795	2026-08-29 01:22:57.317	27.7s	2	6 GB	737.8 MB	7.8 GB	104.6%	1.3%	1.2 GB	67.2 MB
893	e8/93101b	BGC_ANALYSIS:ANTISMASH_ANALYSIS:ANTISMASH (Pantoea_ananatis_PNA_14-1)	COMPLETED	0	2026-08-29 01:22:32.679	2026-08-29 01:22:32.774	2026-08-29 01:23:10.097	35.2s	2	6 GB	721.7 MB	7.8 GB	98.3%	1.2%	1.5 GB	70.5 MB
887	97/c095e7	BGC_ANALYSIS:ANTISMASH_ANALYSIS:ANTISMASH (Pantoea_ananatis_PANS_01-2)	COMPLETED	0	2026-08-29 01:22:25.268	2026-08-29 01:22:25.346	2026-08-29 01:23:26.423	59.1s	2	6 GB	4.7 GB	7.7 GB	112.0%	8.0%	10.2 GB	66.2 MB
891	d4/d39b33	BGC_ANALYSIS:ANTISMASH_ANALYSIS:ANTISMASH (Pantoea_ananatis_PNA_07-1)	COMPLETED	0	2026-08-29 01:22:29.999	2026-08-29 01:22:30.094	2026-08-29 01:23:33.572	1m 1s	2	6 GB	4.7 GB	7.8 GB	108.3%	5.4%	9.8 GB	63.2 MB
886	4b/25e18f	BGC_ANALYSIS:ANTISMASH_ANALYSIS:ANTISMASH (Pantoea_ananatis_ARC311)	COMPLETED	0	2026-08-29 01:22:25.350	2026-08-29 01:22:25.430	2026-08-29 01:23:38.779	1m 11s	2	6 GB	686.3 MB	7.8 GB	99.3%	1.3%	3.8 GB	128.7 MB
874	0f/1f5021	BGC_ANALYSIS:ANTISMASH_ANALYSIS:ANTISMASH (Erwinia_sp._OLMDLW33)	COMPLETED	0	2026-08-29 01:21:49.377	2026-08-29 01:21:49.474	2026-08-29 01:23:41.012	1m 50s	2	6 GB	694.1 MB	7.8 GB	100.9%	1.2%	6 GB	187.5 MB
890	37/90b589	BGC_ANALYSIS:ANTISMASH_ANALYSIS:ANTISMASH (Pantoea_ananatis_PANS_99-3)	COMPLETED	0	2026-08-29 01:22:25.434	2026-08-29 01:22:25.530	2026-08-29 01:23:41.769	1m 14s	2	6 GB	4.8 GB	7.8 GB	115.2%	5.6%	18.7 GB	70.9 MB
885	aa/e1d831	BGC_ANALYSIS:ANTISMASH_ANALYSIS:ANTISMASH (Pantoea_ananatis_ARC310)	COMPLETED	0	2026-08-29 01:22:12.013	2026-08-29 01:22:12.110	2026-08-29 01:23:42.820	1m 29s	2	6 GB	683.5 MB	7.7 GB	100.5%	1.2%	4.9 GB	156 MB
900	70/8fef78	BGC_ANALYSIS:ANTISMASH_ANALYSIS:ANTISMASH (Pantoea_ananatis_SGAir0210)	COMPLETED	0	2026-08-29 01:23:26.427	2026-08-29 01:23:26.523	2026-08-29 01:23:47.046	18.4s	2	6 GB	769 MB	7.8 GB	135.0%	1.3%	803.6 MB	55.9 MB
894	dc/8b7bf9	BGC_ANALYSIS:ANTISMASH_ANALYSIS:ANTISMASH (Pantoea_ananatis_PNA_15-1)	COMPLETED	0	2026-08-29 01:22:57.321	2026-08-29 01:22:57.417	2026-08-29 01:23:57.085	57.6s	2	6 GB	4.7 GB	7.7 GB	113.3%	5.0%	10.3 GB	67.5 MB
911	e6/0798cb	BGC_ANALYSIS:ANTISMASH_ANALYSIS:ANTISMASH (Pantoea_sp._ICBG_1758)	COMPLETED	0	2026-08-29 01:23:41.016	2026-08-29 01:23:41.124	2026-08-29 01:24:06.646	23.5s	2	6 GB	689.8 MB	7.7 GB	102.4%	1.1%	1001.6 MB	55.2 MB
903	54/4cabb7	BGC_ANALYSIS:ANTISMASH_ANALYSIS:ANTISMASH (Pantoea_endophytica_596)	COMPLETED	0	2026-08-29 01:23:38.784	2026-08-29 01:23:38.879	2026-08-29 01:24:15.176	34.2s	2	6 GB	725.7 MB	7.8 GB	96.7%	1.3%	1.4 GB	73.4 MB
906	b7/ce8702	BGC_ANALYSIS:ANTISMASH_ANALYSIS:ANTISMASH (Pantoea_septica_UBA7459)	COMPLETED	0	2026-08-29 01:23:10.103	2026-08-29 01:23:10.197	2026-08-29 01:24:18.082	1m 6s	2	6 GB	487.9 MB	7.7 GB	106.6%	0.8%	3.3 GB	100.2 MB
895	dc/e18906	BGC_ANALYSIS:ANTISMASH_ANALYSIS:ANTISMASH (Pantoea_ananatis_PNA_200-3)	COMPLETED	0	2026-08-29 01:23:57.090	2026-08-29 01:23:57.185	2026-08-29 01:24:30.780	31.6s	2	6 GB	672.3 MB	7.7 GB	97.6%	1.2%	1.2 GB	68.6 MB
897	f6/ec8dda	BGC_ANALYSIS:ANTISMASH_ANALYSIS:ANTISMASH (Pantoea_ananatis_PNA_97-1R)	COMPLETED	0	2026-08-29 01:23:47.049	2026-08-29 01:23:47.147	2026-08-29 01:24:39.597	50.2s	2	6 GB	4.7 GB	7.9 GB	124.2%	4.9%	9.9 GB	59.2 MB
915	6d/f14f54	BGC_ANALYSIS:ANTISMASH_ANALYSIS:ANTISMASH (Pantoea_sp._PNA_03-3)	COMPLETED	0	2026-08-29 01:23:42.824	2026-08-29 01:23:42.920	2026-08-29 01:24:42.426	57.4s	2	6 GB	4.7 GB	7.8 GB	111.0%	5.5%	10.8 GB	62 MB
896	6e/2e2a97	BGC_ANALYSIS:ANTISMASH_ANALYSIS:ANTISMASH (Pantoea_ananatis_PNA_200-7)	COMPLETED	0	2026-08-29 01:23:41.773	2026-08-29 01:23:41.870	2026-08-29 01:24:42.825	58.9s	2	6 GB	4.7 GB	7.8 GB	108.7%	6.8%	9.8 GB	61.5 MB
904	5b/32a399	BGC_ANALYSIS:ANTISMASH_ANALYSIS:ANTISMASH (Pantoea_graminicola_ARC607)	COMPLETED	0	2026-08-29 01:23:33.579	2026-08-29 01:23:33.673	2026-08-29 01:24:57.337	1m 22s	2	6 GB	712.5 MB	7.8 GB	99.8%	1.3%	4.4 GB	142.1 MB
910	9d/d7b2b3	BGC_ANALYSIS:ANTISMASH_ANALYSIS:ANTISMASH (Pantoea_sp._BRM17)	COMPLETED	0	2026-08-29 01:24:39.601	2026-08-29 01:24:39.698	2026-08-29 01:24:59.589	17.6s	2	6 GB	847.1 MB	7.9 GB	123.5%	1.3%	605.1 MB	52.9 MB
901	3f/a8990e	BGC_ANALYSIS:ANTISMASH_ANALYSIS:ANTISMASH (Pantoea_coffeiphila_342)	COMPLETED	0	2026-08-29 01:24:30.785	2026-08-29 01:24:30.881	2026-08-29 01:25:17.500	44.6s	2	6 GB	742.1 MB	7.8 GB	95.1%	1.3%	1.8 GB	90.5 MB
902	07/7fec2e	BGC_ANALYSIS:ANTISMASH_ANALYSIS:ANTISMASH (Pantoea_dispersa_UBA3148)	COMPLETED	0	2026-08-29 01:24:42.828	2026-08-29 01:24:42.925	2026-08-29 01:25:19.593	34.6s	2	6 GB	498.5 MB	7.8 GB	102.4%	0.8%	1.4 GB	58.2 MB
898	35/a7d6f5	BGC_ANALYSIS:ANTISMASH_ANALYSIS:ANTISMASH (Pantoea_ananatis_PNA_98-11)	COMPLETED	0	2026-08-29 01:24:15.181	2026-08-29 01:24:15.276	2026-08-29 01:25:29.738	1m 12s	2	6 GB	4.8 GB	8 GB	116.2%	5.8%	19 GB	71.6 MB
909	e6/7f855f	BGC_ANALYSIS:ANTISMASH_ANALYSIS:ANTISMASH (Pantoea_sp._ARC270)	COMPLETED	0	2026-08-29 01:24:42.429	2026-08-29 01:24:42.526	2026-08-29 01:25:31.630	47s	2	6 GB	685.3 MB	7.8 GB	97.4%	1.3%	2.3 GB	90.6 MB
919	42/3b211b	BGC_ANALYSIS:ANTISMASH_ANALYSIS:ANTISMASH (Pantoea_sp._UBA3041_UBA3041)	COMPLETED	0	2026-08-29 01:24:18.090	2026-08-29 01:24:18.182	2026-08-29 01:25:39.988	1m 20s	2	6 GB	501.6 MB	7.7 GB	108.7%	0.8%	4.2 GB	120.2 MB
913	01/d80c7b	BGC_ANALYSIS:ANTISMASH_ANALYSIS:ANTISMASH (Pantoea_sp._ICBG_985)	COMPLETED	0	2026-08-29 01:25:19.597	2026-08-29 01:25:19.694	2026-08-29 01:25:49.269	27.6s	2	6 GB	714.6 MB	7.8 GB	101.0%	1.3%	1.1 GB	65.6 MB
907	6f/f31303	BGC_ANALYSIS:ANTISMASH_ANALYSIS:ANTISMASH (Pantoea_sp._AG1095)	COMPLETED	0	2026-08-29 01:25:17.504	2026-08-29 01:25:17.600	2026-08-29 01:25:49.969	30.3s	2	6 GB	719.9 MB	7.8 GB	97.2%	1.3%	1.2 GB	63.3 MB
914	07/f09cfa	BGC_ANALYSIS:ANTISMASH_ANALYSIS:ANTISMASH (Pantoea_sp._JKS000250)	COMPLETED	0	2026-08-29 01:25:29.742	2026-08-29 01:25:29.839	2026-08-29 01:25:51.779	19.8s	2	6 GB	770.7 MB	7.8 GB	128.7%	1.3%	830.6 MB	52.9 MB
908	06/3f1bb2	BGC_ANALYSIS:ANTISMASH_ANALYSIS:ANTISMASH (Pantoea_sp._AG702)	COMPLETED	0	2026-08-29 01:24:59.593	2026-08-29 01:24:59.689	2026-08-29 01:25:54.262	52.6s	2	6 GB	4.7 GB	7.8 GB	110.7%	5.6%	9.8 GB	60.2 MB
925	ab/c31d94	BGC_ANALYSIS:ANTISMASH_ANALYSIS:ANTISMASH (Pantoea_sp._UBA5037_UBA5037)	COMPLETED	0	2026-08-29 01:24:57.342	2026-08-29 01:24:57.438	2026-08-29 01:25:57.135	57.5s	2	6 GB	475 MB	7.6 GB	104.9%	0.7%	2.9 GB	92 MB
905	15/9586e6	BGC_ANALYSIS:ANTISMASH_ANALYSIS:ANTISMASH (Pantoea_rodasii_DSM_26611)	COMPLETED	0	2026-08-29 01:25:31.634	2026-08-29 01:25:31.731	2026-08-29 01:26:10.159	36.5s	2	6 GB	725.5 MB	7.8 GB	95.3%	1.3%	1.5 GB	81.1 MB
934	cf/b37860	BGC_ANALYSIS:ANTISMASH_ANALYSIS:ANTISMASH (Pantoea_vagans_PV989)	COMPLETED	0	2026-08-29 01:25:54.266	2026-08-29 01:25:54.362	2026-08-29 01:26:16.819	20.3s	2	6 GB	755 MB	7.8 GB	129.2%	1.3%	854.9 MB	57.3 MB
917	f7/f6984f	BGC_ANALYSIS:ANTISMASH_ANALYSIS:ANTISMASH (Pantoea_sp._UBA2708_UBA2708)	COMPLETED	0	2026-08-29 01:25:49.973	2026-08-29 01:25:50.069	2026-08-29 01:26:18.170	26.2s	2	6 GB	511.5 MB	7.8 GB	107.3%	0.7%	1.1 GB	45.1 MB
918	bf/4f38c8	BGC_ANALYSIS:ANTISMASH_ANALYSIS:ANTISMASH (Pantoea_sp._UBA3038_UBA3038)	COMPLETED	0	2026-08-29 01:24:06.650	2026-08-29 01:24:06.747	2026-08-29 01:26:19.471	2m 11s	2	6 GB	464.2 MB	7.6 GB	113.1%	0.7%	7.2 GB	187 MB
912	41/61e007	BGC_ANALYSIS:ANTISMASH_ANALYSIS:ANTISMASH (Pantoea_sp._ICBG_828)	COMPLETED	0	2026-08-29 01:25:49.274	2026-08-29 01:25:49.369	2026-08-29 01:26:21.046	29.8s	2	6 GB	663.3 MB	7.7 GB	99.0%	1.1%	1.2 GB	68.5 MB
928	f5/01e24c	BGC_ANALYSIS:ANTISMASH_ANALYSIS:ANTISMASH (Pantoea_sp._UBA5960_UBA5960)	COMPLETED	0	2026-08-29 01:25:51.783	2026-08-29 01:25:51.879	2026-08-29 01:26:22.667	28.9s	2	6 GB	465.2 MB	7.7 GB	99.1%	0.7%	1.3 GB	48.4 MB
936	23/ef396b	BGC_ANALYSIS:ANTISMASH_ANALYSIS:ANTISMASH (Pantoea_vagans_UBA6713)	COMPLETED	0	2026-08-29 01:25:57.141	2026-08-29 01:25:57.236	2026-08-29 01:26:31.146	31.8s	2	6 GB	502.7 MB	7.8 GB	103.6%	0.7%	1.2 GB	54.7 MB
916	27/8f3064	BGC_ANALYSIS:ANTISMASH_ANALYSIS:ANTISMASH (Pantoea_sp._RIT413)	COMPLETED	0	2026-08-29 01:26:10.162	2026-08-29 01:26:10.259	2026-08-29 01:26:39.943	27.7s	2	6 GB	635 MB	7.7 GB	93.6%	1.0%	1.2 GB	58.5 MB
920	0f/1825a8	BGC_ANALYSIS:ANTISMASH_ANALYSIS:ANTISMASH (Pantoea_sp._UBA3896_UBA3896)	COMPLETED	0	2026-08-29 01:26:18.174	2026-08-29 01:26:18.270	2026-08-29 01:26:42.549	22.4s	2	6 GB	494.5 MB	7.8 GB	102.7%	0.7%	844.7 MB	39.2 MB
921	a7/5023a8	BGC_ANALYSIS:ANTISMASH_ANALYSIS:ANTISMASH (Pantoea_sp._UBA4389_UBA4389)	COMPLETED	0	2026-08-29 01:26:16.824	2026-08-29 01:26:16.919	2026-08-29 01:26:44.625	25.7s	2	6 GB	504.4 MB	7.8 GB	102.2%	0.7%	997.3 MB	45.3 MB
922	42/547066	BGC_ANALYSIS:ANTISMASH_ANALYSIS:ANTISMASH (Pantoea_sp._UBA4549_UBA4549)	COMPLETED	0	2026-08-29 01:26:19.474	2026-08-29 01:26:19.571	2026-08-29 01:26:45.445	24s	2	6 GB	485.9 MB	7.8 GB	101.7%	0.7%	978.3 MB	40.9 MB
924	b6/1b36ef	BGC_ANALYSIS:ANTISMASH_ANALYSIS:ANTISMASH (Pantoea_sp._UBA5035_UBA5035)	COMPLETED	0	2026-08-29 01:26:22.671	2026-08-29 01:26:22.767	2026-08-29 01:26:55.644	31s	2	6 GB	487.7 MB	7.8 GB	100.1%	0.7%	1.3 GB	52.8 MB
931	94/dd48c8	BGC_ANALYSIS:ANTISMASH_ANALYSIS:ANTISMASH (Pantoea_sp._UBA7232_UBA7232)	COMPLETED	0	2026-08-29 01:26:44.630	2026-08-29 01:26:44.725	2026-08-29 01:27:10.643	23.9s	2	6 GB	462.5 MB	7.7 GB	104.0%	0.7%	972.8 MB	40.6 MB
926	d4/8a4e42	BGC_ANALYSIS:ANTISMASH_ANALYSIS:ANTISMASH (Pantoea_sp._UBA5923_UBA5923)	COMPLETED	0	2026-08-29 01:26:31.151	2026-08-29 01:26:31.246	2026-08-29 01:27:23.625	50.4s	2	6 GB	471.6 MB	7.7 GB	103.5%	0.7%	2.4 GB	78.6 MB
937	01/92525a	BGC_ANALYSIS:ANTISMASH_ANALYSIS:ANTISMASH (Buchnera_aphidicola_Sipha_maydis_LE2927)	COMPLETED	0	2026-08-29 01:27:23.629	2026-08-29 01:27:23.725	2026-08-29 01:27:30.625	5s	2	6 GB	200.1 MB	2.7 GB	114.4%	0.3%	222.1 MB	4.5 MB
930	9a/68f571	BGC_ANALYSIS:ANTISMASH_ANALYSIS:ANTISMASH (Pantoea_sp._UBA6567_UBA6567)	COMPLETED	0	2026-08-29 01:27:10.648	2026-08-29 01:27:10.744	2026-08-29 01:27:33.361	20.7s	2	6 GB	523.7 MB	7.8 GB	115.2%	0.8%	884.8 MB	39.9 MB
923	c2/ce2666	BGC_ANALYSIS:ANTISMASH_ANALYSIS:ANTISMASH (Pantoea_sp._UBA4570_UBA4570)	COMPLETED	0	2026-08-29 01:26:21.050	2026-08-29 01:26:21.146	2026-08-29 01:28:10.498	1m 47s	2	6 GB	509.9 MB	7.7 GB	110.5%	0.8%	5.7 GB	160.9 MB
927	53/301d84	BGC_ANALYSIS:ANTISMASH_ANALYSIS:ANTISMASH (Pantoea_sp._UBA5931_UBA5931)	COMPLETED	0	2026-08-29 01:25:39.992	2026-08-29 01:25:40.088	2026-08-29 01:28:19.597	2m 38s	2	6 GB	492.8 MB	7.7 GB	113.1%	0.8%	8.4 GB	222.5 MB
940	64/89726f	BGC_ANALYSIS:ANTISMASH_ANALYSIS:ANTISMASH (Duffyella_gerundensis_CTOTU46774)	COMPLETED	0	2026-08-29 01:27:30.631	2026-08-29 01:27:30.726	2026-08-29 01:28:26.207	53.6s	2	6 GB	480.1 MB	7.7 GB	108.1%	0.7%	2.5 GB	82.5 MB
938	5f/244101	BGC_ANALYSIS:ANTISMASH_ANALYSIS:ANTISMASH (Candidatus_Pantoea_bathycoeliae_BD_Bin1)	COMPLETED	0	2026-08-29 01:27:33.365	2026-08-29 01:27:33.462	2026-08-29 01:28:34.756	59.3s	2	6 GB	472.3 MB	7.6 GB	109.9%	0.7%	3.1 GB	90.5 MB
939	54/6e8490	BGC_ANALYSIS:ANTISMASH_ANALYSIS:ANTISMASH (Curtobacterium_plantarum_CC49)	COMPLETED	0	2026-08-29 01:28:10.502	2026-08-29 01:28:10.598	2026-08-29 01:28:42.295	29.7s	2	6 GB	725.9 MB	7.8 GB	105.0%	1.2%	1.1 GB	62.6 MB
929	70/1eadb9	BGC_ANALYSIS:ANTISMASH_ANALYSIS:ANTISMASH (Pantoea_sp._UBA6551_UBA6551)	COMPLETED	0	2026-08-29 01:26:42.553	2026-08-29 01:26:42.649	2026-08-29 01:28:43.097	1m 59s	2	6 GB	503.7 MB	7.7 GB	112.0%	0.8%	6.3 GB	170 MB
932	28/41ab0f	BGC_ANALYSIS:ANTISMASH_ANALYSIS:ANTISMASH (Pantoea_sp._UBA7401_UBA7401)	COMPLETED	0	2026-08-29 01:26:45.449	2026-08-29 01:26:45.545	2026-08-29 01:28:47.110	2m	2	6 GB	470.1 MB	7.6 GB	111.1%	0.7%	6.4 GB	173.2 MB
935	71/d23a71	BGC_ANALYSIS:ANTISMASH_ANALYSIS:ANTISMASH (Pantoea_vagans_UBA6298)	COMPLETED	0	2026-08-29 01:26:39.947	2026-08-29 01:26:40.044	2026-08-29 01:28:50.423	2m 8s	2	6 GB	492.1 MB	7.6 GB	112.4%	0.8%	6.7 GB	183.8 MB
941	75/a1132c	BGC_ANALYSIS:ANTISMASH_ANALYSIS:ANTISMASH (Erwinia_pyri_DE2)	COMPLETED	0	2026-08-29 01:28:43.102	2026-08-29 01:28:43.197	2026-08-29 01:29:07.271	21.9s	2	6 GB	813.6 MB	7.8 GB	133.8%	1.4%	889.1 MB	60.2 MB
933	3b/556b6c	BGC_ANALYSIS:ANTISMASH_ANALYSIS:ANTISMASH (Pantoea_sp._UBA7604_UBA7604)	COMPLETED	0	2026-08-29 01:26:55.649	2026-08-29 01:26:55.745	2026-08-29 01:29:07.750	2m 10s	2	6 GB	513.3 MB	7.7 GB	110.7%	0.8%	6.8 GB	184.9 MB
946	b2/6b9d14	BGC_ANALYSIS:ANTISMASH_ANALYSIS:ANTISMASH (Erwinia_wuhanensis_BC051422)	COMPLETED	0	2026-08-29 01:28:47.115	2026-08-29 01:28:47.210	2026-08-29 01:29:17.282	27.7s	2	6 GB	702.2 MB	7.8 GB	98.6%	1.3%	1 GB	61.8 MB
945	6b/b679fe	BGC_ANALYSIS:ANTISMASH_ANALYSIS:ANTISMASH (Erwinia_sp._PsM31)	COMPLETED	0	2026-08-29 01:28:34.760	2026-08-29 01:28:34.857	2026-08-29 01:29:23.045	46s	2	6 GB	677.9 MB	7.7 GB	93.8%	1.2%	2 GB	87.5 MB
948	f8/c929c0	BGC_ANALYSIS:ANTISMASH_ANALYSIS:ANTISMASH (Mixta_calida_CTOTU46787)	COMPLETED	0	2026-08-29 01:28:50.428	2026-08-29 01:28:50.523	2026-08-29 01:29:43.188	50.4s	2	6 GB	485.2 MB	7.7 GB	99.8%	0.7%	2.2 GB	75 MB
951	fe/f3148e	BGC_ANALYSIS:ANTISMASH_ANALYSIS:ANTISMASH (Mixta_calida_CTOTU47587)	COMPLETED	0	2026-08-29 01:29:17.290	2026-08-29 01:29:17.381	2026-08-29 01:29:59.497	39.7s	2	6 GB	477.8 MB	7.7 GB	99.2%	0.7%	1.7 GB	60.8 MB
955	68/9f142e	BGC_ANALYSIS:ANTISMASH_ANALYSIS:ANTISMASH (Mixta_calida_CTOTU48073)	COMPLETED	0	2026-08-29 01:28:42.300	2026-08-29 01:28:42.396	2026-08-29 01:30:02.245	1m 18s	2	6 GB	493.8 MB	7.7 GB	101.2%	0.7%	3.7 GB	111.5 MB
954	d3/c78ef1	BGC_ANALYSIS:ANTISMASH_ANALYSIS:ANTISMASH (Mixta_calida_CTOTU47990)	COMPLETED	0	2026-08-29 01:29:59.502	2026-08-29 01:29:59.597	2026-08-29 01:30:49.605	47.5s	2	6 GB	471.2 MB	7.6 GB	103.0%	0.7%	2.2 GB	73.2 MB
949	9e/d5ed14	BGC_ANALYSIS:ANTISMASH_ANALYSIS:ANTISMASH (Mixta_calida_CTOTU47165)	COMPLETED	0	2026-08-29 01:30:02.250	2026-08-29 01:30:02.345	2026-08-29 01:30:53.535	48.8s	2	6 GB	487.6 MB	7.6 GB	105.5%	0.7%	2.3 GB	77.4 MB
958	5e/262c98	BGC_ANALYSIS:ANTISMASH_ANALYSIS:ANTISMASH (Mixta_theicola_NBRC_110557)	COMPLETED	0	2026-08-29 01:30:53.539	2026-08-29 01:30:53.635	2026-08-29 01:31:22.832	27.1s	2	6 GB	642.2 MB	7.7 GB	98.4%	1.0%	1.1 GB	57.5 MB
961	0d/11bd13	BGC_ANALYSIS:ANTISMASH_ANALYSIS:ANTISMASH (Pantoea_agglomerans_AR24)	COMPLETED	0	2026-08-29 01:31:22.837	2026-08-29 01:31:22.932	2026-08-29 01:31:46.494	21.4s	2	6 GB	790.7 MB	7.8 GB	133.4%	1.3%	870.9 MB	61 MB
942	e9/bcd8a7	BGC_ANALYSIS:ANTISMASH_ANALYSIS:ANTISMASH (Erwinia_sp._CTOTU46754)	COMPLETED	0	2026-08-29 01:29:07.274	2026-08-29 01:29:07.371	2026-08-29 01:31:59.311	2m 50s	2	6 GB	500.4 MB	7.6 GB	109.8%	0.9%	8.7 GB	230.4 MB
959	a0/f5a459	BGC_ANALYSIS:ANTISMASH_ANALYSIS:ANTISMASH (Pantoea_agglomerans_9Rz4)	COMPLETED	0	2026-08-29 01:31:46.498	2026-08-29 01:31:46.594	2026-08-29 01:32:14.968	26.2s	2	6 GB	773.9 MB	7.8 GB	119.8%	1.3%	975.8 MB	63.4 MB
967	da/32feb4	BGC_ANALYSIS:ANTISMASH_ANALYSIS:ANTISMASH (Pantoea_agglomerans_FC61912-B)	COMPLETED	0	2026-08-29 01:31:59.315	2026-08-29 01:31:59.412	2026-08-29 01:32:24.447	22.8s	2	6 GB	850.7 MB	7.9 GB	124.8%	1.4%	955.7 MB	64.7 MB
944	81/076886	BGC_ANALYSIS:ANTISMASH_ANALYSIS:ANTISMASH (Erwinia_sp._CTOTU47564)	COMPLETED	0	2026-08-29 01:28:26.211	2026-08-29 01:28:26.308	2026-08-29 01:32:33.488	4m 5s	2	6 GB	528.9 MB	7.6 GB	110.1%	1.0%	12.9 GB	334.2 MB
968	ac/931dfe	BGC_ANALYSIS:ANTISMASH_ANALYSIS:ANTISMASH (Pantoea_agglomerans_ISF_438)	COMPLETED	0	2026-08-29 01:32:24.451	2026-08-29 01:32:24.547	2026-08-29 01:32:48.200	21.5s	2	6 GB	612.2 MB	7.9 GB	130.6%	1.0%	792.2 MB	43.9 MB
953	4c/2af1b0	BGC_ANALYSIS:ANTISMASH_ANALYSIS:ANTISMASH (Mixta_calida_CTOTU47914)	COMPLETED	0	2026-08-29 01:29:23.049	2026-08-29 01:29:23.146	2026-08-29 01:32:50.186	3m 25s	2	6 GB	511.2 MB	7.7 GB	111.4%	1.0%	10.9 GB	282.6 MB
950	54/1f511e	BGC_ANALYSIS:ANTISMASH_ANALYSIS:ANTISMASH (Mixta_calida_CTOTU47345)	COMPLETED	0	2026-08-29 01:29:43.192	2026-08-29 01:29:43.288	2026-08-29 01:33:03.045	3m 17s	2	6 GB	505.6 MB	7.6 GB	113.1%	0.9%	10.7 GB	277.4 MB
947	92/457c91	BGC_ANALYSIS:ANTISMASH_ANALYSIS:ANTISMASH (Mixta_calida_CTOTU46717)	COMPLETED	0	2026-08-29 01:28:19.602	2026-08-29 01:28:19.697	2026-08-29 01:33:30.657	5m 9s	2	6 GB	545.6 MB	7.7 GB	109.3%	1.0%	16.8 GB	425.6 MB
952	aa/a38f0c	BGC_ANALYSIS:ANTISMASH_ANALYSIS:ANTISMASH (Mixta_calida_CTOTU47719)	COMPLETED	0	2026-08-29 01:29:07.764	2026-08-29 01:29:07.887	2026-08-29 01:33:31.584	4m 22s	2	6 GB	523.7 MB	7.7 GB	110.8%	1.0%	14.2 GB	360.7 MB
957	38/488931	BGC_ANALYSIS:ANTISMASH_ANALYSIS:ANTISMASH (Mixta_sp._BE291)	COMPLETED	0	2026-08-29 01:33:03.049	2026-08-29 01:33:03.145	2026-08-29 01:33:34.745	29.4s	2	6 GB	698.2 MB	7.7 GB	97.6%	1.2%	1.1 GB	60.1 MB
956	c3/8b5cd6	BGC_ANALYSIS:ANTISMASH_ANALYSIS:ANTISMASH (Mixta_mediterraneensis_JHMAG-1)	COMPLETED	0	2026-08-29 01:32:33.492	2026-08-29 01:32:33.588	2026-08-29 01:33:38.564	1m 3s	2	6 GB	764.3 MB	7.8 GB	99.5%	1.3%	3.2 GB	116.1 MB
943	39/533274	BGC_ANALYSIS:ANTISMASH_ANALYSIS:ANTISMASH (Erwinia_sp._CTOTU46998)	COMPLETED	0	2026-08-29 01:30:49.609	2026-08-29 01:30:49.705	2026-08-29 01:33:47.219	2m 55s	2	6 GB	505.7 MB	7.6 GB	112.7%	0.9%	9.3 GB	245.6 MB
962	7b/58526a	BGC_ANALYSIS:ANTISMASH_ANALYSIS:ANTISMASH (Pantoea_agglomerans_AR8b)	COMPLETED	0	2026-08-29 01:33:30.661	2026-08-29 01:33:30.758	2026-08-29 01:33:53.636	20.8s	2	6 GB	800.1 MB	7.8 GB	127.2%	1.4%	861.2 MB	60 MB
960	51/fe3d47	BGC_ANALYSIS:ANTISMASH_ANALYSIS:ANTISMASH (Pantoea_agglomerans_AJ2b)	COMPLETED	0	2026-08-29 01:32:48.206	2026-08-29 01:32:48.300	2026-08-29 01:33:57.286	1m 7s	2	6 GB	4.8 GB	8.2 GB	131.7%	7.8%	22.9 GB	65.2 MB
963	a4/9f1f70	BGC_ANALYSIS:ANTISMASH_ANALYSIS:ANTISMASH (Pantoea_agglomerans_BH6c)	COMPLETED	0	2026-08-29 01:32:50.190	2026-08-29 01:32:50.286	2026-08-29 01:34:00.277	1m 8s	2	6 GB	4.9 GB	8 GB	132.2%	5.8%	23.8 GB	64.5 MB
964	7c/0bb623	BGC_ANALYSIS:ANTISMASH_ANALYSIS:ANTISMASH (Pantoea_agglomerans_CTOTU46734)	COMPLETED	0	2026-08-29 01:33:31.588	2026-08-29 01:33:31.685	2026-08-29 01:34:04.680	31s	2	6 GB	487.1 MB	7.8 GB	100.1%	0.7%	1.2 GB	53.4 MB
966	fa/95ef2b	BGC_ANALYSIS:ANTISMASH_ANALYSIS:ANTISMASH (Pantoea_agglomerans_DSM_3493_2)	COMPLETED	0	2026-08-29 01:33:34.750	2026-08-29 01:33:34.845	2026-08-29 01:34:07.382	30.5s	2	6 GB	696.7 MB	7.7 GB	94.6%	1.2%	1.1 GB	64.1 MB
970	82/cd414b	BGC_ANALYSIS:ANTISMASH_ANALYSIS:ANTISMASH (Pantoea_agglomerans_NBBC-01)	COMPLETED	0	2026-08-29 01:33:47.223	2026-08-29 01:33:47.318	2026-08-29 01:34:12.214	22.6s	2	6 GB	787 MB	7.8 GB	126.1%	1.3%	904.3 MB	61.1 MB
969	48/cac5ab	BGC_ANALYSIS:ANTISMASH_ANALYSIS:ANTISMASH (Pantoea_agglomerans_MMD61212-C)	COMPLETED	0	2026-08-29 01:33:53.641	2026-08-29 01:33:53.736	2026-08-29 01:34:17.514	21.7s	2	6 GB	761.9 MB	7.8 GB	129.7%	1.3%	861.3 MB	60 MB
972	da/27fffe	BGC_ANALYSIS:ANTISMASH_ANALYSIS:ANTISMASH (Pantoea_agglomerans_PvP026)	COMPLETED	0	2026-08-29 01:34:00.281	2026-08-29 01:34:00.378	2026-08-29 01:34:25.504	22.8s	2	6 GB	815.2 MB	7.8 GB	127.5%	1.3%	910.9 MB	60.7 MB
976	e1/c5a0da	BGC_ANALYSIS:ANTISMASH_ANALYSIS:ANTISMASH (Pantoea_agglomerans_W2I1)	COMPLETED	0	2026-08-29 01:34:04.683	2026-08-29 01:34:04.780	2026-08-29 01:34:29.316	22.1s	2	6 GB	798 MB	7.8 GB	129.1%	1.3%	866.5 MB	58.5 MB
971	0a/d8774d	BGC_ANALYSIS:ANTISMASH_ANALYSIS:ANTISMASH (Pantoea_agglomerans_Pan8)	COMPLETED	0	2026-08-29 01:33:57.289	2026-08-29 01:33:57.387	2026-08-29 01:34:34.892	35.4s	2	6 GB	685 MB	7.7 GB	93.1%	1.3%	1.4 GB	71.4 MB
977	4e/75e7a2	BGC_ANALYSIS:ANTISMASH_ANALYSIS:ANTISMASH (Pantoea_agglomerans_subsp._jekyllhydei_SeqCode_AR5)	COMPLETED	0	2026-08-29 01:33:38.568	2026-08-29 01:33:38.664	2026-08-29 01:34:43.562	1m 3s	2	6 GB	4.9 GB	8.1 GB	130.5%	4.8%	19.1 GB	62 MB
973	1a/2e5e57	BGC_ANALYSIS:ANTISMASH_ANALYSIS:ANTISMASH (Pantoea_agglomerans_ROTS050421)	COMPLETED	0	2026-08-29 01:34:25.509	2026-08-29 01:34:25.604	2026-08-29 01:34:50.712	22.9s	2	6 GB	812.5 MB	7.8 GB	127.9%	1.4%	902.4 MB	62.4 MB
980	ad/870e6a	BGC_ANALYSIS:ANTISMASH_ANALYSIS:ANTISMASH (Pantoea_allii_BAV3077)	COMPLETED	0	2026-08-29 01:34:34.896	2026-08-29 01:34:34.992	2026-08-29 01:34:54.051	16.7s	2	6 GB	663.2 MB	7.4 GB	138.8%	1.1%	768.2 MB	35.9 MB
978	5b/7fcbbe	BGC_ANALYSIS:ANTISMASH_ANALYSIS:ANTISMASH (Pantoea_allii_BAV3048)	COMPLETED	0	2026-08-29 01:34:12.218	2026-08-29 01:34:12.314	2026-08-29 01:34:59.987	45.3s	2	6 GB	736.1 MB	7.8 GB	94.0%	1.3%	2 GB	87.4 MB
979	34/49b270	BGC_ANALYSIS:ANTISMASH_ANALYSIS:ANTISMASH (Pantoea_allii_BAV3055)	COMPLETED	0	2026-08-29 01:34:29.322	2026-08-29 01:34:29.416	2026-08-29 01:35:06.735	35.1s	2	6 GB	755.7 MB	7.8 GB	95.1%	1.3%	1.4 GB	74.2 MB
974	a9/e9e5a4	BGC_ANALYSIS:ANTISMASH_ANALYSIS:ANTISMASH (Pantoea_agglomerans_SUH1)	COMPLETED	0	2026-08-29 01:34:07.386	2026-08-29 01:34:07.482	2026-08-29 01:35:17.508	1m 8s	2	6 GB	4.9 GB	7.8 GB	130.4%	5.9%	22.9 GB	64.6 MB
975	32/3ea63e	BGC_ANALYSIS:ANTISMASH_ANALYSIS:ANTISMASH (Pantoea_agglomerans_T88c)	COMPLETED	0	2026-08-29 01:34:17.518	2026-08-29 01:34:17.614	2026-08-29 01:35:23.135	1m 3s	2	6 GB	4.9 GB	8 GB	128.9%	4.8%	19.1 GB	64 MB
989	62/91ef50	BGC_ANALYSIS:ANTISMASH_ANALYSIS:ANTISMASH (Pantoea_anthophila_SORGH_AS_0797)	COMPLETED	0	2026-08-29 01:35:06.742	2026-08-29 01:35:06.835	2026-08-29 01:35:31.902	22.6s	2	6 GB	784.4 MB	7.8 GB	125.6%	1.3%	860.9 MB	56.5 MB
987	b3/17dc35	BGC_ANALYSIS:ANTISMASH_ANALYSIS:ANTISMASH (Pantoea_ananatis_SORGH_AS_0213)	COMPLETED	0	2026-08-29 01:34:59.991	2026-08-29 01:35:00.087	2026-08-29 01:35:42.773	40.4s	2	6 GB	744.4 MB	7.8 GB	95.6%	1.3%	1.5 GB	75.2 MB
981	cd/73593f	BGC_ANALYSIS:ANTISMASH_ANALYSIS:ANTISMASH (Pantoea_ananatis_13.3)	COMPLETED	0	2026-08-29 01:34:43.567	2026-08-29 01:34:43.662	2026-08-29 01:35:47.767	1m 2s	2	6 GB	4.8 GB	7.9 GB	107.9%	5.6%	9.8 GB	69.9 MB
982	c5/1d70ec	BGC_ANALYSIS:ANTISMASH_ANALYSIS:ANTISMASH (Pantoea_ananatis_4.2)	COMPLETED	0	2026-08-29 01:34:50.716	2026-08-29 01:34:50.812	2026-08-29 01:35:57.017	1m 4s	2	6 GB	4.7 GB	7.8 GB	107.5%	5.5%	10 GB	76 MB
983	6c/c15c5a	BGC_ANALYSIS:ANTISMASH_ANALYSIS:ANTISMASH (Pantoea_ananatis_B13)	COMPLETED	0	2026-08-29 01:34:54.055	2026-08-29 01:34:54.151	2026-08-29 01:35:59.228	1m 3s	2	6 GB	4.8 GB	7.9 GB	106.7%	7.0%	10 GB	70.5 MB
993	9d/e7f310	BGC_ANALYSIS:ANTISMASH_ANALYSIS:ANTISMASH (Pantoea_dispersa_SORGH_AS_1094)	COMPLETED	0	2026-08-29 01:35:42.778	2026-08-29 01:35:42.873	2026-08-29 01:36:07.738	22.6s	2	6 GB	797.6 MB	7.8 GB	125.5%	1.3%	864.5 MB	59 MB
988	14/8e2b7d	BGC_ANALYSIS:ANTISMASH_ANALYSIS:ANTISMASH (Pantoea_ananatis_ZM-BH-PB4)	COMPLETED	0	2026-08-29 01:35:57.021	2026-08-29 01:35:57.117	2026-08-29 01:36:20.079	20.8s	2	6 GB	712.6 MB	7.8 GB	120.5%	1.2%	834.4 MB	57.1 MB
986	e0/9cc425	BGC_ANALYSIS:ANTISMASH_ANALYSIS:ANTISMASH (Pantoea_ananatis_SORGH_AS_0197)	COMPLETED	0	2026-08-29 01:35:59.231	2026-08-29 01:35:59.328	2026-08-29 01:36:24.601	22.8s	2	6 GB	801.2 MB	7.8 GB	130.1%	1.3%	897.3 MB	59.9 MB
985	e0/f8fa7d	BGC_ANALYSIS:ANTISMASH_ANALYSIS:ANTISMASH (Pantoea_ananatis_BAV3127)	COMPLETED	0	2026-08-29 01:35:23.139	2026-08-29 01:35:23.235	2026-08-29 01:36:32.102	1m 7s	2	6 GB	4.7 GB	7.8 GB	132.1%	8.2%	21.4 GB	59.1 MB
990	5c/882886	BGC_ANALYSIS:ANTISMASH_ANALYSIS:ANTISMASH (Pantoea_anthophila_UI705)	COMPLETED	0	2026-08-29 01:36:24.605	2026-08-29 01:36:24.701	2026-08-29 01:36:44.664	17.8s	2	6 GB	642.9 MB	7.4 GB	137.4%	1.0%	741.6 MB	34.2 MB
984	ed/7a1f2f	BGC_ANALYSIS:ANTISMASH_ANALYSIS:ANTISMASH (Pantoea_ananatis_BAV3096)	COMPLETED	0	2026-08-29 01:35:31.906	2026-08-29 01:35:32.002	2026-08-29 01:37:09.818	1m 36s	2	6 GB	4.8 GB	8.2 GB	117.1%	6.4%	22.7 GB	88.9 MB
995	a6/d971b8	BGC_ANALYSIS:ANTISMASH_ANALYSIS:ANTISMASH (Pantoea_eucalypti_BAV3111)	COMPLETED	0	2026-08-29 01:36:07.742	2026-08-29 01:36:07.838	2026-08-29 01:37:27.986	1m 18s	2	6 GB	758.6 MB	7.8 GB	98.3%	1.3%	4 GB	135.1 MB
994	9e/3e934f	BGC_ANALYSIS:ANTISMASH_ANALYSIS:ANTISMASH (Pantoea_endophytica_CTOTU47575)	COMPLETED	0	2026-08-29 01:35:47.771	2026-08-29 01:35:47.868	2026-08-29 01:37:29.588	1m 39s	2	6 GB	514.4 MB	7.6 GB	107.4%	1.0%	4.7 GB	141.9 MB
965	48/3910be	BGC_ANALYSIS:ANTISMASH_ANALYSIS:ANTISMASH (Pantoea_agglomerans_CTOTU46772)	COMPLETED	0	2026-08-29 01:32:14.972	2026-08-29 01:32:15.069	2026-08-29 01:37:51.546	5m 34s	2	6 GB	591 MB	7.7 GB	111.0%	1.0%	17.5 GB	454.8 MB
1003	c4/a2ddcb	BGC_ANALYSIS:ANTISMASH_ANALYSIS:ANTISMASH (Pantoea_piersonii_CTOTU47921)	COMPLETED	0	2026-08-29 01:36:44.668	2026-08-29 01:36:44.765	2026-08-29 01:38:06.689	1m 20s	2	6 GB	534.4 MB	7.7 GB	105.0%	0.8%	3.7 GB	115.6 MB
991	f9/fd0bb0	BGC_ANALYSIS:ANTISMASH_ANALYSIS:ANTISMASH (Pantoea_brenneri_CTOTU46732)	COMPLETED	0	2026-08-29 01:37:09.822	2026-08-29 01:37:09.918	2026-08-29 01:38:08.894	56.7s	2	6 GB	497.4 MB	7.7 GB	104.8%	0.8%	2.4 GB	83.6 MB
1002	3c/30659f	BGC_ANALYSIS:ANTISMASH_ANALYSIS:ANTISMASH (Pantoea_piersonii_CTOTU47726)	COMPLETED	0	2026-08-29 01:36:32.107	2026-08-29 01:36:32.202	2026-08-29 01:38:59.539	2m 25s	2	6 GB	539.1 MB	7.7 GB	110.3%	0.9%	7.3 GB	200.3 MB
996	8a/3661e5	BGC_ANALYSIS:ANTISMASH_ANALYSIS:ANTISMASH (Pantoea_eucalypti_CTOTU46720)	COMPLETED	0	2026-08-29 01:38:59.542	2026-08-29 01:38:59.639	2026-08-29 01:39:43.155	41.2s	2	6 GB	494.1 MB	7.7 GB	106.5%	0.7%	1.8 GB	68.3 MB
1000	31/d23804	BGC_ANALYSIS:ANTISMASH_ANALYSIS:ANTISMASH (Pantoea_eucrina_CTOTU47867)	COMPLETED	0	2026-08-29 01:38:06.694	2026-08-29 01:38:06.789	2026-08-29 01:39:43.571	1m 35s	2	6 GB	568.1 MB	7.8 GB	111.2%	0.9%	4.9 GB	138.9 MB
998	4b/8d9762	BGC_ANALYSIS:ANTISMASH_ANALYSIS:ANTISMASH (Pantoea_eucrina_CTOTU47420)	COMPLETED	0	2026-08-29 01:36:20.083	2026-08-29 01:36:20.179	2026-08-29 01:39:57.232	3m 35s	2	6 GB	526.8 MB	7.7 GB	112.2%	1.0%	11.5 GB	295.4 MB
997	79/8538a6	BGC_ANALYSIS:ANTISMASH_ANALYSIS:ANTISMASH (Pantoea_eucalypti_CTOTU47461)	COMPLETED	0	2026-08-29 01:35:17.512	2026-08-29 01:35:17.608	2026-08-29 01:40:28.171	5m 9s	2	6 GB	549.7 MB	7.7 GB	112.2%	1.0%	16.3 GB	418.3 MB
1010	a7/bfdfba	BGC_ANALYSIS:ANTISMASH_ANALYSIS:ANTISMASH (Pantoea_septica_CTOTU47044)	COMPLETED	0	2026-08-29 01:39:43.575	2026-08-29 01:39:43.671	2026-08-29 01:40:45.314	59.5s	2	6 GB	486.4 MB	7.6 GB	104.6%	0.7%	2.9 GB	94 MB
1018	88/097b3b	BGC_ANALYSIS:ANTISMASH_ANALYSIS:ANTISMASH (Pantoea_sp._QMID4)	COMPLETED	0	2026-08-29 01:40:28.175	2026-08-29 01:40:28.271	2026-08-29 01:41:00.276	29.9s	2	6 GB	697.5 MB	7.8 GB	98.9%	1.2%	1.1 GB	63 MB
1013	c8/70a251	BGC_ANALYSIS:ANTISMASH_ANALYSIS:ANTISMASH (Pantoea_sp._CTOTU46950_CTOTU46950)	COMPLETED	0	2026-08-29 01:37:51.551	2026-08-29 01:37:51.646	2026-08-29 01:41:02.784	3m 9s	2	6 GB	514.9 MB	7.7 GB	115.7%	1.0%	9.8 GB	258.1 MB
1023	b8/49b850	BGC_ANALYSIS:ANTISMASH_ANALYSIS:ANTISMASH (Pantoea_stewartii_subsp._indologenes_LMG_2630)	COMPLETED	0	2026-08-29 01:41:02.788	2026-08-29 01:41:02.885	2026-08-29 01:41:27.237	22.1s	2	6 GB	629.6 MB	7.9 GB	131.0%	1.0%	794.6 MB	43 MB
1001	47/138d17	BGC_ANALYSIS:ANTISMASH_ANALYSIS:ANTISMASH (Pantoea_phytobeneficialis_PF55)	COMPLETED	0	2026-08-29 01:40:45.318	2026-08-29 01:40:45.414	2026-08-29 01:41:35.751	48.1s	2	6 GB	762.5 MB	7.8 GB	95.6%	1.3%	2.1 GB	98.4 MB
999	52/54e208	BGC_ANALYSIS:ANTISMASH_ANALYSIS:ANTISMASH (Pantoea_eucrina_CTOTU47818)	COMPLETED	0	2026-08-29 01:39:43.160	2026-08-29 01:39:43.255	2026-08-29 01:41:43.252	1m 58s	2	6 GB	516.5 MB	7.7 GB	113.5%	0.8%	6.1 GB	166.1 MB
1024	25/5b9b51	BGC_ANALYSIS:ANTISMASH_ANALYSIS:ANTISMASH (Pantoea_stewartii_subsp._indologenes_LMG_2671)	COMPLETED	0	2026-08-29 01:41:27.242	2026-08-29 01:41:27.337	2026-08-29 01:41:52.657	23.1s	2	6 GB	638.1 MB	7.9 GB	128.8%	1.1%	807.2 MB	43.5 MB
992	c8/a36252	BGC_ANALYSIS:ANTISMASH_ANALYSIS:ANTISMASH (Pantoea_dispersa_CTOTU47074)	COMPLETED	0	2026-08-29 01:37:27.989	2026-08-29 01:37:28.085	2026-08-29 01:42:01.728	4m 31s	2	6 GB	547.2 MB	7.7 GB	113.6%	1.0%	14.7 GB	376.2 MB
1004	46/021bf1	BGC_ANALYSIS:ANTISMASH_ANALYSIS:ANTISMASH (Pantoea_septica_CTOTU46749)	COMPLETED	0	2026-08-29 01:38:08.897	2026-08-29 01:38:08.993	2026-08-29 01:42:02.043	3m 51s	2	6 GB	526.2 MB	7.7 GB	112.9%	1.0%	12.5 GB	325.1 MB
1014	3d/fb01b1	BGC_ANALYSIS:ANTISMASH_ANALYSIS:ANTISMASH (Pantoea_sp._Lij88)	COMPLETED	0	2026-08-29 01:42:02.046	2026-08-29 01:42:02.143	2026-08-29 01:42:24.909	20.7s	2	6 GB	771.4 MB	7.8 GB	130.9%	1.3%	823.6 MB	57.5 MB
1008	63/6ed03e	BGC_ANALYSIS:ANTISMASH_ANALYSIS:ANTISMASH (Pantoea_septica_CTOTU46979)	COMPLETED	0	2026-08-29 01:41:43.257	2026-08-29 01:41:43.353	2026-08-29 01:42:31.140	45.6s	2	6 GB	485.6 MB	7.7 GB	104.5%	0.7%	2.1 GB	72.8 MB
1009	1e/760d20	BGC_ANALYSIS:ANTISMASH_ANALYSIS:ANTISMASH (Pantoea_septica_CTOTU46987)	COMPLETED	0	2026-08-29 01:41:00.280	2026-08-29 01:41:00.376	2026-08-29 01:42:56.194	1m 54s	2	6 GB	502 MB	7.6 GB	110.2%	0.8%	5.9 GB	164.4 MB
1015	34/de36ee	BGC_ANALYSIS:ANTISMASH_ANALYSIS:ANTISMASH (Pantoea_sp._QMID1)	COMPLETED	0	2026-08-29 01:42:24.915	2026-08-29 01:42:25.010	2026-08-29 01:42:57.244	30.1s	2	6 GB	745.4 MB	7.8 GB	99.6%	1.3%	1.2 GB	63.4 MB
1025	65/e2468a	BGC_ANALYSIS:ANTISMASH_ANALYSIS:ANTISMASH (Pantoea_stewartii_subsp._indologenes_SCHI0154.S.1)	COMPLETED	0	2026-08-29 01:42:31.145	2026-08-29 01:42:31.240	2026-08-29 01:43:04.756	31.3s	2	6 GB	675.7 MB	7.7 GB	97.4%	1.2%	1.3 GB	69.1 MB
1011	8f/4ce842	BGC_ANALYSIS:ANTISMASH_ANALYSIS:ANTISMASH (Pantoea_sp._CTOTU46764_CTOTU46764)	COMPLETED	0	2026-08-29 01:42:01.732	2026-08-29 01:42:01.829	2026-08-29 01:43:13.800	1m 10s	2	6 GB	491.2 MB	7.7 GB	105.5%	0.7%	3.3 GB	105.6 MB
1012	e0/92765c	BGC_ANALYSIS:ANTISMASH_ANALYSIS:ANTISMASH (Pantoea_sp._CTOTU46904)	COMPLETED	0	2026-08-29 01:41:52.660	2026-08-29 01:41:52.757	2026-08-29 01:43:15.284	1m 20s	2	6 GB	489.9 MB	7.7 GB	108.1%	0.7%	4.1 GB	119.3 MB
1017	93/d24242	BGC_ANALYSIS:ANTISMASH_ANALYSIS:ANTISMASH (Pantoea_sp._QMID3)	COMPLETED	0	2026-08-29 01:42:56.199	2026-08-29 01:42:56.295	2026-08-29 01:43:29.046	30.7s	2	6 GB	742.7 MB	7.8 GB	98.6%	1.2%	1.2 GB	63.5 MB
1019	59/a907df	BGC_ANALYSIS:ANTISMASH_ANALYSIS:ANTISMASH (Pantoea_sp._SHSU.bins.162)	COMPLETED	0	2026-08-29 01:39:57.236	2026-08-29 01:39:57.332	2026-08-29 01:43:30.810	3m 31s	2	6 GB	506.8 MB	7.7 GB	114.8%	1.0%	11 GB	286.6 MB
1022	7c/f2f52b	BGC_ANALYSIS:ANTISMASH_ANALYSIS:ANTISMASH (Pantoea_stewartii_RON18713)	COMPLETED	0	2026-08-29 01:43:15.289	2026-08-29 01:43:15.384	2026-08-29 01:43:37.769	20.2s	2	6 GB	796.5 MB	7.8 GB	128.7%	1.3%	765.1 MB	54 MB
1016	2b/33cf70	BGC_ANALYSIS:ANTISMASH_ANALYSIS:ANTISMASH (Pantoea_sp._QMID2)	COMPLETED	0	2026-08-29 01:43:13.804	2026-08-29 01:43:13.900	2026-08-29 01:43:46.677	30.6s	2	6 GB	707.1 MB	7.8 GB	97.0%	1.2%	1.1 GB	63 MB
1031	f4/bd326c	BGC_ANALYSIS:ANTISMASH_ANALYSIS:ANTISMASH (Pantoea_stewartii_subsp._stewartii_IPV-BO_2766)	COMPLETED	0	2026-08-29 01:43:04.760	2026-08-29 01:43:04.857	2026-08-29 01:43:50.233	43.2s	2	6 GB	637.9 MB	7.9 GB	122.7%	1.0%	2 GB	77.5 MB
1021	f6/b19ebe	BGC_ANALYSIS:ANTISMASH_ANALYSIS:ANTISMASH (Pantoea_sp._SORGH_AS_0659)	COMPLETED	0	2026-08-29 01:43:30.815	2026-08-29 01:43:30.911	2026-08-29 01:43:55.845	22.8s	2	6 GB	841 MB	7.9 GB	128.2%	1.4%	903.8 MB	62.2 MB
1027	89/26346a	BGC_ANALYSIS:ANTISMASH_ANALYSIS:ANTISMASH (Pantoea_stewartii_subsp._stewartii_34596_1_15)	COMPLETED	0	2026-08-29 01:43:37.773	2026-08-29 01:43:37.869	2026-08-29 01:44:11.983	32s	2	6 GB	528.6 MB	7.8 GB	112.7%	0.9%	1.3 GB	56.4 MB
1026	6d/fccb13	BGC_ANALYSIS:ANTISMASH_ANALYSIS:ANTISMASH (Pantoea_stewartii_subsp._stewartii_34258_2_15)	COMPLETED	0	2026-08-29 01:43:46.681	2026-08-29 01:43:46.776	2026-08-29 01:44:17.361	28.4s	2	6 GB	627.6 MB	7.8 GB	122.1%	1.1%	1.1 GB	54 MB
1029	5f/d324d0	BGC_ANALYSIS:ANTISMASH_ANALYSIS:ANTISMASH (Pantoea_stewartii_subsp._stewartii_49474_1__18)	COMPLETED	0	2026-08-29 01:43:50.238	2026-08-29 01:43:50.334	2026-08-29 01:44:22.136	29.6s	2	6 GB	646 MB	7.9 GB	124.1%	1.1%	1.2 GB	55.4 MB
1006	61/abbc8e	BGC_ANALYSIS:ANTISMASH_ANALYSIS:ANTISMASH (Pantoea_septica_CTOTU46921)	COMPLETED	0	2026-08-29 01:42:57.248	2026-08-29 01:42:57.344	2026-08-29 01:44:28.856	1m 29s	2	6 GB	496 MB	7.6 GB	106.8%	0.7%	4.4 GB	129.5 MB
1036	ac/fdde0b	BGC_ANALYSIS:ANTISMASH_ANALYSIS:ANTISMASH (Wigglesworthia_glossinidia_MAG-1)	COMPLETED	0	2026-08-29 01:44:22.141	2026-08-29 01:44:22.236	2026-08-29 01:44:33.230	8.9s	2	6 GB	205.6 MB	2.7 GB	104.2%	0.3%	419.2 MB	12.5 MB
1007	1d/af642c	BGC_ANALYSIS:ANTISMASH_ANALYSIS:ANTISMASH (Pantoea_septica_CTOTU46924)	COMPLETED	0	2026-08-29 01:37:29.591	2026-08-29 01:37:29.688	2026-08-29 01:44:34.140	7m 2s	2	6 GB	596.2 MB	7.7 GB	111.6%	1.0%	23.7 GB	595.3 MB
1034	a8/ef9a72	BGC_ANALYSIS:ANTISMASH_ANALYSIS:ANTISMASH (Pantoea_vagans_CTOTU47068)	COMPLETED	0	2026-08-29 01:44:11.986	2026-08-29 01:44:12.083	2026-08-29 01:44:44.462	30.2s	2	6 GB	494.1 MB	7.8 GB	105.6%	0.7%	1.1 GB	51.5 MB
1030	a4/02a9bf	BGC_ANALYSIS:ANTISMASH_ANALYSIS:ANTISMASH (Pantoea_stewartii_subsp._stewartii_CREA_DC_1788)	COMPLETED	0	2026-08-29 01:43:55.850	2026-08-29 01:43:55.945	2026-08-29 01:44:44.680	46.6s	2	6 GB	529.8 MB	7.7 GB	105.9%	0.8%	2.2 GB	76.9 MB
1035	f3/2dc740	BGC_ANALYSIS:ANTISMASH_ANALYSIS:ANTISMASH (Tatumella_ptyseos_Sample4_4)	COMPLETED	0	2026-08-29 01:44:28.861	2026-08-29 01:44:28.956	2026-08-29 01:44:46.149	15.1s	2	6 GB	687.7 MB	7.7 GB	124.0%	1.1%	591.8 MB	39.6 MB
1040	ac/f1a1db	BGC_ANALYSIS:ANTISMASH_ANALYSIS:ANTISMASH (Erwinia_aphidicola_B01_5)	COMPLETED	0	2026-08-29 01:44:33.235	2026-08-29 01:44:33.331	2026-08-29 01:44:55.033	19.7s	2	6 GB	826.7 MB	7.8 GB	133.5%	1.4%	772.5 MB	56.5 MB
1047	e6/eecfbb	BGC_ANALYSIS:ANTISMASH_ANALYSIS:ANTISMASH (Erwinia_aphidicola_B03_5)	COMPLETED	0	2026-08-29 01:44:34.144	2026-08-29 01:44:34.241	2026-08-29 01:44:55.651	19.4s	2	6 GB	821.5 MB	7.8 GB	132.4%	1.3%	754.8 MB	56.3 MB
1005	20/02c224	BGC_ANALYSIS:ANTISMASH_ANALYSIS:ANTISMASH (Pantoea_septica_CTOTU46803)	COMPLETED	0	2026-08-29 01:41:35.756	2026-08-29 01:41:35.851	2026-08-29 01:44:59.260	3m 21s	2	6 GB	514.7 MB	7.7 GB	111.7%	1.0%	10.8 GB	279.6 MB
1050	44/426e26	BGC_ANALYSIS:ANTISMASH_ANALYSIS:ANTISMASH (Erwinia_aphidicola_B03_8)	COMPLETED	0	2026-08-29 01:44:44.466	2026-08-29 01:44:44.562	2026-08-29 01:45:03.635	17s	2	6 GB	665.8 MB	7.4 GB	139.5%	1.0%	733.1 MB	34.7 MB
1048	47/2870f3	BGC_ANALYSIS:ANTISMASH_ANALYSIS:ANTISMASH (Erwinia_aphidicola_B03_6)	COMPLETED	0	2026-08-29 01:44:46.153	2026-08-29 01:44:46.249	2026-08-29 01:45:04.665	16.3s	2	6 GB	659.9 MB	7.4 GB	138.4%	1.1%	707.1 MB	33.9 MB
1038	c1/f6f4f6	BGC_ANALYSIS:ANTISMASH_ANALYSIS:ANTISMASH (Erwinia_aphidicola_B01_2)	COMPLETED	0	2026-08-29 01:44:44.684	2026-08-29 01:44:44.780	2026-08-29 01:45:06.703	19.8s	2	6 GB	831 MB	7.8 GB	132.8%	1.3%	761.8 MB	55.8 MB
1045	6c/de3771	BGC_ANALYSIS:ANTISMASH_ANALYSIS:ANTISMASH (Erwinia_aphidicola_B03_3)	COMPLETED	0	2026-08-29 01:44:55.037	2026-08-29 01:44:55.133	2026-08-29 01:45:14.243	17s	2	6 GB	658.4 MB	7.4 GB	137.6%	1.0%	732.6 MB	34.7 MB
1059	61/b715ec	BGC_ANALYSIS:ANTISMASH_ANALYSIS:ANTISMASH (Erwinia_aphidicola_B06_6)	COMPLETED	0	2026-08-29 01:44:59.265	2026-08-29 01:44:59.360	2026-08-29 01:45:18.239	16.7s	2	6 GB	616.2 MB	7.4 GB	137.5%	1.1%	710.3 MB	33.9 MB
1042	1e/da17bd	BGC_ANALYSIS:ANTISMASH_ANALYSIS:ANTISMASH (Erwinia_aphidicola_B01_8)	COMPLETED	0	2026-08-29 01:44:55.656	2026-08-29 01:44:55.751	2026-08-29 01:45:18.473	20.6s	2	6 GB	830.1 MB	7.8 GB	131.3%	1.4%	768.8 MB	56.4 MB
1053	f3/43ee28	BGC_ANALYSIS:ANTISMASH_ANALYSIS:ANTISMASH (Erwinia_aphidicola_B05_2)	COMPLETED	0	2026-08-29 01:45:03.639	2026-08-29 01:45:03.736	2026-08-29 01:45:23.131	17.2s	2	6 GB	663.3 MB	7.4 GB	139.7%	1.1%	734.3 MB	34.7 MB
1054	05/027cb4	BGC_ANALYSIS:ANTISMASH_ANALYSIS:ANTISMASH (Erwinia_aphidicola_B06_1)	COMPLETED	0	2026-08-29 01:45:04.669	2026-08-29 01:45:04.765	2026-08-29 01:45:24.113	17.4s	2	6 GB	652.5 MB	7.4 GB	135.5%	1.0%	712.1 MB	33.9 MB
1052	6d/0fd6d2	BGC_ANALYSIS:ANTISMASH_ANALYSIS:ANTISMASH (Erwinia_aphidicola_B04_3)	COMPLETED	0	2026-08-29 01:45:06.706	2026-08-29 01:45:06.804	2026-08-29 01:45:25.951	17s	2	6 GB	658.3 MB	7.4 GB	138.3%	1.0%	730.4 MB	34.6 MB
1041	23/3898bb	BGC_ANALYSIS:ANTISMASH_ANALYSIS:ANTISMASH (Erwinia_aphidicola_B01_7)	COMPLETED	0	2026-08-29 01:45:14.247	2026-08-29 01:45:14.343	2026-08-29 01:45:33.585	16.9s	2	6 GB	659.2 MB	7.4 GB	137.1%	1.0%	734.7 MB	34.7 MB
1043	ed/6157f5	BGC_ANALYSIS:ANTISMASH_ANALYSIS:ANTISMASH (Erwinia_aphidicola_B03_10)	COMPLETED	0	2026-08-29 01:45:18.242	2026-08-29 01:45:18.339	2026-08-29 01:45:37.193	16.7s	2	6 GB	619.9 MB	7.4 GB	139.6%	1.1%	731.4 MB	34.7 MB
1046	8a/a07ec7	BGC_ANALYSIS:ANTISMASH_ANALYSIS:ANTISMASH (Erwinia_aphidicola_B03_4)	COMPLETED	0	2026-08-29 01:45:18.476	2026-08-29 01:45:18.573	2026-08-29 01:45:40.796	20s	2	6 GB	834.2 MB	7.8 GB	135.1%	1.4%	774.8 MB	56.4 MB
1051	7e/043a7e	BGC_ANALYSIS:ANTISMASH_ANALYSIS:ANTISMASH (Erwinia_aphidicola_B03_9)	COMPLETED	0	2026-08-29 01:45:24.117	2026-08-29 01:45:24.214	2026-08-29 01:45:43.396	17.2s	2	6 GB	663.1 MB	7.4 GB	139.8%	1.1%	734.1 MB	34.7 MB
1044	1d/9ef583	BGC_ANALYSIS:ANTISMASH_ANALYSIS:ANTISMASH (Erwinia_aphidicola_B03_2)	COMPLETED	0	2026-08-29 01:45:23.135	2026-08-29 01:45:23.231	2026-08-29 01:45:45.479	20.3s	2	6 GB	823.4 MB	7.8 GB	134.0%	1.3%	772 MB	55.9 MB
1061	a9/be5155	BGC_ANALYSIS:ANTISMASH_ANALYSIS:ANTISMASH (Erwinia_aphidicola_B07_5)	COMPLETED	0	2026-08-29 01:45:25.955	2026-08-29 01:45:26.052	2026-08-29 01:45:48.228	20.1s	2	6 GB	820.9 MB	7.8 GB	130.4%	1.3%	753.4 MB	55 MB
1064	4a/2e16f6	BGC_ANALYSIS:ANTISMASH_ANALYSIS:ANTISMASH (Erwinia_aphidicola_B09_3)	COMPLETED	0	2026-08-29 01:45:33.589	2026-08-29 01:45:33.685	2026-08-29 01:45:56.222	20.3s	2	6 GB	830.7 MB	7.8 GB	132.0%	1.4%	776.4 MB	56.9 MB
1062	a1/8ccff2	BGC_ANALYSIS:ANTISMASH_ANALYSIS:ANTISMASH (Erwinia_aphidicola_B09_1)	COMPLETED	0	2026-08-29 01:45:37.199	2026-08-29 01:45:37.293	2026-08-29 01:45:56.320	16.8s	2	6 GB	666.6 MB	7.4 GB	136.9%	1.0%	736.1 MB	35.1 MB
1049	83/e41b4b	BGC_ANALYSIS:ANTISMASH_ANALYSIS:ANTISMASH (Erwinia_aphidicola_B03_7)	COMPLETED	0	2026-08-29 01:45:40.800	2026-08-29 01:45:40.896	2026-08-29 01:45:59.793	16.8s	2	6 GB	616.8 MB	7.4 GB	137.0%	1.1%	722.6 MB	34.2 MB
1037	d1/dda9fe	BGC_ANALYSIS:ANTISMASH_ANALYSIS:ANTISMASH (Erwinia_aphidicola_B01_10)	COMPLETED	0	2026-08-29 01:45:43.399	2026-08-29 01:45:43.496	2026-08-29 01:46:05.629	20.1s	2	6 GB	821.6 MB	7.8 GB	132.3%	1.3%	774.9 MB	55.9 MB
1071	33/f42b3f	BGC_ANALYSIS:ANTISMASH_ANALYSIS:ANTISMASH (Erwinia_aphidicola_B10_4)	COMPLETED	0	2026-08-29 01:45:45.483	2026-08-29 01:45:45.579	2026-08-29 01:46:07.307	19.7s	2	6 GB	823.5 MB	7.8 GB	133.9%	1.3%	755.9 MB	55.1 MB
1058	92/b72437	BGC_ANALYSIS:ANTISMASH_ANALYSIS:ANTISMASH (Erwinia_aphidicola_B06_5)	COMPLETED	0	2026-08-29 01:45:48.232	2026-08-29 01:45:48.329	2026-08-29 01:46:07.707	17.2s	2	6 GB	654.6 MB	7.4 GB	135.6%	1.0%	715.5 MB	34 MB
1056	f6/797797	BGC_ANALYSIS:ANTISMASH_ANALYSIS:ANTISMASH (Erwinia_aphidicola_B06_3)	COMPLETED	0	2026-08-29 01:45:56.324	2026-08-29 01:45:56.420	2026-08-29 01:46:15.455	16.8s	2	6 GB	658.3 MB	7.4 GB	133.3%	1.0%	714.9 MB	33.9 MB
1070	3d/669f18	BGC_ANALYSIS:ANTISMASH_ANALYSIS:ANTISMASH (Erwinia_aphidicola_B10_3)	COMPLETED	0	2026-08-29 01:45:56.227	2026-08-29 01:45:56.320	2026-08-29 01:46:18.741	20.2s	2	6 GB	825.4 MB	7.8 GB	129.8%	1.4%	754.5 MB	55.1 MB
1069	19/443e55	BGC_ANALYSIS:ANTISMASH_ANALYSIS:ANTISMASH (Erwinia_aphidicola_B10_2)	COMPLETED	0	2026-08-29 01:45:59.796	2026-08-29 01:45:59.894	2026-08-29 01:46:21.679	19.6s	2	6 GB	820.7 MB	7.8 GB	131.9%	1.3%	754.4 MB	54.8 MB
1055	33/f65571	BGC_ANALYSIS:ANTISMASH_ANALYSIS:ANTISMASH (Erwinia_aphidicola_B06_2)	COMPLETED	0	2026-08-29 01:46:05.634	2026-08-29 01:46:05.728	2026-08-29 01:46:24.909	17.2s	2	6 GB	656.5 MB	7.4 GB	135.6%	1.1%	711.3 MB	33.9 MB
1057	29/a7ce26	BGC_ANALYSIS:ANTISMASH_ANALYSIS:ANTISMASH (Erwinia_aphidicola_B06_4)	COMPLETED	0	2026-08-29 01:46:07.711	2026-08-29 01:46:07.807	2026-08-29 01:46:26.837	17s	2	6 GB	658.7 MB	7.4 GB	135.0%	1.1%	714.6 MB	33.9 MB
1066	c5/ff5cb3	BGC_ANALYSIS:ANTISMASH_ANALYSIS:ANTISMASH (Erwinia_aphidicola_B09_7)	COMPLETED	0	2026-08-29 01:46:07.311	2026-08-29 01:46:07.408	2026-08-29 01:46:29.509	20s	2	6 GB	833.1 MB	7.8 GB	130.5%	1.4%	770.1 MB	56.7 MB
1039	80/22ce96	BGC_ANALYSIS:ANTISMASH_ANALYSIS:ANTISMASH (Erwinia_aphidicola_B01_4)	COMPLETED	0	2026-08-29 01:46:18.744	2026-08-29 01:46:18.841	2026-08-29 01:46:37.905	16.9s	2	6 GB	666 MB	7.4 GB	139.6%	1.1%	734.2 MB	34.7 MB
1077	82/14323b	BGC_ANALYSIS:ANTISMASH_ANALYSIS:ANTISMASH (Erwinia_aphidicola_N2_4)	COMPLETED	0	2026-08-29 01:46:15.460	2026-08-29 01:46:15.555	2026-08-29 01:46:38.045	20.2s	2	6 GB	827.2 MB	7.8 GB	134.0%	1.3%	768.6 MB	55.7 MB
1063	78/596f73	BGC_ANALYSIS:ANTISMASH_ANALYSIS:ANTISMASH (Erwinia_aphidicola_B09_2)	COMPLETED	0	2026-08-29 01:46:21.683	2026-08-29 01:46:21.779	2026-08-29 01:46:40.512	16.5s	2	6 GB	627.7 MB	7.4 GB	139.6%	1.1%	733.2 MB	34.8 MB
1060	8b/c09f47	BGC_ANALYSIS:ANTISMASH_ANALYSIS:ANTISMASH (Erwinia_aphidicola_B06_8)	COMPLETED	0	2026-08-29 01:46:26.841	2026-08-29 01:46:26.937	2026-08-29 01:46:45.402	16.5s	2	6 GB	655.4 MB	7.4 GB	135.9%	1.0%	709 MB	33.8 MB
1079	61/751113	BGC_ANALYSIS:ANTISMASH_ANALYSIS:ANTISMASH (Erwinia_aphidicola_N2_6)	COMPLETED	0	2026-08-29 01:46:24.921	2026-08-29 01:46:25.009	2026-08-29 01:46:47.331	20.3s	2	6 GB	826.1 MB	7.8 GB	130.9%	1.3%	805.8 MB	56.7 MB
1065	dc/5f5dd2	BGC_ANALYSIS:ANTISMASH_ANALYSIS:ANTISMASH (Erwinia_aphidicola_B09_4)	COMPLETED	0	2026-08-29 01:46:29.512	2026-08-29 01:46:29.610	2026-08-29 01:46:51.618	19.9s	2	6 GB	833.5 MB	7.9 GB	130.4%	1.4%	775.6 MB	56.9 MB
1074	c0/016fa8	BGC_ANALYSIS:ANTISMASH_ANALYSIS:ANTISMASH (Erwinia_aphidicola_N2_1)	COMPLETED	0	2026-08-29 01:46:38.049	2026-08-29 01:46:38.146	2026-08-29 01:46:59.693	19.4s	2	6 GB	832.5 MB	7.8 GB	132.6%	1.3%	744.7 MB	55.4 MB
1087	bb/6f9a3a	BGC_ANALYSIS:ANTISMASH_ANALYSIS:ANTISMASH (Erwinia_aphidicola_W03_6)	COMPLETED	0	2026-08-29 01:46:40.517	2026-08-29 01:46:40.613	2026-08-29 01:46:59.725	17s	2	6 GB	663 MB	7.4 GB	139.2%	1.1%	731.9 MB	34.7 MB
1068	42/3235f3	BGC_ANALYSIS:ANTISMASH_ANALYSIS:ANTISMASH (Erwinia_aphidicola_B09_9)	COMPLETED	0	2026-08-29 01:46:37.908	2026-08-29 01:46:38.005	2026-08-29 01:46:59.948	19.9s	2	6 GB	828.8 MB	7.8 GB	134.2%	1.4%	779.8 MB	57.3 MB
1073	c8/3ceadd	BGC_ANALYSIS:ANTISMASH_ANALYSIS:ANTISMASH (Erwinia_aphidicola_B10_7)	COMPLETED	0	2026-08-29 01:46:45.406	2026-08-29 01:46:45.503	2026-08-29 01:47:07.771	20.3s	2	6 GB	814.4 MB	7.8 GB	127.9%	1.3%	765.1 MB	55.4 MB
1072	5d/55f3f8	BGC_ANALYSIS:ANTISMASH_ANALYSIS:ANTISMASH (Erwinia_aphidicola_B10_5)	COMPLETED	0	2026-08-29 01:46:47.335	2026-08-29 01:46:47.432	2026-08-29 01:47:09.530	20.1s	2	6 GB	824.4 MB	7.8 GB	130.6%	1.3%	753.3 MB	55 MB
1076	94/9e4a7c	BGC_ANALYSIS:ANTISMASH_ANALYSIS:ANTISMASH (Erwinia_aphidicola_N2_3)	COMPLETED	0	2026-08-29 01:46:51.622	2026-08-29 01:46:51.719	2026-08-29 01:47:10.700	16.8s	2	6 GB	662.5 MB	7.4 GB	138.1%	1.1%	726.3 MB	34.2 MB
1089	e9/d64efc	BGC_ANALYSIS:ANTISMASH_ANALYSIS:ANTISMASH (Erwinia_aphidicola_W03_8)	COMPLETED	0	2026-08-29 01:46:59.697	2026-08-29 01:46:59.726	2026-08-29 01:47:18.560	16.7s	2	6 GB	663 MB	7.4 GB	136.4%	1.1%	732.7 MB	34.7 MB
1091	b1/7bb94f	BGC_ANALYSIS:ANTISMASH_ANALYSIS:ANTISMASH (Erwinia_aphidicola_W04_10)	COMPLETED	0	2026-08-29 01:46:59.730	2026-08-29 01:46:59.825	2026-08-29 01:47:22.230	20.3s	2	6 GB	831.7 MB	7.8 GB	130.9%	1.3%	774.6 MB	56.4 MB
1067	7f/5452b4	BGC_ANALYSIS:ANTISMASH_ANALYSIS:ANTISMASH (Erwinia_aphidicola_B09_8)	COMPLETED	0	2026-08-29 01:46:59.951	2026-08-29 01:47:00.048	2026-08-29 01:47:22.417	20.2s	2	6 GB	817.4 MB	7.8 GB	132.8%	1.3%	774.3 MB	56.8 MB
1090	00/52ff1b	BGC_ANALYSIS:ANTISMASH_ANALYSIS:ANTISMASH (Erwinia_aphidicola_W04_1)	COMPLETED	0	2026-08-29 01:47:07.774	2026-08-29 01:47:07.871	2026-08-29 01:47:26.875	17s	2	6 GB	661.7 MB	7.4 GB	136.1%	1.1%	727.6 MB	34.3 MB
1078	83/41d2b1	BGC_ANALYSIS:ANTISMASH_ANALYSIS:ANTISMASH (Erwinia_aphidicola_N2_5)	COMPLETED	0	2026-08-29 01:47:09.534	2026-08-29 01:47:09.631	2026-08-29 01:47:28.601	17s	2	6 GB	653.5 MB	7.4 GB	138.0%	1.0%	725.9 MB	34.2 MB
1075	0a/aae555	BGC_ANALYSIS:ANTISMASH_ANALYSIS:ANTISMASH (Erwinia_aphidicola_N2_2)	COMPLETED	0	2026-08-29 01:47:10.704	2026-08-29 01:47:10.800	2026-08-29 01:47:32.865	20s	2	6 GB	828.4 MB	7.8 GB	132.4%	1.3%	768.7 MB	55.7 MB
1020	b4/615295	BGC_ANALYSIS:ANTISMASH_ANALYSIS:ANTISMASH (Pantoea_sp._SHSU.bins.380)	COMPLETED	0	2026-08-29 01:43:29.051	2026-08-29 01:43:29.146	2026-08-29 01:47:36.422	4m 5s	2	6 GB	497 MB	7.6 GB	109.8%	0.9%	13 GB	327.4 MB
1098	3d/dc7e8b	BGC_ANALYSIS:ANTISMASH_ANALYSIS:ANTISMASH (Erwinia_aphidicola_W04_9)	COMPLETED	0	2026-08-29 01:47:18.564	2026-08-29 01:47:18.660	2026-08-29 01:47:37.552	16.6s	2	6 GB	662 MB	7.4 GB	137.1%	1.0%	731 MB	34.6 MB
1084	4b/ed8064	BGC_ANALYSIS:ANTISMASH_ANALYSIS:ANTISMASH (Erwinia_aphidicola_W03_3)	COMPLETED	0	2026-08-29 01:47:22.234	2026-08-29 01:47:22.330	2026-08-29 01:47:41.401	16.9s	2	6 GB	619.1 MB	7.4 GB	140.0%	1.1%	733.1 MB	34.7 MB
1082	06/4a7f16	BGC_ANALYSIS:ANTISMASH_ANALYSIS:ANTISMASH (Erwinia_aphidicola_W03_10)	COMPLETED	0	2026-08-29 01:47:22.420	2026-08-29 01:47:22.517	2026-08-29 01:47:41.873	17.1s	2	6 GB	662.5 MB	7.4 GB	139.4%	1.1%	732.3 MB	34.7 MB
1101	c5/d73ef1	BGC_ANALYSIS:ANTISMASH_ANALYSIS:ANTISMASH (Erwinia_aphidicola_W06_2)	COMPLETED	0	2026-08-29 01:47:26.878	2026-08-29 01:47:26.976	2026-08-29 01:47:46.186	17.3s	2	6 GB	652.5 MB	7.4 GB	135.0%	1.0%	713.1 MB	33.9 MB
1086	b1/dfbe66	BGC_ANALYSIS:ANTISMASH_ANALYSIS:ANTISMASH (Erwinia_aphidicola_W03_5)	COMPLETED	0	2026-08-29 01:47:28.604	2026-08-29 01:47:28.701	2026-08-29 01:47:48.078	17.2s	2	6 GB	657.1 MB	7.4 GB	137.0%	1.0%	733.7 MB	34.7 MB
1081	c2/05016e	BGC_ANALYSIS:ANTISMASH_ANALYSIS:ANTISMASH (Erwinia_aphidicola_W03_1)	COMPLETED	0	2026-08-29 01:47:32.869	2026-08-29 01:47:32.966	2026-08-29 01:47:52.370	17.2s	2	6 GB	657 MB	7.4 GB	137.6%	1.0%	737.7 MB	34.7 MB
1080	94/00ecd4	BGC_ANALYSIS:ANTISMASH_ANALYSIS:ANTISMASH (Erwinia_aphidicola_W01_5)	COMPLETED	0	2026-08-29 01:47:36.425	2026-08-29 01:47:36.522	2026-08-29 01:47:55.584	16.9s	2	6 GB	665.7 MB	7.4 GB	137.5%	1.1%	729.1 MB	34.4 MB
1083	07/956c59	BGC_ANALYSIS:ANTISMASH_ANALYSIS:ANTISMASH (Erwinia_aphidicola_W03_2)	COMPLETED	0	2026-08-29 01:47:37.556	2026-08-29 01:47:37.652	2026-08-29 01:47:57.233	17.3s	2	6 GB	618.8 MB	7.4 GB	137.8%	1.1%	736.1 MB	34.7 MB
1085	d3/f35977	BGC_ANALYSIS:ANTISMASH_ANALYSIS:ANTISMASH (Erwinia_aphidicola_W03_4)	COMPLETED	0	2026-08-29 01:47:41.404	2026-08-29 01:47:41.502	2026-08-29 01:48:00.891	17.3s	2	6 GB	664.9 MB	7.4 GB	137.9%	1.1%	732.7 MB	34.7 MB
1104	bc/79d562	BGC_ANALYSIS:ANTISMASH_ANALYSIS:ANTISMASH (Erwinia_aphidicola_W06_7)	COMPLETED	0	2026-08-29 01:47:41.878	2026-08-29 01:47:41.973	2026-08-29 01:48:01.394	17.2s	2	6 GB	658.6 MB	7.4 GB	134.0%	1.1%	715.2 MB	33.9 MB
1088	4e/92d004	BGC_ANALYSIS:ANTISMASH_ANALYSIS:ANTISMASH (Erwinia_aphidicola_W03_7)	COMPLETED	0	2026-08-29 01:47:46.190	2026-08-29 01:47:46.286	2026-08-29 01:48:06.062	17.6s	2	6 GB	657.3 MB	7.4 GB	134.4%	1.1%	733.1 MB	34.7 MB
1099	67/00d403	BGC_ANALYSIS:ANTISMASH_ANALYSIS:ANTISMASH (Erwinia_aphidicola_W06_1)	COMPLETED	0	2026-08-29 01:47:48.082	2026-08-29 01:47:48.179	2026-08-29 01:48:07.590	17.2s	2	6 GB	651.9 MB	7.4 GB	132.5%	1.0%	710.3 MB	33.9 MB
1103	4a/516160	BGC_ANALYSIS:ANTISMASH_ANALYSIS:ANTISMASH (Erwinia_aphidicola_W06_6)	COMPLETED	0	2026-08-29 01:47:52.375	2026-08-29 01:47:52.470	2026-08-29 01:48:11.822	17s	2	6 GB	652.2 MB	7.4 GB	132.6%	1.0%	714.3 MB	33.9 MB
1032	1d/8744dc	BGC_ANALYSIS:ANTISMASH_ANALYSIS:ANTISMASH (Pantoea_vagans_CTOTU47005)	COMPLETED	0	2026-08-29 01:44:17.365	2026-08-29 01:44:17.462	2026-08-29 01:48:13.239	3m 54s	2	6 GB	524.3 MB	7.7 GB	109.7%	1.0%	11.9 GB	309.8 MB
1112	bd/204903	BGC_ANALYSIS:ANTISMASH_ANALYSIS:ANTISMASH (Erwinia_aphidicola_W09_6)	COMPLETED	0	2026-08-29 01:47:57.239	2026-08-29 01:47:57.333	2026-08-29 01:48:16.612	16.9s	2	6 GB	664.2 MB	7.4 GB	136.8%	1.0%	731 MB	34.9 MB
1093	82/89ecce	BGC_ANALYSIS:ANTISMASH_ANALYSIS:ANTISMASH (Erwinia_aphidicola_W04_3)	COMPLETED	0	2026-08-29 01:47:55.588	2026-08-29 01:47:55.684	2026-08-29 01:48:17.919	20.1s	2	6 GB	835.5 MB	7.8 GB	129.2%	1.3%	760.4 MB	56.2 MB
1092	54/5dc9be	BGC_ANALYSIS:ANTISMASH_ANALYSIS:ANTISMASH (Erwinia_aphidicola_W04_2)	COMPLETED	0	2026-08-29 01:48:00.895	2026-08-29 01:48:00.991	2026-08-29 01:48:19.507	16.4s	2	6 GB	661.4 MB	7.4 GB	137.2%	1.1%	728.8 MB	34.3 MB
1095	f8/ec83ea	BGC_ANALYSIS:ANTISMASH_ANALYSIS:ANTISMASH (Erwinia_aphidicola_W04_5)	COMPLETED	0	2026-08-29 01:48:01.398	2026-08-29 01:48:01.494	2026-08-29 01:48:22.982	19.3s	2	6 GB	802.8 MB	7.8 GB	129.7%	1.3%	748.5 MB	56.2 MB
1113	7f/d190ec	BGC_ANALYSIS:ANTISMASH_ANALYSIS:ANTISMASH (Erwinia_aphidicola_W09_7)	COMPLETED	0	2026-08-29 01:48:06.066	2026-08-29 01:48:06.162	2026-08-29 01:48:28.643	20.5s	2	6 GB	784.1 MB	7.8 GB	130.9%	1.3%	776.1 MB	56.9 MB
1097	d0/888f72	BGC_ANALYSIS:ANTISMASH_ANALYSIS:ANTISMASH (Erwinia_aphidicola_W04_7)	COMPLETED	0	2026-08-29 01:48:07.594	2026-08-29 01:48:07.691	2026-08-29 01:48:30.265	20.3s	2	6 GB	831.6 MB	7.8 GB	131.5%	1.3%	768.7 MB	56.3 MB
1096	56/fc78c1	BGC_ANALYSIS:ANTISMASH_ANALYSIS:ANTISMASH (Erwinia_aphidicola_W04_6)	COMPLETED	0	2026-08-29 01:48:11.826	2026-08-29 01:48:11.922	2026-08-29 01:48:34.797	20.7s	2	6 GB	833.9 MB	7.8 GB	133.4%	1.4%	775.2 MB	56.5 MB
1094	f4/c7cd10	BGC_ANALYSIS:ANTISMASH_ANALYSIS:ANTISMASH (Erwinia_aphidicola_W04_4)	COMPLETED	0	2026-08-29 01:48:13.242	2026-08-29 01:48:13.339	2026-08-29 01:48:36.170	20.6s	2	6 GB	832.5 MB	7.8 GB	132.4%	1.3%	773 MB	56.4 MB
1102	c3/16898e	BGC_ANALYSIS:ANTISMASH_ANALYSIS:ANTISMASH (Erwinia_aphidicola_W06_3)	COMPLETED	0	2026-08-29 01:48:19.511	2026-08-29 01:48:19.607	2026-08-29 01:48:39.762	18.1s	2	6 GB	652.3 MB	7.4 GB	135.0%	1.0%	715 MB	33.9 MB
1116	f1/ca4539	BGC_ANALYSIS:ANTISMASH_ANALYSIS:ANTISMASH (Erwinia_aphidicola_W10_10)	COMPLETED	0	2026-08-29 01:48:16.615	2026-08-29 01:48:16.712	2026-08-29 01:48:39.780	21.1s	2	6 GB	822.6 MB	7.8 GB	130.2%	1.3%	753 MB	55 MB
1114	58/d14107	BGC_ANALYSIS:ANTISMASH_ANALYSIS:ANTISMASH (Erwinia_aphidicola_W09_8)	COMPLETED	0	2026-08-29 01:48:17.922	2026-08-29 01:48:18.019	2026-08-29 01:48:40.890	20.9s	2	6 GB	833.7 MB	7.8 GB	130.5%	1.4%	775.1 MB	56.8 MB
1100	3d/ed61f7	BGC_ANALYSIS:ANTISMASH_ANALYSIS:ANTISMASH (Erwinia_aphidicola_W06_10)	COMPLETED	0	2026-08-29 01:48:22.986	2026-08-29 01:48:23.082	2026-08-29 01:48:43.169	17.8s	2	6 GB	654.8 MB	7.4 GB	131.5%	1.0%	713.1 MB	33.9 MB
1105	99/d1de18	BGC_ANALYSIS:ANTISMASH_ANALYSIS:ANTISMASH (Erwinia_aphidicola_W06_8)	COMPLETED	0	2026-08-29 01:48:28.647	2026-08-29 01:48:28.743	2026-08-29 01:48:47.959	16.9s	2	6 GB	654.2 MB	7.4 GB	128.7%	1.1%	715.2 MB	34 MB
1109	9b/de5803	BGC_ANALYSIS:ANTISMASH_ANALYSIS:ANTISMASH (Erwinia_aphidicola_W09_3)	COMPLETED	0	2026-08-29 01:48:30.269	2026-08-29 01:48:30.365	2026-08-29 01:48:53.152	20.3s	2	6 GB	796 MB	7.8 GB	128.7%	1.3%	775.7 MB	57 MB
1123	5e/60c694	BGC_ANALYSIS:ANTISMASH_ANALYSIS:ANTISMASH (Erwinia_aphidicola_W10_9)	COMPLETED	0	2026-08-29 01:48:34.801	2026-08-29 01:48:34.897	2026-08-29 01:48:58.055	20.9s	2	6 GB	820 MB	7.8 GB	129.8%	1.3%	755.8 MB	55 MB
1106	ad/15a1f7	BGC_ANALYSIS:ANTISMASH_ANALYSIS:ANTISMASH (Erwinia_aphidicola_W06_9)	COMPLETED	0	2026-08-29 01:48:39.784	2026-08-29 01:48:39.880	2026-08-29 01:48:59.459	17.6s	2	6 GB	634.5 MB	7.4 GB	136.1%	1.1%	714.7 MB	34 MB
1111	42/a87324	BGC_ANALYSIS:ANTISMASH_ANALYSIS:ANTISMASH (Erwinia_aphidicola_W09_5)	COMPLETED	0	2026-08-29 01:48:36.174	2026-08-29 01:48:36.270	2026-08-29 01:48:59.471	20.9s	2	6 GB	841.6 MB	7.8 GB	134.1%	1.4%	776.7 MB	57 MB
1129	92/7b28f0	BGC_ANALYSIS:ANTISMASH_ANALYSIS:ANTISMASH (Erwinia_sp._E_sp_B01_3)	COMPLETED	0	2026-08-29 01:48:40.895	2026-08-29 01:48:40.990	2026-08-29 01:49:00.084	17.1s	2	6 GB	629.9 MB	7.4 GB	137.5%	1.1%	732.6 MB	35.4 MB
1124	90/c38c2f	BGC_ANALYSIS:ANTISMASH_ANALYSIS:ANTISMASH (Erwinia_aphidicola_W11_1)	COMPLETED	0	2026-08-29 01:48:39.766	2026-08-29 01:48:39.781	2026-08-29 01:49:02.142	20.4s	2	6 GB	841.6 MB	7.8 GB	133.0%	1.4%	770.8 MB	56.6 MB
1107	7f/eb0ba0	BGC_ANALYSIS:ANTISMASH_ANALYSIS:ANTISMASH (Erwinia_aphidicola_W09_1)	COMPLETED	0	2026-08-29 01:48:43.173	2026-08-29 01:48:43.269	2026-08-29 01:49:02.690	17.4s	2	6 GB	619.9 MB	7.4 GB	137.9%	1.1%	733.5 MB	34.9 MB
1108	ad/03c516	BGC_ANALYSIS:ANTISMASH_ANALYSIS:ANTISMASH (Erwinia_aphidicola_W09_2)	COMPLETED	0	2026-08-29 01:48:47.963	2026-08-29 01:48:48.059	2026-08-29 01:49:11.021	20.7s	2	6 GB	831.9 MB	7.8 GB	126.7%	1.4%	785 MB	56.9 MB
1127	a6/b7e7ba	BGC_ANALYSIS:ANTISMASH_ANALYSIS:ANTISMASH (Erwinia_billingiae_W05_1)	COMPLETED	0	2026-08-29 01:48:53.157	2026-08-29 01:48:53.252	2026-08-29 01:49:12.288	16.6s	2	6 GB	666.7 MB	7.4 GB	133.5%	1.0%	767.2 MB	35.9 MB
1130	c2/0d5d3c	BGC_ANALYSIS:ANTISMASH_ANALYSIS:ANTISMASH (Erwinia_sp._E_sp_B04_7)	COMPLETED	0	2026-08-29 01:48:59.464	2026-08-29 01:48:59.471	2026-08-29 01:49:18.548	16.9s	2	6 GB	630.3 MB	7.4 GB	134.3%	1.1%	754.8 MB	35.7 MB
1110	5c/f75533	BGC_ANALYSIS:ANTISMASH_ANALYSIS:ANTISMASH (Erwinia_aphidicola_W09_4)	COMPLETED	0	2026-08-29 01:48:58.058	2026-08-29 01:48:58.155	2026-08-29 01:49:20.847	20.6s	2	6 GB	834.1 MB	7.8 GB	132.3%	1.4%	779.1 MB	57 MB
1117	b4/c9647e	BGC_ANALYSIS:ANTISMASH_ANALYSIS:ANTISMASH (Erwinia_aphidicola_W10_3)	COMPLETED	0	2026-08-29 01:49:02.146	2026-08-29 01:49:02.243	2026-08-29 01:49:21.756	17.5s	2	6 GB	615.1 MB	7.4 GB	135.1%	1.1%	713.7 MB	33.8 MB
1115	ea/9d29c2	BGC_ANALYSIS:ANTISMASH_ANALYSIS:ANTISMASH (Erwinia_aphidicola_W10_1)	COMPLETED	0	2026-08-29 01:48:59.473	2026-08-29 01:48:59.572	2026-08-29 01:49:22.421	20.8s	2	6 GB	832.1 MB	7.8 GB	129.7%	1.4%	755 MB	55 MB
1120	c2/0cdb19	BGC_ANALYSIS:ANTISMASH_ANALYSIS:ANTISMASH (Erwinia_aphidicola_W10_6)	COMPLETED	0	2026-08-29 01:49:00.089	2026-08-29 01:49:00.184	2026-08-29 01:49:22.792	20.6s	2	6 GB	819.5 MB	7.8 GB	131.3%	1.3%	753.2 MB	54.9 MB
1118	84/47d4bd	BGC_ANALYSIS:ANTISMASH_ANALYSIS:ANTISMASH (Erwinia_aphidicola_W10_4)	COMPLETED	0	2026-08-29 01:49:02.693	2026-08-29 01:49:02.790	2026-08-29 01:49:25.189	20.4s	2	6 GB	819.6 MB	7.8 GB	128.6%	1.3%	754.4 MB	55 MB
1119	56/062e02	BGC_ANALYSIS:ANTISMASH_ANALYSIS:ANTISMASH (Erwinia_aphidicola_W10_5)	COMPLETED	0	2026-08-29 01:49:11.024	2026-08-29 01:49:11.121	2026-08-29 01:49:34.159	20.7s	2	6 GB	821.3 MB	7.8 GB	127.3%	1.3%	755.8 MB	55.1 MB
1121	49/f185ba	BGC_ANALYSIS:ANTISMASH_ANALYSIS:ANTISMASH (Erwinia_aphidicola_W10_7)	COMPLETED	0	2026-08-29 01:49:12.291	2026-08-29 01:49:12.388	2026-08-29 01:49:35.397	20.6s	2	6 GB	831.2 MB	7.8 GB	127.2%	1.3%	751.9 MB	54.9 MB
1134	56/901a84	BGC_ANALYSIS:ANTISMASH_ANALYSIS:ANTISMASH (Erwinia_sp._E_sp_W01_6)	COMPLETED	0	2026-08-29 01:49:18.552	2026-08-29 01:49:18.647	2026-08-29 01:49:36.870	16s	2	6 GB	633.1 MB	7.4 GB	136.9%	1.1%	709.8 MB	35.1 MB
1126	75/d0763c	BGC_ANALYSIS:ANTISMASH_ANALYSIS:ANTISMASH (Erwinia_aphidicola_Z9_3)	COMPLETED	0	2026-08-29 01:49:21.759	2026-08-29 01:49:21.855	2026-08-29 01:49:41.249	17.6s	2	6 GB	621.1 MB	7.4 GB	138.8%	1.1%	738.6 MB	34.9 MB
1132	47/8e67e8	BGC_ANALYSIS:ANTISMASH_ANALYSIS:ANTISMASH (Erwinia_sp._E_sp_B04_9)	COMPLETED	0	2026-08-29 01:49:22.796	2026-08-29 01:49:22.892	2026-08-29 01:49:42.363	17.6s	2	6 GB	676.6 MB	7.4 GB	137.5%	1.1%	756 MB	35.7 MB
1125	95/d94828	BGC_ANALYSIS:ANTISMASH_ANALYSIS:ANTISMASH (Erwinia_aphidicola_Z9_1)	COMPLETED	0	2026-08-29 01:49:20.851	2026-08-29 01:49:20.948	2026-08-29 01:49:43.052	20.2s	2	6 GB	834.6 MB	7.8 GB	132.4%	1.3%	766.1 MB	56.3 MB
1128	57/3aa0eb	BGC_ANALYSIS:ANTISMASH_ANALYSIS:ANTISMASH (Erwinia_sp._E_sp_B01_1)	COMPLETED	0	2026-08-29 01:49:25.192	2026-08-29 01:49:25.289	2026-08-29 01:49:44.906	17.6s	2	6 GB	670.2 MB	7.4 GB	134.3%	1.0%	760 MB	35.7 MB
1122	ec/5c1be4	BGC_ANALYSIS:ANTISMASH_ANALYSIS:ANTISMASH (Erwinia_aphidicola_W10_8)	COMPLETED	0	2026-08-29 01:49:22.424	2026-08-29 01:49:22.522	2026-08-29 01:49:45.161	20.8s	2	6 GB	830.8 MB	7.8 GB	128.2%	1.3%	755.5 MB	55 MB
1137	bf/5ac60c	BGC_ANALYSIS:ANTISMASH_ANALYSIS:ANTISMASH (Buchnera_aphidicola_Aphis_fabae_Afa-UT1)	COMPLETED	0	2026-08-29 01:49:43.056	2026-08-29 01:49:43.152	2026-08-29 01:49:51.319	6.1s	2	6 GB	207 MB	2.7 GB	99.4%	0.3%	244.8 MB	5.5 MB
1144	51/d9c652	BGC_ANALYSIS:ANTISMASH_ANALYSIS:ANTISMASH (Buchnera_aphidicola_Uroleucon_sonchi_UsonBac)	COMPLETED	0	2026-08-29 01:49:44.910	2026-08-29 01:49:45.007	2026-08-29 01:49:53.059	6s	2	6 GB	209.2 MB	2.7 GB	101.2%	0.3%	239.8 MB	5.3 MB
1133	c7/586f13	BGC_ANALYSIS:ANTISMASH_ANALYSIS:ANTISMASH (Erwinia_sp._E_sp_W01_1)	COMPLETED	0	2026-08-29 01:49:34.164	2026-08-29 01:49:34.261	2026-08-29 01:49:53.710	17.1s	2	6 GB	670.8 MB	7.4 GB	134.9%	1.0%	751 MB	35.6 MB
1131	1f/11c381	BGC_ANALYSIS:ANTISMASH_ANALYSIS:ANTISMASH (Erwinia_sp._E_sp_B04_8)	COMPLETED	0	2026-08-29 01:49:35.400	2026-08-29 01:49:35.497	2026-08-29 01:49:54.718	17s	2	6 GB	622.7 MB	7.4 GB	135.6%	1.1%	758.6 MB	35.7 MB
1143	03/5f2de1	BGC_ANALYSIS:ANTISMASH_ANALYSIS:ANTISMASH (Buchnera_aphidicola_Periphyllus_lyropictus_PLYR-94B)	COMPLETED	0	2026-08-29 01:49:51.323	2026-08-29 01:49:51.419	2026-08-29 01:49:59.755	6.2s	2	6 GB	197.1 MB	2.7 GB	105.3%	0.3%	305.7 MB	8.3 MB
1135	6d/2be245	BGC_ANALYSIS:ANTISMASH_ANALYSIS:ANTISMASH (Mixta_calida_CTOTU50294)	COMPLETED	0	2026-08-29 01:49:36.874	2026-08-29 01:49:36.971	2026-08-29 01:50:13.348	34.1s	2	6 GB	482.2 MB	7.8 GB	98.6%	0.7%	1.5 GB	57.7 MB
1148	15/9ae845	BGC_ANALYSIS:ANTISMASH_ANALYSIS:ANTISMASH (Candidatus_Pantoea_multigeneris_Acro-835)	COMPLETED	0	2026-08-29 01:49:42.368	2026-08-29 01:49:42.463	2026-08-29 01:50:20.305	35.9s	2	6 GB	719.3 MB	7.8 GB	95.7%	1.3%	1.3 GB	74.2 MB
1141	85/88d20e	BGC_ANALYSIS:ANTISMASH_ANALYSIS:ANTISMASH (Buchnera_aphidicola_Periphyllus_acericola_PCOLA-89B)	COMPLETED	0	2026-08-29 01:50:13.352	2026-08-29 01:50:13.448	2026-08-29 01:50:22.941	7.5s	2	6 GB	192 MB	2.7 GB	110.2%	0.3%	387.3 MB	10.2 MB
1138	dc/904df0	BGC_ANALYSIS:ANTISMASH_ANALYSIS:ANTISMASH (Buchnera_aphidicola_Aphis_gossypii_Ago-UT1)	COMPLETED	0	2026-08-29 01:50:20.309	2026-08-29 01:50:20.405	2026-08-29 01:50:27.777	5.4s	2	6 GB	209.2 MB	2.7 GB	110.3%	0.3%	243.9 MB	5.5 MB
1151	61/955444	BGC_ANALYSIS:ANTISMASH_ANALYSIS:ANTISMASH (Erwinia_rhapontici_CGMCC1.6978)	COMPLETED	0	2026-08-29 01:49:54.721	2026-08-29 01:49:54.818	2026-08-29 01:50:31.369	34.6s	2	6 GB	521.2 MB	7.8 GB	105.2%	0.8%	1.4 GB	61.4 MB
1147	14/654cc2	BGC_ANALYSIS:ANTISMASH_ANALYSIS:ANTISMASH (Candidatus_Pantoea_gossypiicola_B_8)	COMPLETED	0	2026-08-29 01:49:53.062	2026-08-29 01:49:53.159	2026-08-29 01:50:32.715	37.6s	2	6 GB	682.7 MB	7.8 GB	93.8%	1.2%	1.7 GB	80 MB
1154	09/6ac761	BGC_ANALYSIS:ANTISMASH_ANALYSIS:ANTISMASH (Mixta_calida_B021323)	COMPLETED	0	2026-08-29 01:49:45.165	2026-08-29 01:49:45.262	2026-08-29 01:50:34.581	47.2s	2	6 GB	629 MB	7.7 GB	95.6%	1.0%	2.4 GB	92.9 MB
1150	86/39d2d4	BGC_ANALYSIS:ANTISMASH_ANALYSIS:ANTISMASH (Erwinia_endophytica_A41C3)	COMPLETED	0	2026-08-29 01:49:53.715	2026-08-29 01:49:53.810	2026-08-29 01:50:35.355	39.6s	2	6 GB	656 MB	7.7 GB	94.8%	1.0%	1.9 GB	78.8 MB
1146	19/79c8e8	BGC_ANALYSIS:ANTISMASH_ANALYSIS:ANTISMASH (Candidatus_Pantoea_formicae_Acro-805)	COMPLETED	0	2026-08-29 01:49:59.759	2026-08-29 01:49:59.855	2026-08-29 01:50:39.385	37.4s	2	6 GB	707.8 MB	7.8 GB	98.7%	1.3%	1.5 GB	83.7 MB
1139	8f/ac0c88	BGC_ANALYSIS:ANTISMASH_ANALYSIS:ANTISMASH (Buchnera_aphidicola_Aphis_urticata_AURT-53B)	COMPLETED	0	2026-08-29 01:50:32.718	2026-08-29 01:50:32.815	2026-08-29 01:50:41.059	6.3s	2	6 GB	214.4 MB	2.7 GB	104.0%	0.3%	288.6 MB	9.4 MB
1142	f6/cb4a2a	BGC_ANALYSIS:ANTISMASH_ANALYSIS:ANTISMASH (Buchnera_aphidicola_Periphyllus_aceris_PERIS-14B)	COMPLETED	0	2026-08-29 01:50:39.389	2026-08-29 01:50:39.485	2026-08-29 01:50:49.044	7.7s	2	6 GB	197 MB	2.7 GB	105.9%	0.3%	387.9 MB	10.3 MB
1158	c4/0efe32	BGC_ANALYSIS:ANTISMASH_ANALYSIS:ANTISMASH (Pantoea_agglomerans_B1)	COMPLETED	0	2026-08-29 01:50:22.944	2026-08-29 01:50:23.041	2026-08-29 01:50:54.970	30s	2	6 GB	754.4 MB	7.8 GB	101.4%	1.3%	1.3 GB	71.7 MB
1149	1b/08bf1c	BGC_ANALYSIS:ANTISMASH_ANALYSIS:ANTISMASH (Erwinia_billingiae_TH88)	COMPLETED	0	2026-08-29 01:50:34.584	2026-08-29 01:50:34.681	2026-08-29 01:50:56.052	19.4s	2	6 GB	840 MB	7.9 GB	133.7%	1.3%	829.7 MB	57 MB
1152	28/82b8d7	BGC_ANALYSIS:ANTISMASH_ANALYSIS:ANTISMASH (Erwinia_sorbitola_J316)	COMPLETED	0	2026-08-29 01:50:31.372	2026-08-29 01:50:31.469	2026-08-29 01:51:02.296	28.9s	2	6 GB	668.1 MB	7.7 GB	99.8%	1.1%	1.2 GB	64.8 MB
1156	e4/810ecc	BGC_ANALYSIS:ANTISMASH_ANALYSIS:ANTISMASH (Pantoea_agglomerans_A2)	COMPLETED	0	2026-08-29 01:50:35.358	2026-08-29 01:50:35.455	2026-08-29 01:51:04.454	27s	2	6 GB	553.8 MB	7.3 GB	94.5%	1.0%	1.1 GB	64 MB
1160	78/144eee	BGC_ANALYSIS:ANTISMASH_ANALYSIS:ANTISMASH (Pantoea_agglomerans_BAV_2934)	COMPLETED	0	2026-08-29 01:50:41.062	2026-08-29 01:50:41.159	2026-08-29 01:51:05.876	22.7s	2	6 GB	610.7 MB	7.9 GB	124.8%	0.9%	861.6 MB	45.2 MB
1140	bf/6944a8	BGC_ANALYSIS:ANTISMASH_ANALYSIS:ANTISMASH (Buchnera_aphidicola_Microlophium_carnosum_MCAR-56B)	COMPLETED	0	2026-08-29 01:51:02.299	2026-08-29 01:51:02.397	2026-08-29 01:51:11.050	6.6s	2	6 GB	216.6 MB	2.7 GB	104.6%	0.3%	287.8 MB	9.4 MB
1165	80/98ed4a	BGC_ANALYSIS:ANTISMASH_ANALYSIS:ANTISMASH (Pantoea_agglomerans_T1)	COMPLETED	0	2026-08-29 01:50:49.048	2026-08-29 01:50:49.144	2026-08-29 01:51:14.324	23.2s	2	6 GB	722.8 MB	7.8 GB	107.0%	1.2%	960.4 MB	57.3 MB
1145	f6/c64baf	BGC_ANALYSIS:ANTISMASH_ANALYSIS:ANTISMASH (Candidatus_Pantoea_communis_Al-1710)	COMPLETED	0	2026-08-29 01:50:27.781	2026-08-29 01:50:27.877	2026-08-29 01:51:17.202	47.4s	2	6 GB	778.9 MB	7.8 GB	93.1%	1.3%	2.1 GB	97.4 MB
1171	f7/0b35c0	BGC_ANALYSIS:ANTISMASH_ANALYSIS:ANTISMASH (Pantoea_agglomerans_UAEU18)	COMPLETED	0	2026-08-29 01:50:54.974	2026-08-29 01:50:55.070	2026-08-29 01:51:17.340	20.3s	2	6 GB	801 MB	7.8 GB	129.3%	1.3%	845.4 MB	57 MB
1153	db/fce6e7	BGC_ANALYSIS:ANTISMASH_ANALYSIS:ANTISMASH (Erwinia_sorbitola_J780)	COMPLETED	0	2026-08-29 01:50:56.055	2026-08-29 01:50:56.152	2026-08-29 01:51:17.553	19.4s	2	6 GB	824.4 MB	7.8 GB	134.2%	1.4%	801.8 MB	55 MB
1136	94/4a528b	BGC_ANALYSIS:ANTISMASH_ANALYSIS:ANTISMASH (Pantoea_agglomerans_CTOTU50771)	COMPLETED	0	2026-08-29 01:49:41.253	2026-08-29 01:49:41.349	2026-08-29 01:51:21.681	1m 38s	2	6 GB	535.4 MB	7.7 GB	106.3%	0.8%	5.1 GB	148.2 MB
1155	21/9bc077	BGC_ANALYSIS:ANTISMASH_ANALYSIS:ANTISMASH (Mixta_intestinalis_SRCM103226)	COMPLETED	0	2026-08-29 01:51:11.056	2026-08-29 01:51:11.150	2026-08-29 01:51:32.702	19.4s	2	6 GB	819 MB	7.8 GB	130.4%	1.4%	802.6 MB	53.4 MB
1170	b6/ee6486	BGC_ANALYSIS:ANTISMASH_ANALYSIS:ANTISMASH (Pantoea_agglomerans_T6)	COMPLETED	0	2026-08-29 01:51:04.459	2026-08-29 01:51:04.558	2026-08-29 01:51:34.853	28.3s	2	6 GB	707.9 MB	7.8 GB	96.2%	1.2%	1 GB	61.4 MB
1169	c8/646259	BGC_ANALYSIS:ANTISMASH_ANALYSIS:ANTISMASH (Pantoea_agglomerans_T5)	COMPLETED	0	2026-08-29 01:51:05.879	2026-08-29 01:51:05.976	2026-08-29 01:51:35.153	27.1s	2	6 GB	746.3 MB	7.8 GB	102.6%	1.2%	1.1 GB	63.3 MB
1157	78/96e43e	BGC_ANALYSIS:ANTISMASH_ANALYSIS:ANTISMASH (Pantoea_agglomerans_ASB05)	COMPLETED	0	2026-08-29 01:51:17.556	2026-08-29 01:51:17.653	2026-08-29 01:51:40.375	20.8s	2	6 GB	793.1 MB	7.8 GB	128.4%	1.4%	856.1 MB	57.6 MB
1166	52/168a88	BGC_ANALYSIS:ANTISMASH_ANALYSIS:ANTISMASH (Pantoea_agglomerans_T2)	COMPLETED	0	2026-08-29 01:51:14.328	2026-08-29 01:51:14.425	2026-08-29 01:51:46.156	29.8s	2	6 GB	654.7 MB	7.7 GB	98.2%	1.1%	1.2 GB	66.4 MB
1168	b6/8e25de	BGC_ANALYSIS:ANTISMASH_ANALYSIS:ANTISMASH (Pantoea_agglomerans_T4)	COMPLETED	0	2026-08-29 01:51:17.347	2026-08-29 01:51:17.440	2026-08-29 01:51:47.168	27.8s	2	6 GB	752.2 MB	7.8 GB	106.6%	1.3%	1.2 GB	67.2 MB
1159	82/2f962e	BGC_ANALYSIS:ANTISMASH_ANALYSIS:ANTISMASH (Pantoea_agglomerans_B3)	COMPLETED	0	2026-08-29 01:51:17.212	2026-08-29 01:51:17.303	2026-08-29 01:51:51.616	32.3s	2	6 GB	742.4 MB	7.8 GB	100.3%	1.3%	1.4 GB	74.2 MB
1164	18/0fa85c	BGC_ANALYSIS:ANTISMASH_ANALYSIS:ANTISMASH (Pantoea_agglomerans_RIT710)	COMPLETED	0	2026-08-29 01:51:21.685	2026-08-29 01:51:21.781	2026-08-29 01:51:54.257	30.4s	2	6 GB	676.7 MB	7.7 GB	93.6%	1.2%	1.2 GB	65.8 MB
1162	1f/5b28b3	BGC_ANALYSIS:ANTISMASH_ANALYSIS:ANTISMASH (Pantoea_agglomerans_R1)	COMPLETED	0	2026-08-29 01:51:35.157	2026-08-29 01:51:35.253	2026-08-29 01:51:56.698	19.5s	2	6 GB	807 MB	7.8 GB	130.2%	1.3%	825.7 MB	58.3 MB
1161	81/394a9d	BGC_ANALYSIS:ANTISMASH_ANALYSIS:ANTISMASH (Pantoea_agglomerans_C1)	COMPLETED	0	2026-08-29 01:51:34.857	2026-08-29 01:51:34.953	2026-08-29 01:52:00.835	23.9s	2	6 GB	713.1 MB	7.8 GB	106.3%	1.2%	981.3 MB	60.7 MB
1183	c8/9df4b1	BGC_ANALYSIS:ANTISMASH_ANALYSIS:ANTISMASH (Pantoea_sp._Aalb)	COMPLETED	0	2026-08-29 01:51:51.620	2026-08-29 01:51:51.717	2026-08-29 01:52:03.537	9.8s	2	6 GB	483.2 MB	7.6 GB	101.3%	0.8%	441.3 MB	16.8 MB
1163	21/234bf3	BGC_ANALYSIS:ANTISMASH_ANALYSIS:ANTISMASH (Pantoea_agglomerans_R5)	COMPLETED	0	2026-08-29 01:51:46.160	2026-08-29 01:51:46.257	2026-08-29 01:52:18.282	29.9s	2	6 GB	715.5 MB	7.8 GB	94.1%	1.3%	1.2 GB	66.1 MB
1184	91/1ab29f	BGC_ANALYSIS:ANTISMASH_ANALYSIS:ANTISMASH (Pantoea_sp._Acro-807)	COMPLETED	0	2026-08-29 01:51:54.261	2026-08-29 01:51:54.357	2026-08-29 01:52:19.634	23.3s	2	6 GB	644.6 MB	7.7 GB	96.6%	1.0%	978 MB	53.1 MB
1855	57/d6984f	BGC_ANALYSIS:ANTISMASH_ANALYSIS:ANTISMASH (Tatumella_ptyseos_GCA_937917055.1)	COMPLETED	0	2026-08-29 01:51:47.173	2026-08-29 01:51:47.268	2026-08-29 01:52:22.212	32.8s	2	6 GB	502.9 MB	7.7 GB	102.2%	0.8%	1.6 GB	54.5 MB
1180	17/b5621d	BGC_ANALYSIS:ANTISMASH_ANALYSIS:ANTISMASH (Pantoea_dispersa_CCUG_25232T)	COMPLETED	0	2026-08-29 01:51:40.379	2026-08-29 01:51:40.475	2026-08-29 01:52:26.455	43.9s	2	6 GB	715.9 MB	7.8 GB	94.9%	1.2%	2 GB	88.2 MB
1186	3e/50a934	BGC_ANALYSIS:ANTISMASH_ANALYSIS:ANTISMASH (Pantoea_sp._Ap-959)	COMPLETED	0	2026-08-29 01:51:56.702	2026-08-29 01:51:56.799	2026-08-29 01:52:28.156	29.4s	2	6 GB	724.7 MB	7.8 GB	100.8%	1.3%	1.2 GB	68.3 MB
1175	2b/d36dea	BGC_ANALYSIS:ANTISMASH_ANALYSIS:ANTISMASH (Pantoea_ananatis_Weeds_Lee_18a)	COMPLETED	0	2026-08-29 01:52:00.839	2026-08-29 01:52:00.935	2026-08-29 01:52:40.238	37.3s	2	6 GB	721.4 MB	7.8 GB	96.2%	1.3%	1.7 GB	80.4 MB
1176	04/a876fc	BGC_ANALYSIS:ANTISMASH_ANALYSIS:ANTISMASH (Pantoea_anthophila_EKM101A)	COMPLETED	0	2026-08-29 01:52:19.638	2026-08-29 01:52:19.734	2026-08-29 01:52:52.356	30.7s	2	6 GB	509.6 MB	7.7 GB	109.4%	0.7%	1.3 GB	55.9 MB
1182	0e/e57263	BGC_ANALYSIS:ANTISMASH_ANALYSIS:ANTISMASH (Pantoea_phytobeneficialis_MSR2)	COMPLETED	0	2026-08-29 01:52:26.460	2026-08-29 01:52:26.555	2026-08-29 01:52:52.916	24.3s	2	6 GB	856.8 MB	7.9 GB	127.4%	1.4%	1008.4 MB	68.6 MB
1173	88/14a8f4	BGC_ANALYSIS:ANTISMASH_ANALYSIS:ANTISMASH (Pantoea_ananatis_BAV_3296)	COMPLETED	0	2026-08-29 01:52:03.541	2026-08-29 01:52:03.637	2026-08-29 01:52:55.256	49.5s	2	6 GB	488.1 MB	7.7 GB	103.3%	0.7%	2.4 GB	80.5 MB
1167	a8/89f079	BGC_ANALYSIS:ANTISMASH_ANALYSIS:ANTISMASH (Pantoea_agglomerans_T3)	COMPLETED	0	2026-08-29 01:52:28.160	2026-08-29 01:52:28.256	2026-08-29 01:52:57.432	27.1s	2	6 GB	717.9 MB	7.8 GB	100.3%	1.3%	1.1 GB	63.1 MB
1190	1f/d119c7	BGC_ANALYSIS:ANTISMASH_ANALYSIS:ANTISMASH (Pantoea_sp._B_2)	COMPLETED	0	2026-08-29 01:52:18.286	2026-08-29 01:52:18.382	2026-08-29 01:52:59.396	39.1s	2	6 GB	703.6 MB	7.8 GB	94.6%	1.2%	1.8 GB	81.9 MB
1193	b3/eac5f7	BGC_ANALYSIS:ANTISMASH_ANALYSIS:ANTISMASH (Pantoea_sp._Bo_11)	COMPLETED	0	2026-08-29 01:52:22.215	2026-08-29 01:52:22.312	2026-08-29 01:53:00.938	36.7s	2	6 GB	684.3 MB	7.8 GB	93.8%	1.2%	1.6 GB	77.8 MB
1177	6b/4bf1b3	BGC_ANALYSIS:ANTISMASH_ANALYSIS:ANTISMASH (Pantoea_cypripedii_NE1)	COMPLETED	0	2026-08-29 01:52:52.920	2026-08-29 01:52:53.016	2026-08-29 01:53:20.649	25.6s	2	6 GB	913.4 MB	7.9 GB	130.7%	1.6%	1 GB	76.3 MB
1178	14/846cfd	BGC_ANALYSIS:ANTISMASH_ANALYSIS:ANTISMASH (Pantoea_dispersa_625)	COMPLETED	0	2026-08-29 01:52:52.359	2026-08-29 01:52:52.457	2026-08-29 01:53:23.797	29.3s	2	6 GB	708.8 MB	7.8 GB	98.9%	1.3%	1.1 GB	64.2 MB
1179	fa/0e75c3	BGC_ANALYSIS:ANTISMASH_ANALYSIS:ANTISMASH (Pantoea_dispersa_BJQ0007)	COMPLETED	0	2026-08-29 01:53:00.945	2026-08-29 01:53:01.039	2026-08-29 01:53:25.576	22.3s	2	6 GB	795.2 MB	7.8 GB	126.8%	1.3%	814.4 MB	54 MB
1185	6d/246ce5	BGC_ANALYSIS:ANTISMASH_ANALYSIS:ANTISMASH (Pantoea_sp._Ap-870)	COMPLETED	0	2026-08-29 01:52:55.260	2026-08-29 01:52:55.356	2026-08-29 01:53:28.708	31.5s	2	6 GB	661.6 MB	7.7 GB	99.4%	1.0%	1.2 GB	66.9 MB
1188	8b/fbdb6a	BGC_ANALYSIS:ANTISMASH_ANALYSIS:ANTISMASH (Pantoea_sp._BAV_3049)	COMPLETED	0	2026-08-29 01:52:59.400	2026-08-29 01:52:59.496	2026-08-29 01:53:29.802	28s	2	6 GB	657.1 MB	7.9 GB	128.3%	1.1%	1.1 GB	52.9 MB
1192	ba/097309	BGC_ANALYSIS:ANTISMASH_ANALYSIS:ANTISMASH (Pantoea_sp._Bo_10)	COMPLETED	0	2026-08-29 01:53:28.711	2026-08-29 01:53:28.808	2026-08-29 01:53:52.583	21.8s	2	6 GB	649.3 MB	7.7 GB	99.8%	1.0%	901.3 MB	50.5 MB
1191	4e/5796be	BGC_ANALYSIS:ANTISMASH_ANALYSIS:ANTISMASH (Pantoea_sp._B_9)	COMPLETED	0	2026-08-29 01:53:25.580	2026-08-29 01:53:25.676	2026-08-29 01:53:56.517	28.8s	2	6 GB	705.2 MB	7.8 GB	104.6%	1.3%	1.2 GB	67.4 MB
1174	1f/f4c5cc	BGC_ANALYSIS:ANTISMASH_ANALYSIS:ANTISMASH (Pantoea_ananatis_MMB-1)	COMPLETED	0	2026-08-29 01:52:40.242	2026-08-29 01:52:40.339	2026-08-29 01:53:58.610	1m 16s	2	6 GB	4.8 GB	8.1 GB	122.4%	6.8%	22.2 GB	60.2 MB
1196	19/1e99f5	BGC_ANALYSIS:ANTISMASH_ANALYSIS:ANTISMASH (Pantoea_sp._Bo_19)	COMPLETED	0	2026-08-29 01:53:20.653	2026-08-29 01:53:20.749	2026-08-29 01:54:01.597	38.8s	2	6 GB	682.1 MB	7.8 GB	94.5%	1.2%	1.7 GB	80.4 MB
1195	eb/6f3a0c	BGC_ANALYSIS:ANTISMASH_ANALYSIS:ANTISMASH (Pantoea_sp._Bo_14)	COMPLETED	0	2026-08-29 01:53:23.800	2026-08-29 01:53:23.897	2026-08-29 01:54:02.007	36.1s	2	6 GB	674.7 MB	7.8 GB	94.3%	1.2%	1.6 GB	76.8 MB
1187	64/e546bf	BGC_ANALYSIS:ANTISMASH_ANALYSIS:ANTISMASH (Pantoea_sp._Ap-967)	COMPLETED	0	2026-08-29 01:52:57.435	2026-08-29 01:52:57.533	2026-08-29 01:54:07.806	1m 8s	2	6 GB	792.1 MB	7.8 GB	95.7%	1.3%	2.6 GB	114.9 MB
1194	e0/0c270a	BGC_ANALYSIS:ANTISMASH_ANALYSIS:ANTISMASH (Pantoea_sp._Bo_13)	COMPLETED	0	2026-08-29 01:53:29.806	2026-08-29 01:53:29.902	2026-08-29 01:54:12.187	40.3s	2	6 GB	723 MB	7.8 GB	94.3%	1.3%	1.8 GB	82.4 MB
1205	a4/728374	BGC_ANALYSIS:ANTISMASH_ANALYSIS:ANTISMASH (Pantoea_sp._Bo_7)	COMPLETED	0	2026-08-29 01:53:52.587	2026-08-29 01:53:52.683	2026-08-29 01:54:16.539	21.9s	2	6 GB	648.2 MB	7.7 GB	96.7%	1.0%	901.4 MB	50.5 MB
1209	c2/f2cac1	BGC_ANALYSIS:ANTISMASH_ANALYSIS:ANTISMASH (Pantoea_sp._EKM103V)	COMPLETED	0	2026-08-29 01:54:01.601	2026-08-29 01:54:01.697	2026-08-29 01:54:35.461	31.6s	2	6 GB	691.4 MB	7.8 GB	99.2%	1.2%	1.4 GB	69.3 MB
1200	01/fbce01	BGC_ANALYSIS:ANTISMASH_ANALYSIS:ANTISMASH (Pantoea_sp._Bo_34a)	COMPLETED	0	2026-08-29 01:53:56.520	2026-08-29 01:53:56.617	2026-08-29 01:54:38.447	39.9s	2	6 GB	698.2 MB	7.8 GB	94.2%	1.2%	1.8 GB	81.9 MB
1198	63/45aefc	BGC_ANALYSIS:ANTISMASH_ANALYSIS:ANTISMASH (Pantoea_sp._Bo_21)	COMPLETED	0	2026-08-29 01:54:02.010	2026-08-29 01:54:02.107	2026-08-29 01:54:44.305	40s	2	6 GB	724.4 MB	7.8 GB	94.0%	1.3%	1.8 GB	82.4 MB
1215	60/c39021	BGC_ANALYSIS:ANTISMASH_ANALYSIS:ANTISMASH (Pantoea_sp._F_14)	COMPLETED	0	2026-08-29 01:54:07.810	2026-08-29 01:54:07.906	2026-08-29 01:54:45.787	35.6s	2	6 GB	691.8 MB	7.8 GB	93.9%	1.3%	1.6 GB	76.3 MB
1206	f9/70b6c3	BGC_ANALYSIS:ANTISMASH_ANALYSIS:ANTISMASH (Pantoea_sp._Cy-639)	COMPLETED	0	2026-08-29 01:53:58.614	2026-08-29 01:53:58.710	2026-08-29 01:54:48.573	47.8s	2	6 GB	813 MB	7.8 GB	95.4%	1.4%	1.7 GB	83.1 MB
1201	a8/f0091f	BGC_ANALYSIS:ANTISMASH_ANALYSIS:ANTISMASH (Pantoea_sp._Bo_39)	COMPLETED	0	2026-08-29 01:54:12.192	2026-08-29 01:54:12.287	2026-08-29 01:54:52.788	38.6s	2	6 GB	703.8 MB	7.8 GB	94.4%	1.2%	1.8 GB	81.4 MB
1181	d0/0e613d	BGC_ANALYSIS:ANTISMASH_ANALYSIS:ANTISMASH (Pantoea_eucalypti_LMG_24197_2)	COMPLETED	0	2026-08-29 01:54:35.465	2026-08-29 01:54:35.561	2026-08-29 01:54:57.051	19.5s	2	6 GB	805.6 MB	7.8 GB	129.3%	1.4%	842.2 MB	56.7 MB
1199	f1/4a9d99	BGC_ANALYSIS:ANTISMASH_ANALYSIS:ANTISMASH (Pantoea_sp._Bo_3)	COMPLETED	0	2026-08-29 01:54:16.543	2026-08-29 01:54:16.639	2026-08-29 01:54:57.934	39.3s	2	6 GB	702.7 MB	7.8 GB	94.3%	1.2%	1.8 GB	82.9 MB
1189	90/399cd5	BGC_ANALYSIS:ANTISMASH_ANALYSIS:ANTISMASH (Pantoea_sp._B_10)	COMPLETED	0	2026-08-29 01:54:38.450	2026-08-29 01:54:38.547	2026-08-29 01:55:20.776	40.2s	2	6 GB	671.3 MB	7.7 GB	94.4%	1.2%	1.8 GB	84.3 MB
1218	81/855691	BGC_ANALYSIS:ANTISMASH_ANALYSIS:ANTISMASH (Pantoea_sp._F_17)	COMPLETED	0	2026-08-29 01:54:44.308	2026-08-29 01:54:44.406	2026-08-29 01:55:21.133	34.7s	2	6 GB	691.8 MB	7.7 GB	94.5%	1.2%	1.5 GB	75.3 MB
1197	56/ffbba3	BGC_ANALYSIS:ANTISMASH_ANALYSIS:ANTISMASH (Pantoea_sp._Bo_2)	COMPLETED	0	2026-08-29 01:54:45.790	2026-08-29 01:54:45.887	2026-08-29 01:55:26.725	38.8s	2	6 GB	698.4 MB	7.8 GB	95.1%	1.2%	1.8 GB	82.4 MB
1202	b6/daecb1	BGC_ANALYSIS:ANTISMASH_ANALYSIS:ANTISMASH (Pantoea_sp._Bo_40)	COMPLETED	0	2026-08-29 01:54:48.577	2026-08-29 01:54:48.673	2026-08-29 01:55:29.118	38.4s	2	6 GB	701.9 MB	7.8 GB	94.5%	1.2%	1.8 GB	81.9 MB
1208	de/a9d1ca	BGC_ANALYSIS:ANTISMASH_ANALYSIS:ANTISMASH (Pantoea_sp._EKM101V)	COMPLETED	0	2026-08-29 01:54:57.938	2026-08-29 01:54:58.034	2026-08-29 01:55:30.754	30.7s	2	6 GB	685.5 MB	7.8 GB	95.6%	1.1%	1.3 GB	67.8 MB
1217	05/c6c761	BGC_ANALYSIS:ANTISMASH_ANALYSIS:ANTISMASH (Pantoea_sp._F_16)	COMPLETED	0	2026-08-29 01:54:52.792	2026-08-29 01:54:52.888	2026-08-29 01:55:30.852	36s	2	6 GB	678.2 MB	7.8 GB	94.9%	1.2%	1.6 GB	78 MB
1220	0f/703ce4	BGC_ANALYSIS:ANTISMASH_ANALYSIS:ANTISMASH (Pantoea_sp._F_5)	COMPLETED	0	2026-08-29 01:54:57.054	2026-08-29 01:54:57.152	2026-08-29 01:55:33.712	34.6s	2	6 GB	688.7 MB	7.7 GB	94.5%	1.2%	1.5 GB	75.3 MB
1207	13/b1e2dd	BGC_ANALYSIS:ANTISMASH_ANALYSIS:ANTISMASH (Pantoea_sp._Cy-640)	COMPLETED	0	2026-08-29 01:55:20.779	2026-08-29 01:55:20.876	2026-08-29 01:55:51.110	28.3s	2	6 GB	554.2 MB	7.3 GB	95.5%	1.0%	1.2 GB	67.8 MB
1210	eb/1032af	BGC_ANALYSIS:ANTISMASH_ANALYSIS:ANTISMASH (Pantoea_sp._EKM21T)	COMPLETED	0	2026-08-29 01:55:30.757	2026-08-29 01:55:30.852	2026-08-29 01:56:02.340	29.6s	2	6 GB	662.2 MB	7.7 GB	95.2%	1.1%	1.2 GB	66.4 MB
1224	f0/c0da32	BGC_ANALYSIS:ANTISMASH_ANALYSIS:ANTISMASH (Pantoea_sp._M_3)	COMPLETED	0	2026-08-29 01:55:21.136	2026-08-29 01:55:21.233	2026-08-29 01:56:03.199	40.1s	2	6 GB	702.8 MB	7.8 GB	95.6%	1.2%	1.9 GB	84.8 MB
1222	80/13044e	BGC_ANALYSIS:ANTISMASH_ANALYSIS:ANTISMASH (Pantoea_sp._M_1)	COMPLETED	0	2026-08-29 01:55:26.729	2026-08-29 01:55:26.826	2026-08-29 01:56:06.524	37.6s	2	6 GB	709.9 MB	7.8 GB	94.7%	1.3%	1.8 GB	80.8 MB
1203	be/a8a6c6	BGC_ANALYSIS:ANTISMASH_ANALYSIS:ANTISMASH (Pantoea_sp._Bo_46)	COMPLETED	0	2026-08-29 01:55:29.121	2026-08-29 01:55:29.218	2026-08-29 01:56:10.736	39.6s	2	6 GB	705 MB	7.8 GB	94.4%	1.2%	1.8 GB	82.9 MB
1213	27/5a5faf	BGC_ANALYSIS:ANTISMASH_ANALYSIS:ANTISMASH (Pantoea_sp._F_11)	COMPLETED	0	2026-08-29 01:55:33.716	2026-08-29 01:55:33.813	2026-08-29 01:56:11.095	35.3s	2	6 GB	678.3 MB	7.8 GB	94.4%	1.2%	1.6 GB	76.3 MB
1204	37/50ce1a	BGC_ANALYSIS:ANTISMASH_ANALYSIS:ANTISMASH (Pantoea_sp._Bo_5)	COMPLETED	0	2026-08-29 01:55:30.855	2026-08-29 01:55:30.952	2026-08-29 01:56:11.810	39s	2	6 GB	702.3 MB	7.8 GB	94.6%	1.2%	1.8 GB	82.4 MB
1229	3c/e840ed	BGC_ANALYSIS:ANTISMASH_ANALYSIS:ANTISMASH (Pantoea_sp._Nvir)	COMPLETED	0	2026-08-29 01:56:10.740	2026-08-29 01:56:10.836	2026-08-29 01:56:23.281	10.5s	2	6 GB	486.8 MB	7.6 GB	100.4%	0.9%	475.9 MB	19.3 MB
1211	a2/503eaf	BGC_ANALYSIS:ANTISMASH_ANALYSIS:ANTISMASH (Pantoea_sp._Eser)	COMPLETED	0	2026-08-29 01:56:02.343	2026-08-29 01:56:02.441	2026-08-29 01:56:28.617	24.2s	2	6 GB	631.6 MB	7.7 GB	99.2%	1.0%	1.1 GB	57.5 MB
1223	f6/c227c3	BGC_ANALYSIS:ANTISMASH_ANALYSIS:ANTISMASH (Pantoea_sp._M_10)	COMPLETED	0	2026-08-29 01:56:11.103	2026-08-29 01:56:11.196	2026-08-29 01:56:38.632	25.5s	2	6 GB	708.3 MB	7.8 GB	101.2%	1.3%	1 GB	61.4 MB
1214	67/0b7c25	BGC_ANALYSIS:ANTISMASH_ANALYSIS:ANTISMASH (Pantoea_sp._F_12)	COMPLETED	0	2026-08-29 01:56:06.530	2026-08-29 01:56:06.625	2026-08-29 01:56:43.459	34.9s	2	6 GB	701.7 MB	7.8 GB	94.9%	1.3%	1.6 GB	76.3 MB
1212	3b/84e763	BGC_ANALYSIS:ANTISMASH_ANALYSIS:ANTISMASH (Pantoea_sp._FN_2b)	COMPLETED	0	2026-08-29 01:56:03.202	2026-08-29 01:56:03.299	2026-08-29 01:56:44.688	39.3s	2	6 GB	703.7 MB	7.8 GB	95.0%	1.2%	1.8 GB	82.8 MB
1219	5b/41b7cb	BGC_ANALYSIS:ANTISMASH_ANALYSIS:ANTISMASH (Pantoea_sp._F_18)	COMPLETED	0	2026-08-29 01:56:11.813	2026-08-29 01:56:11.910	2026-08-29 01:56:48.907	35s	2	6 GB	694.3 MB	7.8 GB	94.9%	1.3%	1.6 GB	76.3 MB
1228	11/39d233	BGC_ANALYSIS:ANTISMASH_ANALYSIS:ANTISMASH (Pantoea_sp._Mhis)	COMPLETED	0	2026-08-29 01:56:43.463	2026-08-29 01:56:43.559	2026-08-29 01:56:56.404	10.9s	2	6 GB	209.8 MB	2.7 GB	104.2%	0.3%	562.1 MB	18.5 MB
1221	2c/5eeda1	BGC_ANALYSIS:ANTISMASH_ANALYSIS:ANTISMASH (Pantoea_sp._F_7)	COMPLETED	0	2026-08-29 01:56:23.285	2026-08-29 01:56:23.381	2026-08-29 01:56:59.820	34.5s	2	6 GB	685.3 MB	7.7 GB	94.6%	1.2%	1.5 GB	75.3 MB
1216	2a/7ff4fb	BGC_ANALYSIS:ANTISMASH_ANALYSIS:ANTISMASH (Pantoea_sp._F_15)	COMPLETED	0	2026-08-29 01:56:28.621	2026-08-29 01:56:28.717	2026-08-29 01:57:05.356	34.6s	2	6 GB	693.8 MB	7.8 GB	95.2%	1.3%	1.5 GB	75.8 MB
1227	1d/45553d	BGC_ANALYSIS:ANTISMASH_ANALYSIS:ANTISMASH (Pantoea_sp._M_6)	COMPLETED	0	2026-08-29 01:56:38.636	2026-08-29 01:56:38.733	2026-08-29 01:57:09.063	28.4s	2	6 GB	695.7 MB	7.7 GB	94.6%	1.3%	1.2 GB	64.5 MB
1225	6b/a60693	BGC_ANALYSIS:ANTISMASH_ANALYSIS:ANTISMASH (Pantoea_sp._M_4)	COMPLETED	0	2026-08-29 01:56:48.911	2026-08-29 01:56:49.008	2026-08-29 01:57:32.596	41.6s	2	6 GB	697.1 MB	7.8 GB	95.8%	1.2%	1.9 GB	85.3 MB
1236	48/01667c	BGC_ANALYSIS:ANTISMASH_ANALYSIS:ANTISMASH (Pantoea_stewartii_subsp._stewartii_MS1)	COMPLETED	0	2026-08-29 01:57:05.359	2026-08-29 01:57:05.457	2026-08-29 01:57:42.731	35.2s	2	6 GB	498.3 MB	7.8 GB	104.6%	0.7%	1.4 GB	59 MB
1232	47/a09708	BGC_ANALYSIS:ANTISMASH_ANALYSIS:ANTISMASH (Pantoea_sp._Taur)	COMPLETED	0	2026-08-29 01:56:59.824	2026-08-29 01:56:59.920	2026-08-29 01:57:46.932	45.1s	2	6 GB	731.7 MB	7.8 GB	94.6%	1.3%	2 GB	91.6 MB
1226	7f/abf4ac	BGC_ANALYSIS:ANTISMASH_ANALYSIS:ANTISMASH (Pantoea_sp._M_5)	COMPLETED	0	2026-08-29 01:55:51.115	2026-08-29 01:55:51.210	2026-08-29 01:57:47.945	1m 55s	2	6 GB	798.7 MB	7.9 GB	101.4%	1.3%	6.5 GB	205.2 MB
1231	6d/475d07	BGC_ANALYSIS:ANTISMASH_ANALYSIS:ANTISMASH (Pantoea_sp._SoEX)	COMPLETED	0	2026-08-29 01:57:42.735	2026-08-29 01:57:42.831	2026-08-29 01:57:54.585	9.5s	2	6 GB	208.7 MB	2.7 GB	103.4%	0.3%	454.3 MB	14.8 MB
1234	87/4707f1	BGC_ANALYSIS:ANTISMASH_ANALYSIS:ANTISMASH (Pantoea_stewartii_ZJ-FGZX1)	COMPLETED	0	2026-08-29 01:56:56.408	2026-08-29 01:56:56.504	2026-08-29 01:57:56.659	58.1s	2	6 GB	4.8 GB	8.1 GB	133.5%	6.7%	15.5 GB	59.2 MB
1250	d4/825107	BGC_ANALYSIS:ANTISMASH_ANALYSIS:ANTISMASH (Erwinia_persicina_BST187)	COMPLETED	0	2026-08-29 01:57:46.936	2026-08-29 01:57:47.031	2026-08-29 01:58:10.175	21s	2	6 GB	838.1 MB	7.9 GB	137.6%	1.4%	824.1 MB	59.3 MB
1233	47/79f029	BGC_ANALYSIS:ANTISMASH_ANALYSIS:ANTISMASH (Pantoea_sp._Tr-811)	COMPLETED	0	2026-08-29 01:57:09.066	2026-08-29 01:57:09.163	2026-08-29 01:58:10.194	59s	2	6 GB	791.2 MB	7.8 GB	94.5%	1.3%	2.1 GB	103.1 MB
1235	90/1e000d	BGC_ANALYSIS:ANTISMASH_ANALYSIS:ANTISMASH (Pantoea_stewartii_subsp._stewartii_CCUG_26359)	COMPLETED	0	2026-08-29 01:56:44.692	2026-08-29 01:56:44.788	2026-08-29 01:58:14.270	1m 27s	2	6 GB	771.6 MB	7.8 GB	100.2%	1.3%	4.8 GB	158.1 MB
1230	85/f82047	BGC_ANALYSIS:ANTISMASH_ANALYSIS:ANTISMASH (Pantoea_sp._Seng)	COMPLETED	0	2026-08-29 01:57:32.600	2026-08-29 01:57:32.696	2026-08-29 01:58:17.333	42.6s	2	6 GB	693.6 MB	7.8 GB	93.5%	1.2%	1.8 GB	82.4 MB
1245	1e/9072fc	BGC_ANALYSIS:ANTISMASH_ANALYSIS:ANTISMASH (Erwinia_amylovora_FCUP_14)	COMPLETED	0	2026-08-29 01:57:47.950	2026-08-29 01:57:48.045	2026-08-29 01:58:17.491	27.4s	2	6 GB	645 MB	7.7 GB	97.3%	1.0%	1 GB	56 MB
1240	a6/14306a	BGC_ANALYSIS:ANTISMASH_ANALYSIS:ANTISMASH (Buchnera_aphidicola_Pterocomma_populeum_55576)	COMPLETED	0	2026-08-29 01:58:10.198	2026-08-29 01:58:10.294	2026-08-29 01:58:17.912	5.4s	2	6 GB	204.9 MB	2.7 GB	98.3%	0.3%	239.2 MB	5.2 MB
1238	a8/991e84	BGC_ANALYSIS:ANTISMASH_ANALYSIS:ANTISMASH (Buchnera_aphidicola_Diuraphis_noxia_SA5)	COMPLETED	0	2026-08-29 01:58:14.273	2026-08-29 01:58:14.370	2026-08-29 01:58:21.936	5.6s	2	6 GB	208.5 MB	2.7 GB	102.9%	0.3%	244.7 MB	5.8 MB
1237	00/536395	BGC_ANALYSIS:ANTISMASH_ANALYSIS:ANTISMASH (Buchnera_aphidicola_Diuraphis_noxia_SA1)	COMPLETED	0	2026-08-29 01:58:17.337	2026-08-29 01:58:17.434	2026-08-29 01:58:24.908	5.5s	2	6 GB	208.4 MB	2.7 GB	103.1%	0.3%	244.8 MB	5.8 MB
1244	21/700617	BGC_ANALYSIS:ANTISMASH_ANALYSIS:ANTISMASH (Erwinia_amylovora_FCUP_112)	COMPLETED	0	2026-08-29 01:57:56.663	2026-08-29 01:57:56.759	2026-08-29 01:58:25.377	26.6s	2	6 GB	614.9 MB	7.7 GB	101.4%	1.0%	1 GB	56 MB
1247	2d/0617ae	BGC_ANALYSIS:ANTISMASH_ANALYSIS:ANTISMASH (Erwinia_amylovora_FCUP_93)	COMPLETED	0	2026-08-29 01:57:54.588	2026-08-29 01:57:54.685	2026-08-29 01:58:27.706	31s	2	6 GB	623.4 MB	7.7 GB	95.7%	1.0%	1.2 GB	61 MB
1239	94/e7f691	BGC_ANALYSIS:ANTISMASH_ANALYSIS:ANTISMASH (Buchnera_aphidicola_Diuraphis_noxia_SAM2)	COMPLETED	0	2026-08-29 01:58:21.940	2026-08-29 01:58:22.036	2026-08-29 01:58:29.458	5.4s	2	6 GB	208.2 MB	2.7 GB	102.8%	0.3%	244.8 MB	5.8 MB
1255	67/6008c3	BGC_ANALYSIS:ANTISMASH_ANALYSIS:ANTISMASH (Erwinia_rhapontici_QL4)	COMPLETED	0	2026-08-29 01:58:10.180	2026-08-29 01:58:10.195	2026-08-29 01:58:44.766	32.3s	2	6 GB	504.5 MB	7.8 GB	101.6%	0.7%	1.2 GB	55.6 MB
1252	81/d358b6	BGC_ANALYSIS:ANTISMASH_ANALYSIS:ANTISMASH (Erwinia_rhapontici_QL1)	COMPLETED	0	2026-08-29 01:58:24.911	2026-08-29 01:58:25.008	2026-08-29 01:58:54.438	27.4s	2	6 GB	580.2 MB	7.8 GB	116.4%	1.0%	1 GB	51.4 MB
1251	ba/92ea64	BGC_ANALYSIS:ANTISMASH_ANALYSIS:ANTISMASH (Erwinia_rhapontici_EDr1-9)	COMPLETED	0	2026-08-29 01:58:17.917	2026-08-29 01:58:18.012	2026-08-29 01:58:54.655	34.6s	2	6 GB	513.1 MB	7.8 GB	101.5%	0.8%	1.4 GB	58.7 MB
1249	58/b4d061	BGC_ANALYSIS:ANTISMASH_ANALYSIS:ANTISMASH (Erwinia_billingiae_MFD04612_ilm_asm_bin4)	COMPLETED	0	2026-08-29 01:58:17.500	2026-08-29 01:58:17.591	2026-08-29 01:58:55.345	35.7s	2	6 GB	706.5 MB	7.8 GB	93.4%	1.3%	1.5 GB	78.7 MB
1243	bb/68dc7c	BGC_ANALYSIS:ANTISMASH_ANALYSIS:ANTISMASH (Erwinia_amylovora_FCUP_107)	COMPLETED	0	2026-08-29 01:58:25.380	2026-08-29 01:58:25.477	2026-08-29 01:58:55.754	28.3s	2	6 GB	637.8 MB	7.7 GB	96.2%	1.0%	1.1 GB	58.5 MB
1254	0e/c5bf2f	BGC_ANALYSIS:ANTISMASH_ANALYSIS:ANTISMASH (Erwinia_rhapontici_QL3)	COMPLETED	0	2026-08-29 01:58:27.709	2026-08-29 01:58:27.806	2026-08-29 01:58:58.044	28.4s	2	6 GB	525.9 MB	7.8 GB	107.5%	0.7%	1 GB	49.6 MB
1248	e5/5f4316	BGC_ANALYSIS:ANTISMASH_ANALYSIS:ANTISMASH (Erwinia_amylovora_FCUP_99)	COMPLETED	0	2026-08-29 01:58:29.461	2026-08-29 01:58:29.558	2026-08-29 01:59:00.442	28.9s	2	6 GB	654.9 MB	7.7 GB	95.6%	1.0%	1.2 GB	59.6 MB
1241	3b/9b6cb9	BGC_ANALYSIS:ANTISMASH_ANALYSIS:ANTISMASH (Buchnera_aphidicola_str._APS_Acyrthosiphon_pisum_APS_2)	COMPLETED	0	2026-08-29 01:58:55.757	2026-08-29 01:58:55.854	2026-08-29 01:59:02.989	5.2s	2	6 GB	208.8 MB	2.7 GB	105.1%	0.3%	244.4 MB	5.4 MB
1256	4b/73fea4	BGC_ANALYSIS:ANTISMASH_ANALYSIS:ANTISMASH (Erwinia_sp._BNK-24-a)	COMPLETED	0	2026-08-29 01:58:54.442	2026-08-29 01:58:54.538	2026-08-29 01:59:14.983	18.5s	2	6 GB	655.4 MB	7.4 GB	136.1%	1.1%	772.6 MB	36.2 MB
1253	90/671267	BGC_ANALYSIS:ANTISMASH_ANALYSIS:ANTISMASH (Erwinia_rhapontici_QL2)	COMPLETED	0	2026-08-29 01:58:44.769	2026-08-29 01:58:44.866	2026-08-29 01:59:16.538	29.8s	2	6 GB	540.3 MB	7.8 GB	109.8%	0.7%	1.1 GB	53.7 MB
1259	ca/b4b27f	BGC_ANALYSIS:ANTISMASH_ANALYSIS:ANTISMASH (Erwinia_sp._LJJL01_LJJL01)	COMPLETED	0	2026-08-29 01:58:58.047	2026-08-29 01:58:58.144	2026-08-29 01:59:21.353	21.4s	2	6 GB	850.8 MB	7.9 GB	136.4%	1.3%	878.9 MB	61.4 MB
1257	b9/554e71	BGC_ANALYSIS:ANTISMASH_ANALYSIS:ANTISMASH (Erwinia_sp._BNK-24-b)	COMPLETED	0	2026-08-29 01:59:00.445	2026-08-29 01:59:00.542	2026-08-29 01:59:21.535	18.9s	2	6 GB	622.9 MB	7.4 GB	138.4%	1.1%	772.6 MB	36.2 MB
1242	99/0aea73	BGC_ANALYSIS:ANTISMASH_ANALYSIS:ANTISMASH (Erwinia_amylovora_FCUP_106)	COMPLETED	0	2026-08-29 01:58:55.348	2026-08-29 01:58:55.446	2026-08-29 01:59:27.491	30.1s	2	6 GB	606.5 MB	7.7 GB	97.3%	1.0%	1.2 GB	61 MB
1246	d0/edec5d	BGC_ANALYSIS:ANTISMASH_ANALYSIS:ANTISMASH (Erwinia_amylovora_FCUP_46)	COMPLETED	0	2026-08-29 01:58:54.658	2026-08-29 01:58:54.755	2026-08-29 01:59:28.132	31.5s	2	6 GB	656.7 MB	7.7 GB	95.8%	1.0%	1.3 GB	61.6 MB
1258	b3/e922d5	BGC_ANALYSIS:ANTISMASH_ANALYSIS:ANTISMASH (Erwinia_sp._BNK-25)	COMPLETED	0	2026-08-29 01:59:27.495	2026-08-29 01:59:27.591	2026-08-29 01:59:48.516	18.7s	2	6 GB	620.8 MB	7.4 GB	140.5%	1.1%	772.8 MB	36.2 MB
1273	c6/08a462	BGC_ANALYSIS:ANTISMASH_ANALYSIS:ANTISMASH (Pantoea_agglomerans_21CO001)	COMPLETED	0	2026-08-29 01:59:16.542	2026-08-29 01:59:16.639	2026-08-29 01:59:51.161	32.4s	2	6 GB	698 MB	7.8 GB	93.6%	1.3%	1.3 GB	70.6 MB
1266	26/89756b	BGC_ANALYSIS:ANTISMASH_ANALYSIS:ANTISMASH (Pantoea_agglomerans_20UT092)	COMPLETED	0	2026-08-29 01:59:21.539	2026-08-29 01:59:21.635	2026-08-29 01:59:52.231	28.3s	2	6 GB	724.8 MB	7.8 GB	104.0%	1.3%	1.2 GB	70.1 MB
1261	d7/6534e9	BGC_ANALYSIS:ANTISMASH_ANALYSIS:ANTISMASH (Erwinia_sp._PPS120)	COMPLETED	0	2026-08-29 01:59:02.992	2026-08-29 01:59:03.088	2026-08-29 01:59:52.284	47.2s	2	6 GB	712.6 MB	7.8 GB	95.7%	1.3%	2.2 GB	89.7 MB
1263	bf/7fe40a	BGC_ANALYSIS:ANTISMASH_ANALYSIS:ANTISMASH (Pantoea_agglomerans_20UT005)	COMPLETED	0	2026-08-29 01:59:21.356	2026-08-29 01:59:21.453	2026-08-29 01:59:57.190	33.5s	2	6 GB	679.1 MB	7.7 GB	93.0%	1.2%	1.4 GB	72.6 MB
1172	e0/e8486d	BGC_ANALYSIS:ANTISMASH_ANALYSIS:ANTISMASH (Pantoea_agglomerans_VRA_MhP_f)	COMPLETED	0	2026-08-29 01:51:32.706	2026-08-29 01:51:32.802	2026-08-29 02:00:08.250	8m 33s	2	6 GB	901.1 MB	8 GB	102.7%	1.6%	32.2 GB	825.3 MB
1262	04/5dd004	BGC_ANALYSIS:ANTISMASH_ANALYSIS:ANTISMASH (Pantoea_agglomerans_12C16O_24h_100_P16_coass_bin_13)	COMPLETED	0	2026-08-29 01:59:14.986	2026-08-29 01:59:15.082	2026-08-29 02:00:51.074	1m 34s	2	6 GB	735.9 MB	7.8 GB	98.1%	1.3%	4.2 GB	145.5 MB
1275	b6/1c1ee4	BGC_ANALYSIS:ANTISMASH_ANALYSIS:ANTISMASH (Pantoea_agglomerans_21GA0608)	COMPLETED	0	2026-08-29 01:59:28.137	2026-08-29 01:59:28.232	2026-08-29 02:01:04.657	1m 34s	2	6 GB	4.8 GB	7.8 GB	111.7%	6.5%	19.8 GB	79 MB
1283	82/76e1f1	BGC_ANALYSIS:ANTISMASH_ANALYSIS:ANTISMASH (Pantoea_agglomerans_21TX0196)	COMPLETED	0	2026-08-29 02:00:08.255	2026-08-29 02:00:08.351	2026-08-29 02:01:07.381	56.4s	2	6 GB	713.6 MB	7.8 GB	97.7%	1.3%	1.6 GB	82.4 MB
1274	a3/e6b050	BGC_ANALYSIS:ANTISMASH_ANALYSIS:ANTISMASH (Pantoea_agglomerans_21CO122)	COMPLETED	0	2026-08-29 01:59:57.194	2026-08-29 01:59:57.290	2026-08-29 02:01:32.491	1m 33s	2	6 GB	4.7 GB	7.8 GB	110.5%	6.9%	14.2 GB	77.7 MB
1269	6d/1af5ce	BGC_ANALYSIS:ANTISMASH_ANALYSIS:ANTISMASH (Pantoea_agglomerans_20WA0189)	COMPLETED	0	2026-08-29 02:00:51.150	2026-08-29 02:00:51.173	2026-08-29 02:01:37.047	42.4s	2	6 GB	712.4 MB	7.8 GB	94.7%	1.3%	1.5 GB	76.8 MB
1272	54/849fc8	BGC_ANALYSIS:ANTISMASH_ANALYSIS:ANTISMASH (Pantoea_agglomerans_21CA0223)	COMPLETED	0	2026-08-29 01:59:48.520	2026-08-29 01:59:48.617	2026-08-29 02:01:38.215	1m 48s	2	6 GB	4.7 GB	7.8 GB	109.7%	6.9%	17 GB	76.4 MB
1279	88/35578a	BGC_ANALYSIS:ANTISMASH_ANALYSIS:ANTISMASH (Pantoea_agglomerans_21NY0253)	COMPLETED	0	2026-08-29 01:59:51.166	2026-08-29 01:59:51.261	2026-08-29 02:01:42.667	1m 50s	2	6 GB	4.8 GB	7.8 GB	112.7%	5.4%	23.4 GB	77.9 MB
1281	79/70d65b	BGC_ANALYSIS:ANTISMASH_ANALYSIS:ANTISMASH (Pantoea_agglomerans_21PA0045)	COMPLETED	0	2026-08-29 01:59:52.287	2026-08-29 01:59:52.384	2026-08-29 02:01:45.818	1m 52s	2	6 GB	4.8 GB	8.2 GB	111.1%	5.9%	19.8 GB	80.7 MB
1268	5d/d94985	BGC_ANALYSIS:ANTISMASH_ANALYSIS:ANTISMASH (Pantoea_agglomerans_20WA0188)	COMPLETED	0	2026-08-29 01:59:52.234	2026-08-29 01:59:52.284	2026-08-29 02:01:48.378	1m 54s	2	6 GB	4.8 GB	8.2 GB	111.0%	5.6%	19.9 GB	82.5 MB
1289	b0/e4bee2	BGC_ANALYSIS:ANTISMASH_ANALYSIS:ANTISMASH (Pantoea_agglomerans_AF_air_401)	COMPLETED	0	2026-08-29 02:01:38.227	2026-08-29 02:01:38.316	2026-08-29 02:02:03.433	22.9s	2	6 GB	782.1 MB	7.8 GB	114.6%	1.3%	821 MB	59.6 MB
1286	79/edbe3f	BGC_ANALYSIS:ANTISMASH_ANALYSIS:ANTISMASH (Pantoea_agglomerans_21WA0027)	COMPLETED	0	2026-08-29 02:01:32.502	2026-08-29 02:01:32.591	2026-08-29 02:02:10.783	35.7s	2	6 GB	680.3 MB	7.7 GB	93.4%	1.2%	1.3 GB	72.9 MB
1267	41/88911f	BGC_ANALYSIS:ANTISMASH_ANALYSIS:ANTISMASH (Pantoea_agglomerans_20UT132)	COMPLETED	0	2026-08-29 02:01:04.669	2026-08-29 02:01:04.758	2026-08-29 02:02:19.747	1m 12s	2	6 GB	4.8 GB	7.8 GB	115.8%	4.2%	15.9 GB	72.3 MB
1264	6f/e685a4	BGC_ANALYSIS:ANTISMASH_ANALYSIS:ANTISMASH (Pantoea_agglomerans_20UT007)	COMPLETED	0	2026-08-29 02:01:45.829	2026-08-29 02:01:45.918	2026-08-29 02:02:25.051	36.8s	2	6 GB	671.3 MB	7.7 GB	97.6%	1.2%	1.5 GB	76 MB
1285	c5/9281fa	BGC_ANALYSIS:ANTISMASH_ANALYSIS:ANTISMASH (Pantoea_agglomerans_21UT179)	COMPLETED	0	2026-08-29 02:01:07.392	2026-08-29 02:01:07.480	2026-08-29 02:02:29.045	1m 19s	2	6 GB	4.8 GB	7.8 GB	114.3%	5.6%	18.2 GB	80.6 MB
1270	23/9729b1	BGC_ANALYSIS:ANTISMASH_ANALYSIS:ANTISMASH (Pantoea_agglomerans_20WA0256)	COMPLETED	0	2026-08-29 02:02:03.444	2026-08-29 02:02:03.533	2026-08-29 02:02:41.068	35s	2	6 GB	698.1 MB	7.8 GB	93.9%	1.3%	1.4 GB	74.1 MB
1278	8d/9a6b0f	BGC_ANALYSIS:ANTISMASH_ANALYSIS:ANTISMASH (Pantoea_agglomerans_21NY0094)	COMPLETED	0	2026-08-29 02:02:10.795	2026-08-29 02:02:10.883	2026-08-29 02:02:45.532	32.6s	2	6 GB	705.2 MB	7.8 GB	97.1%	1.3%	1.3 GB	71.2 MB
1277	f0/16ba0a	BGC_ANALYSIS:ANTISMASH_ANALYSIS:ANTISMASH (Pantoea_agglomerans_21ID0185)	COMPLETED	0	2026-08-29 02:02:19.759	2026-08-29 02:02:19.848	2026-08-29 02:02:55.333	33.4s	2	6 GB	688.8 MB	7.7 GB	94.1%	1.3%	1.3 GB	72.5 MB
1265	06/18fecb	BGC_ANALYSIS:ANTISMASH_ANALYSIS:ANTISMASH (Pantoea_agglomerans_20UT061)	COMPLETED	0	2026-08-29 02:01:37.059	2026-08-29 02:01:37.148	2026-08-29 02:02:55.884	1m 17s	2	6 GB	4.8 GB	7.8 GB	115.2%	5.6%	19.7 GB	77.8 MB
1296	ee/e1b4f2	BGC_ANALYSIS:ANTISMASH_ANALYSIS:ANTISMASH (Pantoea_agglomerans_CV158)	COMPLETED	0	2026-08-29 02:02:25.061	2026-08-29 02:02:25.151	2026-08-29 02:03:03.957	36.8s	2	6 GB	667.4 MB	7.7 GB	95.3%	1.2%	1.5 GB	77.5 MB
1280	c5/ff8205	BGC_ANALYSIS:ANTISMASH_ANALYSIS:ANTISMASH (Pantoea_agglomerans_21OR0142)	COMPLETED	0	2026-08-29 02:02:29.055	2026-08-29 02:02:29.145	2026-08-29 02:03:07.184	35.9s	2	6 GB	719.8 MB	7.8 GB	95.0%	1.3%	1.5 GB	76.5 MB
1291	dc/b45ff2	BGC_ANALYSIS:ANTISMASH_ANALYSIS:ANTISMASH (Pantoea_agglomerans_BD1274-3)	COMPLETED	0	2026-08-29 02:01:48.390	2026-08-29 02:01:48.478	2026-08-29 02:03:09.586	1m 19s	2	6 GB	4.8 GB	7.8 GB	114.5%	5.6%	19.9 GB	82.9 MB
1260	8e/d29d92	BGC_ANALYSIS:ANTISMASH_ANALYSIS:ANTISMASH (Erwinia_sp._MFD00724_ilm_asm_bin8)	COMPLETED	0	2026-08-29 02:01:42.678	2026-08-29 02:01:42.768	2026-08-29 02:03:12.038	1m 27s	2	6 GB	703.9 MB	7.8 GB	99.3%	1.3%	4.5 GB	148.4 MB
1297	56/e8a6f0	BGC_ANALYSIS:ANTISMASH_ANALYSIS:ANTISMASH (Pantoea_agglomerans_GMG052)	COMPLETED	0	2026-08-29 02:02:41.079	2026-08-29 02:02:41.168	2026-08-29 02:03:14.177	30.8s	2	6 GB	663.1 MB	7.7 GB	95.4%	1.1%	1.3 GB	69 MB
1276	c0/669473	BGC_ANALYSIS:ANTISMASH_ANALYSIS:ANTISMASH (Pantoea_agglomerans_21ID0148)	COMPLETED	0	2026-08-29 02:02:45.544	2026-08-29 02:02:45.632	2026-08-29 02:03:22.139	34.4s	2	6 GB	703.7 MB	7.8 GB	93.3%	1.3%	1.5 GB	75.6 MB
1295	cc/1c94b3	BGC_ANALYSIS:ANTISMASH_ANALYSIS:ANTISMASH (Pantoea_agglomerans_C-204)	COMPLETED	0	2026-08-29 02:02:55.895	2026-08-29 02:02:55.984	2026-08-29 02:03:31.281	33.4s	2	6 GB	505.7 MB	7.8 GB	104.4%	0.7%	1.4 GB	57.4 MB
1271	30/a2cd79	BGC_ANALYSIS:ANTISMASH_ANALYSIS:ANTISMASH (Pantoea_agglomerans_21CA0219)	COMPLETED	0	2026-08-29 02:02:55.342	2026-08-29 02:02:55.433	2026-08-29 02:03:34.537	37.1s	2	6 GB	712.2 MB	7.8 GB	93.2%	1.3%	1.6 GB	80.3 MB
1298	4c/03abdd	BGC_ANALYSIS:ANTISMASH_ANALYSIS:ANTISMASH (Pantoea_agglomerans_GMG427)	COMPLETED	0	2026-08-29 02:03:03.969	2026-08-29 02:03:04.058	2026-08-29 02:03:38.921	32.8s	2	6 GB	659.8 MB	7.7 GB	95.7%	1.1%	1.4 GB	74.5 MB
1282	9e/9a9311	BGC_ANALYSIS:ANTISMASH_ANALYSIS:ANTISMASH (Pantoea_agglomerans_21TX0002)	COMPLETED	0	2026-08-29 02:03:09.596	2026-08-29 02:03:09.686	2026-08-29 02:03:44.103	32.4s	2	6 GB	714.1 MB	7.8 GB	94.5%	1.3%	1.4 GB	73.1 MB
1284	76/bac160	BGC_ANALYSIS:ANTISMASH_ANALYSIS:ANTISMASH (Pantoea_agglomerans_21UT177)	COMPLETED	0	2026-08-29 02:03:07.194	2026-08-29 02:03:07.284	2026-08-29 02:03:44.105	34.9s	2	6 GB	706.7 MB	7.8 GB	94.7%	1.3%	1.5 GB	76.8 MB
1288	9c/8e9465	BGC_ANALYSIS:ANTISMASH_ANALYSIS:ANTISMASH (Pantoea_agglomerans_21WA0054)	COMPLETED	0	2026-08-29 02:03:12.048	2026-08-29 02:03:12.138	2026-08-29 02:03:45.065	31s	2	6 GB	661.7 MB	7.7 GB	97.0%	1.1%	1.3 GB	70.2 MB
1287	bf/ae75a3	BGC_ANALYSIS:ANTISMASH_ANALYSIS:ANTISMASH (Pantoea_agglomerans_21WA0051)	COMPLETED	0	2026-08-29 02:03:14.188	2026-08-29 02:03:14.278	2026-08-29 02:03:48.253	31.8s	2	6 GB	686 MB	7.8 GB	94.8%	1.2%	1.3 GB	72.1 MB
1292	05/9cae87	BGC_ANALYSIS:ANTISMASH_ANALYSIS:ANTISMASH (Pantoea_agglomerans_Bru13)	COMPLETED	0	2026-08-29 02:03:31.292	2026-08-29 02:03:31.381	2026-08-29 02:03:53.780	20.4s	2	6 GB	770.2 MB	7.8 GB	125.5%	1.3%	830.9 MB	58.9 MB
1290	ab/d7244c	BGC_ANALYSIS:ANTISMASH_ANALYSIS:ANTISMASH (Pantoea_agglomerans_BCC0383)	COMPLETED	0	2026-08-29 02:03:22.148	2026-08-29 02:03:22.240	2026-08-29 02:04:04.855	40.6s	2	6 GB	687 MB	7.8 GB	93.9%	1.3%	1.7 GB	80.9 MB
1294	b4/b99a5a	BGC_ANALYSIS:ANTISMASH_ANALYSIS:ANTISMASH (Pantoea_agglomerans_C-187)	COMPLETED	0	2026-08-29 02:03:34.546	2026-08-29 02:03:34.638	2026-08-29 02:04:09.374	32.8s	2	6 GB	500.4 MB	7.8 GB	103.1%	0.8%	1.3 GB	56.4 MB
1302	78/76ed16	BGC_ANALYSIS:ANTISMASH_ANALYSIS:ANTISMASH (Pantoea_agglomerans_MPB22)	COMPLETED	0	2026-08-29 02:03:53.790	2026-08-29 02:03:53.880	2026-08-29 02:04:17.114	21.2s	2	6 GB	823.8 MB	7.8 GB	129.8%	1.3%	858.3 MB	60.1 MB
1293	40/a79a2d	BGC_ANALYSIS:ANTISMASH_ANALYSIS:ANTISMASH (Pantoea_agglomerans_C-113)	COMPLETED	0	2026-08-29 02:03:44.114	2026-08-29 02:03:44.206	2026-08-29 02:04:17.564	31.4s	2	6 GB	520.2 MB	7.8 GB	104.3%	0.8%	1.3 GB	55 MB
1307	e2/f9675a	BGC_ANALYSIS:ANTISMASH_ANALYSIS:ANTISMASH (Pantoea_agglomerans_Ptg003)	COMPLETED	0	2026-08-29 02:03:38.932	2026-08-29 02:03:39.021	2026-08-29 02:04:19.302	38.2s	2	6 GB	688.2 MB	7.8 GB	93.7%	1.2%	1.7 GB	82.2 MB
1311	7e/b905f2	BGC_ANALYSIS:ANTISMASH_ANALYSIS:ANTISMASH (Pantoea_agglomerans_Ptg016)	COMPLETED	0	2026-08-29 02:03:48.263	2026-08-29 02:03:48.353	2026-08-29 02:04:26.938	36.6s	2	6 GB	674.5 MB	7.7 GB	92.5%	1.2%	1.6 GB	78.4 MB
1318	c2/2a566b	BGC_ANALYSIS:ANTISMASH_ANALYSIS:ANTISMASH (Pantoea_dispersa_CT11-120)	COMPLETED	0	2026-08-29 02:04:19.311	2026-08-29 02:04:19.403	2026-08-29 02:04:42.255	20.9s	2	6 GB	773.5 MB	7.8 GB	131.0%	1.3%	846.9 MB	59.7 MB
1303	b8/82f1cf	BGC_ANALYSIS:ANTISMASH_ANALYSIS:ANTISMASH (Pantoea_agglomerans_PNG_01-1)	COMPLETED	0	2026-08-29 02:04:17.573	2026-08-29 02:04:17.665	2026-08-29 02:04:46.328	26.7s	2	6 GB	740.9 MB	7.8 GB	103.3%	1.3%	1.1 GB	66.5 MB
1301	a2/914206	BGC_ANALYSIS:ANTISMASH_ANALYSIS:ANTISMASH (Pantoea_agglomerans_MFD02586_ilm_asm_bin1)	COMPLETED	0	2026-08-29 02:04:04.864	2026-08-29 02:04:04.956	2026-08-29 02:04:54.077	46.9s	2	6 GB	701.5 MB	7.8 GB	96.0%	1.2%	2.3 GB	94.4 MB
1319	22/ca5c09	BGC_ANALYSIS:ANTISMASH_ANALYSIS:ANTISMASH (Pantoea_dispersa_PGPR-24)	COMPLETED	0	2026-08-29 02:04:26.947	2026-08-29 02:04:27.039	2026-08-29 02:04:56.108	27s	2	6 GB	739.1 MB	7.8 GB	104.6%	1.3%	1.1 GB	65.7 MB
1316	2c/dc813e	BGC_ANALYSIS:ANTISMASH_ANALYSIS:ANTISMASH (Pantoea_ananatis_P1A3)	COMPLETED	0	2026-08-29 02:04:09.383	2026-08-29 02:04:09.475	2026-08-29 02:05:07.236	55.6s	2	6 GB	4.8 GB	7.9 GB	110.2%	4.9%	9.8 GB	70.3 MB
1299	48/e67577	BGC_ANALYSIS:ANTISMASH_ANALYSIS:ANTISMASH (Pantoea_agglomerans_LMG_2596)	COMPLETED	0	2026-08-29 02:03:45.075	2026-08-29 02:03:45.165	2026-08-29 02:05:09.581	1m 22s	2	6 GB	4.8 GB	8 GB	114.8%	4.4%	23.3 GB	86.8 MB
1308	35/e50296	BGC_ANALYSIS:ANTISMASH_ANALYSIS:ANTISMASH (Pantoea_agglomerans_Ptg009)	COMPLETED	0	2026-08-29 02:04:42.264	2026-08-29 02:04:42.356	2026-08-29 02:05:20.296	36s	2	6 GB	709.8 MB	7.8 GB	94.3%	1.3%	1.5 GB	77.4 MB
1321	02/b3c771	BGC_ANALYSIS:ANTISMASH_ANALYSIS:ANTISMASH (Pantoea_graminicola_KXB24)	COMPLETED	0	2026-08-29 02:04:56.119	2026-08-29 02:04:56.208	2026-08-29 02:05:26.267	28s	2	6 GB	736.5 MB	7.8 GB	96.1%	1.2%	1.1 GB	65.1 MB
1304	17/34b404	BGC_ANALYSIS:ANTISMASH_ANALYSIS:ANTISMASH (Pantoea_agglomerans_PNG_06-1)	COMPLETED	0	2026-08-29 02:04:17.123	2026-08-29 02:04:17.214	2026-08-29 02:05:28.153	1m 9s	2	6 GB	4.7 GB	7.8 GB	116.7%	6.5%	19.5 GB	73.7 MB
1312	c3/ef8962	BGC_ANALYSIS:ANTISMASH_ANALYSIS:ANTISMASH (Pantoea_agglomerans_SR103)	COMPLETED	0	2026-08-29 02:05:09.592	2026-08-29 02:05:09.681	2026-08-29 02:05:35.272	23.5s	2	6 GB	822.6 MB	7.8 GB	125.3%	1.4%	882.8 MB	61.9 MB
1306	25/945b59	BGC_ANALYSIS:ANTISMASH_ANALYSIS:ANTISMASH (Pantoea_agglomerans_Ptg001)	COMPLETED	0	2026-08-29 02:04:54.086	2026-08-29 02:04:54.177	2026-08-29 02:05:44.321	48.2s	2	6 GB	716.6 MB	7.8 GB	96.8%	1.3%	2.3 GB	98.8 MB
1305	19/e8216f	BGC_ANALYSIS:ANTISMASH_ANALYSIS:ANTISMASH (Pantoea_agglomerans_PNG_06-2)	COMPLETED	0	2026-08-29 02:04:46.337	2026-08-29 02:04:46.429	2026-08-29 02:05:48.331	1m	2	6 GB	4.9 GB	7.8 GB	130.8%	5.7%	19.1 GB	64.5 MB
1309	10/f0d800	BGC_ANALYSIS:ANTISMASH_ANALYSIS:ANTISMASH (Pantoea_agglomerans_Ptg012)	COMPLETED	0	2026-08-29 02:05:07.245	2026-08-29 02:05:07.336	2026-08-29 02:05:52.205	42.8s	2	6 GB	697 MB	7.8 GB	94.6%	1.2%	1.9 GB	88 MB
1310	05/61ac13	BGC_ANALYSIS:ANTISMASH_ANALYSIS:ANTISMASH (Pantoea_agglomerans_Ptg013)	COMPLETED	0	2026-08-29 02:05:20.305	2026-08-29 02:05:20.396	2026-08-29 02:06:05.089	42.7s	2	6 GB	692 MB	7.8 GB	94.6%	1.2%	1.9 GB	88.2 MB
1324	6c/15e787	BGC_ANALYSIS:ANTISMASH_ANALYSIS:ANTISMASH (Pantoea_phytostimulans_C3)	COMPLETED	0	2026-08-29 02:05:48.343	2026-08-29 02:05:48.432	2026-08-29 02:06:11.948	21.4s	2	6 GB	804.4 MB	7.8 GB	122.8%	1.3%	905.8 MB	62.7 MB
1323	77/862b3c	BGC_ANALYSIS:ANTISMASH_ANALYSIS:ANTISMASH (Pantoea_graminicola_KXB45)	COMPLETED	0	2026-08-29 02:05:44.331	2026-08-29 02:05:44.421	2026-08-29 02:06:13.621	27.1s	2	6 GB	725.6 MB	7.8 GB	99.0%	1.2%	1.1 GB	63.7 MB
1315	f2/679953	BGC_ANALYSIS:ANTISMASH_ANALYSIS:ANTISMASH (Pantoea_allii_O64c)	COMPLETED	0	2026-08-29 02:05:26.275	2026-08-29 02:05:26.367	2026-08-29 02:06:17.720	49.3s	2	6 GB	4.7 GB	7.8 GB	127.7%	4.6%	10.9 GB	60.4 MB
1314	ca/2a9c76	BGC_ANALYSIS:ANTISMASH_ANALYSIS:ANTISMASH (Pantoea_allii_Eh250)	COMPLETED	0	2026-08-29 02:05:28.161	2026-08-29 02:05:28.253	2026-08-29 02:06:19.379	49.1s	2	6 GB	4.7 GB	7.8 GB	128.1%	5.2%	11 GB	61.1 MB
1313	ab/fd4409	BGC_ANALYSIS:ANTISMASH_ANALYSIS:ANTISMASH (Pantoea_agglomerans_UADEC20)	COMPLETED	0	2026-08-29 02:06:05.099	2026-08-29 02:06:05.189	2026-08-29 02:06:27.778	20.6s	2	6 GB	779.6 MB	7.8 GB	129.3%	1.3%	847.8 MB	60 MB
1317	35/f60dbc	BGC_ANALYSIS:ANTISMASH_ANALYSIS:ANTISMASH (Pantoea_dispersa_A003)	COMPLETED	0	2026-08-29 02:05:35.281	2026-08-29 02:05:35.372	2026-08-29 02:06:29.758	52.3s	2	6 GB	507.6 MB	7.7 GB	106.6%	0.9%	2.4 GB	84 MB
1300	0e/9717eb	BGC_ANALYSIS:ANTISMASH_ANALYSIS:ANTISMASH (Pantoea_agglomerans_MFD00724_ilm_asm_bin2)	COMPLETED	0	2026-08-29 02:03:44.123	2026-08-29 02:03:44.206	2026-08-29 02:06:35.657	2m 49s	2	6 GB	707.5 MB	7.8 GB	102.0%	1.3%	10 GB	283.3 MB
1327	21/22878e	BGC_ANALYSIS:ANTISMASH_ANALYSIS:ANTISMASH (Pantoea_sp._B65)	COMPLETED	0	2026-08-29 02:05:52.214	2026-08-29 02:05:52.305	2026-08-29 02:06:36.165	41.7s	2	6 GB	730.5 MB	7.8 GB	94.2%	1.3%	1.7 GB	87.7 MB
1332	8a/e75ddd	BGC_ANALYSIS:ANTISMASH_ANALYSIS:ANTISMASH (Pantoea_sp._R13S299)	COMPLETED	0	2026-08-29 02:06:17.729	2026-08-29 02:06:17.820	2026-08-29 02:06:43.041	23.2s	2	6 GB	767.2 MB	7.8 GB	109.8%	1.3%	933.2 MB	61.1 MB
1322	06/f4d1cd	BGC_ANALYSIS:ANTISMASH_ANALYSIS:ANTISMASH (Pantoea_graminicola_KXB25)	COMPLETED	0	2026-08-29 02:06:13.630	2026-08-29 02:06:13.721	2026-08-29 02:06:43.451	27.7s	2	6 GB	700.9 MB	7.8 GB	96.2%	1.2%	1.1 GB	64.6 MB
1333	e4/625eea	BGC_ANALYSIS:ANTISMASH_ANALYSIS:ANTISMASH (Pantoea_sp._S18_2)	COMPLETED	0	2026-08-29 02:06:19.389	2026-08-29 02:06:19.479	2026-08-29 02:06:43.826	22.2s	2	6 GB	826.6 MB	7.8 GB	126.3%	1.4%	925.2 MB	66 MB
1320	6d/b11f24	BGC_ANALYSIS:ANTISMASH_ANALYSIS:ANTISMASH (Pantoea_dispersa_UYSB45)	COMPLETED	0	2026-08-29 02:06:12.026	2026-08-29 02:06:12.048	2026-08-29 02:06:43.916	29.8s	2	6 GB	729 MB	7.8 GB	97.7%	1.3%	1.2 GB	70.8 MB
1336	17/e2c0a0	BGC_ANALYSIS:ANTISMASH_ANALYSIS:ANTISMASH (Pantoea_vagans_PMT5Y)	COMPLETED	0	2026-08-29 02:06:29.764	2026-08-29 02:06:29.859	2026-08-29 02:06:51.858	20s	2	6 GB	792.4 MB	7.8 GB	126.9%	1.3%	822.8 MB	58 MB
1329	94/988516	BGC_ANALYSIS:ANTISMASH_ANALYSIS:ANTISMASH (Pantoea_sp._GABEPS69)	COMPLETED	0	2026-08-29 02:06:35.666	2026-08-29 02:06:35.758	2026-08-29 02:07:00.562	22.7s	2	6 GB	817 MB	7.8 GB	122.3%	1.3%	952.2 MB	63.6 MB
1326	03/7689d4	BGC_ANALYSIS:ANTISMASH_ANALYSIS:ANTISMASH (Pantoea_sp._App145)	COMPLETED	0	2026-08-29 02:06:43.050	2026-08-29 02:06:43.141	2026-08-29 02:07:10.836	25.6s	2	6 GB	882.5 MB	7.9 GB	126.6%	1.5%	1 GB	75.5 MB
1330	15/1e29f0	BGC_ANALYSIS:ANTISMASH_ANALYSIS:ANTISMASH (Pantoea_sp._K13)	COMPLETED	0	2026-08-29 02:06:36.183	2026-08-29 02:06:36.266	2026-08-29 02:07:10.871	32.6s	2	6 GB	696.9 MB	7.8 GB	93.3%	1.2%	1.3 GB	70.8 MB
1328	a9/75d230	BGC_ANALYSIS:ANTISMASH_ANALYSIS:ANTISMASH (Pantoea_sp._BJFS-204)	COMPLETED	0	2026-08-29 02:06:43.461	2026-08-29 02:06:43.551	2026-08-29 02:07:11.451	25.9s	2	6 GB	525 MB	7.8 GB	108.6%	0.8%	980.6 MB	46.9 MB
1331	8f/5ef472	BGC_ANALYSIS:ANTISMASH_ANALYSIS:ANTISMASH (Pantoea_sp._K16)	COMPLETED	0	2026-08-29 02:06:43.927	2026-08-29 02:06:44.016	2026-08-29 02:07:19.558	33.5s	2	6 GB	706.3 MB	7.8 GB	93.7%	1.2%	1.4 GB	73 MB
1347	17/60faf7	BGC_ANALYSIS:ANTISMASH_ANALYSIS:ANTISMASH (Erwinia_sp._HDF1-3R_HDF1-3R)	COMPLETED	0	2026-08-29 02:07:00.571	2026-08-29 02:07:00.662	2026-08-29 02:07:23.181	20.4s	2	6 GB	837.1 MB	7.9 GB	132.8%	1.4%	803.8 MB	57.8 MB
1334	20/9bf2fe	BGC_ANALYSIS:ANTISMASH_ANALYSIS:ANTISMASH (Pantoea_sp._SIMBA_079)	COMPLETED	0	2026-08-29 02:06:51.869	2026-08-29 02:06:51.959	2026-08-29 02:07:24.135	29.9s	2	6 GB	670.6 MB	7.7 GB	95.6%	1.1%	1.3 GB	63.3 MB
1338	17/ee6ff8	BGC_ANALYSIS:ANTISMASH_ANALYSIS:ANTISMASH (Buchnera_aphidicola_Formosaphis_micheliae_Formi28)	COMPLETED	0	2026-08-29 02:07:23.192	2026-08-29 02:07:23.281	2026-08-29 02:07:31.057	5.7s	2	6 GB	213.5 MB	2.7 GB	106.2%	0.3%	251.2 MB	8 MB
1352	bf/a34061	BGC_ANALYSIS:ANTISMASH_ANALYSIS:ANTISMASH (Pantoea_agglomerans_Pa13-5)	COMPLETED	0	2026-08-29 02:07:10.844	2026-08-29 02:07:10.871	2026-08-29 02:07:36.122	23.3s	2	6 GB	807.5 MB	7.8 GB	121.5%	1.4%	1003.7 MB	64.8 MB
1343	a4/986b88	BGC_ANALYSIS:ANTISMASH_ANALYSIS:ANTISMASH (Erwinia_billingiae_Eb21-1)	COMPLETED	0	2026-08-29 02:07:10.880	2026-08-29 02:07:10.971	2026-08-29 02:07:39.453	26.6s	2	6 GB	800.5 MB	7.8 GB	109.1%	1.3%	1.1 GB	68.8 MB
1325	31/c5ebb9	BGC_ANALYSIS:ANTISMASH_ANALYSIS:ANTISMASH (Pantoea_sp._4M003)	COMPLETED	0	2026-08-29 02:06:27.785	2026-08-29 02:06:27.878	2026-08-29 02:07:41.162	1m 11s	2	6 GB	771.1 MB	7.8 GB	95.4%	1.3%	3.4 GB	132.7 MB
1335	ff/23ae8b	BGC_ANALYSIS:ANTISMASH_ANALYSIS:ANTISMASH (Pantoea_sp._sgz302252_2)	COMPLETED	0	2026-08-29 02:06:43.835	2026-08-29 02:06:43.917	2026-08-29 02:07:43.031	57s	2	6 GB	504.7 MB	7.7 GB	103.7%	0.8%	2.7 GB	91.3 MB
1349	4e/c3ef69	BGC_ANALYSIS:ANTISMASH_ANALYSIS:ANTISMASH (Pantoea_agglomerans_Pa1-28_2)	COMPLETED	0	2026-08-29 02:07:19.568	2026-08-29 02:07:19.658	2026-08-29 02:07:46.253	24.5s	2	6 GB	807.4 MB	7.8 GB	122.0%	1.4%	1.1 GB	67.2 MB
1342	76/b3f975	BGC_ANALYSIS:ANTISMASH_ANALYSIS:ANTISMASH (Erwinia_amylovora_Ea9-2)	COMPLETED	0	2026-08-29 02:07:11.458	2026-08-29 02:07:11.550	2026-08-29 02:07:49.225	35.7s	2	6 GB	699.7 MB	7.8 GB	95.6%	1.1%	1.5 GB	67.6 MB
1348	6a/1076ff	BGC_ANALYSIS:ANTISMASH_ANALYSIS:ANTISMASH (Pantoea_agglomerans_Pa1-28)	COMPLETED	0	2026-08-29 02:07:24.144	2026-08-29 02:07:24.235	2026-08-29 02:07:51.581	25.3s	2	6 GB	818.1 MB	7.8 GB	122.6%	1.3%	1.1 GB	67.6 MB
1356	d5/cebcb0	BGC_ANALYSIS:ANTISMASH_ANALYSIS:ANTISMASH (Pantoea_agglomerans_Pa21-13_2)	COMPLETED	0	2026-08-29 02:07:31.065	2026-08-29 02:07:31.158	2026-08-29 02:07:54.598	21.3s	2	6 GB	770.2 MB	7.8 GB	128.8%	1.3%	874.1 MB	59.8 MB
1350	34/44aab3	BGC_ANALYSIS:ANTISMASH_ANALYSIS:ANTISMASH (Pantoea_agglomerans_Pa13-1)	COMPLETED	0	2026-08-29 02:07:36.131	2026-08-29 02:07:36.222	2026-08-29 02:08:01.212	22.8s	2	6 GB	791.3 MB	7.8 GB	121.4%	1.3%	916.3 MB	60.9 MB
1355	6d/8bcf4b	BGC_ANALYSIS:ANTISMASH_ANALYSIS:ANTISMASH (Pantoea_agglomerans_Pa21-12)	COMPLETED	0	2026-08-29 02:07:39.462	2026-08-29 02:07:39.553	2026-08-29 02:08:03.585	22s	2	6 GB	813.9 MB	7.8 GB	127.2%	1.4%	875.7 MB	59.8 MB
1351	82/909ddf	BGC_ANALYSIS:ANTISMASH_ANALYSIS:ANTISMASH (Pantoea_agglomerans_Pa13-4)	COMPLETED	0	2026-08-29 02:07:41.171	2026-08-29 02:07:41.262	2026-08-29 02:08:04.782	21.4s	2	6 GB	746.5 MB	7.8 GB	127.1%	1.3%	863.9 MB	58.8 MB
1353	43/c1b4f1	BGC_ANALYSIS:ANTISMASH_ANALYSIS:ANTISMASH (Pantoea_agglomerans_Pa17-1_2)	COMPLETED	0	2026-08-29 02:07:43.039	2026-08-29 02:07:43.132	2026-08-29 02:08:06.953	21.7s	2	6 GB	748.6 MB	7.8 GB	128.5%	1.3%	878.3 MB	60.1 MB
1354	10/b56096	BGC_ANALYSIS:ANTISMASH_ANALYSIS:ANTISMASH (Pantoea_agglomerans_Pa17-5_2)	COMPLETED	0	2026-08-29 02:07:46.263	2026-08-29 02:07:46.353	2026-08-29 02:08:09.369	20.9s	2	6 GB	810.7 MB	7.8 GB	124.5%	1.3%	872.7 MB	60.9 MB
1359	15/edcd22	BGC_ANALYSIS:ANTISMASH_ANALYSIS:ANTISMASH (Pantoea_agglomerans_Pa21-15_2)	COMPLETED	0	2026-08-29 02:07:49.232	2026-08-29 02:07:49.325	2026-08-29 02:08:13.439	22s	2	6 GB	810.6 MB	7.8 GB	125.9%	1.3%	902.1 MB	60.7 MB
1362	fa/c7a8a7	BGC_ANALYSIS:ANTISMASH_ANALYSIS:ANTISMASH (Pantoea_agglomerans_Pa21-17)	COMPLETED	0	2026-08-29 02:07:54.606	2026-08-29 02:07:54.698	2026-08-29 02:08:20.441	23.6s	2	6 GB	808.9 MB	7.8 GB	121.4%	1.3%	987.8 MB	63.2 MB
1337	31/6f4f1f	BGC_ANALYSIS:ANTISMASH_ANALYSIS:ANTISMASH (Buchnera_aphidicola_Formosaphis_micheliae_Formi27)	COMPLETED	0	2026-08-29 02:08:13.443	2026-08-29 02:08:13.539	2026-08-29 02:08:21.622	5.9s	2	6 GB	213.4 MB	2.7 GB	103.3%	0.3%	251.7 MB	8 MB
1366	16/a05394	BGC_ANALYSIS:ANTISMASH_ANALYSIS:ANTISMASH (Pantoea_agglomerans_Pa21-221)	COMPLETED	0	2026-08-29 02:08:01.221	2026-08-29 02:08:01.312	2026-08-29 02:08:25.530	22s	2	6 GB	769.9 MB	7.8 GB	123.5%	1.3%	922.7 MB	61.1 MB
1345	e5/d8e900	BGC_ANALYSIS:ANTISMASH_ANALYSIS:ANTISMASH (Erwinia_billingiae_Pa21-15)	COMPLETED	0	2026-08-29 02:07:51.590	2026-08-29 02:07:51.681	2026-08-29 02:08:26.095	32.2s	2	6 GB	801.6 MB	7.8 GB	97.4%	1.4%	1.3 GB	74.7 MB
1339	ca/03caf7	BGC_ANALYSIS:ANTISMASH_ANALYSIS:ANTISMASH (Buchnera_aphidicola_Taiwanaphis_decaspermi_Taide29)	COMPLETED	0	2026-08-29 02:08:20.445	2026-08-29 02:08:20.541	2026-08-29 02:08:28.097	5.5s	2	6 GB	207.8 MB	2.7 GB	108.8%	0.3%	245.6 MB	7.2 MB
1360	fb/cd639a	BGC_ANALYSIS:ANTISMASH_ANALYSIS:ANTISMASH (Pantoea_agglomerans_Pa21-15_3)	COMPLETED	0	2026-08-29 02:08:04.785	2026-08-29 02:08:04.882	2026-08-29 02:08:28.399	21.5s	2	6 GB	788.7 MB	7.8 GB	126.7%	1.4%	902.3 MB	60.7 MB
1369	04/5b8014	BGC_ANALYSIS:ANTISMASH_ANALYSIS:ANTISMASH (Pantoea_agglomerans_Pa21-5_2)	COMPLETED	0	2026-08-29 02:08:09.373	2026-08-29 02:08:09.469	2026-08-29 02:08:32.542	21s	2	6 GB	784.6 MB	7.8 GB	126.4%	1.3%	881.6 MB	60.2 MB
1344	02/10ebdb	BGC_ANALYSIS:ANTISMASH_ANALYSIS:ANTISMASH (Erwinia_billingiae_Eb21-18)	COMPLETED	0	2026-08-29 02:08:06.956	2026-08-29 02:08:07.054	2026-08-29 02:08:40.723	31.6s	2	6 GB	773.2 MB	7.8 GB	96.2%	1.3%	1.3 GB	73.7 MB
1340	08/2775c2	BGC_ANALYSIS:ANTISMASH_ANALYSIS:ANTISMASH (Duffyella_gerundensis_Eg31-2_2)	COMPLETED	0	2026-08-29 02:08:03.593	2026-08-29 02:08:03.686	2026-08-29 02:08:43.289	37.6s	2	6 GB	685.8 MB	7.8 GB	96.9%	1.1%	1.7 GB	78.5 MB
1357	57/662825	BGC_ANALYSIS:ANTISMASH_ANALYSIS:ANTISMASH (Pantoea_agglomerans_Pa21-13_3)	COMPLETED	0	2026-08-29 02:08:26.098	2026-08-29 02:08:26.195	2026-08-29 02:08:49.904	21.7s	2	6 GB	803.6 MB	7.8 GB	127.4%	1.3%	922.6 MB	61.1 MB
1364	45/80cb10	BGC_ANALYSIS:ANTISMASH_ANALYSIS:ANTISMASH (Pantoea_agglomerans_Pa21-19)	COMPLETED	0	2026-08-29 02:08:28.403	2026-08-29 02:08:28.499	2026-08-29 02:08:52.969	22.6s	2	6 GB	783.8 MB	7.8 GB	126.5%	1.3%	942.3 MB	63.2 MB
1341	21/6606b6	BGC_ANALYSIS:ANTISMASH_ANALYSIS:ANTISMASH (Erwinia_amylovora_Ea45-1)	COMPLETED	0	2026-08-29 02:08:21.625	2026-08-29 02:08:21.723	2026-08-29 02:08:54.731	31s	2	6 GB	643.7 MB	7.7 GB	99.1%	1.1%	1.3 GB	62.1 MB
1363	4e/56db02	BGC_ANALYSIS:ANTISMASH_ANALYSIS:ANTISMASH (Pantoea_agglomerans_Pa21-18)	COMPLETED	0	2026-08-29 02:08:32.545	2026-08-29 02:08:32.643	2026-08-29 02:08:57.567	22.9s	2	6 GB	773.9 MB	7.8 GB	124.3%	1.3%	965.9 MB	62.4 MB
1372	be/808c12	BGC_ANALYSIS:ANTISMASH_ANALYSIS:ANTISMASH (Pantoea_agglomerans_Pa31-7)	COMPLETED	0	2026-08-29 02:08:28.102	2026-08-29 02:08:28.197	2026-08-29 02:08:59.996	29.8s	2	6 GB	811.1 MB	7.8 GB	119.3%	1.3%	1.4 GB	76.6 MB
1346	33/27fc28	BGC_ANALYSIS:ANTISMASH_ANALYSIS:ANTISMASH (Erwinia_sp._Eh17-17)	COMPLETED	0	2026-08-29 02:08:25.534	2026-08-29 02:08:25.630	2026-08-29 02:09:00.075	32.4s	2	6 GB	735.7 MB	7.8 GB	95.6%	1.2%	1.3 GB	69.8 MB
1377	b8/2729b2	BGC_ANALYSIS:ANTISMASH_ANALYSIS:ANTISMASH (Pantoea_agglomerans_Pa39-11_4)	COMPLETED	0	2026-08-29 02:08:40.727	2026-08-29 02:08:40.823	2026-08-29 02:09:04.299	21.3s	2	6 GB	804.6 MB	7.8 GB	124.4%	1.3%	848.8 MB	58.7 MB
1365	a1/1a8fd4	BGC_ANALYSIS:ANTISMASH_ANALYSIS:ANTISMASH (Pantoea_agglomerans_Pa21-20)	COMPLETED	0	2026-08-29 02:08:43.293	2026-08-29 02:08:43.389	2026-08-29 02:09:06.795	21.2s	2	6 GB	784.7 MB	7.8 GB	126.7%	1.4%	875.7 MB	59.8 MB
1361	cc/10dfd5	BGC_ANALYSIS:ANTISMASH_ANALYSIS:ANTISMASH (Pantoea_agglomerans_Pa21-16)	COMPLETED	0	2026-08-29 02:08:49.908	2026-08-29 02:08:50.004	2026-08-29 02:09:14.339	22.3s	2	6 GB	754.4 MB	7.8 GB	120.8%	1.3%	873.9 MB	59.8 MB
1368	0f/86ec83	BGC_ANALYSIS:ANTISMASH_ANALYSIS:ANTISMASH (Pantoea_agglomerans_Pa21-3_2)	COMPLETED	0	2026-08-29 02:08:52.973	2026-08-29 02:08:53.070	2026-08-29 02:09:19.864	24.8s	2	6 GB	808.1 MB	7.8 GB	119.7%	1.4%	1 GB	66.7 MB
1367	4a/eeb2e5	BGC_ANALYSIS:ANTISMASH_ANALYSIS:ANTISMASH (Pantoea_agglomerans_Pa21-23)	COMPLETED	0	2026-08-29 02:08:57.570	2026-08-29 02:08:57.667	2026-08-29 02:09:21.474	21.7s	2	6 GB	777 MB	7.8 GB	126.7%	1.3%	872.3 MB	59.4 MB
1370	9b/bd0a3b	BGC_ANALYSIS:ANTISMASH_ANALYSIS:ANTISMASH (Pantoea_agglomerans_Pa31-3_2)	COMPLETED	0	2026-08-29 02:08:54.736	2026-08-29 02:08:54.832	2026-08-29 02:09:21.881	25s	2	6 GB	809.4 MB	7.8 GB	119.9%	1.3%	1.1 GB	67.2 MB
1374	ca/955770	BGC_ANALYSIS:ANTISMASH_ANALYSIS:ANTISMASH (Pantoea_agglomerans_Pa39-11)	COMPLETED	0	2026-08-29 02:09:00.079	2026-08-29 02:09:00.175	2026-08-29 02:09:23.510	21.3s	2	6 GB	778.1 MB	7.8 GB	128.2%	1.3%	848.7 MB	58.7 MB
1371	97/2a7faf	BGC_ANALYSIS:ANTISMASH_ANALYSIS:ANTISMASH (Pantoea_agglomerans_Pa31-4_2)	COMPLETED	0	2026-08-29 02:09:00.000	2026-08-29 02:09:00.076	2026-08-29 02:09:23.838	21.7s	2	6 GB	767.7 MB	7.8 GB	129.3%	1.3%	876.5 MB	61.4 MB
1387	82/8af110	BGC_ANALYSIS:ANTISMASH_ANALYSIS:ANTISMASH (Pantoea_agglomerans_Pa39-1_2)	COMPLETED	0	2026-08-29 02:09:06.800	2026-08-29 02:09:06.900	2026-08-29 02:09:32.924	23.9s	2	6 GB	810.9 MB	7.8 GB	122.2%	1.3%	998.3 MB	64.3 MB
1380	56/d2bd58	BGC_ANALYSIS:ANTISMASH_ANALYSIS:ANTISMASH (Pantoea_agglomerans_Pa39-14_2)	COMPLETED	0	2026-08-29 02:09:04.303	2026-08-29 02:09:04.400	2026-08-29 02:09:33.324	26.9s	2	6 GB	846.7 MB	7.9 GB	116.5%	1.4%	1.2 GB	70.2 MB
1373	7f/153b63	BGC_ANALYSIS:ANTISMASH_ANALYSIS:ANTISMASH (Pantoea_agglomerans_Pa39-10)	COMPLETED	0	2026-08-29 02:09:14.344	2026-08-29 02:09:14.439	2026-08-29 02:09:42.572	26s	2	6 GB	818.6 MB	7.8 GB	117.5%	1.3%	1.1 GB	69.6 MB
1375	42/c275b2	BGC_ANALYSIS:ANTISMASH_ANALYSIS:ANTISMASH (Pantoea_agglomerans_Pa39-11_2)	COMPLETED	0	2026-08-29 02:09:21.478	2026-08-29 02:09:21.574	2026-08-29 02:09:45.086	21.5s	2	6 GB	783.9 MB	7.8 GB	128.6%	1.4%	848.6 MB	58.7 MB
1376	40/a96868	BGC_ANALYSIS:ANTISMASH_ANALYSIS:ANTISMASH (Pantoea_agglomerans_Pa39-11_3)	COMPLETED	0	2026-08-29 02:09:21.885	2026-08-29 02:09:21.981	2026-08-29 02:09:45.690	21.7s	2	6 GB	791.9 MB	7.8 GB	128.4%	1.3%	869.4 MB	59.2 MB
1378	fb/da8818	BGC_ANALYSIS:ANTISMASH_ANALYSIS:ANTISMASH (Pantoea_agglomerans_Pa39-11_5)	COMPLETED	0	2026-08-29 02:09:23.841	2026-08-29 02:09:23.939	2026-08-29 02:09:47.639	21.8s	2	6 GB	780.4 MB	7.8 GB	129.5%	1.3%	869.5 MB	59.2 MB
1386	db/336cbe	BGC_ANALYSIS:ANTISMASH_ANALYSIS:ANTISMASH (Pantoea_agglomerans_Pa39-18)	COMPLETED	0	2026-08-29 02:09:19.869	2026-08-29 02:09:19.964	2026-08-29 02:09:50.344	28.3s	2	6 GB	844.9 MB	7.9 GB	120.1%	1.4%	1.2 GB	73.9 MB
1379	cd/a4c8e9	BGC_ANALYSIS:ANTISMASH_ANALYSIS:ANTISMASH (Pantoea_agglomerans_Pa39-13)	COMPLETED	0	2026-08-29 02:09:23.513	2026-08-29 02:09:23.610	2026-08-29 02:09:53.092	27.5s	2	6 GB	790.9 MB	7.8 GB	122.7%	1.3%	1.2 GB	69.2 MB
1383	37/3808d0	BGC_ANALYSIS:ANTISMASH_ANALYSIS:ANTISMASH (Pantoea_agglomerans_Pa39-15_2)	COMPLETED	0	2026-08-29 02:09:32.929	2026-08-29 02:09:33.024	2026-08-29 02:10:01.193	25.9s	2	6 GB	745.3 MB	7.8 GB	118.0%	1.3%	1.1 GB	67.5 MB
1395	97/964018	BGC_ANALYSIS:ANTISMASH_ANALYSIS:ANTISMASH (Pantoea_agglomerans_Pa39-23_2)	COMPLETED	0	2026-08-29 02:09:42.575	2026-08-29 02:09:42.672	2026-08-29 02:10:08.108	23.4s	2	6 GB	815.8 MB	7.8 GB	121.6%	1.3%	995.9 MB	65.3 MB
1385	d6/ed7d4b	BGC_ANALYSIS:ANTISMASH_ANALYSIS:ANTISMASH (Pantoea_agglomerans_Pa39-17)	COMPLETED	0	2026-08-29 02:09:45.694	2026-08-29 02:09:45.790	2026-08-29 02:10:10.207	22.4s	2	6 GB	812 MB	7.8 GB	125.4%	1.3%	937.3 MB	64.2 MB
1388	ba/3130f1	BGC_ANALYSIS:ANTISMASH_ANALYSIS:ANTISMASH (Pantoea_agglomerans_Pa39-1_3)	COMPLETED	0	2026-08-29 02:09:47.644	2026-08-29 02:09:47.739	2026-08-29 02:10:12.612	22.8s	2	6 GB	758.8 MB	7.8 GB	124.9%	1.3%	913.9 MB	62 MB
1394	cb/6366f5	BGC_ANALYSIS:ANTISMASH_ANALYSIS:ANTISMASH (Pantoea_agglomerans_Pa39-22)	COMPLETED	0	2026-08-29 02:09:45.089	2026-08-29 02:09:45.186	2026-08-29 02:10:13.562	26.4s	2	6 GB	802.1 MB	7.8 GB	120.9%	1.3%	1.2 GB	69.5 MB
1399	f0/e907b2	BGC_ANALYSIS:ANTISMASH_ANALYSIS:ANTISMASH (Pantoea_agglomerans_Pa39-27_2)	COMPLETED	0	2026-08-29 02:09:53.095	2026-08-29 02:09:53.192	2026-08-29 02:10:17.619	22.4s	2	6 GB	774.8 MB	7.8 GB	122.7%	1.3%	923.1 MB	62.7 MB
1382	ec/05a612	BGC_ANALYSIS:ANTISMASH_ANALYSIS:ANTISMASH (Pantoea_agglomerans_Pa39-15)	COMPLETED	0	2026-08-29 02:09:50.349	2026-08-29 02:09:50.444	2026-08-29 02:10:18.271	25.7s	2	6 GB	817.3 MB	7.8 GB	123.5%	1.3%	1.1 GB	67.1 MB
1384	95/0e885d	BGC_ANALYSIS:ANTISMASH_ANALYSIS:ANTISMASH (Pantoea_agglomerans_Pa39-16)	COMPLETED	0	2026-08-29 02:10:01.197	2026-08-29 02:10:01.293	2026-08-29 02:10:30.180	26.6s	2	6 GB	848.9 MB	7.9 GB	116.7%	1.4%	1.2 GB	71 MB
1381	cf/1aebc8	BGC_ANALYSIS:ANTISMASH_ANALYSIS:ANTISMASH (Pantoea_agglomerans_Pa39-14_3)	COMPLETED	0	2026-08-29 02:09:33.327	2026-08-29 02:09:33.424	2026-08-29 02:10:30.958	55.3s	2	6 GB	855.6 MB	7.9 GB	111.3%	1.4%	2.8 GB	116.1 MB
1404	c4/572bcb	BGC_ANALYSIS:ANTISMASH_ANALYSIS:ANTISMASH (Pantoea_agglomerans_Pa39-H1)	COMPLETED	0	2026-08-29 02:10:08.112	2026-08-29 02:10:08.208	2026-08-29 02:10:31.114	20.8s	2	6 GB	801.7 MB	7.8 GB	128.6%	1.4%	848.7 MB	58.7 MB
1390	84/c6763a	BGC_ANALYSIS:ANTISMASH_ANALYSIS:ANTISMASH (Pantoea_agglomerans_Pa39-2)	COMPLETED	0	2026-08-29 02:10:10.211	2026-08-29 02:10:10.307	2026-08-29 02:10:33.782	21.5s	2	6 GB	788 MB	7.8 GB	128.5%	1.3%	868.1 MB	60.7 MB
1389	d6/3765e6	BGC_ANALYSIS:ANTISMASH_ANALYSIS:ANTISMASH (Pantoea_agglomerans_Pa39-1_4)	COMPLETED	0	2026-08-29 02:10:12.616	2026-08-29 02:10:12.712	2026-08-29 02:10:37.410	22.8s	2	6 GB	782.6 MB	7.8 GB	123.8%	1.4%	913.8 MB	62 MB
1403	ef/780ccd	BGC_ANALYSIS:ANTISMASH_ANALYSIS:ANTISMASH (Pantoea_agglomerans_Pa39-8_2)	COMPLETED	0	2026-08-29 02:10:13.566	2026-08-29 02:10:13.662	2026-08-29 02:10:41.182	25.5s	2	6 GB	818 MB	7.8 GB	122.0%	1.4%	1.1 GB	68.2 MB
1392	b4/c616c9	BGC_ANALYSIS:ANTISMASH_ANALYSIS:ANTISMASH (Pantoea_agglomerans_Pa39-20_2)	COMPLETED	0	2026-08-29 02:10:18.275	2026-08-29 02:10:18.371	2026-08-29 02:10:42.227	21.8s	2	6 GB	779 MB	7.8 GB	125.4%	1.3%	893.5 MB	61.5 MB
1398	c4/7f855c	BGC_ANALYSIS:ANTISMASH_ANALYSIS:ANTISMASH (Pantoea_agglomerans_Pa39-26)	COMPLETED	0	2026-08-29 02:10:17.622	2026-08-29 02:10:17.719	2026-08-29 02:10:43.310	23.5s	2	6 GB	802.5 MB	7.8 GB	121.8%	1.4%	1023 MB	64.9 MB
1396	f2/116806	BGC_ANALYSIS:ANTISMASH_ANALYSIS:ANTISMASH (Pantoea_agglomerans_Pa39-25)	COMPLETED	0	2026-08-29 02:10:30.183	2026-08-29 02:10:30.280	2026-08-29 02:10:55.135	22.7s	2	6 GB	812.5 MB	7.8 GB	122.5%	1.3%	948.7 MB	63.8 MB
1393	d6/80e57b	BGC_ANALYSIS:ANTISMASH_ANALYSIS:ANTISMASH (Pantoea_agglomerans_Pa39-21_2)	COMPLETED	0	2026-08-29 02:10:30.962	2026-08-29 02:10:31.058	2026-08-29 02:10:55.641	22.5s	2	6 GB	802.2 MB	7.8 GB	121.3%	1.3%	946 MB	63.6 MB
1397	3a/2788cb	BGC_ANALYSIS:ANTISMASH_ANALYSIS:ANTISMASH (Pantoea_agglomerans_Pa39-26-1)	COMPLETED	0	2026-08-29 02:10:31.120	2026-08-29 02:10:31.215	2026-08-29 02:10:57.059	23.7s	2	6 GB	803.8 MB	7.8 GB	121.0%	1.3%	1023.1 MB	64.9 MB
1407	ec/4975e6	BGC_ANALYSIS:ANTISMASH_ANALYSIS:ANTISMASH (Pantoea_agglomerans_Pa45-2)	COMPLETED	0	2026-08-29 02:10:33.786	2026-08-29 02:10:33.882	2026-08-29 02:10:58.686	22.8s	2	6 GB	817.1 MB	7.8 GB	124.7%	1.3%	912.4 MB	61.7 MB
1408	3f/169279	BGC_ANALYSIS:ANTISMASH_ANALYSIS:ANTISMASH (Pantoea_agglomerans_Pa45-2_2)	COMPLETED	0	2026-08-29 02:10:37.414	2026-08-29 02:10:37.510	2026-08-29 02:11:01.974	22.5s	2	6 GB	816.4 MB	7.8 GB	126.8%	1.3%	912.2 MB	61.7 MB
1391	44/2558e1	BGC_ANALYSIS:ANTISMASH_ANALYSIS:ANTISMASH (Pantoea_agglomerans_Pa39-20)	COMPLETED	0	2026-08-29 02:10:41.187	2026-08-29 02:10:41.282	2026-08-29 02:11:05.629	22.2s	2	6 GB	819.1 MB	7.8 GB	125.1%	1.3%	893.5 MB	61.5 MB
1409	8f/84129c	BGC_ANALYSIS:ANTISMASH_ANALYSIS:ANTISMASH (Pantoea_agglomerans_Pa46-1)	COMPLETED	0	2026-08-29 02:10:43.313	2026-08-29 02:10:43.410	2026-08-29 02:11:08.547	22.9s	2	6 GB	840.8 MB	7.9 GB	121.3%	1.4%	979 MB	65 MB
1401	9b/cfa76b	BGC_ANALYSIS:ANTISMASH_ANALYSIS:ANTISMASH (Pantoea_agglomerans_Pa39-3_2)	COMPLETED	0	2026-08-29 02:10:42.231	2026-08-29 02:10:42.328	2026-08-29 02:11:10.067	25.6s	2	6 GB	837.3 MB	7.9 GB	119.0%	1.4%	1.1 GB	67.8 MB
1413	d5/345fa2	BGC_ANALYSIS:ANTISMASH_ANALYSIS:ANTISMASH (Pantoea_agglomerans_Pa54-2)	COMPLETED	0	2026-08-29 02:10:55.141	2026-08-29 02:10:55.235	2026-08-29 02:11:20.386	23s	2	6 GB	823.4 MB	7.8 GB	125.7%	1.3%	930.1 MB	62.3 MB
1405	ad/fe843e	BGC_ANALYSIS:ANTISMASH_ANALYSIS:ANTISMASH (Pantoea_agglomerans_Pa39-WII2)	COMPLETED	0	2026-08-29 02:10:57.063	2026-08-29 02:10:57.160	2026-08-29 02:11:21.709	22.6s	2	6 GB	817.8 MB	7.8 GB	126.2%	1.3%	902.5 MB	62.2 MB
1411	5e/fa4649	BGC_ANALYSIS:ANTISMASH_ANALYSIS:ANTISMASH (Pantoea_agglomerans_Pa47-2)	COMPLETED	0	2026-08-29 02:10:55.645	2026-08-29 02:10:55.741	2026-08-29 02:11:22.414	24.6s	2	6 GB	772.2 MB	7.8 GB	123.1%	1.3%	1 GB	64.8 MB
1410	12/9c7767	BGC_ANALYSIS:ANTISMASH_ANALYSIS:ANTISMASH (Pantoea_agglomerans_Pa47-1)	COMPLETED	0	2026-08-29 02:10:58.691	2026-08-29 02:10:58.786	2026-08-29 02:11:23.579	22.7s	2	6 GB	803 MB	7.8 GB	128.0%	1.3%	964.6 MB	62.3 MB
1400	3e/16b4d1	BGC_ANALYSIS:ANTISMASH_ANALYSIS:ANTISMASH (Pantoea_agglomerans_Pa39-29)	COMPLETED	0	2026-08-29 02:11:01.977	2026-08-29 02:11:02.074	2026-08-29 02:11:31.759	27.6s	2	6 GB	844.6 MB	7.9 GB	118.0%	1.4%	1.2 GB	72.2 MB
1425	07/6945bf	BGC_ANALYSIS:ANTISMASH_ANALYSIS:ANTISMASH (Pantoea_agglomerans_PaJII2)	COMPLETED	0	2026-08-29 02:11:05.633	2026-08-29 02:11:05.729	2026-08-29 02:11:31.810	24s	2	6 GB	809.1 MB	7.8 GB	122.9%	1.4%	977.5 MB	63.8 MB
1402	1b/130bcd	BGC_ANALYSIS:ANTISMASH_ANALYSIS:ANTISMASH (Pantoea_agglomerans_Pa39-8)	COMPLETED	0	2026-08-29 02:11:10.071	2026-08-29 02:11:10.166	2026-08-29 02:11:38.420	26s	2	6 GB	822.8 MB	7.8 GB	121.3%	1.3%	1.1 GB	68.2 MB
1406	fe/5108bb	BGC_ANALYSIS:ANTISMASH_ANALYSIS:ANTISMASH (Pantoea_agglomerans_Pa45-1)	COMPLETED	0	2026-08-29 02:11:08.552	2026-08-29 02:11:08.648	2026-08-29 02:11:40.380	29.6s	2	6 GB	845.9 MB	7.9 GB	117.7%	1.3%	1.2 GB	74.3 MB
1417	1f/16c53e	BGC_ANALYSIS:ANTISMASH_ANALYSIS:ANTISMASH (Pantoea_agglomerans_Pa54-5)	COMPLETED	0	2026-08-29 02:11:20.391	2026-08-29 02:11:20.487	2026-08-29 02:11:46.198	23.6s	2	6 GB	819.3 MB	7.8 GB	124.6%	1.3%	951 MB	62.9 MB
1415	28/eb721c	BGC_ANALYSIS:ANTISMASH_ANALYSIS:ANTISMASH (Pantoea_agglomerans_Pa54-31)	COMPLETED	0	2026-08-29 02:11:21.713	2026-08-29 02:11:21.809	2026-08-29 02:11:46.551	22.6s	2	6 GB	775.3 MB	7.8 GB	126.6%	1.3%	924.2 MB	61.8 MB
1420	69/6a5da6	BGC_ANALYSIS:ANTISMASH_ANALYSIS:ANTISMASH (Pantoea_agglomerans_Pa54-8)	COMPLETED	0	2026-08-29 02:11:23.582	2026-08-29 02:11:23.679	2026-08-29 02:11:49.672	23.9s	2	6 GB	802.7 MB	7.8 GB	123.3%	1.3%	1 GB	64.9 MB
1427	d2/e5d05a	BGC_ANALYSIS:ANTISMASH_ANALYSIS:ANTISMASH (Pantoea_dispersa_SMAGNO54)	COMPLETED	0	2026-08-29 02:11:22.419	2026-08-29 02:11:22.514	2026-08-29 02:11:51.175	26.6s	2	6 GB	523.5 MB	7.8 GB	110.9%	0.8%	1 GB	48.6 MB
1429	d6/d0d6de	BGC_ANALYSIS:ANTISMASH_ANALYSIS:ANTISMASH (Pantoea_sp._BRR-3P_BRR-3P)	COMPLETED	0	2026-08-29 02:11:31.814	2026-08-29 02:11:31.911	2026-08-29 02:11:56.628	22.6s	2	6 GB	824.6 MB	7.8 GB	121.4%	1.4%	930.6 MB	64.1 MB
1412	47/f804e5	BGC_ANALYSIS:ANTISMASH_ANALYSIS:ANTISMASH (Pantoea_agglomerans_Pa54-1)	COMPLETED	0	2026-08-29 02:11:38.424	2026-08-29 02:11:38.520	2026-08-29 02:12:03.849	23.1s	2	6 GB	820.1 MB	7.8 GB	122.3%	1.3%	950.6 MB	62.8 MB
1418	82/0c75d1	BGC_ANALYSIS:ANTISMASH_ANALYSIS:ANTISMASH (Pantoea_agglomerans_Pa54-6)	COMPLETED	0	2026-08-29 02:11:40.384	2026-08-29 02:11:40.480	2026-08-29 02:12:05.871	23.3s	2	6 GB	775.9 MB	7.8 GB	121.6%	1.3%	1013.8 MB	64.4 MB
1416	41/ec78c1	BGC_ANALYSIS:ANTISMASH_ANALYSIS:ANTISMASH (Pantoea_agglomerans_Pa54-4)	COMPLETED	0	2026-08-29 02:11:46.555	2026-08-29 02:11:46.651	2026-08-29 02:12:11.622	22.9s	2	6 GB	797.3 MB	7.8 GB	127.7%	1.4%	970.8 MB	63.2 MB
1422	88/b7803b	BGC_ANALYSIS:ANTISMASH_ANALYSIS:ANTISMASH (Pantoea_agglomerans_Pa9-1_2)	COMPLETED	0	2026-08-29 02:11:51.182	2026-08-29 02:11:51.275	2026-08-29 02:12:15.163	21.8s	2	6 GB	811.4 MB	7.8 GB	126.1%	1.3%	859.8 MB	59.8 MB
1414	87/632185	BGC_ANALYSIS:ANTISMASH_ANALYSIS:ANTISMASH (Pantoea_agglomerans_Pa54-3)	COMPLETED	0	2026-08-29 02:11:49.694	2026-08-29 02:11:49.774	2026-08-29 02:12:15.687	23.8s	2	6 GB	808.7 MB	7.8 GB	125.4%	1.3%	992.4 MB	63.8 MB
1431	2b/82754c	BGC_ANALYSIS:ANTISMASH_ANALYSIS:ANTISMASH (Pantoea_sp._SMAGNO161)	COMPLETED	0	2026-08-29 02:11:31.762	2026-08-29 02:11:31.810	2026-08-29 02:12:17.542	43.6s	2	6 GB	477.7 MB	7.7 GB	101.5%	0.7%	2 GB	68.4 MB
1426	97/7b326e	BGC_ANALYSIS:ANTISMASH_ANALYSIS:ANTISMASH (Pantoea_ananatis_SMAGNO70)	COMPLETED	0	2026-08-29 02:11:56.633	2026-08-29 02:11:56.728	2026-08-29 02:12:28.146	29.3s	2	6 GB	501.9 MB	7.8 GB	104.1%	0.7%	1.1 GB	50 MB
1435	c6/f26681	BGC_ANALYSIS:ANTISMASH_ANALYSIS:ANTISMASH (Tatumella_punctata_JCM_8885)	COMPLETED	0	2026-08-29 02:11:46.201	2026-08-29 02:11:46.298	2026-08-29 02:12:28.814	40.4s	2	6 GB	596.6 MB	7.7 GB	94.7%	1.0%	1.9 GB	71.8 MB
1424	e3/7c1e41	BGC_ANALYSIS:ANTISMASH_ANALYSIS:ANTISMASH (Pantoea_agglomerans_PaHJ)	COMPLETED	0	2026-08-29 02:12:03.853	2026-08-29 02:12:03.949	2026-08-29 02:12:29.637	23.5s	2	6 GB	812.2 MB	7.8 GB	121.6%	1.4%	994.6 MB	65.2 MB
1423	dc/4ffaa9	BGC_ANALYSIS:ANTISMASH_ANALYSIS:ANTISMASH (Pantoea_agglomerans_PaEhEh)	COMPLETED	0	2026-08-29 02:12:05.878	2026-08-29 02:12:05.971	2026-08-29 02:12:30.598	22.6s	2	6 GB	808.2 MB	7.8 GB	123.8%	1.3%	954.5 MB	62.9 MB
1419	93/62f400	BGC_ANALYSIS:ANTISMASH_ANALYSIS:ANTISMASH (Pantoea_agglomerans_Pa54-7)	COMPLETED	0	2026-08-29 02:12:11.626	2026-08-29 02:12:11.722	2026-08-29 02:12:37.634	23.9s	2	6 GB	816.6 MB	7.8 GB	123.8%	1.3%	1 GB	64.8 MB
1428	17/ae45ce	BGC_ANALYSIS:ANTISMASH_ANALYSIS:ANTISMASH (Pantoea_eucalypti_Pe21-11)	COMPLETED	0	2026-08-29 02:12:17.546	2026-08-29 02:12:17.642	2026-08-29 02:12:39.651	19.9s	2	6 GB	772.8 MB	7.8 GB	128.6%	1.3%	835.5 MB	57.6 MB
1421	20/c5ad90	BGC_ANALYSIS:ANTISMASH_ANALYSIS:ANTISMASH (Pantoea_agglomerans_Pa9-1)	COMPLETED	0	2026-08-29 02:12:30.601	2026-08-29 02:12:30.698	2026-08-29 02:12:54.425	21.8s	2	6 GB	808.1 MB	7.8 GB	128.1%	1.3%	859.4 MB	59.7 MB
1436	58/4699ed	BGC_ANALYSIS:ANTISMASH_ANALYSIS:ANTISMASH (Tatumella_terrea_JCM_8887)	COMPLETED	0	2026-08-29 02:12:29.641	2026-08-29 02:12:29.737	2026-08-29 02:12:57.891	26.2s	2	6 GB	632.6 MB	7.7 GB	95.2%	1.0%	1.1 GB	54 MB
1433	09/d77a9c	BGC_ANALYSIS:ANTISMASH_ANALYSIS:ANTISMASH (Pantoea_vagans_Pv39H-1)	COMPLETED	0	2026-08-29 02:12:28.150	2026-08-29 02:12:28.246	2026-08-29 02:12:59.240	28.9s	2	6 GB	753 MB	7.8 GB	107.3%	1.3%	1.2 GB	71.6 MB
1434	52/ba68f0	BGC_ANALYSIS:ANTISMASH_ANALYSIS:ANTISMASH (Pantoea_vagans_Pv39H-3)	COMPLETED	0	2026-08-29 02:12:28.818	2026-08-29 02:12:28.915	2026-08-29 02:12:59.478	28.5s	2	6 GB	721.9 MB	7.8 GB	106.7%	1.2%	1.2 GB	70.7 MB
1437	d0/1c3d25	BGC_ANALYSIS:ANTISMASH_ANALYSIS:ANTISMASH (Buchnera_sp._in:_enterobacteria_SBL_JL2023_coco_bin.24.orig)	COMPLETED	0	2026-08-29 02:12:59.244	2026-08-29 02:12:59.340	2026-08-29 02:13:08.873	7.6s	2	6 GB	206.3 MB	2.7 GB	106.4%	0.3%	353 MB	11.5 MB
1453	e3/d32e8c	BGC_ANALYSIS:ANTISMASH_ANALYSIS:ANTISMASH (Erwinia_amylovora_XJ35)	COMPLETED	0	2026-08-29 02:12:39.655	2026-08-29 02:12:39.751	2026-08-29 02:13:17.299	35.4s	2	6 GB	482.9 MB	7.7 GB	106.7%	0.7%	1.5 GB	54.8 MB
1430	5f/d02757	BGC_ANALYSIS:ANTISMASH_ANALYSIS:ANTISMASH (Pantoea_sp._SMAGNO104)	COMPLETED	0	2026-08-29 02:12:15.691	2026-08-29 02:12:15.788	2026-08-29 02:13:23.780	1m 6s	2	6 GB	532.2 MB	7.8 GB	106.1%	0.8%	3 GB	98.9 MB
1443	3b/f524a1	BGC_ANALYSIS:ANTISMASH_ANALYSIS:ANTISMASH (Erwinia_amylovora_KG02)	COMPLETED	0	2026-08-29 02:12:54.430	2026-08-29 02:12:54.525	2026-08-29 02:13:29.178	32.7s	2	6 GB	500.8 MB	7.8 GB	105.8%	0.7%	1.4 GB	51.7 MB
1440	21/b42e51	BGC_ANALYSIS:ANTISMASH_ANALYSIS:ANTISMASH (Erwinia_amylovora_HZ01)	COMPLETED	0	2026-08-29 02:12:37.639	2026-08-29 02:12:37.734	2026-08-29 02:13:30.146	50.3s	2	6 GB	463.9 MB	7.7 GB	104.6%	0.7%	2.4 GB	76.1 MB
1452	96/a44812	BGC_ANALYSIS:ANTISMASH_ANALYSIS:ANTISMASH (Erwinia_amylovora_XJ30)	COMPLETED	0	2026-08-29 02:12:57.895	2026-08-29 02:12:57.992	2026-08-29 02:13:32.482	32.5s	2	6 GB	496.3 MB	7.8 GB	106.2%	0.7%	1.3 GB	50.8 MB
1450	01/076a79	BGC_ANALYSIS:ANTISMASH_ANALYSIS:ANTISMASH (Erwinia_amylovora_XJ23)	COMPLETED	0	2026-08-29 02:12:59.481	2026-08-29 02:12:59.578	2026-08-29 02:13:38.394	36.9s	2	6 GB	485.9 MB	7.7 GB	106.8%	0.7%	1.6 GB	57.1 MB
1449	02/d18899	BGC_ANALYSIS:ANTISMASH_ANALYSIS:ANTISMASH (Erwinia_amylovora_XJ19)	COMPLETED	0	2026-08-29 02:13:08.877	2026-08-29 02:13:08.973	2026-08-29 02:13:44.644	33.7s	2	6 GB	477.8 MB	7.8 GB	106.1%	0.7%	1.4 GB	52.8 MB
1438	22/f60e75	BGC_ANALYSIS:ANTISMASH_ANALYSIS:ANTISMASH (Erwinia_amylovora_GS01)	COMPLETED	0	2026-08-29 02:13:17.302	2026-08-29 02:13:17.398	2026-08-29 02:13:52.046	32.6s	2	6 GB	495.1 MB	7.8 GB	104.3%	0.7%	1.3 GB	50.6 MB
1455	8e/7a7e20	BGC_ANALYSIS:ANTISMASH_ANALYSIS:ANTISMASH (Erwinia_amylovora_XJ60)	COMPLETED	0	2026-08-29 02:13:23.784	2026-08-29 02:13:23.881	2026-08-29 02:13:59.071	33.2s	2	6 GB	499.7 MB	7.8 GB	104.5%	0.7%	1.4 GB	52 MB
1459	f4/e4b8e7	BGC_ANALYSIS:ANTISMASH_ANALYSIS:ANTISMASH (Erwinia_sp._PME.40.26_001)	COMPLETED	0	2026-08-29 02:13:29.181	2026-08-29 02:13:29.277	2026-08-29 02:14:00.613	29.3s	2	6 GB	751.7 MB	7.8 GB	104.2%	1.3%	1.2 GB	70 MB
1447	4f/bc3335	BGC_ANALYSIS:ANTISMASH_ANALYSIS:ANTISMASH (Erwinia_amylovora_XJ14)	COMPLETED	0	2026-08-29 02:13:32.486	2026-08-29 02:13:32.582	2026-08-29 02:14:06.771	32.3s	2	6 GB	481.8 MB	7.8 GB	104.7%	0.7%	1.3 GB	50.8 MB
1461	6c/b3bed1	BGC_ANALYSIS:ANTISMASH_ANALYSIS:ANTISMASH (Pantoea_agglomerans_1L-A-1-B-C2)	COMPLETED	0	2026-08-29 02:13:44.647	2026-08-29 02:13:44.744	2026-08-29 02:14:12.524	25.8s	2	6 GB	725.2 MB	7.8 GB	99.1%	1.3%	1 GB	60.4 MB
1446	7b/2c77a4	BGC_ANALYSIS:ANTISMASH_ANALYSIS:ANTISMASH (Erwinia_amylovora_XJ12)	COMPLETED	0	2026-08-29 02:13:38.398	2026-08-29 02:13:38.495	2026-08-29 02:14:16.107	35.5s	2	6 GB	474.8 MB	7.7 GB	105.5%	0.7%	1.5 GB	55.3 MB
1445	fb/c540c4	BGC_ANALYSIS:ANTISMASH_ANALYSIS:ANTISMASH (Erwinia_amylovora_XJ10)	COMPLETED	0	2026-08-29 02:13:52.050	2026-08-29 02:13:52.146	2026-08-29 02:14:31.243	37.1s	2	6 GB	491.6 MB	7.8 GB	106.1%	0.7%	1.6 GB	58.3 MB
1463	12/8cd9d7	BGC_ANALYSIS:ANTISMASH_ANALYSIS:ANTISMASH (Pantoea_agglomerans_C9II)	COMPLETED	0	2026-08-29 02:14:00.617	2026-08-29 02:14:00.713	2026-08-29 02:14:33.208	30.5s	2	6 GB	798.2 MB	7.8 GB	100.1%	1.3%	1.3 GB	71.2 MB
1456	2a/0fbbc6	BGC_ANALYSIS:ANTISMASH_ANALYSIS:ANTISMASH (Erwinia_amylovora_XJ79)	COMPLETED	0	2026-08-29 02:13:59.075	2026-08-29 02:13:59.171	2026-08-29 02:14:33.468	32.3s	2	6 GB	496.7 MB	7.8 GB	105.1%	0.7%	1.3 GB	50.8 MB
1467	9a/f07b7a	BGC_ANALYSIS:ANTISMASH_ANALYSIS:ANTISMASH (Pantoea_agglomerans_I53BLB)	COMPLETED	0	2026-08-29 02:14:16.111	2026-08-29 02:14:16.208	2026-08-29 02:14:39.169	21s	2	6 GB	778.8 MB	7.8 GB	127.7%	1.3%	873 MB	61.5 MB
1448	02/1c02db	BGC_ANALYSIS:ANTISMASH_ANALYSIS:ANTISMASH (Erwinia_amylovora_XJ15)	COMPLETED	0	2026-08-29 02:14:06.775	2026-08-29 02:14:06.871	2026-08-29 02:14:45.373	36.5s	2	6 GB	481.6 MB	7.8 GB	105.8%	0.7%	1.6 GB	57.3 MB
1466	ea/9353ea	BGC_ANALYSIS:ANTISMASH_ANALYSIS:ANTISMASH (Pantoea_agglomerans_G5_S1_71_S2)	COMPLETED	0	2026-08-29 02:14:12.528	2026-08-29 02:14:12.624	2026-08-29 02:14:45.396	30.7s	2	6 GB	758.2 MB	7.8 GB	95.0%	1.3%	1.2 GB	69.3 MB
1470	80/861778	BGC_ANALYSIS:ANTISMASH_ANALYSIS:ANTISMASH (Pantoea_agglomerans_TE3500)	COMPLETED	0	2026-08-29 02:14:33.472	2026-08-29 02:14:33.570	2026-08-29 02:14:56.726	21.3s	2	6 GB	773.2 MB	7.8 GB	123.9%	1.3%	889.6 MB	58.8 MB
1458	02/5fd43f	BGC_ANALYSIS:ANTISMASH_ANALYSIS:ANTISMASH (Erwinia_billingiae_SBL_JL2023_fagr_bin.62.orig)	COMPLETED	0	2026-08-29 02:13:30.149	2026-08-29 02:13:30.247	2026-08-29 02:15:06.109	1m 34s	2	6 GB	773.7 MB	7.8 GB	98.8%	1.3%	5.2 GB	173.1 MB
1454	4b/a1eead	BGC_ANALYSIS:ANTISMASH_ANALYSIS:ANTISMASH (Erwinia_amylovora_XJ51)	COMPLETED	0	2026-08-29 02:14:31.247	2026-08-29 02:14:31.344	2026-08-29 02:15:08.309	34.9s	2	6 GB	483.9 MB	7.8 GB	104.5%	0.7%	1.5 GB	54.4 MB
1451	9c/267d68	BGC_ANALYSIS:ANTISMASH_ANALYSIS:ANTISMASH (Erwinia_amylovora_XJ26)	COMPLETED	0	2026-08-29 02:14:33.212	2026-08-29 02:14:33.309	2026-08-29 02:15:10.496	35.2s	2	6 GB	475.3 MB	7.7 GB	105.8%	0.7%	1.5 GB	54.7 MB
1442	4e/3d57b5	BGC_ANALYSIS:ANTISMASH_ANALYSIS:ANTISMASH (Erwinia_amylovora_KG01)	COMPLETED	0	2026-08-29 02:14:39.173	2026-08-29 02:14:39.270	2026-08-29 02:15:17.479	36.1s	2	6 GB	480.8 MB	7.7 GB	105.0%	0.7%	1.5 GB	55.8 MB
1432	8e/998c9a	BGC_ANALYSIS:ANTISMASH_ANALYSIS:ANTISMASH (Pantoea_stewartii_SMAGNO119)	COMPLETED	0	2026-08-29 02:12:15.166	2026-08-29 02:12:15.262	2026-08-29 02:15:20.273	3m 3s	2	6 GB	502.8 MB	7.7 GB	112.7%	0.8%	9.7 GB	254.9 MB
1441	cd/86fb8c	BGC_ANALYSIS:ANTISMASH_ANALYSIS:ANTISMASH (Erwinia_amylovora_HZ02)	COMPLETED	0	2026-08-29 02:14:45.377	2026-08-29 02:14:45.396	2026-08-29 02:15:32.527	45.1s	2	6 GB	466.9 MB	7.7 GB	103.4%	0.7%	2.1 GB	68.9 MB
1457	5e/e8049b	BGC_ANALYSIS:ANTISMASH_ANALYSIS:ANTISMASH (Erwinia_aphidicola_JCM_21238_2)	COMPLETED	0	2026-08-29 02:15:10.499	2026-08-29 02:15:10.597	2026-08-29 02:15:40.077	27.5s	2	6 GB	714 MB	7.8 GB	106.0%	1.2%	1 GB	60.4 MB
1460	3a/8573a4	BGC_ANALYSIS:ANTISMASH_ANALYSIS:ANTISMASH (Erwinia_sp._TECH1)	COMPLETED	0	2026-08-29 02:15:20.277	2026-08-29 02:15:20.373	2026-08-29 02:15:41.309	18.9s	2	6 GB	770.9 MB	7.8 GB	133.5%	1.3%	817.8 MB	55 MB
1439	0f/cdfa58	BGC_ANALYSIS:ANTISMASH_ANALYSIS:ANTISMASH (Erwinia_amylovora_GS05)	COMPLETED	0	2026-08-29 02:15:06.113	2026-08-29 02:15:06.210	2026-08-29 02:15:44.724	36.4s	2	6 GB	493.9 MB	7.8 GB	105.3%	0.7%	1.5 GB	56.3 MB
1444	e0/766b79	BGC_ANALYSIS:ANTISMASH_ANALYSIS:ANTISMASH (Erwinia_amylovora_KG03)	COMPLETED	0	2026-08-29 02:15:08.313	2026-08-29 02:15:08.410	2026-08-29 02:15:45.362	35s	2	6 GB	480.5 MB	7.7 GB	104.5%	0.7%	1.4 GB	53.8 MB
1473	3a/852cae	BGC_ANALYSIS:ANTISMASH_ANALYSIS:ANTISMASH (Pantoea_ananatis_141)	COMPLETED	0	2026-08-29 02:14:56.730	2026-08-29 02:14:56.826	2026-08-29 02:15:46.042	47.2s	2	6 GB	4.7 GB	7.9 GB	126.4%	6.7%	8.9 GB	44.9 MB
1476	8e/a13f52	BGC_ANALYSIS:ANTISMASH_ANALYSIS:ANTISMASH (Pantoea_ananatis_KUK)	COMPLETED	0	2026-08-29 02:15:17.483	2026-08-29 02:15:17.579	2026-08-29 02:15:55.610	35.9s	2	6 GB	698.9 MB	7.8 GB	94.7%	1.3%	1.6 GB	77.3 MB
1484	0f/27b836	BGC_ANALYSIS:ANTISMASH_ANALYSIS:ANTISMASH (Pantoea_ananatis_ZP002)	COMPLETED	0	2026-08-29 02:15:40.081	2026-08-29 02:15:40.177	2026-08-29 02:16:00.957	18.7s	2	6 GB	787.3 MB	7.8 GB	134.8%	1.4%	806.6 MB	58.1 MB
1462	c0/1ff8fc	BGC_ANALYSIS:ANTISMASH_ANALYSIS:ANTISMASH (Pantoea_agglomerans_1L-B-7-B-C1)	COMPLETED	0	2026-08-29 02:15:32.531	2026-08-29 02:15:32.628	2026-08-29 02:16:01.387	26.7s	2	6 GB	731.5 MB	7.8 GB	100.7%	1.2%	1.1 GB	62.6 MB
1465	8d/09eb66	BGC_ANALYSIS:ANTISMASH_ANALYSIS:ANTISMASH (Pantoea_agglomerans_ELIV)	COMPLETED	0	2026-08-29 02:15:41.312	2026-08-29 02:15:41.409	2026-08-29 02:16:07.610	24.1s	2	6 GB	811.1 MB	7.8 GB	122.3%	1.4%	917 MB	66.1 MB
1472	58/635316	BGC_ANALYSIS:ANTISMASH_ANALYSIS:ANTISMASH (Pantoea_ananatis_117T1)	COMPLETED	0	2026-08-29 02:14:45.399	2026-08-29 02:14:45.496	2026-08-29 02:16:14.643	1m 27s	2	6 GB	4.9 GB	7.8 GB	123.3%	5.7%	30.9 GB	73.3 MB
1469	60/3c3eb1	BGC_ANALYSIS:ANTISMASH_ANALYSIS:ANTISMASH (Pantoea_agglomerans_TE3475)	COMPLETED	0	2026-08-29 02:15:46.046	2026-08-29 02:15:46.142	2026-08-29 02:16:16.187	28.1s	2	6 GB	702 MB	7.8 GB	94.7%	1.2%	1.1 GB	62.3 MB
1471	d8/265a90	BGC_ANALYSIS:ANTISMASH_ANALYSIS:ANTISMASH (Pantoea_ananatis_117R1)	COMPLETED	0	2026-08-29 02:15:55.614	2026-08-29 02:15:55.710	2026-08-29 02:16:32.650	34.9s	2	6 GB	733.7 MB	7.8 GB	96.8%	1.3%	1.5 GB	78.4 MB
1464	84/8edf56	BGC_ANALYSIS:ANTISMASH_ANALYSIS:ANTISMASH (Pantoea_agglomerans_CNPSo_2602)	COMPLETED	0	2026-08-29 02:15:44.728	2026-08-29 02:15:44.825	2026-08-29 02:16:34.749	47.9s	2	6 GB	693.3 MB	7.8 GB	95.1%	1.3%	2.3 GB	96.9 MB
1491	21/7c7630	BGC_ANALYSIS:ANTISMASH_ANALYSIS:ANTISMASH (Pantoea_dispersa_AA14)	COMPLETED	0	2026-08-29 02:16:16.190	2026-08-29 02:16:16.287	2026-08-29 02:16:38.319	20s	2	6 GB	793.6 MB	7.8 GB	133.2%	1.4%	817.9 MB	58.7 MB
1468	c5/31ddc6	BGC_ANALYSIS:ANTISMASH_ANALYSIS:ANTISMASH (Pantoea_agglomerans_SO16PY)	COMPLETED	0	2026-08-29 02:15:45.364	2026-08-29 02:15:45.462	2026-08-29 02:16:38.782	51.3s	2	6 GB	719.2 MB	7.8 GB	95.2%	1.2%	2.5 GB	102.7 MB
1485	63/5c1069	BGC_ANALYSIS:ANTISMASH_ANALYSIS:ANTISMASH (Pantoea_ananatis_ZZ10-11)	COMPLETED	0	2026-08-29 02:16:00.960	2026-08-29 02:16:01.057	2026-08-29 02:16:39.798	36.8s	2	6 GB	768.4 MB	7.8 GB	95.4%	1.3%	1.7 GB	81.3 MB
1475	8a/a34fef	BGC_ANALYSIS:ANTISMASH_ANALYSIS:ANTISMASH (Pantoea_ananatis_J4-2)	COMPLETED	0	2026-08-29 02:16:01.390	2026-08-29 02:16:01.488	2026-08-29 02:16:41.160	37.7s	2	6 GB	775.4 MB	7.8 GB	96.1%	1.3%	1.7 GB	82.8 MB
1488	40/6a6817	BGC_ANALYSIS:ANTISMASH_ANALYSIS:ANTISMASH (Pantoea_dispersa_255T2)	COMPLETED	0	2026-08-29 02:16:07.613	2026-08-29 02:16:07.710	2026-08-29 02:16:42.599	32.7s	2	6 GB	734.3 MB	7.8 GB	95.1%	1.2%	1.4 GB	73.5 MB
1477	0f/fa5f5d	BGC_ANALYSIS:ANTISMASH_ANALYSIS:ANTISMASH (Pantoea_ananatis_TE32200)	COMPLETED	0	2026-08-29 02:16:14.647	2026-08-29 02:16:14.743	2026-08-29 02:16:59.667	42.9s	2	6 GB	3.2 GB	7.8 GB	128.7%	4.9%	9.4 GB	57.5 MB
1494	c0/73c016	BGC_ANALYSIS:ANTISMASH_ANALYSIS:ANTISMASH (Pantoea_dispersa_Z19-2)	COMPLETED	0	2026-08-29 02:16:32.655	2026-08-29 02:16:32.750	2026-08-29 02:17:05.668	30.8s	2	6 GB	758.2 MB	7.8 GB	96.3%	1.3%	1.3 GB	72.1 MB
1478	78/bcb476	BGC_ANALYSIS:ANTISMASH_ANALYSIS:ANTISMASH (Pantoea_ananatis_UYCo721)	COMPLETED	0	2026-08-29 02:16:39.801	2026-08-29 02:16:39.898	2026-08-29 02:17:07.172	25.3s	2	6 GB	772.6 MB	7.8 GB	97.1%	1.3%	1 GB	60.7 MB
1489	99/9c4129	BGC_ANALYSIS:ANTISMASH_ANALYSIS:ANTISMASH (Pantoea_dispersa_3121)	COMPLETED	0	2026-08-29 02:16:38.786	2026-08-29 02:16:38.882	2026-08-29 02:17:13.695	33s	2	6 GB	754 MB	7.8 GB	93.9%	1.3%	1.4 GB	75 MB
1495	b6/2e9168	BGC_ANALYSIS:ANTISMASH_ANALYSIS:ANTISMASH (Pantoea_dispersa_Z19-39)	COMPLETED	0	2026-08-29 02:16:38.323	2026-08-29 02:16:38.420	2026-08-29 02:17:17.499	37.2s	2	6 GB	768.3 MB	7.8 GB	95.7%	1.3%	1.7 GB	82 MB
1482	6f/adff1d	BGC_ANALYSIS:ANTISMASH_ANALYSIS:ANTISMASH (Pantoea_ananatis_Z6-6)	COMPLETED	0	2026-08-29 02:16:42.603	2026-08-29 02:16:42.699	2026-08-29 02:17:24.676	40.1s	2	6 GB	813.4 MB	7.8 GB	95.5%	1.3%	1.9 GB	87 MB
1497	e6/264ce1	BGC_ANALYSIS:ANTISMASH_ANALYSIS:ANTISMASH (Pantoea_dispersa_Z4-11)	COMPLETED	0	2026-08-29 02:16:41.164	2026-08-29 02:16:41.261	2026-08-29 02:17:26.756	43.5s	2	6 GB	784.3 MB	7.8 GB	97.2%	1.3%	2.1 GB	92.7 MB
1474	ba/c90a6c	BGC_ANALYSIS:ANTISMASH_ANALYSIS:ANTISMASH (Pantoea_ananatis_J15-6)	COMPLETED	0	2026-08-29 02:16:34.753	2026-08-29 02:16:34.850	2026-08-29 02:17:35.690	58.8s	2	6 GB	4.7 GB	7.8 GB	106.7%	5.1%	10.1 GB	78.8 MB
1481	bc/bc52dc	BGC_ANALYSIS:ANTISMASH_ANALYSIS:ANTISMASH (Pantoea_ananatis_Z6-1)	COMPLETED	0	2026-08-29 02:16:59.670	2026-08-29 02:16:59.767	2026-08-29 02:17:37.137	35.5s	2	6 GB	781.9 MB	7.8 GB	97.8%	1.3%	1.6 GB	79 MB
1500	5b/2a8c6e	BGC_ANALYSIS:ANTISMASH_ANALYSIS:ANTISMASH (Pantoea_dispersa_Z4-25)	COMPLETED	0	2026-08-29 02:17:07.176	2026-08-29 02:17:07.272	2026-08-29 02:17:37.462	28.2s	2	6 GB	808.5 MB	7.8 GB	97.1%	1.3%	1.2 GB	69.2 MB
1480	a4/a86fa4	BGC_ANALYSIS:ANTISMASH_ANALYSIS:ANTISMASH (Pantoea_ananatis_Z19-37)	COMPLETED	0	2026-08-29 02:17:05.671	2026-08-29 02:17:05.768	2026-08-29 02:17:43.400	35.6s	2	6 GB	796 MB	7.8 GB	95.9%	1.3%	1.6 GB	79.4 MB
1499	91/6ccc49	BGC_ANALYSIS:ANTISMASH_ANALYSIS:ANTISMASH (Pantoea_dispersa_Z4-23)	COMPLETED	0	2026-08-29 02:17:13.701	2026-08-29 02:17:13.796	2026-08-29 02:17:47.520	31.7s	2	6 GB	753.6 MB	7.8 GB	96.8%	1.3%	1.4 GB	74.2 MB
1503	e1/d49ba6	BGC_ANALYSIS:ANTISMASH_ANALYSIS:ANTISMASH (Pantoea_phosphatilytica_C3D7)	COMPLETED	0	2026-08-29 02:17:26.761	2026-08-29 02:17:26.858	2026-08-29 02:17:47.562	18.8s	2	6 GB	771.7 MB	7.8 GB	126.2%	1.3%	786.7 MB	54.8 MB
1479	26/16797f	BGC_ANALYSIS:ANTISMASH_ANALYSIS:ANTISMASH (Pantoea_ananatis_Z17-1)	COMPLETED	0	2026-08-29 02:17:17.504	2026-08-29 02:17:17.599	2026-08-29 02:17:55.722	36.2s	2	6 GB	743.3 MB	7.8 GB	95.5%	1.3%	1.7 GB	81.4 MB
1502	c8/fcbb8c	BGC_ANALYSIS:ANTISMASH_ANALYSIS:ANTISMASH (Pantoea_eucalypti_TE3523)	COMPLETED	0	2026-08-29 02:17:35.694	2026-08-29 02:17:35.790	2026-08-29 02:17:56.652	19s	2	6 GB	742.2 MB	7.8 GB	129.2%	1.2%	808.9 MB	54.4 MB
1486	c4/d095fe	BGC_ANALYSIS:ANTISMASH_ANALYSIS:ANTISMASH (Pantoea_anthophila_73_bin.1)	COMPLETED	0	2026-08-29 02:17:37.141	2026-08-29 02:17:37.237	2026-08-29 02:18:06.982	27.8s	2	6 GB	665.4 MB	7.7 GB	99.3%	1.1%	1.1 GB	65.9 MB
1487	a7/fce8c9	BGC_ANALYSIS:ANTISMASH_ANALYSIS:ANTISMASH (Pantoea_conspicua_C2A7)	COMPLETED	0	2026-08-29 02:17:47.566	2026-08-29 02:17:47.663	2026-08-29 02:18:10.103	20.4s	2	6 GB	779.1 MB	7.8 GB	129.4%	1.3%	842.2 MB	58.8 MB
1493	f9/99af6d	BGC_ANALYSIS:ANTISMASH_ANALYSIS:ANTISMASH (Pantoea_dispersa_LTV3-3)	COMPLETED	0	2026-08-29 02:17:37.465	2026-08-29 02:17:37.562	2026-08-29 02:18:12.502	33.1s	2	6 GB	791.9 MB	7.8 GB	102.2%	1.3%	1.5 GB	78.8 MB
1492	34/8f4c7b	BGC_ANALYSIS:ANTISMASH_ANALYSIS:ANTISMASH (Pantoea_dispersa_AA6)	COMPLETED	0	2026-08-29 02:17:55.725	2026-08-29 02:17:55.822	2026-08-29 02:18:18.222	20.3s	2	6 GB	778.8 MB	7.8 GB	130.0%	1.3%	832.3 MB	60.1 MB
1483	cf/2e5b78	BGC_ANALYSIS:ANTISMASH_ANALYSIS:ANTISMASH (Pantoea_ananatis_Z6-7)	COMPLETED	0	2026-08-29 02:17:24.679	2026-08-29 02:17:24.776	2026-08-29 02:18:18.284	51.5s	2	6 GB	764.1 MB	7.8 GB	97.4%	1.3%	2.6 GB	101.8 MB
1512	22/7f86de	BGC_ANALYSIS:ANTISMASH_ANALYSIS:ANTISMASH (Pantoea_piersonii_A-51)	COMPLETED	0	2026-08-29 02:17:47.523	2026-08-29 02:17:47.562	2026-08-29 02:18:22.620	33s	2	6 GB	744.7 MB	7.8 GB	97.1%	1.3%	1.4 GB	75.6 MB
1490	02/f12014	BGC_ANALYSIS:ANTISMASH_ANALYSIS:ANTISMASH (Pantoea_dispersa_3122)	COMPLETED	0	2026-08-29 02:17:56.656	2026-08-29 02:17:56.752	2026-08-29 02:18:28.046	29.3s	2	6 GB	655.6 MB	7.7 GB	94.7%	1.1%	1.3 GB	64.3 MB
1501	81/418913	BGC_ANALYSIS:ANTISMASH_ANALYSIS:ANTISMASH (Pantoea_eucalypti_C10G5)	COMPLETED	0	2026-08-29 02:18:18.288	2026-08-29 02:18:18.384	2026-08-29 02:18:40.378	19.9s	2	6 GB	794.3 MB	7.8 GB	130.1%	1.3%	836.1 MB	58.4 MB
1496	6c/214d30	BGC_ANALYSIS:ANTISMASH_ANALYSIS:ANTISMASH (Pantoea_dispersa_Z4-10)	COMPLETED	0	2026-08-29 02:18:06.986	2026-08-29 02:18:07.082	2026-08-29 02:18:40.904	31.8s	2	6 GB	767.7 MB	7.8 GB	99.0%	1.3%	1.4 GB	75.4 MB
1511	dd/c8107a	BGC_ANALYSIS:ANTISMASH_ANALYSIS:ANTISMASH (Pantoea_piersonii_A-50)	COMPLETED	0	2026-08-29 02:18:10.107	2026-08-29 02:18:10.203	2026-08-29 02:18:42.287	30.1s	2	6 GB	736.5 MB	7.8 GB	96.8%	1.3%	1.2 GB	71.1 MB
1510	f7/63d7d9	BGC_ANALYSIS:ANTISMASH_ANALYSIS:ANTISMASH (Pantoea_piersonii_A-49)	COMPLETED	0	2026-08-29 02:17:43.405	2026-08-29 02:17:43.500	2026-08-29 02:18:48.429	1m 3s	2	6 GB	851.7 MB	7.9 GB	96.7%	1.3%	3.2 GB	124.5 MB
1498	45/dc3fe1	BGC_ANALYSIS:ANTISMASH_ANALYSIS:ANTISMASH (Pantoea_dispersa_Z4-12)	COMPLETED	0	2026-08-29 02:18:18.226	2026-08-29 02:18:18.285	2026-08-29 02:18:49.895	29.5s	2	6 GB	838.1 MB	7.8 GB	95.8%	1.4%	1.2 GB	70.2 MB
1514	1e/ee3a27	BGC_ANALYSIS:ANTISMASH_ANALYSIS:ANTISMASH (Pantoea_piersonii_A-63)	COMPLETED	0	2026-08-29 02:18:12.507	2026-08-29 02:18:12.602	2026-08-29 02:18:52.249	37.6s	2	6 GB	741.6 MB	7.8 GB	101.2%	1.3%	1.8 GB	84.3 MB
1518	83/da07a8	BGC_ANALYSIS:ANTISMASH_ANALYSIS:ANTISMASH (Pantoea_piersonii_A-83)	COMPLETED	0	2026-08-29 02:18:22.624	2026-08-29 02:18:22.720	2026-08-29 02:18:57.794	33.1s	2	6 GB	744.7 MB	7.8 GB	97.4%	1.3%	1.4 GB	76.6 MB
1506	14/671a9b	BGC_ANALYSIS:ANTISMASH_ANALYSIS:ANTISMASH (Pantoea_piersonii_A-20)	COMPLETED	0	2026-08-29 02:18:28.050	2026-08-29 02:18:28.147	2026-08-29 02:19:02.440	32.3s	2	6 GB	729.3 MB	7.8 GB	98.0%	1.3%	1.4 GB	75.6 MB
1508	69/79932d	BGC_ANALYSIS:ANTISMASH_ANALYSIS:ANTISMASH (Pantoea_piersonii_A-29)	COMPLETED	0	2026-08-29 02:18:40.908	2026-08-29 02:18:41.004	2026-08-29 02:19:11.127	28.3s	2	6 GB	658.7 MB	7.7 GB	102.2%	1.2%	1.2 GB	70.6 MB
1505	9c/dbb3bf	BGC_ANALYSIS:ANTISMASH_ANALYSIS:ANTISMASH (Pantoea_piersonii_A-16)	COMPLETED	0	2026-08-29 02:18:40.382	2026-08-29 02:18:40.479	2026-08-29 02:19:15.181	32.8s	2	6 GB	741.1 MB	7.8 GB	97.6%	1.3%	1.4 GB	76.1 MB
1528	39/36e648	BGC_ANALYSIS:ANTISMASH_ANALYSIS:ANTISMASH (Pantoea_septica_112)	COMPLETED	0	2026-08-29 02:18:52.254	2026-08-29 02:18:52.349	2026-08-29 02:19:15.271	20.9s	2	6 GB	817.7 MB	7.8 GB	123.7%	1.4%	915.8 MB	62.6 MB
1521	6b/e8ce16	BGC_ANALYSIS:ANTISMASH_ANALYSIS:ANTISMASH (Pantoea_piersonii_F10_5S_D1_EP5)	COMPLETED	0	2026-08-29 02:18:42.290	2026-08-29 02:18:42.387	2026-08-29 02:19:15.553	31.3s	2	6 GB	738 MB	7.8 GB	97.9%	1.2%	1.3 GB	69.4 MB
1526	32/1cf0f4	BGC_ANALYSIS:ANTISMASH_ANALYSIS:ANTISMASH (Pantoea_piersonii_F9_6S_D2_EB1)	COMPLETED	0	2026-08-29 02:18:49.898	2026-08-29 02:18:49.995	2026-08-29 02:19:24.061	32s	2	6 GB	744.5 MB	7.8 GB	97.7%	1.2%	1.4 GB	70.4 MB
1504	c9/df4ea1	BGC_ANALYSIS:ANTISMASH_ANALYSIS:ANTISMASH (Pantoea_piersonii_78_bin.2)	COMPLETED	0	2026-08-29 02:18:48.434	2026-08-29 02:18:48.529	2026-08-29 02:19:24.912	34.3s	2	6 GB	728.7 MB	7.8 GB	95.8%	1.3%	1.5 GB	76.5 MB
1507	9a/c561d2	BGC_ANALYSIS:ANTISMASH_ANALYSIS:ANTISMASH (Pantoea_piersonii_A-22)	COMPLETED	0	2026-08-29 02:18:57.798	2026-08-29 02:18:57.894	2026-08-29 02:19:28.709	28.8s	2	6 GB	649.9 MB	7.7 GB	99.3%	1.0%	1.2 GB	70.2 MB
1509	89/f45b85	BGC_ANALYSIS:ANTISMASH_ANALYSIS:ANTISMASH (Pantoea_piersonii_A-4)	COMPLETED	0	2026-08-29 02:19:02.445	2026-08-29 02:19:02.540	2026-08-29 02:19:36.459	31.9s	2	6 GB	716.6 MB	7.8 GB	97.9%	1.3%	1.4 GB	75.1 MB
1530	15/63c8bc	BGC_ANALYSIS:ANTISMASH_ANALYSIS:ANTISMASH (Pantoea_sp._C5C10)	COMPLETED	0	2026-08-29 02:19:11.131	2026-08-29 02:19:11.227	2026-08-29 02:19:38.381	25.1s	2	6 GB	862.6 MB	7.9 GB	124.5%	1.4%	1 GB	72.1 MB
1533	26/c8e86e	BGC_ANALYSIS:ANTISMASH_ANALYSIS:ANTISMASH (Pantoea_sp._S-LA4)	COMPLETED	0	2026-08-29 02:19:24.914	2026-08-29 02:19:25.012	2026-08-29 02:19:47.674	20.8s	2	6 GB	782.8 MB	7.8 GB	130.3%	1.3%	872.2 MB	61.1 MB
1517	3d/023b56	BGC_ANALYSIS:ANTISMASH_ANALYSIS:ANTISMASH (Pantoea_piersonii_A-81)	COMPLETED	0	2026-08-29 02:19:15.184	2026-08-29 02:19:15.272	2026-08-29 02:19:49.373	32.2s	2	6 GB	734.1 MB	7.8 GB	97.7%	1.3%	1.4 GB	75.6 MB
1516	77/045c09	BGC_ANALYSIS:ANTISMASH_ANALYSIS:ANTISMASH (Pantoea_piersonii_A-75)	COMPLETED	0	2026-08-29 02:19:15.556	2026-08-29 02:19:15.654	2026-08-29 02:19:51.670	34.1s	2	6 GB	793.3 MB	7.8 GB	93.9%	1.3%	1.4 GB	76.3 MB
1515	cf/eb2ab1	BGC_ANALYSIS:ANTISMASH_ANALYSIS:ANTISMASH (Pantoea_piersonii_A-71)	COMPLETED	0	2026-08-29 02:19:28.712	2026-08-29 02:19:28.809	2026-08-29 02:19:59.654	28.7s	2	6 GB	724.8 MB	7.8 GB	103.2%	1.3%	1.2 GB	70.7 MB
1532	77/74e941	BGC_ANALYSIS:ANTISMASH_ANALYSIS:ANTISMASH (Pantoea_sp._PvP021)	COMPLETED	0	2026-08-29 02:19:36.462	2026-08-29 02:19:36.559	2026-08-29 02:20:06.222	27.6s	2	6 GB	751.8 MB	7.8 GB	101.5%	1.3%	1.2 GB	67.6 MB
1519	6f/bc7f6e	BGC_ANALYSIS:ANTISMASH_ANALYSIS:ANTISMASH (Pantoea_piersonii_A-87)	COMPLETED	0	2026-08-29 02:19:38.384	2026-08-29 02:19:38.481	2026-08-29 02:20:15.323	34.7s	2	6 GB	787.8 MB	7.8 GB	94.1%	1.3%	1.5 GB	77.6 MB
1513	c0/dc4727	BGC_ANALYSIS:ANTISMASH_ANALYSIS:ANTISMASH (Pantoea_piersonii_A-59)	COMPLETED	0	2026-08-29 02:19:15.274	2026-08-29 02:19:15.371	2026-08-29 02:20:17.642	1m	2	6 GB	823.2 MB	7.9 GB	96.9%	1.3%	3.1 GB	121.7 MB
1520	fc/609199	BGC_ANALYSIS:ANTISMASH_ANALYSIS:ANTISMASH (Pantoea_piersonii_F10_5S_D1_EB2)	COMPLETED	0	2026-08-29 02:19:47.678	2026-08-29 02:19:47.774	2026-08-29 02:20:20.482	30.8s	2	6 GB	743.8 MB	7.8 GB	96.8%	1.2%	1.3 GB	69.3 MB
1531	14/2cab4f	BGC_ANALYSIS:ANTISMASH_ANALYSIS:ANTISMASH (Pantoea_sp._PA1)	COMPLETED	0	2026-08-29 02:19:24.065	2026-08-29 02:19:24.162	2026-08-29 02:20:20.951	54.9s	2	6 GB	4.8 GB	7.9 GB	108.2%	8.2%	9.8 GB	65.6 MB
1522	4d/4ebae8	BGC_ANALYSIS:ANTISMASH_ANALYSIS:ANTISMASH (Pantoea_piersonii_F11_7S_D1_EB1)	COMPLETED	0	2026-08-29 02:19:49.377	2026-08-29 02:19:49.474	2026-08-29 02:20:22.528	31.2s	2	6 GB	750.6 MB	7.8 GB	98.5%	1.2%	1.3 GB	69.4 MB
1523	8d/1a40a5	BGC_ANALYSIS:ANTISMASH_ANALYSIS:ANTISMASH (Pantoea_piersonii_F9_5S_D1_EB2)	COMPLETED	0	2026-08-29 02:19:51.673	2026-08-29 02:19:51.770	2026-08-29 02:20:25.119	31.5s	2	6 GB	742.3 MB	7.8 GB	95.1%	1.2%	1.3 GB	69.9 MB
1527	59/dc2653	BGC_ANALYSIS:ANTISMASH_ANALYSIS:ANTISMASH (Pantoea_piersonii_F9_8S_D1_EB3)	COMPLETED	0	2026-08-29 02:19:59.659	2026-08-29 02:19:59.754	2026-08-29 02:20:32.972	31.3s	2	6 GB	747.8 MB	7.8 GB	95.5%	1.3%	1.3 GB	69.9 MB
1550	44/50047f	BGC_ANALYSIS:ANTISMASH_ANALYSIS:ANTISMASH (Buchnera_aphidicola_Protaphis_terricola_Prterricola-2569)	COMPLETED	0	2026-08-29 02:20:25.124	2026-08-29 02:20:25.219	2026-08-29 02:20:33.855	6.6s	2	6 GB	211.7 MB	2.7 GB	103.2%	0.3%	288.3 MB	9 MB
1529	4d/11662c	BGC_ANALYSIS:ANTISMASH_ANALYSIS:ANTISMASH (Pantoea_septica_G5-15)	COMPLETED	0	2026-08-29 02:20:17.646	2026-08-29 02:20:17.742	2026-08-29 02:20:39.805	20.1s	2	6 GB	771.9 MB	7.8 GB	126.4%	1.3%	828.9 MB	58.1 MB
1524	95/892320	BGC_ANALYSIS:ANTISMASH_ANALYSIS:ANTISMASH (Pantoea_piersonii_F9_5S_D1_P_1)	COMPLETED	0	2026-08-29 02:20:06.225	2026-08-29 02:20:06.322	2026-08-29 02:20:40.036	31.6s	2	6 GB	753.2 MB	7.8 GB	95.9%	1.3%	1.3 GB	69.4 MB
1551	7f/cfa508	BGC_ANALYSIS:ANTISMASH_ANALYSIS:ANTISMASH (Buchnera_aphidicola_Pterocallis_alni_Ptalni-3691)	COMPLETED	0	2026-08-29 02:20:32.976	2026-08-29 02:20:33.071	2026-08-29 02:20:40.268	5.1s	2	6 GB	200.6 MB	2.7 GB	106.0%	0.3%	217.9 MB	3.9 MB
1545	6e/b9e981	BGC_ANALYSIS:ANTISMASH_ANALYSIS:ANTISMASH (Buchnera_aphidicola_Mindarus_abietinus_Miabietinus-3704)	COMPLETED	0	2026-08-29 02:20:33.859	2026-08-29 02:20:33.955	2026-08-29 02:20:42.644	6.6s	2	6 GB	321.1 MB	5 GB	104.7%	0.5%	297.4 MB	8.6 MB
1535	7f/52816e	BGC_ANALYSIS:ANTISMASH_ANALYSIS:ANTISMASH (Pantoea_sp._y20)	COMPLETED	0	2026-08-29 02:20:20.955	2026-08-29 02:20:21.051	2026-08-29 02:20:44.648	21.7s	2	6 GB	823.7 MB	7.8 GB	125.6%	1.3%	901.9 MB	64.4 MB
1534	d4/a1097c	BGC_ANALYSIS:ANTISMASH_ANALYSIS:ANTISMASH (Pantoea_sp._XAF26B01_ASV70)	COMPLETED	0	2026-08-29 02:20:20.485	2026-08-29 02:20:20.583	2026-08-29 02:20:45.047	22.5s	2	6 GB	820.8 MB	7.8 GB	122.0%	1.4%	895.9 MB	63.9 MB
1552	ee/9e629a	BGC_ANALYSIS:ANTISMASH_ANALYSIS:ANTISMASH (Buchnera_aphidicola_Sipha_maydis_Simaydis-3493)	COMPLETED	0	2026-08-29 02:20:39.808	2026-08-29 02:20:39.905	2026-08-29 02:20:46.668	4.9s	2	6 GB	202.3 MB	2.7 GB	108.1%	0.3%	222.3 MB	4.2 MB
1539	af/ec3cc0	BGC_ANALYSIS:ANTISMASH_ANALYSIS:ANTISMASH (Buchnera_aphidicola_Chaetosiphella_stipae_setosa_Chstipae_setosa-2659)	COMPLETED	0	2026-08-29 02:20:40.271	2026-08-29 02:20:40.368	2026-08-29 02:20:47.054	4.8s	2	6 GB	202.8 MB	2.7 GB	106.0%	0.3%	221.2 MB	4.1 MB
1546	fc/51af8b	BGC_ANALYSIS:ANTISMASH_ANALYSIS:ANTISMASH (Buchnera_aphidicola_Neophyllaphis_podocarpi_Nepodocarpi-3733)	COMPLETED	0	2026-08-29 02:20:40.040	2026-08-29 02:20:40.136	2026-08-29 02:20:48.080	6.1s	2	6 GB	211.5 MB	2.7 GB	103.3%	0.3%	281.3 MB	8.4 MB
1547	d9/678e01	BGC_ANALYSIS:ANTISMASH_ANALYSIS:ANTISMASH (Buchnera_aphidicola_Panaphis_juglandis_Pajuglandis-2786)	COMPLETED	0	2026-08-29 02:20:42.648	2026-08-29 02:20:42.744	2026-08-29 02:20:49.538	4.8s	2	6 GB	202.7 MB	2.7 GB	105.9%	0.3%	218.5 MB	4 MB
1525	e2/a7d2a6	BGC_ANALYSIS:ANTISMASH_ANALYSIS:ANTISMASH (Pantoea_piersonii_F9_6S_D2_B_3)	COMPLETED	0	2026-08-29 02:20:15.325	2026-08-29 02:20:15.422	2026-08-29 02:20:50.133	32.8s	2	6 GB	743.3 MB	7.8 GB	96.4%	1.2%	1.4 GB	70.4 MB
1542	63/d812bd	BGC_ANALYSIS:ANTISMASH_ANALYSIS:ANTISMASH (Buchnera_aphidicola_Eriosoma_lanigerum_Erlanigerum-2421)	COMPLETED	0	2026-08-29 02:20:44.652	2026-08-29 02:20:44.748	2026-08-29 02:20:52.704	5.9s	2	6 GB	210.2 MB	2.7 GB	101.8%	0.3%	280.9 MB	8.6 MB
1554	58/52c519	BGC_ANALYSIS:ANTISMASH_ANALYSIS:ANTISMASH (Buchnera_sp._in:_enterobacteria_GCA_980580585.1)	COMPLETED	0	2026-08-29 02:20:45.049	2026-08-29 02:20:45.147	2026-08-29 02:20:54.367	7.2s	2	6 GB	193.3 MB	2.7 GB	104.5%	0.3%	369.5 MB	9.5 MB
1540	4d/29d816	BGC_ANALYSIS:ANTISMASH_ANALYSIS:ANTISMASH (Buchnera_aphidicola_Drepanosiphum_platanoidis_Drplatanoidis-3702)	COMPLETED	0	2026-08-29 02:20:48.083	2026-08-29 02:20:48.181	2026-08-29 02:20:54.578	4.7s	2	6 GB	198.9 MB	2.7 GB	104.6%	0.3%	218.5 MB	4 MB
1543	9d/971738	BGC_ANALYSIS:ANTISMASH_ANALYSIS:ANTISMASH (Buchnera_aphidicola_GCA_981690525.1)	COMPLETED	0	2026-08-29 02:20:46.673	2026-08-29 02:20:46.768	2026-08-29 02:20:54.913	6.2s	2	6 GB	213.7 MB	2.7 GB	102.9%	0.3%	294.5 MB	9.6 MB
1548	f0/8d3c24	BGC_ANALYSIS:ANTISMASH_ANALYSIS:ANTISMASH (Buchnera_aphidicola_Pemphigus_immunis_Peimmunis-3699)	COMPLETED	0	2026-08-29 02:20:49.541	2026-08-29 02:20:49.639	2026-08-29 02:20:58.297	6.7s	2	6 GB	211.2 MB	2.7 GB	101.2%	0.3%	299.7 MB	8.9 MB
1549	2a/cf83a4	BGC_ANALYSIS:ANTISMASH_ANALYSIS:ANTISMASH (Buchnera_aphidicola_Periphyllus_testudinaceus_Petestudinaceus-2671)	COMPLETED	0	2026-08-29 02:20:52.708	2026-08-29 02:20:52.805	2026-08-29 02:20:59.815	5.1s	2	6 GB	201.4 MB	2.7 GB	102.4%	0.3%	222.1 MB	4.1 MB
1537	c6/3f0d73	BGC_ANALYSIS:ANTISMASH_ANALYSIS:ANTISMASH (Buchnera_aphidicola_Brachycaudus_tragopogonis_Brtragopogonis-B.tra)	COMPLETED	0	2026-08-29 02:20:59.826	2026-08-29 02:20:59.915	2026-08-29 02:21:10.028	7.2s	2	6 GB	455.8 MB	7.6 GB	100.3%	0.7%	293.3 MB	9.3 MB
1536	3d/3a5ce5	BGC_ANALYSIS:ANTISMASH_ANALYSIS:ANTISMASH (Pantoea_stewartii_UIA44)	COMPLETED	0	2026-08-29 02:20:22.532	2026-08-29 02:20:22.628	2026-08-29 02:21:15.573	50.8s	2	6 GB	4.6 GB	7.9 GB	122.2%	6.6%	10.3 GB	42.4 MB
1563	fb/47bbfe	BGC_ANALYSIS:ANTISMASH_ANALYSIS:ANTISMASH (Erwinia_rhapontici_GCA_977070395.1)	COMPLETED	0	2026-08-29 02:20:54.917	2026-08-29 02:20:55.013	2026-08-29 02:21:30.223	33.3s	2	6 GB	491.5 MB	7.8 GB	105.4%	0.7%	1.3 GB	54.6 MB
1564	20/3410ed	BGC_ANALYSIS:ANTISMASH_ANALYSIS:ANTISMASH (Erwinia_rhapontici_GCA_977070755.1)	COMPLETED	0	2026-08-29 02:20:54.370	2026-08-29 02:20:54.467	2026-08-29 02:21:31.461	35.1s	2	6 GB	483 MB	7.7 GB	104.6%	0.7%	1.4 GB	56.5 MB
1556	02/048602	BGC_ANALYSIS:ANTISMASH_ANALYSIS:ANTISMASH (Erwinia_billingiae_GCA_977069165.1)	COMPLETED	0	2026-08-29 02:20:50.137	2026-08-29 02:20:50.234	2026-08-29 02:21:40.094	48s	2	6 GB	516.5 MB	7.7 GB	104.0%	0.9%	1.9 GB	75.5 MB
1538	ef/381ff4	BGC_ANALYSIS:ANTISMASH_ANALYSIS:ANTISMASH (Buchnera_aphidicola_Cavariella_theobaldi_Catheobaldi-2779)	COMPLETED	0	2026-08-29 02:21:40.097	2026-08-29 02:21:40.194	2026-08-29 02:21:48.714	6.5s	2	6 GB	212.1 MB	2.7 GB	107.9%	0.3%	302.6 MB	9 MB
1544	04/7f5282	BGC_ANALYSIS:ANTISMASH_ANALYSIS:ANTISMASH (Buchnera_aphidicola_GCA_982737945.1)	COMPLETED	0	2026-08-29 02:21:48.718	2026-08-29 02:21:48.814	2026-08-29 02:21:57.640	6.9s	2	6 GB	198 MB	2.7 GB	111.3%	0.3%	327.8 MB	8.5 MB
1570	37/4fec3e	BGC_ANALYSIS:ANTISMASH_ANALYSIS:ANTISMASH (Mixta_calida_FFZB-23)	COMPLETED	0	2026-08-29 02:21:10.033	2026-08-29 02:21:10.129	2026-08-29 02:22:04.284	52.1s	2	6 GB	480.3 MB	7.7 GB	103.6%	0.7%	2.6 GB	82.5 MB
1562	db/9c7542	BGC_ANALYSIS:ANTISMASH_ANALYSIS:ANTISMASH (Erwinia_rhapontici_GCA_977070105.1)	COMPLETED	0	2026-08-29 02:21:31.464	2026-08-29 02:21:31.561	2026-08-29 02:22:07.206	33.7s	2	6 GB	506.3 MB	7.8 GB	106.7%	0.7%	1.3 GB	57.1 MB
1560	a2/145939	BGC_ANALYSIS:ANTISMASH_ANALYSIS:ANTISMASH (Erwinia_rhapontici_GCA_977069205.1)	COMPLETED	0	2026-08-29 02:21:15.576	2026-08-29 02:21:15.672	2026-08-29 02:22:10.882	53.2s	2	6 GB	511.7 MB	7.7 GB	103.8%	0.9%	2 GB	80.8 MB
1553	8c/174c6e	BGC_ANALYSIS:ANTISMASH_ANALYSIS:ANTISMASH (Buchnera_aphidicola_Symydobius_americanus_Syamericanus-3610)	COMPLETED	0	2026-08-29 02:22:04.288	2026-08-29 02:22:04.384	2026-08-29 02:22:11.461	5.1s	2	6 GB	195 MB	2.7 GB	109.2%	0.3%	222.4 MB	4.2 MB
1559	e3/8056a2	BGC_ANALYSIS:ANTISMASH_ANALYSIS:ANTISMASH (Erwinia_persicina_GCA_969191635.1)	COMPLETED	0	2026-08-29 02:20:54.582	2026-08-29 02:20:54.679	2026-08-29 02:22:17.479	1m 21s	2	6 GB	521.5 MB	7.7 GB	106.6%	0.8%	4 GB	120.8 MB
1541	0e/f2910c	BGC_ANALYSIS:ANTISMASH_ANALYSIS:ANTISMASH (Buchnera_aphidicola_Eriosoma_grossulariae_Ergrossulariae-3692)	COMPLETED	0	2026-08-29 02:22:10.886	2026-08-29 02:22:10.983	2026-08-29 02:22:19.154	6.2s	2	6 GB	211.2 MB	2.7 GB	106.8%	0.3%	281.2 MB	8.5 MB
1557	7a/7b5abd	BGC_ANALYSIS:ANTISMASH_ANALYSIS:ANTISMASH (Erwinia_billingiae_GCA_977070595.1)	COMPLETED	0	2026-08-29 02:21:30.227	2026-08-29 02:21:30.324	2026-08-29 02:22:36.486	1m 4s	2	6 GB	771.4 MB	7.7 GB	105.7%	1.3%	2.6 GB	92.2 MB
1566	05/84a7cb	BGC_ANALYSIS:ANTISMASH_ANALYSIS:ANTISMASH (Erwinia_sp._AC075_GCA_979253995.1)	COMPLETED	0	2026-08-29 02:22:17.482	2026-08-29 02:22:17.579	2026-08-29 02:22:43.537	24s	2	6 GB	670.3 MB	7.9 GB	133.1%	1.1%	869.4 MB	46.9 MB
1565	14/183330	BGC_ANALYSIS:ANTISMASH_ANALYSIS:ANTISMASH (Erwinia_sp._AC012_GCA_979256375.1)	COMPLETED	0	2026-08-29 02:22:19.157	2026-08-29 02:22:19.255	2026-08-29 02:22:54.303	33.1s	2	6 GB	483.8 MB	7.7 GB	106.0%	0.7%	1.4 GB	57.6 MB
1578	f3/45ca36	BGC_ANALYSIS:ANTISMASH_ANALYSIS:ANTISMASH (Pantoea_endophytica_GCA_977067835.1)	COMPLETED	0	2026-08-29 02:22:07.210	2026-08-29 02:22:07.306	2026-08-29 02:23:01.461	52.2s	2	6 GB	508.2 MB	7.7 GB	103.6%	0.8%	2.4 GB	85.3 MB
1575	55/075725	BGC_ANALYSIS:ANTISMASH_ANALYSIS:ANTISMASH (Pantoea_ananatis_GCA_987119705.1)	COMPLETED	0	2026-08-29 02:22:11.464	2026-08-29 02:22:11.561	2026-08-29 02:23:01.716	48.2s	2	6 GB	4.7 GB	7.9 GB	126.9%	5.6%	8.9 GB	44.5 MB
1558	ab/045970	BGC_ANALYSIS:ANTISMASH_ANALYSIS:ANTISMASH (Erwinia_billingiae_GCA_980579415.1)	COMPLETED	0	2026-08-29 02:20:58.301	2026-08-29 02:20:58.397	2026-08-29 02:23:03.144	2m 3s	2	6 GB	543.2 MB	7.7 GB	107.9%	1.0%	6.5 GB	185.3 MB
1561	08/34cb7c	BGC_ANALYSIS:ANTISMASH_ANALYSIS:ANTISMASH (Erwinia_rhapontici_GCA_977070065.1)	COMPLETED	0	2026-08-29 02:22:36.491	2026-08-29 02:22:36.586	2026-08-29 02:23:13.680	35.1s	2	6 GB	484.6 MB	7.7 GB	102.3%	0.8%	1.5 GB	58 MB
1569	96/1ec3b4	BGC_ANALYSIS:ANTISMASH_ANALYSIS:ANTISMASH (Mixta_calida_FFMG-842-06-21)	COMPLETED	0	2026-08-29 02:22:54.308	2026-08-29 02:22:54.403	2026-08-29 02:23:39.993	43.6s	2	6 GB	477.2 MB	7.7 GB	103.7%	0.7%	2.1 GB	70.9 MB
1571	14/f98725	BGC_ANALYSIS:ANTISMASH_ANALYSIS:ANTISMASH (Pantoea_agglomerans_GCA_977069615.1)	COMPLETED	0	2026-08-29 02:23:01.465	2026-08-29 02:23:01.561	2026-08-29 02:23:43.854	40.3s	2	6 GB	496 MB	7.8 GB	105.9%	0.9%	1.7 GB	69.3 MB
1573	96/efa9d9	BGC_ANALYSIS:ANTISMASH_ANALYSIS:ANTISMASH (Pantoea_agglomerans_GCA_977069885.1)	COMPLETED	0	2026-08-29 02:23:01.720	2026-08-29 02:23:01.816	2026-08-29 02:23:46.351	42.5s	2	6 GB	498 MB	7.8 GB	106.7%	0.8%	1.8 GB	70.8 MB
1568	24/947114	BGC_ANALYSIS:ANTISMASH_ANALYSIS:ANTISMASH (Mixta_calida_FFMG-124-8-21)	COMPLETED	0	2026-08-29 02:22:43.541	2026-08-29 02:22:43.638	2026-08-29 02:23:46.379	1m 1s	2	6 GB	485.8 MB	7.7 GB	105.9%	0.7%	3.1 GB	95.1 MB
1567	1a/f8b4bc	BGC_ANALYSIS:ANTISMASH_ANALYSIS:ANTISMASH (Erwinia_sp._V71_GCA_965644245.1)	COMPLETED	0	2026-08-29 02:21:57.643	2026-08-29 02:21:57.740	2026-08-29 02:23:54.478	1m 55s	2	6 GB	535.7 MB	7.7 GB	109.5%	0.8%	5.8 GB	164.4 MB
1579	fe/2ddc2a	BGC_ANALYSIS:ANTISMASH_ANALYSIS:ANTISMASH (Pantoea_endophytica_GCA_977068135.1)	COMPLETED	0	2026-08-29 02:23:03.148	2026-08-29 02:23:03.245	2026-08-29 02:23:56.940	51.7s	2	6 GB	504.3 MB	7.8 GB	104.4%	0.8%	2.3 GB	82.6 MB
1582	d2/b1a9ce	BGC_ANALYSIS:ANTISMASH_ANALYSIS:ANTISMASH (Pantoea_endophytica_GCA_977069995.1)	COMPLETED	0	2026-08-29 02:23:13.685	2026-08-29 02:23:13.780	2026-08-29 02:24:07.082	51.3s	2	6 GB	511.4 MB	7.8 GB	104.1%	0.9%	1.9 GB	77.9 MB
1577	25/f4e45d	BGC_ANALYSIS:ANTISMASH_ANALYSIS:ANTISMASH (Pantoea_dispersa_GCA_978246205.1)	COMPLETED	0	2026-08-29 02:23:39.996	2026-08-29 02:23:40.093	2026-08-29 02:24:08.843	26.8s	2	6 GB	553.7 MB	7.9 GB	116.2%	0.8%	1 GB	49 MB
1576	e0/f6475a	BGC_ANALYSIS:ANTISMASH_ANALYSIS:ANTISMASH (Pantoea_anthophila_GCA_979498125.1)	COMPLETED	0	2026-08-29 02:23:46.382	2026-08-29 02:23:46.479	2026-08-29 02:24:14.179	25.8s	2	6 GB	550.9 MB	7.9 GB	113.3%	0.8%	978 MB	45.5 MB
1574	51/d7fb7c	BGC_ANALYSIS:ANTISMASH_ANALYSIS:ANTISMASH (Pantoea_ananatis_GCA_982689715.1)	COMPLETED	0	2026-08-29 02:23:46.355	2026-08-29 02:23:46.379	2026-08-29 02:24:20.463	32.1s	2	6 GB	488.4 MB	7.8 GB	101.0%	0.7%	1.2 GB	53.6 MB
1572	9d/f2ff0f	BGC_ANALYSIS:ANTISMASH_ANALYSIS:ANTISMASH (Pantoea_agglomerans_GCA_977069875.1)	COMPLETED	0	2026-08-29 02:23:43.858	2026-08-29 02:23:43.954	2026-08-29 02:24:22.028	36.1s	2	6 GB	514.4 MB	7.8 GB	106.2%	0.8%	1.4 GB	61.1 MB
1588	49/6bb265	BGC_ANALYSIS:ANTISMASH_ANALYSIS:ANTISMASH (uncultured_Pantoea_sp._GCA_964277945.1)	COMPLETED	0	2026-08-29 02:24:14.184	2026-08-29 02:24:14.279	2026-08-29 02:24:42.382	25.9s	2	6 GB	476.6 MB	7.8 GB	99.3%	0.7%	988.3 MB	41.2 MB
1581	a0/9183dc	BGC_ANALYSIS:ANTISMASH_ANALYSIS:ANTISMASH (Pantoea_endophytica_GCA_977069925.1)	COMPLETED	0	2026-08-29 02:23:56.944	2026-08-29 02:23:57.040	2026-08-29 02:24:52.535	53.5s	2	6 GB	523.9 MB	7.8 GB	103.4%	1.0%	2 GB	79.9 MB
1592	74/c64347	BGC_ANALYSIS:ANTISMASH_ANALYSIS:ANTISMASH (uncultured_Pantoea_sp._GCA_966185975.1)	COMPLETED	0	2026-08-29 02:24:22.032	2026-08-29 02:24:22.128	2026-08-29 02:25:14.938	50.8s	2	6 GB	473.8 MB	7.6 GB	106.0%	0.7%	2.5 GB	77.8 MB
1583	1c/2d32bd	BGC_ANALYSIS:ANTISMASH_ANALYSIS:ANTISMASH (Pantoea_sp._E956-1_S3)	COMPLETED	0	2026-08-29 02:24:08.847	2026-08-29 02:24:08.943	2026-08-29 02:25:16.120	1m 5s	2	6 GB	4.6 GB	7.8 GB	120.0%	6.3%	15.4 GB	57.8 MB
1584	c9/c7addf	BGC_ANALYSIS:ANTISMASH_ANALYSIS:ANTISMASH (Pantoea_vagans_GCA_965208375.1)	COMPLETED	0	2026-08-29 02:24:52.538	2026-08-29 02:24:52.635	2026-08-29 02:25:21.131	26.5s	2	6 GB	521.4 MB	7.8 GB	102.4%	0.7%	931.2 MB	45.3 MB
1585	e6/0a27da	BGC_ANALYSIS:ANTISMASH_ANALYSIS:ANTISMASH (Pantoea_vagans_GCA_966185865.1)	COMPLETED	0	2026-08-29 02:25:16.124	2026-08-29 02:25:16.220	2026-08-29 02:26:06.704	48.5s	2	6 GB	482.9 MB	7.7 GB	105.8%	0.7%	2.3 GB	77.8 MB
1590	17/2b4ea9	BGC_ANALYSIS:ANTISMASH_ANALYSIS:ANTISMASH (uncultured_Pantoea_sp._GCA_966185695.1)	COMPLETED	0	2026-08-29 02:25:14.942	2026-08-29 02:25:15.039	2026-08-29 02:26:08.478	51.5s	2	6 GB	534 MB	7.7 GB	107.1%	0.8%	2.4 GB	80.9 MB
1555	78/dff8e8	BGC_ANALYSIS:ANTISMASH_ANALYSIS:ANTISMASH (Erwinia_aphidicola_GCA_980572655.1)	COMPLETED	0	2026-08-29 02:20:47.058	2026-08-29 02:20:47.154	2026-08-29 02:26:39.507	5m 51s	2	6 GB	549.4 MB	7.6 GB	111.5%	1.0%	19.7 GB	498.8 MB
1606	28/b984b5	BGC_ANALYSIS:ANTISMASH_ANALYSIS:ANTISMASH (Buchnera_aphidicola_Mindarus_keteleerifoliae_Minke18)	COMPLETED	0	2026-08-29 02:26:39.511	2026-08-29 02:26:39.608	2026-08-29 02:26:47.635	6.1s	2	6 GB	210.3 MB	2.7 GB	112.7%	0.3%	275.6 MB	8.7 MB
1589	d7/1f8afa	BGC_ANALYSIS:ANTISMASH_ANALYSIS:ANTISMASH (uncultured_Pantoea_sp._GCA_965726485.1)	COMPLETED	0	2026-08-29 02:25:21.135	2026-08-29 02:25:21.231	2026-08-29 02:26:52.571	1m 29s	2	6 GB	497.1 MB	7.7 GB	109.9%	0.7%	4.5 GB	134.7 MB
1595	0b/f5fa1b	BGC_ANALYSIS:ANTISMASH_ANALYSIS:ANTISMASH (Buchnera_aphidicola_Aphis_aurantii_Aphau13)	COMPLETED	0	2026-08-29 02:26:47.639	2026-08-29 02:26:47.735	2026-08-29 02:26:56.286	6.5s	2	6 GB	213.3 MB	2.7 GB	111.4%	0.3%	290.3 MB	9.9 MB
1600	c7/7ba4ce	BGC_ANALYSIS:ANTISMASH_ANALYSIS:ANTISMASH (Buchnera_aphidicola_Ceratovacuna_keduensis_Cerke05)	COMPLETED	0	2026-08-29 02:26:52.575	2026-08-29 02:26:52.671	2026-08-29 02:27:00.436	5.8s	2	6 GB	217 MB	2.7 GB	113.7%	0.3%	261.7 MB	7.3 MB
1580	fe/ccfacf	BGC_ANALYSIS:ANTISMASH_ANALYSIS:ANTISMASH (Pantoea_endophytica_GCA_977069735.1)	COMPLETED	0	2026-08-29 02:26:06.708	2026-08-29 02:26:06.804	2026-08-29 02:27:00.765	52s	2	6 GB	518.4 MB	7.8 GB	106.3%	0.9%	2 GB	80.4 MB
1607	bf/cd781c	BGC_ANALYSIS:ANTISMASH_ANALYSIS:ANTISMASH (Buchnera_aphidicola_Mindarus_keteleerifoliae_Minke19)	COMPLETED	0	2026-08-29 02:26:56.290	2026-08-29 02:26:56.386	2026-08-29 02:27:04.485	6.1s	2	6 GB	210 MB	2.7 GB	109.3%	0.3%	275.5 MB	8.7 MB
1598	f6/6f3063	BGC_ANALYSIS:ANTISMASH_ANALYSIS:ANTISMASH (Buchnera_aphidicola_Astegopteryx_bambusae_Astba03)	COMPLETED	0	2026-08-29 02:27:00.440	2026-08-29 02:27:00.537	2026-08-29 02:27:08.177	5.7s	2	6 GB	205.8 MB	2.7 GB	112.2%	0.3%	261.5 MB	7.3 MB
1599	5b/28afdf	BGC_ANALYSIS:ANTISMASH_ANALYSIS:ANTISMASH (Buchnera_aphidicola_Ceratoglyphina_bambusae_Cerba01)	COMPLETED	0	2026-08-29 02:27:00.769	2026-08-29 02:27:00.865	2026-08-29 02:27:08.441	5.7s	2	6 GB	200 MB	2.7 GB	112.5%	0.3%	262.8 MB	7.4 MB
1608	0b/05536a	BGC_ANALYSIS:ANTISMASH_ANALYSIS:ANTISMASH (Buchnera_aphidicola_Mollitrichosiphum_nigrofasciatum_Molni12)	COMPLETED	0	2026-08-29 02:27:04.489	2026-08-29 02:27:04.585	2026-08-29 02:27:12.362	5.8s	2	6 GB	209.9 MB	2.7 GB	111.0%	0.3%	260.9 MB	7.3 MB
1613	ab/e41f9e	BGC_ANALYSIS:ANTISMASH_ANALYSIS:ANTISMASH (Buchnera_aphidicola_Periphyllus_koelreuteriae_Perko21)	COMPLETED	0	2026-08-29 02:27:08.180	2026-08-29 02:27:08.277	2026-08-29 02:27:15.103	4.9s	2	6 GB	199 MB	2.7 GB	113.7%	0.3%	220.8 MB	4.4 MB
1587	fe/7c48d1	BGC_ANALYSIS:ANTISMASH_ANALYSIS:ANTISMASH (uncultured_Buchnera_sp._GCA_964657355.1)	COMPLETED	0	2026-08-29 02:23:54.482	2026-08-29 02:23:54.578	2026-08-29 02:27:15.920	3m 19s	2	6 GB	502.1 MB	7.7 GB	112.2%	0.8%	11.1 GB	283.8 MB
1597	9a/3ab556	BGC_ANALYSIS:ANTISMASH_ANALYSIS:ANTISMASH (Buchnera_aphidicola_Astegopteryx_bambusae_Astba02)	COMPLETED	0	2026-08-29 02:27:08.445	2026-08-29 02:27:08.540	2026-08-29 02:27:16.150	5.7s	2	6 GB	199.1 MB	2.7 GB	110.9%	0.3%	261.6 MB	7.3 MB
1604	4f/d2a9ac	BGC_ANALYSIS:ANTISMASH_ANALYSIS:ANTISMASH (Buchnera_aphidicola_Kurisakia_onigurumii_Kuron24)	COMPLETED	0	2026-08-29 02:27:12.365	2026-08-29 02:27:12.463	2026-08-29 02:27:20.162	5.7s	2	6 GB	208.8 MB	2.7 GB	110.1%	0.3%	272.7 MB	8.3 MB
1618	19/d58b6d	BGC_ANALYSIS:ANTISMASH_ANALYSIS:ANTISMASH (Buchnera_aphidicola_Takecallis_taiwana_Takta16)	COMPLETED	0	2026-08-29 02:27:15.105	2026-08-29 02:27:15.203	2026-08-29 02:27:21.981	4.9s	2	6 GB	203.4 MB	2.7 GB	110.6%	0.3%	219.2 MB	4.3 MB
1601	aa/a58c92	BGC_ANALYSIS:ANTISMASH_ANALYSIS:ANTISMASH (Buchnera_aphidicola_Chaitoregma_tattakana_Chata04)	COMPLETED	0	2026-08-29 02:27:15.924	2026-08-29 02:27:16.020	2026-08-29 02:27:23.291	5.3s	2	6 GB	198.5 MB	2.7 GB	109.3%	0.3%	241 MB	6.8 MB
1609	f1/299feb	BGC_ANALYSIS:ANTISMASH_ANALYSIS:ANTISMASH (Buchnera_aphidicola_Neophyllaphis_podocarpi_Neopo25)	COMPLETED	0	2026-08-29 02:27:21.985	2026-08-29 02:27:22.081	2026-08-29 02:27:30.320	6.3s	2	6 GB	211.9 MB	2.7 GB	109.1%	0.3%	280.8 MB	9.1 MB
1605	3c/878a9a	BGC_ANALYSIS:ANTISMASH_ANALYSIS:ANTISMASH (Buchnera_aphidicola_Mindarus_japonicus_Minja20)	COMPLETED	0	2026-08-29 02:27:23.296	2026-08-29 02:27:23.391	2026-08-29 02:27:31.602	6.3s	2	6 GB	210.9 MB	2.7 GB	109.0%	0.3%	276.6 MB	8.7 MB
1586	7c/bad3c3	BGC_ANALYSIS:ANTISMASH_ANALYSIS:ANTISMASH (Pantoea_wallisii_GCA_966186725.1)	COMPLETED	0	2026-08-29 02:24:20.467	2026-08-29 02:24:20.563	2026-08-29 02:27:31.946	3m 9s	2	6 GB	502.2 MB	7.7 GB	113.5%	0.8%	10.5 GB	269.5 MB
1621	85/0fc821	BGC_ANALYSIS:ANTISMASH_ANALYSIS:ANTISMASH (Erwinia_amylovora_YKB14808)	COMPLETED	0	2026-08-29 02:27:16.154	2026-08-29 02:27:16.250	2026-08-29 02:27:35.027	16.9s	2	6 GB	735.8 MB	7.8 GB	132.0%	1.2%	671.7 MB	46.2 MB
1612	a3/5d4a12	BGC_ANALYSIS:ANTISMASH_ANALYSIS:ANTISMASH (Buchnera_aphidicola_Nippolachnus_piri_Nippi10)	COMPLETED	0	2026-08-29 02:27:30.324	2026-08-29 02:27:30.420	2026-08-29 02:27:38.055	5.6s	2	6 GB	204.8 MB	2.7 GB	109.0%	0.3%	261.2 MB	7.3 MB
1610	b2/237f81	BGC_ANALYSIS:ANTISMASH_ANALYSIS:ANTISMASH (Buchnera_aphidicola_Neophyllaphis_varicolor_Neova26)	COMPLETED	0	2026-08-29 02:27:31.606	2026-08-29 02:27:31.703	2026-08-29 02:27:39.810	6.1s	2	6 GB	212.5 MB	2.7 GB	109.0%	0.3%	280.7 MB	9.1 MB
1611	65/9fc603	BGC_ANALYSIS:ANTISMASH_ANALYSIS:ANTISMASH (Buchnera_aphidicola_Nippolachnus_piri_Nippi09)	COMPLETED	0	2026-08-29 02:27:39.814	2026-08-29 02:27:39.910	2026-08-29 02:27:47.785	5.8s	2	6 GB	206.5 MB	2.7 GB	109.5%	0.3%	261.2 MB	7.3 MB
1593	d7/705437	BGC_ANALYSIS:ANTISMASH_ANALYSIS:ANTISMASH (uncultured_Pantoea_sp._GCA_966186295.1)	COMPLETED	0	2026-08-29 02:26:08.482	2026-08-29 02:26:08.578	2026-08-29 02:27:47.883	1m 37s	2	6 GB	529.1 MB	7.7 GB	109.1%	0.8%	5.1 GB	145.7 MB
2279	f2/646b75	BGC_ANALYSIS:ANTISMASH_ANALYSIS:ANTISMASH (Pantoea_piersonii_F9_8S_D1_EB2)	COMPLETED	0	2026-08-29 02:27:20.167	2026-08-29 02:27:20.262	2026-08-29 02:27:54.033	31.8s	2	6 GB	740.3 MB	7.8 GB	96.9%	1.3%	1.4 GB	70.4 MB
1615	e1/05fcfb	BGC_ANALYSIS:ANTISMASH_ANALYSIS:ANTISMASH (Buchnera_aphidicola_Pseudoregma_panicola_Psepa06)	COMPLETED	0	2026-08-29 02:27:47.886	2026-08-29 02:27:47.983	2026-08-29 02:27:55.690	5.7s	2	6 GB	198.5 MB	2.7 GB	111.3%	0.3%	261.7 MB	7.3 MB
1591	94/6420a1	BGC_ANALYSIS:ANTISMASH_ANALYSIS:ANTISMASH (uncultured_Pantoea_sp._GCA_966185735.1)	COMPLETED	0	2026-08-29 02:24:42.386	2026-08-29 02:24:42.482	2026-08-29 02:27:56.354	3m 12s	2	6 GB	503.4 MB	7.7 GB	115.3%	0.8%	10.3 GB	267.2 MB
1614	a9/0bc904	BGC_ANALYSIS:ANTISMASH_ANALYSIS:ANTISMASH (Buchnera_aphidicola_Periphyllus_koelreuteriae_Perko22)	COMPLETED	0	2026-08-29 02:27:56.358	2026-08-29 02:27:56.454	2026-08-29 02:28:03.275	4.9s	2	6 GB	203.4 MB	2.7 GB	108.3%	0.3%	220.5 MB	4.4 MB
1616	35/5aa3ca	BGC_ANALYSIS:ANTISMASH_ANALYSIS:ANTISMASH (Buchnera_aphidicola_Pseudoregma_panicola_Psepa07)	COMPLETED	0	2026-08-29 02:27:55.694	2026-08-29 02:27:55.791	2026-08-29 02:28:03.336	5.6s	2	6 GB	203.5 MB	2.7 GB	110.5%	0.3%	261.7 MB	7.3 MB
1625	26/490252	BGC_ANALYSIS:ANTISMASH_ANALYSIS:ANTISMASH (Erwinia_aphidicola_USHLN260)	COMPLETED	0	2026-08-29 02:27:35.031	2026-08-29 02:27:35.127	2026-08-29 02:28:10.651	33.6s	2	6 GB	501.1 MB	7.8 GB	105.3%	0.7%	1.3 GB	56.3 MB
1626	c7/d51c69	BGC_ANALYSIS:ANTISMASH_ANALYSIS:ANTISMASH (Erwinia_aphidicola_USHLN281)	COMPLETED	0	2026-08-29 02:27:38.059	2026-08-29 02:27:38.155	2026-08-29 02:28:11.355	31.1s	2	6 GB	503.8 MB	7.8 GB	106.1%	0.7%	1.2 GB	52.8 MB
1596	89/e7f3f8	BGC_ANALYSIS:ANTISMASH_ANALYSIS:ANTISMASH (Buchnera_aphidicola_Aphis_aurantii_Aphau14)	COMPLETED	0	2026-08-29 02:28:03.339	2026-08-29 02:28:03.437	2026-08-29 02:28:11.758	6.4s	2	6 GB	212.8 MB	2.7 GB	107.5%	0.3%	290.4 MB	9.9 MB
1603	5f/e820c2	BGC_ANALYSIS:ANTISMASH_ANALYSIS:ANTISMASH (Buchnera_aphidicola_Kurisakia_onigurumii_Kuron23)	COMPLETED	0	2026-08-29 02:28:10.654	2026-08-29 02:28:10.751	2026-08-29 02:28:18.526	5.8s	2	6 GB	206.6 MB	2.7 GB	108.6%	0.3%	272.6 MB	8.3 MB
1617	2c/d2972c	BGC_ANALYSIS:ANTISMASH_ANALYSIS:ANTISMASH (Buchnera_aphidicola_Shivaphis_celti_Shice15)	COMPLETED	0	2026-08-29 02:28:11.761	2026-08-29 02:28:11.859	2026-08-29 02:28:18.797	5s	2	6 GB	201.5 MB	2.7 GB	108.0%	0.3%	218.8 MB	4.3 MB
1623	c7/1a262c	BGC_ANALYSIS:ANTISMASH_ANALYSIS:ANTISMASH (Erwinia_aphidicola_QCJ2B)	COMPLETED	0	2026-08-29 02:27:31.949	2026-08-29 02:27:32.047	2026-08-29 02:28:21.132	47.1s	2	6 GB	735.1 MB	7.8 GB	96.3%	1.3%	2.2 GB	96.2 MB
1631	73/53e3f2	BGC_ANALYSIS:ANTISMASH_ANALYSIS:ANTISMASH (Erwinia_magellanica_CCM_9358)	COMPLETED	0	2026-08-29 02:27:54.038	2026-08-29 02:27:54.133	2026-08-29 02:28:21.651	25.5s	2	6 GB	748 MB	7.8 GB	100.6%	1.3%	1.1 GB	62.5 MB
1628	2c/26e76b	BGC_ANALYSIS:ANTISMASH_ANALYSIS:ANTISMASH (Erwinia_aphidicola_USMM128)	COMPLETED	0	2026-08-29 02:27:47.789	2026-08-29 02:27:47.883	2026-08-29 02:28:22.598	32.7s	2	6 GB	512.9 MB	7.8 GB	103.6%	0.7%	1.3 GB	55.3 MB
1602	ae/76df95	BGC_ANALYSIS:ANTISMASH_ANALYSIS:ANTISMASH (Buchnera_aphidicola_Greenidea_ficicola_Grefi11)	COMPLETED	0	2026-08-29 02:28:18.529	2026-08-29 02:28:18.626	2026-08-29 02:28:26.089	5.6s	2	6 GB	206.4 MB	2.7 GB	106.5%	0.3%	260.9 MB	7.2 MB
1620	81/670e30	BGC_ANALYSIS:ANTISMASH_ANALYSIS:ANTISMASH (Buchnera_aphidicola_Tuberolachnus_salignus_Tubsa08)	COMPLETED	0	2026-08-29 02:28:18.800	2026-08-29 02:28:18.897	2026-08-29 02:28:26.308	5.5s	2	6 GB	210.8 MB	2.7 GB	106.9%	0.3%	261.7 MB	7.3 MB
1619	b6/619026	BGC_ANALYSIS:ANTISMASH_ANALYSIS:ANTISMASH (Buchnera_aphidicola_Takecallis_taiwana_Takta17)	COMPLETED	0	2026-08-29 02:28:21.135	2026-08-29 02:28:21.232	2026-08-29 02:28:27.941	4.8s	2	6 GB	203.5 MB	2.7 GB	107.8%	0.3%	219.2 MB	4.3 MB
1634	12/188b29	BGC_ANALYSIS:ANTISMASH_ANALYSIS:ANTISMASH (Erwinia_sp._CGal63)	COMPLETED	0	2026-08-29 02:28:03.279	2026-08-29 02:28:03.336	2026-08-29 02:28:29.121	23.8s	2	6 GB	734.2 MB	7.8 GB	103.9%	1.3%	974.4 MB	59.5 MB
1643	8b/a93ced	BGC_ANALYSIS:ANTISMASH_ANALYSIS:ANTISMASH (Pantoea_agglomerans_FJ2)	COMPLETED	0	2026-08-29 02:28:22.602	2026-08-29 02:28:22.699	2026-08-29 02:28:46.872	22.3s	2	6 GB	628.1 MB	7.9 GB	128.7%	1.0%	817.3 MB	44.3 MB
1644	5f/e3deb3	BGC_ANALYSIS:ANTISMASH_ANALYSIS:ANTISMASH (Pantoea_agglomerans_G129K1-1)	COMPLETED	0	2026-08-29 02:28:27.946	2026-08-29 02:28:28.041	2026-08-29 02:28:55.936	26s	2	6 GB	533.4 MB	7.8 GB	114.0%	0.7%	1010.2 MB	47.9 MB
1646	0a/368feb	BGC_ANALYSIS:ANTISMASH_ANALYSIS:ANTISMASH (Pantoea_agglomerans_HN022)	COMPLETED	0	2026-08-29 02:28:29.124	2026-08-29 02:28:29.222	2026-08-29 02:28:58.501	27.3s	2	6 GB	532.1 MB	7.8 GB	111.2%	0.8%	1.1 GB	50.5 MB
1629	39/8be4e7	BGC_ANALYSIS:ANTISMASH_ANALYSIS:ANTISMASH (Erwinia_aphidicola_USMM130)	COMPLETED	0	2026-08-29 02:28:26.312	2026-08-29 02:28:26.408	2026-08-29 02:28:59.871	31.5s	2	6 GB	502.2 MB	7.8 GB	105.6%	0.7%	1.2 GB	52.8 MB
1594	41/7d4968	BGC_ANALYSIS:ANTISMASH_ANALYSIS:ANTISMASH (uncultured_Pantoea_sp._GCA_966426255.1)	COMPLETED	0	2026-08-29 02:24:07.085	2026-08-29 02:24:07.181	2026-08-29 02:29:02.759	4m 54s	2	6 GB	527.8 MB	7.7 GB	112.5%	1.0%	16.7 GB	421.4 MB
1622	30/3bd12d	BGC_ANALYSIS:ANTISMASH_ANALYSIS:ANTISMASH (Erwinia_aphidicola_EPB1)	COMPLETED	0	2026-08-29 02:28:21.655	2026-08-29 02:28:21.751	2026-08-29 02:29:04.315	40.7s	2	6 GB	709.6 MB	7.8 GB	96.5%	1.3%	1.8 GB	87.5 MB
1624	a0/8bce04	BGC_ANALYSIS:ANTISMASH_ANALYSIS:ANTISMASH (Erwinia_aphidicola_QCJ3A)	COMPLETED	0	2026-08-29 02:28:26.093	2026-08-29 02:28:26.189	2026-08-29 02:29:12.985	44.9s	2	6 GB	727.6 MB	7.8 GB	94.6%	1.3%	2 GB	92.4 MB
1632	6c/59f74c	BGC_ANALYSIS:ANTISMASH_ANALYSIS:ANTISMASH (Erwinia_persicina_ML2-2023-5)	COMPLETED	0	2026-08-29 02:28:59.874	2026-08-29 02:28:59.971	2026-08-29 02:29:22.977	21s	2	6 GB	803.7 MB	7.8 GB	135.7%	1.4%	906.4 MB	62.4 MB
1630	67/753f73	BGC_ANALYSIS:ANTISMASH_ANALYSIS:ANTISMASH (Erwinia_billingiae_MYb121_2)	COMPLETED	0	2026-08-29 02:28:55.940	2026-08-29 02:28:56.036	2026-08-29 02:29:30.257	32.3s	2	6 GB	796 MB	7.8 GB	97.5%	1.3%	1.3 GB	73.2 MB
1633	d0/d15aed	BGC_ANALYSIS:ANTISMASH_ANALYSIS:ANTISMASH (Erwinia_psychrophila_CCM_9357)	COMPLETED	0	2026-08-29 02:29:04.319	2026-08-29 02:29:04.415	2026-08-29 02:29:32.887	26.4s	2	6 GB	738.8 MB	7.8 GB	98.4%	1.3%	1.1 GB	61.4 MB
1647	b9/e889b3	BGC_ANALYSIS:ANTISMASH_ANALYSIS:ANTISMASH (Pantoea_ananatis_ARGTr_1-1)	COMPLETED	0	2026-08-29 02:28:46.876	2026-08-29 02:28:46.972	2026-08-29 02:29:33.547	44.6s	2	6 GB	741.3 MB	7.8 GB	101.4%	1.3%	2.3 GB	99.5 MB
1649	50/4d1b59	BGC_ANALYSIS:ANTISMASH_ANALYSIS:ANTISMASH (Pantoea_ananatis_USHLN279)	COMPLETED	0	2026-08-29 02:28:58.505	2026-08-29 02:28:58.601	2026-08-29 02:29:37.377	36.8s	2	6 GB	493 MB	7.8 GB	102.1%	0.7%	1.6 GB	63.4 MB
1636	f9/570521	BGC_ANALYSIS:ANTISMASH_ANALYSIS:ANTISMASH (Erwinia_sp._MYb416)	COMPLETED	0	2026-08-29 02:28:11.358	2026-08-29 02:28:11.454	2026-08-29 02:29:40.652	1m 27s	2	6 GB	883.2 MB	7.9 GB	100.7%	1.4%	4.7 GB	162.5 MB
1635	8f/fae09a	BGC_ANALYSIS:ANTISMASH_ANALYSIS:ANTISMASH (Erwinia_sp._MYb375)	COMPLETED	0	2026-08-29 02:29:12.989	2026-08-29 02:29:13.085	2026-08-29 02:29:43.907	28.8s	2	6 GB	727 MB	7.8 GB	102.2%	1.3%	1.1 GB	66 MB
1627	42/85cad5	BGC_ANALYSIS:ANTISMASH_ANALYSIS:ANTISMASH (Erwinia_aphidicola_USHLN33)	COMPLETED	0	2026-08-29 02:29:02.762	2026-08-29 02:29:02.859	2026-08-29 02:29:45.057	40.2s	2	6 GB	510.6 MB	7.8 GB	103.8%	0.9%	1.6 GB	64.2 MB
1638	cd/9a191a	BGC_ANALYSIS:ANTISMASH_ANALYSIS:ANTISMASH (Erwinia_sp._SLM-02)	COMPLETED	0	2026-08-29 02:29:22.982	2026-08-29 02:29:23.078	2026-08-29 02:29:52.055	27.1s	2	6 GB	815.8 MB	7.8 GB	112.9%	1.3%	1.1 GB	69.1 MB
1654	3c/c82f6d	BGC_ANALYSIS:ANTISMASH_ANALYSIS:ANTISMASH (Pantoea_anthophila_USMM080)	COMPLETED	0	2026-08-29 02:29:30.261	2026-08-29 02:29:30.358	2026-08-29 02:29:57.469	25.1s	2	6 GB	539.4 MB	7.8 GB	112.6%	0.9%	1006.5 MB	46.5 MB
1656	35/91289d	BGC_ANALYSIS:ANTISMASH_ANALYSIS:ANTISMASH (Pantoea_anthophila_USMM101)	COMPLETED	0	2026-08-29 02:29:32.891	2026-08-29 02:29:32.987	2026-08-29 02:30:01.144	26.2s	2	6 GB	531.1 MB	7.8 GB	110.4%	0.8%	1 GB	48.2 MB
1637	ae/9b95f8	BGC_ANALYSIS:ANTISMASH_ANALYSIS:ANTISMASH (Erwinia_sp._MYb535)	COMPLETED	0	2026-08-29 02:29:33.550	2026-08-29 02:29:33.647	2026-08-29 02:30:02.999	27.4s	2	6 GB	744.2 MB	7.8 GB	102.0%	1.2%	1.1 GB	66 MB
1639	14/5da764	BGC_ANALYSIS:ANTISMASH_ANALYSIS:ANTISMASH (Pantoea_agglomerans_AS085)	COMPLETED	0	2026-08-29 02:29:37.381	2026-08-29 02:29:37.477	2026-08-29 02:30:08.517	29s	2	6 GB	508.1 MB	7.8 GB	104.5%	0.8%	1.2 GB	52.4 MB
1640	44/67bb9c	BGC_ANALYSIS:ANTISMASH_ANALYSIS:ANTISMASH (Pantoea_agglomerans_AS129)	COMPLETED	0	2026-08-29 02:29:40.656	2026-08-29 02:29:40.752	2026-08-29 02:30:08.680	25.8s	2	6 GB	549.2 MB	7.8 GB	112.4%	0.9%	1 GB	49.1 MB
1664	98/fe9082	BGC_ANALYSIS:ANTISMASH_ANALYSIS:ANTISMASH (Pantoea_dispersa_SOL1_9)	COMPLETED	0	2026-08-29 02:29:45.061	2026-08-29 02:29:45.157	2026-08-29 02:30:15.373	28.1s	2	6 GB	713.7 MB	7.8 GB	94.8%	1.3%	1.1 GB	66.7 MB
1641	e8/d45962	BGC_ANALYSIS:ANTISMASH_ANALYSIS:ANTISMASH (Pantoea_agglomerans_AS139)	COMPLETED	0	2026-08-29 02:29:43.912	2026-08-29 02:29:44.007	2026-08-29 02:30:16.650	30.7s	2	6 GB	511 MB	7.8 GB	102.4%	0.8%	1.2 GB	54 MB
1642	55/2142fe	BGC_ANALYSIS:ANTISMASH_ANALYSIS:ANTISMASH (Pantoea_agglomerans_B9)	COMPLETED	0	2026-08-29 02:29:57.472	2026-08-29 02:29:57.569	2026-08-29 02:30:26.728	27.1s	2	6 GB	719.1 MB	7.8 GB	95.6%	1.3%	1 GB	63.2 MB
1660	ec/cddc64	BGC_ANALYSIS:ANTISMASH_ANALYSIS:ANTISMASH (Pantoea_brenneri_IF5SWP_1)	COMPLETED	0	2026-08-29 02:29:52.059	2026-08-29 02:29:52.155	2026-08-29 02:30:28.210	34s	2	6 GB	708.4 MB	7.8 GB	93.5%	1.3%	1.5 GB	71.6 MB
1665	b1/6fc023	BGC_ANALYSIS:ANTISMASH_ANALYSIS:ANTISMASH (Pantoea_dispersa_SOL2_3)	COMPLETED	0	2026-08-29 02:30:01.149	2026-08-29 02:30:01.244	2026-08-29 02:30:28.644	25.5s	2	6 GB	718.5 MB	7.8 GB	106.5%	1.2%	1 GB	64.2 MB
1666	36/48790e	BGC_ANALYSIS:ANTISMASH_ANALYSIS:ANTISMASH (Pantoea_dispersa_SOL3_3)	COMPLETED	0	2026-08-29 02:30:03.003	2026-08-29 02:30:03.099	2026-08-29 02:30:34.211	29.1s	2	6 GB	681.7 MB	7.7 GB	97.6%	1.2%	1.2 GB	68.3 MB
1645	12/7e7bfa	BGC_ANALYSIS:ANTISMASH_ANALYSIS:ANTISMASH (Pantoea_agglomerans_HN003)	COMPLETED	0	2026-08-29 02:30:08.521	2026-08-29 02:30:08.618	2026-08-29 02:30:44.117	33.4s	2	6 GB	500.9 MB	7.8 GB	102.6%	0.7%	1.3 GB	57.1 MB
1669	c3/adbb30	BGC_ANALYSIS:ANTISMASH_ANALYSIS:ANTISMASH (Pantoea_dispersa_USHLN160)	COMPLETED	0	2026-08-29 02:30:15.376	2026-08-29 02:30:15.472	2026-08-29 02:30:48.114	30.6s	2	6 GB	501 MB	7.8 GB	105.5%	0.8%	1.2 GB	53.1 MB
1650	d9/17a2be	BGC_ANALYSIS:ANTISMASH_ANALYSIS:ANTISMASH (Pantoea_ananatis_USHLN280)	COMPLETED	0	2026-08-29 02:30:16.654	2026-08-29 02:30:16.750	2026-08-29 02:30:56.421	37.7s	2	6 GB	492.9 MB	7.8 GB	102.7%	0.8%	1.5 GB	63 MB
1673	3f/6a4712	BGC_ANALYSIS:ANTISMASH_ANALYSIS:ANTISMASH (Pantoea_dispersa_USHLN200)	COMPLETED	0	2026-08-29 02:30:26.732	2026-08-29 02:30:26.828	2026-08-29 02:30:59.034	30.2s	2	6 GB	502.2 MB	7.8 GB	105.6%	0.8%	1.1 GB	52.1 MB
1653	da/bbdf6c	BGC_ANALYSIS:ANTISMASH_ANALYSIS:ANTISMASH (Pantoea_anthophila_USHLN148)	COMPLETED	0	2026-08-29 02:30:34.216	2026-08-29 02:30:34.312	2026-08-29 02:31:01.968	25.6s	2	6 GB	519.1 MB	7.8 GB	106.7%	0.7%	967.2 MB	45.7 MB
1652	6a/557052	BGC_ANALYSIS:ANTISMASH_ANALYSIS:ANTISMASH (Pantoea_ananatis_USHLN35)	COMPLETED	0	2026-08-29 02:30:28.648	2026-08-29 02:30:28.744	2026-08-29 02:31:02.843	32.1s	2	6 GB	513.7 MB	7.8 GB	104.7%	0.8%	1.2 GB	54.8 MB
1655	cb/dac817	BGC_ANALYSIS:ANTISMASH_ANALYSIS:ANTISMASH (Pantoea_anthophila_USMM081)	COMPLETED	0	2026-08-29 02:30:44.121	2026-08-29 02:30:44.217	2026-08-29 02:31:11.007	24.8s	2	6 GB	548.4 MB	7.8 GB	112.4%	0.8%	946.2 MB	44.1 MB
1657	a9/ca3132	BGC_ANALYSIS:ANTISMASH_ANALYSIS:ANTISMASH (Pantoea_brenneri_3.1)	COMPLETED	0	2026-08-29 02:30:48.118	2026-08-29 02:30:48.215	2026-08-29 02:31:16.729	26.4s	2	6 GB	747.7 MB	7.8 GB	107.3%	1.3%	1.1 GB	66.9 MB
1663	88/64c634	BGC_ANALYSIS:ANTISMASH_ANALYSIS:ANTISMASH (Pantoea_dispersa_MLY101)	COMPLETED	0	2026-08-29 02:31:02.846	2026-08-29 02:31:02.943	2026-08-29 02:31:25.650	20.5s	2	6 GB	776.1 MB	7.8 GB	130.1%	1.3%	822.8 MB	58.8 MB
1648	25/03e496	BGC_ANALYSIS:ANTISMASH_ANALYSIS:ANTISMASH (Pantoea_ananatis_USHLN198)	COMPLETED	0	2026-08-29 02:30:08.684	2026-08-29 02:30:08.780	2026-08-29 02:31:27.391	1m 16s	2	6 GB	4.7 GB	7.9 GB	123.4%	4.5%	22.9 GB	53 MB
1668	f6/5ff21b	BGC_ANALYSIS:ANTISMASH_ANALYSIS:ANTISMASH (Pantoea_dispersa_USHLN159)	COMPLETED	0	2026-08-29 02:30:59.037	2026-08-29 02:30:59.134	2026-08-29 02:31:32.105	30.9s	2	6 GB	501.3 MB	7.8 GB	104.7%	0.7%	1.2 GB	53.6 MB
1677	44/a1b6aa	BGC_ANALYSIS:ANTISMASH_ANALYSIS:ANTISMASH (Pantoea_endophytica_USHLN32)	COMPLETED	0	2026-08-29 02:31:01.972	2026-08-29 02:31:02.069	2026-08-29 02:31:35.032	30.9s	2	6 GB	552.1 MB	7.8 GB	108.5%	0.9%	1.1 GB	54.1 MB
1659	a9/83481e	BGC_ANALYSIS:ANTISMASH_ANALYSIS:ANTISMASH (Pantoea_brenneri_3.6.1)	COMPLETED	0	2026-08-29 02:31:11.011	2026-08-29 02:31:11.107	2026-08-29 02:31:38.982	25.8s	2	6 GB	751.1 MB	7.8 GB	106.9%	1.3%	1.1 GB	66.9 MB
1651	e4/ae9926	BGC_ANALYSIS:ANTISMASH_ANALYSIS:ANTISMASH (Pantoea_ananatis_USHLN34)	COMPLETED	0	2026-08-29 02:30:28.213	2026-08-29 02:30:28.310	2026-08-29 02:31:47.620	1m 17s	2	6 GB	4.7 GB	7.9 GB	125.1%	4.8%	23.3 GB	53 MB
1674	f7/0e4b8d	BGC_ANALYSIS:ANTISMASH_ANALYSIS:ANTISMASH (Pantoea_dispersa_VD24)	COMPLETED	0	2026-08-29 02:30:56.424	2026-08-29 02:30:56.521	2026-08-29 02:31:51.399	52.8s	2	6 GB	488.6 MB	7.7 GB	102.7%	0.7%	2.4 GB	82.6 MB
1658	ed/b74da4	BGC_ANALYSIS:ANTISMASH_ANALYSIS:ANTISMASH (Pantoea_brenneri_3.5.2)	COMPLETED	0	2026-08-29 02:31:27.394	2026-08-29 02:31:27.491	2026-08-29 02:31:52.567	23.1s	2	6 GB	724.8 MB	7.8 GB	110.6%	1.3%	955 MB	57.1 MB
1661	60/49a2f0	BGC_ANALYSIS:ANTISMASH_ANALYSIS:ANTISMASH (Pantoea_brenneri_IIF5SWP_2)	COMPLETED	0	2026-08-29 02:31:25.654	2026-08-29 02:31:25.751	2026-08-29 02:32:02.027	34.3s	2	6 GB	717.5 MB	7.8 GB	93.3%	1.3%	1.4 GB	71 MB
1667	27/b2a0f6	BGC_ANALYSIS:ANTISMASH_ANALYSIS:ANTISMASH (Pantoea_dispersa_USHLN158)	COMPLETED	0	2026-08-29 02:31:35.037	2026-08-29 02:31:35.132	2026-08-29 02:32:08.102	30.9s	2	6 GB	494.7 MB	7.8 GB	105.5%	0.7%	1.2 GB	52.6 MB
1670	6f/e06e6b	BGC_ANALYSIS:ANTISMASH_ANALYSIS:ANTISMASH (Pantoea_dispersa_USHLN162)	COMPLETED	0	2026-08-29 02:31:38.985	2026-08-29 02:31:39.082	2026-08-29 02:32:10.945	29.8s	2	6 GB	497.7 MB	7.8 GB	106.2%	0.8%	1.1 GB	51.6 MB
1681	ee/b9a2a9	BGC_ANALYSIS:ANTISMASH_ANALYSIS:ANTISMASH (Pantoea_nemavictus_BIGb0393_2)	COMPLETED	0	2026-08-29 02:31:47.624	2026-08-29 02:31:47.721	2026-08-29 02:32:11.523	21.8s	2	6 GB	837 MB	7.8 GB	129.3%	1.4%	873.6 MB	62.8 MB
1662	be/e428aa	BGC_ANALYSIS:ANTISMASH_ANALYSIS:ANTISMASH (Pantoea_dispersa_IIIF4SWP_1)	COMPLETED	0	2026-08-29 02:31:16.733	2026-08-29 02:31:16.830	2026-08-29 02:32:15.212	56.4s	2	6 GB	717 MB	7.8 GB	95.6%	1.3%	2.8 GB	104.9 MB
1671	bf/3a835c	BGC_ANALYSIS:ANTISMASH_ANALYSIS:ANTISMASH (Pantoea_dispersa_USHLN164)	COMPLETED	0	2026-08-29 02:31:51.402	2026-08-29 02:31:51.499	2026-08-29 02:32:23.547	30.2s	2	6 GB	503.5 MB	7.8 GB	106.3%	0.8%	1.2 GB	52.6 MB
1672	2c/ac2667	BGC_ANALYSIS:ANTISMASH_ANALYSIS:ANTISMASH (Pantoea_dispersa_USHLN199)	COMPLETED	0	2026-08-29 02:31:52.571	2026-08-29 02:31:52.668	2026-08-29 02:32:25.368	30.7s	2	6 GB	501.1 MB	7.8 GB	106.9%	0.8%	1.2 GB	53.1 MB
1678	79/39663d	BGC_ANALYSIS:ANTISMASH_ANALYSIS:ANTISMASH (Pantoea_eucalypti_HN019)	COMPLETED	0	2026-08-29 02:32:08.105	2026-08-29 02:32:08.202	2026-08-29 02:32:34.420	24.2s	2	6 GB	548.1 MB	7.9 GB	114.0%	0.8%	982.3 MB	46.9 MB
1676	21/1ebc6c	BGC_ANALYSIS:ANTISMASH_ANALYSIS:ANTISMASH (Pantoea_dispersa_VD33)	COMPLETED	0	2026-08-29 02:31:32.109	2026-08-29 02:31:32.205	2026-08-29 02:32:34.945	1m 1s	2	6 GB	538.6 MB	7.7 GB	104.5%	0.9%	2.8 GB	94 MB
1679	f0/ca9fd4	BGC_ANALYSIS:ANTISMASH_ANALYSIS:ANTISMASH (Pantoea_eucrina_AS031)	COMPLETED	0	2026-08-29 02:32:11.526	2026-08-29 02:32:11.623	2026-08-29 02:32:37.941	24.4s	2	6 GB	527.8 MB	7.8 GB	107.6%	0.8%	1015.5 MB	43.2 MB
1675	1b/11aed2	BGC_ANALYSIS:ANTISMASH_ANALYSIS:ANTISMASH (Pantoea_dispersa_VD30)	COMPLETED	0	2026-08-29 02:32:02.031	2026-08-29 02:32:02.127	2026-08-29 02:32:46.965	42.8s	2	6 GB	503.4 MB	7.7 GB	103.0%	0.8%	1.9 GB	70.8 MB
1686	54/d5aad1	BGC_ANALYSIS:ANTISMASH_ANALYSIS:ANTISMASH (Pantoea_sp._AS142)	COMPLETED	0	2026-08-29 02:32:15.216	2026-08-29 02:32:15.312	2026-08-29 02:32:48.005	30.8s	2	6 GB	502.4 MB	7.8 GB	104.5%	0.7%	1.2 GB	52.8 MB
1680	74/e3a5b4	BGC_ANALYSIS:ANTISMASH_ANALYSIS:ANTISMASH (Pantoea_eucrina_AS126)	COMPLETED	0	2026-08-29 02:32:23.550	2026-08-29 02:32:23.647	2026-08-29 02:32:48.092	22.5s	2	6 GB	522.2 MB	7.8 GB	112.5%	0.7%	958.4 MB	41.2 MB
1697	ac/57e822	BGC_ANALYSIS:ANTISMASH_ANALYSIS:ANTISMASH (Erwinia_amylovora_17-2187)	COMPLETED	0	2026-08-29 02:32:34.950	2026-08-29 02:32:35.046	2026-08-29 02:32:53.745	16.7s	2	6 GB	720.3 MB	7.8 GB	130.1%	1.1%	668.4 MB	44.5 MB
1698	a6/31697a	BGC_ANALYSIS:ANTISMASH_ANALYSIS:ANTISMASH (Erwinia_amylovora_19-7)	COMPLETED	0	2026-08-29 02:32:46.968	2026-08-29 02:32:47.065	2026-08-29 02:33:04.969	15.9s	2	6 GB	723.4 MB	7.7 GB	129.3%	1.1%	632.4 MB	43.7 MB
1690	6a/bce530	BGC_ANALYSIS:ANTISMASH_ANALYSIS:ANTISMASH (Pantoea_sp._USHLN256)	COMPLETED	0	2026-08-29 02:32:34.423	2026-08-29 02:32:34.519	2026-08-29 02:33:13.142	36.6s	2	6 GB	511.5 MB	7.8 GB	103.8%	0.8%	1.4 GB	59.9 MB
1692	83/674ca9	BGC_ANALYSIS:ANTISMASH_ANALYSIS:ANTISMASH (Pantoea_sp._USMM078)	COMPLETED	0	2026-08-29 02:32:25.371	2026-08-29 02:32:25.468	2026-08-29 02:33:14.944	47.6s	2	6 GB	526 MB	7.8 GB	104.0%	1.0%	2 GB	77.2 MB
1687	1f/6f6460	BGC_ANALYSIS:ANTISMASH_ANALYSIS:ANTISMASH (Pantoea_sp._Haah2121)	COMPLETED	0	2026-08-29 02:32:48.096	2026-08-29 02:32:48.192	2026-08-29 02:33:22.220	32s	2	6 GB	730.5 MB	7.8 GB	95.9%	1.3%	1.3 GB	70.8 MB
1685	af/03ffc1	BGC_ANALYSIS:ANTISMASH_ANALYSIS:ANTISMASH (Pantoea_piersonii_IIIF8SWP_1)	COMPLETED	0	2026-08-29 02:32:10.949	2026-08-29 02:32:11.045	2026-08-29 02:33:33.625	1m 21s	2	6 GB	711.6 MB	7.8 GB	98.6%	1.3%	4.4 GB	142.4 MB
1701	0a/9313d9	BGC_ANALYSIS:ANTISMASH_ANALYSIS:ANTISMASH (Erwinia_amylovora_Ea1_79Sm)	COMPLETED	0	2026-08-29 02:33:14.947	2026-08-29 02:33:15.044	2026-08-29 02:33:34.313	17.3s	2	6 GB	718.3 MB	7.8 GB	132.8%	1.1%	670.3 MB	44.6 MB
1706	7f/7be86f	BGC_ANALYSIS:ANTISMASH_ANALYSIS:ANTISMASH (Erwinia_sp._S43)	COMPLETED	0	2026-08-29 02:32:53.749	2026-08-29 02:32:53.846	2026-08-29 02:33:43.228	47.2s	2	6 GB	723.9 MB	7.8 GB	95.6%	1.3%	2.1 GB	95.8 MB
1703	38/960b24	BGC_ANALYSIS:ANTISMASH_ANALYSIS:ANTISMASH (Erwinia_billingiae_PBb)	COMPLETED	0	2026-08-29 02:33:13.145	2026-08-29 02:33:13.242	2026-08-29 02:33:47.016	31.8s	2	6 GB	717 MB	7.8 GB	98.0%	1.3%	1.3 GB	72.5 MB
1688	1a/6f753d	BGC_ANALYSIS:ANTISMASH_ANALYSIS:ANTISMASH (Pantoea_sp._MBD-2R_MBD-2R)	COMPLETED	0	2026-08-29 02:33:34.316	2026-08-29 02:33:34.413	2026-08-29 02:33:54.233	17.9s	2	6 GB	628.5 MB	7.4 GB	143.3%	1.1%	757.7 MB	35.1 MB
1683	f6/387877	BGC_ANALYSIS:ANTISMASH_ANALYSIS:ANTISMASH (Pantoea_piersonii_IIIF5SWP_1)	COMPLETED	0	2026-08-29 02:32:48.008	2026-08-29 02:32:48.092	2026-08-29 02:33:54.418	1m 4s	2	6 GB	733.5 MB	7.8 GB	97.6%	1.3%	3.3 GB	118.9 MB
1693	7d/e346d5	BGC_ANALYSIS:ANTISMASH_ANALYSIS:ANTISMASH (Pantoea_sp._USMM079)	COMPLETED	0	2026-08-29 02:33:04.973	2026-08-29 02:33:05.069	2026-08-29 02:33:54.559	47.5s	2	6 GB	501.9 MB	7.7 GB	104.3%	0.9%	2 GB	77.2 MB
1694	d3/15b499	BGC_ANALYSIS:ANTISMASH_ANALYSIS:ANTISMASH (Pantoea_vagans_USHLN165)	COMPLETED	0	2026-08-29 02:33:22.223	2026-08-29 02:33:22.320	2026-08-29 02:33:55.229	30.9s	2	6 GB	502.6 MB	7.8 GB	106.5%	0.7%	1.2 GB	54.3 MB
1704	70/8621c3	BGC_ANALYSIS:ANTISMASH_ANALYSIS:ANTISMASH (Erwinia_rhapontici_WS3235)	COMPLETED	0	2026-08-29 02:33:33.629	2026-08-29 02:33:33.725	2026-08-29 02:33:57.636	22s	2	6 GB	869.7 MB	7.9 GB	135.1%	1.4%	923.7 MB	64.1 MB
1695	55/adad3f	BGC_ANALYSIS:ANTISMASH_ANALYSIS:ANTISMASH (Buchnera_aphidicola_Hormaphis_cornu_DLS_fromHcor80)	COMPLETED	0	2026-08-29 02:33:57.640	2026-08-29 02:33:57.736	2026-08-29 02:34:05.025	5.4s	2	6 GB	199.5 MB	2.7 GB	104.3%	0.3%	216.1 MB	5.2 MB
1682	3c/260069	BGC_ANALYSIS:ANTISMASH_ANALYSIS:ANTISMASH (Pantoea_piersonii_IIIF1SWP_1)	COMPLETED	0	2026-08-29 02:32:37.945	2026-08-29 02:32:38.041	2026-08-29 02:34:16.704	1m 37s	2	6 GB	717.7 MB	7.8 GB	99.4%	1.2%	5.3 GB	168.9 MB
1689	7a/64f5b8	BGC_ANALYSIS:ANTISMASH_ANALYSIS:ANTISMASH (Pantoea_sp._RSPAM1)	COMPLETED	0	2026-08-29 02:33:55.232	2026-08-29 02:33:55.330	2026-08-29 02:34:17.554	20.3s	2	6 GB	837.9 MB	7.8 GB	133.2%	1.4%	840.3 MB	58 MB
1712	a1/fb3be3	BGC_ANALYSIS:ANTISMASH_ANALYSIS:ANTISMASH (Pantoea_agglomerans_CFBP13593)	COMPLETED	0	2026-08-29 02:33:54.562	2026-08-29 02:33:54.659	2026-08-29 02:34:17.898	21.4s	2	6 GB	819.6 MB	7.8 GB	125.7%	1.4%	893 MB	63 MB
1711	c4/f9ef68	BGC_ANALYSIS:ANTISMASH_ANALYSIS:ANTISMASH (Pantoea_agglomerans_CFBP13583)	COMPLETED	0	2026-08-29 02:33:54.236	2026-08-29 02:33:54.333	2026-08-29 02:34:21.010	24.8s	2	6 GB	757.7 MB	7.8 GB	109.1%	1.3%	1 GB	61.2 MB
1707	2a/af2271	BGC_ANALYSIS:ANTISMASH_ANALYSIS:ANTISMASH (Erwinia_sp._TH29)	COMPLETED	0	2026-08-29 02:33:43.232	2026-08-29 02:33:43.328	2026-08-29 02:34:33.773	48.4s	2	6 GB	777.6 MB	7.8 GB	96.8%	1.3%	1.4 GB	84.1 MB
1696	b3/712001	BGC_ANALYSIS:ANTISMASH_ANALYSIS:ANTISMASH (Duffyella_gerundensis_A4)	COMPLETED	0	2026-08-29 02:34:16.707	2026-08-29 02:34:16.804	2026-08-29 02:34:37.801	19s	2	6 GB	759.5 MB	7.8 GB	127.1%	1.3%	761.4 MB	51.6 MB
1715	7a/0830e8	BGC_ANALYSIS:ANTISMASH_ANALYSIS:ANTISMASH (Pantoea_agglomerans_Eh_335)	COMPLETED	0	2026-08-29 02:34:05.029	2026-08-29 02:34:05.125	2026-08-29 02:34:44.740	37.5s	2	6 GB	675.5 MB	7.7 GB	95.8%	1.2%	1.5 GB	76.9 MB
1691	6f/13378a	BGC_ANALYSIS:ANTISMASH_ANALYSIS:ANTISMASH (Pantoea_sp._USHLN298)	COMPLETED	0	2026-08-29 02:34:17.558	2026-08-29 02:34:17.654	2026-08-29 02:34:46.053	26.4s	2	6 GB	507.1 MB	7.8 GB	104.9%	0.7%	1 GB	48.1 MB
1710	f0/863185	BGC_ANALYSIS:ANTISMASH_ANALYSIS:ANTISMASH (Pantoea_agglomerans_AR1a)	COMPLETED	0	2026-08-29 02:33:47.019	2026-08-29 02:33:47.116	2026-08-29 02:34:51.757	1m 3s	2	6 GB	4.8 GB	7.8 GB	129.8%	3.9%	22.4 GB	61.7 MB
1713	b9/3a46d0	BGC_ANALYSIS:ANTISMASH_ANALYSIS:ANTISMASH (Pantoea_agglomerans_CFBP13600)	COMPLETED	0	2026-08-29 02:34:33.778	2026-08-29 02:34:33.873	2026-08-29 02:34:57.406	21.6s	2	6 GB	787.9 MB	7.8 GB	127.8%	1.4%	883.3 MB	60.7 MB
1719	30/84f085	BGC_ANALYSIS:ANTISMASH_ANALYSIS:ANTISMASH (Pantoea_ananatis_LCFJ-001)	COMPLETED	0	2026-08-29 02:34:37.804	2026-08-29 02:34:37.900	2026-08-29 02:35:00.408	20.6s	2	6 GB	620.5 MB	7.5 GB	129.4%	1.0%	715.9 MB	30.9 MB
1699	a9/549378	BGC_ANALYSIS:ANTISMASH_ANALYSIS:ANTISMASH (Erwinia_amylovora_ATCC_15580)	COMPLETED	0	2026-08-29 02:34:44.744	2026-08-29 02:34:44.840	2026-08-29 02:35:04.899	17.9s	2	6 GB	681.2 MB	7.7 GB	128.7%	1.1%	664.7 MB	44.5 MB
1700	20/4d13b7	BGC_ANALYSIS:ANTISMASH_ANALYSIS:ANTISMASH (Erwinia_amylovora_Ea1189)	COMPLETED	0	2026-08-29 02:34:51.760	2026-08-29 02:34:51.857	2026-08-29 02:35:11.640	17.7s	2	6 GB	730.4 MB	7.8 GB	129.1%	1.2%	665.1 MB	44.3 MB
1705	d4/7d1755	BGC_ANALYSIS:ANTISMASH_ANALYSIS:ANTISMASH (Erwinia_sp._S38)	COMPLETED	0	2026-08-29 02:34:21.017	2026-08-29 02:34:21.110	2026-08-29 02:35:14.671	51.6s	2	6 GB	746.9 MB	7.8 GB	94.2%	1.3%	2.2 GB	100.7 MB
1684	50/8ee828	BGC_ANALYSIS:ANTISMASH_ANALYSIS:ANTISMASH (Pantoea_piersonii_IIIF7SWP_2)	COMPLETED	0	2026-08-29 02:33:54.422	2026-08-29 02:33:54.519	2026-08-29 02:35:21.779	1m 25s	2	6 GB	730.1 MB	7.8 GB	98.3%	1.3%	4.5 GB	147.6 MB
1702	eb/8058f0	BGC_ANALYSIS:ANTISMASH_ANALYSIS:ANTISMASH (Erwinia_aphidicola_18B1)	COMPLETED	0	2026-08-29 02:35:04.902	2026-08-29 02:35:04.999	2026-08-29 02:35:27.384	20.3s	2	6 GB	878.1 MB	7.9 GB	128.4%	1.4%	824.6 MB	60.4 MB
1726	a3/4da2a1	BGC_ANALYSIS:ANTISMASH_ANALYSIS:ANTISMASH (Pantoea_ananatis_PANS_1_9)	COMPLETED	0	2026-08-29 02:35:00.411	2026-08-29 02:35:00.508	2026-08-29 02:35:30.272	27.6s	2	6 GB	538.2 MB	7.8 GB	113.4%	0.8%	1.1 GB	51.1 MB
1720	0b/c19721	BGC_ANALYSIS:ANTISMASH_ANALYSIS:ANTISMASH (Pantoea_ananatis_OC5a)	COMPLETED	0	2026-08-29 02:34:46.057	2026-08-29 02:34:46.153	2026-08-29 02:35:38.855	50.8s	2	6 GB	4.8 GB	7.8 GB	125.4%	7.0%	9.4 GB	59 MB
1727	7a/dd1d03	BGC_ANALYSIS:ANTISMASH_ANALYSIS:ANTISMASH (Pantoea_ananatis_PANS_200_1)	COMPLETED	0	2026-08-29 02:35:14.674	2026-08-29 02:35:14.771	2026-08-29 02:35:43.147	26.4s	2	6 GB	544.1 MB	7.8 GB	116.3%	0.7%	1014.7 MB	48.4 MB
1708	70/5f9dca	BGC_ANALYSIS:ANTISMASH_ANALYSIS:ANTISMASH (Mixta_mediterraneensis_Marseille-Q2057)	COMPLETED	0	2026-08-29 02:35:30.275	2026-08-29 02:35:30.372	2026-08-29 02:36:05.764	33.2s	2	6 GB	708.7 MB	7.8 GB	98.8%	1.3%	1.4 GB	69.3 MB
1709	76/42c266	BGC_ANALYSIS:ANTISMASH_ANALYSIS:ANTISMASH (Pantoea_agglomerans_ANP8)	COMPLETED	0	2026-08-29 02:35:21.783	2026-08-29 02:35:21.879	2026-08-29 02:36:06.786	42.8s	2	6 GB	664.9 MB	7.7 GB	95.4%	1.1%	1.8 GB	80.7 MB
1716	01/e812ad	BGC_ANALYSIS:ANTISMASH_ANALYSIS:ANTISMASH (Pantoea_agglomerans_MM2021_7)	COMPLETED	0	2026-08-29 02:35:43.150	2026-08-29 02:35:43.248	2026-08-29 02:36:22.237	37s	2	6 GB	708.1 MB	7.8 GB	97.3%	1.3%	1.4 GB	72.5 MB
1729	88/b6b5f9	BGC_ANALYSIS:ANTISMASH_ANALYSIS:ANTISMASH (Pantoea_ananatis_PANS_2_1)	COMPLETED	0	2026-08-29 02:34:57.409	2026-08-29 02:34:57.506	2026-08-29 02:36:26.712	1m 27s	2	6 GB	4.7 GB	7.8 GB	123.5%	5.5%	24.3 GB	57.2 MB
1730	fe/eeeb63	BGC_ANALYSIS:ANTISMASH_ANALYSIS:ANTISMASH (Pantoea_ananatis_PANS_2_5)	COMPLETED	0	2026-08-29 02:35:11.644	2026-08-29 02:35:11.741	2026-08-29 02:36:34.816	1m 21s	2	6 GB	4.7 GB	7.9 GB	128.1%	3.7%	22.9 GB	54.3 MB
1714	8c/f28846	BGC_ANALYSIS:ANTISMASH_ANALYSIS:ANTISMASH (Pantoea_agglomerans_CFBP8774)	COMPLETED	0	2026-08-29 02:36:06.789	2026-08-29 02:36:06.886	2026-08-29 02:36:35.712	26.2s	2	6 GB	846.1 MB	7.9 GB	125.3%	1.4%	1002 MB	68.8 MB
1718	7f/7b6a71	BGC_ANALYSIS:ANTISMASH_ANALYSIS:ANTISMASH (Pantoea_agglomerans_R6)	COMPLETED	0	2026-08-29 02:34:17.908	2026-08-29 02:34:18.013	2026-08-29 02:36:37.365	2m 17s	2	6 GB	707.2 MB	7.8 GB	100.6%	1.3%	7.5 GB	221.5 MB
1717	42/ba0343	BGC_ANALYSIS:ANTISMASH_ANALYSIS:ANTISMASH (Pantoea_agglomerans_NC)	COMPLETED	0	2026-08-29 02:36:05.768	2026-08-29 02:36:05.865	2026-08-29 02:36:39.325	31.1s	2	6 GB	680.9 MB	7.7 GB	97.4%	1.1%	1.1 GB	61.7 MB
1733	5f/d5a81e	BGC_ANALYSIS:ANTISMASH_ANALYSIS:ANTISMASH (Pantoea_ananatis_PANS_2_8)	COMPLETED	0	2026-08-29 02:35:27.388	2026-08-29 02:35:27.484	2026-08-29 02:36:50.980	1m 21s	2	6 GB	4.7 GB	7.8 GB	124.8%	7.1%	22.9 GB	54.4 MB
1721	54/af9230	BGC_ANALYSIS:ANTISMASH_ANALYSIS:ANTISMASH (Pantoea_ananatis_PANS_1_10)	COMPLETED	0	2026-08-29 02:36:26.716	2026-08-29 02:36:26.812	2026-08-29 02:36:59.861	30.9s	2	6 GB	518.1 MB	7.8 GB	105.0%	0.7%	1.1 GB	52.1 MB
1735	65/b40b9b	BGC_ANALYSIS:ANTISMASH_ANALYSIS:ANTISMASH (Pantoea_ananatis_PANS_99_11)	COMPLETED	0	2026-08-29 02:35:38.858	2026-08-29 02:35:38.955	2026-08-29 02:37:10.157	1m 29s	2	6 GB	4.7 GB	7.8 GB	121.1%	7.8%	24.1 GB	61.2 MB
1739	58/9161aa	BGC_ANALYSIS:ANTISMASH_ANALYSIS:ANTISMASH (Pantoea_ananatis_PANS_99_26)	COMPLETED	0	2026-08-29 02:36:39.328	2026-08-29 02:36:39.425	2026-08-29 02:37:13.575	32.1s	2	6 GB	520.8 MB	7.8 GB	104.5%	0.7%	1.1 GB	52.6 MB
1724	9c/772337	BGC_ANALYSIS:ANTISMASH_ANALYSIS:ANTISMASH (Pantoea_ananatis_PANS_1_6)	COMPLETED	0	2026-08-29 02:36:22.241	2026-08-29 02:36:22.338	2026-08-29 02:37:24.495	59.6s	2	6 GB	4.7 GB	7.8 GB	112.6%	8.0%	10.1 GB	49.3 MB
1725	e6/af88db	BGC_ANALYSIS:ANTISMASH_ANALYSIS:ANTISMASH (Pantoea_ananatis_PANS_1_8)	COMPLETED	0	2026-08-29 02:36:50.984	2026-08-29 02:36:51.080	2026-08-29 02:37:25.877	32.7s	2	6 GB	531.1 MB	7.8 GB	107.3%	0.7%	1.2 GB	55.1 MB
1744	8d/a25df9	BGC_ANALYSIS:ANTISMASH_ANALYSIS:ANTISMASH (Pantoea_ananatis_PANS_99_36)	COMPLETED	0	2026-08-29 02:36:59.865	2026-08-29 02:36:59.961	2026-08-29 02:37:35.884	33.8s	2	6 GB	486.8 MB	7.7 GB	105.4%	0.7%	1.2 GB	54.3 MB
1723	81/e46517	BGC_ANALYSIS:ANTISMASH_ANALYSIS:ANTISMASH (Pantoea_ananatis_PANS_1_5)	COMPLETED	0	2026-08-29 02:36:35.715	2026-08-29 02:36:35.812	2026-08-29 02:37:36.274	58.4s	2	6 GB	3.1 GB	7.8 GB	113.3%	3.9%	10.1 GB	48.8 MB
1722	96/66f1c0	BGC_ANALYSIS:ANTISMASH_ANALYSIS:ANTISMASH (Pantoea_ananatis_PANS_1_2)	COMPLETED	0	2026-08-29 02:36:34.819	2026-08-29 02:36:34.916	2026-08-29 02:37:39.244	1m 2s	2	6 GB	4.6 GB	7.8 GB	113.5%	5.0%	10.3 GB	53.2 MB
1746	17/286713	BGC_ANALYSIS:ANTISMASH_ANALYSIS:ANTISMASH (Pantoea_ananatis_PANS_99_5)	COMPLETED	0	2026-08-29 02:37:25.881	2026-08-29 02:37:25.977	2026-08-29 02:37:58.322	30.1s	2	6 GB	542.2 MB	7.8 GB	113.6%	0.8%	1.2 GB	54.7 MB
1747	66/fb6cae	BGC_ANALYSIS:ANTISMASH_ANALYSIS:ANTISMASH (Pantoea_ananatis_PANS_99_9)	COMPLETED	0	2026-08-29 02:37:24.500	2026-08-29 02:37:24.596	2026-08-29 02:38:01.528	34.8s	2	6 GB	510.5 MB	7.7 GB	106.6%	0.7%	1.4 GB	58.7 MB
1731	1c/8ad721	BGC_ANALYSIS:ANTISMASH_ANALYSIS:ANTISMASH (Pantoea_ananatis_PANS_2_6)	COMPLETED	0	2026-08-29 02:37:13.578	2026-08-29 02:37:13.675	2026-08-29 02:38:15.998	59.9s	2	6 GB	4.7 GB	7.8 GB	115.9%	7.9%	10.7 GB	53.6 MB
1736	83/2cd763	BGC_ANALYSIS:ANTISMASH_ANALYSIS:ANTISMASH (Pantoea_ananatis_PANS_99_22)	COMPLETED	0	2026-08-29 02:37:58.326	2026-08-29 02:37:58.422	2026-08-29 02:38:30.424	29.7s	2	6 GB	540.5 MB	7.8 GB	110.6%	0.7%	1.1 GB	52.7 MB
1728	87/060c49	BGC_ANALYSIS:ANTISMASH_ANALYSIS:ANTISMASH (Pantoea_ananatis_PANS_200_2)	COMPLETED	0	2026-08-29 02:37:10.161	2026-08-29 02:37:10.258	2026-08-29 02:38:31.540	1m 19s	2	6 GB	4.7 GB	7.7 GB	123.4%	5.6%	22.3 GB	51.6 MB
1749	92/b8d08b	BGC_ANALYSIS:ANTISMASH_ANALYSIS:ANTISMASH (Pantoea_ananatis_PNA_03_1)	COMPLETED	0	2026-08-29 02:37:35.887	2026-08-29 02:37:35.983	2026-08-29 02:38:38.442	1m	2	6 GB	4.6 GB	7.8 GB	116.8%	6.5%	10.3 GB	53.4 MB
1740	66/fa7b53	BGC_ANALYSIS:ANTISMASH_ANALYSIS:ANTISMASH (Pantoea_ananatis_PANS_99_29)	COMPLETED	0	2026-08-29 02:37:39.247	2026-08-29 02:37:39.344	2026-08-29 02:38:44.380	1m 3s	2	6 GB	4.6 GB	7.8 GB	112.4%	4.7%	10.3 GB	53.8 MB
1745	ae/64c0cc	BGC_ANALYSIS:ANTISMASH_ANALYSIS:ANTISMASH (Pantoea_ananatis_PANS_99_4)	COMPLETED	0	2026-08-29 02:37:36.277	2026-08-29 02:37:36.374	2026-08-29 02:38:54.167	1m 16s	2	6 GB	4.7 GB	7.8 GB	119.1%	4.6%	19.2 GB	55.6 MB
1762	46/9b2cb6	BGC_ANALYSIS:ANTISMASH_ANALYSIS:ANTISMASH (Pantoea_ananatis_UFMG54)	COMPLETED	0	2026-08-29 02:38:38.446	2026-08-29 02:38:38.543	2026-08-29 02:39:11.970	31.2s	2	6 GB	507.4 MB	7.8 GB	102.8%	0.7%	1.2 GB	53.8 MB
1741	d8/cdc2f0	BGC_ANALYSIS:ANTISMASH_ANALYSIS:ANTISMASH (Pantoea_ananatis_PANS_99_31)	COMPLETED	0	2026-08-29 02:36:37.368	2026-08-29 02:36:37.465	2026-08-29 02:39:17.199	2m 38s	2	6 GB	4.7 GB	7.9 GB	114.3%	4.4%	27.7 GB	152 MB
1734	63/088575	BGC_ANALYSIS:ANTISMASH_ANALYSIS:ANTISMASH (Pantoea_ananatis_PANS_4_2)	COMPLETED	0	2026-08-29 02:38:01.532	2026-08-29 02:38:01.628	2026-08-29 02:39:24.260	1m 21s	2	6 GB	3.3 GB	7.8 GB	123.9%	5.5%	23.2 GB	54.9 MB
1737	11/3692c0	BGC_ANALYSIS:ANTISMASH_ANALYSIS:ANTISMASH (Pantoea_ananatis_PANS_99_23)	COMPLETED	0	2026-08-29 02:38:54.170	2026-08-29 02:38:54.267	2026-08-29 02:39:26.989	30.7s	2	6 GB	510.6 MB	7.8 GB	104.5%	0.7%	1.1 GB	52.4 MB
1758	6f/d6dceb	BGC_ANALYSIS:ANTISMASH_ANALYSIS:ANTISMASH (Pantoea_ananatis_PNA_07_5)	COMPLETED	0	2026-08-29 02:38:30.428	2026-08-29 02:38:30.524	2026-08-29 02:39:28.411	55.8s	2	6 GB	4.7 GB	7.9 GB	118.1%	7.3%	10.2 GB	52.2 MB
1751	e4/3a7f5d	BGC_ANALYSIS:ANTISMASH_ANALYSIS:ANTISMASH (Pantoea_ananatis_PNA_05_1)	COMPLETED	0	2026-08-29 02:38:31.544	2026-08-29 02:38:31.640	2026-08-29 02:39:33.222	59.5s	2	6 GB	3.2 GB	7.7 GB	112.0%	3.2%	10.8 GB	55.9 MB
1732	1a/c55ced	BGC_ANALYSIS:ANTISMASH_ANALYSIS:ANTISMASH (Pantoea_ananatis_PANS_2_7)	COMPLETED	0	2026-08-29 02:38:16.003	2026-08-29 02:38:16.098	2026-08-29 02:39:37.780	1m 19s	2	6 GB	4.7 GB	7.8 GB	125.1%	6.4%	23.4 GB	54.4 MB
1738	8b/7d634b	BGC_ANALYSIS:ANTISMASH_ANALYSIS:ANTISMASH (Pantoea_ananatis_PANS_99_25)	COMPLETED	0	2026-08-29 02:38:44.384	2026-08-29 02:38:44.481	2026-08-29 02:39:40.685	53.9s	2	6 GB	3.1 GB	7.8 GB	116.7%	5.5%	10.2 GB	51.5 MB
1768	2c/471c3d	BGC_ANALYSIS:ANTISMASH_ANALYSIS:ANTISMASH (Pantoea_sp._1B4)	COMPLETED	0	2026-08-29 02:39:33.225	2026-08-29 02:39:33.322	2026-08-29 02:39:56.994	21.5s	2	6 GB	843.3 MB	7.9 GB	124.6%	1.4%	850.2 MB	60 MB
1750	4d/8ad104	BGC_ANALYSIS:ANTISMASH_ANALYSIS:ANTISMASH (Pantoea_ananatis_PNA_03_2)	COMPLETED	0	2026-08-29 02:39:26.992	2026-08-29 02:39:27.089	2026-08-29 02:40:02.008	32.9s	2	6 GB	530.9 MB	7.8 GB	106.6%	0.7%	1.3 GB	56.4 MB
1742	46/2dd982	BGC_ANALYSIS:ANTISMASH_ANALYSIS:ANTISMASH (Pantoea_ananatis_PANS_99_32)	COMPLETED	0	2026-08-29 02:39:11.974	2026-08-29 02:39:12.070	2026-08-29 02:40:10.462	56.4s	2	6 GB	4.7 GB	7.9 GB	116.8%	6.3%	10.6 GB	51.1 MB
1755	25/2cf943	BGC_ANALYSIS:ANTISMASH_ANALYSIS:ANTISMASH (Pantoea_ananatis_PNA_07_13)	COMPLETED	0	2026-08-29 02:39:17.202	2026-08-29 02:39:17.300	2026-08-29 02:40:15.967	56.6s	2	6 GB	3.3 GB	7.8 GB	112.7%	4.1%	10.7 GB	52.1 MB
1748	92/61bad1	BGC_ANALYSIS:ANTISMASH_ANALYSIS:ANTISMASH (Pantoea_ananatis_PNA_02_12)	COMPLETED	0	2026-08-29 02:39:28.415	2026-08-29 02:39:28.511	2026-08-29 02:40:27.385	56.8s	2	6 GB	3.1 GB	7.8 GB	113.1%	5.5%	10.2 GB	51.6 MB
1743	72/0290d3	BGC_ANALYSIS:ANTISMASH_ANALYSIS:ANTISMASH (Pantoea_ananatis_PANS_99_33)	COMPLETED	0	2026-08-29 02:39:24.264	2026-08-29 02:39:24.361	2026-08-29 02:40:28.068	1m 2s	2	6 GB	4.6 GB	7.8 GB	111.9%	5.5%	10.9 GB	56.3 MB
1752	e7/0c1c5e	BGC_ANALYSIS:ANTISMASH_ANALYSIS:ANTISMASH (Pantoea_ananatis_PNA_06_4)	COMPLETED	0	2026-08-29 02:39:37.784	2026-08-29 02:39:37.880	2026-08-29 02:40:36.803	56.9s	2	6 GB	4.6 GB	7.8 GB	116.4%	4.9%	10.3 GB	53.2 MB
1754	96/30abc5	BGC_ANALYSIS:ANTISMASH_ANALYSIS:ANTISMASH (Pantoea_ananatis_PNA_07_10)	COMPLETED	0	2026-08-29 02:39:40.690	2026-08-29 02:39:40.785	2026-08-29 02:40:37.015	54.1s	2	6 GB	4.6 GB	7.9 GB	117.8%	5.1%	10.1 GB	49.2 MB
1757	3e/8c3c72	BGC_ANALYSIS:ANTISMASH_ANALYSIS:ANTISMASH (Pantoea_ananatis_PNA_07_22)	COMPLETED	0	2026-08-29 02:40:02.012	2026-08-29 02:40:02.108	2026-08-29 02:40:42.203	37.9s	2	6 GB	504.3 MB	7.8 GB	101.7%	0.7%	1.6 GB	63.3 MB
1778	9e/b4c3fe	BGC_ANALYSIS:ANTISMASH_ANALYSIS:ANTISMASH (Pantoea_sp._SM3640)	COMPLETED	0	2026-08-29 02:40:36.806	2026-08-29 02:40:36.903	2026-08-29 02:40:54.832	15.8s	2	6 GB	603 MB	7.3 GB	136.6%	1.1%	668 MB	29.1 MB
1774	8c/39142f	BGC_ANALYSIS:ANTISMASH_ANALYSIS:ANTISMASH (Pantoea_sp._PNT03)	COMPLETED	0	2026-08-29 02:40:37.019	2026-08-29 02:40:37.115	2026-08-29 02:41:06.582	27.3s	2	6 GB	688.8 MB	7.7 GB	106.7%	1.2%	1 GB	62.7 MB
1763	68/d77f11	BGC_ANALYSIS:ANTISMASH_ANALYSIS:ANTISMASH (Pantoea_ananatis_ku-pa)	COMPLETED	0	2026-08-29 02:40:28.072	2026-08-29 02:40:28.169	2026-08-29 02:41:06.774	36.6s	2	6 GB	685.9 MB	7.8 GB	96.0%	1.2%	1.6 GB	75.7 MB
1756	86/0870e7	BGC_ANALYSIS:ANTISMASH_ANALYSIS:ANTISMASH (Pantoea_ananatis_PNA_07_14)	COMPLETED	0	2026-08-29 02:39:56.997	2026-08-29 02:39:57.095	2026-08-29 02:41:07.425	1m 8s	2	6 GB	4.6 GB	7.8 GB	119.0%	6.8%	18.2 GB	54.5 MB
1760	cf/31f7e1	BGC_ANALYSIS:ANTISMASH_ANALYSIS:ANTISMASH (Pantoea_ananatis_PNA_08_1)	COMPLETED	0	2026-08-29 02:40:10.465	2026-08-29 02:40:10.562	2026-08-29 02:41:08.952	56.3s	2	6 GB	4.6 GB	7.8 GB	113.3%	4.1%	10.2 GB	51.7 MB
1759	68/b7c4f2	BGC_ANALYSIS:ANTISMASH_ANALYSIS:ANTISMASH (Pantoea_ananatis_PNA_07_7)	COMPLETED	0	2026-08-29 02:40:15.971	2026-08-29 02:40:16.068	2026-08-29 02:41:13.508	55.4s	2	6 GB	4.6 GB	7.8 GB	114.4%	4.9%	10.2 GB	51.1 MB
1777	23/4ca62d	BGC_ANALYSIS:ANTISMASH_ANALYSIS:ANTISMASH (Pantoea_sp._S62)	COMPLETED	0	2026-08-29 02:40:42.207	2026-08-29 02:40:42.303	2026-08-29 02:41:24.519	40.1s	2	6 GB	648.8 MB	7.7 GB	93.8%	1.0%	1.7 GB	76.7 MB
1779	f1/47daeb	BGC_ANALYSIS:ANTISMASH_ANALYSIS:ANTISMASH (Pantoea_stewartii_subsp._indologenes_NCPPB_1562)	COMPLETED	0	2026-08-29 02:40:54.836	2026-08-29 02:40:54.932	2026-08-29 02:41:28.101	31s	2	6 GB	516.6 MB	7.8 GB	107.1%	0.7%	1.2 GB	54.3 MB
1784	2e/9486cb	BGC_ANALYSIS:ANTISMASH_ANALYSIS:ANTISMASH (Pantoea_stewartii_subsp._indologenes_PANS_07-10)	COMPLETED	0	2026-08-29 02:41:08.956	2026-08-29 02:41:09.052	2026-08-29 02:41:44.445	33.5s	2	6 GB	498.8 MB	7.8 GB	105.2%	0.7%	1.3 GB	57.4 MB
1764	45/1c3207	BGC_ANALYSIS:ANTISMASH_ANALYSIS:ANTISMASH (Pantoea_coffeiphila_1480)	COMPLETED	0	2026-08-29 02:41:07.428	2026-08-29 02:41:07.525	2026-08-29 02:41:46.021	36.6s	2	6 GB	808.4 MB	7.8 GB	99.8%	1.3%	1.4 GB	77.5 MB
1781	1d/0fd288	BGC_ANALYSIS:ANTISMASH_ANALYSIS:ANTISMASH (Pantoea_stewartii_subsp._indologenes_NCPPB_2275)	COMPLETED	0	2026-08-29 02:41:13.512	2026-08-29 02:41:13.608	2026-08-29 02:41:46.626	30.6s	2	6 GB	499.6 MB	7.8 GB	103.9%	0.7%	1.2 GB	52.9 MB
1766	ba/801418	BGC_ANALYSIS:ANTISMASH_ANALYSIS:ANTISMASH (Pantoea_endophytica_HN-23)	COMPLETED	0	2026-08-29 02:41:06.777	2026-08-29 02:41:06.874	2026-08-29 02:41:52.283	43.6s	2	6 GB	502.5 MB	7.7 GB	103.1%	0.7%	1.8 GB	69.4 MB
1775	7e/ac804f	BGC_ANALYSIS:ANTISMASH_ANALYSIS:ANTISMASH (Pantoea_sp._Pent_Pent)	COMPLETED	0	2026-08-29 02:41:06.585	2026-08-29 02:41:06.682	2026-08-29 02:41:52.553	44.1s	2	6 GB	666.9 MB	7.8 GB	96.7%	1.1%	2.1 GB	85.6 MB
1765	41/0e04c1	BGC_ANALYSIS:ANTISMASH_ANALYSIS:ANTISMASH (Pantoea_cypripedii_WS4375)	COMPLETED	0	2026-08-29 02:41:24.523	2026-08-29 02:41:24.619	2026-08-29 02:41:54.108	27.4s	2	6 GB	864.2 MB	7.9 GB	123.8%	1.4%	1.1 GB	77.8 MB
1767	f1/acec7e	BGC_ANALYSIS:ANTISMASH_ANALYSIS:ANTISMASH (Pantoea_eucrina_OB49)	COMPLETED	0	2026-08-29 02:41:28.104	2026-08-29 02:41:28.201	2026-08-29 02:42:02.263	31.9s	2	6 GB	622.5 MB	7.7 GB	95.0%	1.0%	1.4 GB	65 MB
1769	dd/b59134	BGC_ANALYSIS:ANTISMASH_ANALYSIS:ANTISMASH (Pantoea_sp._Brub_Brub)	COMPLETED	0	2026-08-29 02:41:52.557	2026-08-29 02:41:52.654	2026-08-29 02:42:07.980	13.4s	2	6 GB	201.1 MB	2.7 GB	101.7%	0.3%	702 MB	20.9 MB
1761	c6/1768ae	BGC_ANALYSIS:ANTISMASH_ANALYSIS:ANTISMASH (Pantoea_ananatis_PNA_11_1)	COMPLETED	0	2026-08-29 02:41:44.449	2026-08-29 02:41:44.546	2026-08-29 02:42:17.687	31.2s	2	6 GB	505.9 MB	7.8 GB	102.0%	0.7%	1.1 GB	52.3 MB
1770	fc/b83966	BGC_ANALYSIS:ANTISMASH_ANALYSIS:ANTISMASH (Pantoea_sp._Edef_Edef)	COMPLETED	0	2026-08-29 02:42:07.983	2026-08-29 02:42:08.080	2026-08-29 02:42:20.965	10.9s	2	6 GB	209.6 MB	2.7 GB	104.2%	0.3%	556.9 MB	17.3 MB
1787	fb/d3afd3	BGC_ANALYSIS:ANTISMASH_ANALYSIS:ANTISMASH (Pantoea_stewartii_subsp._indologenes_PANS_07-4)	COMPLETED	0	2026-08-29 02:41:46.630	2026-08-29 02:41:46.726	2026-08-29 02:42:21.393	32.7s	2	6 GB	503 MB	7.7 GB	105.2%	0.7%	1.3 GB	56.6 MB
1771	bb/0c1600	BGC_ANALYSIS:ANTISMASH_ANALYSIS:ANTISMASH (Pantoea_sp._Morm_Morm)	COMPLETED	0	2026-08-29 02:40:27.390	2026-08-29 02:40:27.485	2026-08-29 02:42:22.258	1m 53s	2	6 GB	761.8 MB	7.8 GB	98.8%	1.3%	6.1 GB	193.9 MB
1789	6f/bf874e	BGC_ANALYSIS:ANTISMASH_ANALYSIS:ANTISMASH (Pantoea_stewartii_subsp._indologenes_PANS_99-15)	COMPLETED	0	2026-08-29 02:41:52.286	2026-08-29 02:41:52.383	2026-08-29 02:42:26.995	32.7s	2	6 GB	499.1 MB	7.8 GB	103.8%	0.7%	1.3 GB	56.3 MB
1793	6d/6c4c59	BGC_ANALYSIS:ANTISMASH_ANALYSIS:ANTISMASH (Pantoea_stewartii_subsp._indologenes_PNA_15-2)	COMPLETED	0	2026-08-29 02:42:02.267	2026-08-29 02:42:02.363	2026-08-29 02:42:31.473	27.1s	2	6 GB	529.9 MB	7.8 GB	108.8%	0.7%	1.1 GB	49.1 MB
1753	8a/5f2a9a	BGC_ANALYSIS:ANTISMASH_ANALYSIS:ANTISMASH (Pantoea_ananatis_PNA_07_1)	COMPLETED	0	2026-08-29 02:41:46.024	2026-08-29 02:41:46.120	2026-08-29 02:42:44.719	56.7s	2	6 GB	4.6 GB	7.8 GB	113.8%	5.3%	10.3 GB	53.6 MB
1772	75/b981a2	BGC_ANALYSIS:ANTISMASH_ANALYSIS:ANTISMASH (Pantoea_sp._PNT01)	COMPLETED	0	2026-08-29 02:42:22.261	2026-08-29 02:42:22.357	2026-08-29 02:42:48.472	24.1s	2	6 GB	719.2 MB	7.8 GB	102.9%	1.2%	964.7 MB	58 MB
1773	c2/027ce7	BGC_ANALYSIS:ANTISMASH_ANALYSIS:ANTISMASH (Pantoea_sp._PNT02)	COMPLETED	0	2026-08-29 02:42:17.690	2026-08-29 02:42:17.787	2026-08-29 02:42:49.110	29.2s	2	6 GB	684.2 MB	7.7 GB	98.6%	1.2%	1.1 GB	67.4 MB
1790	16/ce1ac4	BGC_ANALYSIS:ANTISMASH_ANALYSIS:ANTISMASH (Pantoea_stewartii_subsp._indologenes_PNA_14-11)	COMPLETED	0	2026-08-29 02:41:54.111	2026-08-29 02:41:54.207	2026-08-29 02:42:59.617	1m 3s	2	6 GB	4.6 GB	7.8 GB	121.1%	5.8%	16.3 GB	50.1 MB
1785	36/2c6349	BGC_ANALYSIS:ANTISMASH_ANALYSIS:ANTISMASH (Pantoea_stewartii_subsp._indologenes_PANS_07-12)	COMPLETED	0	2026-08-29 02:42:26.998	2026-08-29 02:42:27.095	2026-08-29 02:43:03.051	33.8s	2	6 GB	490.1 MB	7.7 GB	102.7%	0.7%	1.3 GB	57.5 MB
1786	4b/df98fc	BGC_ANALYSIS:ANTISMASH_ANALYSIS:ANTISMASH (Pantoea_stewartii_subsp._indologenes_PANS_07-14)	COMPLETED	0	2026-08-29 02:42:31.477	2026-08-29 02:42:31.573	2026-08-29 02:43:04.581	31.1s	2	6 GB	505.1 MB	7.8 GB	101.7%	0.7%	1.2 GB	53.6 MB
1783	65/26d7d6	BGC_ANALYSIS:ANTISMASH_ANALYSIS:ANTISMASH (Pantoea_stewartii_subsp._indologenes_NCPPB_2282)	COMPLETED	0	2026-08-29 02:42:44.722	2026-08-29 02:42:44.819	2026-08-29 02:43:17.186	30.2s	2	6 GB	521.6 MB	7.8 GB	105.8%	0.7%	1.2 GB	53.8 MB
1782	44/eb911a	BGC_ANALYSIS:ANTISMASH_ANALYSIS:ANTISMASH (Pantoea_stewartii_subsp._indologenes_NCPPB_2281)	COMPLETED	0	2026-08-29 02:42:48.476	2026-08-29 02:42:48.572	2026-08-29 02:43:19.308	28.7s	2	6 GB	530 MB	7.8 GB	109.9%	0.8%	1.2 GB	52.3 MB
1780	02/f4584f	BGC_ANALYSIS:ANTISMASH_ANALYSIS:ANTISMASH (Pantoea_stewartii_subsp._indologenes_NCPPB_1877)	COMPLETED	0	2026-08-29 02:42:49.114	2026-08-29 02:42:49.211	2026-08-29 02:43:23.145	31.9s	2	6 GB	491.1 MB	7.8 GB	102.4%	0.7%	1.3 GB	54.9 MB
1797	7d/de2ab0	BGC_ANALYSIS:ANTISMASH_ANALYSIS:ANTISMASH (Buchnera_aphidicola_Chaitophorus_sp._3695_Chaitophorus_sp-3695)	COMPLETED	0	2026-08-29 02:43:17.190	2026-08-29 02:43:17.287	2026-08-29 02:43:24.732	5.3s	2	6 GB	196.6 MB	2.7 GB	106.0%	0.3%	222.6 MB	4.2 MB
1794	42/af579e	BGC_ANALYSIS:ANTISMASH_ANALYSIS:ANTISMASH (Winslowiella_toletana_WS4403)	COMPLETED	0	2026-08-29 02:43:03.054	2026-08-29 02:43:03.152	2026-08-29 02:43:25.961	20.8s	2	6 GB	874.7 MB	7.9 GB	134.4%	1.4%	883.3 MB	61.7 MB
1792	d1/85ca8e	BGC_ANALYSIS:ANTISMASH_ANALYSIS:ANTISMASH (Pantoea_stewartii_subsp._indologenes_PNA_14-9)	COMPLETED	0	2026-08-29 02:42:21.397	2026-08-29 02:42:21.493	2026-08-29 02:43:26.405	1m 3s	2	6 GB	4.8 GB	7.8 GB	121.0%	5.3%	16.3 GB	50.1 MB
1800	ea/542e19	BGC_ANALYSIS:ANTISMASH_ANALYSIS:ANTISMASH (Buchnera_aphidicola_Cinara_curtihirsuta_BuCicurtihirsuta)	COMPLETED	0	2026-08-29 02:43:19.312	2026-08-29 02:43:19.408	2026-08-29 02:43:27.460	5.9s	2	6 GB	209 MB	2.7 GB	105.4%	0.3%	262.6 MB	7.4 MB
1806	e1/9be8b3	BGC_ANALYSIS:ANTISMASH_ANALYSIS:ANTISMASH (Buchnera_aphidicola_Cinara_splendens_BuCisplendens)	COMPLETED	0	2026-08-29 02:43:23.149	2026-08-29 02:43:23.245	2026-08-29 02:43:31.164	5.9s	2	6 GB	209.4 MB	2.7 GB	106.1%	0.3%	262.8 MB	7.5 MB
1801	84/b6710e	BGC_ANALYSIS:ANTISMASH_ANALYSIS:ANTISMASH (Buchnera_aphidicola_Cinara_curvipes_BuCicurvipes)	COMPLETED	0	2026-08-29 02:43:24.736	2026-08-29 02:43:24.832	2026-08-29 02:43:32.571	5.7s	2	6 GB	206.6 MB	2.7 GB	107.2%	0.3%	263.1 MB	7.5 MB
1811	35/db7cca	BGC_ANALYSIS:ANTISMASH_ANALYSIS:ANTISMASH (Buchnera_aphidicola_Myzocallis_carpini_Mycarpini-3696)	COMPLETED	0	2026-08-29 02:43:26.409	2026-08-29 02:43:26.505	2026-08-29 02:43:33.235	4.7s	2	6 GB	202.6 MB	2.7 GB	105.9%	0.3%	220.6 MB	4.1 MB
1798	c9/2eaeb8	BGC_ANALYSIS:ANTISMASH_ANALYSIS:ANTISMASH (Buchnera_aphidicola_Cinara_cf._splendens_pseudotsugae_3390_BuCisplendens_pseudotsugae)	COMPLETED	0	2026-08-29 02:43:25.967	2026-08-29 02:43:26.061	2026-08-29 02:43:33.648	5.5s	2	6 GB	201.1 MB	2.7 GB	106.8%	0.3%	262.8 MB	7.5 MB
1809	29/846596	BGC_ANALYSIS:ANTISMASH_ANALYSIS:ANTISMASH (Buchnera_aphidicola_GCA_948107705.1)	COMPLETED	0	2026-08-29 02:43:27.464	2026-08-29 02:43:27.560	2026-08-29 02:43:35.714	6.3s	2	6 GB	204.4 MB	2.7 GB	104.4%	0.3%	287.2 MB	7.6 MB
1815	0a/9220b1	BGC_ANALYSIS:ANTISMASH_ANALYSIS:ANTISMASH (Buchnera_aphidicola_Takecallis_arundicolens_Taarundicolens-3697)	COMPLETED	0	2026-08-29 02:43:31.168	2026-08-29 02:43:31.265	2026-08-29 02:43:38.034	4.8s	2	6 GB	203.5 MB	2.7 GB	105.9%	0.3%	220.6 MB	4.1 MB
1796	80/dc64e4	BGC_ANALYSIS:ANTISMASH_ANALYSIS:ANTISMASH (Buchnera_aphidicola_Chaitophorus_populicola_Chpopulicola-3609)	COMPLETED	0	2026-08-29 02:43:33.239	2026-08-29 02:43:33.338	2026-08-29 02:43:40.101	4.8s	2	6 GB	200 MB	2.7 GB	104.7%	0.3%	223.2 MB	4.2 MB
1788	f8/ade6e2	BGC_ANALYSIS:ANTISMASH_ANALYSIS:ANTISMASH (Pantoea_stewartii_subsp._indologenes_PANS_07-6)	COMPLETED	0	2026-08-29 02:43:04.585	2026-08-29 02:43:04.681	2026-08-29 02:43:40.108	33.5s	2	6 GB	507.8 MB	7.8 GB	101.3%	0.7%	1.3 GB	57.5 MB
1804	f4/aac2ff	BGC_ANALYSIS:ANTISMASH_ANALYSIS:ANTISMASH (Buchnera_aphidicola_Cinara_piceae_BuCipiceae)	COMPLETED	0	2026-08-29 02:43:32.574	2026-08-29 02:43:32.671	2026-08-29 02:43:40.130	5.4s	2	6 GB	207.7 MB	2.7 GB	107.7%	0.3%	262.8 MB	7.7 MB
1807	50/7ab9d1	BGC_ANALYSIS:ANTISMASH_ANALYSIS:ANTISMASH (Buchnera_aphidicola_Cinara_strobi_BuCistrobi)	COMPLETED	0	2026-08-29 02:43:33.652	2026-08-29 02:43:33.749	2026-08-29 02:43:41.129	5.5s	2	6 GB	215.3 MB	2.7 GB	106.6%	0.3%	265.7 MB	9.1 MB
1813	6f/440d64	BGC_ANALYSIS:ANTISMASH_ANALYSIS:ANTISMASH (Buchnera_aphidicola_Periphyllus_acericola_GCA_964019855.1)	COMPLETED	0	2026-08-29 02:43:35.719	2026-08-29 02:43:35.814	2026-08-29 02:43:42.483	4.8s	2	6 GB	202.8 MB	2.7 GB	104.2%	0.3%	218.6 MB	4.1 MB
1776	27/6028ea	BGC_ANALYSIS:ANTISMASH_ANALYSIS:ANTISMASH (Pantoea_sp._S61)	COMPLETED	0	2026-08-29 02:42:20.969	2026-08-29 02:42:21.065	2026-08-29 02:43:43.768	1m 21s	2	6 GB	4.7 GB	7.8 GB	108.2%	6.6%	16.7 GB	101.2 MB
1810	4f/f76bd6	BGC_ANALYSIS:ANTISMASH_ANALYSIS:ANTISMASH (Buchnera_aphidicola_Hyalopterus_amygdali_Hyamygdali-3475)	COMPLETED	0	2026-08-29 02:43:38.037	2026-08-29 02:43:38.134	2026-08-29 02:43:46.475	6.4s	2	6 GB	210.2 MB	2.7 GB	102.2%	0.3%	291.8 MB	9.3 MB
1808	41/e7a61d	BGC_ANALYSIS:ANTISMASH_ANALYSIS:ANTISMASH (Buchnera_aphidicola_Drepanosiphum_platanoidis_GCA_964020165.1)	COMPLETED	0	2026-08-29 02:43:40.134	2026-08-29 02:43:40.238	2026-08-29 02:43:46.855	4.9s	2	6 GB	199 MB	2.7 GB	99.4%	0.3%	216.7 MB	4.1 MB
1795	4d/4e61cc	BGC_ANALYSIS:ANTISMASH_ANALYSIS:ANTISMASH (Buchnera_aphidicola_Anoecia_corni_Ancorni-2928)	COMPLETED	0	2026-08-29 02:43:40.112	2026-08-29 02:43:40.131	2026-08-29 02:43:47.892	5.9s	2	6 GB	208.2 MB	2.7 GB	104.5%	0.3%	271.1 MB	7.8 MB
1805	fe/efc122	BGC_ANALYSIS:ANTISMASH_ANALYSIS:ANTISMASH (Buchnera_aphidicola_Cinara_pseudotaxifoliae_BuCipseudotaxifoliae)	COMPLETED	0	2026-08-29 02:43:41.132	2026-08-29 02:43:41.229	2026-08-29 02:43:48.957	5.8s	2	6 GB	225.5 MB	2.7 GB	104.4%	0.3%	263.1 MB	7.5 MB
1799	c6/37d851	BGC_ANALYSIS:ANTISMASH_ANALYSIS:ANTISMASH (Buchnera_aphidicola_Cinara_cuneomaculata_BuCicuneomaculata)	COMPLETED	0	2026-08-29 02:43:42.487	2026-08-29 02:43:42.583	2026-08-29 02:43:50.628	6.1s	2	6 GB	206.5 MB	2.7 GB	103.6%	0.3%	261.7 MB	7.4 MB
1822	f0/e9cfd4	BGC_ANALYSIS:ANTISMASH_ANALYSIS:ANTISMASH (Candidatus_Erwinia_haradaeae_ErCicurvipes)	COMPLETED	0	2026-08-29 02:43:43.772	2026-08-29 02:43:43.869	2026-08-29 02:43:53.136	7.2s	2	6 GB	222 MB	2.7 GB	102.6%	0.3%	283.7 MB	12.4 MB
1803	9a/c2e0bc	BGC_ANALYSIS:ANTISMASH_ANALYSIS:ANTISMASH (Buchnera_aphidicola_Cinara_laricifoliae_BuCilaricifoliae)	COMPLETED	0	2026-08-29 02:43:46.479	2026-08-29 02:43:46.576	2026-08-29 02:43:54.271	5.8s	2	6 GB	202.2 MB	2.7 GB	105.0%	0.3%	262.3 MB	7.4 MB
1802	5e/250a3b	BGC_ANALYSIS:ANTISMASH_ANALYSIS:ANTISMASH (Buchnera_aphidicola_Cinara_kochiana_kochiana_BuCikochiana)	COMPLETED	0	2026-08-29 02:43:46.859	2026-08-29 02:43:46.955	2026-08-29 02:43:54.667	5.8s	2	6 GB	209.9 MB	2.7 GB	101.6%	0.3%	262.3 MB	7.4 MB
1828	fc/ce0ae4	BGC_ANALYSIS:ANTISMASH_ANALYSIS:ANTISMASH (Candidatus_Erwinia_haradaeae_ErCisplendens)	COMPLETED	0	2026-08-29 02:43:47.896	2026-08-29 02:43:47.992	2026-08-29 02:43:57.019	7s	2	6 GB	477.2 MB	7.6 GB	103.6%	0.7%	283.3 MB	12.1 MB
1814	b3/930939	BGC_ANALYSIS:ANTISMASH_ANALYSIS:ANTISMASH (Buchnera_aphidicola_Phyllaphis_fagi_Phfagi-3703)	COMPLETED	0	2026-08-29 02:43:50.632	2026-08-29 02:43:50.729	2026-08-29 02:43:57.460	4.8s	2	6 GB	197.8 MB	2.7 GB	105.0%	0.3%	216.5 MB	3.9 MB
1824	8c/52d90c	BGC_ANALYSIS:ANTISMASH_ANALYSIS:ANTISMASH (Candidatus_Erwinia_haradaeae_ErCilaricifoliae)	COMPLETED	0	2026-08-29 02:43:48.966	2026-08-29 02:43:49.062	2026-08-29 02:43:58.051	6.9s	2	6 GB	483 MB	7.6 GB	101.3%	0.8%	286.2 MB	12.3 MB
1812	95/e15211	BGC_ANALYSIS:ANTISMASH_ANALYSIS:ANTISMASH (Buchnera_aphidicola_Pemphigus_populi_Pepopuli-3700)	COMPLETED	0	2026-08-29 02:43:53.139	2026-08-29 02:43:53.235	2026-08-29 02:44:01.438	6.3s	2	6 GB	213.9 MB	2.7 GB	103.4%	0.3%	298.8 MB	8.9 MB
1791	50/132d4c	BGC_ANALYSIS:ANTISMASH_ANALYSIS:ANTISMASH (Pantoea_stewartii_subsp._indologenes_PNA_14-12)	COMPLETED	0	2026-08-29 02:42:59.620	2026-08-29 02:42:59.718	2026-08-29 02:44:01.987	1m	2	6 GB	4.7 GB	8 GB	120.8%	5.5%	16.2 GB	49.6 MB
1817	c3/037369	BGC_ANALYSIS:ANTISMASH_ANALYSIS:ANTISMASH (Buchnera_aphidicola_Thelaxes_suberi_Thsuberi-3717)	COMPLETED	0	2026-08-29 02:43:54.274	2026-08-29 02:43:54.370	2026-08-29 02:44:02.544	6.3s	2	6 GB	209.9 MB	2.7 GB	102.7%	0.3%	296.5 MB	8.4 MB
1816	6f/3851b4	BGC_ANALYSIS:ANTISMASH_ANALYSIS:ANTISMASH (Buchnera_aphidicola_Tetraneura_ulmi_Teulmi-3693)	COMPLETED	0	2026-08-29 02:43:54.670	2026-08-29 02:43:54.768	2026-08-29 02:44:02.583	5.9s	2	6 GB	208.8 MB	2.7 GB	104.6%	0.3%	274.7 MB	7.9 MB
1818	96/f398c5	BGC_ANALYSIS:ANTISMASH_ANALYSIS:ANTISMASH (Buchnera_aphidicola_Tuberolachnus_salignus_GCA_964031235.1)	COMPLETED	0	2026-08-29 02:43:57.022	2026-08-29 02:43:57.119	2026-08-29 02:44:03.763	4.7s	2	6 GB	202.9 MB	2.7 GB	108.4%	0.3%	215.5 MB	3.9 MB
1823	45/5291aa	BGC_ANALYSIS:ANTISMASH_ANALYSIS:ANTISMASH (Candidatus_Erwinia_haradaeae_ErCikochiana)	COMPLETED	0	2026-08-29 02:43:57.464	2026-08-29 02:43:57.561	2026-08-29 02:44:06.247	6.8s	2	6 GB	475.6 MB	7.6 GB	100.6%	0.8%	284.5 MB	12.5 MB
1821	f5/7b1b5f	BGC_ANALYSIS:ANTISMASH_ANALYSIS:ANTISMASH (Candidatus_Erwinia_haradaeae_ErCicurtihirsuta)	COMPLETED	0	2026-08-29 02:43:58.056	2026-08-29 02:43:58.151	2026-08-29 02:44:07.134	7s	2	6 GB	482.2 MB	7.6 GB	103.2%	0.8%	283.2 MB	12.4 MB
1820	33/6d0b84	BGC_ANALYSIS:ANTISMASH_ANALYSIS:ANTISMASH (Candidatus_Erwinia_haradaeae_ErCicuneomaculata)	COMPLETED	0	2026-08-29 02:44:01.441	2026-08-29 02:44:01.538	2026-08-29 02:44:10.391	6.9s	2	6 GB	476.7 MB	7.6 GB	101.2%	0.7%	283.9 MB	12 MB
1825	eb/006d44	BGC_ANALYSIS:ANTISMASH_ANALYSIS:ANTISMASH (Candidatus_Erwinia_haradaeae_ErCipiceae)	COMPLETED	0	2026-08-29 02:44:02.548	2026-08-29 02:44:02.583	2026-08-29 02:44:11.142	6.6s	2	6 GB	344.6 MB	5.1 GB	100.5%	0.5%	283.4 MB	12.9 MB
1827	37/507108	BGC_ANALYSIS:ANTISMASH_ANALYSIS:ANTISMASH (Candidatus_Erwinia_haradaeae_ErCipseudotsugae)	COMPLETED	0	2026-08-29 02:44:03.766	2026-08-29 02:44:03.862	2026-08-29 02:44:12.673	6.8s	2	6 GB	477.6 MB	7.6 GB	103.8%	0.7%	283.1 MB	12.1 MB
1829	23/168e25	BGC_ANALYSIS:ANTISMASH_ANALYSIS:ANTISMASH (Candidatus_Erwinia_haradaeae_ErCisplendens_pseudotsugae)	COMPLETED	0	2026-08-29 02:44:07.137	2026-08-29 02:44:07.234	2026-08-29 02:44:16.216	6.9s	2	6 GB	466.5 MB	7.6 GB	104.4%	0.7%	283.8 MB	12.1 MB
1826	76/5c914f	BGC_ANALYSIS:ANTISMASH_ANALYSIS:ANTISMASH (Candidatus_Erwinia_haradaeae_ErCipseudotaxifoliae_2)	COMPLETED	0	2026-08-29 02:44:12.677	2026-08-29 02:44:12.773	2026-08-29 02:44:22.025	7.2s	2	6 GB	466.4 MB	7.6 GB	103.1%	0.7%	284.4 MB	12.3 MB
1838	10/9b2e26	BGC_ANALYSIS:ANTISMASH_ANALYSIS:ANTISMASH (Pantoea_agglomerans_NCTC10601)	COMPLETED	0	2026-08-29 02:44:01.991	2026-08-29 02:44:02.087	2026-08-29 02:44:24.684	20.7s	2	6 GB	712.2 MB	7.8 GB	119.8%	1.2%	884.1 MB	54.9 MB
1839	a2/84fd60	BGC_ANALYSIS:ANTISMASH_ANALYSIS:ANTISMASH (Pantoea_agglomerans_NCTC9381)	COMPLETED	0	2026-08-29 02:44:02.586	2026-08-29 02:44:02.683	2026-08-29 02:44:24.869	20.3s	2	6 GB	875.1 MB	7.9 GB	126.8%	1.4%	813.8 MB	59.1 MB
1830	ec/97309c	BGC_ANALYSIS:ANTISMASH_ANALYSIS:ANTISMASH (Candidatus_Erwinia_impunctatus_GCA_964016415.1)	COMPLETED	0	2026-08-29 02:44:16.221	2026-08-29 02:44:16.316	2026-08-29 02:44:35.505	17s	2	6 GB	693.4 MB	7.7 GB	127.8%	1.1%	658.5 MB	43.6 MB
1831	03/7e82e3	BGC_ANALYSIS:ANTISMASH_ANALYSIS:ANTISMASH (Candidatus_Pantoea_floridensis_JKS000234)	COMPLETED	0	2026-08-29 02:44:10.394	2026-08-29 02:44:10.491	2026-08-29 02:44:35.509	23.1s	2	6 GB	790.4 MB	7.8 GB	124.4%	1.4%	965.5 MB	60.5 MB
1842	6b/bac04b	BGC_ANALYSIS:ANTISMASH_ANALYSIS:ANTISMASH (Pantoea_brenneri_GCA_902506485.1)	COMPLETED	0	2026-08-29 02:44:06.251	2026-08-29 02:44:06.347	2026-08-29 02:44:41.286	32.9s	2	6 GB	846.8 MB	7.8 GB	113.8%	1.4%	1.5 GB	74.9 MB
2722	9f/0c52cb	BGC_ANALYSIS:ANTISMASH_ANALYSIS:ANTISMASH (Erwinia_billingiae_H484)	COMPLETED	0	2026-08-29 02:44:35.513	2026-08-29 02:44:35.609	2026-08-29 02:44:58.463	20.8s	2	6 GB	874.8 MB	7.9 GB	136.0%	1.4%	872 MB	63.6 MB
1849	2e/488e35	BGC_ANALYSIS:ANTISMASH_ANALYSIS:ANTISMASH (Pantoea_sp._GL120224-02)	COMPLETED	0	2026-08-29 02:44:24.873	2026-08-29 02:44:24.969	2026-08-29 02:45:01.670	34.7s	2	6 GB	676.1 MB	7.7 GB	95.3%	1.1%	1.4 GB	68.5 MB
1832	15/0ff587	BGC_ANALYSIS:ANTISMASH_ANALYSIS:ANTISMASH (Erwinia_aphidicola_GCA_918698235.1)	COMPLETED	0	2026-08-29 02:44:22.029	2026-08-29 02:44:22.125	2026-08-29 02:45:02.708	38.6s	2	6 GB	733.3 MB	7.8 GB	95.5%	1.2%	1.6 GB	74.2 MB
1835	ee/ce58ad	BGC_ANALYSIS:ANTISMASH_ANALYSIS:ANTISMASH (Pantoea_agglomerans_DAPP-PG734_2)	COMPLETED	0	2026-08-29 02:44:41.290	2026-08-29 02:44:41.386	2026-08-29 02:45:06.675	23.2s	2	6 GB	857.3 MB	7.9 GB	124.1%	1.4%	955.5 MB	66.2 MB
1843	4c/7fad6f	BGC_ANALYSIS:ANTISMASH_ANALYSIS:ANTISMASH (Pantoea_brenneri_GCA_963517145.1)	COMPLETED	0	2026-08-29 02:44:11.146	2026-08-29 02:44:11.242	2026-08-29 02:45:19.746	1m 7s	2	6 GB	487.7 MB	7.7 GB	103.7%	0.7%	3.2 GB	102.4 MB
1837	2d/dc47a1	BGC_ANALYSIS:ANTISMASH_ANALYSIS:ANTISMASH (Pantoea_agglomerans_NCTC10500)	COMPLETED	0	2026-08-29 02:45:01.673	2026-08-29 02:45:01.769	2026-08-29 02:45:23.908	20.3s	2	6 GB	751.8 MB	7.8 GB	127.7%	1.3%	831.6 MB	52.9 MB
1836	0d/7ca064	BGC_ANALYSIS:ANTISMASH_ANALYSIS:ANTISMASH (Pantoea_agglomerans_GCA_963528405.1)	COMPLETED	0	2026-08-29 02:44:58.467	2026-08-29 02:44:58.563	2026-08-29 02:45:37.426	36.9s	2	6 GB	487.5 MB	7.7 GB	100.8%	0.7%	1.6 GB	63 MB
1840	3a/becc3b	BGC_ANALYSIS:ANTISMASH_ANALYSIS:ANTISMASH (Pantoea_agglomerans_RSO7)	COMPLETED	0	2026-08-29 02:45:06.678	2026-08-29 02:45:06.774	2026-08-29 02:45:39.401	30.6s	2	6 GB	494.2 MB	7.8 GB	104.3%	0.7%	1.2 GB	52.2 MB
1841	2a/291b86	BGC_ANALYSIS:ANTISMASH_ANALYSIS:ANTISMASH (Pantoea_ananatis_GCA_963520565.1)	COMPLETED	0	2026-08-29 02:45:02.712	2026-08-29 02:45:02.809	2026-08-29 02:45:44.088	39.3s	2	6 GB	491.2 MB	7.8 GB	102.7%	0.7%	1.8 GB	66.5 MB
1834	0b/48d841	BGC_ANALYSIS:ANTISMASH_ANALYSIS:ANTISMASH (Mixta_sp._Marseille-Q2659)	COMPLETED	0	2026-08-29 02:44:35.508	2026-08-29 02:44:35.609	2026-08-29 02:45:46.523	1m 9s	2	6 GB	4.7 GB	7.7 GB	112.2%	7.0%	9.7 GB	72.5 MB
1847	3a/a3209e	BGC_ANALYSIS:ANTISMASH_ANALYSIS:ANTISMASH (Pantoea_sp._18059_GCA_902706165.1)	COMPLETED	0	2026-08-29 02:45:23.912	2026-08-29 02:45:24.008	2026-08-29 02:45:54.439	28.4s	2	6 GB	513.2 MB	7.8 GB	107.9%	0.7%	1.1 GB	49.5 MB
1854	45/9de03c	BGC_ANALYSIS:ANTISMASH_ANALYSIS:ANTISMASH (Pantoea_vagans_GCA_963524165.1)	COMPLETED	0	2026-08-29 02:45:19.749	2026-08-29 02:45:19.846	2026-08-29 02:45:55.036	33.2s	2	6 GB	481.8 MB	7.8 GB	101.1%	0.7%	1.4 GB	56.5 MB
1833	b7/ff59db	BGC_ANALYSIS:ANTISMASH_ANALYSIS:ANTISMASH (Erwinia_mediterraneensis_Marseille-P5165)	COMPLETED	0	2026-08-29 02:45:37.430	2026-08-29 02:45:37.526	2026-08-29 02:46:00.124	20.6s	2	6 GB	590 MB	7.8 GB	127.4%	0.9%	759.9 MB	39.6 MB
1852	e4/534009	BGC_ANALYSIS:ANTISMASH_ANALYSIS:ANTISMASH (Pantoea_sp._Nvir_GCA_960934465.1)	COMPLETED	0	2026-08-29 02:45:54.442	2026-08-29 02:45:54.539	2026-08-29 02:46:08.177	11.6s	2	6 GB	488.2 MB	7.6 GB	100.5%	0.8%	520.7 MB	20 MB
1857	c5/89bc19	BGC_ANALYSIS:ANTISMASH_ANALYSIS:ANTISMASH (uncultured_Buchnera_sp._GCA_913776765.1)	COMPLETED	0	2026-08-29 02:46:00.128	2026-08-29 02:46:00.224	2026-08-29 02:46:08.905	6.5s	2	6 GB	451.5 MB	7.7 GB	105.6%	0.7%	267.2 MB	7.1 MB
1844	7f/e0bf84	BGC_ANALYSIS:ANTISMASH_ANALYSIS:ANTISMASH (Pantoea_septica_GCA_902386985.1)	COMPLETED	0	2026-08-29 02:45:46.526	2026-08-29 02:45:46.623	2026-08-29 02:46:11.782	23.2s	2	6 GB	613.8 MB	8 GB	128.2%	1.0%	876 MB	45.1 MB
1846	5b/554718	BGC_ANALYSIS:ANTISMASH_ANALYSIS:ANTISMASH (Pantoea_septica_GCA_963524545.1)	COMPLETED	0	2026-08-29 02:45:44.091	2026-08-29 02:45:44.188	2026-08-29 02:46:25.921	39.8s	2	6 GB	478.2 MB	7.7 GB	102.6%	0.7%	1.8 GB	65.3 MB
1853	10/ab5181	BGC_ANALYSIS:ANTISMASH_ANALYSIS:ANTISMASH (Pantoea_sp._Nvir_GCA_963853465.1)	COMPLETED	0	2026-08-29 02:46:11.785	2026-08-29 02:46:11.883	2026-08-29 02:46:34.483	20.7s	2	6 GB	763.6 MB	7.8 GB	129.2%	1.3%	834.2 MB	53.8 MB
1861	33/f6f209	BGC_ANALYSIS:ANTISMASH_ANALYSIS:ANTISMASH (uncultured_Erwinia_sp._GCA_945290265.1)	COMPLETED	0	2026-08-29 02:45:55.039	2026-08-29 02:45:55.136	2026-08-29 02:46:37.517	40.3s	2	6 GB	470.4 MB	7.7 GB	104.4%	0.7%	1.8 GB	60.5 MB
1851	d8/7d083c	BGC_ANALYSIS:ANTISMASH_ANALYSIS:ANTISMASH (Pantoea_sp._Marseille-Q5743)	COMPLETED	0	2026-08-29 02:46:08.908	2026-08-29 02:46:09.005	2026-08-29 02:46:41.204	30.3s	2	6 GB	519 MB	7.8 GB	108.9%	0.7%	1.2 GB	54.4 MB
1856	fe/f11f33	BGC_ANALYSIS:ANTISMASH_ANALYSIS:ANTISMASH (Tatumella_ptyseos_NCTC11468)	COMPLETED	0	2026-08-29 02:46:41.208	2026-08-29 02:46:41.304	2026-08-29 02:46:56.715	13.4s	2	6 GB	608.2 MB	7.3 GB	135.9%	1.1%	606.8 MB	25.7 MB
1858	16/e9e9d2	BGC_ANALYSIS:ANTISMASH_ANALYSIS:ANTISMASH (uncultured_Buchnera_sp._GCA_913777495.1)	COMPLETED	0	2026-08-29 02:46:34.486	2026-08-29 02:46:34.583	2026-08-29 02:46:58.637	22s	2	6 GB	432.8 MB	7.5 GB	110.7%	0.7%	1.2 GB	30.3 MB
1850	24/e825e1	BGC_ANALYSIS:ANTISMASH_ANALYSIS:ANTISMASH (Pantoea_sp._ME81)	COMPLETED	0	2026-08-29 02:44:24.688	2026-08-29 02:44:24.784	2026-08-29 02:47:02.880	2m 36s	2	6 GB	547.9 MB	7.7 GB	110.3%	1.0%	8.2 GB	224.5 MB
1863	66/5fcb37	BGC_ANALYSIS:ANTISMASH_ANALYSIS:ANTISMASH (uncultured_Erwinia_sp._GCA_963520805.1)	COMPLETED	0	2026-08-29 02:46:25.925	2026-08-29 02:46:26.022	2026-08-29 02:47:04.463	36.4s	2	6 GB	493.3 MB	7.8 GB	102.6%	0.7%	1.4 GB	62 MB
1848	dd/cd4c58	BGC_ANALYSIS:ANTISMASH_ANALYSIS:ANTISMASH (Pantoea_sp._18069_GCA_902706035.1)	COMPLETED	0	2026-08-29 02:46:08.181	2026-08-29 02:46:08.278	2026-08-29 02:47:11.939	1m 2s	2	6 GB	543.3 MB	7.7 GB	104.9%	0.8%	2.7 GB	93.2 MB
1865	4e/84f0ad	BGC_ANALYSIS:ANTISMASH_ANALYSIS:ANTISMASH (uncultured_Pantoea_sp._GCA_900538725.1)	COMPLETED	0	2026-08-29 02:46:37.521	2026-08-29 02:46:37.618	2026-08-29 02:47:24.381	44.7s	2	6 GB	480.6 MB	7.7 GB	101.2%	0.7%	2.1 GB	72.5 MB
1859	48/1e21a3	BGC_ANALYSIS:ANTISMASH_ANALYSIS:ANTISMASH (uncultured_Erwinia_sp._GCA_913774645.1)	COMPLETED	0	2026-08-29 02:46:58.641	2026-08-29 02:46:58.737	2026-08-29 02:47:34.471	33.7s	2	6 GB	481.7 MB	7.7 GB	100.9%	0.7%	1.3 GB	53.1 MB
1868	1c/489156	BGC_ANALYSIS:ANTISMASH_ANALYSIS:ANTISMASH (uncultured_Pantoea_sp._GCA_902480395.1)	COMPLETED	0	2026-08-29 02:47:02.885	2026-08-29 02:47:02.980	2026-08-29 02:47:49.701	44.7s	2	6 GB	480.6 MB	7.7 GB	102.0%	0.7%	2.1 GB	72.5 MB
1871	6a/027a38	BGC_ANALYSIS:ANTISMASH_ANALYSIS:ANTISMASH (uncultured_Pantoea_sp._GCA_902485285.1)	COMPLETED	0	2026-08-29 02:47:04.467	2026-08-29 02:47:04.564	2026-08-29 02:47:51.275	44.6s	2	6 GB	496.3 MB	7.8 GB	104.6%	0.7%	2 GB	72.4 MB
1819	6e/065eaa	BGC_ANALYSIS:ANTISMASH_ANALYSIS:ANTISMASH (Candidatus_Erwinia_dacicola_GCA_937876675.1)	COMPLETED	0	2026-08-29 02:43:40.105	2026-08-29 02:43:40.109	2026-08-29 02:48:02.005	4m 20s	2	6 GB	498.2 MB	7.6 GB	110.2%	0.9%	14.9 GB	374.2 MB
1881	07/ca7953	BGC_ANALYSIS:ANTISMASH_ANALYSIS:ANTISMASH (uncultured_Pantoea_sp._GCA_913775655.1)	COMPLETED	0	2026-08-29 02:47:34.475	2026-08-29 02:47:34.572	2026-08-29 02:48:18.088	41.5s	2	6 GB	497.9 MB	7.7 GB	102.0%	0.8%	1.8 GB	66.9 MB
1876	1d/8ca6a3	BGC_ANALYSIS:ANTISMASH_ANALYSIS:ANTISMASH (uncultured_Pantoea_sp._GCA_913774055.1)	COMPLETED	0	2026-08-29 02:47:51.279	2026-08-29 02:47:51.375	2026-08-29 02:48:18.647	25.3s	2	6 GB	488.4 MB	7.8 GB	107.0%	0.7%	972 MB	43.3 MB
1860	73/ddffd6	BGC_ANALYSIS:ANTISMASH_ANALYSIS:ANTISMASH (uncultured_Erwinia_sp._GCA_913775305.1)	COMPLETED	0	2026-08-29 02:47:24.384	2026-08-29 02:47:24.481	2026-08-29 02:48:34.769	1m 8s	2	6 GB	507.1 MB	7.7 GB	107.4%	0.8%	3.3 GB	100.2 MB
1864	94/e91e48	BGC_ANALYSIS:ANTISMASH_ANALYSIS:ANTISMASH (uncultured_Pantoea_sp._GCA_900538665.1)	COMPLETED	0	2026-08-29 02:47:49.704	2026-08-29 02:47:49.801	2026-08-29 02:48:35.577	43.8s	2	6 GB	479.2 MB	7.8 GB	103.1%	0.7%	2 GB	70.6 MB
1872	06/ce6a1e	BGC_ANALYSIS:ANTISMASH_ANALYSIS:ANTISMASH (uncultured_Pantoea_sp._GCA_902485335.1)	COMPLETED	0	2026-08-29 02:48:18.650	2026-08-29 02:48:18.747	2026-08-29 02:48:58.444	37.7s	2	6 GB	492 MB	7.8 GB	102.7%	0.7%	1.6 GB	61.6 MB
1862	08/88f79d	BGC_ANALYSIS:ANTISMASH_ANALYSIS:ANTISMASH (uncultured_Erwinia_sp._GCA_946221915.1)	COMPLETED	0	2026-08-29 02:48:18.091	2026-08-29 02:48:18.188	2026-08-29 02:49:25.295	1m 5s	2	6 GB	535.4 MB	7.7 GB	106.7%	0.8%	3 GB	99.5 MB
1845	9c/9b5fc0	BGC_ANALYSIS:ANTISMASH_ANALYSIS:ANTISMASH (Pantoea_septica_GCA_943914765.1)	COMPLETED	0	2026-08-29 02:45:39.404	2026-08-29 02:45:39.502	2026-08-29 02:49:35.614	3m 54s	2	6 GB	516.7 MB	7.7 GB	112.1%	1.0%	13 GB	333.8 MB
1882	95/9b1c9d	BGC_ANALYSIS:ANTISMASH_ANALYSIS:ANTISMASH (uncultured_Pantoea_sp._GCA_913776085.1)	COMPLETED	0	2026-08-29 02:48:58.448	2026-08-29 02:48:58.544	2026-08-29 02:49:42.470	41.9s	2	6 GB	474.3 MB	7.7 GB	105.4%	0.7%	1.9 GB	68.8 MB
1870	77/a0d27c	BGC_ANALYSIS:ANTISMASH_ANALYSIS:ANTISMASH (uncultured_Pantoea_sp._GCA_902485265.1)	COMPLETED	0	2026-08-29 02:49:25.298	2026-08-29 02:49:25.395	2026-08-29 02:50:30.832	1m 3s	2	6 GB	4.6 GB	7.8 GB	115.0%	4.0%	10.6 GB	61.4 MB
1875	af/6072ad	BGC_ANALYSIS:ANTISMASH_ANALYSIS:ANTISMASH (uncultured_Pantoea_sp._GCA_913773645.1)	COMPLETED	0	2026-08-29 02:47:11.943	2026-08-29 02:47:12.040	2026-08-29 02:50:33.561	3m 19s	2	6 GB	476.3 MB	7.6 GB	114.2%	0.7%	10.9 GB	280.7 MB
1866	c5/8cd8cb	BGC_ANALYSIS:ANTISMASH_ANALYSIS:ANTISMASH (uncultured_Pantoea_sp._GCA_900547325.1)	COMPLETED	0	2026-08-29 02:48:02.009	2026-08-29 02:48:02.104	2026-08-29 02:50:34.552	2m 30s	2	6 GB	499.3 MB	7.7 GB	113.4%	0.8%	8.2 GB	214.3 MB
1867	01/e9e4bf	BGC_ANALYSIS:ANTISMASH_ANALYSIS:ANTISMASH (uncultured_Pantoea_sp._GCA_900556005.1)	COMPLETED	0	2026-08-29 02:46:56.718	2026-08-29 02:46:56.815	2026-08-29 02:50:36.532	3m 38s	2	6 GB	469.3 MB	7.6 GB	112.8%	0.7%	12.4 GB	309.2 MB
1893	e6/02a768	BGC_ANALYSIS:ANTISMASH_ANALYSIS:ANTISMASH (uncultured_Pantoea_sp._GCA_963528295.1)	COMPLETED	0	2026-08-29 02:50:34.555	2026-08-29 02:50:34.651	2026-08-29 02:51:00.230	23.6s	2	6 GB	521.5 MB	7.8 GB	115.3%	0.7%	977.5 MB	43.3 MB
1892	ad/84005f	BGC_ANALYSIS:ANTISMASH_ANALYSIS:ANTISMASH (uncultured_Pantoea_sp._GCA_963523335.1)	COMPLETED	0	2026-08-29 02:50:36.535	2026-08-29 02:50:36.632	2026-08-29 02:51:04.559	25.9s	2	6 GB	486.3 MB	7.8 GB	105.4%	0.7%	1 GB	43.6 MB
1873	7e/db0ad6	BGC_ANALYSIS:ANTISMASH_ANALYSIS:ANTISMASH (uncultured_Pantoea_sp._GCA_902485385.1)	COMPLETED	0	2026-08-29 02:50:33.565	2026-08-29 02:50:33.661	2026-08-29 02:51:07.009	31.3s	2	6 GB	489.3 MB	7.8 GB	104.0%	0.7%	1.2 GB	52.3 MB
1879	72/8dd626	BGC_ANALYSIS:ANTISMASH_ANALYSIS:ANTISMASH (uncultured_Pantoea_sp._GCA_913774635.1)	COMPLETED	0	2026-08-29 02:50:30.834	2026-08-29 02:50:30.932	2026-08-29 02:51:19.716	46.8s	2	6 GB	485.4 MB	7.7 GB	102.9%	0.7%	2.2 GB	76.6 MB
1886	d4/2260cf	BGC_ANALYSIS:ANTISMASH_ANALYSIS:ANTISMASH (uncultured_Pantoea_sp._GCA_913777825.1)	COMPLETED	0	2026-08-29 02:48:34.772	2026-08-29 02:48:34.869	2026-08-29 02:51:30.100	2m 53s	2	6 GB	507.3 MB	7.7 GB	114.1%	0.8%	9.4 GB	243.6 MB
1880	e3/ca522c	BGC_ANALYSIS:ANTISMASH_ANALYSIS:ANTISMASH (uncultured_Pantoea_sp._GCA_913775175.1)	COMPLETED	0	2026-08-29 02:51:00.233	2026-08-29 02:51:00.330	2026-08-29 02:51:30.661	28.3s	2	6 GB	441.4 MB	7.5 GB	104.5%	0.7%	1.4 GB	43.4 MB
1878	1c/d16682	BGC_ANALYSIS:ANTISMASH_ANALYSIS:ANTISMASH (uncultured_Pantoea_sp._GCA_913774525.1)	COMPLETED	0	2026-08-29 02:51:04.562	2026-08-29 02:51:04.659	2026-08-29 02:51:36.807	30.2s	2	6 GB	483.2 MB	7.7 GB	103.5%	0.7%	1.1 GB	50.5 MB
1885	00/113552	BGC_ANALYSIS:ANTISMASH_ANALYSIS:ANTISMASH (uncultured_Pantoea_sp._GCA_913777425.1)	COMPLETED	0	2026-08-29 02:48:35.581	2026-08-29 02:48:35.677	2026-08-29 02:51:43.179	3m 6s	2	6 GB	477.8 MB	7.7 GB	113.4%	0.7%	10.1 GB	263.6 MB
1889	cd/f2718b	BGC_ANALYSIS:ANTISMASH_ANALYSIS:ANTISMASH (uncultured_Pantoea_sp._GCA_928890885.1)	COMPLETED	0	2026-08-29 02:51:36.811	2026-08-29 02:51:36.907	2026-08-29 02:51:47.797	8.8s	2	6 GB	475.1 MB	7.3 GB	103.1%	0.7%	299.5 MB	9.8 MB
1883	53/5cffff	BGC_ANALYSIS:ANTISMASH_ANALYSIS:ANTISMASH (uncultured_Pantoea_sp._GCA_913776375.1)	COMPLETED	0	2026-08-29 02:51:19.720	2026-08-29 02:51:19.817	2026-08-29 02:51:58.731	36.9s	2	6 GB	499.6 MB	7.8 GB	103.0%	0.7%	1.4 GB	59.9 MB
1887	41/4d1914	BGC_ANALYSIS:ANTISMASH_ANALYSIS:ANTISMASH (uncultured_Pantoea_sp._GCA_913778495.1)	COMPLETED	0	2026-08-29 02:51:30.103	2026-08-29 02:51:30.200	2026-08-29 02:52:06.073	33.8s	2	6 GB	489.8 MB	7.7 GB	102.7%	0.8%	1.5 GB	55.6 MB
1891	48/c4ffd7	BGC_ANALYSIS:ANTISMASH_ANALYSIS:ANTISMASH (uncultured_Pantoea_sp._GCA_963520555.1)	COMPLETED	0	2026-08-29 02:51:43.183	2026-08-29 02:51:43.279	2026-08-29 02:52:20.113	34.8s	2	6 GB	463.9 MB	7.7 GB	102.4%	0.7%	1.6 GB	56.6 MB
1890	05/dd2d87	BGC_ANALYSIS:ANTISMASH_ANALYSIS:ANTISMASH (uncultured_Pantoea_sp._GCA_937952525.1)	COMPLETED	0	2026-08-29 02:51:30.664	2026-08-29 02:51:30.761	2026-08-29 02:52:20.294	47.5s	2	6 GB	508.6 MB	7.7 GB	102.8%	0.8%	2.1 GB	76.7 MB
1897	4f/2f432e	BGC_ANALYSIS:ANTISMASH_ANALYSIS:ANTISMASH (Erwiniaceae_bacterium_L1_54_6)	COMPLETED	0	2026-08-29 02:52:06.077	2026-08-29 02:52:06.174	2026-08-29 02:52:46.111	37.9s	2	6 GB	780.6 MB	7.8 GB	102.3%	1.3%	1.6 GB	90.3 MB
1896	89/4bcb0a	BGC_ANALYSIS:ANTISMASH_ANALYSIS:ANTISMASH (Erwiniaceae_bacterium_L1_54_3)	COMPLETED	0	2026-08-29 02:52:20.298	2026-08-29 02:52:20.394	2026-08-29 02:53:08.500	46.1s	2	6 GB	769.8 MB	7.8 GB	96.7%	1.3%	2 GB	97 MB
1895	5a/551eb5	BGC_ANALYSIS:ANTISMASH_ANALYSIS:ANTISMASH (Erwinia_sp._V90_4)	COMPLETED	0	2026-08-29 02:52:20.116	2026-08-29 02:52:20.213	2026-08-29 02:53:10.208	48.1s	2	6 GB	695.7 MB	7.8 GB	97.2%	1.2%	2.2 GB	96.5 MB
1869	7f/c92bb7	BGC_ANALYSIS:ANTISMASH_ANALYSIS:ANTISMASH (uncultured_Pantoea_sp._GCA_902482755.1)	COMPLETED	0	2026-08-29 02:49:35.617	2026-08-29 02:49:35.714	2026-08-29 02:53:13.571	3m 36s	2	6 GB	494.5 MB	7.7 GB	112.6%	0.8%	12.4 GB	310 MB
1894	d9/d2eec3	BGC_ANALYSIS:ANTISMASH_ANALYSIS:ANTISMASH (uncultured_Pantoea_sp._GCA_963530585.1)	COMPLETED	0	2026-08-29 02:51:58.735	2026-08-29 02:51:58.831	2026-08-29 02:53:24.700	1m 24s	2	6 GB	516.5 MB	7.7 GB	111.5%	0.8%	4.4 GB	124.3 MB
1903	bf/54d158	BGC_ANALYSIS:ANTISMASH_ANALYSIS:ANTISMASH (Pantoea_ananatis_03-1)	COMPLETED	0	2026-08-29 02:52:46.115	2026-08-29 02:52:46.211	2026-08-29 02:53:45.524	57.4s	2	6 GB	4.6 GB	7.8 GB	116.7%	5.2%	10.4 GB	55.4 MB
1888	18/7a702c	BGC_ANALYSIS:ANTISMASH_ANALYSIS:ANTISMASH (uncultured_Pantoea_sp._GCA_913778595.1)	COMPLETED	0	2026-08-29 02:51:47.801	2026-08-29 02:51:47.897	2026-08-29 02:53:53.482	2m 4s	2	6 GB	501.9 MB	7.7 GB	113.2%	0.8%	6.6 GB	178 MB
1874	bb/334791	BGC_ANALYSIS:ANTISMASH_ANALYSIS:ANTISMASH (uncultured_Pantoea_sp._GCA_902489305.1)	COMPLETED	0	2026-08-29 02:49:42.473	2026-08-29 02:49:42.570	2026-08-29 02:54:03.670	4m 19s	2	6 GB	514.4 MB	7.7 GB	112.9%	1.0%	14.6 GB	370 MB
1898	3b/9fa710	BGC_ANALYSIS:ANTISMASH_ANALYSIS:ANTISMASH (Erwiniaceae_bacterium_L1_55_4)	COMPLETED	0	2026-08-29 02:53:24.716	2026-08-29 02:53:24.800	2026-08-29 02:54:06.046	39.3s	2	6 GB	696.7 MB	7.8 GB	95.7%	1.3%	1.7 GB	81.4 MB
1906	85/76bea4	BGC_ANALYSIS:ANTISMASH_ANALYSIS:ANTISMASH (Pantoea_ananatis_06-4)	COMPLETED	0	2026-08-29 02:53:08.504	2026-08-29 02:53:08.600	2026-08-29 02:54:06.967	56.4s	2	6 GB	4.7 GB	7.9 GB	115.3%	7.7%	10.2 GB	52.3 MB
1907	c3/a5eaf6	BGC_ANALYSIS:ANTISMASH_ANALYSIS:ANTISMASH (Pantoea_ananatis_07-1)	COMPLETED	0	2026-08-29 02:53:10.212	2026-08-29 02:53:10.309	2026-08-29 02:54:12.713	1m	2	6 GB	4.7 GB	7.8 GB	113.7%	6.9%	10.5 GB	58.5 MB
1905	ba/e63a54	BGC_ANALYSIS:ANTISMASH_ANALYSIS:ANTISMASH (Pantoea_ananatis_05-1)	COMPLETED	0	2026-08-29 02:53:13.575	2026-08-29 02:53:13.671	2026-08-29 02:54:18.725	1m 3s	2	6 GB	3.3 GB	7.7 GB	111.8%	4.7%	11.1 GB	63.7 MB
1904	1c/febf52	BGC_ANALYSIS:ANTISMASH_ANALYSIS:ANTISMASH (Pantoea_ananatis_03-2)	COMPLETED	0	2026-08-29 02:53:53.485	2026-08-29 02:53:53.582	2026-08-29 02:54:30.937	35.1s	2	6 GB	508.5 MB	7.7 GB	103.6%	0.8%	1.5 GB	60.3 MB
1899	80/5b66dd	BGC_ANALYSIS:ANTISMASH_ANALYSIS:ANTISMASH (Pantoea_agglomerans_GD03966)	COMPLETED	0	2026-08-29 02:54:03.675	2026-08-29 02:54:03.770	2026-08-29 02:54:35.971	30.2s	2	6 GB	691.3 MB	7.8 GB	94.2%	1.3%	1.2 GB	66.9 MB
1908	10/cfe9b1	BGC_ANALYSIS:ANTISMASH_ANALYSIS:ANTISMASH (Pantoea_ananatis_07-10)	COMPLETED	0	2026-08-29 02:53:45.527	2026-08-29 02:53:45.624	2026-08-29 02:54:44.794	57.1s	2	6 GB	4.6 GB	7.8 GB	114.3%	4.9%	10.2 GB	52.5 MB
1884	96/fc912f	BGC_ANALYSIS:ANTISMASH_ANALYSIS:ANTISMASH (uncultured_Pantoea_sp._GCA_913777075.1)	COMPLETED	0	2026-08-29 02:51:07.013	2026-08-29 02:51:07.109	2026-08-29 02:54:49.748	3m 41s	2	6 GB	497.6 MB	7.6 GB	112.3%	0.9%	12.2 GB	314.3 MB
1901	4d/79c58d	BGC_ANALYSIS:ANTISMASH_ANALYSIS:ANTISMASH (Pantoea_ananatis_01-1)	COMPLETED	0	2026-08-29 02:54:30.941	2026-08-29 02:54:31.037	2026-08-29 02:55:07.405	34.4s	2	6 GB	504.9 MB	7.8 GB	102.8%	0.7%	1.3 GB	56.6 MB
1918	32/2da1b3	BGC_ANALYSIS:ANTISMASH_ANALYSIS:ANTISMASH (Pantoea_ananatis_15-1)	COMPLETED	0	2026-08-29 02:54:06.971	2026-08-29 02:54:07.067	2026-08-29 02:55:12.928	1m 4s	2	6 GB	4.6 GB	7.8 GB	111.5%	6.5%	10.4 GB	56.8 MB
1910	53/54050a	BGC_ANALYSIS:ANTISMASH_ANALYSIS:ANTISMASH (Pantoea_ananatis_08-1)	COMPLETED	0	2026-08-29 02:54:12.717	2026-08-29 02:54:12.815	2026-08-29 02:55:15.206	1m	2	6 GB	4.7 GB	7.8 GB	113.2%	5.5%	10.3 GB	53.7 MB
1909	4d/831b96	BGC_ANALYSIS:ANTISMASH_ANALYSIS:ANTISMASH (Pantoea_ananatis_07-14)	COMPLETED	0	2026-08-29 02:54:06.050	2026-08-29 02:54:06.146	2026-08-29 02:55:20.797	1m 13s	2	6 GB	4.7 GB	7.7 GB	118.5%	8.0%	18.8 GB	57.4 MB
1900	84/988155	BGC_ANALYSIS:ANTISMASH_ANALYSIS:ANTISMASH (Pantoea_agglomerans_RIT-To-3)	COMPLETED	0	2026-08-29 02:54:35.974	2026-08-29 02:54:36.071	2026-08-29 02:55:20.885	42.8s	2	6 GB	503 MB	7.8 GB	102.9%	0.8%	1.8 GB	69.4 MB
1913	5b/5ee27d	BGC_ANALYSIS:ANTISMASH_ANALYSIS:ANTISMASH (Pantoea_ananatis_1-5)	COMPLETED	0	2026-08-29 02:54:18.729	2026-08-29 02:54:18.825	2026-08-29 02:55:21.706	1m 1s	2	6 GB	4.7 GB	7.8 GB	112.4%	7.0%	10.3 GB	52.3 MB
1911	21/11a263	BGC_ANALYSIS:ANTISMASH_ANALYSIS:ANTISMASH (Pantoea_ananatis_1-10)	COMPLETED	0	2026-08-29 02:54:49.752	2026-08-29 02:54:49.848	2026-08-29 02:55:22.193	30.4s	2	6 GB	539.8 MB	7.8 GB	111.7%	0.8%	1.2 GB	54.1 MB
1915	95/2de4c6	BGC_ANALYSIS:ANTISMASH_ANALYSIS:ANTISMASH (Pantoea_ananatis_1-8)	COMPLETED	0	2026-08-29 02:54:44.798	2026-08-29 02:54:44.894	2026-08-29 02:55:24.027	37.1s	2	6 GB	498.3 MB	7.8 GB	104.0%	0.7%	1.4 GB	59.9 MB
1916	b0/f3a744	BGC_ANALYSIS:ANTISMASH_ANALYSIS:ANTISMASH (Pantoea_ananatis_11-1)	COMPLETED	0	2026-08-29 02:55:21.711	2026-08-29 02:55:21.806	2026-08-29 02:56:01.311	37.5s	2	6 GB	495.9 MB	7.8 GB	105.3%	0.7%	1.3 GB	56.7 MB
1912	07/c0310c	BGC_ANALYSIS:ANTISMASH_ANALYSIS:ANTISMASH (Pantoea_ananatis_1-2)	COMPLETED	0	2026-08-29 02:55:12.932	2026-08-29 02:55:13.028	2026-08-29 02:56:20.360	1m 5s	2	6 GB	3.2 GB	7.8 GB	113.3%	4.9%	10.3 GB	54.7 MB
1914	2f/ac1b60	BGC_ANALYSIS:ANTISMASH_ANALYSIS:ANTISMASH (Pantoea_ananatis_1-6)	COMPLETED	0	2026-08-29 02:55:15.209	2026-08-29 02:55:15.306	2026-08-29 02:56:23.773	1m 7s	2	6 GB	4.7 GB	7.8 GB	112.5%	7.8%	10.2 GB	50.8 MB
1926	47/751922	BGC_ANALYSIS:ANTISMASH_ANALYSIS:ANTISMASH (Pantoea_ananatis_19-13)	COMPLETED	0	2026-08-29 02:55:07.409	2026-08-29 02:55:07.505	2026-08-29 02:56:26.250	1m 17s	2	6 GB	4.6 GB	7.8 GB	108.2%	7.8%	10.7 GB	63.7 MB
1902	6c/43cc3f	BGC_ANALYSIS:ANTISMASH_ANALYSIS:ANTISMASH (Pantoea_ananatis_02-12_2)	COMPLETED	0	2026-08-29 02:55:20.889	2026-08-29 02:55:20.985	2026-08-29 02:56:26.571	1m 3s	2	6 GB	4.6 GB	7.8 GB	115.0%	5.4%	10.3 GB	53.1 MB
1917	18/d58e1d	BGC_ANALYSIS:ANTISMASH_ANALYSIS:ANTISMASH (Pantoea_ananatis_13-1)	COMPLETED	0	2026-08-29 02:55:22.197	2026-08-29 02:55:22.293	2026-08-29 02:56:33.647	1m 9s	2	6 GB	4.6 GB	7.8 GB	112.1%	7.5%	9.1 GB	55 MB
1923	84/0428a3	BGC_ANALYSIS:ANTISMASH_ANALYSIS:ANTISMASH (Pantoea_ananatis_18-6S)	COMPLETED	0	2026-08-29 02:56:01.314	2026-08-29 02:56:01.411	2026-08-29 02:56:49.080	45.2s	2	6 GB	503.1 MB	7.8 GB	99.9%	0.7%	1.8 GB	67.7 MB
1929	5d/a88e07	BGC_ANALYSIS:ANTISMASH_ANALYSIS:ANTISMASH (Pantoea_ananatis_2-1)	COMPLETED	0	2026-08-29 02:55:24.031	2026-08-29 02:55:24.128	2026-08-29 02:56:57.034	1m 31s	2	6 GB	4.7 GB	7.8 GB	122.7%	5.2%	23.9 GB	59.6 MB
1921	93/21838f	BGC_ANALYSIS:ANTISMASH_ANALYSIS:ANTISMASH (Pantoea_ananatis_18-10S)	COMPLETED	0	2026-08-29 02:56:33.651	2026-08-29 02:56:33.747	2026-08-29 02:57:17.183	41.2s	2	6 GB	490.7 MB	7.8 GB	101.9%	0.7%	1.7 GB	66.7 MB
1928	28/17dbdc	BGC_ANALYSIS:ANTISMASH_ANALYSIS:ANTISMASH (Pantoea_ananatis_19-8)	COMPLETED	0	2026-08-29 02:55:20.801	2026-08-29 02:55:20.886	2026-08-29 02:57:18.246	1m 55s	2	6 GB	4.6 GB	7.7 GB	110.8%	8.1%	13 GB	123.5 MB
1919	ff/b6455d	BGC_ANALYSIS:ANTISMASH_ANALYSIS:ANTISMASH (Pantoea_ananatis_15-3)	COMPLETED	0	2026-08-29 02:56:49.084	2026-08-29 02:56:49.180	2026-08-29 02:57:24.212	32.9s	2	6 GB	489.4 MB	7.7 GB	103.4%	0.7%	1.3 GB	56.8 MB
1935	04/a5734c	BGC_ANALYSIS:ANTISMASH_ANALYSIS:ANTISMASH (Pantoea_ananatis_200-12)	COMPLETED	0	2026-08-29 02:56:23.779	2026-08-29 02:56:23.873	2026-08-29 02:57:27.922	1m 2s	2	6 GB	4.7 GB	7.8 GB	112.7%	8.0%	10.4 GB	56.7 MB
1931	b2/fec17c	BGC_ANALYSIS:ANTISMASH_ANALYSIS:ANTISMASH (Pantoea_ananatis_2-6)	COMPLETED	0	2026-08-29 02:56:20.364	2026-08-29 02:56:20.461	2026-08-29 02:57:28.702	1m 6s	2	6 GB	4.6 GB	7.8 GB	111.4%	5.0%	10.5 GB	59.6 MB
1936	a9/48139d	BGC_ANALYSIS:ANTISMASH_ANALYSIS:ANTISMASH (Pantoea_ananatis_200-2)	COMPLETED	0	2026-08-29 02:56:26.577	2026-08-29 02:56:26.671	2026-08-29 02:57:51.441	1m 22s	2	6 GB	4.7 GB	8 GB	122.3%	4.7%	23 GB	57 MB
1937	6e/c5270b	BGC_ANALYSIS:ANTISMASH_ANALYSIS:ANTISMASH (Pantoea_ananatis_4-2)	COMPLETED	0	2026-08-29 02:56:26.254	2026-08-29 02:56:26.351	2026-08-29 02:57:52.296	1m 24s	2	6 GB	4.8 GB	8 GB	124.8%	5.0%	23.4 GB	58.8 MB
1941	83/160073	BGC_ANALYSIS:ANTISMASH_ANALYSIS:ANTISMASH (Pantoea_ananatis_97-3)	COMPLETED	0	2026-08-29 02:56:57.037	2026-08-29 02:56:57.134	2026-08-29 02:58:00.287	1m 1s	2	6 GB	4.7 GB	7.8 GB	112.5%	3.4%	10.8 GB	55.2 MB
1925	7e/6200ee	BGC_ANALYSIS:ANTISMASH_ANALYSIS:ANTISMASH (Pantoea_ananatis_18-8S)	COMPLETED	0	2026-08-29 02:57:18.251	2026-08-29 02:57:18.346	2026-08-29 02:58:00.757	40.1s	2	6 GB	500.4 MB	7.8 GB	101.2%	0.7%	1.7 GB	66.2 MB
1920	af/b7bfd1	BGC_ANALYSIS:ANTISMASH_ANALYSIS:ANTISMASH (Pantoea_ananatis_18-10)	COMPLETED	0	2026-08-29 02:57:28.705	2026-08-29 02:57:28.802	2026-08-29 02:58:07.568	36.6s	2	6 GB	505.6 MB	7.8 GB	103.0%	0.8%	1.5 GB	62.6 MB
1938	0e/e96b55	BGC_ANALYSIS:ANTISMASH_ANALYSIS:ANTISMASH (Pantoea_ananatis_92-7)	COMPLETED	0	2026-08-29 02:57:17.185	2026-08-29 02:57:17.282	2026-08-29 02:58:20.256	1m 1s	2	6 GB	4.7 GB	7.8 GB	110.5%	6.1%	10.4 GB	56.9 MB
1933	0b/d0ef08	BGC_ANALYSIS:ANTISMASH_ANALYSIS:ANTISMASH (Pantoea_ananatis_200-1)	COMPLETED	0	2026-08-29 02:57:52.300	2026-08-29 02:57:52.396	2026-08-29 02:58:25.349	30.8s	2	6 GB	510.6 MB	7.8 GB	102.2%	0.7%	1.2 GB	52.8 MB
1924	68/f5b8c3	BGC_ANALYSIS:ANTISMASH_ANALYSIS:ANTISMASH (Pantoea_ananatis_18-7S)	COMPLETED	0	2026-08-29 02:57:27.925	2026-08-29 02:57:28.022	2026-08-29 02:58:26.780	56.8s	2	6 GB	4.6 GB	7.8 GB	114.5%	5.2%	10.3 GB	53.6 MB
1942	1c/d99072	BGC_ANALYSIS:ANTISMASH_ANALYSIS:ANTISMASH (Pantoea_ananatis_98-1)	COMPLETED	0	2026-08-29 02:57:24.216	2026-08-29 02:57:24.312	2026-08-29 02:58:31.312	1m 5s	2	6 GB	4.6 GB	7.7 GB	109.0%	4.8%	10.6 GB	61.6 MB
1946	21/660d0b	BGC_ANALYSIS:ANTISMASH_ANALYSIS:ANTISMASH (Pantoea_ananatis_98-3)	COMPLETED	0	2026-08-29 02:58:00.761	2026-08-29 02:58:00.857	2026-08-29 02:58:36.145	33.5s	2	6 GB	501.7 MB	7.8 GB	105.5%	0.7%	1.4 GB	58.8 MB
1922	9e/07998f	BGC_ANALYSIS:ANTISMASH_ANALYSIS:ANTISMASH (Pantoea_ananatis_18-2)	COMPLETED	0	2026-08-29 02:57:51.445	2026-08-29 02:57:51.541	2026-08-29 02:58:48.392	54.6s	2	6 GB	4.6 GB	7.9 GB	117.1%	3.4%	10.2 GB	52.1 MB
1940	f7/efe944	BGC_ANALYSIS:ANTISMASH_ANALYSIS:ANTISMASH (Pantoea_ananatis_97-2)	COMPLETED	0	2026-08-29 02:58:00.292	2026-08-29 02:58:00.388	2026-08-29 02:58:58.333	56.1s	2	6 GB	3.3 GB	7.8 GB	113.7%	5.3%	10.7 GB	53.1 MB
1949	50/3670e9	BGC_ANALYSIS:ANTISMASH_ANALYSIS:ANTISMASH (Pantoea_ananatis_99-1)	COMPLETED	0	2026-08-29 02:58:20.259	2026-08-29 02:58:20.356	2026-08-29 02:59:21.380	59.2s	2	6 GB	4.6 GB	7.8 GB	112.9%	5.5%	10.3 GB	54.9 MB
1953	b4/9ef5cb	BGC_ANALYSIS:ANTISMASH_ANALYSIS:ANTISMASH (Pantoea_ananatis_99-14)	COMPLETED	0	2026-08-29 02:58:31.316	2026-08-29 02:58:31.412	2026-08-29 02:59:33.072	59.5s	2	6 GB	4.7 GB	7.8 GB	112.4%	6.6%	10.8 GB	54.4 MB
1951	22/cb9234	BGC_ANALYSIS:ANTISMASH_ANALYSIS:ANTISMASH (Pantoea_ananatis_99-11)	COMPLETED	0	2026-08-29 02:58:07.572	2026-08-29 02:58:07.668	2026-08-29 02:59:36.709	1m 27s	2	6 GB	4.7 GB	8 GB	120.3%	3.1%	23.4 GB	67.5 MB
1930	1e/bcf027	BGC_ANALYSIS:ANTISMASH_ANALYSIS:ANTISMASH (Pantoea_ananatis_2-5)	COMPLETED	0	2026-08-29 02:58:26.783	2026-08-29 02:58:26.880	2026-08-29 02:59:46.038	1m 17s	2	6 GB	4.7 GB	7.9 GB	126.7%	6.6%	23.4 GB	55.4 MB
1939	d0/85ef71	BGC_ANALYSIS:ANTISMASH_ANALYSIS:ANTISMASH (Pantoea_ananatis_97-11)	COMPLETED	0	2026-08-29 02:58:48.396	2026-08-29 02:58:48.493	2026-08-29 02:59:50.830	1m	2	6 GB	4.6 GB	7.8 GB	111.7%	4.6%	10.3 GB	55.7 MB
1932	be/d6c2a4	BGC_ANALYSIS:ANTISMASH_ANALYSIS:ANTISMASH (Pantoea_ananatis_2-7)	COMPLETED	0	2026-08-29 02:58:36.148	2026-08-29 02:58:36.245	2026-08-29 02:59:57.150	1m 19s	2	6 GB	4.7 GB	7.8 GB	123.4%	7.9%	23.5 GB	55.9 MB
1943	62/33f8ba	BGC_ANALYSIS:ANTISMASH_ANALYSIS:ANTISMASH (Pantoea_ananatis_98-11)	COMPLETED	0	2026-08-29 02:58:58.337	2026-08-29 02:58:58.433	2026-08-29 03:00:11.960	1m 11s	2	6 GB	4.6 GB	7.8 GB	119.5%	7.0%	18.4 GB	61 MB
1927	44/821ad3	BGC_ANALYSIS:ANTISMASH_ANALYSIS:ANTISMASH (Pantoea_ananatis_19-20)	COMPLETED	0	2026-08-29 02:58:25.353	2026-08-29 02:58:25.449	2026-08-29 03:00:12.558	1m 45s	2	6 GB	4.6 GB	7.7 GB	109.8%	4.1%	12.3 GB	119.6 MB
1944	bc/81021a	BGC_ANALYSIS:ANTISMASH_ANALYSIS:ANTISMASH (Pantoea_ananatis_98-12)	COMPLETED	0	2026-08-29 02:59:33.076	2026-08-29 02:59:33.172	2026-08-29 03:00:36.133	1m 1s	2	6 GB	4.7 GB	7.8 GB	112.1%	5.5%	10.4 GB	57.8 MB
1945	46/bdcab9	BGC_ANALYSIS:ANTISMASH_ANALYSIS:ANTISMASH (Pantoea_ananatis_98-2)	COMPLETED	0	2026-08-29 02:59:21.384	2026-08-29 02:59:21.480	2026-08-29 03:00:41.000	1m 17s	2	6 GB	4.7 GB	7.8 GB	115.3%	4.6%	19 GB	63.2 MB
1934	01/8d1695	BGC_ANALYSIS:ANTISMASH_ANALYSIS:ANTISMASH (Pantoea_ananatis_200-10)	COMPLETED	0	2026-08-29 02:59:36.713	2026-08-29 02:59:36.809	2026-08-29 03:00:41.233	1m 2s	2	6 GB	4.6 GB	7.8 GB	110.8%	5.1%	10.5 GB	58.3 MB
1956	6a/36b3ce	BGC_ANALYSIS:ANTISMASH_ANALYSIS:ANTISMASH (Pantoea_ananatis_99-23)	COMPLETED	0	2026-08-29 03:00:12.562	2026-08-29 03:00:12.658	2026-08-29 03:00:46.072	31.3s	2	6 GB	493.4 MB	7.8 GB	103.1%	0.7%	1.2 GB	54.9 MB
1947	27/e1a4a7	BGC_ANALYSIS:ANTISMASH_ANALYSIS:ANTISMASH (Pantoea_ananatis_98-7)	COMPLETED	0	2026-08-29 02:59:46.042	2026-08-29 02:59:46.138	2026-08-29 03:00:49.167	1m 1s	2	6 GB	4.7 GB	7.8 GB	111.3%	7.5%	10.5 GB	59.9 MB
1960	91/b2a022	BGC_ANALYSIS:ANTISMASH_ANALYSIS:ANTISMASH (Pantoea_ananatis_99-29)	COMPLETED	0	2026-08-29 02:59:57.154	2026-08-29 02:59:57.249	2026-08-29 03:00:59.817	1m	2	6 GB	4.7 GB	7.8 GB	111.3%	6.9%	10.4 GB	56.2 MB
1964	49/23cdc3	BGC_ANALYSIS:ANTISMASH_ANALYSIS:ANTISMASH (Pantoea_ananatis_99-36)	COMPLETED	0	2026-08-29 03:00:36.136	2026-08-29 03:00:36.233	2026-08-29 03:01:09.624	31.4s	2	6 GB	507.5 MB	7.7 GB	107.8%	0.7%	1.3 GB	55.3 MB
1948	7b/e17b19	BGC_ANALYSIS:ANTISMASH_ANALYSIS:ANTISMASH (Pantoea_ananatis_98-8)	COMPLETED	0	2026-08-29 03:00:11.963	2026-08-29 03:00:12.060	2026-08-29 03:01:12.707	58.6s	2	6 GB	3.3 GB	7.8 GB	111.2%	5.5%	10.4 GB	56.4 MB
1952	5f/6baafc	BGC_ANALYSIS:ANTISMASH_ANALYSIS:ANTISMASH (Pantoea_ananatis_99-12)	COMPLETED	0	2026-08-29 02:59:50.834	2026-08-29 02:59:50.930	2026-08-29 03:01:21.822	1m 29s	2	6 GB	4.7 GB	8 GB	117.5%	4.6%	22.9 GB	67.9 MB
1969	f2/6d3e27	BGC_ANALYSIS:ANTISMASH_ANALYSIS:ANTISMASH (Pantoea_ananatis_99-9)	COMPLETED	0	2026-08-29 03:00:41.236	2026-08-29 03:00:41.333	2026-08-29 03:01:24.236	40.7s	2	6 GB	501.5 MB	7.8 GB	103.3%	0.7%	1.7 GB	65.9 MB
1957	a3/3fd179	BGC_ANALYSIS:ANTISMASH_ANALYSIS:ANTISMASH (Pantoea_ananatis_99-24)	COMPLETED	0	2026-08-29 03:00:59.820	2026-08-29 03:00:59.916	2026-08-29 03:01:36.887	34.7s	2	6 GB	493.6 MB	7.7 GB	102.6%	0.7%	1.3 GB	57.8 MB
1967	a0/02c65f	BGC_ANALYSIS:ANTISMASH_ANALYSIS:ANTISMASH (Pantoea_ananatis_99-7)	COMPLETED	0	2026-08-29 03:00:41.003	2026-08-29 03:00:41.100	2026-08-29 03:01:46.515	1m 3s	2	6 GB	4.7 GB	7.8 GB	111.0%	7.1%	10.5 GB	59.4 MB
1968	33/3eeb58	BGC_ANALYSIS:ANTISMASH_ANALYSIS:ANTISMASH (Pantoea_ananatis_99-8)	COMPLETED	0	2026-08-29 03:00:49.170	2026-08-29 03:00:49.267	2026-08-29 03:01:49.023	57.8s	2	6 GB	4.7 GB	7.9 GB	113.7%	6.9%	10.3 GB	54.4 MB
1950	5a/266bd7	BGC_ANALYSIS:ANTISMASH_ANALYSIS:ANTISMASH (Pantoea_ananatis_99-10)	COMPLETED	0	2026-08-29 03:00:46.076	2026-08-29 03:00:46.172	2026-08-29 03:01:53.265	1m 5s	2	6 GB	4.7 GB	7.7 GB	108.9%	6.5%	10.7 GB	63.7 MB
1955	14/fe539a	BGC_ANALYSIS:ANTISMASH_ANALYSIS:ANTISMASH (Pantoea_ananatis_99-2)	COMPLETED	0	2026-08-29 03:01:09.628	2026-08-29 03:01:09.725	2026-08-29 03:02:10.572	58.7s	2	6 GB	4.6 GB	7.8 GB	113.8%	4.3%	10.4 GB	56 MB
1959	97/0bab72	BGC_ANALYSIS:ANTISMASH_ANALYSIS:ANTISMASH (Pantoea_ananatis_99-27)	COMPLETED	0	2026-08-29 03:01:21.826	2026-08-29 03:01:21.922	2026-08-29 03:02:15.627	51.6s	2	6 GB	3.3 GB	7.8 GB	117.0%	5.5%	10.2 GB	50.1 MB
1972	03/d92e00	BGC_ANALYSIS:ANTISMASH_ANALYSIS:ANTISMASH (Pantoea_ananatis_GD04167)	COMPLETED	0	2026-08-29 03:01:12.711	2026-08-29 03:01:12.808	2026-08-29 03:02:16.749	1m 2s	2	6 GB	4.7 GB	7.8 GB	105.8%	5.6%	10 GB	73.8 MB
1975	5a/ade96f	BGC_ANALYSIS:ANTISMASH_ANALYSIS:ANTISMASH (Pantoea_brenneri_GD03984)	COMPLETED	0	2026-08-29 03:01:36.890	2026-08-29 03:01:36.988	2026-08-29 03:02:31.175	52.2s	2	6 GB	710.5 MB	7.8 GB	95.5%	1.2%	2.4 GB	97.9 MB
1976	a1/acfab8	BGC_ANALYSIS:ANTISMASH_ANALYSIS:ANTISMASH (Pantoea_dispersa_G5483)	COMPLETED	0	2026-08-29 03:01:46.519	2026-08-29 03:01:46.615	2026-08-29 03:02:31.187	42.5s	2	6 GB	705.7 MB	7.8 GB	94.7%	1.2%	1.8 GB	85.4 MB
1954	80/b252c7	BGC_ANALYSIS:ANTISMASH_ANALYSIS:ANTISMASH (Pantoea_ananatis_99-14_2)	COMPLETED	0	2026-08-29 03:01:24.240	2026-08-29 03:01:24.337	2026-08-29 03:02:33.515	1m 7s	2	6 GB	4.6 GB	7.7 GB	109.0%	5.7%	10.7 GB	64.7 MB
1965	6d/7e2dc6	BGC_ANALYSIS:ANTISMASH_ANALYSIS:ANTISMASH (Pantoea_ananatis_99-5)	COMPLETED	0	2026-08-29 03:02:10.575	2026-08-29 03:02:10.672	2026-08-29 03:02:43.906	31.2s	2	6 GB	524.4 MB	7.8 GB	107.6%	0.7%	1.2 GB	55.1 MB
1958	0d/85ad23	BGC_ANALYSIS:ANTISMASH_ANALYSIS:ANTISMASH (Pantoea_ananatis_99-25)	COMPLETED	0	2026-08-29 03:01:49.028	2026-08-29 03:01:49.123	2026-08-29 03:02:49.367	58.2s	2	6 GB	4.7 GB	7.8 GB	112.6%	8.0%	10.3 GB	53 MB
1984	1e/dc7787	BGC_ANALYSIS:ANTISMASH_ANALYSIS:ANTISMASH (Pantoea_sp._EA-12)	COMPLETED	0	2026-08-29 03:02:15.631	2026-08-29 03:02:15.726	2026-08-29 03:02:57.696	39.7s	2	6 GB	743.3 MB	7.8 GB	93.2%	1.3%	1.6 GB	84.5 MB
1973	bc/bf82b6	BGC_ANALYSIS:ANTISMASH_ANALYSIS:ANTISMASH (Pantoea_ananatis_LASM19)	COMPLETED	0	2026-08-29 03:02:43.910	2026-08-29 03:02:44.006	2026-08-29 03:03:27.592	41.5s	2	6 GB	717.9 MB	7.8 GB	95.4%	1.2%	1.9 GB	87.8 MB
1963	ad/79a758	BGC_ANALYSIS:ANTISMASH_ANALYSIS:ANTISMASH (Pantoea_ananatis_99-32)	COMPLETED	0	2026-08-29 03:02:31.179	2026-08-29 03:02:31.188	2026-08-29 03:03:31.293	58.1s	2	6 GB	4.7 GB	7.9 GB	115.6%	5.5%	10.8 GB	54.1 MB
1961	44/16cb03	BGC_ANALYSIS:ANTISMASH_ANALYSIS:ANTISMASH (Pantoea_ananatis_99-3)	COMPLETED	0	2026-08-29 03:02:16.753	2026-08-29 03:02:16.849	2026-08-29 03:03:35.277	1m 16s	2	6 GB	4.7 GB	7.8 GB	117.1%	7.4%	19.4 GB	61.5 MB
1970	ac/766449	BGC_ANALYSIS:ANTISMASH_ANALYSIS:ANTISMASH (Pantoea_ananatis_99-9_2)	COMPLETED	0	2026-08-29 03:02:33.519	2026-08-29 03:02:33.615	2026-08-29 03:03:37.409	1m 2s	2	6 GB	4.7 GB	7.7 GB	112.1%	7.8%	10.9 GB	57.7 MB
1966	cc/8f88c9	BGC_ANALYSIS:ANTISMASH_ANALYSIS:ANTISMASH (Pantoea_ananatis_99-6)	COMPLETED	0	2026-08-29 03:02:31.191	2026-08-29 03:02:31.287	2026-08-29 03:03:37.696	1m 4s	2	6 GB	4.7 GB	7.8 GB	111.9%	6.7%	10.5 GB	60.1 MB
1974	1c/90a812	BGC_ANALYSIS:ANTISMASH_ANALYSIS:ANTISMASH (Pantoea_brenneri_GD03661)	COMPLETED	0	2026-08-29 03:02:57.701	2026-08-29 03:02:57.796	2026-08-29 03:03:47.400	47.4s	2	6 GB	736.1 MB	7.8 GB	95.0%	1.2%	2.2 GB	91.6 MB
1991	bb/72a6c7	BGC_ANALYSIS:ANTISMASH_ANALYSIS:ANTISMASH (Pantoea_sp._X85)	COMPLETED	0	2026-08-29 03:03:27.596	2026-08-29 03:03:27.692	2026-08-29 03:03:51.275	21.6s	2	6 GB	771.6 MB	7.8 GB	131.1%	1.3%	847 MB	60.6 MB
1979	dd/190157	BGC_ANALYSIS:ANTISMASH_ANALYSIS:ANTISMASH (Pantoea_eucrina_BAV3128)	COMPLETED	0	2026-08-29 03:03:37.413	2026-08-29 03:03:37.509	2026-08-29 03:03:55.135	15.5s	2	6 GB	592 MB	7.3 GB	133.7%	1.0%	689.7 MB	30.9 MB
1995	8e/c79452	BGC_ANALYSIS:ANTISMASH_ANALYSIS:ANTISMASH (Buchnera_aphidicola_Acyrthosiphon_lactucae_Ala)	COMPLETED	0	2026-08-29 03:03:47.404	2026-08-29 03:03:47.500	2026-08-29 03:03:56.571	6.8s	2	6 GB	445 MB	7.2 GB	102.0%	0.7%	289.4 MB	9.4 MB
1990	e3/8ba8df	BGC_ANALYSIS:ANTISMASH_ANALYSIS:ANTISMASH (Pantoea_sp._V108_6)	COMPLETED	0	2026-08-29 03:02:49.371	2026-08-29 03:02:49.467	2026-08-29 03:03:59.255	1m 7s	2	6 GB	4.7 GB	7.8 GB	106.6%	5.1%	10.4 GB	84.1 MB
1993	c9/8cdb2c	BGC_ANALYSIS:ANTISMASH_ANALYSIS:ANTISMASH (Pantoea_stewartii_ICMP_10132)	COMPLETED	0	2026-08-29 03:03:35.280	2026-08-29 03:03:35.377	2026-08-29 03:04:00.331	23s	2	6 GB	857 MB	7.9 GB	122.6%	1.5%	977.1 MB	65.1 MB
1999	89/ad5c59	BGC_ANALYSIS:ANTISMASH_ANALYSIS:ANTISMASH (Buchnera_aphidicola_Aphis_nasturtii_Ana)	COMPLETED	0	2026-08-29 03:04:00.335	2026-08-29 03:04:00.432	2026-08-29 03:04:09.088	6.7s	2	6 GB	455.2 MB	7.6 GB	104.7%	0.7%	289.4 MB	9.4 MB
1978	29/70ab02	BGC_ANALYSIS:ANTISMASH_ANALYSIS:ANTISMASH (Pantoea_endophytica_RIT-836)	COMPLETED	0	2026-08-29 03:03:37.699	2026-08-29 03:03:37.797	2026-08-29 03:04:15.167	35.2s	2	6 GB	525.9 MB	7.8 GB	104.3%	0.8%	1.2 GB	56.6 MB
2002	bb/66eaec	BGC_ANALYSIS:ANTISMASH_ANALYSIS:ANTISMASH (Buchnera_aphidicola_Brachycaudus_cardui_Bca)	COMPLETED	0	2026-08-29 03:04:09.093	2026-08-29 03:04:09.188	2026-08-29 03:04:17.584	6.3s	2	6 GB	214.5 MB	2.7 GB	108.4%	0.3%	291.3 MB	9.6 MB
1971	4a/ee3270	BGC_ANALYSIS:ANTISMASH_ANALYSIS:ANTISMASH (Pantoea_ananatis_ATCC_35400)	COMPLETED	0	2026-08-29 03:03:31.297	2026-08-29 03:03:31.393	2026-08-29 03:04:21.087	47.7s	2	6 GB	4.7 GB	7.8 GB	121.2%	5.6%	9.7 GB	59.6 MB
1981	1c/559e1b	BGC_ANALYSIS:ANTISMASH_ANALYSIS:ANTISMASH (Pantoea_sp._Cr_R13)	COMPLETED	0	2026-08-29 03:03:55.138	2026-08-29 03:03:55.235	2026-08-29 03:04:22.069	24.9s	2	6 GB	710.7 MB	7.8 GB	99.3%	1.3%	1 GB	61.5 MB
1980	51/03f1b4	BGC_ANALYSIS:ANTISMASH_ANALYSIS:ANTISMASH (Pantoea_eucrina_L_E1_T5_bin.25)	COMPLETED	0	2026-08-29 03:03:51.279	2026-08-29 03:03:51.375	2026-08-29 03:04:26.362	32.8s	2	6 GB	580.3 MB	7.7 GB	94.5%	1.0%	1.6 GB	63.7 MB
1982	c2/9b4b2a	BGC_ANALYSIS:ANTISMASH_ANALYSIS:ANTISMASH (Pantoea_sp._Cr_R14)	COMPLETED	0	2026-08-29 03:03:56.574	2026-08-29 03:03:56.671	2026-08-29 03:04:37.680	38.9s	2	6 GB	680.7 MB	7.8 GB	94.2%	1.1%	1.8 GB	81.5 MB
1983	47/74fe5a	BGC_ANALYSIS:ANTISMASH_ANALYSIS:ANTISMASH (Pantoea_sp._Cr_R21)	COMPLETED	0	2026-08-29 03:03:59.258	2026-08-29 03:03:59.355	2026-08-29 03:04:39.340	38.1s	2	6 GB	695.4 MB	7.8 GB	94.5%	1.3%	1.8 GB	80.4 MB
1988	8f/1c7e5c	BGC_ANALYSIS:ANTISMASH_ANALYSIS:ANTISMASH (Pantoea_sp._SS70_ss70)	COMPLETED	0	2026-08-29 03:04:26.366	2026-08-29 03:04:26.463	2026-08-29 03:04:50.504	21.9s	2	6 GB	802 MB	7.8 GB	126.4%	1.3%	913.3 MB	63.3 MB
1977	0c/3830da	BGC_ANALYSIS:ANTISMASH_ANALYSIS:ANTISMASH (Pantoea_dispersa_LASM22)	COMPLETED	0	2026-08-29 03:04:15.171	2026-08-29 03:04:15.267	2026-08-29 03:04:51.509	34.3s	2	6 GB	719.5 MB	7.8 GB	95.9%	1.3%	1.5 GB	77.2 MB
1986	42/90ed5f	BGC_ANALYSIS:ANTISMASH_ANALYSIS:ANTISMASH (Pantoea_sp._GD03673)	COMPLETED	0	2026-08-29 03:04:22.072	2026-08-29 03:04:22.170	2026-08-29 03:04:58.071	33.9s	2	6 GB	760.8 MB	7.8 GB	96.1%	1.3%	1.4 GB	73 MB
1985	d8/504290	BGC_ANALYSIS:ANTISMASH_ANALYSIS:ANTISMASH (Pantoea_sp._EABMAA-21)	COMPLETED	0	2026-08-29 03:04:17.587	2026-08-29 03:04:17.684	2026-08-29 03:04:59.481	39.8s	2	6 GB	726.2 MB	7.8 GB	92.4%	1.3%	1.7 GB	84.3 MB
2000	d5/42d604	BGC_ANALYSIS:ANTISMASH_ANALYSIS:ANTISMASH (Buchnera_aphidicola_Aphis_nerii_Ane)	COMPLETED	0	2026-08-29 03:04:51.517	2026-08-29 03:04:51.609	2026-08-29 03:05:00.439	6.7s	2	6 GB	214.6 MB	2.7 GB	106.3%	0.3%	289.4 MB	9.4 MB
2007	77/8287e4	BGC_ANALYSIS:ANTISMASH_ANALYSIS:ANTISMASH (Buchnera_aphidicola_Macrosiphoniella_sanborni_Msa)	COMPLETED	0	2026-08-29 03:04:58.075	2026-08-29 03:04:58.171	2026-08-29 03:05:06.363	6.1s	2	6 GB	213.7 MB	2.7 GB	105.6%	0.3%	285.9 MB	9.1 MB
1996	38/1775c1	BGC_ANALYSIS:ANTISMASH_ANALYSIS:ANTISMASH (Buchnera_aphidicola_Anoecia_oenotherae_Aoe)	COMPLETED	0	2026-08-29 03:04:59.484	2026-08-29 03:04:59.581	2026-08-29 03:05:06.395	4.9s	2	6 GB	202.2 MB	2.7 GB	106.5%	0.3%	226.1 MB	4.6 MB
2013	19/638d32	BGC_ANALYSIS:ANTISMASH_ANALYSIS:ANTISMASH (Buchnera_aphidicola_Rhopalosiphum_maidis_BTI)	COMPLETED	0	2026-08-29 03:05:00.442	2026-08-29 03:05:00.539	2026-08-29 03:05:07.724	5.3s	2	6 GB	204.5 MB	2.7 GB	105.4%	0.3%	243.4 MB	5.5 MB
2015	b9/2a9f98	BGC_ANALYSIS:ANTISMASH_ANALYSIS:ANTISMASH (Buchnera_aphidicola_Sarucallis_kahawaluokalani_Ska)	COMPLETED	0	2026-08-29 03:05:06.398	2026-08-29 03:05:06.495	2026-08-29 03:05:13.408	4.9s	2	6 GB	200.4 MB	2.7 GB	104.6%	0.3%	218.3 MB	4.1 MB
1997	94/9c8460	BGC_ANALYSIS:ANTISMASH_ANALYSIS:ANTISMASH (Buchnera_aphidicola_Aphis_craccivora_Acr)	COMPLETED	0	2026-08-29 03:05:06.370	2026-08-29 03:05:06.396	2026-08-29 03:05:14.881	6.4s	2	6 GB	214.3 MB	2.7 GB	103.9%	0.3%	289.7 MB	9.4 MB
2014	13/c49cfe	BGC_ANALYSIS:ANTISMASH_ANALYSIS:ANTISMASH (Buchnera_aphidicola_Rhopalosiphum_padi_Rpa)	COMPLETED	0	2026-08-29 03:05:07.729	2026-08-29 03:05:07.825	2026-08-29 03:05:16.287	6.5s	2	6 GB	214.8 MB	2.7 GB	104.9%	0.3%	291.1 MB	9.5 MB
1989	c3/ceb52f	BGC_ANALYSIS:ANTISMASH_ANALYSIS:ANTISMASH (Pantoea_sp._V106_11)	COMPLETED	0	2026-08-29 03:04:21.091	2026-08-29 03:04:21.188	2026-08-29 03:05:20.172	57s	2	6 GB	4.7 GB	7.8 GB	108.0%	5.6%	10 GB	72.8 MB
1998	dc/a379b9	BGC_ANALYSIS:ANTISMASH_ANALYSIS:ANTISMASH (Buchnera_aphidicola_Aphis_helianthi_Ahe)	COMPLETED	0	2026-08-29 03:05:13.412	2026-08-29 03:05:13.508	2026-08-29 03:05:22.107	6.5s	2	6 GB	213.8 MB	2.7 GB	106.1%	0.3%	290.2 MB	9.4 MB
2001	b7/3772db	BGC_ANALYSIS:ANTISMASH_ANALYSIS:ANTISMASH (Buchnera_aphidicola_Artemisaphis_artemisicola_Aar)	COMPLETED	0	2026-08-29 03:05:14.885	2026-08-29 03:05:14.981	2026-08-29 03:05:23.173	6.1s	2	6 GB	214.1 MB	2.7 GB	106.0%	0.3%	268.3 MB	8.8 MB
2004	51/864721	BGC_ANALYSIS:ANTISMASH_ANALYSIS:ANTISMASH (Buchnera_aphidicola_Hyadaphis_tataricae_Hta)	COMPLETED	0	2026-08-29 03:05:16.291	2026-08-29 03:05:16.387	2026-08-29 03:05:24.743	6.2s	2	6 GB	215.4 MB	2.7 GB	106.1%	0.3%	289.1 MB	9.3 MB
1994	b3/908089	BGC_ANALYSIS:ANTISMASH_ANALYSIS:ANTISMASH (Pantoea_trifolii_RIT-To-1)	COMPLETED	0	2026-08-29 03:04:50.518	2026-08-29 03:04:50.604	2026-08-29 03:05:26.139	33.4s	2	6 GB	519 MB	7.8 GB	104.4%	0.9%	1.3 GB	58.1 MB
2008	2c/0bd1b4	BGC_ANALYSIS:ANTISMASH_ANALYSIS:ANTISMASH (Buchnera_aphidicola_Macrosiphum_euphorbiae_Meu)	COMPLETED	0	2026-08-29 03:05:23.177	2026-08-29 03:05:23.274	2026-08-29 03:05:30.563	5.4s	2	6 GB	208.9 MB	2.7 GB	105.0%	0.3%	245.1 MB	5.5 MB
2006	1b/a0b839	BGC_ANALYSIS:ANTISMASH_ANALYSIS:ANTISMASH (Buchnera_aphidicola_Lipaphis_pseudobrassicae_Lps)	COMPLETED	0	2026-08-29 03:05:24.746	2026-08-29 03:05:24.842	2026-08-29 03:05:33.350	6.6s	2	6 GB	215.7 MB	2.7 GB	105.0%	0.3%	290.3 MB	9.6 MB
2011	25/123eaa	BGC_ANALYSIS:ANTISMASH_ANALYSIS:ANTISMASH (Buchnera_aphidicola_Muscaphis_stroyani_Mst)	COMPLETED	0	2026-08-29 03:05:26.142	2026-08-29 03:05:26.239	2026-08-29 03:05:34.889	6.6s	2	6 GB	210.6 MB	2.7 GB	106.5%	0.3%	285.4 MB	9.2 MB
2021	a6/91ed62	BGC_ANALYSIS:ANTISMASH_ANALYSIS:ANTISMASH (Candidatus_Pantoea_soli_DSM_32899)	COMPLETED	0	2026-08-29 03:05:20.176	2026-08-29 03:05:20.272	2026-08-29 03:05:42.146	20s	2	6 GB	780.3 MB	7.8 GB	127.3%	1.3%	847.7 MB	55.2 MB
2010	7a/06d0c3	BGC_ANALYSIS:ANTISMASH_ANALYSIS:ANTISMASH (Buchnera_aphidicola_Melaphis_rhois_Mrh)	COMPLETED	0	2026-08-29 03:05:34.892	2026-08-29 03:05:34.989	2026-08-29 03:05:42.711	5.6s	2	6 GB	207.5 MB	2.7 GB	106.2%	0.3%	236.9 MB	5.2 MB
2005	42/7c6cb1	BGC_ANALYSIS:ANTISMASH_ANALYSIS:ANTISMASH (Buchnera_aphidicola_Hyperomyzus_lactucae_Hla)	COMPLETED	0	2026-08-29 03:05:42.715	2026-08-29 03:05:42.811	2026-08-29 03:05:51.764	6.9s	2	6 GB	320.8 MB	5 GB	106.2%	0.5%	291.2 MB	9.5 MB
2023	44/8ed526	BGC_ANALYSIS:ANTISMASH_ANALYSIS:ANTISMASH (Erwinia_amylovora_Ea321)	COMPLETED	0	2026-08-29 03:05:22.111	2026-08-29 03:05:22.207	2026-08-29 03:05:52.700	28.6s	2	6 GB	645.6 MB	7.7 GB	99.7%	1.0%	1.2 GB	57.5 MB
1992	01/ed7251	BGC_ANALYSIS:ANTISMASH_ANALYSIS:ANTISMASH (Pantoea_stewartii_C10109_Jinnung)	COMPLETED	0	2026-08-29 03:04:39.344	2026-08-29 03:04:39.440	2026-08-29 03:06:01.414	1m 20s	2	6 GB	4.7 GB	7.8 GB	126.8%	5.7%	27.7 GB	50.5 MB
2003	f5/575fd6	BGC_ANALYSIS:ANTISMASH_ANALYSIS:ANTISMASH (Buchnera_aphidicola_Brevicoryne_brassicae_Bbr)	COMPLETED	0	2026-08-29 03:05:52.703	2026-08-29 03:05:52.800	2026-08-29 03:06:01.699	6.8s	2	6 GB	215.1 MB	2.7 GB	106.8%	0.3%	291.1 MB	9.5 MB
2024	12/eab60f	BGC_ANALYSIS:ANTISMASH_ANALYSIS:ANTISMASH (Erwinia_amylovora_HKN06P1)	COMPLETED	0	2026-08-29 03:05:30.567	2026-08-29 03:05:30.663	2026-08-29 03:06:02.706	29.9s	2	6 GB	623.7 MB	7.7 GB	95.8%	1.0%	1.2 GB	58 MB
2009	37/7f93e1	BGC_ANALYSIS:ANTISMASH_ANALYSIS:ANTISMASH (Buchnera_aphidicola_Macrosiphum_gaurae_Mga)	COMPLETED	0	2026-08-29 03:06:01.417	2026-08-29 03:06:01.514	2026-08-29 03:06:10.057	6.6s	2	6 GB	216.8 MB	2.7 GB	106.5%	0.3%	290.3 MB	9.5 MB
2012	56/13d155	BGC_ANALYSIS:ANTISMASH_ANALYSIS:ANTISMASH (Buchnera_aphidicola_Nipponaphis_monzeni_Nmo)	COMPLETED	0	2026-08-29 03:06:02.709	2026-08-29 03:06:02.806	2026-08-29 03:06:10.823	6s	2	6 GB	203 MB	2.7 GB	107.2%	0.3%	269.2 MB	7.7 MB
2019	3e/05ef33	BGC_ANALYSIS:ANTISMASH_ANALYSIS:ANTISMASH (Buchnera_aphidicola_Therioaphis_trifolii_Tma)	COMPLETED	0	2026-08-29 03:06:10.826	2026-08-29 03:06:10.923	2026-08-29 03:06:17.880	5s	2	6 GB	198.1 MB	2.7 GB	110.2%	0.3%	218.3 MB	4.1 MB
2018	b3/080476	BGC_ANALYSIS:ANTISMASH_ANALYSIS:ANTISMASH (Buchnera_aphidicola_Thelaxes_californica_Tca)	COMPLETED	0	2026-08-29 03:06:10.060	2026-08-29 03:06:10.157	2026-08-29 03:06:18.015	5.9s	2	6 GB	206.8 MB	2.7 GB	108.9%	0.3%	272.3 MB	8 MB
2017	d0/2377a5	BGC_ANALYSIS:ANTISMASH_ANALYSIS:ANTISMASH (Buchnera_aphidicola_Stegophylla_sp._Ssp)	COMPLETED	0	2026-08-29 03:06:18.019	2026-08-29 03:06:18.116	2026-08-29 03:06:24.665	4.5s	2	6 GB	196.8 MB	2.7 GB	112.3%	0.3%	212.7 MB	3.8 MB
2025	98/3ddb17	BGC_ANALYSIS:ANTISMASH_ANALYSIS:ANTISMASH (Erwinia_persicina_B64)	COMPLETED	0	2026-08-29 03:05:33.353	2026-08-29 03:05:33.450	2026-08-29 03:06:28.247	52.6s	2	6 GB	4.8 GB	8.1 GB	132.4%	5.7%	13.6 GB	60.5 MB
1962	e4/948e39	BGC_ANALYSIS:ANTISMASH_ANALYSIS:ANTISMASH (Pantoea_ananatis_99-31)	COMPLETED	0	2026-08-29 03:01:53.268	2026-08-29 03:01:53.365	2026-08-29 03:06:28.470	4m 33s	2	6 GB	4.7 GB	7.7 GB	114.3%	4.7%	35.6 GB	318.2 MB
2016	ba/0e2d79	BGC_ANALYSIS:ANTISMASH_ANALYSIS:ANTISMASH (Buchnera_aphidicola_Sitobion_avenae_Sav)	COMPLETED	0	2026-08-29 03:06:24.668	2026-08-29 03:06:24.765	2026-08-29 03:06:33.317	6.5s	2	6 GB	212.4 MB	2.7 GB	106.7%	0.3%	288.9 MB	9.4 MB
2030	ab/9a90bd	BGC_ANALYSIS:ANTISMASH_ANALYSIS:ANTISMASH (Erwinia_sp._JUb26)	COMPLETED	0	2026-08-29 03:06:01.702	2026-08-29 03:06:01.799	2026-08-29 03:06:36.355	32.6s	2	6 GB	700.2 MB	7.8 GB	95.6%	1.3%	1.2 GB	66.6 MB
2026	9f/4568eb	BGC_ANALYSIS:ANTISMASH_ANALYSIS:ANTISMASH (Erwinia_persicina_CFBP13511)	COMPLETED	0	2026-08-29 03:05:42.150	2026-08-29 03:05:42.246	2026-08-29 03:06:44.848	1m 1s	2	6 GB	736 MB	7.8 GB	95.6%	1.3%	3 GB	114.5 MB
2022	21/cb5ea3	BGC_ANALYSIS:ANTISMASH_ANALYSIS:ANTISMASH (Curtobacterium_plantarum_LMG_16222)	COMPLETED	0	2026-08-29 03:06:28.251	2026-08-29 03:06:28.347	2026-08-29 03:07:00.951	30.6s	2	6 GB	706.1 MB	7.7 GB	98.9%	1.3%	1.2 GB	67.7 MB
1987	18/000e22	BGC_ANALYSIS:ANTISMASH_ANALYSIS:ANTISMASH (Pantoea_sp._Pa-EAmG)	COMPLETED	0	2026-08-29 03:04:37.685	2026-08-29 03:04:37.780	2026-08-29 03:07:01.624	2m 22s	2	6 GB	700.2 MB	7.8 GB	100.8%	1.2%	8.3 GB	243 MB
2020	eb/035a34	BGC_ANALYSIS:ANTISMASH_ANALYSIS:ANTISMASH (Candidatus_Pantoea_deserta_RIT388)	COMPLETED	0	2026-08-29 03:06:17.883	2026-08-29 03:06:17.979	2026-08-29 03:07:02.807	42.8s	2	6 GB	704.8 MB	7.8 GB	95.9%	1.2%	2 GB	87.2 MB
2031	c4/fbfa51	BGC_ANALYSIS:ANTISMASH_ANALYSIS:ANTISMASH (Erwinia_sp._QL-Z3)	COMPLETED	0	2026-08-29 03:06:44.851	2026-08-29 03:06:44.947	2026-08-29 03:07:06.308	19.3s	2	6 GB	865.4 MB	7.9 GB	139.6%	1.4%	847.5 MB	59.2 MB
2029	17/36d9c5	BGC_ANALYSIS:ANTISMASH_ANALYSIS:ANTISMASH (Erwinia_sp._198)	COMPLETED	0	2026-08-29 03:06:36.359	2026-08-29 03:06:36.456	2026-08-29 03:07:10.378	31.8s	2	6 GB	664.4 MB	7.7 GB	94.5%	1.0%	1.3 GB	67.2 MB
2033	1c/ab28d7	BGC_ANALYSIS:ANTISMASH_ANALYSIS:ANTISMASH (Erwinia_tracheiphila_MDcuke)	COMPLETED	0	2026-08-29 03:07:00.955	2026-08-29 03:07:01.052	2026-08-29 03:07:23.890	20.8s	2	6 GB	888.3 MB	7.9 GB	127.9%	1.5%	824.1 MB	60.6 MB
2037	b0/a90115	BGC_ANALYSIS:ANTISMASH_ANALYSIS:ANTISMASH (Pantoea_agglomerans_BD_1212)	COMPLETED	0	2026-08-29 03:06:28.474	2026-08-29 03:06:28.570	2026-08-29 03:07:28.702	58.1s	2	6 GB	495 MB	7.8 GB	104.6%	0.7%	2.8 GB	92.9 MB
2039	6c/63b0e2	BGC_ANALYSIS:ANTISMASH_ANALYSIS:ANTISMASH (Pantoea_agglomerans_Bl3)	COMPLETED	0	2026-08-29 03:07:02.810	2026-08-29 03:07:02.907	2026-08-29 03:07:33.001	28.1s	2	6 GB	705.3 MB	7.8 GB	104.5%	1.2%	1.2 GB	67.4 MB
2045	0d/7dbd50	BGC_ANALYSIS:ANTISMASH_ANALYSIS:ANTISMASH (Pantoea_agglomerans_CFSAN047154)	COMPLETED	0	2026-08-29 03:07:23.894	2026-08-29 03:07:23.991	2026-08-29 03:07:47.528	21.6s	2	6 GB	811.5 MB	7.8 GB	126.8%	1.4%	912.5 MB	61.4 MB
2046	53/855dff	BGC_ANALYSIS:ANTISMASH_ANALYSIS:ANTISMASH (Pantoea_agglomerans_ES418)	COMPLETED	0	2026-08-29 03:07:06.311	2026-08-29 03:07:06.408	2026-08-29 03:07:48.387	40s	2	6 GB	751 MB	7.8 GB	96.7%	1.3%	1.7 GB	82.4 MB
2035	e1/5a9790	BGC_ANALYSIS:ANTISMASH_ANALYSIS:ANTISMASH (Mixta_calida_DE0300)	COMPLETED	0	2026-08-29 03:07:10.382	2026-08-29 03:07:10.478	2026-08-29 03:07:52.287	39.6s	2	6 GB	481.6 MB	7.7 GB	102.0%	0.7%	1.8 GB	64.7 MB
2036	c5/ed03ef	BGC_ANALYSIS:ANTISMASH_ANALYSIS:ANTISMASH (Mixta_tenebrionis_BIT-26)	COMPLETED	0	2026-08-29 03:07:28.706	2026-08-29 03:07:28.803	2026-08-29 03:08:06.899	36.1s	2	6 GB	634.9 MB	7.7 GB	98.6%	1.0%	1.6 GB	74.8 MB
2028	b4/eecc1f	BGC_ANALYSIS:ANTISMASH_ANALYSIS:ANTISMASH (Erwinia_rhapontici_BIGb0435)	COMPLETED	0	2026-08-29 03:07:33.004	2026-08-29 03:07:33.101	2026-08-29 03:08:07.292	32.2s	2	6 GB	684.1 MB	7.7 GB	97.9%	1.2%	1.3 GB	67.2 MB
2044	c5/d8b0b0	BGC_ANALYSIS:ANTISMASH_ANALYSIS:ANTISMASH (Pantoea_agglomerans_CFSAN047153)	COMPLETED	0	2026-08-29 03:07:48.390	2026-08-29 03:07:48.488	2026-08-29 03:08:12.202	21.7s	2	6 GB	792.1 MB	7.8 GB	126.1%	1.3%	912.6 MB	61.4 MB
2040	de/eae8c1	BGC_ANALYSIS:ANTISMASH_ANALYSIS:ANTISMASH (Pantoea_agglomerans_Bl3_2)	COMPLETED	0	2026-08-29 03:07:47.532	2026-08-29 03:07:47.628	2026-08-29 03:08:15.821	26.2s	2	6 GB	554.2 MB	7.3 GB	104.9%	1.0%	1.1 GB	65.9 MB
2047	7c/e47d13	BGC_ANALYSIS:ANTISMASH_ANALYSIS:ANTISMASH (Pantoea_agglomerans_L15)	COMPLETED	0	2026-08-29 03:08:06.902	2026-08-29 03:08:06.999	2026-08-29 03:08:30.347	21.3s	2	6 GB	789.6 MB	7.8 GB	129.2%	1.3%	854.9 MB	57.6 MB
2032	d1/f0075e	BGC_ANALYSIS:ANTISMASH_ANALYSIS:ANTISMASH (Erwinia_sp._UBA8792)	COMPLETED	0	2026-08-29 03:05:51.768	2026-08-29 03:05:51.864	2026-08-29 03:08:38.460	2m 44s	2	6 GB	645.8 MB	7.7 GB	103.1%	1.0%	10.1 GB	270.8 MB
2048	12/27ed81	BGC_ANALYSIS:ANTISMASH_ANALYSIS:ANTISMASH (Pantoea_agglomerans_TH81)	COMPLETED	0	2026-08-29 03:08:15.824	2026-08-29 03:08:15.921	2026-08-29 03:08:39.227	21.2s	2	6 GB	804 MB	7.8 GB	128.3%	1.3%	861.2 MB	58.7 MB
2034	c6/e8a901	BGC_ANALYSIS:ANTISMASH_ANALYSIS:ANTISMASH (Erwiniaceae_bacterium_UBA11982)	COMPLETED	0	2026-08-29 03:06:33.320	2026-08-29 03:06:33.416	2026-08-29 03:08:39.853	2m 4s	2	6 GB	626.1 MB	7.7 GB	103.9%	1.0%	7.6 GB	207.7 MB
2050	1f/31ca3f	BGC_ANALYSIS:ANTISMASH_ANALYSIS:ANTISMASH (Pantoea_ananatis_DZ-12)	COMPLETED	0	2026-08-29 03:07:52.290	2026-08-29 03:07:52.387	2026-08-29 03:08:41.079	46.7s	2	6 GB	3.4 GB	7.8 GB	127.5%	5.5%	10 GB	61.1 MB
2038	8c/4b5d68	BGC_ANALYSIS:ANTISMASH_ANALYSIS:ANTISMASH (Pantoea_agglomerans_BD_1274)	COMPLETED	0	2026-08-29 03:07:01.627	2026-08-29 03:07:01.725	2026-08-29 03:08:51.814	1m 48s	2	6 GB	506.5 MB	7.7 GB	108.0%	0.7%	5.7 GB	163.7 MB
2060	e4/55ae76	BGC_ANALYSIS:ANTISMASH_ANALYSIS:ANTISMASH (Pantoea_deleyi_LMG_24200_2)	COMPLETED	0	2026-08-29 03:08:07.295	2026-08-29 03:08:07.392	2026-08-29 03:08:53.198	43.7s	2	6 GB	703.3 MB	7.8 GB	98.2%	1.3%	2.1 GB	87.4 MB
2043	af/d1567b	BGC_ANALYSIS:ANTISMASH_ANALYSIS:ANTISMASH (Pantoea_agglomerans_CFBP13532)	COMPLETED	0	2026-08-29 03:08:12.206	2026-08-29 03:08:12.302	2026-08-29 03:08:56.440	42s	2	6 GB	734.6 MB	7.8 GB	95.9%	1.2%	1.9 GB	85.6 MB
2041	53/056deb	BGC_ANALYSIS:ANTISMASH_ANALYSIS:ANTISMASH (Pantoea_agglomerans_CFBP13505)	COMPLETED	0	2026-08-29 03:08:39.231	2026-08-29 03:08:39.327	2026-08-29 03:09:02.581	21.3s	2	6 GB	782.9 MB	7.8 GB	128.2%	1.3%	876.7 MB	61.1 MB
2052	a2/e4c4a8	BGC_ANALYSIS:ANTISMASH_ANALYSIS:ANTISMASH (Pantoea_ananatis_NN08200)	COMPLETED	0	2026-08-29 03:08:41.082	2026-08-29 03:08:41.180	2026-08-29 03:09:03.347	20.3s	2	6 GB	865.1 MB	7.9 GB	133.0%	1.4%	872.9 MB	60.7 MB
2059	d1/267888	BGC_ANALYSIS:ANTISMASH_ANALYSIS:ANTISMASH (Pantoea_beijingensis_LMG_27579)	COMPLETED	0	2026-08-29 03:08:38.463	2026-08-29 03:08:38.561	2026-08-29 03:09:13.029	32.5s	2	6 GB	638.7 MB	7.7 GB	95.3%	1.0%	1.5 GB	66.4 MB
2056	64/9170cd	BGC_ANALYSIS:ANTISMASH_ANALYSIS:ANTISMASH (Pantoea_ananatis_PNA_86-1)	COMPLETED	0	2026-08-29 03:08:51.818	2026-08-29 03:08:51.914	2026-08-29 03:09:23.361	29.4s	2	6 GB	687.9 MB	7.7 GB	95.1%	1.1%	1.2 GB	61.5 MB
2051	2c/bb8f17	BGC_ANALYSIS:ANTISMASH_ANALYSIS:ANTISMASH (Pantoea_ananatis_F-C2)	COMPLETED	0	2026-08-29 03:08:30.350	2026-08-29 03:08:30.447	2026-08-29 03:09:28.577	55.9s	2	6 GB	4.7 GB	7.8 GB	109.9%	5.0%	10.3 GB	67 MB
2049	c2/6d0c07	BGC_ANALYSIS:ANTISMASH_ANALYSIS:ANTISMASH (Pantoea_ananatis_DE0584)	COMPLETED	0	2026-08-29 03:08:53.202	2026-08-29 03:08:53.298	2026-08-29 03:09:29.083	33.7s	2	6 GB	485.9 MB	7.7 GB	100.8%	0.8%	1.4 GB	58.4 MB
2055	9d/1e6ebe	BGC_ANALYSIS:ANTISMASH_ANALYSIS:ANTISMASH (Pantoea_ananatis_PNA_07-10)	COMPLETED	0	2026-08-29 03:08:39.855	2026-08-29 03:08:39.953	2026-08-29 03:09:35.575	53.7s	2	6 GB	4.7 GB	7.8 GB	109.7%	4.5%	10.7 GB	59.2 MB
2042	40/00e7fc	BGC_ANALYSIS:ANTISMASH_ANALYSIS:ANTISMASH (Pantoea_agglomerans_CFBP13516)	COMPLETED	0	2026-08-29 03:09:23.364	2026-08-29 03:09:23.461	2026-08-29 03:09:47.342	21.8s	2	6 GB	787.1 MB	7.8 GB	126.1%	1.3%	919.8 MB	64 MB
2064	72/a340dd	BGC_ANALYSIS:ANTISMASH_ANALYSIS:ANTISMASH (Pantoea_eucalypti_LMG_24197)	COMPLETED	0	2026-08-29 03:09:02.584	2026-08-29 03:09:02.682	2026-08-29 03:09:49.534	44.7s	2	6 GB	650.8 MB	7.7 GB	97.8%	1.0%	2.2 GB	91 MB
2058	4a/547bcb	BGC_ANALYSIS:ANTISMASH_ANALYSIS:ANTISMASH (Pantoea_anthophila_LMG_2558)	COMPLETED	0	2026-08-29 03:09:13.033	2026-08-29 03:09:13.129	2026-08-29 03:09:53.645	38.5s	2	6 GB	668 MB	7.7 GB	98.1%	1.1%	1.8 GB	79.6 MB
2054	8c/5747f5	BGC_ANALYSIS:ANTISMASH_ANALYSIS:ANTISMASH (Pantoea_ananatis_PANS_200-1)	COMPLETED	0	2026-08-29 03:09:28.581	2026-08-29 03:09:28.677	2026-08-29 03:09:56.035	25.4s	2	6 GB	723.1 MB	7.8 GB	103.6%	1.3%	1007.7 MB	56.7 MB
2061	80/9d8499	BGC_ANALYSIS:ANTISMASH_ANALYSIS:ANTISMASH (Pantoea_dispersa_C34)	COMPLETED	0	2026-08-29 03:09:35.578	2026-08-29 03:09:35.675	2026-08-29 03:09:58.837	21s	2	6 GB	835.3 MB	7.9 GB	125.6%	1.4%	896.2 MB	61 MB
2063	4c/aead95	BGC_ANALYSIS:ANTISMASH_ANALYSIS:ANTISMASH (Pantoea_dispersa_bio)	COMPLETED	0	2026-08-29 03:09:29.086	2026-08-29 03:09:29.183	2026-08-29 03:10:02.225	31s	2	6 GB	724.7 MB	7.8 GB	98.7%	1.3%	1.3 GB	70 MB
2073	a5/c53e74	BGC_ANALYSIS:ANTISMASH_ANALYSIS:ANTISMASH (Pantoea_sp._PSNIH1_DE0017)	COMPLETED	0	2026-08-29 03:09:53.649	2026-08-29 03:09:53.745	2026-08-29 03:10:18.087	22.3s	2	6 GB	511.3 MB	7.8 GB	112.4%	0.7%	965.5 MB	41.6 MB
2053	0d/72bf63	BGC_ANALYSIS:ANTISMASH_ANALYSIS:ANTISMASH (Pantoea_ananatis_PANS_02-01)	COMPLETED	0	2026-08-29 03:08:56.444	2026-08-29 03:08:56.540	2026-08-29 03:10:21.232	1m 23s	2	6 GB	4.8 GB	7.8 GB	119.8%	5.6%	24.5 GB	71 MB
2066	be/828998	BGC_ANALYSIS:ANTISMASH_ANALYSIS:ANTISMASH (Pantoea_piersonii_ISS-IIIF5SW)	COMPLETED	0	2026-08-29 03:09:03.350	2026-08-29 03:09:03.447	2026-08-29 03:10:22.355	1m 17s	2	6 GB	485.1 MB	7.7 GB	104.4%	0.7%	3.9 GB	120 MB
2070	20/226853	BGC_ANALYSIS:ANTISMASH_ANALYSIS:ANTISMASH (Pantoea_sp._M_9)	COMPLETED	0	2026-08-29 03:10:02.228	2026-08-29 03:10:02.325	2026-08-29 03:10:32.132	27.7s	2	6 GB	609 MB	7.7 GB	96.6%	1.0%	1.2 GB	58.7 MB
2067	32/b5813a	BGC_ANALYSIS:ANTISMASH_ANALYSIS:ANTISMASH (Pantoea_sp._3_1284)	COMPLETED	0	2026-08-29 03:09:56.039	2026-08-29 03:09:56.136	2026-08-29 03:10:33.989	35.9s	2	6 GB	611.8 MB	7.7 GB	96.1%	1.0%	1.7 GB	72.9 MB
2057	17/ae05ec	BGC_ANALYSIS:ANTISMASH_ANALYSIS:ANTISMASH (Pantoea_ananatis_UBA12293)	COMPLETED	0	2026-08-29 03:09:47.345	2026-08-29 03:09:47.441	2026-08-29 03:10:35.676	46s	2	6 GB	688.9 MB	7.8 GB	95.1%	1.3%	2.2 GB	89.8 MB
2076	37/10dcbe	BGC_ANALYSIS:ANTISMASH_ANALYSIS:ANTISMASH (Pantoea_sp._SO10)	COMPLETED	0	2026-08-29 03:10:18.091	2026-08-29 03:10:18.188	2026-08-29 03:10:42.014	21.9s	2	6 GB	819.7 MB	7.8 GB	129.6%	1.4%	880.4 MB	59.9 MB
2071	90/4b5f6d	BGC_ANALYSIS:ANTISMASH_ANALYSIS:ANTISMASH (Pantoea_sp._PMG_056)	COMPLETED	0	2026-08-29 03:09:58.841	2026-08-29 03:09:58.937	2026-08-29 03:10:44.721	43.8s	2	6 GB	691.1 MB	7.8 GB	97.3%	1.2%	2.1 GB	88.5 MB
2065	32/d1d5c9	BGC_ANALYSIS:ANTISMASH_ANALYSIS:ANTISMASH (Pantoea_piersonii_IIIF1SW-P2)	COMPLETED	0	2026-08-29 03:10:21.236	2026-08-29 03:10:21.332	2026-08-29 03:10:54.713	31.5s	2	6 GB	698.3 MB	7.8 GB	99.0%	1.2%	1.3 GB	69.5 MB
2075	56/84cb91	BGC_ANALYSIS:ANTISMASH_ANALYSIS:ANTISMASH (Pantoea_sp._SJZ147)	COMPLETED	0	2026-08-29 03:10:42.017	2026-08-29 03:10:42.115	2026-08-29 03:11:15.786	31.5s	2	6 GB	703 MB	7.8 GB	95.2%	1.3%	1.4 GB	66.5 MB
2084	6f/93dca2	BGC_ANALYSIS:ANTISMASH_ANALYSIS:ANTISMASH (Pantoea_sp._VH_16)	COMPLETED	0	2026-08-29 03:10:44.724	2026-08-29 03:10:44.822	2026-08-29 03:11:25.610	38.8s	2	6 GB	702.3 MB	7.8 GB	95.5%	1.2%	1.7 GB	80.8 MB
2062	97/bc6e89	BGC_ANALYSIS:ANTISMASH_ANALYSIS:ANTISMASH (Pantoea_dispersa_PD_192)	COMPLETED	0	2026-08-29 03:10:22.358	2026-08-29 03:10:22.455	2026-08-29 03:11:35.933	1m 12s	2	6 GB	710.2 MB	7.8 GB	99.9%	1.3%	3.9 GB	132.5 MB
2072	41/e6e0d4	BGC_ANALYSIS:ANTISMASH_ANALYSIS:ANTISMASH (Pantoea_sp._PNA_14-12)	COMPLETED	0	2026-08-29 03:10:54.716	2026-08-29 03:10:54.813	2026-08-29 03:11:55.700	58.9s	2	6 GB	4.7 GB	7.8 GB	124.6%	5.3%	16.2 GB	56.3 MB
2092	db/bf7e98	BGC_ANALYSIS:ANTISMASH_ANALYSIS:ANTISMASH (Pantoea_sp._paga)	COMPLETED	0	2026-08-29 03:11:25.614	2026-08-29 03:11:25.710	2026-08-29 03:12:00.811	33.1s	2	6 GB	720 MB	7.8 GB	99.1%	1.3%	1.4 GB	72.7 MB
2088	26/3b5f6e	BGC_ANALYSIS:ANTISMASH_ANALYSIS:ANTISMASH (Pantoea_sp._VH_3)	COMPLETED	0	2026-08-29 03:11:15.790	2026-08-29 03:11:15.886	2026-08-29 03:12:01.222	43.2s	2	6 GB	706.7 MB	7.8 GB	97.0%	1.3%	2.1 GB	89.1 MB
2069	81/dec265	BGC_ANALYSIS:ANTISMASH_ANALYSIS:ANTISMASH (Pantoea_sp._M_8)	COMPLETED	0	2026-08-29 03:11:35.937	2026-08-29 03:11:36.033	2026-08-29 03:12:07.088	28.9s	2	6 GB	674.5 MB	7.7 GB	96.3%	1.2%	1.2 GB	64.9 MB
2077	ee/d0294c	BGC_ANALYSIS:ANTISMASH_ANALYSIS:ANTISMASH (Pantoea_sp._UBA10657)	COMPLETED	0	2026-08-29 03:09:49.537	2026-08-29 03:09:49.634	2026-08-29 03:12:33.218	2m 42s	2	6 GB	694.2 MB	7.8 GB	104.0%	1.3%	10 GB	273.5 MB
2074	a1/3a7c13	BGC_ANALYSIS:ANTISMASH_ANALYSIS:ANTISMASH (Pantoea_sp._R102)	COMPLETED	0	2026-08-29 03:10:33.993	2026-08-29 03:10:34.090	2026-08-29 03:12:35.627	2m	2	6 GB	688.2 MB	7.8 GB	102.2%	1.2%	7 GB	208.3 MB
2089	4f/e3b6a7	BGC_ANALYSIS:ANTISMASH_ANALYSIS:ANTISMASH (Pantoea_sp._VH_4)	COMPLETED	0	2026-08-29 03:11:55.704	2026-08-29 03:11:55.800	2026-08-29 03:12:36.583	38.8s	2	6 GB	696.1 MB	7.8 GB	96.2%	1.2%	1.8 GB	83 MB
2093	6c/777718	BGC_ANALYSIS:ANTISMASH_ANALYSIS:ANTISMASH (Pantoea_vagans_ET-90)	COMPLETED	0	2026-08-29 03:12:00.814	2026-08-29 03:12:00.911	2026-08-29 03:12:36.952	34s	2	6 GB	698.5 MB	7.8 GB	97.5%	1.3%	1.5 GB	74.4 MB
2078	ee/548937	BGC_ANALYSIS:ANTISMASH_ANALYSIS:ANTISMASH (Pantoea_sp._UBA11287)	COMPLETED	0	2026-08-29 03:12:07.091	2026-08-29 03:12:07.188	2026-08-29 03:12:43.466	34.1s	2	6 GB	610.7 MB	7.7 GB	96.1%	1.0%	1.6 GB	68.6 MB
2068	a7/0f08cf	BGC_ANALYSIS:ANTISMASH_ANALYSIS:ANTISMASH (Pantoea_sp._CCBC3-3-1)	COMPLETED	0	2026-08-29 03:12:35.631	2026-08-29 03:12:35.727	2026-08-29 03:13:04.072	26.4s	2	6 GB	654.2 MB	7.9 GB	129.2%	1.1%	874.8 MB	47.2 MB
2091	66/955582	BGC_ANALYSIS:ANTISMASH_ANALYSIS:ANTISMASH (Pantoea_sp._YU22)	COMPLETED	0	2026-08-29 03:12:33.221	2026-08-29 03:12:33.318	2026-08-29 03:13:11.792	36.5s	2	6 GB	712.8 MB	7.8 GB	97.3%	1.3%	1.6 GB	76.9 MB
2085	1e/2bbfed	BGC_ANALYSIS:ANTISMASH_ANALYSIS:ANTISMASH (Pantoea_sp._VH_18)	COMPLETED	0	2026-08-29 03:12:36.954	2026-08-29 03:12:37.052	2026-08-29 03:13:17.096	38.2s	2	6 GB	708.5 MB	7.8 GB	94.7%	1.3%	1.7 GB	79.9 MB
2087	6f/f54d97	BGC_ANALYSIS:ANTISMASH_ANALYSIS:ANTISMASH (Pantoea_sp._VH_25)	COMPLETED	0	2026-08-29 03:12:43.469	2026-08-29 03:12:43.567	2026-08-29 03:13:25.107	39.4s	2	6 GB	711 MB	7.8 GB	96.0%	1.3%	1.8 GB	82.8 MB
2094	3a/ecc9ea	BGC_ANALYSIS:ANTISMASH_ANALYSIS:ANTISMASH (Pantoea_vagans_LMG_24199)	COMPLETED	0	2026-08-29 03:13:04.076	2026-08-29 03:13:04.173	2026-08-29 03:13:26.604	20.4s	2	6 GB	780.4 MB	7.8 GB	133.0%	1.3%	826.9 MB	56.4 MB
2080	0e/4849b9	BGC_ANALYSIS:ANTISMASH_ANALYSIS:ANTISMASH (Pantoea_sp._UBA12230)	COMPLETED	0	2026-08-29 03:10:32.136	2026-08-29 03:10:32.232	2026-08-29 03:13:29.402	2m 55s	2	6 GB	638.9 MB	7.7 GB	104.2%	1.0%	11 GB	293.9 MB
2081	2d/63e608	BGC_ANALYSIS:ANTISMASH_ANALYSIS:ANTISMASH (Pantoea_sp._UBA8265)	COMPLETED	0	2026-08-29 03:10:35.680	2026-08-29 03:10:35.777	2026-08-29 03:13:34.200	2m 56s	2	6 GB	700.7 MB	7.8 GB	104.2%	1.3%	10.9 GB	298.9 MB
2099	72/d53a48	BGC_ANALYSIS:ANTISMASH_ANALYSIS:ANTISMASH (Buchnera_aphidicola_Sitobion_miscanthi_LF)	COMPLETED	0	2026-08-29 03:13:26.608	2026-08-29 03:13:26.705	2026-08-29 03:13:34.528	5.8s	2	6 GB	437.7 MB	7.2 GB	107.8%	0.7%	246.2 MB	5.5 MB
2103	58/3258d0	BGC_ANALYSIS:ANTISMASH_ANALYSIS:ANTISMASH (Erwinia_amylovora_57665_ID1772_3-Ea_05_20_S43_L001)	COMPLETED	0	2026-08-29 03:13:29.406	2026-08-29 03:13:29.502	2026-08-29 03:13:57.664	26.2s	2	6 GB	652.7 MB	7.7 GB	102.5%	1.0%	1 GB	54.8 MB
2090	06/64f08f	BGC_ANALYSIS:ANTISMASH_ANALYSIS:ANTISMASH (Pantoea_sp._VH_8)	COMPLETED	0	2026-08-29 03:13:17.100	2026-08-29 03:13:17.196	2026-08-29 03:14:00.028	40.7s	2	6 GB	697 MB	7.8 GB	95.8%	1.2%	1.9 GB	84.8 MB
2102	fc/3e8008	BGC_ANALYSIS:ANTISMASH_ANALYSIS:ANTISMASH (Erwinia_amylovora_57664_ID1772_2-Ea_05_09_S42_L001)	COMPLETED	0	2026-08-29 03:13:34.532	2026-08-29 03:13:34.628	2026-08-29 03:14:01.792	25.2s	2	6 GB	651.6 MB	7.7 GB	105.4%	1.0%	1 GB	54 MB
2106	ab/f71a28	BGC_ANALYSIS:ANTISMASH_ANALYSIS:ANTISMASH (Erwinia_amylovora_57668_ID1772_6-Ea_05_27_S46_L001)	COMPLETED	0	2026-08-29 03:13:34.204	2026-08-29 03:13:34.300	2026-08-29 03:14:02.515	26.2s	2	6 GB	654.9 MB	7.7 GB	106.0%	1.0%	1.1 GB	55.8 MB
2086	00/cb7e99	BGC_ANALYSIS:ANTISMASH_ANALYSIS:ANTISMASH (Pantoea_sp._VH_24)	COMPLETED	0	2026-08-29 03:13:25.110	2026-08-29 03:13:25.208	2026-08-29 03:14:05.520	38.3s	2	6 GB	701.6 MB	7.8 GB	94.6%	1.2%	1.8 GB	80.8 MB
2096	b5/0125d9	BGC_ANALYSIS:ANTISMASH_ANALYSIS:ANTISMASH (Buchnera_aphidicola_Ceratovacuna_japonica_CjNOSY1)	COMPLETED	0	2026-08-29 03:14:01.796	2026-08-29 03:14:01.892	2026-08-29 03:14:09.704	5.9s	2	6 GB	217.2 MB	2.7 GB	109.7%	0.3%	261.8 MB	6.9 MB
2100	7e/634ae1	BGC_ANALYSIS:ANTISMASH_ANALYSIS:ANTISMASH (Buchnera_aphidicola_Sitobion_miscanthi_Langfang-1)	COMPLETED	0	2026-08-29 03:14:09.708	2026-08-29 03:14:09.804	2026-08-29 03:14:19.097	7.1s	2	6 GB	213.8 MB	2.7 GB	106.8%	0.3%	310 MB	10 MB
2079	3c/deb17f	BGC_ANALYSIS:ANTISMASH_ANALYSIS:ANTISMASH (Pantoea_sp._UBA11431)	COMPLETED	0	2026-08-29 03:12:01.226	2026-08-29 03:12:01.322	2026-08-29 03:14:22.712	2m 19s	2	6 GB	684.5 MB	7.8 GB	104.0%	1.2%	8.5 GB	240.6 MB
2108	52/2cb551	BGC_ANALYSIS:ANTISMASH_ANALYSIS:ANTISMASH (Erwinia_amylovora_57670_ID1772_8-Ea_07_08_S48_L001)	COMPLETED	0	2026-08-29 03:13:57.667	2026-08-29 03:13:57.764	2026-08-29 03:14:26.583	26.9s	2	6 GB	454.4 MB	5.1 GB	104.9%	0.7%	1.1 GB	56.2 MB
2101	63/45425d	BGC_ANALYSIS:ANTISMASH_ANALYSIS:ANTISMASH (Erwinia_amylovora_57663_ID1772_1-Ea_05_07_S41_L001)	COMPLETED	0	2026-08-29 03:14:00.031	2026-08-29 03:14:00.128	2026-08-29 03:14:28.367	26.3s	2	6 GB	652.8 MB	7.7 GB	103.4%	1.0%	1.1 GB	55.2 MB
2098	b8/21695e	BGC_ANALYSIS:ANTISMASH_ANALYSIS:ANTISMASH (Buchnera_aphidicola_Sipha_maydis_Sm_Midelt)	COMPLETED	0	2026-08-29 03:14:22.723	2026-08-29 03:14:22.812	2026-08-29 03:14:29.763	5s	2	6 GB	199.1 MB	2.7 GB	110.4%	0.3%	221.7 MB	4.5 MB
2107	46/270f94	BGC_ANALYSIS:ANTISMASH_ANALYSIS:ANTISMASH (Erwinia_amylovora_57669_ID1772_7-Ea_06_13_S47_L001)	COMPLETED	0	2026-08-29 03:14:02.518	2026-08-29 03:14:02.615	2026-08-29 03:14:31.279	26.6s	2	6 GB	650.4 MB	7.7 GB	103.0%	1.0%	1.1 GB	55.9 MB
2109	03/f5fa7b	BGC_ANALYSIS:ANTISMASH_ANALYSIS:ANTISMASH (Erwinia_amylovora_57671_ID1772_9-Ea_08_07_S49_L001)	COMPLETED	0	2026-08-29 03:14:05.523	2026-08-29 03:14:05.621	2026-08-29 03:14:33.927	26.2s	2	6 GB	657.9 MB	7.7 GB	104.5%	1.0%	1.1 GB	55.5 MB
2097	72/b1db29	BGC_ANALYSIS:ANTISMASH_ANALYSIS:ANTISMASH (Buchnera_aphidicola_Periphyllus_lyropictus_Pl-LLN)	COMPLETED	0	2026-08-29 03:14:29.767	2026-08-29 03:14:29.863	2026-08-29 03:14:36.869	5.1s	2	6 GB	198.9 MB	2.7 GB	109.1%	0.3%	220.6 MB	4.4 MB
2104	1e/e3da26	BGC_ANALYSIS:ANTISMASH_ANALYSIS:ANTISMASH (Erwinia_amylovora_57666_ID1772_4-Ea_05_21_S44_L001)	COMPLETED	0	2026-08-29 03:14:19.102	2026-08-29 03:14:19.197	2026-08-29 03:14:47.455	26.2s	2	6 GB	656.7 MB	7.7 GB	102.6%	1.0%	1.1 GB	55.5 MB
2117	4f/a385a4	BGC_ANALYSIS:ANTISMASH_ANALYSIS:ANTISMASH (Erwinia_amylovora_57679_ID1772_17-Ea_11_13_S57_L001)	COMPLETED	0	2026-08-29 03:14:26.586	2026-08-29 03:14:26.683	2026-08-29 03:14:53.855	25.2s	2	6 GB	652.7 MB	7.7 GB	104.0%	1.0%	1 GB	53.6 MB
2105	3c/1e7644	BGC_ANALYSIS:ANTISMASH_ANALYSIS:ANTISMASH (Erwinia_amylovora_57667_ID1772_5-Ea_05_26_S45_L001)	COMPLETED	0	2026-08-29 03:14:28.370	2026-08-29 03:14:28.467	2026-08-29 03:14:56.291	25.9s	2	6 GB	652.9 MB	7.7 GB	102.7%	1.0%	1.1 GB	54.6 MB
2119	6b/1831e2	BGC_ANALYSIS:ANTISMASH_ANALYSIS:ANTISMASH (Erwinia_amylovora_57681_ID1772_19-Ea_12_08_S59_L001)	COMPLETED	0	2026-08-29 03:14:31.282	2026-08-29 03:14:31.379	2026-08-29 03:14:59.131	25.7s	2	6 GB	651 MB	7.7 GB	101.2%	1.0%	1 GB	54.1 MB
2116	74/13a16f	BGC_ANALYSIS:ANTISMASH_ANALYSIS:ANTISMASH (Erwinia_amylovora_57678_ID1772_16-Ea_11_12_S56_L001)	COMPLETED	0	2026-08-29 03:14:33.931	2026-08-29 03:14:34.028	2026-08-29 03:15:01.152	25s	2	6 GB	650.1 MB	7.7 GB	103.5%	1.0%	1 GB	53.6 MB
2095	08/7e5b30	BGC_ANALYSIS:ANTISMASH_ANALYSIS:ANTISMASH (Buchnera_aphidicola_Aphis_gossypii_KR)	COMPLETED	0	2026-08-29 03:14:53.858	2026-08-29 03:14:53.955	2026-08-29 03:15:01.371	5.3s	2	6 GB	208.6 MB	2.7 GB	109.3%	0.3%	243.7 MB	5.5 MB
2122	08/163ef3	BGC_ANALYSIS:ANTISMASH_ANALYSIS:ANTISMASH (Erwinia_amylovora_57684_ID1772_22-Ea_12_12_S62_L001)	COMPLETED	0	2026-08-29 03:14:36.873	2026-08-29 03:14:36.969	2026-08-29 03:15:05.988	26.9s	2	6 GB	617.3 MB	7.7 GB	101.9%	1.0%	1.1 GB	56.3 MB
2083	57/b6ab9f	BGC_ANALYSIS:ANTISMASH_ANALYSIS:ANTISMASH (Pantoea_sp._UBA9284)	COMPLETED	0	2026-08-29 03:12:36.587	2026-08-29 03:12:36.683	2026-08-29 03:15:12.910	2m 34s	2	6 GB	640.3 MB	7.7 GB	102.9%	1.0%	9.6 GB	259.6 MB
2112	39/3512a4	BGC_ANALYSIS:ANTISMASH_ANALYSIS:ANTISMASH (Erwinia_amylovora_57674_ID1772_12-Ea_08_33_S52_L001)	COMPLETED	0	2026-08-29 03:14:47.458	2026-08-29 03:14:47.556	2026-08-29 03:15:15.382	25.8s	2	6 GB	651.4 MB	7.7 GB	99.9%	1.0%	1 GB	54.5 MB
2126	df/4172f5	BGC_ANALYSIS:ANTISMASH_ANALYSIS:ANTISMASH (Erwinia_amylovora_57688_ID1772_26-Ea_12_16_S66_L001)	COMPLETED	0	2026-08-29 03:14:56.295	2026-08-29 03:14:56.392	2026-08-29 03:15:24.171	25.9s	2	6 GB	657.9 MB	7.7 GB	102.4%	1.0%	1.1 GB	55.1 MB
2115	6a/5242d2	BGC_ANALYSIS:ANTISMASH_ANALYSIS:ANTISMASH (Erwinia_amylovora_57677_ID1772_15-Ea_10_04_S55_L001)	COMPLETED	0	2026-08-29 03:14:59.135	2026-08-29 03:14:59.231	2026-08-29 03:15:26.139	24.9s	2	6 GB	655.6 MB	7.7 GB	102.6%	1.0%	1020.8 MB	52.7 MB
2124	8d/05a3c8	BGC_ANALYSIS:ANTISMASH_ANALYSIS:ANTISMASH (Erwinia_amylovora_57686_ID1772_24-Ea_12_14_S64_L001)	COMPLETED	0	2026-08-29 03:15:01.156	2026-08-29 03:15:01.253	2026-08-29 03:15:28.083	24.8s	2	6 GB	645.6 MB	7.7 GB	101.4%	1.1%	1000.3 MB	52.3 MB
2114	6c/7d65b0	BGC_ANALYSIS:ANTISMASH_ANALYSIS:ANTISMASH (Erwinia_amylovora_57676_ID1772_14-Ea_08_36_S54_L001)	COMPLETED	0	2026-08-29 03:15:01.374	2026-08-29 03:15:01.471	2026-08-29 03:15:28.802	25.3s	2	6 GB	659.8 MB	7.7 GB	101.3%	1.0%	1 GB	54 MB
2110	f1/2cd3c1	BGC_ANALYSIS:ANTISMASH_ANALYSIS:ANTISMASH (Erwinia_amylovora_57672_ID1772_10-Ea_08_15_S50_L001)	COMPLETED	0	2026-08-29 03:15:05.991	2026-08-29 03:15:06.088	2026-08-29 03:15:35.468	27.3s	2	6 GB	651.2 MB	7.7 GB	102.6%	1.0%	1.1 GB	56.5 MB
2120	62/6f13e3	BGC_ANALYSIS:ANTISMASH_ANALYSIS:ANTISMASH (Erwinia_amylovora_57682_ID1772_20-Ea_12_10_S60_L001)	COMPLETED	0	2026-08-29 03:15:12.913	2026-08-29 03:15:13.010	2026-08-29 03:15:40.402	25.3s	2	6 GB	655.1 MB	7.7 GB	98.9%	1.0%	1 GB	53.9 MB
2113	da/b7532d	BGC_ANALYSIS:ANTISMASH_ANALYSIS:ANTISMASH (Erwinia_amylovora_57675_ID1772_13-Ea_08_34_S53_L001)	COMPLETED	0	2026-08-29 03:15:15.386	2026-08-29 03:15:15.483	2026-08-29 03:15:43.608	26.1s	2	6 GB	653.2 MB	7.7 GB	102.6%	1.0%	1.1 GB	55.5 MB
2132	98/a88cad	BGC_ANALYSIS:ANTISMASH_ANALYSIS:ANTISMASH (Erwinia_amylovora_57694_ID1772_32-Ea_14_12_S72_L001)	COMPLETED	0	2026-08-29 03:15:24.175	2026-08-29 03:15:24.271	2026-08-29 03:15:51.787	25.5s	2	6 GB	648.4 MB	7.7 GB	100.5%	1.0%	1 GB	53.7 MB
2129	d4/46f111	BGC_ANALYSIS:ANTISMASH_ANALYSIS:ANTISMASH (Erwinia_amylovora_57691_ID1772_29-Ea_13_12_S69_L001)	COMPLETED	0	2026-08-29 03:15:26.143	2026-08-29 03:15:26.239	2026-08-29 03:15:53.350	25.1s	2	6 GB	643.1 MB	7.7 GB	102.0%	1.1%	1021.7 MB	52.7 MB
2125	e2/7ebe48	BGC_ANALYSIS:ANTISMASH_ANALYSIS:ANTISMASH (Erwinia_amylovora_57687_ID1772_25-Ea_12_15_S65_L001)	COMPLETED	0	2026-08-29 03:15:28.086	2026-08-29 03:15:28.183	2026-08-29 03:15:54.678	24.6s	2	6 GB	659 MB	7.7 GB	104.0%	1.0%	1020.7 MB	52.8 MB
2082	c4/9ce6e6	BGC_ANALYSIS:ANTISMASH_ANALYSIS:ANTISMASH (Pantoea_sp._UBA8679)	COMPLETED	0	2026-08-29 03:13:11.796	2026-08-29 03:13:11.892	2026-08-29 03:15:56.645	2m 43s	2	6 GB	694 MB	7.8 GB	102.6%	1.3%	9.9 GB	272.1 MB
2118	83/77b03a	BGC_ANALYSIS:ANTISMASH_ANALYSIS:ANTISMASH (Erwinia_amylovora_57680_ID1772_18-Ea_12_06_S58_L001)	COMPLETED	0	2026-08-29 03:15:28.805	2026-08-29 03:15:28.902	2026-08-29 03:15:56.738	25.9s	2	6 GB	656.1 MB	7.7 GB	103.2%	1.0%	1 GB	54.6 MB
2134	ee/7df9db	BGC_ANALYSIS:ANTISMASH_ANALYSIS:ANTISMASH (Erwinia_amylovora_57696_ID1772_34-Ea_15_04_S74_L001)	COMPLETED	0	2026-08-29 03:15:35.472	2026-08-29 03:15:35.568	2026-08-29 03:16:03.227	25.6s	2	6 GB	648.6 MB	7.7 GB	102.0%	1.0%	1 GB	53.7 MB
2137	3f/185e9c	BGC_ANALYSIS:ANTISMASH_ANALYSIS:ANTISMASH (Erwinia_amylovora_57699_ID1772_37-Ea_17_01_S77_L001)	COMPLETED	0	2026-08-29 03:15:40.406	2026-08-29 03:15:40.502	2026-08-29 03:16:09.679	27.1s	2	6 GB	653.4 MB	7.7 GB	101.0%	1.0%	1.1 GB	56.4 MB
2123	c9/62f471	BGC_ANALYSIS:ANTISMASH_ANALYSIS:ANTISMASH (Erwinia_amylovora_57685_ID1772_23-Ea_12_13_S63_L001)	COMPLETED	0	2026-08-29 03:15:43.610	2026-08-29 03:15:43.708	2026-08-29 03:16:11.490	25.8s	2	6 GB	645 MB	7.7 GB	100.3%	1.1%	1020.7 MB	52.7 MB
2143	7d/15dfe8	BGC_ANALYSIS:ANTISMASH_ANALYSIS:ANTISMASH (Erwinia_amylovora_CP201142)	COMPLETED	0	2026-08-29 03:15:54.680	2026-08-29 03:15:54.778	2026-08-29 03:16:11.997	15.3s	2	6 GB	633.4 MB	7.3 GB	132.2%	1.2%	629 MB	27.3 MB
2142	fb/7b3c6a	BGC_ANALYSIS:ANTISMASH_ANALYSIS:ANTISMASH (Erwinia_amylovora_CP200930)	COMPLETED	0	2026-08-29 03:15:56.648	2026-08-29 03:15:56.739	2026-08-29 03:16:14.082	15.4s	2	6 GB	613.9 MB	7.3 GB	133.1%	1.1%	629 MB	27.3 MB
2121	3a/737acb	BGC_ANALYSIS:ANTISMASH_ANALYSIS:ANTISMASH (Erwinia_amylovora_57683_ID1772_21-Ea_12_11_S61_L001)	COMPLETED	0	2026-08-29 03:15:51.791	2026-08-29 03:15:51.887	2026-08-29 03:16:19.819	26s	2	6 GB	650.5 MB	7.7 GB	100.6%	1.0%	1 GB	54.5 MB
2135	93/8eff21	BGC_ANALYSIS:ANTISMASH_ANALYSIS:ANTISMASH (Erwinia_amylovora_57697_ID1772_35-Ea_15_08_S75_L001)	COMPLETED	0	2026-08-29 03:15:53.354	2026-08-29 03:15:53.450	2026-08-29 03:16:22.477	27s	2	6 GB	656.5 MB	7.7 GB	104.2%	1.0%	1.1 GB	55.7 MB
2111	27/1a6cd0	BGC_ANALYSIS:ANTISMASH_ANALYSIS:ANTISMASH (Erwinia_amylovora_57673_ID1772_11-Ea_08_18_S51_L001)	COMPLETED	0	2026-08-29 03:15:56.741	2026-08-29 03:15:56.842	2026-08-29 03:16:24.854	26s	2	6 GB	650.5 MB	7.7 GB	100.1%	1.0%	1 GB	53.7 MB
2141	6a/605791	BGC_ANALYSIS:ANTISMASH_ANALYSIS:ANTISMASH (Erwinia_amylovora_CP20086202)	COMPLETED	0	2026-08-29 03:16:12.001	2026-08-29 03:16:12.102	2026-08-29 03:16:28.728	14.6s	2	6 GB	630.4 MB	7.3 GB	134.2%	1.2%	628.9 MB	27.3 MB
2139	34/dc3993	BGC_ANALYSIS:ANTISMASH_ANALYSIS:ANTISMASH (Erwinia_amylovora_57702_ID1772_40-Ea_18_11_S80_L001)	COMPLETED	0	2026-08-29 03:16:03.231	2026-08-29 03:16:03.327	2026-08-29 03:16:30.862	25.4s	2	6 GB	635.3 MB	7.7 GB	101.5%	1.1%	1020.4 MB	52.8 MB
2148	27/020c93	BGC_ANALYSIS:ANTISMASH_ANALYSIS:ANTISMASH (Erwinia_amylovora_CP20161301)	COMPLETED	0	2026-08-29 03:16:19.822	2026-08-29 03:16:19.919	2026-08-29 03:16:37.386	15.3s	2	6 GB	613.5 MB	7.3 GB	132.9%	1.1%	628.7 MB	27.3 MB
2140	6e/99e14f	BGC_ANALYSIS:ANTISMASH_ANALYSIS:ANTISMASH (Erwinia_amylovora_57703_ID1772_41-Ea_19_10_S81_L001)	COMPLETED	0	2026-08-29 03:16:09.683	2026-08-29 03:16:09.779	2026-08-29 03:16:38.694	26.7s	2	6 GB	654.1 MB	7.7 GB	101.6%	1.0%	1.1 GB	55.5 MB
2138	8d/5aea62	BGC_ANALYSIS:ANTISMASH_ANALYSIS:ANTISMASH (Erwinia_amylovora_57700_ID1772_38-Ea_17_03_S78_L001)	COMPLETED	0	2026-08-29 03:16:11.494	2026-08-29 03:16:11.590	2026-08-29 03:16:40.258	26.7s	2	6 GB	656.4 MB	7.7 GB	101.5%	1.0%	1.1 GB	55.5 MB
2127	80/d7f76a	BGC_ANALYSIS:ANTISMASH_ANALYSIS:ANTISMASH (Erwinia_amylovora_57689_ID1772_27-Ea_12_18_S67_L001)	COMPLETED	0	2026-08-29 03:16:14.085	2026-08-29 03:16:14.182	2026-08-29 03:16:41.867	25.8s	2	6 GB	641 MB	7.7 GB	101.8%	1.1%	1 GB	53.5 MB
2130	55/5af9bc	BGC_ANALYSIS:ANTISMASH_ANALYSIS:ANTISMASH (Erwinia_amylovora_57692_ID1772_30-Ea_14_03_S70_L001)	COMPLETED	0	2026-08-29 03:16:22.480	2026-08-29 03:16:22.577	2026-08-29 03:16:51.127	26.5s	2	6 GB	642.9 MB	7.7 GB	100.8%	1.1%	1.1 GB	55 MB
2160	74/5410fc	BGC_ANALYSIS:ANTISMASH_ANALYSIS:ANTISMASH (Erwinia_persicina_ZSR3)	COMPLETED	0	2026-08-29 03:16:40.261	2026-08-29 03:16:40.358	2026-08-29 03:17:01.591	19.3s	2	6 GB	813.9 MB	7.8 GB	132.9%	1.4%	793.1 MB	54.1 MB
2128	c0/0e63a1	BGC_ANALYSIS:ANTISMASH_ANALYSIS:ANTISMASH (Erwinia_amylovora_57690_ID1772_28-Ea_12_19_S68_L001)	COMPLETED	0	2026-08-29 03:16:37.389	2026-08-29 03:16:37.486	2026-08-29 03:17:04.743	25.2s	2	6 GB	655 MB	7.7 GB	104.1%	1.0%	1 GB	54 MB
2155	d5/9b1e7a	BGC_ANALYSIS:ANTISMASH_ANALYSIS:ANTISMASH (Erwinia_mallotivora_EP61)	COMPLETED	0	2026-08-29 03:16:28.732	2026-08-29 03:16:28.828	2026-08-29 03:17:06.597	35.7s	2	6 GB	488.7 MB	7.7 GB	103.1%	0.7%	1.4 GB	59.8 MB
2150	23/f2747e	BGC_ANALYSIS:ANTISMASH_ANALYSIS:ANTISMASH (Erwinia_mallotivora_EP17)	COMPLETED	0	2026-08-29 03:16:24.857	2026-08-29 03:16:24.954	2026-08-29 03:17:09.750	42.7s	2	6 GB	503.1 MB	7.8 GB	102.2%	0.7%	1.8 GB	69 MB
2133	57/1b8e68	BGC_ANALYSIS:ANTISMASH_ANALYSIS:ANTISMASH (Erwinia_amylovora_57695_ID1772_33-Ea_15_03_S73_L001)	COMPLETED	0	2026-08-29 03:16:51.130	2026-08-29 03:16:51.227	2026-08-29 03:17:19.581	26.3s	2	6 GB	639.6 MB	7.7 GB	102.8%	1.0%	1.1 GB	54.2 MB
2159	4a/af431d	BGC_ANALYSIS:ANTISMASH_ANALYSIS:ANTISMASH (Erwinia_persicina_SR16)	COMPLETED	0	2026-08-29 03:16:41.870	2026-08-29 03:16:41.967	2026-08-29 03:17:24.993	41s	2	6 GB	688.8 MB	7.8 GB	93.2%	1.3%	1.7 GB	82.1 MB
2147	5d/837a1c	BGC_ANALYSIS:ANTISMASH_ANALYSIS:ANTISMASH (Erwinia_amylovora_CP20140001)	COMPLETED	0	2026-08-29 03:17:09.753	2026-08-29 03:17:09.850	2026-08-29 03:17:26.977	15s	2	6 GB	622 MB	7.3 GB	131.8%	1.2%	628.7 MB	27.3 MB
2136	e7/03f82a	BGC_ANALYSIS:ANTISMASH_ANALYSIS:ANTISMASH (Erwinia_amylovora_57698_ID1772_36-Ea_15_14_S76_L001)	COMPLETED	0	2026-08-29 03:17:01.594	2026-08-29 03:17:01.691	2026-08-29 03:17:29.525	25.7s	2	6 GB	646.9 MB	7.7 GB	102.0%	1.0%	1 GB	54.4 MB
2131	91/5068b9	BGC_ANALYSIS:ANTISMASH_ANALYSIS:ANTISMASH (Erwinia_amylovora_57693_ID1772_31-Ea_14_11_S71_L001)	COMPLETED	0	2026-08-29 03:17:04.746	2026-08-29 03:17:04.844	2026-08-29 03:17:33.117	26.2s	2	6 GB	650.2 MB	7.7 GB	102.1%	1.0%	1.1 GB	54.7 MB
2165	5e/77a907	BGC_ANALYSIS:ANTISMASH_ANALYSIS:ANTISMASH (Erwinia_rhapontici_BIGb0389)	COMPLETED	0	2026-08-29 03:17:06.600	2026-08-29 03:17:06.696	2026-08-29 03:17:41.336	32.5s	2	6 GB	753.9 MB	7.8 GB	99.5%	1.3%	1.3 GB	72.6 MB
2157	bb/247f48	BGC_ANALYSIS:ANTISMASH_ANALYSIS:ANTISMASH (Erwinia_persicina_SR14)	COMPLETED	0	2026-08-29 03:16:30.865	2026-08-29 03:16:30.966	2026-08-29 03:17:43.601	1m 11s	2	6 GB	4.8 GB	8.1 GB	112.5%	4.0%	18.4 GB	70.9 MB
2162	e5/fbe5e7	BGC_ANALYSIS:ANTISMASH_ANALYSIS:ANTISMASH (Erwinia_pyrifoliae_CP201179)	COMPLETED	0	2026-08-29 03:17:24.997	2026-08-29 03:17:25.094	2026-08-29 03:17:45.775	18.7s	2	6 GB	770.9 MB	7.8 GB	128.3%	1.3%	713 MB	49.6 MB
2156	16/99c4cb	BGC_ANALYSIS:ANTISMASH_ANALYSIS:ANTISMASH (Erwinia_persicina_SR13)	COMPLETED	0	2026-08-29 03:16:38.697	2026-08-29 03:16:38.794	2026-08-29 03:17:49.984	1m 9s	2	6 GB	4.9 GB	8.2 GB	114.7%	3.3%	18.3 GB	70.4 MB
2163	13/6ba582	BGC_ANALYSIS:ANTISMASH_ANALYSIS:ANTISMASH (Erwinia_pyrifoliae_CP20126903)	COMPLETED	0	2026-08-29 03:17:29.527	2026-08-29 03:17:29.625	2026-08-29 03:17:50.840	19.4s	2	6 GB	752.9 MB	7.8 GB	123.8%	1.3%	769.9 MB	52.1 MB
2144	45/a978ed	BGC_ANALYSIS:ANTISMASH_ANALYSIS:ANTISMASH (Erwinia_amylovora_CP20130202)	COMPLETED	0	2026-08-29 03:17:41.340	2026-08-29 03:17:41.437	2026-08-29 03:17:58.570	14.9s	2	6 GB	629.9 MB	7.3 GB	131.5%	1.2%	628.9 MB	27.3 MB
2153	c3/d72d19	BGC_ANALYSIS:ANTISMASH_ANALYSIS:ANTISMASH (Erwinia_mallotivora_EP45)	COMPLETED	0	2026-08-29 03:17:19.584	2026-08-29 03:17:19.681	2026-08-29 03:18:00.248	38.4s	2	6 GB	490 MB	7.7 GB	99.6%	0.8%	1.5 GB	60.7 MB
2158	ac/825641	BGC_ANALYSIS:ANTISMASH_ANALYSIS:ANTISMASH (Erwinia_persicina_SR15)	COMPLETED	0	2026-08-29 03:17:43.604	2026-08-29 03:17:43.701	2026-08-29 03:18:07.185	21.4s	2	6 GB	811.6 MB	7.8 GB	133.8%	1.4%	829.9 MB	59.2 MB
2170	db/e0f8d5	BGC_ANALYSIS:ANTISMASH_ANALYSIS:ANTISMASH (Pantoea_agglomerans_CPHN_2)	COMPLETED	0	2026-08-29 03:17:45.778	2026-08-29 03:17:45.875	2026-08-29 03:18:08.006	20.1s	2	6 GB	776.5 MB	7.8 GB	129.5%	1.4%	781.5 MB	56.3 MB
2161	62/6874a2	BGC_ANALYSIS:ANTISMASH_ANALYSIS:ANTISMASH (Erwinia_pyrifoliae_CP20113301)	COMPLETED	0	2026-08-29 03:17:50.844	2026-08-29 03:17:50.941	2026-08-29 03:18:12.102	19s	2	6 GB	766.7 MB	7.8 GB	125.0%	1.3%	736.3 MB	50.3 MB
2154	b5/d0dd63	BGC_ANALYSIS:ANTISMASH_ANALYSIS:ANTISMASH (Erwinia_mallotivora_EP60)	COMPLETED	0	2026-08-29 03:17:33.121	2026-08-29 03:17:33.217	2026-08-29 03:18:12.740	37.5s	2	6 GB	504 MB	7.8 GB	101.8%	0.7%	1.4 GB	59.8 MB
2166	a7/6fa2ff	BGC_ANALYSIS:ANTISMASH_ANALYSIS:ANTISMASH (Mixta_hanseatica_X22927)	COMPLETED	0	2026-08-29 03:17:26.980	2026-08-29 03:17:27.077	2026-08-29 03:18:20.664	51.7s	2	6 GB	4.7 GB	7.8 GB	128.1%	4.2%	13.4 GB	54.5 MB
2171	1a/f29b3c	BGC_ANALYSIS:ANTISMASH_ANALYSIS:ANTISMASH (Pantoea_agglomerans_ICMP_1087)	COMPLETED	0	2026-08-29 03:17:49.987	2026-08-29 03:17:50.084	2026-08-29 03:18:22.912	30.6s	2	6 GB	714.3 MB	7.8 GB	104.4%	1.3%	1.3 GB	69.5 MB
2169	55/16bfbc	BGC_ANALYSIS:ANTISMASH_ANALYSIS:ANTISMASH (Pantoea_agglomerans_CHTF15)	COMPLETED	0	2026-08-29 03:18:07.189	2026-08-29 03:18:07.286	2026-08-29 03:18:30.411	21s	2	6 GB	786 MB	7.8 GB	126.8%	1.4%	852.9 MB	58.8 MB
2149	11/10e4c6	BGC_ANALYSIS:ANTISMASH_ANALYSIS:ANTISMASH (Erwinia_aphidicola_X001)	COMPLETED	0	2026-08-29 03:18:08.010	2026-08-29 03:18:08.107	2026-08-29 03:18:30.585	20.3s	2	6 GB	793.7 MB	7.8 GB	136.5%	1.4%	853.8 MB	57.8 MB
2181	4e/0cec22	BGC_ANALYSIS:ANTISMASH_ANALYSIS:ANTISMASH (Pantoea_sp._B566)	COMPLETED	0	2026-08-29 03:18:12.744	2026-08-29 03:18:12.839	2026-08-29 03:18:36.016	21.3s	2	6 GB	825.1 MB	7.8 GB	132.9%	1.4%	846.6 MB	59.8 MB
2177	79/834d6e	BGC_ANALYSIS:ANTISMASH_ANALYSIS:ANTISMASH (Pantoea_dispersa_ML.8a3)	COMPLETED	0	2026-08-29 03:18:20.668	2026-08-29 03:18:20.764	2026-08-29 03:18:43.670	20.7s	2	6 GB	811.9 MB	7.8 GB	128.8%	1.3%	817.8 MB	57.8 MB
2179	35/3ff131	BGC_ANALYSIS:ANTISMASH_ANALYSIS:ANTISMASH (Pantoea_eucrina_YYCK_506)	COMPLETED	0	2026-08-29 03:18:22.916	2026-08-29 03:18:23.012	2026-08-29 03:18:47.224	22.1s	2	6 GB	626.8 MB	7.7 GB	98.8%	1.0%	901.6 MB	49.2 MB
2175	94/7d5349	BGC_ANALYSIS:ANTISMASH_ANALYSIS:ANTISMASH (Pantoea_brenneri_6775)	COMPLETED	0	2026-08-29 03:18:00.252	2026-08-29 03:18:00.348	2026-08-29 03:18:47.281	44.9s	2	6 GB	715.9 MB	7.8 GB	93.4%	1.2%	2 GB	87.7 MB
2172	f2/5b7e70	BGC_ANALYSIS:ANTISMASH_ANALYSIS:ANTISMASH (Pantoea_alhagi_NX-11)	COMPLETED	0	2026-08-29 03:18:30.414	2026-08-29 03:18:30.511	2026-08-29 03:18:47.361	14.6s	2	6 GB	603.3 MB	7.3 GB	135.5%	1.1%	680.9 MB	31.4 MB
2174	00/40703f	BGC_ANALYSIS:ANTISMASH_ANALYSIS:ANTISMASH (Pantoea_ananatis_Lstri)	COMPLETED	0	2026-08-29 03:18:30.589	2026-08-29 03:18:30.685	2026-08-29 03:18:52.302	19.4s	2	6 GB	845.6 MB	7.9 GB	132.8%	1.3%	817.6 MB	57.3 MB
2173	90/d39414	BGC_ANALYSIS:ANTISMASH_ANALYSIS:ANTISMASH (Pantoea_ananatis_JBR-LB3-16)	COMPLETED	0	2026-08-29 03:18:12.105	2026-08-29 03:18:12.202	2026-08-29 03:19:00.637	46.6s	2	6 GB	4.7 GB	7.8 GB	126.8%	6.6%	9.4 GB	57.6 MB
2168	7a/0a621e	BGC_ANALYSIS:ANTISMASH_ANALYSIS:ANTISMASH (Pantoea_agglomerans_CCNPK_873)	COMPLETED	0	2026-08-29 03:18:36.020	2026-08-29 03:18:36.116	2026-08-29 03:19:03.091	25s	2	6 GB	722.6 MB	7.8 GB	102.8%	1.2%	985.5 MB	59.6 MB
2145	6d/2a8c10	BGC_ANALYSIS:ANTISMASH_ANALYSIS:ANTISMASH (Erwinia_amylovora_CP20130204)	COMPLETED	0	2026-08-29 03:18:47.284	2026-08-29 03:18:47.361	2026-08-29 03:19:03.585	14.2s	2	6 GB	630.7 MB	7.3 GB	131.2%	1.2%	602 MB	26.9 MB
2164	ac/acf51e	BGC_ANALYSIS:ANTISMASH_ANALYSIS:ANTISMASH (Erwinia_pyrifoliae_CP201486)	COMPLETED	0	2026-08-29 03:18:47.228	2026-08-29 03:18:47.281	2026-08-29 03:19:07.684	18.3s	2	6 GB	770.9 MB	7.8 GB	127.4%	1.3%	713.3 MB	49.5 MB
2146	44/53d763	BGC_ANALYSIS:ANTISMASH_ANALYSIS:ANTISMASH (Erwinia_amylovora_CP201324)	COMPLETED	0	2026-08-29 03:18:52.305	2026-08-29 03:18:52.402	2026-08-29 03:19:09.564	15.1s	2	6 GB	631.8 MB	7.3 GB	132.8%	1.2%	628.9 MB	27.3 MB
2185	fa/b163c1	BGC_ANALYSIS:ANTISMASH_ANALYSIS:ANTISMASH (Pantoea_sp._Ft+CA_17)	COMPLETED	0	2026-08-29 03:18:43.673	2026-08-29 03:18:43.770	2026-08-29 03:19:18.744	32.8s	2	6 GB	491.5 MB	7.7 GB	99.5%	0.7%	1.3 GB	55.8 MB
2188	f4/fcb269	BGC_ANALYSIS:ANTISMASH_ANALYSIS:ANTISMASH (Pantoea_sp._XY16)	COMPLETED	0	2026-08-29 03:18:47.365	2026-08-29 03:18:47.461	2026-08-29 03:19:20.581	31s	2	6 GB	695 MB	7.8 GB	91.3%	1.3%	1.2 GB	67.5 MB
2191	00/dcbb6a	BGC_ANALYSIS:ANTISMASH_ANALYSIS:ANTISMASH (Pantoea_trifolii_MMK3)	COMPLETED	0	2026-08-29 03:19:03.096	2026-08-29 03:19:03.192	2026-08-29 03:19:27.887	22.5s	2	6 GB	782.7 MB	7.8 GB	128.3%	1.3%	877.7 MB	61.4 MB
2182	0e/49462a	BGC_ANALYSIS:ANTISMASH_ANALYSIS:ANTISMASH (Pantoea_sp._B623)	COMPLETED	0	2026-08-29 03:19:09.567	2026-08-29 03:19:09.665	2026-08-29 03:19:33.293	21.5s	2	6 GB	833.5 MB	7.8 GB	133.6%	1.4%	872.5 MB	60.8 MB
2178	ca/dc0343	BGC_ANALYSIS:ANTISMASH_ANALYSIS:ANTISMASH (Pantoea_dispersa_MSC14)	COMPLETED	0	2026-08-29 03:19:00.642	2026-08-29 03:19:00.737	2026-08-29 03:19:39.259	36.3s	2	6 GB	501.9 MB	7.8 GB	102.2%	0.7%	1.5 GB	59.1 MB
2176	d4/ffc30f	BGC_ANALYSIS:ANTISMASH_ANALYSIS:ANTISMASH (Pantoea_dispersa_EGD-AAK13)	COMPLETED	0	2026-08-29 03:19:03.588	2026-08-29 03:19:03.686	2026-08-29 03:19:39.864	34.1s	2	6 GB	715 MB	7.8 GB	96.5%	1.3%	1.4 GB	77.5 MB
2167	cf/9b134d	BGC_ANALYSIS:ANTISMASH_ANALYSIS:ANTISMASH (Mixta_sp._UJ_SKK_1.1)	COMPLETED	0	2026-08-29 03:17:58.574	2026-08-29 03:17:58.670	2026-08-29 03:19:45.237	1m 44s	2	6 GB	683.5 MB	7.8 GB	98.8%	1.2%	5.7 GB	173.5 MB
2193	47/79ecb7	BGC_ANALYSIS:ANTISMASH_ANALYSIS:ANTISMASH (Winslowiella_arboricola_BAC_15a-03b)	COMPLETED	0	2026-08-29 03:19:20.585	2026-08-29 03:19:20.681	2026-08-29 03:19:52.478	29.8s	2	6 GB	725 MB	7.8 GB	102.0%	1.3%	1.1 GB	70.2 MB
2184	bc/9d96a2	BGC_ANALYSIS:ANTISMASH_ANALYSIS:ANTISMASH (Pantoea_sp._Fr-CA_6)	COMPLETED	0	2026-08-29 03:19:18.749	2026-08-29 03:19:18.844	2026-08-29 03:19:54.318	33.4s	2	6 GB	480.2 MB	7.7 GB	103.1%	0.7%	1.4 GB	57.4 MB
2187	8f/592905	BGC_ANALYSIS:ANTISMASH_ANALYSIS:ANTISMASH (Pantoea_sp._SOD02)	COMPLETED	0	2026-08-29 03:19:39.262	2026-08-29 03:19:39.360	2026-08-29 03:20:02.510	21.1s	2	6 GB	800.1 MB	7.8 GB	127.3%	1.3%	871.8 MB	61.8 MB
2186	68/abbdff	BGC_ANALYSIS:ANTISMASH_ANALYSIS:ANTISMASH (Pantoea_sp._Ft-CA_14)	COMPLETED	0	2026-08-29 03:19:33.296	2026-08-29 03:19:33.393	2026-08-29 03:20:08.021	32.6s	2	6 GB	488.2 MB	7.8 GB	99.9%	0.7%	1.3 GB	55.6 MB
2194	1a/ecdce5	BGC_ANALYSIS:ANTISMASH_ANALYSIS:ANTISMASH (Winslowiella_arboricola_Til_1)	COMPLETED	0	2026-08-29 03:19:27.891	2026-08-29 03:19:27.987	2026-08-29 03:20:14.950	44.8s	2	6 GB	679.4 MB	7.7 GB	94.5%	1.2%	2 GB	90.8 MB
2192	49/a5cb18	BGC_ANALYSIS:ANTISMASH_ANALYSIS:ANTISMASH (Rosenbergiella_epipactidis_YCCK_550)	COMPLETED	0	2026-08-29 03:19:52.482	2026-08-29 03:19:52.578	2026-08-29 03:20:15.971	21.3s	2	6 GB	580.6 MB	7.7 GB	97.3%	1.0%	867.6 MB	44.1 MB
2151	54/b60c52	BGC_ANALYSIS:ANTISMASH_ANALYSIS:ANTISMASH (Erwinia_mallotivora_EP21)	COMPLETED	0	2026-08-29 03:19:39.868	2026-08-29 03:19:39.964	2026-08-29 03:20:17.759	35.8s	2	6 GB	489.8 MB	7.7 GB	101.7%	0.7%	1.4 GB	59.6 MB
2183	fc/8f9caf	BGC_ANALYSIS:ANTISMASH_ANALYSIS:ANTISMASH (Pantoea_sp._Fr+CA_20)	COMPLETED	0	2026-08-29 03:19:07.687	2026-08-29 03:19:07.785	2026-08-29 03:20:18.148	1m 8s	2	6 GB	4.7 GB	7.8 GB	109.3%	7.7%	11.9 GB	68.7 MB
2189	b0/36e4eb	BGC_ANALYSIS:ANTISMASH_ANALYSIS:ANTISMASH (Pantoea_stewartii_ST25)	COMPLETED	0	2026-08-29 03:19:45.242	2026-08-29 03:19:45.337	2026-08-29 03:20:20.078	32.7s	2	6 GB	678.5 MB	7.8 GB	97.1%	1.2%	1.4 GB	71.9 MB
2180	70/211f89	BGC_ANALYSIS:ANTISMASH_ANALYSIS:ANTISMASH (Pantoea_sp._B550)	COMPLETED	0	2026-08-29 03:20:02.514	2026-08-29 03:20:02.610	2026-08-29 03:20:23.945	19.4s	2	6 GB	790.6 MB	7.8 GB	127.0%	1.3%	804.6 MB	55.9 MB
2152	70/37268d	BGC_ANALYSIS:ANTISMASH_ANALYSIS:ANTISMASH (Erwinia_mallotivora_EP39)	COMPLETED	0	2026-08-29 03:19:54.321	2026-08-29 03:19:54.418	2026-08-29 03:20:30.812	34.4s	2	6 GB	503.1 MB	7.8 GB	101.6%	0.7%	1.3 GB	57.5 MB
2190	75/1f5b1a	BGC_ANALYSIS:ANTISMASH_ANALYSIS:ANTISMASH (Pantoea_trifolii_MMK2)	COMPLETED	0	2026-08-29 03:20:08.025	2026-08-29 03:20:08.121	2026-08-29 03:20:31.982	21.8s	2	6 GB	779.6 MB	7.8 GB	128.5%	1.3%	877.2 MB	61.4 MB
2202	76/4c5ccb	BGC_ANALYSIS:ANTISMASH_ANALYSIS:ANTISMASH (Erwinia_amylovora_A1)	COMPLETED	0	2026-08-29 03:20:20.081	2026-08-29 03:20:20.178	2026-08-29 03:20:39.422	17.1s	2	6 GB	695.5 MB	7.7 GB	128.4%	1.1%	697.1 MB	47.3 MB
2208	f1/8adbe4	BGC_ANALYSIS:ANTISMASH_ANALYSIS:ANTISMASH (Erwinia_amylovora_CPBF2076)	COMPLETED	0	2026-08-29 03:20:14.954	2026-08-29 03:20:15.051	2026-08-29 03:20:51.328	34.3s	2	6 GB	658.5 MB	7.7 GB	96.0%	1.1%	1.5 GB	67.9 MB
2205	41/88b4b2	BGC_ANALYSIS:ANTISMASH_ANALYSIS:ANTISMASH (Erwinia_amylovora_CPBF2032)	COMPLETED	0	2026-08-29 03:20:18.151	2026-08-29 03:20:18.258	2026-08-29 03:20:54.744	34.6s	2	6 GB	674.1 MB	7.7 GB	97.4%	1.1%	1.5 GB	67.9 MB
2203	25/1e927d	BGC_ANALYSIS:ANTISMASH_ANALYSIS:ANTISMASH (Erwinia_amylovora_A2)	COMPLETED	0	2026-08-29 03:20:39.426	2026-08-29 03:20:39.523	2026-08-29 03:20:58.845	17.4s	2	6 GB	698.2 MB	7.7 GB	131.3%	1.2%	697.1 MB	47.3 MB
2195	c7/8b06da	BGC_ANALYSIS:ANTISMASH_ANALYSIS:ANTISMASH (Candidatus_Pantoea_formicae_C8B2)	COMPLETED	0	2026-08-29 03:20:17.762	2026-08-29 03:20:17.859	2026-08-29 03:21:00.135	40.4s	2	6 GB	789.8 MB	7.8 GB	92.6%	1.3%	1.8 GB	89.9 MB
2215	01/dd298a	BGC_ANALYSIS:ANTISMASH_ANALYSIS:ANTISMASH (Erwinia_amylovora_CPBF2083)	COMPLETED	0	2026-08-29 03:20:23.948	2026-08-29 03:20:24.044	2026-08-29 03:21:00.396	34.1s	2	6 GB	637.6 MB	7.7 GB	96.0%	1.0%	1.5 GB	67.4 MB
2204	1a/d0092e	BGC_ANALYSIS:ANTISMASH_ANALYSIS:ANTISMASH (Erwinia_amylovora_CPBF2031)	COMPLETED	0	2026-08-29 03:20:30.816	2026-08-29 03:20:30.912	2026-08-29 03:21:07.489	34.6s	2	6 GB	657.2 MB	7.7 GB	95.9%	1.1%	1.5 GB	67.9 MB
2207	a3/1f6fea	BGC_ANALYSIS:ANTISMASH_ANALYSIS:ANTISMASH (Erwinia_amylovora_CPBF2075)	COMPLETED	0	2026-08-29 03:20:31.986	2026-08-29 03:20:32.082	2026-08-29 03:21:08.548	34.5s	2	6 GB	673.8 MB	7.7 GB	97.1%	1.1%	1.5 GB	67.9 MB
2196	72/a6a51a	BGC_ANALYSIS:ANTISMASH_ANALYSIS:ANTISMASH (Candidatus_Pantoea_formicae_C8D10)	COMPLETED	0	2026-08-29 03:20:15.975	2026-08-29 03:20:16.071	2026-08-29 03:21:13.035	55s	2	6 GB	827.1 MB	7.9 GB	93.5%	1.3%	2.5 GB	109.8 MB
2197	31/6ec39a	BGC_ANALYSIS:ANTISMASH_ANALYSIS:ANTISMASH (Candidatus_Pantoea_rara_Lu_Sq_004)	COMPLETED	0	2026-08-29 03:21:00.139	2026-08-29 03:21:00.235	2026-08-29 03:21:22.977	20.7s	2	6 GB	600.1 MB	7.8 GB	128.0%	0.9%	777.3 MB	41.3 MB
2213	92/a492e6	BGC_ANALYSIS:ANTISMASH_ANALYSIS:ANTISMASH (Erwinia_amylovora_CPBF2081)	COMPLETED	0	2026-08-29 03:20:51.332	2026-08-29 03:20:51.428	2026-08-29 03:21:27.629	34.1s	2	6 GB	653.3 MB	7.7 GB	95.9%	1.1%	1.5 GB	66.9 MB
2209	b6/d8a3b4	BGC_ANALYSIS:ANTISMASH_ANALYSIS:ANTISMASH (Erwinia_amylovora_CPBF2077)	COMPLETED	0	2026-08-29 03:20:54.748	2026-08-29 03:20:54.844	2026-08-29 03:21:31.701	34.8s	2	6 GB	654.7 MB	7.7 GB	96.1%	1.0%	1.5 GB	67.9 MB
2201	1d/d511e8	BGC_ANALYSIS:ANTISMASH_ANALYSIS:ANTISMASH (Erwinia_amylovora_1-c)	COMPLETED	0	2026-08-29 03:21:13.040	2026-08-29 03:21:13.136	2026-08-29 03:21:32.116	16.8s	2	6 GB	685.1 MB	7.7 GB	130.6%	1.1%	671.2 MB	46.3 MB
2217	98/102acd	BGC_ANALYSIS:ANTISMASH_ANALYSIS:ANTISMASH (Erwinia_amylovora_CPBF2088)	COMPLETED	0	2026-08-29 03:20:58.848	2026-08-29 03:20:58.945	2026-08-29 03:21:35.858	34.9s	2	6 GB	636.4 MB	7.7 GB	95.9%	1.0%	1.5 GB	67.9 MB
2211	75/d20d8d	BGC_ANALYSIS:ANTISMASH_ANALYSIS:ANTISMASH (Erwinia_amylovora_CPBF2079)	COMPLETED	0	2026-08-29 03:21:00.399	2026-08-29 03:21:00.496	2026-08-29 03:21:37.181	34.6s	2	6 GB	659.8 MB	7.7 GB	96.0%	1.0%	1.5 GB	67.9 MB
2199	6b/c5f9ab	BGC_ANALYSIS:ANTISMASH_ANALYSIS:ANTISMASH (Duffyella_gerundensis_Ts1)	COMPLETED	0	2026-08-29 03:21:07.492	2026-08-29 03:21:07.588	2026-08-29 03:21:40.766	31.3s	2	6 GB	513.3 MB	7.7 GB	104.5%	0.8%	1.3 GB	52.4 MB
2200	27/27df57	BGC_ANALYSIS:ANTISMASH_ANALYSIS:ANTISMASH (Duffyella_sp._Ts4)	COMPLETED	0	2026-08-29 03:21:08.552	2026-08-29 03:21:08.649	2026-08-29 03:21:43.876	33.3s	2	6 GB	484.5 MB	7.7 GB	103.3%	0.7%	1.4 GB	56.2 MB
2226	e5/8b8b99	BGC_ANALYSIS:ANTISMASH_ANALYSIS:ANTISMASH (Erwinia_amylovora_Ea08KZ)	COMPLETED	0	2026-08-29 03:21:31.705	2026-08-29 03:21:31.801	2026-08-29 03:21:53.073	19.3s	2	6 GB	589.8 MB	7.8 GB	126.9%	0.9%	654.3 MB	34.7 MB
2228	47/a2338a	BGC_ANALYSIS:ANTISMASH_ANALYSIS:ANTISMASH (Erwinia_amylovora_Ik2)	COMPLETED	0	2026-08-29 03:21:35.862	2026-08-29 03:21:35.959	2026-08-29 03:21:54.781	16.9s	2	6 GB	722.1 MB	7.8 GB	131.7%	1.2%	671 MB	46.3 MB
2222	e8/a2d178	BGC_ANALYSIS:ANTISMASH_ANALYSIS:ANTISMASH (Erwinia_amylovora_CPBF2093)	COMPLETED	0	2026-08-29 03:21:22.981	2026-08-29 03:21:23.077	2026-08-29 03:22:01.020	36s	2	6 GB	619.1 MB	7.7 GB	96.1%	1.0%	1.6 GB	69.8 MB
2198	11/fa9642	BGC_ANALYSIS:ANTISMASH_ANALYSIS:ANTISMASH (Duffyella_gerundensis_TDW_P5a)	COMPLETED	0	2026-08-29 03:21:27.632	2026-08-29 03:21:27.729	2026-08-29 03:22:02.673	32.8s	2	6 GB	748 MB	7.8 GB	95.3%	1.3%	1.4 GB	70.7 MB
2206	c4/fc9f68	BGC_ANALYSIS:ANTISMASH_ANALYSIS:ANTISMASH (Erwinia_amylovora_CPBF2074)	COMPLETED	0	2026-08-29 03:21:32.119	2026-08-29 03:21:32.216	2026-08-29 03:22:10.096	35.9s	2	6 GB	656.7 MB	7.7 GB	95.3%	1.0%	1.6 GB	70.3 MB
2210	a0/f3baa1	BGC_ANALYSIS:ANTISMASH_ANALYSIS:ANTISMASH (Erwinia_amylovora_CPBF2078)	COMPLETED	0	2026-08-29 03:21:37.184	2026-08-29 03:21:37.282	2026-08-29 03:22:13.871	34.6s	2	6 GB	671.1 MB	7.7 GB	95.7%	1.0%	1.5 GB	67.9 MB
2212	d6/9edf17	BGC_ANALYSIS:ANTISMASH_ANALYSIS:ANTISMASH (Erwinia_amylovora_CPBF2080)	COMPLETED	0	2026-08-29 03:21:40.770	2026-08-29 03:21:40.866	2026-08-29 03:22:16.978	34.2s	2	6 GB	659.2 MB	7.7 GB	96.3%	1.1%	1.5 GB	67.4 MB
2214	d0/1a1caf	BGC_ANALYSIS:ANTISMASH_ANALYSIS:ANTISMASH (Erwinia_amylovora_CPBF2082)	COMPLETED	0	2026-08-29 03:21:43.881	2026-08-29 03:21:43.976	2026-08-29 03:22:20.784	34.7s	2	6 GB	631.8 MB	7.7 GB	96.3%	1.1%	1.5 GB	67.9 MB
2233	7f/ea950e	BGC_ANALYSIS:ANTISMASH_ANALYSIS:ANTISMASH (Erwinia_amylovora_WJ-AP-3)	COMPLETED	0	2026-08-29 03:22:02.678	2026-08-29 03:22:02.773	2026-08-29 03:22:21.563	16.8s	2	6 GB	715.6 MB	7.7 GB	132.8%	1.2%	673.6 MB	46.4 MB
2218	d0/59c52b	BGC_ANALYSIS:ANTISMASH_ANALYSIS:ANTISMASH (Erwinia_amylovora_CPBF2089)	COMPLETED	0	2026-08-29 03:21:53.076	2026-08-29 03:21:53.173	2026-08-29 03:22:31.229	36.1s	2	6 GB	631.9 MB	7.7 GB	95.9%	1.0%	1.6 GB	70.3 MB
2216	5e/351ba0	BGC_ANALYSIS:ANTISMASH_ANALYSIS:ANTISMASH (Erwinia_amylovora_CPBF2084)	COMPLETED	0	2026-08-29 03:21:54.785	2026-08-29 03:21:54.881	2026-08-29 03:22:31.349	34.5s	2	6 GB	636.6 MB	7.7 GB	96.0%	1.0%	1.5 GB	67.9 MB
2232	fb/371979	BGC_ANALYSIS:ANTISMASH_ANALYSIS:ANTISMASH (Erwinia_amylovora_Ol.kora_4)	COMPLETED	0	2026-08-29 03:22:13.874	2026-08-29 03:22:13.971	2026-08-29 03:22:32.896	16.9s	2	6 GB	694 MB	7.7 GB	130.6%	1.2%	671.2 MB	46.3 MB
2224	64/635077	BGC_ANALYSIS:ANTISMASH_ANALYSIS:ANTISMASH (Erwinia_amylovora_Chk.st_1)	COMPLETED	0	2026-08-29 03:22:16.982	2026-08-29 03:22:17.079	2026-08-29 03:22:35.841	16.7s	2	6 GB	722.2 MB	7.8 GB	132.3%	1.2%	670.8 MB	46.3 MB
2219	d4/91c243	BGC_ANALYSIS:ANTISMASH_ANALYSIS:ANTISMASH (Erwinia_amylovora_CPBF2090)	COMPLETED	0	2026-08-29 03:22:01.025	2026-08-29 03:22:01.120	2026-08-29 03:22:37.811	34.6s	2	6 GB	634.7 MB	7.7 GB	96.0%	1.0%	1.5 GB	67.9 MB
2220	77/e1a88b	BGC_ANALYSIS:ANTISMASH_ANALYSIS:ANTISMASH (Erwinia_amylovora_CPBF2091)	COMPLETED	0	2026-08-29 03:22:10.099	2026-08-29 03:22:10.196	2026-08-29 03:22:46.896	34.7s	2	6 GB	630.2 MB	7.7 GB	95.4%	1.0%	1.5 GB	67.4 MB
2225	6c/e9ae17	BGC_ANALYSIS:ANTISMASH_ANALYSIS:ANTISMASH (Erwinia_amylovora_DG2-P)	COMPLETED	0	2026-08-29 03:22:31.233	2026-08-29 03:22:31.329	2026-08-29 03:22:50.255	16.9s	2	6 GB	735.2 MB	7.8 GB	132.0%	1.1%	673.6 MB	46.4 MB
2227	a5/862ddc	BGC_ANALYSIS:ANTISMASH_ANALYSIS:ANTISMASH (Erwinia_amylovora_Ea09KZ)	COMPLETED	0	2026-08-29 03:22:32.900	2026-08-29 03:22:32.996	2026-08-29 03:22:54.194	19.1s	2	6 GB	591.2 MB	7.8 GB	127.7%	0.9%	654.1 MB	34.7 MB
2229	a7/aff9f6	BGC_ANALYSIS:ANTISMASH_ANALYSIS:ANTISMASH (Erwinia_amylovora_JD3-4-P)	COMPLETED	0	2026-08-29 03:22:37.815	2026-08-29 03:22:37.912	2026-08-29 03:22:57.211	17.4s	2	6 GB	693.1 MB	7.7 GB	130.7%	1.1%	673.6 MB	46.4 MB
2238	5d/e1ff43	BGC_ANALYSIS:ANTISMASH_ANALYSIS:ANTISMASH (Erwinia_sp._1181_3)	COMPLETED	0	2026-08-29 03:22:20.787	2026-08-29 03:22:20.884	2026-08-29 03:22:58.209	35.4s	2	6 GB	762.7 MB	7.8 GB	95.1%	1.3%	1.4 GB	72.9 MB
2221	3a/53d6f0	BGC_ANALYSIS:ANTISMASH_ANALYSIS:ANTISMASH (Erwinia_amylovora_CPBF2092)	COMPLETED	0	2026-08-29 03:22:21.566	2026-08-29 03:22:21.664	2026-08-29 03:22:58.511	34.9s	2	6 GB	637.7 MB	7.7 GB	95.8%	1.1%	1.5 GB	67.9 MB
2223	c5/195da6	BGC_ANALYSIS:ANTISMASH_ANALYSIS:ANTISMASH (Erwinia_amylovora_CPBF2094)	COMPLETED	0	2026-08-29 03:22:31.359	2026-08-29 03:22:31.450	2026-08-29 03:23:08.252	34.8s	2	6 GB	652.6 MB	7.7 GB	94.6%	1.0%	1.5 GB	67.4 MB
2231	ba/180fc6	BGC_ANALYSIS:ANTISMASH_ANALYSIS:ANTISMASH (Erwinia_amylovora_Ol.kora_1)	COMPLETED	0	2026-08-29 03:22:50.259	2026-08-29 03:22:50.355	2026-08-29 03:23:09.399	17s	2	6 GB	700.9 MB	7.7 GB	131.8%	1.1%	671.1 MB	46.3 MB
2246	49/23ece1	BGC_ANALYSIS:ANTISMASH_ANALYSIS:ANTISMASH (Pantoea_agglomerans_RK79)	COMPLETED	0	2026-08-29 03:22:46.900	2026-08-29 03:22:46.996	2026-08-29 03:23:09.792	20.7s	2	6 GB	788.7 MB	7.8 GB	127.0%	1.3%	857 MB	60 MB
2230	3f/39406e	BGC_ANALYSIS:ANTISMASH_ANALYSIS:ANTISMASH (Erwinia_amylovora_JL2-1-P)	COMPLETED	0	2026-08-29 03:22:54.199	2026-08-29 03:22:54.294	2026-08-29 03:23:13.269	16.9s	2	6 GB	707.4 MB	7.8 GB	131.4%	1.1%	673.6 MB	46.4 MB
2243	05/50b2a2	BGC_ANALYSIS:ANTISMASH_ANALYSIS:ANTISMASH (Pantoea_agglomerans_GMG952)	COMPLETED	0	2026-08-29 03:22:35.845	2026-08-29 03:22:35.941	2026-08-29 03:23:13.892	36s	2	6 GB	721.2 MB	7.8 GB	91.5%	1.2%	1.5 GB	77.9 MB
2236	3d/075376	BGC_ANALYSIS:ANTISMASH_ANALYSIS:ANTISMASH (Erwinia_artemisiae_DT-104)	COMPLETED	0	2026-08-29 03:22:58.213	2026-08-29 03:22:58.309	2026-08-29 03:23:29.940	29.7s	2	6 GB	704.8 MB	7.8 GB	96.0%	1.2%	1.2 GB	66.7 MB
2235	fd/32d315	BGC_ANALYSIS:ANTISMASH_ANALYSIS:ANTISMASH (Erwinia_aphidicola_W10_2)	COMPLETED	0	2026-08-29 03:23:09.402	2026-08-29 03:23:09.499	2026-08-29 03:23:30.830	19.3s	2	6 GB	821.3 MB	7.8 GB	132.7%	1.3%	752.2 MB	55 MB
2249	99/5c43a8	BGC_ANALYSIS:ANTISMASH_ANALYSIS:ANTISMASH (Pantoea_ananatis_20ID0081)	COMPLETED	0	2026-08-29 03:22:57.214	2026-08-29 03:22:57.311	2026-08-29 03:23:35.936	36.8s	2	6 GB	702.2 MB	7.8 GB	93.7%	1.3%	1.6 GB	80.5 MB
2237	22/cc6379	BGC_ANALYSIS:ANTISMASH_ANALYSIS:ANTISMASH (Erwinia_persicina_BST187_2)	COMPLETED	0	2026-08-29 03:23:13.272	2026-08-29 03:23:13.369	2026-08-29 03:23:36.355	21.1s	2	6 GB	834.6 MB	7.8 GB	131.4%	1.4%	819.6 MB	58.8 MB
2234	eb/420afc	BGC_ANALYSIS:ANTISMASH_ANALYSIS:ANTISMASH (Erwinia_amylovora_ts3128-Tc)	COMPLETED	0	2026-08-29 03:23:09.796	2026-08-29 03:23:09.892	2026-08-29 03:23:40.229	28.2s	2	6 GB	660.7 MB	7.7 GB	95.1%	1.1%	1.1 GB	57.5 MB
2239	06/e8cebe	BGC_ANALYSIS:ANTISMASH_ANALYSIS:ANTISMASH (Erwinia_sp._E_sp_B01_9)	COMPLETED	0	2026-08-29 03:23:29.944	2026-08-29 03:23:30.041	2026-08-29 03:23:47.308	15.3s	2	6 GB	644.3 MB	7.4 GB	138.4%	1.1%	716.7 MB	35.2 MB
2254	24/19ab67	BGC_ANALYSIS:ANTISMASH_ANALYSIS:ANTISMASH (Pantoea_ananatis_21GA0712)	COMPLETED	0	2026-08-29 03:23:08.255	2026-08-29 03:23:08.352	2026-08-29 03:23:52.598	42.3s	2	6 GB	723.9 MB	7.8 GB	92.9%	1.3%	1.9 GB	89.5 MB
2240	94/be4b8f	BGC_ANALYSIS:ANTISMASH_ANALYSIS:ANTISMASH (Mixta_calida_BB1613)	COMPLETED	0	2026-08-29 03:23:13.895	2026-08-29 03:23:13.992	2026-08-29 03:23:54.895	38.9s	2	6 GB	730.9 MB	7.8 GB	94.3%	1.3%	1.7 GB	80.5 MB
2251	28/054a5a	BGC_ANALYSIS:ANTISMASH_ANALYSIS:ANTISMASH (Pantoea_ananatis_20NY0487)	COMPLETED	0	2026-08-29 03:22:58.515	2026-08-29 03:22:58.612	2026-08-29 03:23:56.038	55.4s	2	6 GB	4.7 GB	7.8 GB	110.8%	5.6%	9.9 GB	70.7 MB
2244	f4/8b30fc	BGC_ANALYSIS:ANTISMASH_ANALYSIS:ANTISMASH (Pantoea_agglomerans_LS1)	COMPLETED	0	2026-08-29 03:23:35.940	2026-08-29 03:23:36.036	2026-08-29 03:23:58.651	20.6s	2	6 GB	791.4 MB	7.8 GB	127.3%	1.3%	826.7 MB	58.5 MB
2241	e7/56fa50	BGC_ANALYSIS:ANTISMASH_ANALYSIS:ANTISMASH (Pantoea_agglomerans_Da.Et.T.T001)	COMPLETED	0	2026-08-29 03:23:30.835	2026-08-29 03:23:30.930	2026-08-29 03:23:58.949	26.1s	2	6 GB	530.5 MB	7.8 GB	108.4%	0.9%	1 GB	49 MB
2245	5b/2b5a8d	BGC_ANALYSIS:ANTISMASH_ANALYSIS:ANTISMASH (Pantoea_agglomerans_Lu_R6_006)	COMPLETED	0	2026-08-29 03:23:40.233	2026-08-29 03:23:40.329	2026-08-29 03:24:01.262	18.7s	2	6 GB	591.2 MB	7.5 GB	123.3%	0.8%	667.6 MB	28.2 MB
2242	2b/5c2704	BGC_ANALYSIS:ANTISMASH_ANALYSIS:ANTISMASH (Pantoea_agglomerans_Et)	COMPLETED	0	2026-08-29 03:23:36.359	2026-08-29 03:23:36.455	2026-08-29 03:24:04.221	25.8s	2	6 GB	708 MB	7.8 GB	99.2%	1.2%	1 GB	64.4 MB
2247	c2/3a1710	BGC_ANALYSIS:ANTISMASH_ANALYSIS:ANTISMASH (Pantoea_agglomerans_RK84)	COMPLETED	0	2026-08-29 03:23:52.602	2026-08-29 03:23:52.698	2026-08-29 03:24:14.884	20.1s	2	6 GB	804.6 MB	7.8 GB	127.0%	1.4%	821.3 MB	57.9 MB
2260	2c/c4d1b2	BGC_ANALYSIS:ANTISMASH_ANALYSIS:ANTISMASH (Pantoea_eucalypti_FUA1457)	COMPLETED	0	2026-08-29 03:23:54.899	2026-08-29 03:23:54.998	2026-08-29 03:24:18.212	21.3s	2	6 GB	810.1 MB	7.8 GB	121.5%	1.3%	885.1 MB	61.6 MB
2248	a9/6f1bdc	BGC_ANALYSIS:ANTISMASH_ANALYSIS:ANTISMASH (Pantoea_agglomerans_TDW_P5c)	COMPLETED	0	2026-08-29 03:23:47.312	2026-08-29 03:23:47.408	2026-08-29 03:24:23.607	34.1s	2	6 GB	706.2 MB	7.8 GB	93.1%	1.2%	1.4 GB	72.9 MB
2255	13/9a699a	BGC_ANALYSIS:ANTISMASH_ANALYSIS:ANTISMASH (Pantoea_ananatis_HQ01)	COMPLETED	0	2026-08-29 03:24:04.225	2026-08-29 03:24:04.321	2026-08-29 03:24:26.798	20.3s	2	6 GB	855.8 MB	7.9 GB	127.5%	1.3%	881.1 MB	61.7 MB
2266	e6/15c567	BGC_ANALYSIS:ANTISMASH_ANALYSIS:ANTISMASH (Pantoea_piersonii_F10_5S_D1_EP6)	COMPLETED	0	2026-08-29 03:24:01.265	2026-08-29 03:24:01.362	2026-08-29 03:24:35.906	32.6s	2	6 GB	745.2 MB	7.8 GB	96.8%	1.2%	1.3 GB	69.9 MB
2256	ba/241695	BGC_ANALYSIS:ANTISMASH_ANALYSIS:ANTISMASH (Pantoea_ananatis_NCHU4578)	COMPLETED	0	2026-08-29 03:24:14.887	2026-08-29 03:24:14.983	2026-08-29 03:24:48.902	32s	2	6 GB	756.4 MB	7.8 GB	94.7%	1.3%	1.3 GB	71 MB
2257	8d/1137b7	BGC_ANALYSIS:ANTISMASH_ANALYSIS:ANTISMASH (Pantoea_ananatis_NCHU4618)	COMPLETED	0	2026-08-29 03:24:18.216	2026-08-29 03:24:18.312	2026-08-29 03:24:53.616	33.3s	2	6 GB	710 MB	7.8 GB	94.6%	1.2%	1.3 GB	72.5 MB
2268	84/89dd38	BGC_ANALYSIS:ANTISMASH_ANALYSIS:ANTISMASH (Pantoea_piersonii_F10_5S_D1_P5)	COMPLETED	0	2026-08-29 03:24:23.612	2026-08-29 03:24:23.708	2026-08-29 03:24:59.670	33.9s	2	6 GB	745.5 MB	7.8 GB	96.3%	1.2%	1.3 GB	69.9 MB
2253	52/532507	BGC_ANALYSIS:ANTISMASH_ANALYSIS:ANTISMASH (Pantoea_ananatis_20WA0254)	COMPLETED	0	2026-08-29 03:23:58.952	2026-08-29 03:23:59.049	2026-08-29 03:25:00.193	59.2s	2	6 GB	4.7 GB	7.8 GB	108.2%	6.4%	9.8 GB	68.1 MB
2258	ca/e147f1	BGC_ANALYSIS:ANTISMASH_ANALYSIS:ANTISMASH (Pantoea_eucalypti_21GA0511)	COMPLETED	0	2026-08-29 03:24:26.801	2026-08-29 03:24:26.899	2026-08-29 03:25:02.015	33s	2	6 GB	707.6 MB	7.8 GB	95.2%	1.3%	1.3 GB	70.8 MB
2252	0c/b23bbb	BGC_ANALYSIS:ANTISMASH_ANALYSIS:ANTISMASH (Pantoea_ananatis_20PA0260)	COMPLETED	0	2026-08-29 03:23:58.654	2026-08-29 03:23:58.751	2026-08-29 03:25:05.243	1m 5s	2	6 GB	4.7 GB	7.8 GB	106.0%	4.8%	10.1 GB	78.6 MB
2250	81/f50503	BGC_ANALYSIS:ANTISMASH_ANALYSIS:ANTISMASH (Pantoea_ananatis_20NY0427)	COMPLETED	0	2026-08-29 03:23:56.042	2026-08-29 03:23:56.139	2026-08-29 03:25:10.472	1m 12s	2	6 GB	4.7 GB	7.8 GB	103.7%	5.1%	10.7 GB	94.4 MB
2259	4b/7d20cb	BGC_ANALYSIS:ANTISMASH_ANALYSIS:ANTISMASH (Pantoea_eucalypti_21PA0039)	COMPLETED	0	2026-08-29 03:24:35.910	2026-08-29 03:24:36.006	2026-08-29 03:25:10.866	32.4s	2	6 GB	670.5 MB	7.7 GB	94.5%	1.1%	1.3 GB	70.7 MB
2261	30/638e72	BGC_ANALYSIS:ANTISMASH_ANALYSIS:ANTISMASH (Pantoea_phosphatilytica_RHCKP32)	COMPLETED	0	2026-08-29 03:24:59.673	2026-08-29 03:24:59.770	2026-08-29 03:25:24.446	22.6s	2	6 GB	726.4 MB	7.8 GB	107.5%	1.3%	945.3 MB	58 MB
2269	71/5c8b38	BGC_ANALYSIS:ANTISMASH_ANALYSIS:ANTISMASH (Pantoea_piersonii_F9_1S_D4_P_1)	COMPLETED	0	2026-08-29 03:24:48.907	2026-08-29 03:24:49.002	2026-08-29 03:25:25.395	34.1s	2	6 GB	723.1 MB	7.8 GB	96.9%	1.2%	1.4 GB	72.3 MB
2265	de/2a004a	BGC_ANALYSIS:ANTISMASH_ANALYSIS:ANTISMASH (Pantoea_piersonii_F10_5S_D1_EP4)	COMPLETED	0	2026-08-29 03:24:53.620	2026-08-29 03:24:53.716	2026-08-29 03:25:27.497	31.8s	2	6 GB	735.9 MB	7.8 GB	96.6%	1.2%	1.3 GB	69.4 MB
2264	14/3684e4	BGC_ANALYSIS:ANTISMASH_ANALYSIS:ANTISMASH (Pantoea_piersonii_F10_5S_D1_EP3)	COMPLETED	0	2026-08-29 03:25:00.197	2026-08-29 03:25:00.293	2026-08-29 03:25:34.238	31.9s	2	6 GB	743.7 MB	7.8 GB	96.6%	1.2%	1.3 GB	69.4 MB
2263	a2/b1a683	BGC_ANALYSIS:ANTISMASH_ANALYSIS:ANTISMASH (Pantoea_piersonii_F10_5S_D1_EB5)	COMPLETED	0	2026-08-29 03:25:02.019	2026-08-29 03:25:02.115	2026-08-29 03:25:36.211	32.1s	2	6 GB	753 MB	7.8 GB	97.6%	1.2%	1.3 GB	69.4 MB
2262	e9/aa86a5	BGC_ANALYSIS:ANTISMASH_ANALYSIS:ANTISMASH (Pantoea_phyllosphaerae_RRHST58)	COMPLETED	0	2026-08-29 03:25:05.247	2026-08-29 03:25:05.343	2026-08-29 03:25:40.753	33.3s	2	6 GB	727.7 MB	7.8 GB	94.0%	1.3%	1.4 GB	71.9 MB
2274	5d/a9d257	BGC_ANALYSIS:ANTISMASH_ANALYSIS:ANTISMASH (Pantoea_piersonii_F9_6S_D2_EB2)	COMPLETED	0	2026-08-29 03:25:10.869	2026-08-29 03:25:10.966	2026-08-29 03:25:45.658	32.5s	2	6 GB	735.1 MB	7.8 GB	96.9%	1.2%	1.4 GB	70.9 MB
2273	f9/d60d82	BGC_ANALYSIS:ANTISMASH_ANALYSIS:ANTISMASH (Pantoea_piersonii_F9_6S_D2_B_5)	COMPLETED	0	2026-08-29 03:25:10.475	2026-08-29 03:25:10.572	2026-08-29 03:25:45.805	33.1s	2	6 GB	744.3 MB	7.8 GB	96.7%	1.2%	1.4 GB	71.4 MB
2280	c7/4679ba	BGC_ANALYSIS:ANTISMASH_ANALYSIS:ANTISMASH (Pantoea_piersonii_F9_8S_D1_EB4)	COMPLETED	0	2026-08-29 03:25:24.449	2026-08-29 03:25:24.547	2026-08-29 03:25:57.396	30.9s	2	6 GB	743.9 MB	7.8 GB	97.2%	1.3%	1.3 GB	69.4 MB
2275	ff/0a4f19	BGC_ANALYSIS:ANTISMASH_ANALYSIS:ANTISMASH (Pantoea_piersonii_F9_6S_D2_EB3)	COMPLETED	0	2026-08-29 03:25:25.398	2026-08-29 03:25:25.495	2026-08-29 03:25:59.316	31.9s	2	6 GB	733.9 MB	7.8 GB	97.3%	1.2%	1.4 GB	70.9 MB
2270	41/77b029	BGC_ANALYSIS:ANTISMASH_ANALYSIS:ANTISMASH (Pantoea_piersonii_F9_5S_D1_EB1)	COMPLETED	0	2026-08-29 03:25:27.499	2026-08-29 03:25:27.598	2026-08-29 03:26:00.450	31s	2	6 GB	734.8 MB	7.8 GB	98.2%	1.2%	1.3 GB	69.4 MB
2267	c1/0c8354	BGC_ANALYSIS:ANTISMASH_ANALYSIS:ANTISMASH (Pantoea_piersonii_F10_5S_D1_P4)	COMPLETED	0	2026-08-29 03:25:34.244	2026-08-29 03:25:34.338	2026-08-29 03:26:07.549	31.1s	2	6 GB	738.3 MB	7.8 GB	97.6%	1.2%	1.3 GB	69.4 MB
2272	66/0fe480	BGC_ANALYSIS:ANTISMASH_ANALYSIS:ANTISMASH (Pantoea_piersonii_F9_6S_D2_B_1)	COMPLETED	0	2026-08-29 03:25:36.215	2026-08-29 03:25:36.312	2026-08-29 03:26:11.519	33.2s	2	6 GB	734.2 MB	7.8 GB	97.3%	1.2%	1.4 GB	72.4 MB
2290	1a/74419f	BGC_ANALYSIS:ANTISMASH_ANALYSIS:ANTISMASH (Pantoea_stewartii_subsp._indologenes_21GA0713)	COMPLETED	0	2026-08-29 03:25:40.757	2026-08-29 03:25:40.853	2026-08-29 03:26:14.572	31.7s	2	6 GB	717.5 MB	7.8 GB	93.4%	1.3%	1.3 GB	72.5 MB
2276	25/588198	BGC_ANALYSIS:ANTISMASH_ANALYSIS:ANTISMASH (Pantoea_piersonii_F9_6S_D3_P_4)	COMPLETED	0	2026-08-29 03:25:45.661	2026-08-29 03:25:45.758	2026-08-29 03:26:18.969	31.3s	2	6 GB	742.7 MB	7.8 GB	96.6%	1.2%	1.3 GB	69.9 MB
2271	2d/b36e8f	BGC_ANALYSIS:ANTISMASH_ANALYSIS:ANTISMASH (Pantoea_piersonii_F9_6S_D1_EB1)	COMPLETED	0	2026-08-29 03:25:45.808	2026-08-29 03:25:45.906	2026-08-29 03:26:19.215	31.3s	2	6 GB	734.8 MB	7.8 GB	96.6%	1.2%	1.3 GB	69.9 MB
2282	f4/e76058	BGC_ANALYSIS:ANTISMASH_ANALYSIS:ANTISMASH (Pantoea_sp._22096)	COMPLETED	0	2026-08-29 03:26:00.453	2026-08-29 03:26:00.550	2026-08-29 03:26:26.716	24.3s	2	6 GB	740 MB	7.8 GB	106.3%	1.2%	1 GB	61.9 MB
2277	f6/09f08d	BGC_ANALYSIS:ANTISMASH_ANALYSIS:ANTISMASH (Pantoea_piersonii_F9_6S_D3_P_5)	COMPLETED	0	2026-08-29 03:25:57.399	2026-08-29 03:25:57.496	2026-08-29 03:26:30.895	31.5s	2	6 GB	727.4 MB	7.8 GB	97.5%	1.2%	1.3 GB	69.9 MB
2278	a3/c76b81	BGC_ANALYSIS:ANTISMASH_ANALYSIS:ANTISMASH (Pantoea_piersonii_F9_8S_D1_EB1)	COMPLETED	0	2026-08-29 03:25:59.320	2026-08-29 03:25:59.416	2026-08-29 03:26:32.585	31.3s	2	6 GB	742.6 MB	7.8 GB	97.1%	1.2%	1.3 GB	69.9 MB
2285	d0/9f169e	BGC_ANALYSIS:ANTISMASH_ANALYSIS:ANTISMASH (Pantoea_sp._C2G6)	COMPLETED	0	2026-08-29 03:26:07.552	2026-08-29 03:26:07.649	2026-08-29 03:26:41.784	32s	2	6 GB	722.1 MB	7.8 GB	94.4%	1.3%	1.4 GB	69.8 MB
2281	f5/c49fe6	BGC_ANALYSIS:ANTISMASH_ANALYSIS:ANTISMASH (Pantoea_piersonii_F9_8S_D1_EB5)	COMPLETED	0	2026-08-29 03:26:11.522	2026-08-29 03:26:11.618	2026-08-29 03:26:45.101	31.6s	2	6 GB	741.9 MB	7.8 GB	96.4%	1.2%	1.3 GB	69.9 MB
2283	81/306469	BGC_ANALYSIS:ANTISMASH_ANALYSIS:ANTISMASH (Pantoea_sp._BS_1)	COMPLETED	0	2026-08-29 03:26:18.971	2026-08-29 03:26:19.068	2026-08-29 03:26:48.000	27s	2	6 GB	726.4 MB	7.8 GB	99.7%	1.2%	1.1 GB	65.3 MB
2286	6e/25aaa3	BGC_ANALYSIS:ANTISMASH_ANALYSIS:ANTISMASH (Pantoea_sp._C8B4)	COMPLETED	0	2026-08-29 03:26:14.575	2026-08-29 03:26:14.672	2026-08-29 03:26:50.322	33.7s	2	6 GB	728.7 MB	7.8 GB	94.3%	1.3%	1.4 GB	71.7 MB
2287	ee/5c09f3	BGC_ANALYSIS:ANTISMASH_ANALYSIS:ANTISMASH (Pantoea_sp._E2023-21)	COMPLETED	0	2026-08-29 03:26:26.719	2026-08-29 03:26:26.816	2026-08-29 03:26:50.988	22.1s	2	6 GB	752.6 MB	7.8 GB	127.1%	1.3%	880 MB	62.6 MB
2284	6b/ca4adf	BGC_ANALYSIS:ANTISMASH_ANALYSIS:ANTISMASH (Pantoea_sp._BS_4)	COMPLETED	0	2026-08-29 03:26:19.218	2026-08-29 03:26:19.315	2026-08-29 03:26:52.504	31.2s	2	6 GB	708.8 MB	7.8 GB	93.5%	1.2%	1.3 GB	69.2 MB
2289	b5/7042af	BGC_ANALYSIS:ANTISMASH_ANALYSIS:ANTISMASH (Pantoea_sp._PGP6)	COMPLETED	0	2026-08-29 03:26:30.898	2026-08-29 03:26:30.995	2026-08-29 03:26:55.624	22.8s	2	6 GB	630.2 MB	7.9 GB	124.7%	1.0%	859.2 MB	44.9 MB
2288	e4/3f05ca	BGC_ANALYSIS:ANTISMASH_ANALYSIS:ANTISMASH (Pantoea_sp._Lu_F5_004)	COMPLETED	0	2026-08-29 03:26:32.588	2026-08-29 03:26:32.685	2026-08-29 03:26:56.764	22.1s	2	6 GB	631.1 MB	8 GB	126.0%	1.1%	806.5 MB	43.7 MB
2303	20/84f274	BGC_ANALYSIS:ANTISMASH_ANALYSIS:ANTISMASH (Buchnera_aphidicola_Melaphis_rhois_R22)	COMPLETED	0	2026-08-29 03:26:50.992	2026-08-29 03:26:51.088	2026-08-29 03:26:58.367	5.3s	2	6 GB	212.3 MB	2.7 GB	103.5%	0.3%	238.7 MB	5.6 MB
2310	19/5fad81	BGC_ANALYSIS:ANTISMASH_ANALYSIS:ANTISMASH (Buchnera_aphidicola_Schlechtendalia_peitan_R2)	COMPLETED	0	2026-08-29 03:26:52.507	2026-08-29 03:26:52.604	2026-08-29 03:27:00.010	5.4s	2	6 GB	207.5 MB	2.7 GB	101.6%	0.3%	239 MB	5.6 MB
2296	de/107f0a	BGC_ANALYSIS:ANTISMASH_ANALYSIS:ANTISMASH (Buchnera_aphidicola_Floraphis_choui_R4)	COMPLETED	0	2026-08-29 03:26:55.627	2026-08-29 03:26:55.724	2026-08-29 03:27:03.025	5.3s	2	6 GB	207.5 MB	2.7 GB	103.9%	0.3%	238.4 MB	5.5 MB
2295	3d/af93c4	BGC_ANALYSIS:ANTISMASH_ANALYSIS:ANTISMASH (Buchnera_aphidicola_Chaetogeoica_yunlongensis_R17)	COMPLETED	0	2026-08-29 03:26:56.767	2026-08-29 03:26:56.864	2026-08-29 03:27:04.066	5.2s	2	6 GB	215.5 MB	2.7 GB	103.6%	0.3%	235 MB	5.3 MB
2308	f2/de2bb1	BGC_ANALYSIS:ANTISMASH_ANALYSIS:ANTISMASH (Buchnera_aphidicola_Nurudea_yanoniella_R14)	COMPLETED	0	2026-08-29 03:26:58.371	2026-08-29 03:26:58.467	2026-08-29 03:27:05.696	5.3s	2	6 GB	208 MB	2.7 GB	106.7%	0.3%	237 MB	5.4 MB
2304	c1/a7d2a5	BGC_ANALYSIS:ANTISMASH_ANALYSIS:ANTISMASH (Buchnera_aphidicola_Myzus_persicae_Gillespie)	COMPLETED	0	2026-08-29 03:27:00.014	2026-08-29 03:27:00.110	2026-08-29 03:27:08.118	6.1s	2	6 GB	211 MB	2.7 GB	105.8%	0.3%	273.1 MB	9.7 MB
2306	4b/3676c4	BGC_ANALYSIS:ANTISMASH_ANALYSIS:ANTISMASH (Buchnera_aphidicola_Nurudea_shiraii_R20)	COMPLETED	0	2026-08-29 03:27:03.028	2026-08-29 03:27:03.125	2026-08-29 03:27:10.188	5.1s	2	6 GB	208.2 MB	2.7 GB	105.6%	0.3%	236.6 MB	5.4 MB
2297	d1/f6fed9	BGC_ANALYSIS:ANTISMASH_ANALYSIS:ANTISMASH (Buchnera_aphidicola_Floraphis_meitanensis_R23)	COMPLETED	0	2026-08-29 03:27:04.070	2026-08-29 03:27:04.166	2026-08-29 03:27:11.385	5.3s	2	6 GB	207.3 MB	2.7 GB	104.6%	0.3%	238.2 MB	5.5 MB
2307	f0/6d7386	BGC_ANALYSIS:ANTISMASH_ANALYSIS:ANTISMASH (Buchnera_aphidicola_Nurudea_yanoniella_R13)	COMPLETED	0	2026-08-29 03:27:05.699	2026-08-29 03:27:05.796	2026-08-29 03:27:13.013	5.3s	2	6 GB	208.9 MB	2.7 GB	105.2%	0.3%	237.7 MB	5.5 MB
2298	c3/97a758	BGC_ANALYSIS:ANTISMASH_ANALYSIS:ANTISMASH (Buchnera_aphidicola_Kaburagia_rhusicola_ensigallis_R7)	COMPLETED	0	2026-08-29 03:27:08.122	2026-08-29 03:27:08.218	2026-08-29 03:27:15.347	5.2s	2	6 GB	208.9 MB	2.7 GB	104.7%	0.3%	237.1 MB	5.5 MB
2292	41/ba80af	BGC_ANALYSIS:ANTISMASH_ANALYSIS:ANTISMASH (Pantoea_tagorei_MR1)	COMPLETED	0	2026-08-29 03:26:41.788	2026-08-29 03:26:41.884	2026-08-29 03:27:16.201	32.3s	2	6 GB	806.5 MB	7.8 GB	93.7%	1.3%	1.4 GB	74.4 MB
2301	26/afa631	BGC_ANALYSIS:ANTISMASH_ANALYSIS:ANTISMASH (Buchnera_aphidicola_Meitanaphis_flavogallis_R6)	COMPLETED	0	2026-08-29 03:27:10.191	2026-08-29 03:27:10.290	2026-08-29 03:27:17.320	5.1s	2	6 GB	207.2 MB	2.7 GB	106.0%	0.3%	237 MB	5.5 MB
2305	45/fc8b88	BGC_ANALYSIS:ANTISMASH_ANALYSIS:ANTISMASH (Buchnera_aphidicola_Nurudea_ibofushi_R15)	COMPLETED	0	2026-08-29 03:27:11.388	2026-08-29 03:27:11.485	2026-08-29 03:27:18.645	5.3s	2	6 GB	207.9 MB	2.7 GB	104.3%	0.3%	237.4 MB	5.5 MB
2291	d2/832e08	BGC_ANALYSIS:ANTISMASH_ANALYSIS:ANTISMASH (Pantoea_stewartii_subsp._indologenes_21GA0717)	COMPLETED	0	2026-08-29 03:26:45.105	2026-08-29 03:26:45.201	2026-08-29 03:27:19.470	32.2s	2	6 GB	724.5 MB	7.8 GB	92.2%	1.3%	1.4 GB	73.4 MB
2300	7b/0cd6d9	BGC_ANALYSIS:ANTISMASH_ANALYSIS:ANTISMASH (Buchnera_aphidicola_Meitanaphis_elongallis_R8)	COMPLETED	0	2026-08-29 03:27:13.016	2026-08-29 03:27:13.113	2026-08-29 03:27:20.191	5.1s	2	6 GB	219 MB	2.7 GB	105.8%	0.3%	237.2 MB	5.5 MB
2294	12/6ce3e1	BGC_ANALYSIS:ANTISMASH_ANALYSIS:ANTISMASH (Pantoea_vagans_ET90)	COMPLETED	0	2026-08-29 03:26:50.326	2026-08-29 03:26:50.426	2026-08-29 03:27:21.041	28.5s	2	6 GB	673.5 MB	7.7 GB	95.5%	1.2%	1.2 GB	69.6 MB
2299	8e/9e5b23	BGC_ANALYSIS:ANTISMASH_ANALYSIS:ANTISMASH (Buchnera_aphidicola_Kaburagia_rhusicola_rhusicola_R12)	COMPLETED	0	2026-08-29 03:27:17.324	2026-08-29 03:27:17.422	2026-08-29 03:27:24.344	5.1s	2	6 GB	205.1 MB	2.7 GB	104.8%	0.3%	237.3 MB	5.5 MB
2309	cf/d9d1e6	BGC_ANALYSIS:ANTISMASH_ANALYSIS:ANTISMASH (Buchnera_aphidicola_Schlechtendalia_chinensis_R1)	COMPLETED	0	2026-08-29 03:27:24.347	2026-08-29 03:27:24.444	2026-08-29 03:27:32.103	5.8s	2	6 GB	208.5 MB	2.7 GB	101.8%	0.3%	237.6 MB	5.5 MB
2293	1a/4330e4	BGC_ANALYSIS:ANTISMASH_ANALYSIS:ANTISMASH (Pantoea_trifolii_C2B11)	COMPLETED	0	2026-08-29 03:26:48.004	2026-08-29 03:26:48.101	2026-08-29 03:27:33.721	43.5s	2	6 GB	767.4 MB	7.8 GB	92.5%	1.3%	2 GB	90 MB
2322	05/1ca4c0	BGC_ANALYSIS:ANTISMASH_ANALYSIS:ANTISMASH (Erwinia_amylovora_PBI209)	COMPLETED	0	2026-08-29 03:27:18.648	2026-08-29 03:27:18.745	2026-08-29 03:27:39.442	18.9s	2	6 GB	580.9 MB	7.8 GB	126.3%	0.9%	653.4 MB	34.4 MB
2312	e0/7765bb	BGC_ANALYSIS:ANTISMASH_ANALYSIS:ANTISMASH (Erwinia_amylovora_CEB_2)	COMPLETED	0	2026-08-29 03:27:16.205	2026-08-29 03:27:16.301	2026-08-29 03:27:43.304	25.1s	2	6 GB	491.4 MB	7.2 GB	101.7%	0.7%	1 GB	55.1 MB
2313	73/096ed4	BGC_ANALYSIS:ANTISMASH_ANALYSIS:ANTISMASH (Erwinia_amylovora_CEB_3)	COMPLETED	0	2026-08-29 03:27:15.351	2026-08-29 03:27:15.448	2026-08-29 03:27:48.068	30.8s	2	6 GB	649.2 MB	7.7 GB	94.5%	1.1%	1.3 GB	61.6 MB
2326	45/7492fc	BGC_ANALYSIS:ANTISMASH_ANALYSIS:ANTISMASH (Erwinia_pyrifoliae_YKB12327)	COMPLETED	0	2026-08-29 03:27:33.725	2026-08-29 03:27:33.822	2026-08-29 03:27:53.992	18.2s	2	6 GB	776.9 MB	7.8 GB	125.2%	1.4%	705.2 MB	49.4 MB
2311	41/1a73f6	BGC_ANALYSIS:ANTISMASH_ANALYSIS:ANTISMASH (Erwinia_aeris_ACCC_02193)	COMPLETED	0	2026-08-29 03:27:19.473	2026-08-29 03:27:19.571	2026-08-29 03:27:54.476	33s	2	6 GB	669.1 MB	7.7 GB	93.3%	1.1%	1.4 GB	73.7 MB
2325	7e/6a0fe4	BGC_ANALYSIS:ANTISMASH_ANALYSIS:ANTISMASH (Erwinia_plantamica_OPT-41)	COMPLETED	0	2026-08-29 03:27:20.193	2026-08-29 03:27:20.291	2026-08-29 03:27:57.955	35.7s	2	6 GB	703.3 MB	7.8 GB	93.0%	1.2%	1.5 GB	75.5 MB
2302	34/84539b	BGC_ANALYSIS:ANTISMASH_ANALYSIS:ANTISMASH (Buchnera_aphidicola_Meitanaphis_microgallis_R24)	COMPLETED	0	2026-08-29 03:27:54.480	2026-08-29 03:27:54.577	2026-08-29 03:28:01.997	5.4s	2	6 GB	209 MB	2.7 GB	107.6%	0.3%	237.4 MB	5.5 MB
2327	42/a4a214	BGC_ANALYSIS:ANTISMASH_ANALYSIS:ANTISMASH (Erwinia_sp._AnSW2-5)	COMPLETED	0	2026-08-29 03:27:21.044	2026-08-29 03:27:21.141	2026-08-29 03:28:07.958	44.7s	2	6 GB	709.6 MB	7.8 GB	94.0%	1.3%	2.1 GB	91.4 MB
2324	5d/c0a1cf	BGC_ANALYSIS:ANTISMASH_ANALYSIS:ANTISMASH (Erwinia_papayae_JGD_233)	COMPLETED	0	2026-08-29 03:27:32.107	2026-08-29 03:27:32.203	2026-08-29 03:28:08.587	34.4s	2	6 GB	672.6 MB	7.7 GB	95.2%	1.2%	1.4 GB	74.7 MB
2315	8a/049eb6	BGC_ANALYSIS:ANTISMASH_ANALYSIS:ANTISMASH (Erwinia_amylovora_CEB_5)	COMPLETED	0	2026-08-29 03:27:39.445	2026-08-29 03:27:39.542	2026-08-29 03:28:11.945	30.4s	2	6 GB	641.7 MB	7.7 GB	97.3%	1.0%	1.3 GB	61.7 MB
2314	42/6b5272	BGC_ANALYSIS:ANTISMASH_ANALYSIS:ANTISMASH (Erwinia_amylovora_CEB_4)	COMPLETED	0	2026-08-29 03:27:43.308	2026-08-29 03:27:43.404	2026-08-29 03:28:13.028	27.6s	2	6 GB	641.8 MB	7.7 GB	102.7%	1.1%	1.1 GB	58.4 MB
2317	cf/bedc9c	BGC_ANALYSIS:ANTISMASH_ANALYSIS:ANTISMASH (Erwinia_amylovora_E22)	COMPLETED	0	2026-08-29 03:27:57.959	2026-08-29 03:27:58.055	2026-08-29 03:28:14.683	14.7s	2	6 GB	624.5 MB	7.3 GB	131.4%	1.2%	632 MB	28.4 MB
2332	44/abfb4a	BGC_ANALYSIS:ANTISMASH_ANALYSIS:ANTISMASH (Mixta_tenebrionis_CGMCC_1.17041)	COMPLETED	0	2026-08-29 03:27:53.995	2026-08-29 03:27:54.092	2026-08-29 03:28:27.416	31.3s	2	6 GB	695.9 MB	7.8 GB	96.4%	1.3%	1.3 GB	69.5 MB
2334	68/bb209d	BGC_ANALYSIS:ANTISMASH_ANALYSIS:ANTISMASH (Pantoea_agglomerans_A2a22Pa19)	COMPLETED	0	2026-08-29 03:28:02.000	2026-08-29 03:28:02.098	2026-08-29 03:28:29.057	25s	2	6 GB	819.1 MB	7.8 GB	120.2%	1.3%	930.3 MB	65.4 MB
2318	97/f31f64	BGC_ANALYSIS:ANTISMASH_ANALYSIS:ANTISMASH (Erwinia_amylovora_EaSmR)	COMPLETED	0	2026-08-29 03:28:11.948	2026-08-29 03:28:12.045	2026-08-29 03:28:33.491	19.5s	2	6 GB	592.2 MB	7.8 GB	126.6%	0.9%	653.8 MB	34.4 MB
2339	0c/c7a0e8	BGC_ANALYSIS:ANTISMASH_ANALYSIS:ANTISMASH (Pantoea_agglomerans_J35)	COMPLETED	0	2026-08-29 03:28:08.590	2026-08-29 03:28:08.687	2026-08-29 03:28:35.816	25.1s	2	6 GB	751.3 MB	7.8 GB	107.6%	1.3%	1 GB	64.2 MB
2316	c0/97affd	BGC_ANALYSIS:ANTISMASH_ANALYSIS:ANTISMASH (Erwinia_amylovora_CEB_6)	COMPLETED	0	2026-08-29 03:28:14.686	2026-08-29 03:28:14.783	2026-08-29 03:28:46.717	29.8s	2	6 GB	663.7 MB	7.7 GB	101.2%	1.0%	1.2 GB	61.3 MB
2321	c1/b8ee48	BGC_ANALYSIS:ANTISMASH_ANALYSIS:ANTISMASH (Erwinia_amylovora_IA01)	COMPLETED	0	2026-08-29 03:28:27.419	2026-08-29 03:28:27.515	2026-08-29 03:28:46.808	17.3s	2	6 GB	700.9 MB	7.7 GB	132.4%	1.1%	672.1 MB	46.3 MB
2319	53/7fe959	BGC_ANALYSIS:ANTISMASH_ANALYSIS:ANTISMASH (Erwinia_amylovora_Ea_1_79)	COMPLETED	0	2026-08-29 03:28:29.061	2026-08-29 03:28:29.157	2026-08-29 03:28:48.713	17.5s	2	6 GB	719.6 MB	7.8 GB	132.3%	1.1%	674.3 MB	46.3 MB
2320	3e/e8b2fb	BGC_ANALYSIS:ANTISMASH_ANALYSIS:ANTISMASH (Erwinia_amylovora_FC01)	COMPLETED	0	2026-08-29 03:28:33.494	2026-08-29 03:28:33.591	2026-08-29 03:28:54.874	19.3s	2	6 GB	709.9 MB	7.7 GB	127.1%	1.2%	774 MB	50.1 MB
2329	16/2162e6	BGC_ANALYSIS:ANTISMASH_ANALYSIS:ANTISMASH (Erwinia_tracheiphila_ICMP_5845)	COMPLETED	0	2026-08-29 03:28:46.812	2026-08-29 03:28:46.907	2026-08-29 03:29:08.307	19.4s	2	6 GB	894.7 MB	7.9 GB	123.1%	1.4%	759.8 MB	61.3 MB
2328	4e/569d3f	BGC_ANALYSIS:ANTISMASH_ANALYSIS:ANTISMASH (Erwinia_sp._STN24)	COMPLETED	0	2026-08-29 03:28:46.720	2026-08-29 03:28:46.808	2026-08-29 03:29:13.546	24.7s	2	6 GB	770.1 MB	7.8 GB	110.2%	1.3%	1 GB	62.8 MB
2333	a3/d41c7a	BGC_ANALYSIS:ANTISMASH_ANALYSIS:ANTISMASH (Pantoea_agglomerans_234_Win.9)	COMPLETED	0	2026-08-29 03:28:54.879	2026-08-29 03:28:54.973	2026-08-29 03:29:35.758	38.7s	2	6 GB	721.5 MB	7.8 GB	95.7%	1.3%	1.8 GB	82.4 MB
2353	26/521525	BGC_ANALYSIS:ANTISMASH_ANALYSIS:ANTISMASH (Pantoea_ananatis_KPR_PA)	COMPLETED	0	2026-08-29 03:29:08.311	2026-08-29 03:29:08.407	2026-08-29 03:29:36.412	26s	2	6 GB	689.6 MB	7.8 GB	102.0%	1.2%	1.1 GB	61.4 MB
2330	89/9f4654	BGC_ANALYSIS:ANTISMASH_ANALYSIS:ANTISMASH (Erwiniaceae_bacterium_CAU_1747)	COMPLETED	0	2026-08-29 03:29:13.551	2026-08-29 03:29:13.646	2026-08-29 03:29:42.544	26.8s	2	6 GB	669.6 MB	7.7 GB	100.4%	1.2%	1020.6 MB	59.5 MB
2343	4d/0eb290	BGC_ANALYSIS:ANTISMASH_ANALYSIS:ANTISMASH (Pantoea_agglomerans_NPDC087376)	COMPLETED	0	2026-08-29 03:29:36.415	2026-08-29 03:29:36.512	2026-08-29 03:30:02.222	23.7s	2	6 GB	719.7 MB	7.8 GB	105.0%	1.3%	955.4 MB	57.2 MB
2338	ea/e30b49	BGC_ANALYSIS:ANTISMASH_ANALYSIS:ANTISMASH (Pantoea_agglomerans_J22c)	COMPLETED	0	2026-08-29 03:29:42.548	2026-08-29 03:29:42.644	2026-08-29 03:30:06.538	21.7s	2	6 GB	783.7 MB	7.8 GB	129.7%	1.3%	901 MB	62.3 MB
2346	f1/48b55c	BGC_ANALYSIS:ANTISMASH_ANALYSIS:ANTISMASH (Pantoea_agglomerans_PAP2)	COMPLETED	0	2026-08-29 03:28:48.716	2026-08-29 03:28:48.813	2026-08-29 03:30:10.765	1m 20s	2	6 GB	727.8 MB	7.8 GB	100.7%	1.3%	4.4 GB	146.3 MB
2350	75/aca48a	BGC_ANALYSIS:ANTISMASH_ANALYSIS:ANTISMASH (Pantoea_agglomerans_PaEhEh_2)	COMPLETED	0	2026-08-29 03:30:06.542	2026-08-29 03:30:06.638	2026-08-29 03:30:30.464	21.9s	2	6 GB	807.5 MB	7.8 GB	126.7%	1.3%	954.5 MB	62.9 MB
2342	4e/8bb609	BGC_ANALYSIS:ANTISMASH_ANALYSIS:ANTISMASH (Pantoea_agglomerans_NPDC087375)	COMPLETED	0	2026-08-29 03:30:02.225	2026-08-29 03:30:02.322	2026-08-29 03:30:30.622	26.3s	2	6 GB	724.6 MB	7.8 GB	100.2%	1.3%	1 GB	62.7 MB
2323	ea/538f88	BGC_ANALYSIS:ANTISMASH_ANALYSIS:ANTISMASH (Erwinia_mallotivora_ICMP_5705)	COMPLETED	0	2026-08-29 03:28:35.820	2026-08-29 03:28:35.916	2026-08-29 03:30:33.467	1m 56s	2	6 GB	719.3 MB	7.8 GB	102.5%	1.3%	6.8 GB	202.9 MB
2341	99/954bc2	BGC_ANALYSIS:ANTISMASH_ANALYSIS:ANTISMASH (Pantoea_agglomerans_LMK1-1-1.1)	COMPLETED	0	2026-08-29 03:30:10.768	2026-08-29 03:30:10.866	2026-08-29 03:30:37.516	24.7s	2	6 GB	652 MB	7.7 GB	101.5%	1.0%	1019.1 MB	57.6 MB
2331	8b/792266	BGC_ANALYSIS:ANTISMASH_ANALYSIS:ANTISMASH (Mixta_sp._E5_1)	COMPLETED	0	2026-08-29 03:27:48.071	2026-08-29 03:27:48.168	2026-08-29 03:30:51.559	3m 1s	2	6 GB	654.2 MB	7.7 GB	102.4%	1.0%	11.2 GB	301.1 MB
2357	b5/d40ee4	BGC_ANALYSIS:ANTISMASH_ANALYSIS:ANTISMASH (Pantoea_ananatis_WHRI_5854)	COMPLETED	0	2026-08-29 03:30:33.471	2026-08-29 03:30:33.567	2026-08-29 03:30:54.615	19.1s	2	6 GB	788.8 MB	7.8 GB	133.0%	1.4%	827 MB	58.2 MB
2340	d0/39d2ab	BGC_ANALYSIS:ANTISMASH_ANALYSIS:ANTISMASH (Pantoea_agglomerans_LMC1-1-1.1)	COMPLETED	0	2026-08-29 03:30:30.626	2026-08-29 03:30:30.723	2026-08-29 03:30:57.505	24.8s	2	6 GB	655.7 MB	7.7 GB	101.1%	1.1%	1019 MB	57.5 MB
2358	1e/aac019	BGC_ANALYSIS:ANTISMASH_ANALYSIS:ANTISMASH (Pantoea_anthophila_dmpa233)	COMPLETED	0	2026-08-29 03:30:30.466	2026-08-29 03:30:30.563	2026-08-29 03:31:04.362	31.9s	2	6 GB	737.8 MB	7.8 GB	100.6%	1.2%	1.4 GB	70.4 MB
2360	65/502546	BGC_ANALYSIS:ANTISMASH_ANALYSIS:ANTISMASH (Pantoea_dispersa_F-22)	COMPLETED	0	2026-08-29 03:30:37.519	2026-08-29 03:30:37.615	2026-08-29 03:31:06.293	26.6s	2	6 GB	736.2 MB	7.8 GB	102.5%	1.2%	1.1 GB	65.4 MB
2344	2a/0d83fc	BGC_ANALYSIS:ANTISMASH_ANALYSIS:ANTISMASH (Pantoea_agglomerans_NPDC087377)	COMPLETED	0	2026-08-29 03:30:51.563	2026-08-29 03:30:51.659	2026-08-29 03:31:20.185	26.6s	2	6 GB	742.1 MB	7.8 GB	100.1%	1.3%	1.1 GB	64.4 MB
2365	25/ccda71	BGC_ANALYSIS:ANTISMASH_ANALYSIS:ANTISMASH (Pantoea_osteomyelitidis_AA23256)	COMPLETED	0	2026-08-29 03:30:57.509	2026-08-29 03:30:57.606	2026-08-29 03:31:24.317	24.6s	2	6 GB	723.2 MB	7.8 GB	106.0%	1.2%	1 GB	59.8 MB
2362	1a/12931b	BGC_ANALYSIS:ANTISMASH_ANALYSIS:ANTISMASH (Pantoea_dispersa_S8797)	COMPLETED	0	2026-08-29 03:30:54.618	2026-08-29 03:30:54.715	2026-08-29 03:31:27.509	30.9s	2	6 GB	722.6 MB	7.8 GB	98.7%	1.3%	1.3 GB	71.7 MB
2347	a8/7726f6	BGC_ANALYSIS:ANTISMASH_ANALYSIS:ANTISMASH (Pantoea_agglomerans_Pa1-28_3)	COMPLETED	0	2026-08-29 03:31:04.365	2026-08-29 03:31:04.462	2026-08-29 03:31:29.931	23.4s	2	6 GB	801.3 MB	7.8 GB	125.4%	1.4%	1 GB	66.1 MB
2345	4c/7c7318	BGC_ANALYSIS:ANTISMASH_ANALYSIS:ANTISMASH (Pantoea_agglomerans_NPDC087378)	COMPLETED	0	2026-08-29 03:31:06.297	2026-08-29 03:31:06.393	2026-08-29 03:31:32.900	24.6s	2	6 GB	738.8 MB	7.8 GB	108.3%	1.2%	1 GB	62.6 MB
2351	8e/6cda68	BGC_ANALYSIS:ANTISMASH_ANALYSIS:ANTISMASH (Pantoea_agglomerans_PvP012)	COMPLETED	0	2026-08-29 03:31:20.188	2026-08-29 03:31:20.285	2026-08-29 03:31:52.432	30.1s	2	6 GB	749.3 MB	7.8 GB	96.3%	1.3%	1.2 GB	68.6 MB
2352	d8/bbeafe	BGC_ANALYSIS:ANTISMASH_ANALYSIS:ANTISMASH (Pantoea_agglomerans_PvP021)	COMPLETED	0	2026-08-29 03:31:24.319	2026-08-29 03:31:24.417	2026-08-29 03:31:54.003	27.6s	2	6 GB	719.9 MB	7.8 GB	104.5%	1.2%	1.2 GB	67.1 MB
2349	d1/c5c4c1	BGC_ANALYSIS:ANTISMASH_ANALYSIS:ANTISMASH (Pantoea_agglomerans_Pa17-3)	COMPLETED	0	2026-08-29 03:31:32.904	2026-08-29 03:31:33.000	2026-08-29 03:31:54.995	20s	2	6 GB	790.5 MB	7.8 GB	133.2%	1.4%	840.2 MB	59.2 MB
2370	2a/017d70	BGC_ANALYSIS:ANTISMASH_ANALYSIS:ANTISMASH (Pantoea_sp._CS_6)	COMPLETED	0	2026-08-29 03:31:29.935	2026-08-29 03:31:30.031	2026-08-29 03:32:01.489	29.4s	2	6 GB	700.9 MB	7.8 GB	94.8%	1.3%	1.2 GB	66.4 MB
2348	37/304855	BGC_ANALYSIS:ANTISMASH_ANALYSIS:ANTISMASH (Pantoea_agglomerans_Pa17-2)	COMPLETED	0	2026-08-29 03:31:52.436	2026-08-29 03:31:52.537	2026-08-29 03:32:15.597	21.1s	2	6 GB	801.4 MB	7.8 GB	131.1%	1.3%	922 MB	61.4 MB
2377	8d/6b3389	BGC_ANALYSIS:ANTISMASH_ANALYSIS:ANTISMASH (Pantoea_sp._SGAir0183)	COMPLETED	0	2026-08-29 03:32:01.492	2026-08-29 03:32:01.589	2026-08-29 03:32:28.370	24.7s	2	6 GB	849.7 MB	7.9 GB	123.5%	1.3%	1.1 GB	65.4 MB
2372	03/a01451	BGC_ANALYSIS:ANTISMASH_ANALYSIS:ANTISMASH (Pantoea_sp._GCM10028869_LNNU_3071)	COMPLETED	0	2026-08-29 03:31:54.998	2026-08-29 03:31:55.096	2026-08-29 03:32:29.194	32.1s	2	6 GB	726.9 MB	7.8 GB	97.1%	1.3%	1.2 GB	71.1 MB
2369	0a/8056e0	BGC_ANALYSIS:ANTISMASH_ANALYSIS:ANTISMASH (Pantoea_sp._BS_8)	COMPLETED	0	2026-08-29 03:31:27.513	2026-08-29 03:31:27.610	2026-08-29 03:32:30.419	1m 1s	2	6 GB	4.7 GB	7.8 GB	112.1%	6.2%	11.9 GB	71.3 MB
2363	59/9d8292	BGC_ANALYSIS:ANTISMASH_ANALYSIS:ANTISMASH (Pantoea_dispersa_XJ2)	COMPLETED	0	2026-08-29 03:32:15.600	2026-08-29 03:32:15.697	2026-08-29 03:32:38.672	20.7s	2	6 GB	802.4 MB	7.8 GB	128.4%	1.4%	861.3 MB	61 MB
2355	19/aa004d	BGC_ANALYSIS:ANTISMASH_ANALYSIS:ANTISMASH (Pantoea_ananatis_LPP-1)	COMPLETED	0	2026-08-29 03:31:54.010	2026-08-29 03:31:54.102	2026-08-29 03:32:47.789	51.8s	2	6 GB	4.6 GB	7.9 GB	124.7%	5.4%	9.9 GB	45 MB
2356	a4/a60b00	BGC_ANALYSIS:ANTISMASH_ANALYSIS:ANTISMASH (Pantoea_ananatis_SGAir0444)	COMPLETED	0	2026-08-29 03:32:29.197	2026-08-29 03:32:29.294	2026-08-29 03:32:51.757	20.5s	2	6 GB	835.5 MB	7.8 GB	134.8%	1.4%	825.2 MB	57.5 MB
2354	ac/f8b03e	BGC_ANALYSIS:ANTISMASH_ANALYSIS:ANTISMASH (Pantoea_ananatis_LPL-1)	COMPLETED	0	2026-08-29 03:32:28.374	2026-08-29 03:32:28.471	2026-08-29 03:32:52.979	22.6s	2	6 GB	647.4 MB	7.9 GB	130.6%	1.1%	802.1 MB	44.1 MB
2366	4f/05c6ef	BGC_ANALYSIS:ANTISMASH_ANALYSIS:ANTISMASH (Pantoea_sp._ANP04)	COMPLETED	0	2026-08-29 03:32:30.422	2026-08-29 03:32:30.522	2026-08-29 03:33:06.640	34s	2	6 GB	713.3 MB	7.8 GB	94.2%	1.2%	1.4 GB	71.9 MB
2361	e0/b69ab4	BGC_ANALYSIS:ANTISMASH_ANALYSIS:ANTISMASH (Pantoea_dispersa_KPR_PC)	COMPLETED	0	2026-08-29 03:32:38.676	2026-08-29 03:32:38.772	2026-08-29 03:33:07.698	26.8s	2	6 GB	699.4 MB	7.8 GB	101.6%	1.2%	1 GB	61.2 MB
2379	bd/a427ee	BGC_ANALYSIS:ANTISMASH_ANALYSIS:ANTISMASH (Pantoea_sp._SGAir0215)	COMPLETED	0	2026-08-29 03:32:47.794	2026-08-29 03:32:47.889	2026-08-29 03:33:09.681	19.6s	2	6 GB	820.9 MB	7.8 GB	132.2%	1.3%	793.8 MB	55.1 MB
2359	7f/af6c3d	BGC_ANALYSIS:ANTISMASH_ANALYSIS:ANTISMASH (Pantoea_deleyi_P201)	COMPLETED	0	2026-08-29 03:32:52.982	2026-08-29 03:32:53.079	2026-08-29 03:33:21.971	26.7s	2	6 GB	702.5 MB	7.8 GB	104.3%	1.2%	1.1 GB	65.8 MB
2364	94/c59d69	BGC_ANALYSIS:ANTISMASH_ANALYSIS:ANTISMASH (Pantoea_leporis_RIT844)	COMPLETED	0	2026-08-29 03:32:51.760	2026-08-29 03:32:51.858	2026-08-29 03:33:22.043	28.1s	2	6 GB	694.3 MB	7.8 GB	104.9%	1.2%	1.1 GB	66.7 MB
2367	d0/1e7845	BGC_ANALYSIS:ANTISMASH_ANALYSIS:ANTISMASH (Pantoea_sp._BJ2)	COMPLETED	0	2026-08-29 03:33:06.644	2026-08-29 03:33:06.741	2026-08-29 03:33:29.916	21.2s	2	6 GB	810 MB	7.9 GB	131.0%	1.3%	950.6 MB	67.4 MB
2373	14/c31609	BGC_ANALYSIS:ANTISMASH_ANALYSIS:ANTISMASH (Pantoea_sp._KPR_PJ)	COMPLETED	0	2026-08-29 03:33:09.684	2026-08-29 03:33:09.781	2026-08-29 03:33:38.124	26.4s	2	6 GB	707.2 MB	7.8 GB	96.3%	1.2%	1.1 GB	58.9 MB
2368	34/ec83bb	BGC_ANALYSIS:ANTISMASH_ANALYSIS:ANTISMASH (Pantoea_sp._BR_17)	COMPLETED	0	2026-08-29 03:33:07.701	2026-08-29 03:33:07.798	2026-08-29 03:33:39.943	30.2s	2	6 GB	718 MB	7.8 GB	94.0%	1.3%	1.2 GB	68.2 MB
2371	6b/45cdce	BGC_ANALYSIS:ANTISMASH_ANALYSIS:ANTISMASH (Pantoea_sp._Ep11b)	COMPLETED	0	2026-08-29 03:33:21.974	2026-08-29 03:33:22.044	2026-08-29 03:33:41.029	16.9s	2	6 GB	761.7 MB	7.8 GB	131.2%	1.3%	713.1 MB	49.2 MB
2374	ea/a9f560	BGC_ANALYSIS:ANTISMASH_ANALYSIS:ANTISMASH (Pantoea_sp._NPDC088449)	COMPLETED	0	2026-08-29 03:33:22.047	2026-08-29 03:33:22.143	2026-08-29 03:33:50.286	26.1s	2	6 GB	836.2 MB	7.8 GB	110.0%	1.3%	1 GB	69 MB
2378	04/b8fb8e	BGC_ANALYSIS:ANTISMASH_ANALYSIS:ANTISMASH (Pantoea_sp._SGAir0184)	COMPLETED	0	2026-08-29 03:33:29.920	2026-08-29 03:33:30.016	2026-08-29 03:33:52.729	20.7s	2	6 GB	779.8 MB	7.8 GB	128.6%	1.3%	858 MB	58.7 MB
2375	6c/55a0b1	BGC_ANALYSIS:ANTISMASH_ANALYSIS:ANTISMASH (Pantoea_sp._SGAir0175)	COMPLETED	0	2026-08-29 03:33:38.128	2026-08-29 03:33:38.225	2026-08-29 03:34:00.029	19.8s	2	6 GB	781.5 MB	7.8 GB	131.8%	1.4%	817.8 MB	56.3 MB
2335	dd/8bc009	BGC_ANALYSIS:ANTISMASH_ANALYSIS:ANTISMASH (Pantoea_agglomerans_E1_1)	COMPLETED	0	2026-08-29 03:28:13.032	2026-08-29 03:28:13.128	2026-08-29 03:34:03.398	5m 48s	2	6 GB	800.2 MB	7.9 GB	102.9%	1.3%	21.7 GB	572.1 MB
2376	da/2469f4	BGC_ANALYSIS:ANTISMASH_ANALYSIS:ANTISMASH (Pantoea_sp._SGAir0180)	COMPLETED	0	2026-08-29 03:33:41.033	2026-08-29 03:33:41.129	2026-08-29 03:34:03.607	20.4s	2	6 GB	807.8 MB	7.8 GB	130.3%	1.3%	810.8 MB	55.8 MB
2389	2e/04154f	BGC_ANALYSIS:ANTISMASH_ANALYSIS:ANTISMASH (Pantoea_stewartii_subsp._stewartii_ATCC_8199)	COMPLETED	0	2026-08-29 03:33:52.732	2026-08-29 03:33:52.829	2026-08-29 03:34:14.047	19.1s	2	6 GB	844.2 MB	7.9 GB	130.8%	1.3%	865.2 MB	58.4 MB
2383	eb/b08e97	BGC_ANALYSIS:ANTISMASH_ANALYSIS:ANTISMASH (Pantoea_sp._WEP)	COMPLETED	0	2026-08-29 03:33:50.289	2026-08-29 03:33:50.386	2026-08-29 03:34:14.328	21.8s	2	6 GB	626.6 MB	7.8 GB	128.1%	1.0%	790.9 MB	42.8 MB
2382	fe/23519f	BGC_ANALYSIS:ANTISMASH_ANALYSIS:ANTISMASH (Pantoea_sp._UYEF8)	COMPLETED	0	2026-08-29 03:33:39.947	2026-08-29 03:33:40.043	2026-08-29 03:34:18.691	36.7s	2	6 GB	740.4 MB	7.8 GB	94.4%	1.2%	1.5 GB	75.4 MB
2381	75/4426dc	BGC_ANALYSIS:ANTISMASH_ANALYSIS:ANTISMASH (Pantoea_sp._SGAir0430)	COMPLETED	0	2026-08-29 03:34:00.032	2026-08-29 03:34:00.128	2026-08-29 03:34:22.194	20.1s	2	6 GB	767.4 MB	7.8 GB	130.8%	1.3%	807.9 MB	55.4 MB
2380	21/ff01ef	BGC_ANALYSIS:ANTISMASH_ANALYSIS:ANTISMASH (Pantoea_sp._SGAir0418)	COMPLETED	0	2026-08-29 03:34:03.610	2026-08-29 03:34:03.707	2026-08-29 03:34:26.935	21.1s	2	6 GB	754.9 MB	7.8 GB	128.5%	1.3%	850.2 MB	57.9 MB
2391	51/d21913	BGC_ANALYSIS:ANTISMASH_ANALYSIS:ANTISMASH (Pantoea_vagans_GM2)	COMPLETED	0	2026-08-29 03:34:03.401	2026-08-29 03:34:03.498	2026-08-29 03:34:27.250	21.7s	2	6 GB	793.3 MB	7.8 GB	129.0%	1.4%	893.9 MB	61.6 MB
2385	1a/2a9c94	BGC_ANALYSIS:ANTISMASH_ANALYSIS:ANTISMASH (Pantoea_stewartii_ICMP_257)	COMPLETED	0	2026-08-29 03:34:18.694	2026-08-29 03:34:18.791	2026-08-29 03:34:44.997	24.1s	2	6 GB	911.6 MB	7.9 GB	120.3%	1.4%	1 GB	73.3 MB
2386	78/b2103b	BGC_ANALYSIS:ANTISMASH_ANALYSIS:ANTISMASH (Pantoea_stewartii_ICMP_257_2)	COMPLETED	0	2026-08-29 03:34:22.198	2026-08-29 03:34:22.294	2026-08-29 03:34:47.079	22.8s	2	6 GB	882.5 MB	7.9 GB	129.1%	1.4%	1023.6 MB	68.4 MB
2387	af/56d9aa	BGC_ANALYSIS:ANTISMASH_ANALYSIS:ANTISMASH (Pantoea_stewartii_PSCN1)	COMPLETED	0	2026-08-29 03:34:26.939	2026-08-29 03:34:27.035	2026-08-29 03:34:50.698	21.7s	2	6 GB	813.5 MB	7.8 GB	130.9%	1.3%	847.8 MB	59 MB
2384	8f/247028	BGC_ANALYSIS:ANTISMASH_ANALYSIS:ANTISMASH (Pantoea_sp._sgz302252)	COMPLETED	0	2026-08-29 03:34:14.051	2026-08-29 03:34:14.147	2026-08-29 03:34:54.207	37.9s	2	6 GB	491.2 MB	7.7 GB	103.1%	0.7%	1.5 GB	63.7 MB
2393	5e/a9fdda	BGC_ANALYSIS:ANTISMASH_ANALYSIS:ANTISMASH (Tatumella_punctata_CCUG_30159)	COMPLETED	0	2026-08-29 03:34:14.332	2026-08-29 03:34:14.428	2026-08-29 03:35:00.071	43.5s	2	6 GB	662.3 MB	7.7 GB	97.2%	1.1%	2.2 GB	82.1 MB
2397	73/1f8d43	BGC_ANALYSIS:ANTISMASH_ANALYSIS:ANTISMASH (Buchnera_aphidicola_Tetraneura_sorini_Buch_TS_S1)	COMPLETED	0	2026-08-29 03:35:00.075	2026-08-29 03:35:00.171	2026-08-29 03:35:07.492	5.2s	2	6 GB	207.9 MB	2.7 GB	107.3%	0.3%	229.9 MB	5 MB
2394	f9/5f8474	BGC_ANALYSIS:ANTISMASH_ANALYSIS:ANTISMASH (Tatumella_terrea_CCUG_30161)	COMPLETED	0	2026-08-29 03:34:50.702	2026-08-29 03:34:50.798	2026-08-29 03:35:19.835	26.9s	2	6 GB	645.2 MB	7.7 GB	96.2%	1.0%	1.2 GB	58.7 MB
2388	b1/e04a97	BGC_ANALYSIS:ANTISMASH_ANALYSIS:ANTISMASH (Pantoea_stewartii_subsp._indologenes_SJM_1_1)	COMPLETED	0	2026-08-29 03:34:27.253	2026-08-29 03:34:27.350	2026-08-29 03:35:21.607	52.3s	2	6 GB	4.6 GB	7.9 GB	126.6%	4.0%	10.9 GB	47.7 MB
2392	e9/0d6fef	BGC_ANALYSIS:ANTISMASH_ANALYSIS:ANTISMASH (Pantoea_vagans_NPDC058904)	COMPLETED	0	2026-08-29 03:34:45.001	2026-08-29 03:34:45.097	2026-08-29 03:35:21.926	34.7s	2	6 GB	768.8 MB	7.8 GB	95.0%	1.3%	1.5 GB	77.8 MB
2409	6a/e655fd	BGC_ANALYSIS:ANTISMASH_ANALYSIS:ANTISMASH (Erwinia_amylovora_FCUP_94)	COMPLETED	0	2026-08-29 03:34:54.211	2026-08-29 03:34:54.307	2026-08-29 03:35:26.481	30.3s	2	6 GB	659.7 MB	7.7 GB	95.9%	1.1%	1.2 GB	60.6 MB
2337	fe/bf12f0	BGC_ANALYSIS:ANTISMASH_ANALYSIS:ANTISMASH (Pantoea_agglomerans_E4_1)	COMPLETED	0	2026-08-29 03:29:35.762	2026-08-29 03:29:35.857	2026-08-29 03:35:28.495	5m 51s	2	6 GB	820.4 MB	7.9 GB	102.8%	1.4%	21.8 GB	573.9 MB
2336	fa/7de864	BGC_ANALYSIS:ANTISMASH_ANALYSIS:ANTISMASH (Pantoea_agglomerans_E3_1)	COMPLETED	0	2026-08-29 03:28:07.961	2026-08-29 03:28:08.058	2026-08-29 03:35:38.912	7m 29s	2	6 GB	854 MB	7.9 GB	102.6%	1.4%	28.2 GB	729.2 MB
2406	1e/fd7665	BGC_ANALYSIS:ANTISMASH_ANALYSIS:ANTISMASH (Erwinia_amylovora_FCUP_110)	COMPLETED	0	2026-08-29 03:35:07.496	2026-08-29 03:35:07.592	2026-08-29 03:35:40.652	30.9s	2	6 GB	667.3 MB	7.7 GB	95.8%	1.1%	1.3 GB	61.8 MB
2390	1a/128ee6	BGC_ANALYSIS:ANTISMASH_ANALYSIS:ANTISMASH (Pantoea_vagans_GM1)	COMPLETED	0	2026-08-29 03:34:47.083	2026-08-29 03:34:47.179	2026-08-29 03:35:45.388	56.2s	2	6 GB	4.7 GB	7.8 GB	132.8%	5.3%	17 GB	61.9 MB
2407	8e/fc1002	BGC_ANALYSIS:ANTISMASH_ANALYSIS:ANTISMASH (Erwinia_amylovora_FCUP_4)	COMPLETED	0	2026-08-29 03:35:19.839	2026-08-29 03:35:19.935	2026-08-29 03:35:51.479	29.5s	2	6 GB	664.3 MB	7.7 GB	95.4%	1.0%	1.2 GB	60.6 MB
2408	2f/825ad2	BGC_ANALYSIS:ANTISMASH_ANALYSIS:ANTISMASH (Erwinia_amylovora_FCUP_49)	COMPLETED	0	2026-08-29 03:35:21.931	2026-08-29 03:35:22.026	2026-08-29 03:35:52.561	28.7s	2	6 GB	661.7 MB	7.7 GB	95.4%	1.1%	1.1 GB	58.5 MB
2404	91/bb2ebc	BGC_ANALYSIS:ANTISMASH_ANALYSIS:ANTISMASH (Erwinia_amylovora_CEB_9)	COMPLETED	0	2026-08-29 03:35:21.610	2026-08-29 03:35:21.707	2026-08-29 03:35:53.709	30.2s	2	6 GB	633.3 MB	7.7 GB	97.9%	1.0%	1.2 GB	61.3 MB
2410	a1/3474b1	BGC_ANALYSIS:ANTISMASH_ANALYSIS:ANTISMASH (Erwinia_amylovora_FCUP_95)	COMPLETED	0	2026-08-29 03:35:26.484	2026-08-29 03:35:26.580	2026-08-29 03:35:55.884	27.3s	2	6 GB	656.6 MB	7.7 GB	93.4%	1.0%	1.1 GB	57 MB
2412	67/24c6a9	BGC_ANALYSIS:ANTISMASH_ANALYSIS:ANTISMASH (Erwinia_amylovora_FCUP_97)	COMPLETED	0	2026-08-29 03:35:28.499	2026-08-29 03:35:28.596	2026-08-29 03:36:01.115	30.4s	2	6 GB	659.9 MB	7.7 GB	94.6%	1.1%	1.2 GB	60.1 MB
2414	59/abaeac	BGC_ANALYSIS:ANTISMASH_ANALYSIS:ANTISMASH (Erwinia_aphidicola_h-5_TE3250)	COMPLETED	0	2026-08-29 03:35:38.916	2026-08-29 03:35:39.012	2026-08-29 03:36:01.431	20.4s	2	6 GB	805 MB	7.8 GB	135.8%	1.3%	819.4 MB	56.2 MB
2413	56/94aef2	BGC_ANALYSIS:ANTISMASH_ANALYSIS:ANTISMASH (Erwinia_aphidicola_1B06)	COMPLETED	0	2026-08-29 03:35:40.655	2026-08-29 03:35:40.752	2026-08-29 03:36:04.624	21.9s	2	6 GB	843.1 MB	7.8 GB	132.8%	1.4%	871.2 MB	60.6 MB
2402	26/9e68e3	BGC_ANALYSIS:ANTISMASH_ANALYSIS:ANTISMASH (Erwinia_amylovora_CEB_7)	COMPLETED	0	2026-08-29 03:35:45.393	2026-08-29 03:35:45.488	2026-08-29 03:36:18.835	31.3s	2	6 GB	651.1 MB	7.7 GB	94.8%	1.0%	1.2 GB	61.4 MB
2401	ec/5ce2ed	BGC_ANALYSIS:ANTISMASH_ANALYSIS:ANTISMASH (Erwinia_amylovora_CEB_13)	COMPLETED	0	2026-08-29 03:35:51.483	2026-08-29 03:35:51.579	2026-08-29 03:36:25.526	31.8s	2	6 GB	620 MB	7.7 GB	98.5%	1.0%	1.3 GB	63.2 MB
2405	5d/40e1a3	BGC_ANALYSIS:ANTISMASH_ANALYSIS:ANTISMASH (Erwinia_amylovora_FCUP_105)	COMPLETED	0	2026-08-29 03:35:55.887	2026-08-29 03:35:55.984	2026-08-29 03:36:26.838	28.5s	2	6 GB	639.4 MB	7.7 GB	97.1%	1.1%	1.1 GB	57.6 MB
2403	66/c6d6b3	BGC_ANALYSIS:ANTISMASH_ANALYSIS:ANTISMASH (Erwinia_amylovora_CEB_8)	COMPLETED	0	2026-08-29 03:36:01.435	2026-08-29 03:36:01.531	2026-08-29 03:36:32.411	28.8s	2	6 GB	652.5 MB	7.7 GB	96.7%	1.0%	1.2 GB	60.2 MB
2395	03/bfcf11	BGC_ANALYSIS:ANTISMASH_ANALYSIS:ANTISMASH (Buchnera_aphidicola_Eriosoma_harunire_Buch_EH_S3)	COMPLETED	0	2026-08-29 03:36:25.530	2026-08-29 03:36:25.626	2026-08-29 03:36:32.937	5.1s	2	6 GB	205 MB	2.7 GB	104.9%	0.3%	234 MB	5.3 MB
2399	20/55b8d0	BGC_ANALYSIS:ANTISMASH_ANALYSIS:ANTISMASH (Erwinia_amylovora_CEB_10)	COMPLETED	0	2026-08-29 03:36:01.118	2026-08-29 03:36:01.215	2026-08-29 03:36:34.859	31.5s	2	6 GB	629.9 MB	7.7 GB	96.8%	1.0%	1.3 GB	63.4 MB
2396	39/1ad8c4	BGC_ANALYSIS:ANTISMASH_ANALYSIS:ANTISMASH (Buchnera_aphidicola_Tetraneura_akinire_Buch_TA_S2)	COMPLETED	0	2026-08-29 03:36:32.941	2026-08-29 03:36:33.038	2026-08-29 03:36:40.395	5.3s	2	6 GB	204.7 MB	2.7 GB	103.5%	0.3%	229.7 MB	5 MB
2398	1c/9ea47a	BGC_ANALYSIS:ANTISMASH_ANALYSIS:ANTISMASH (Buchnera_aphidicola_Uroleucon_formosanum_Uf)	COMPLETED	0	2026-08-29 03:36:40.399	2026-08-29 03:36:40.495	2026-08-29 03:36:49.454	6.7s	2	6 GB	316.5 MB	4.9 GB	104.6%	0.5%	265.6 MB	9.1 MB
2416	15/db0e29	BGC_ANALYSIS:ANTISMASH_ANALYSIS:ANTISMASH (Mixta_calida_E240981)	COMPLETED	0	2026-08-29 03:36:04.636	2026-08-29 03:36:04.724	2026-08-29 03:36:53.423	46.8s	2	6 GB	741.8 MB	7.8 GB	96.7%	1.2%	2.2 GB	93.5 MB
2425	80/d799ba	BGC_ANALYSIS:ANTISMASH_ANALYSIS:ANTISMASH (Pantoea_agglomerans_20CO004)	COMPLETED	0	2026-08-29 03:36:26.841	2026-08-29 03:36:26.938	2026-08-29 03:36:57.827	28.6s	2	6 GB	762.3 MB	7.8 GB	96.7%	1.3%	1.1 GB	66.3 MB
2400	e3/a18743	BGC_ANALYSIS:ANTISMASH_ANALYSIS:ANTISMASH (Erwinia_amylovora_CEB_11)	COMPLETED	0	2026-08-29 03:36:32.415	2026-08-29 03:36:32.511	2026-08-29 03:37:05.742	31.3s	2	6 GB	644.1 MB	7.7 GB	96.0%	1.1%	1.3 GB	61.8 MB
2418	c1/e2f5c8	BGC_ANALYSIS:ANTISMASH_ANALYSIS:ANTISMASH (Pantoea_agglomerans_09-63_1A)	COMPLETED	0	2026-08-29 03:35:52.565	2026-08-29 03:35:52.661	2026-08-29 03:37:06.363	1m 11s	2	6 GB	4.8 GB	7.8 GB	115.6%	5.2%	19.5 GB	72.4 MB
2420	31/d3761d	BGC_ANALYSIS:ANTISMASH_ANALYSIS:ANTISMASH (Pantoea_agglomerans_20CA0026)	COMPLETED	0	2026-08-29 03:35:53.714	2026-08-29 03:35:53.810	2026-08-29 03:37:11.416	1m 15s	2	6 GB	4.8 GB	7.8 GB	113.1%	4.8%	19.7 GB	78.4 MB
2427	c6/ed5ab0	BGC_ANALYSIS:ANTISMASH_ANALYSIS:ANTISMASH (Pantoea_agglomerans_20CO076)	COMPLETED	0	2026-08-29 03:36:34.863	2026-08-29 03:36:34.960	2026-08-29 03:37:15.029	37.9s	2	6 GB	779.9 MB	7.8 GB	95.3%	1.3%	1.6 GB	79 MB
2411	7f/1123e2	BGC_ANALYSIS:ANTISMASH_ANALYSIS:ANTISMASH (Erwinia_amylovora_FCUP_96)	COMPLETED	0	2026-08-29 03:36:49.458	2026-08-29 03:36:49.554	2026-08-29 03:37:21.668	29.7s	2	6 GB	636.9 MB	7.7 GB	95.3%	1.1%	1.1 GB	58.6 MB
2415	0f/691c88	BGC_ANALYSIS:ANTISMASH_ANALYSIS:ANTISMASH (Erwinia_rhapontici_1SR)	COMPLETED	0	2026-08-29 03:36:57.830	2026-08-29 03:36:57.927	2026-08-29 03:37:23.484	23.5s	2	6 GB	895.7 MB	7.9 GB	132.8%	1.4%	922.4 MB	64.8 MB
2421	bd/3680a3	BGC_ANALYSIS:ANTISMASH_ANALYSIS:ANTISMASH (Pantoea_agglomerans_20CA0031)	COMPLETED	0	2026-08-29 03:36:18.839	2026-08-29 03:36:18.935	2026-08-29 03:37:36.844	1m 16s	2	6 GB	4.8 GB	7.8 GB	114.1%	5.2%	19.8 GB	79.4 MB
2417	33/5b0d51	BGC_ANALYSIS:ANTISMASH_ANALYSIS:ANTISMASH (Mixta_calida_E623647)	COMPLETED	0	2026-08-29 03:36:53.427	2026-08-29 03:36:53.522	2026-08-29 03:37:40.897	45.4s	2	6 GB	713.2 MB	7.8 GB	95.2%	1.2%	2.1 GB	93.5 MB
2437	d6/b650f6	BGC_ANALYSIS:ANTISMASH_ANALYSIS:ANTISMASH (Pantoea_agglomerans_20ID0192)	COMPLETED	0	2026-08-29 03:37:06.366	2026-08-29 03:37:06.463	2026-08-29 03:37:47.077	38.5s	2	6 GB	748.2 MB	7.8 GB	94.7%	1.3%	1.6 GB	80.7 MB
2424	b1/da4372	BGC_ANALYSIS:ANTISMASH_ANALYSIS:ANTISMASH (Pantoea_agglomerans_20CA0153)	COMPLETED	0	2026-08-29 03:37:15.033	2026-08-29 03:37:15.129	2026-08-29 03:37:47.166	29.8s	2	6 GB	707 MB	7.8 GB	94.7%	1.2%	1.1 GB	67.6 MB
2419	4a/360a97	BGC_ANALYSIS:ANTISMASH_ANALYSIS:ANTISMASH (Pantoea_agglomerans_11-85)	COMPLETED	0	2026-08-29 03:37:05.746	2026-08-29 03:37:05.842	2026-08-29 03:37:51.377	43.7s	2	6 GB	774.5 MB	7.8 GB	95.3%	1.3%	1.9 GB	89.1 MB
2438	c8/de0e1a	BGC_ANALYSIS:ANTISMASH_ANALYSIS:ANTISMASH (Pantoea_agglomerans_20NY0155)	COMPLETED	0	2026-08-29 03:37:21.671	2026-08-29 03:37:21.768	2026-08-29 03:37:57.122	33.2s	2	6 GB	711.4 MB	7.8 GB	94.5%	1.2%	1.4 GB	72.6 MB
2439	f5/7db79a	BGC_ANALYSIS:ANTISMASH_ANALYSIS:ANTISMASH (Pantoea_agglomerans_20NY0317)	COMPLETED	0	2026-08-29 03:37:23.489	2026-08-29 03:37:23.584	2026-08-29 03:38:01.813	36.2s	2	6 GB	722.7 MB	7.8 GB	94.5%	1.2%	1.5 GB	78.3 MB
2423	22/e45fac	BGC_ANALYSIS:ANTISMASH_ANALYSIS:ANTISMASH (Pantoea_agglomerans_20CA0147)	COMPLETED	0	2026-08-29 03:37:36.848	2026-08-29 03:37:36.944	2026-08-29 03:38:05.628	26.6s	2	6 GB	697.4 MB	7.8 GB	97.4%	1.2%	1022.8 MB	63.5 MB
2428	3d/e14674	BGC_ANALYSIS:ANTISMASH_ANALYSIS:ANTISMASH (Pantoea_agglomerans_20CO093)	COMPLETED	0	2026-08-29 03:37:40.901	2026-08-29 03:37:40.997	2026-08-29 03:38:17.871	34.8s	2	6 GB	718.7 MB	7.8 GB	94.5%	1.2%	1.5 GB	76.5 MB
2441	35/5e1caf	BGC_ANALYSIS:ANTISMASH_ANALYSIS:ANTISMASH (Pantoea_agglomerans_20OR0062)	COMPLETED	0	2026-08-29 03:37:47.080	2026-08-29 03:37:47.166	2026-08-29 03:38:21.906	32.6s	2	6 GB	722.6 MB	7.8 GB	93.9%	1.2%	1.3 GB	72.8 MB
2422	ad/b45e31	BGC_ANALYSIS:ANTISMASH_ANALYSIS:ANTISMASH (Pantoea_agglomerans_20CA0041)	COMPLETED	0	2026-08-29 03:37:11.419	2026-08-29 03:37:11.516	2026-08-29 03:38:24.375	1m 10s	2	6 GB	4.8 GB	7.9 GB	114.7%	3.3%	19.6 GB	74.5 MB
2440	dc/1c2aae	BGC_ANALYSIS:ANTISMASH_ANALYSIS:ANTISMASH (Pantoea_agglomerans_20OR0051)	COMPLETED	0	2026-08-29 03:37:47.169	2026-08-29 03:37:47.266	2026-08-29 03:38:25.261	35.9s	2	6 GB	753.3 MB	7.8 GB	94.7%	1.3%	1.6 GB	78.1 MB
2444	13/206857	BGC_ANALYSIS:ANTISMASH_ANALYSIS:ANTISMASH (Pantoea_agglomerans_20PA0287)	COMPLETED	0	2026-08-29 03:37:57.126	2026-08-29 03:37:57.223	2026-08-29 03:38:33.871	34.7s	2	6 GB	713.9 MB	7.8 GB	93.7%	1.2%	1.4 GB	76 MB
2426	f8/1b9f9c	BGC_ANALYSIS:ANTISMASH_ANALYSIS:ANTISMASH (Pantoea_agglomerans_20CO064)	COMPLETED	0	2026-08-29 03:38:05.632	2026-08-29 03:38:05.728	2026-08-29 03:38:40.327	32.6s	2	6 GB	713.8 MB	7.8 GB	93.9%	1.2%	1.3 GB	72.6 MB
2433	fc/093e75	BGC_ANALYSIS:ANTISMASH_ANALYSIS:ANTISMASH (Pantoea_agglomerans_20ID0049)	COMPLETED	0	2026-08-29 03:38:01.817	2026-08-29 03:38:01.913	2026-08-29 03:38:40.959	37s	2	6 GB	728.5 MB	7.8 GB	94.5%	1.2%	1.6 GB	78.7 MB
2430	01/b328fd	BGC_ANALYSIS:ANTISMASH_ANALYSIS:ANTISMASH (Pantoea_agglomerans_20GA0030)	COMPLETED	0	2026-08-29 03:38:24.379	2026-08-29 03:38:24.476	2026-08-29 03:39:02.403	35.8s	2	6 GB	715.6 MB	7.8 GB	93.7%	1.2%	1.5 GB	76.5 MB
2451	f7/a4fc9a	BGC_ANALYSIS:ANTISMASH_ANALYSIS:ANTISMASH (Pantoea_agglomerans_20TX0132)	COMPLETED	0	2026-08-29 03:38:25.264	2026-08-29 03:38:25.361	2026-08-29 03:39:03.917	36.5s	2	6 GB	726.7 MB	7.8 GB	93.4%	1.3%	1.5 GB	77.5 MB
2442	12/c801f7	BGC_ANALYSIS:ANTISMASH_ANALYSIS:ANTISMASH (Pantoea_agglomerans_20PA0025)	COMPLETED	0	2026-08-29 03:37:51.380	2026-08-29 03:37:51.477	2026-08-29 03:39:07.690	1m 14s	2	6 GB	4.8 GB	8.1 GB	113.6%	5.6%	19.8 GB	81.3 MB
2456	d6/ab4718	BGC_ANALYSIS:ANTISMASH_ANALYSIS:ANTISMASH (Pantoea_agglomerans_ST12.14_393)	COMPLETED	0	2026-08-29 03:38:40.962	2026-08-29 03:38:41.059	2026-08-29 03:39:13.749	30.4s	2	6 GB	699 MB	7.8 GB	95.8%	1.2%	1.2 GB	68 MB
2446	18/6c76a2	BGC_ANALYSIS:ANTISMASH_ANALYSIS:ANTISMASH (Pantoea_agglomerans_20PA0499)	COMPLETED	0	2026-08-29 03:38:40.331	2026-08-29 03:38:40.427	2026-08-29 03:39:20.652	38s	2	6 GB	739.5 MB	7.8 GB	94.1%	1.3%	1.6 GB	78.9 MB
2431	dc/799473	BGC_ANALYSIS:ANTISMASH_ANALYSIS:ANTISMASH (Pantoea_agglomerans_20GA0109)	COMPLETED	0	2026-08-29 03:38:21.910	2026-08-29 03:38:22.006	2026-08-29 03:39:23.981	60s	2	6 GB	4.7 GB	7.8 GB	130.5%	5.9%	19.1 GB	60.9 MB
2443	2b/06497a	BGC_ANALYSIS:ANTISMASH_ANALYSIS:ANTISMASH (Pantoea_agglomerans_20PA0047)	COMPLETED	0	2026-08-29 03:39:02.406	2026-08-29 03:39:02.504	2026-08-29 03:39:38.830	34.2s	2	6 GB	718.7 MB	7.8 GB	94.2%	1.3%	1.4 GB	73.7 MB
2436	00/63b439	BGC_ANALYSIS:ANTISMASH_ANALYSIS:ANTISMASH (Pantoea_agglomerans_20ID0121)	COMPLETED	0	2026-08-29 03:39:03.921	2026-08-29 03:39:04.017	2026-08-29 03:39:40.737	34.6s	2	6 GB	714.8 MB	7.8 GB	93.8%	1.2%	1.4 GB	74.3 MB
2429	c1/eee5e1	BGC_ANALYSIS:ANTISMASH_ANALYSIS:ANTISMASH (Pantoea_agglomerans_20GA0021)	COMPLETED	0	2026-08-29 03:38:33.874	2026-08-29 03:38:33.971	2026-08-29 03:39:44.788	1m 9s	2	6 GB	4.7 GB	7.8 GB	112.4%	5.7%	16.9 GB	73.2 MB
2449	ea/62e44d	BGC_ANALYSIS:ANTISMASH_ANALYSIS:ANTISMASH (Pantoea_agglomerans_20TX0124)	COMPLETED	0	2026-08-29 03:38:17.875	2026-08-29 03:38:17.971	2026-08-29 03:39:48.316	1m 28s	2	6 GB	4.9 GB	7.8 GB	111.5%	5.4%	20.6 GB	99.9 MB
2457	a3/3c0a7b	BGC_ANALYSIS:ANTISMASH_ANALYSIS:ANTISMASH (Pantoea_agglomerans_ST14.12_094)	COMPLETED	0	2026-08-29 03:39:13.753	2026-08-29 03:39:13.849	2026-08-29 03:39:52.750	36.7s	2	6 GB	716.4 MB	7.8 GB	94.5%	1.2%	1.5 GB	77.2 MB
2435	ad/85cd9b	BGC_ANALYSIS:ANTISMASH_ANALYSIS:ANTISMASH (Pantoea_agglomerans_20ID0101)	COMPLETED	0	2026-08-29 03:39:44.791	2026-08-29 03:39:44.888	2026-08-29 03:40:17.527	30.5s	2	6 GB	709.4 MB	7.8 GB	95.1%	1.2%	1.2 GB	68.2 MB
2445	67/ef59d3	BGC_ANALYSIS:ANTISMASH_ANALYSIS:ANTISMASH (Pantoea_agglomerans_20PA0330)	COMPLETED	0	2026-08-29 03:39:07.694	2026-08-29 03:39:07.790	2026-08-29 03:40:28.607	1m 19s	2	6 GB	4.9 GB	8 GB	116.3%	4.6%	23.9 GB	77.3 MB
2458	b6/18b6a9	BGC_ANALYSIS:ANTISMASH_ANALYSIS:ANTISMASH (Pantoea_agglomerans_ST14.12_205)	COMPLETED	0	2026-08-29 03:39:20.656	2026-08-29 03:39:20.752	2026-08-29 03:40:30.934	1m 8s	2	6 GB	709.2 MB	7.8 GB	100.0%	1.3%	3.5 GB	125.1 MB
2460	41/ed06d8	BGC_ANALYSIS:ANTISMASH_ANALYSIS:ANTISMASH (Pantoea_allii_21GA0466)	COMPLETED	0	2026-08-29 03:39:23.984	2026-08-29 03:39:24.081	2026-08-29 03:40:31.427	1m 5s	2	6 GB	4.7 GB	7.8 GB	109.2%	5.6%	11.7 GB	80.2 MB
2459	b3/57fbc6	BGC_ANALYSIS:ANTISMASH_ANALYSIS:ANTISMASH (Pantoea_allii_19UT001)	COMPLETED	0	2026-08-29 03:39:38.834	2026-08-29 03:39:38.930	2026-08-29 03:40:45.849	1m 5s	2	6 GB	4.7 GB	7.8 GB	108.5%	5.2%	11.7 GB	80.6 MB
2434	c6/f8ce27	BGC_ANALYSIS:ANTISMASH_ANALYSIS:ANTISMASH (Pantoea_agglomerans_20ID0094)	COMPLETED	0	2026-08-29 03:40:17.531	2026-08-29 03:40:17.627	2026-08-29 03:40:53.796	34s	2	6 GB	719.5 MB	7.8 GB	95.7%	1.2%	1.4 GB	73.6 MB
2465	b0/361f62	BGC_ANALYSIS:ANTISMASH_ANALYSIS:ANTISMASH (Pantoea_allii_BAV3060)	COMPLETED	0	2026-08-29 03:39:48.320	2026-08-29 03:39:48.416	2026-08-29 03:40:53.852	1m 3s	2	6 GB	4.8 GB	7.8 GB	107.7%	5.6%	11.7 GB	77.3 MB
2432	b9/12b2ef	BGC_ANALYSIS:ANTISMASH_ANALYSIS:ANTISMASH (Pantoea_agglomerans_20GA0400)	COMPLETED	0	2026-08-29 03:39:40.740	2026-08-29 03:39:40.836	2026-08-29 03:41:01.487	1m 18s	2	6 GB	4.8 GB	7.9 GB	113.5%	5.6%	20 GB	84.3 MB
2452	ca/1f8184	BGC_ANALYSIS:ANTISMASH_ANALYSIS:ANTISMASH (Pantoea_agglomerans_20UT001)	COMPLETED	0	2026-08-29 03:40:31.431	2026-08-29 03:40:31.528	2026-08-29 03:41:03.391	29.8s	2	6 GB	722.6 MB	7.8 GB	96.3%	1.3%	1.2 GB	68.7 MB
2448	12/4a0912	BGC_ANALYSIS:ANTISMASH_ANALYSIS:ANTISMASH (Pantoea_agglomerans_20TX0122_2)	COMPLETED	0	2026-08-29 03:39:52.753	2026-08-29 03:39:52.850	2026-08-29 03:41:15.175	1m 20s	2	6 GB	4.8 GB	7.8 GB	113.4%	3.3%	20.1 GB	87.6 MB
2455	d0/57c4dd	BGC_ANALYSIS:ANTISMASH_ANALYSIS:ANTISMASH (Pantoea_agglomerans_MR11)	COMPLETED	0	2026-08-29 03:40:53.856	2026-08-29 03:40:53.952	2026-08-29 03:41:28.047	31.9s	2	6 GB	748.1 MB	7.8 GB	99.3%	1.3%	1.2 GB	68.1 MB
2453	6c/3d216d	BGC_ANALYSIS:ANTISMASH_ANALYSIS:ANTISMASH (Pantoea_agglomerans_57a)	COMPLETED	0	2026-08-29 03:41:01.490	2026-08-29 03:41:01.587	2026-08-29 03:41:30.513	26.7s	2	6 GB	704.1 MB	7.8 GB	98.6%	1.3%	1 GB	61.3 MB
2447	3f/ad0286	BGC_ANALYSIS:ANTISMASH_ANALYSIS:ANTISMASH (Pantoea_agglomerans_20TX0031)	COMPLETED	0	2026-08-29 03:40:45.853	2026-08-29 03:40:45.949	2026-08-29 03:41:30.916	42.9s	2	6 GB	767.8 MB	7.8 GB	95.2%	1.3%	1.9 GB	87.5 MB
2469	c7/b1a8f2	BGC_ANALYSIS:ANTISMASH_ANALYSIS:ANTISMASH (Pantoea_allii_BAV3073)	COMPLETED	0	2026-08-29 03:40:28.610	2026-08-29 03:40:28.707	2026-08-29 03:41:35.496	1m 5s	2	6 GB	4.7 GB	7.8 GB	106.3%	4.6%	11.7 GB	78 MB
2454	4f/098bce	BGC_ANALYSIS:ANTISMASH_ANALYSIS:ANTISMASH (Pantoea_agglomerans_BT38)	COMPLETED	0	2026-08-29 03:41:15.179	2026-08-29 03:41:15.275	2026-08-29 03:41:46.598	29.1s	2	6 GB	780.4 MB	7.8 GB	95.9%	1.3%	1.1 GB	65.7 MB
2450	2c/6cc2fb	BGC_ANALYSIS:ANTISMASH_ANALYSIS:ANTISMASH (Pantoea_agglomerans_20TX0125)	COMPLETED	0	2026-08-29 03:40:30.941	2026-08-29 03:40:31.035	2026-08-29 03:41:51.462	1m 18s	2	6 GB	4.8 GB	8.2 GB	112.2%	4.6%	20 GB	84.6 MB
2474	7b/3ddf5a	BGC_ANALYSIS:ANTISMASH_ANALYSIS:ANTISMASH (Pantoea_allii_DOAB1050_2)	COMPLETED	0	2026-08-29 03:41:03.395	2026-08-29 03:41:03.491	2026-08-29 03:41:53.548	48.1s	2	6 GB	4.8 GB	7.8 GB	128.8%	6.7%	10.9 GB	58.9 MB
2480	bb/c39c51	BGC_ANALYSIS:ANTISMASH_ANALYSIS:ANTISMASH (Pantoea_allii_MAI6007)	COMPLETED	0	2026-08-29 03:41:30.920	2026-08-29 03:41:31.016	2026-08-29 03:41:53.982	21s	2	6 GB	838.3 MB	7.8 GB	130.4%	1.3%	876.6 MB	61.9 MB
2473	6f/969961	BGC_ANALYSIS:ANTISMASH_ANALYSIS:ANTISMASH (Pantoea_allii_DOAB1036)	COMPLETED	0	2026-08-29 03:40:53.799	2026-08-29 03:40:53.853	2026-08-29 03:41:59.656	1m 4s	2	6 GB	4.8 GB	7.9 GB	108.1%	6.0%	11.6 GB	79.5 MB
2476	7c/23b26f	BGC_ANALYSIS:ANTISMASH_ANALYSIS:ANTISMASH (Pantoea_allii_J12b)	COMPLETED	0	2026-08-29 03:41:30.517	2026-08-29 03:41:30.614	2026-08-29 03:42:08.510	35.9s	2	6 GB	699.4 MB	7.8 GB	92.7%	1.2%	1.5 GB	77.5 MB
2462	06/9d2926	BGC_ANALYSIS:ANTISMASH_ANALYSIS:ANTISMASH (Pantoea_allii_21GA0582)	COMPLETED	0	2026-08-29 03:41:28.052	2026-08-29 03:41:28.147	2026-08-29 03:42:35.902	1m 6s	2	6 GB	4.8 GB	8 GB	107.1%	7.2%	11.7 GB	81.7 MB
2461	ba/e96353	BGC_ANALYSIS:ANTISMASH_ANALYSIS:ANTISMASH (Pantoea_allii_21GA0550)	COMPLETED	0	2026-08-29 03:41:35.499	2026-08-29 03:41:35.596	2026-08-29 03:42:44.606	1m 7s	2	6 GB	4.8 GB	7.8 GB	106.8%	5.5%	11.7 GB	80.7 MB
2464	30/c1388e	BGC_ANALYSIS:ANTISMASH_ANALYSIS:ANTISMASH (Pantoea_allii_BAV3052)	COMPLETED	0	2026-08-29 03:41:51.465	2026-08-29 03:41:51.562	2026-08-29 03:42:44.710	51.2s	2	6 GB	4.8 GB	7.8 GB	126.2%	6.4%	10.9 GB	60 MB
2463	0d/043fee	BGC_ANALYSIS:ANTISMASH_ANALYSIS:ANTISMASH (Pantoea_allii_BAV3051)	COMPLETED	0	2026-08-29 03:41:46.602	2026-08-29 03:41:46.698	2026-08-29 03:42:53.442	1m 5s	2	6 GB	4.8 GB	7.8 GB	106.2%	6.0%	11.7 GB	78 MB
2482	65/6773d7	BGC_ANALYSIS:ANTISMASH_ANALYSIS:ANTISMASH (Pantoea_ananatis_J-2)	COMPLETED	0	2026-08-29 03:41:53.552	2026-08-29 03:41:53.650	2026-08-29 03:42:53.982	58.3s	2	6 GB	4.7 GB	7.8 GB	107.4%	5.5%	9.4 GB	69.9 MB
2468	25/c8cab1	BGC_ANALYSIS:ANTISMASH_ANALYSIS:ANTISMASH (Pantoea_allii_BAV3070)	COMPLETED	0	2026-08-29 03:41:53.987	2026-08-29 03:41:54.082	2026-08-29 03:43:00.595	1m 4s	2	6 GB	4.7 GB	7.7 GB	106.4%	5.6%	11.7 GB	77.8 MB
2489	ff/0a713f	BGC_ANALYSIS:ANTISMASH_ANALYSIS:ANTISMASH (Pantoea_sp._EEL5)	COMPLETED	0	2026-08-29 03:42:08.513	2026-08-29 03:42:08.610	2026-08-29 03:43:03.621	52.9s	2	6 GB	4.7 GB	7.8 GB	113.8%	5.3%	9.6 GB	66 MB
2487	10/74a188	BGC_ANALYSIS:ANTISMASH_ANALYSIS:ANTISMASH (Pantoea_septica_A31016)	COMPLETED	0	2026-08-29 03:42:44.713	2026-08-29 03:42:44.810	2026-08-29 03:43:08.128	21.2s	2	6 GB	783.7 MB	7.8 GB	127.3%	1.3%	855.8 MB	60 MB
2467	4b/4a7703	BGC_ANALYSIS:ANTISMASH_ANALYSIS:ANTISMASH (Pantoea_allii_BAV3069)	COMPLETED	0	2026-08-29 03:41:59.659	2026-08-29 03:41:59.756	2026-08-29 03:43:10.098	1m 8s	2	6 GB	4.7 GB	7.7 GB	104.8%	4.5%	9.5 GB	85.6 MB
2490	52/515101	BGC_ANALYSIS:ANTISMASH_ANALYSIS:ANTISMASH (Pantoea_sp._FN0302)	COMPLETED	0	2026-08-29 03:42:53.445	2026-08-29 03:42:53.542	2026-08-29 03:43:19.708	24s	2	6 GB	727.2 MB	7.8 GB	109.1%	1.3%	989.6 MB	57.9 MB
2486	16/fb344b	BGC_ANALYSIS:ANTISMASH_ANALYSIS:ANTISMASH (Pantoea_eucrina_T22)	COMPLETED	0	2026-08-29 03:43:00.599	2026-08-29 03:43:00.695	2026-08-29 03:43:21.877	18.8s	2	6 GB	688.1 MB	7.7 GB	118.0%	1.1%	744.4 MB	49.2 MB
2488	7f/c744d3	BGC_ANALYSIS:ANTISMASH_ANALYSIS:ANTISMASH (Pantoea_sp._AN62)	COMPLETED	0	2026-08-29 03:42:44.610	2026-08-29 03:42:44.707	2026-08-29 03:43:27.116	40.3s	2	6 GB	721.2 MB	7.8 GB	93.6%	1.2%	1.7 GB	79.3 MB
2493	d5/f4a022	BGC_ANALYSIS:ANTISMASH_ANALYSIS:ANTISMASH (Pantoea_sp._NSTU24)	COMPLETED	0	2026-08-29 03:43:10.101	2026-08-29 03:43:10.198	2026-08-29 03:43:32.261	19.8s	2	6 GB	761.8 MB	7.8 GB	123.4%	1.3%	765.3 MB	53.6 MB
2466	be/e1b99e	BGC_ANALYSIS:ANTISMASH_ANALYSIS:ANTISMASH (Pantoea_allii_BAV3063)	COMPLETED	0	2026-08-29 03:42:35.906	2026-08-29 03:42:36.002	2026-08-29 03:43:43.095	1m 5s	2	6 GB	4.8 GB	7.8 GB	106.2%	7.1%	11.6 GB	76 MB
2472	38/83eb4c	BGC_ANALYSIS:ANTISMASH_ANALYSIS:ANTISMASH (Pantoea_allii_DOAB1035_LMG24202)	COMPLETED	0	2026-08-29 03:42:53.985	2026-08-29 03:42:54.082	2026-08-29 03:43:47.241	51s	2	6 GB	4.7 GB	7.8 GB	125.4%	5.7%	10.9 GB	62.1 MB
2502	58/2b7990	BGC_ANALYSIS:ANTISMASH_ANALYSIS:ANTISMASH (Candidatus_Erwinia_haradaeae_ErCipseudotaxifoliae)	COMPLETED	0	2026-08-29 03:43:47.244	2026-08-29 03:43:47.341	2026-08-29 03:43:56.568	7.1s	2	6 GB	467.1 MB	7.7 GB	101.8%	0.7%	280.5 MB	10.2 MB
2471	f2/985c98	BGC_ANALYSIS:ANTISMASH_ANALYSIS:ANTISMASH (Pantoea_allii_DOAB1035)	COMPLETED	0	2026-08-29 03:43:08.131	2026-08-29 03:43:08.228	2026-08-29 03:44:00.991	50.7s	2	6 GB	4.7 GB	7.9 GB	124.8%	5.4%	10.9 GB	62.2 MB
2470	19/1bc162	BGC_ANALYSIS:ANTISMASH_ANALYSIS:ANTISMASH (Pantoea_allii_BAV3074)	COMPLETED	0	2026-08-29 03:43:03.624	2026-08-29 03:43:03.721	2026-08-29 03:44:08.287	1m 2s	2	6 GB	4.7 GB	7.8 GB	107.0%	5.4%	11.5 GB	74.3 MB
2501	15/aef66d	BGC_ANALYSIS:ANTISMASH_ANALYSIS:ANTISMASH (Buchnera_aphidicola_Tuberolachnus_salignus_BTs)	COMPLETED	0	2026-08-29 03:44:00.996	2026-08-29 03:44:01.091	2026-08-29 03:44:09.517	6.3s	2	6 GB	437.9 MB	7.2 GB	104.9%	0.7%	264.4 MB	8.7 MB
2477	2f/b629bb	BGC_ANALYSIS:ANTISMASH_ANALYSIS:ANTISMASH (Pantoea_allii_LMG24248)	COMPLETED	0	2026-08-29 03:43:19.712	2026-08-29 03:43:19.808	2026-08-29 03:44:11.591	49.6s	2	6 GB	4.7 GB	7.9 GB	125.0%	6.5%	10.9 GB	62.5 MB
2475	a3/0f9c74	BGC_ANALYSIS:ANTISMASH_ANALYSIS:ANTISMASH (Pantoea_allii_DOAB1051)	COMPLETED	0	2026-08-29 03:43:21.881	2026-08-29 03:43:21.977	2026-08-29 03:44:13.380	49.3s	2	6 GB	4.7 GB	7.9 GB	127.4%	4.1%	10.9 GB	60.4 MB
2504	35/d1e281	BGC_ANALYSIS:ANTISMASH_ANALYSIS:ANTISMASH (Candidatus_Pantoea_varia_OV426)	COMPLETED	0	2026-08-29 03:44:08.298	2026-08-29 03:44:08.388	2026-08-29 03:44:33.642	23.3s	2	6 GB	719 MB	7.8 GB	106.3%	1.3%	996.3 MB	55.9 MB
2483	c4/153152	BGC_ANALYSIS:ANTISMASH_ANALYSIS:ANTISMASH (Pantoea_anthophila_PGPR-34)	COMPLETED	0	2026-08-29 03:43:56.572	2026-08-29 03:43:56.668	2026-08-29 03:44:34.631	35.9s	2	6 GB	496.7 MB	7.8 GB	103.1%	0.8%	1.5 GB	60 MB
2507	e2/70320f	BGC_ANALYSIS:ANTISMASH_ANALYSIS:ANTISMASH (Erwinia_papayae_JGD233)	COMPLETED	0	2026-08-29 03:44:11.595	2026-08-29 03:44:11.692	2026-08-29 03:44:35.377	21.7s	2	6 GB	829.5 MB	7.8 GB	137.3%	1.4%	870.3 MB	61.2 MB
2494	a2/1049fc	BGC_ANALYSIS:ANTISMASH_ANALYSIS:ANTISMASH (Winslowiella_sp._2C04)	COMPLETED	0	2026-08-29 03:44:13.383	2026-08-29 03:44:13.480	2026-08-29 03:44:36.254	20.7s	2	6 GB	863.9 MB	7.9 GB	135.5%	1.4%	856.1 MB	61.1 MB
2481	fd/721b62	BGC_ANALYSIS:ANTISMASH_ANALYSIS:ANTISMASH (Pantoea_allii_MAI6022)	COMPLETED	0	2026-08-29 03:43:32.265	2026-08-29 03:43:32.360	2026-08-29 03:44:38.686	1m 4s	2	6 GB	4.8 GB	8.1 GB	131.1%	6.3%	22.5 GB	65.9 MB
2479	21/360338	BGC_ANALYSIS:ANTISMASH_ANALYSIS:ANTISMASH (Pantoea_allii_MAI6006)	COMPLETED	0	2026-08-29 03:43:27.119	2026-08-29 03:43:27.217	2026-08-29 03:44:39.155	1m 10s	2	6 GB	4.7 GB	7.8 GB	107.0%	5.3%	11.9 GB	87.9 MB
2495	7d/65bcd8	BGC_ANALYSIS:ANTISMASH_ANALYSIS:ANTISMASH (Buchnera_aphidicola_BCifornacula)	COMPLETED	0	2026-08-29 03:44:36.257	2026-08-29 03:44:36.354	2026-08-29 03:44:44.007	5.7s	2	6 GB	198.9 MB	2.7 GB	107.2%	0.3%	259.1 MB	5.9 MB
2498	2a/1705d4	BGC_ANALYSIS:ANTISMASH_ANALYSIS:ANTISMASH (Buchnera_aphidicola_Cinara_pseudotaxifoliae_BCipseudotaxifoliae)	COMPLETED	0	2026-08-29 03:44:39.158	2026-08-29 03:44:39.255	2026-08-29 03:44:47.327	6s	2	6 GB	216.6 MB	2.7 GB	106.1%	0.4%	259.2 MB	5.9 MB
2484	d2/92d25b	BGC_ANALYSIS:ANTISMASH_ANALYSIS:ANTISMASH (Pantoea_dispersa_1175)	COMPLETED	0	2026-08-29 03:44:09.521	2026-08-29 03:44:09.618	2026-08-29 03:44:49.702	38.1s	2	6 GB	723.8 MB	7.8 GB	92.9%	1.3%	1.6 GB	77.4 MB
2496	3f/4cc3f2	BGC_ANALYSIS:ANTISMASH_ANALYSIS:ANTISMASH (Buchnera_aphidicola_Ceratovacuna_nekoashi_BuCnOKZK1)	COMPLETED	0	2026-08-29 03:44:44.010	2026-08-29 03:44:44.108	2026-08-29 03:44:52.031	5.8s	2	6 GB	198.1 MB	2.7 GB	106.9%	0.3%	260.6 MB	6.9 MB
2478	16/eb449f	BGC_ANALYSIS:ANTISMASH_ANALYSIS:ANTISMASH (Pantoea_allii_MAI6004)	COMPLETED	0	2026-08-29 03:43:43.099	2026-08-29 03:43:43.195	2026-08-29 03:44:53.906	1m 9s	2	6 GB	4.7 GB	7.8 GB	106.2%	5.2%	11.9 GB	85.9 MB
2500	13/ef62ca	BGC_ANALYSIS:ANTISMASH_ANALYSIS:ANTISMASH (Buchnera_aphidicola_Pseudoregma_panicola_BuPpNGSK1)	COMPLETED	0	2026-08-29 03:44:47.331	2026-08-29 03:44:47.427	2026-08-29 03:44:55.081	5.7s	2	6 GB	197.8 MB	2.7 GB	105.1%	0.3%	261.9 MB	6.9 MB
2485	b7/6026ff	BGC_ANALYSIS:ANTISMASH_ANALYSIS:ANTISMASH (Pantoea_eucalypti_GY78_10)	COMPLETED	0	2026-08-29 03:44:34.634	2026-08-29 03:44:34.731	2026-08-29 03:44:56.188	19.6s	2	6 GB	801.5 MB	7.8 GB	128.6%	1.4%	845.9 MB	59 MB
2499	69/a91a52	BGC_ANALYSIS:ANTISMASH_ANALYSIS:ANTISMASH (Buchnera_aphidicola_Lachnus_tropicalis_Lt-NIBB)	COMPLETED	0	2026-08-29 03:44:52.034	2026-08-29 03:44:52.131	2026-08-29 03:44:59.285	5.3s	2	6 GB	206.8 MB	2.7 GB	107.1%	0.3%	238.9 MB	6.3 MB
2497	e9/848a9a	BGC_ANALYSIS:ANTISMASH_ANALYSIS:ANTISMASH (Buchnera_aphidicola_Cinara_confinis_BCiconfinis)	COMPLETED	0	2026-08-29 03:44:53.909	2026-08-29 03:44:54.006	2026-08-29 03:45:01.204	5.3s	2	6 GB	195.3 MB	2.7 GB	107.3%	0.3%	238.3 MB	5.3 MB
2492	e0/a38809	BGC_ANALYSIS:ANTISMASH_ANALYSIS:ANTISMASH (Pantoea_sp._FN0307)	COMPLETED	0	2026-08-29 03:44:38.689	2026-08-29 03:44:38.786	2026-08-29 03:45:04.555	23.7s	2	6 GB	699.8 MB	7.8 GB	98.9%	1.2%	938.7 MB	57.7 MB
2491	0f/08b042	BGC_ANALYSIS:ANTISMASH_ANALYSIS:ANTISMASH (Pantoea_sp._FN0305)	COMPLETED	0	2026-08-29 03:44:33.645	2026-08-29 03:44:33.742	2026-08-29 03:45:05.431	29.9s	2	6 GB	712.1 MB	7.8 GB	94.4%	1.3%	1.1 GB	63.3 MB
2511	a4/ae31af	BGC_ANALYSIS:ANTISMASH_ANALYSIS:ANTISMASH (Erwinia_sp._ErVv1)	COMPLETED	0	2026-08-29 03:44:35.380	2026-08-29 03:44:35.477	2026-08-29 03:45:12.742	35.3s	2	6 GB	480.4 MB	7.7 GB	99.6%	0.7%	1.3 GB	55.3 MB
2505	be/136abd	BGC_ANALYSIS:ANTISMASH_ANALYSIS:ANTISMASH (Erwinia_amylovora_LMG1877)	COMPLETED	0	2026-08-29 03:44:56.191	2026-08-29 03:44:56.288	2026-08-29 03:45:15.701	17.3s	2	6 GB	702.7 MB	7.7 GB	127.4%	1.1%	675 MB	46.8 MB
2517	32/d210bc	BGC_ANALYSIS:ANTISMASH_ANALYSIS:ANTISMASH (Pantoea_agglomerans_C-136)	COMPLETED	0	2026-08-29 03:44:49.706	2026-08-29 03:44:49.803	2026-08-29 03:45:22.193	30.4s	2	6 GB	783.6 MB	7.8 GB	100.7%	1.3%	1.3 GB	72.8 MB
2509	fe/00ccb6	BGC_ANALYSIS:ANTISMASH_ANALYSIS:ANTISMASH (Erwinia_persicina_CFBP9294)	COMPLETED	0	2026-08-29 03:44:59.288	2026-08-29 03:44:59.385	2026-08-29 03:45:25.460	24.2s	2	6 GB	651.4 MB	7.9 GB	131.8%	1.2%	894.1 MB	48.4 MB
2508	6a/073e9d	BGC_ANALYSIS:ANTISMASH_ANALYSIS:ANTISMASH (Erwinia_papayae_JY224)	COMPLETED	0	2026-08-29 03:45:01.207	2026-08-29 03:45:01.305	2026-08-29 03:45:25.512	22s	2	6 GB	879.7 MB	7.9 GB	134.7%	1.5%	936.1 MB	63.2 MB
2503	dc/871b4a	BGC_ANALYSIS:ANTISMASH_ANALYSIS:ANTISMASH (Candidatus_Pantoea_symbiotica_YR512)	COMPLETED	0	2026-08-29 03:44:55.085	2026-08-29 03:44:55.182	2026-08-29 03:45:31.165	34.1s	2	6 GB	695.3 MB	7.8 GB	93.1%	1.2%	1.4 GB	69 MB
2524	07/8f05f4	BGC_ANALYSIS:ANTISMASH_ANALYSIS:ANTISMASH (Pantoea_agglomerans_C-359)	COMPLETED	0	2026-08-29 03:45:15.704	2026-08-29 03:45:15.801	2026-08-29 03:45:36.865	19s	2	6 GB	816.1 MB	7.8 GB	126.3%	1.3%	722.1 MB	57.4 MB
2521	8b/1392df	BGC_ANALYSIS:ANTISMASH_ANALYSIS:ANTISMASH (Pantoea_agglomerans_C-21)	COMPLETED	0	2026-08-29 03:45:04.558	2026-08-29 03:45:04.655	2026-08-29 03:45:38.682	32.1s	2	6 GB	740.4 MB	7.8 GB	94.8%	1.2%	1.2 GB	69.8 MB
2520	77/dfa50a	BGC_ANALYSIS:ANTISMASH_ANALYSIS:ANTISMASH (Pantoea_agglomerans_C-193)	COMPLETED	0	2026-08-29 03:45:05.435	2026-08-29 03:45:05.531	2026-08-29 03:45:40.296	32.8s	2	6 GB	739.4 MB	7.8 GB	98.7%	1.2%	1.3 GB	72.2 MB
2523	f8/0071ea	BGC_ANALYSIS:ANTISMASH_ANALYSIS:ANTISMASH (Pantoea_agglomerans_C-358)	COMPLETED	0	2026-08-29 03:45:22.197	2026-08-29 03:45:22.294	2026-08-29 03:45:44.013	19.7s	2	6 GB	825.7 MB	7.8 GB	118.5%	1.4%	840.5 MB	64.2 MB
2522	62/fb2a61	BGC_ANALYSIS:ANTISMASH_ANALYSIS:ANTISMASH (Pantoea_agglomerans_C-332)	COMPLETED	0	2026-08-29 03:45:25.464	2026-08-29 03:45:25.512	2026-08-29 03:45:47.016	19.6s	2	6 GB	795 MB	7.8 GB	120.8%	1.4%	791.2 MB	60.5 MB
2512	3d/88d8e0	BGC_ANALYSIS:ANTISMASH_ANALYSIS:ANTISMASH (Erwinia_sp._PL328)	COMPLETED	0	2026-08-29 03:45:31.169	2026-08-29 03:45:31.265	2026-08-29 03:45:55.141	21.7s	2	6 GB	868.2 MB	7.9 GB	134.5%	1.4%	881.1 MB	63.4 MB
2525	f2/dc5f03	BGC_ANALYSIS:ANTISMASH_ANALYSIS:ANTISMASH (Pantoea_agglomerans_C-362)	COMPLETED	0	2026-08-29 03:45:38.687	2026-08-29 03:45:38.783	2026-08-29 03:45:57.939	17.1s	2	6 GB	815.1 MB	7.9 GB	120.6%	1.4%	653.9 MB	58.3 MB
2531	be/b4c596	BGC_ANALYSIS:ANTISMASH_ANALYSIS:ANTISMASH (Pantoea_agglomerans_C-373)	COMPLETED	0	2026-08-29 03:45:40.300	2026-08-29 03:45:40.396	2026-08-29 03:45:59.873	17.5s	2	6 GB	820.3 MB	7.9 GB	120.3%	1.4%	660.4 MB	58.4 MB
2515	7a/0fa3c5	BGC_ANALYSIS:ANTISMASH_ANALYSIS:ANTISMASH (Izhakiella_capsodis_N6PO6)	COMPLETED	0	2026-08-29 03:45:36.868	2026-08-29 03:45:36.964	2026-08-29 03:46:04.900	25.8s	2	6 GB	585.8 MB	7.7 GB	96.8%	1.0%	1.1 GB	50.6 MB
2513	b4/b54a65	BGC_ANALYSIS:ANTISMASH_ANALYSIS:ANTISMASH (Erwinia_sp._PPS120_2)	COMPLETED	0	2026-08-29 03:45:25.516	2026-08-29 03:45:25.612	2026-08-29 03:46:08.696	41.1s	2	6 GB	704.2 MB	7.8 GB	94.8%	1.2%	1.8 GB	80.8 MB
2516	ff/f99d7e	BGC_ANALYSIS:ANTISMASH_ANALYSIS:ANTISMASH (Pantoea_agglomerans_A2_2)	COMPLETED	0	2026-08-29 03:45:55.145	2026-08-29 03:45:55.242	2026-08-29 03:46:11.976	14.7s	2	6 GB	610.8 MB	7.3 GB	133.7%	1.0%	673.2 MB	30.3 MB
2510	96/109169	BGC_ANALYSIS:ANTISMASH_ANALYSIS:ANTISMASH (Erwinia_rhapontici_VNIIKR-B-0065)	COMPLETED	0	2026-08-29 03:45:12.745	2026-08-29 03:45:12.842	2026-08-29 03:46:18.953	1m 4s	2	6 GB	509.9 MB	7.7 GB	103.3%	0.8%	3 GB	100.6 MB
2519	24/7c8728	BGC_ANALYSIS:ANTISMASH_ANALYSIS:ANTISMASH (Pantoea_agglomerans_C-143)	COMPLETED	0	2026-08-29 03:45:44.017	2026-08-29 03:45:44.113	2026-08-29 03:46:19.499	33.3s	2	6 GB	747.6 MB	7.8 GB	95.5%	1.2%	1.3 GB	72.2 MB
2518	d0/ef9836	BGC_ANALYSIS:ANTISMASH_ANALYSIS:ANTISMASH (Pantoea_agglomerans_C-142)	COMPLETED	0	2026-08-29 03:45:47.019	2026-08-29 03:45:47.116	2026-08-29 03:46:20.252	31.1s	2	6 GB	817.9 MB	7.8 GB	101.9%	1.3%	1.3 GB	73.9 MB
2540	68/a61223	BGC_ANALYSIS:ANTISMASH_ANALYSIS:ANTISMASH (Pantoea_agglomerans_C-401)	COMPLETED	0	2026-08-29 03:45:57.943	2026-08-29 03:45:58.039	2026-08-29 03:46:21.846	21.8s	2	6 GB	821.2 MB	7.8 GB	126.5%	1.3%	898.7 MB	62.7 MB
2542	e8/636466	BGC_ANALYSIS:ANTISMASH_ANALYSIS:ANTISMASH (Pantoea_agglomerans_C-406)	COMPLETED	0	2026-08-29 03:46:04.904	2026-08-29 03:46:05.001	2026-08-29 03:46:28.850	21.7s	2	6 GB	817.8 MB	7.8 GB	124.6%	1.4%	878.8 MB	62.5 MB
2541	72/5d1eb9	BGC_ANALYSIS:ANTISMASH_ANALYSIS:ANTISMASH (Pantoea_agglomerans_C-404)	COMPLETED	0	2026-08-29 03:46:08.700	2026-08-29 03:46:08.796	2026-08-29 03:46:31.073	20.2s	2	6 GB	757.4 MB	7.8 GB	129.5%	1.3%	826.2 MB	58.3 MB
2526	01/f55727	BGC_ANALYSIS:ANTISMASH_ANALYSIS:ANTISMASH (Pantoea_agglomerans_C-364)	COMPLETED	0	2026-08-29 03:46:11.980	2026-08-29 03:46:12.076	2026-08-29 03:46:33.066	18.9s	2	6 GB	809.1 MB	7.8 GB	127.4%	1.3%	754.2 MB	58.9 MB
2527	41/e2a35e	BGC_ANALYSIS:ANTISMASH_ANALYSIS:ANTISMASH (Pantoea_agglomerans_C-366)	COMPLETED	0	2026-08-29 03:46:18.956	2026-08-29 03:46:19.054	2026-08-29 03:46:39.673	18.7s	2	6 GB	845.9 MB	7.9 GB	119.6%	1.4%	700.9 MB	59.3 MB
2528	8d/82e89d	BGC_ANALYSIS:ANTISMASH_ANALYSIS:ANTISMASH (Pantoea_agglomerans_C-367)	COMPLETED	0	2026-08-29 03:46:19.502	2026-08-29 03:46:19.599	2026-08-29 03:46:41.407	19.7s	2	6 GB	783.7 MB	7.8 GB	127.0%	1.3%	756.2 MB	58.9 MB
2545	48/bd0dbf	BGC_ANALYSIS:ANTISMASH_ANALYSIS:ANTISMASH (Pantoea_agglomerans_C-416)	COMPLETED	0	2026-08-29 03:46:20.255	2026-08-29 03:46:20.352	2026-08-29 03:46:43.240	20.8s	2	6 GB	785.7 MB	7.8 GB	129.6%	1.3%	830.9 MB	59.1 MB
2529	84/6b920c	BGC_ANALYSIS:ANTISMASH_ANALYSIS:ANTISMASH (Pantoea_agglomerans_C-368)	COMPLETED	0	2026-08-29 03:46:21.849	2026-08-29 03:46:21.946	2026-08-29 03:46:44.587	20.6s	2	6 GB	776.9 MB	7.8 GB	130.5%	1.3%	832.3 MB	59.1 MB
2530	f8/62e24c	BGC_ANALYSIS:ANTISMASH_ANALYSIS:ANTISMASH (Pantoea_agglomerans_C-369)	COMPLETED	0	2026-08-29 03:46:31.077	2026-08-29 03:46:31.174	2026-08-29 03:46:51.835	18.4s	2	6 GB	798.2 MB	7.8 GB	124.8%	1.3%	713.5 MB	57 MB
2548	28/4efdcb	BGC_ANALYSIS:ANTISMASH_ANALYSIS:ANTISMASH (Pantoea_agglomerans_C-8)	COMPLETED	0	2026-08-29 03:46:28.854	2026-08-29 03:46:28.950	2026-08-29 03:47:02.635	31.6s	2	6 GB	753.6 MB	7.8 GB	94.7%	1.3%	1.2 GB	69.6 MB
2551	fb/98147f	BGC_ANALYSIS:ANTISMASH_ANALYSIS:ANTISMASH (Pantoea_agglomerans_C12)	COMPLETED	0	2026-08-29 03:46:41.412	2026-08-29 03:46:41.507	2026-08-29 03:47:04.676	21.2s	2	6 GB	778.8 MB	7.8 GB	128.2%	1.3%	839 MB	59.7 MB
2552	69/7ccfaa	BGC_ANALYSIS:ANTISMASH_ANALYSIS:ANTISMASH (Pantoea_agglomerans_CFBP9279)	COMPLETED	0	2026-08-29 03:46:43.244	2026-08-29 03:46:43.340	2026-08-29 03:47:07.300	22s	2	6 GB	629.5 MB	7.9 GB	127.3%	1.0%	814.9 MB	44 MB
2550	12/cc10f7	BGC_ANALYSIS:ANTISMASH_ANALYSIS:ANTISMASH (Pantoea_agglomerans_C-95)	COMPLETED	0	2026-08-29 03:46:33.069	2026-08-29 03:46:33.166	2026-08-29 03:47:09.196	33.8s	2	6 GB	739.7 MB	7.8 GB	93.8%	1.3%	1.3 GB	72.7 MB
2534	84/67d0cb	BGC_ANALYSIS:ANTISMASH_ANALYSIS:ANTISMASH (Pantoea_agglomerans_C-377)	COMPLETED	0	2026-08-29 03:46:51.838	2026-08-29 03:46:51.935	2026-08-29 03:47:11.749	17.7s	2	6 GB	825.3 MB	7.8 GB	118.4%	1.4%	666.3 MB	58.4 MB
2535	94/fe57e3	BGC_ANALYSIS:ANTISMASH_ANALYSIS:ANTISMASH (Pantoea_agglomerans_C-38)	COMPLETED	0	2026-08-29 03:46:44.591	2026-08-29 03:46:44.687	2026-08-29 03:47:16.757	30.1s	2	6 GB	744.8 MB	7.8 GB	98.2%	1.3%	1.2 GB	69.6 MB
2532	ef/c6eb25	BGC_ANALYSIS:ANTISMASH_ANALYSIS:ANTISMASH (Pantoea_agglomerans_C-374)	COMPLETED	0	2026-08-29 03:47:07.305	2026-08-29 03:47:07.401	2026-08-29 03:47:26.522	17.1s	2	6 GB	840.1 MB	7.9 GB	118.0%	1.4%	653.3 MB	58.3 MB
2536	02/50c8ef	BGC_ANALYSIS:ANTISMASH_ANALYSIS:ANTISMASH (Pantoea_agglomerans_C-386)	COMPLETED	0	2026-08-29 03:47:04.680	2026-08-29 03:47:04.777	2026-08-29 03:47:30.737	23.9s	2	6 GB	793.9 MB	7.8 GB	124.3%	1.4%	868.1 MB	61.3 MB
2533	f7/d78d78	BGC_ANALYSIS:ANTISMASH_ANALYSIS:ANTISMASH (Pantoea_agglomerans_C-376)	COMPLETED	0	2026-08-29 03:46:39.676	2026-08-29 03:46:39.773	2026-08-29 03:47:33.695	51.8s	2	6 GB	4.7 GB	7.8 GB	123.7%	5.7%	14.2 GB	59.9 MB
2537	01/a74bc0	BGC_ANALYSIS:ANTISMASH_ANALYSIS:ANTISMASH (Pantoea_agglomerans_C-387)	COMPLETED	0	2026-08-29 03:47:11.752	2026-08-29 03:47:11.850	2026-08-29 03:47:34.755	20.9s	2	6 GB	821.8 MB	7.8 GB	131.6%	1.4%	859.1 MB	60.3 MB
2555	63/4562e0	BGC_ANALYSIS:ANTISMASH_ANALYSIS:ANTISMASH (Pantoea_agglomerans_GCA_900185875.1)	COMPLETED	0	2026-08-29 03:47:02.640	2026-08-29 03:47:02.735	2026-08-29 03:47:35.713	30.9s	2	6 GB	497.6 MB	7.8 GB	101.7%	0.9%	1.2 GB	53 MB
2538	a7/3df280	BGC_ANALYSIS:ANTISMASH_ANALYSIS:ANTISMASH (Pantoea_agglomerans_C-393)	COMPLETED	0	2026-08-29 03:47:16.761	2026-08-29 03:47:16.857	2026-08-29 03:47:40.415	21.4s	2	6 GB	821.7 MB	7.8 GB	125.9%	1.3%	878.4 MB	62.1 MB
2557	bc/bd0215	BGC_ANALYSIS:ANTISMASH_ANALYSIS:ANTISMASH (Pantoea_agglomerans_HPB_10265)	COMPLETED	0	2026-08-29 03:47:09.199	2026-08-29 03:47:09.296	2026-08-29 03:47:42.426	31.2s	2	6 GB	688.4 MB	7.8 GB	93.9%	1.3%	1.2 GB	70.2 MB
2539	27/87705c	BGC_ANALYSIS:ANTISMASH_ANALYSIS:ANTISMASH (Pantoea_agglomerans_C-398)	COMPLETED	0	2026-08-29 03:47:26.526	2026-08-29 03:47:26.622	2026-08-29 03:47:49.256	20.6s	2	6 GB	771.7 MB	7.8 GB	127.4%	1.3%	835.9 MB	59.3 MB
2543	fe/cff92f	BGC_ANALYSIS:ANTISMASH_ANALYSIS:ANTISMASH (Pantoea_agglomerans_C-410)	COMPLETED	0	2026-08-29 03:47:30.740	2026-08-29 03:47:30.837	2026-08-29 03:47:53.486	20.7s	2	6 GB	782 MB	7.8 GB	128.1%	1.4%	818.3 MB	57.8 MB
2544	8b/abdda7	BGC_ANALYSIS:ANTISMASH_ANALYSIS:ANTISMASH (Pantoea_agglomerans_C-414)	COMPLETED	0	2026-08-29 03:47:35.716	2026-08-29 03:47:35.813	2026-08-29 03:47:58.570	20.8s	2	6 GB	741.5 MB	7.8 GB	128.4%	1.3%	827.1 MB	58.4 MB
2567	c5/ee20a4	BGC_ANALYSIS:ANTISMASH_ANALYSIS:ANTISMASH (Pantoea_anthophila_P60106)	COMPLETED	0	2026-08-29 03:47:42.430	2026-08-29 03:47:42.526	2026-08-29 03:48:04.635	19.9s	2	6 GB	791.7 MB	7.8 GB	129.6%	1.3%	808.2 MB	56.5 MB
2547	12/d075aa	BGC_ANALYSIS:ANTISMASH_ANALYSIS:ANTISMASH (Pantoea_agglomerans_C-5)	COMPLETED	0	2026-08-29 03:47:40.418	2026-08-29 03:47:40.514	2026-08-29 03:48:12.631	29.9s	2	6 GB	700.4 MB	7.8 GB	94.9%	1.2%	1.1 GB	67.4 MB
2546	18/d994c9	BGC_ANALYSIS:ANTISMASH_ANALYSIS:ANTISMASH (Pantoea_agglomerans_C-422)	COMPLETED	0	2026-08-29 03:47:53.490	2026-08-29 03:47:53.587	2026-08-29 03:48:16.919	21.1s	2	6 GB	829.1 MB	7.8 GB	127.6%	1.3%	872 MB	61.6 MB
2514	5a/c95e1e	BGC_ANALYSIS:ANTISMASH_ANALYSIS:ANTISMASH (Erwinia_tracheiphila_DSM_21139)	COMPLETED	0	2026-08-29 03:45:59.876	2026-08-29 03:45:59.973	2026-08-29 03:48:22.313	2m 20s	2	6 GB	699.7 MB	7.8 GB	101.3%	1.2%	8.1 GB	228.1 MB
2549	93/597114	BGC_ANALYSIS:ANTISMASH_ANALYSIS:ANTISMASH (Pantoea_agglomerans_C-88)	COMPLETED	0	2026-08-29 03:47:49.260	2026-08-29 03:47:49.356	2026-08-29 03:48:22.473	30.9s	2	6 GB	742.2 MB	7.8 GB	99.9%	1.3%	1.3 GB	73.2 MB
2562	e7/228475	BGC_ANALYSIS:ANTISMASH_ANALYSIS:ANTISMASH (Pantoea_ananatis_NFIX48)	COMPLETED	0	2026-08-29 03:47:34.758	2026-08-29 03:47:34.856	2026-08-29 03:48:28.091	51.3s	2	6 GB	4.7 GB	7.7 GB	110.9%	5.6%	9.7 GB	56.6 MB
2554	50/11e456	BGC_ANALYSIS:ANTISMASH_ANALYSIS:ANTISMASH (Pantoea_agglomerans_CFBP9288)	COMPLETED	0	2026-08-29 03:48:04.639	2026-08-29 03:48:04.735	2026-08-29 03:48:30.361	23.5s	2	6 GB	629.1 MB	7.9 GB	125.5%	1.0%	874.7 MB	46.6 MB
2571	83/087a6c	BGC_ANALYSIS:ANTISMASH_ANALYSIS:ANTISMASH (Pantoea_dispersa_WZ-008)	COMPLETED	0	2026-08-29 03:47:58.575	2026-08-29 03:47:58.670	2026-08-29 03:48:34.525	33.8s	2	6 GB	759.9 MB	7.8 GB	96.3%	1.3%	1.3 GB	74 MB
2573	4f/2b5581	BGC_ANALYSIS:ANTISMASH_ANALYSIS:ANTISMASH (Pantoea_sp._Ae19-2)	COMPLETED	0	2026-08-29 03:48:12.635	2026-08-29 03:48:12.731	2026-08-29 03:48:38.228	23.5s	2	6 GB	835.6 MB	7.8 GB	123.3%	1.4%	986.9 MB	65.8 MB
2556	7b/556941	BGC_ANALYSIS:ANTISMASH_ANALYSIS:ANTISMASH (Pantoea_agglomerans_GR13)	COMPLETED	0	2026-08-29 03:48:22.317	2026-08-29 03:48:22.413	2026-08-29 03:48:45.026	20.4s	2	6 GB	721.3 MB	7.8 GB	118.9%	1.2%	842.6 MB	52.2 MB
2563	79/8be3d5	BGC_ANALYSIS:ANTISMASH_ANALYSIS:ANTISMASH (Pantoea_ananatis_NFR11)	COMPLETED	0	2026-08-29 03:47:33.699	2026-08-29 03:47:33.796	2026-08-29 03:48:46.291	1m 11s	2	6 GB	4.7 GB	7.7 GB	121.8%	7.7%	20.4 GB	60.4 MB
2553	ff/03ed49	BGC_ANALYSIS:ANTISMASH_ANALYSIS:ANTISMASH (Pantoea_agglomerans_CFBP9280)	COMPLETED	0	2026-08-29 03:48:22.477	2026-08-29 03:48:22.574	2026-08-29 03:48:46.517	21.7s	2	6 GB	619.4 MB	7.8 GB	125.8%	1.1%	796.4 MB	43.1 MB
2579	a9/a94dfe	BGC_ANALYSIS:ANTISMASH_ANALYSIS:ANTISMASH (Pantoea_sp._X-Soil-ISGK-355)	COMPLETED	0	2026-08-29 03:48:28.095	2026-08-29 03:48:28.191	2026-08-29 03:48:50.619	20.3s	2	6 GB	800.7 MB	7.8 GB	129.5%	1.3%	890.5 MB	57 MB
2558	f3/e33ddc	BGC_ANALYSIS:ANTISMASH_ANALYSIS:ANTISMASH (Pantoea_agglomerans_NI-6)	COMPLETED	0	2026-08-29 03:48:38.232	2026-08-29 03:48:38.328	2026-08-29 03:49:00.991	20.5s	2	6 GB	780.4 MB	7.8 GB	126.6%	1.3%	826.8 MB	58.6 MB
2561	79/0fc019	BGC_ANALYSIS:ANTISMASH_ANALYSIS:ANTISMASH (Pantoea_ananatis_KB2A)	COMPLETED	0	2026-08-29 03:48:30.364	2026-08-29 03:48:30.462	2026-08-29 03:49:03.629	31.1s	2	6 GB	726.2 MB	7.8 GB	97.1%	1.3%	1.2 GB	69.2 MB
2565	ad/e26684	BGC_ANALYSIS:ANTISMASH_ANALYSIS:ANTISMASH (Pantoea_anthophila_Lm-2025-w)	COMPLETED	0	2026-08-29 03:48:45.031	2026-08-29 03:48:45.127	2026-08-29 03:49:05.740	18.7s	2	6 GB	758.2 MB	7.8 GB	127.1%	1.3%	772.3 MB	48.5 MB
2568	39/7a2688	BGC_ANALYSIS:ANTISMASH_ANALYSIS:ANTISMASH (Pantoea_dispersa_1611)	COMPLETED	0	2026-08-29 03:48:46.521	2026-08-29 03:48:46.618	2026-08-29 03:49:09.652	21s	2	6 GB	785.2 MB	7.8 GB	128.9%	1.3%	865.4 MB	57.5 MB
2566	fb/e24a01	BGC_ANALYSIS:ANTISMASH_ANALYSIS:ANTISMASH (Pantoea_anthophila_Lm-2025-y)	COMPLETED	0	2026-08-29 03:49:00.994	2026-08-29 03:49:01.091	2026-08-29 03:49:23.838	20.6s	2	6 GB	730.3 MB	7.8 GB	126.8%	1.1%	848.4 MB	53.8 MB
2582	8c/f0092b	BGC_ANALYSIS:ANTISMASH_ANALYSIS:ANTISMASH (Pantoea_sp._X-Soil-MYKO-1785)	COMPLETED	0	2026-08-29 03:49:05.744	2026-08-29 03:49:05.840	2026-08-29 03:49:28.984	21.1s	2	6 GB	800.1 MB	7.8 GB	126.3%	1.3%	911.1 MB	60.5 MB
2572	cb/5b174e	BGC_ANALYSIS:ANTISMASH_ANALYSIS:ANTISMASH (Pantoea_eucalypti_NFPP29)	COMPLETED	0	2026-08-29 03:49:03.633	2026-08-29 03:49:03.730	2026-08-29 03:49:29.246	23.5s	2	6 GB	654.5 MB	7.7 GB	98.2%	1.0%	958.2 MB	52.5 MB
2559	f7/903ec7	BGC_ANALYSIS:ANTISMASH_ANALYSIS:ANTISMASH (Pantoea_agglomerans_PK91_bin.39)	COMPLETED	0	2026-08-29 03:48:16.922	2026-08-29 03:48:17.019	2026-08-29 03:49:34.632	1m 16s	2	6 GB	514 MB	7.7 GB	106.0%	0.8%	3.7 GB	112.2 MB
2564	af/877763	BGC_ANALYSIS:ANTISMASH_ANALYSIS:ANTISMASH (Pantoea_ananatis_RP1)	COMPLETED	0	2026-08-29 03:48:46.294	2026-08-29 03:48:46.390	2026-08-29 03:49:36.152	47.8s	2	6 GB	4.6 GB	7.5 GB	125.2%	5.3%	9.8 GB	32.7 MB
2560	24/29f7b1	BGC_ANALYSIS:ANTISMASH_ANALYSIS:ANTISMASH (Pantoea_allii_KB4)	COMPLETED	0	2026-08-29 03:48:34.528	2026-08-29 03:48:34.626	2026-08-29 03:49:37.548	1m 1s	2	6 GB	4.8 GB	7.8 GB	109.6%	6.6%	11.5 GB	76.8 MB
2569	1a/aed7de	BGC_ANALYSIS:ANTISMASH_ANALYSIS:ANTISMASH (Pantoea_dispersa_HPB_9127)	COMPLETED	0	2026-08-29 03:48:50.623	2026-08-29 03:48:50.719	2026-08-29 03:49:42.791	50s	2	6 GB	679.1 MB	7.8 GB	96.6%	1.2%	2.4 GB	98.6 MB
2570	01/e1c36d	BGC_ANALYSIS:ANTISMASH_ANALYSIS:ANTISMASH (Pantoea_dispersa_WZ-007)	COMPLETED	0	2026-08-29 03:49:09.656	2026-08-29 03:49:09.752	2026-08-29 03:49:44.972	33s	2	6 GB	701.8 MB	7.8 GB	97.4%	1.2%	1.4 GB	74.6 MB
2584	bd/ace1a9	BGC_ANALYSIS:ANTISMASH_ANALYSIS:ANTISMASH (Pantoea_sp._X-Soil-OKNW-713)	COMPLETED	0	2026-08-29 03:49:23.841	2026-08-29 03:49:23.938	2026-08-29 03:49:49.611	23.8s	2	6 GB	830.2 MB	7.8 GB	128.2%	1.4%	1011 MB	66.9 MB
2578	2f/bf3168	BGC_ANALYSIS:ANTISMASH_ANALYSIS:ANTISMASH (Pantoea_sp._X-Soil-ISGK-313)	COMPLETED	0	2026-08-29 03:49:28.988	2026-08-29 03:49:29.084	2026-08-29 03:49:51.659	20.5s	2	6 GB	785.1 MB	7.8 GB	130.1%	1.3%	854 MB	55.5 MB
2589	ad/99be79	BGC_ANALYSIS:ANTISMASH_ANALYSIS:ANTISMASH (Pantoea_sp._X-Soil-YNGN-775)	COMPLETED	0	2026-08-29 03:49:29.249	2026-08-29 03:49:29.346	2026-08-29 03:49:52.567	21.2s	2	6 GB	760.9 MB	7.8 GB	129.6%	1.3%	875.6 MB	58.4 MB
2588	01/a81d81	BGC_ANALYSIS:ANTISMASH_ANALYSIS:ANTISMASH (Pantoea_sp._X-Soil-TKNS-1280)	COMPLETED	0	2026-08-29 03:49:34.634	2026-08-29 03:49:34.732	2026-08-29 03:50:03.183	26.4s	2	6 GB	861.3 MB	7.9 GB	123.2%	1.4%	1.1 GB	72.6 MB
2574	61/95957f	BGC_ANALYSIS:ANTISMASH_ANALYSIS:ANTISMASH (Pantoea_sp._GQ186)	COMPLETED	0	2026-08-29 03:49:36.156	2026-08-29 03:49:36.252	2026-08-29 03:50:04.071	25.8s	2	6 GB	659 MB	7.7 GB	101.1%	1.1%	1.1 GB	59.4 MB
2575	1c/d854ba	BGC_ANALYSIS:ANTISMASH_ANALYSIS:ANTISMASH (Pantoea_sp._X-Soil-ISGK-259)	COMPLETED	0	2026-08-29 03:49:44.975	2026-08-29 03:49:45.072	2026-08-29 03:50:07.214	19.9s	2	6 GB	787.3 MB	7.8 GB	128.8%	1.3%	846.5 MB	55.2 MB
2576	f7/4d2616	BGC_ANALYSIS:ANTISMASH_ANALYSIS:ANTISMASH (Pantoea_sp._X-Soil-ISGK-275)	COMPLETED	0	2026-08-29 03:49:42.796	2026-08-29 03:49:42.891	2026-08-29 03:50:07.333	22.1s	2	6 GB	811.2 MB	7.8 GB	123.3%	1.4%	899.5 MB	59.6 MB
2577	b4/0b9603	BGC_ANALYSIS:ANTISMASH_ANALYSIS:ANTISMASH (Pantoea_sp._X-Soil-ISGK-285)	COMPLETED	0	2026-08-29 03:49:49.615	2026-08-29 03:49:49.711	2026-08-29 03:50:13.182	21.5s	2	6 GB	813.3 MB	7.8 GB	125.3%	1.3%	857.1 MB	55.9 MB
2592	bb/ebb195	BGC_ANALYSIS:ANTISMASH_ANALYSIS:ANTISMASH (Pantoea_sp._YR525)	COMPLETED	0	2026-08-29 03:49:37.551	2026-08-29 03:49:37.649	2026-08-29 03:50:14.773	35s	2	6 GB	690.1 MB	7.7 GB	93.8%	1.1%	1.4 GB	68.9 MB
2580	d9/f155d5	BGC_ANALYSIS:ANTISMASH_ANALYSIS:ANTISMASH (Pantoea_sp._X-Soil-ISGK-421)	COMPLETED	0	2026-08-29 03:49:51.662	2026-08-29 03:49:51.759	2026-08-29 03:50:15.778	22s	2	6 GB	805.9 MB	7.8 GB	127.4%	1.3%	879.2 MB	58.2 MB
2583	87/176b95	BGC_ANALYSIS:ANTISMASH_ANALYSIS:ANTISMASH (Pantoea_sp._X-Soil-OKNW-556)	COMPLETED	0	2026-08-29 03:49:52.571	2026-08-29 03:49:52.667	2026-08-29 03:50:20.169	25.5s	2	6 GB	837.9 MB	7.9 GB	124.4%	1.4%	1 GB	69.4 MB
2593	9f/973edf	BGC_ANALYSIS:ANTISMASH_ANALYSIS:ANTISMASH (Pantoea_vagans_OT42024)	COMPLETED	0	2026-08-29 03:50:04.075	2026-08-29 03:50:04.171	2026-08-29 03:50:28.505	22.3s	2	6 GB	838.2 MB	7.9 GB	123.2%	1.4%	930.6 MB	65.3 MB
2581	a8/0e7248	BGC_ANALYSIS:ANTISMASH_ANALYSIS:ANTISMASH (Pantoea_sp._X-Soil-MYKO-1289)	COMPLETED	0	2026-08-29 03:50:07.217	2026-08-29 03:50:07.314	2026-08-29 03:50:30.424	21.1s	2	6 GB	801.1 MB	7.8 GB	126.3%	1.3%	845.9 MB	55.7 MB
2585	49/34a827	BGC_ANALYSIS:ANTISMASH_ANALYSIS:ANTISMASH (Pantoea_sp._X-Soil-TKNS-1207)	COMPLETED	0	2026-08-29 03:50:03.187	2026-08-29 03:50:03.284	2026-08-29 03:50:31.251	25.9s	2	6 GB	859.3 MB	7.9 GB	126.5%	1.4%	1003.7 MB	67.2 MB
2594	99/f1886a	BGC_ANALYSIS:ANTISMASH_ANALYSIS:ANTISMASH (Rosenbergiella_nectarea_8N4)	COMPLETED	0	2026-08-29 03:50:07.337	2026-08-29 03:50:07.433	2026-08-29 03:50:36.928	27.4s	2	6 GB	576.4 MB	7.7 GB	93.4%	1.0%	1.1 GB	49.7 MB
2590	cc/db1eb2	BGC_ANALYSIS:ANTISMASH_ANALYSIS:ANTISMASH (Pantoea_sp._X-Soil-YNGN-785)	COMPLETED	0	2026-08-29 03:50:15.781	2026-08-29 03:50:15.878	2026-08-29 03:50:38.993	21s	2	6 GB	759 MB	7.8 GB	128.7%	1.2%	833.2 MB	55.1 MB
2586	5d/264b46	BGC_ANALYSIS:ANTISMASH_ANALYSIS:ANTISMASH (Pantoea_sp._X-Soil-TKNS-1211)	COMPLETED	0	2026-08-29 03:50:13.186	2026-08-29 03:50:13.282	2026-08-29 03:50:42.423	27.1s	2	6 GB	862.9 MB	7.9 GB	125.2%	1.5%	1 GB	71.2 MB
2587	5c/9d5405	BGC_ANALYSIS:ANTISMASH_ANALYSIS:ANTISMASH (Pantoea_sp._X-Soil-TKNS-1279)	COMPLETED	0	2026-08-29 03:50:14.777	2026-08-29 03:50:14.873	2026-08-29 03:50:42.830	25.8s	2	6 GB	852.2 MB	7.9 GB	125.7%	1.5%	1013.9 MB	67 MB
2591	c5/1a5833	BGC_ANALYSIS:ANTISMASH_ANALYSIS:ANTISMASH (Pantoea_sp._X-Soil-YNGN-844)	COMPLETED	0	2026-08-29 03:50:20.173	2026-08-29 03:50:20.270	2026-08-29 03:50:43.027	20.4s	2	6 GB	767.4 MB	7.8 GB	126.7%	1.3%	854 MB	55.2 MB
2595	81/39d915	BGC_ANALYSIS:ANTISMASH_ANALYSIS:ANTISMASH (Candidatus_Pantoea_communis_C11D8)	COMPLETED	0	2026-08-29 03:50:28.510	2026-08-29 03:50:28.605	2026-08-29 03:50:54.722	24s	2	6 GB	824.7 MB	7.8 GB	122.0%	1.4%	937.5 MB	67.1 MB
2600	51/902022	BGC_ANALYSIS:ANTISMASH_ANALYSIS:ANTISMASH (Candidatus_Pantoea_communis_C8E12)	COMPLETED	0	2026-08-29 03:50:30.427	2026-08-29 03:50:30.524	2026-08-29 03:50:55.836	23.2s	2	6 GB	846.8 MB	7.9 GB	122.8%	1.4%	912.4 MB	66.2 MB
2598	46/0cb719	BGC_ANALYSIS:ANTISMASH_ANALYSIS:ANTISMASH (Candidatus_Pantoea_communis_C1H9)	COMPLETED	0	2026-08-29 03:50:31.254	2026-08-29 03:50:31.352	2026-08-29 03:50:58.505	25s	2	6 GB	859.2 MB	7.9 GB	126.7%	1.4%	973.5 MB	70.3 MB
2596	8c/01f7b8	BGC_ANALYSIS:ANTISMASH_ANALYSIS:ANTISMASH (Candidatus_Pantoea_communis_C11G1)	COMPLETED	0	2026-08-29 03:50:36.931	2026-08-29 03:50:37.028	2026-08-29 03:51:02.083	22.9s	2	6 GB	826.7 MB	7.8 GB	123.6%	1.3%	904.1 MB	65.4 MB
2599	6d/a495aa	BGC_ANALYSIS:ANTISMASH_ANALYSIS:ANTISMASH (Candidatus_Pantoea_communis_C3A8)	COMPLETED	0	2026-08-29 03:50:38.996	2026-08-29 03:50:39.093	2026-08-29 03:51:05.303	24.2s	2	6 GB	850 MB	7.9 GB	124.7%	1.4%	968.2 MB	68.5 MB
2602	a5/137bf8	BGC_ANALYSIS:ANTISMASH_ANALYSIS:ANTISMASH (Candidatus_Pantoea_symbiotica_C8G10)	COMPLETED	0	2026-08-29 03:50:43.032	2026-08-29 03:50:43.127	2026-08-29 03:51:09.130	23.8s	2	6 GB	837.2 MB	7.8 GB	122.3%	1.3%	925.6 MB	66.4 MB
2608	72/76673f	BGC_ANALYSIS:ANTISMASH_ANALYSIS:ANTISMASH (Erwinia_mallotivora_Goto_AM-5)	COMPLETED	0	2026-08-29 03:50:42.834	2026-08-29 03:50:42.930	2026-08-29 03:51:10.602	25.6s	2	6 GB	761.5 MB	7.8 GB	106.1%	1.3%	992 MB	63.9 MB
2611	8b/822cc9	BGC_ANALYSIS:ANTISMASH_ANALYSIS:ANTISMASH (Erwinia_papayae_CFBP_5300)	COMPLETED	0	2026-08-29 03:50:42.427	2026-08-29 03:50:42.523	2026-08-29 03:51:14.118	29.5s	2	6 GB	845.1 MB	7.9 GB	113.7%	1.4%	1.1 GB	72.9 MB
2617	a2/946da2	BGC_ANALYSIS:ANTISMASH_ANALYSIS:ANTISMASH (Erwinia_sp._AK-PDG3-5)	COMPLETED	0	2026-08-29 03:50:55.840	2026-08-29 03:50:55.937	2026-08-29 03:51:14.919	16.9s	2	6 GB	667.3 MB	7.4 GB	136.2%	1.1%	775.5 MB	36.2 MB
2597	83/449ebd	BGC_ANALYSIS:ANTISMASH_ANALYSIS:ANTISMASH (Candidatus_Pantoea_communis_C1H5)	COMPLETED	0	2026-08-29 03:51:02.086	2026-08-29 03:51:02.183	2026-08-29 03:51:28.731	24.3s	2	6 GB	850.8 MB	7.9 GB	127.8%	1.4%	951.5 MB	69.9 MB
2613	f2/7fdbc4	BGC_ANALYSIS:ANTISMASH_ANALYSIS:ANTISMASH (Erwinia_papayae_JT019)	COMPLETED	0	2026-08-29 03:50:54.725	2026-08-29 03:50:54.822	2026-08-29 03:51:30.436	33.5s	2	6 GB	683.8 MB	7.7 GB	95.2%	1.2%	1.3 GB	73.6 MB
2609	56/30f460	BGC_ANALYSIS:ANTISMASH_ANALYSIS:ANTISMASH (Erwinia_papayae_ACC126)	COMPLETED	0	2026-08-29 03:51:10.606	2026-08-29 03:51:10.702	2026-08-29 03:51:36.100	23.2s	2	6 GB	815.7 MB	7.8 GB	125.2%	1.3%	979.9 MB	66 MB
2607	cd/2cd40e	BGC_ANALYSIS:ANTISMASH_ANALYSIS:ANTISMASH (Erwinia_mallotivora_Goto_AM-2)	COMPLETED	0	2026-08-29 03:51:09.134	2026-08-29 03:51:09.230	2026-08-29 03:51:38.103	26.8s	2	6 GB	871.7 MB	7.9 GB	124.9%	1.4%	1.2 GB	71.4 MB
2604	80/a12ba2	BGC_ANALYSIS:ANTISMASH_ANALYSIS:ANTISMASH (Erwinia_billingiae_AC7)	COMPLETED	0	2026-08-29 03:51:14.122	2026-08-29 03:51:14.218	2026-08-29 03:51:42.035	25.7s	2	6 GB	836.9 MB	7.8 GB	114.3%	1.3%	1 GB	69.1 MB
2620	5c/7ce32d	BGC_ANALYSIS:ANTISMASH_ANALYSIS:ANTISMASH (Erwinia_typographi_CA1A)	COMPLETED	0	2026-08-29 03:51:05.308	2026-08-29 03:51:05.403	2026-08-29 03:51:46.986	39.4s	2	6 GB	812 MB	7.8 GB	92.8%	1.3%	1.6 GB	83.3 MB
2606	17/15bf37	BGC_ANALYSIS:ANTISMASH_ANALYSIS:ANTISMASH (Erwinia_billingiae__127)	COMPLETED	0	2026-08-29 03:51:14.922	2026-08-29 03:51:15.020	2026-08-29 03:51:47.972	30.9s	2	6 GB	743.4 MB	7.8 GB	101.8%	1.2%	1.3 GB	70.6 MB
2621	5b/5f1ab0	BGC_ANALYSIS:ANTISMASH_ANALYSIS:ANTISMASH (Pantoea_agglomerans_1L-A-1-B-C3)	COMPLETED	0	2026-08-29 03:51:28.735	2026-08-29 03:51:28.831	2026-08-29 03:51:57.096	26.2s	2	6 GB	726 MB	7.8 GB	97.3%	1.3%	1 GB	60.5 MB
2622	a8/455ba7	BGC_ANALYSIS:ANTISMASH_ANALYSIS:ANTISMASH (Pantoea_agglomerans_1L-A-1-B-C4)	COMPLETED	0	2026-08-29 03:51:30.440	2026-08-29 03:51:30.536	2026-08-29 03:51:58.532	26s	2	6 GB	716 MB	7.8 GB	98.5%	1.3%	1 GB	60.4 MB
2616	b3/0017a2	BGC_ANALYSIS:ANTISMASH_ANALYSIS:ANTISMASH (Erwinia_sp._2186)	COMPLETED	0	2026-08-29 03:51:36.103	2026-08-29 03:51:36.200	2026-08-29 03:51:58.629	20.3s	2	6 GB	878 MB	7.9 GB	136.0%	1.4%	885.9 MB	63.2 MB
2627	91/ee99bd	BGC_ANALYSIS:ANTISMASH_ANALYSIS:ANTISMASH (Pantoea_agglomerans_F14_MAG_3)	COMPLETED	0	2026-08-29 03:51:42.039	2026-08-29 03:51:42.135	2026-08-29 03:51:58.979	14.8s	2	6 GB	599.7 MB	7.3 GB	137.3%	1.1%	674 MB	30.4 MB
2625	db/47ba11	BGC_ANALYSIS:ANTISMASH_ANALYSIS:ANTISMASH (Pantoea_agglomerans_1L-D-1-B-C1)	COMPLETED	0	2026-08-29 03:51:38.107	2026-08-29 03:51:38.203	2026-08-29 03:52:04.489	24.2s	2	6 GB	717.6 MB	7.8 GB	103.5%	1.2%	980.1 MB	59.7 MB
2612	c4/8f4150	BGC_ANALYSIS:ANTISMASH_ANALYSIS:ANTISMASH (Erwinia_papayae_CFBP_6529)	COMPLETED	0	2026-08-29 03:51:47.975	2026-08-29 03:51:48.073	2026-08-29 03:52:18.739	28.6s	2	6 GB	787.5 MB	7.8 GB	120.0%	1.3%	1.1 GB	73.8 MB
2631	43/f21131	BGC_ANALYSIS:ANTISMASH_ANALYSIS:ANTISMASH (Pantoea_agglomerans_KH_008)	COMPLETED	0	2026-08-29 03:51:58.632	2026-08-29 03:51:58.730	2026-08-29 03:52:22.665	22s	2	6 GB	797.1 MB	7.8 GB	126.8%	1.4%	904.5 MB	63.3 MB
2628	35/ad7bf9	BGC_ANALYSIS:ANTISMASH_ANALYSIS:ANTISMASH (Pantoea_agglomerans_GL_116)	COMPLETED	0	2026-08-29 03:51:58.534	2026-08-29 03:51:58.629	2026-08-29 03:52:22.985	22.5s	2	6 GB	824.5 MB	7.8 GB	126.9%	1.3%	870.4 MB	61.2 MB
2619	6c/5cee8a	BGC_ANALYSIS:ANTISMASH_ANALYSIS:ANTISMASH (Erwinia_typographi_AC8)	COMPLETED	0	2026-08-29 03:51:46.990	2026-08-29 03:51:47.086	2026-08-29 03:52:28.003	38.9s	2	6 GB	762.2 MB	7.8 GB	94.3%	1.3%	1.7 GB	82.7 MB
2630	e0/9bbd0f	BGC_ANALYSIS:ANTISMASH_ANALYSIS:ANTISMASH (Pantoea_agglomerans_HROM_Genome_4923)	COMPLETED	0	2026-08-29 03:51:57.100	2026-08-29 03:51:57.196	2026-08-29 03:52:32.159	33s	2	6 GB	504.1 MB	7.8 GB	101.8%	0.8%	1.3 GB	57.7 MB
2603	c1/2e6799	BGC_ANALYSIS:ANTISMASH_ANALYSIS:ANTISMASH (Erwinia_aphidicola_MTU21_ERW-16)	COMPLETED	0	2026-08-29 03:52:04.493	2026-08-29 03:52:04.590	2026-08-29 03:52:39.846	33s	2	6 GB	497.9 MB	7.8 GB	104.7%	0.7%	1.2 GB	54.3 MB
2610	52/c9feba	BGC_ANALYSIS:ANTISMASH_ANALYSIS:ANTISMASH (Erwinia_papayae_CFBP_5292)	COMPLETED	0	2026-08-29 03:52:18.742	2026-08-29 03:52:18.839	2026-08-29 03:52:40.733	20s	2	6 GB	798.1 MB	7.8 GB	132.9%	1.3%	785 MB	55.8 MB
2615	18/3776ba	BGC_ANALYSIS:ANTISMASH_ANALYSIS:ANTISMASH (Erwinia_sp._009765445)	COMPLETED	0	2026-08-29 03:51:58.981	2026-08-29 03:51:59.079	2026-08-29 03:52:43.854	42.9s	2	6 GB	773.9 MB	7.8 GB	94.1%	1.3%	1.8 GB	87.1 MB
2640	f1/398fb3	BGC_ANALYSIS:ANTISMASH_ANALYSIS:ANTISMASH (Pantoea_ananatis_JEL0890)	COMPLETED	0	2026-08-29 03:52:22.988	2026-08-29 03:52:23.085	2026-08-29 03:52:45.234	20.3s	2	6 GB	856.2 MB	7.9 GB	129.8%	1.4%	854.8 MB	61.3 MB
2601	ff/d2cd4b	BGC_ANALYSIS:ANTISMASH_ANALYSIS:ANTISMASH (Candidatus_Pantoea_communis_C9B8)	COMPLETED	0	2026-08-29 03:52:22.668	2026-08-29 03:52:22.765	2026-08-29 03:52:50.068	25.4s	2	6 GB	854.8 MB	7.9 GB	127.8%	1.4%	968.6 MB	69.7 MB
2618	9a/428de9	BGC_ANALYSIS:ANTISMASH_ANALYSIS:ANTISMASH (Erwinia_sp._JUb26_KH_042)	COMPLETED	0	2026-08-29 03:52:28.006	2026-08-29 03:52:28.103	2026-08-29 03:52:53.618	23.4s	2	6 GB	877.7 MB	7.9 GB	131.2%	1.4%	897.1 MB	66.4 MB
2614	42/31e8af	BGC_ANALYSIS:ANTISMASH_ANALYSIS:ANTISMASH (Erwinia_persicina_P4.1)	COMPLETED	0	2026-08-29 03:52:32.163	2026-08-29 03:52:32.259	2026-08-29 03:52:55.735	21.4s	2	6 GB	841.3 MB	7.9 GB	130.5%	1.4%	820.3 MB	59.1 MB
2626	2f/bdb553	BGC_ANALYSIS:ANTISMASH_ANALYSIS:ANTISMASH (Pantoea_agglomerans_BIM_B-2215)	COMPLETED	0	2026-08-29 03:52:45.238	2026-08-29 03:52:45.334	2026-08-29 03:53:09.128	21.7s	2	6 GB	784 MB	7.8 GB	128.5%	1.3%	862.6 MB	60.7 MB
2639	ac/9d8899	BGC_ANALYSIS:ANTISMASH_ANALYSIS:ANTISMASH (Pantoea_ananatis_JEL0889)	COMPLETED	0	2026-08-29 03:52:50.071	2026-08-29 03:52:50.168	2026-08-29 03:53:10.876	18.7s	2	6 GB	855.8 MB	7.9 GB	123.0%	1.3%	741.2 MB	60.3 MB
2624	1c/1e31ce	BGC_ANALYSIS:ANTISMASH_ANALYSIS:ANTISMASH (Pantoea_agglomerans_1L-A-7-B-C4)	COMPLETED	0	2026-08-29 03:52:40.736	2026-08-29 03:52:40.833	2026-08-29 03:53:11.471	28.5s	2	6 GB	704.1 MB	7.8 GB	98.6%	1.2%	1.1 GB	64.2 MB
2605	8a/83df95	BGC_ANALYSIS:ANTISMASH_ANALYSIS:ANTISMASH (Erwinia_billingiae_MEGAHIT-MaxBin2-AKF.240)	COMPLETED	0	2026-08-29 03:50:58.509	2026-08-29 03:50:58.605	2026-08-29 03:53:14.309	2m 14s	2	6 GB	476.7 MB	7.6 GB	108.1%	0.7%	7 GB	192 MB
2623	97/e268e3	BGC_ANALYSIS:ANTISMASH_ANALYSIS:ANTISMASH (Pantoea_agglomerans_1L-A-7-B-C3)	COMPLETED	0	2026-08-29 03:52:53.621	2026-08-29 03:52:53.718	2026-08-29 03:53:24.677	28.9s	2	6 GB	751.6 MB	7.8 GB	97.3%	1.3%	1.1 GB	64.7 MB
2642	0a/59fc78	BGC_ANALYSIS:ANTISMASH_ANALYSIS:ANTISMASH (Pantoea_ananatis_JEL0892)	COMPLETED	0	2026-08-29 03:52:43.857	2026-08-29 03:52:43.955	2026-08-29 03:53:32.676	46.7s	2	6 GB	4.7 GB	7.8 GB	125.3%	5.7%	9.4 GB	59.2 MB
2643	82/10486c	BGC_ANALYSIS:ANTISMASH_ANALYSIS:ANTISMASH (Pantoea_ananatis_JEL0893)	COMPLETED	0	2026-08-29 03:53:10.880	2026-08-29 03:53:10.976	2026-08-29 03:53:34.514	21.6s	2	6 GB	726.3 MB	7.8 GB	114.9%	1.3%	936.4 MB	63 MB
2641	4f/7c3092	BGC_ANALYSIS:ANTISMASH_ANALYSIS:ANTISMASH (Pantoea_ananatis_JEL0891)	COMPLETED	0	2026-08-29 03:52:39.849	2026-08-29 03:52:39.946	2026-08-29 03:53:34.602	52.5s	2	6 GB	4.8 GB	7.8 GB	117.6%	7.9%	9.7 GB	69.5 MB
2629	0e/43e86b	BGC_ANALYSIS:ANTISMASH_ANALYSIS:ANTISMASH (Pantoea_agglomerans_GMG1201)	COMPLETED	0	2026-08-29 03:52:55.742	2026-08-29 03:52:55.835	2026-08-29 03:53:37.105	39.2s	2	6 GB	696.5 MB	7.8 GB	95.6%	1.3%	1.7 GB	81.3 MB
2632	67/00e618	BGC_ANALYSIS:ANTISMASH_ANALYSIS:ANTISMASH (Pantoea_agglomerans_KH_036)	COMPLETED	0	2026-08-29 03:53:14.313	2026-08-29 03:53:14.409	2026-08-29 03:53:37.380	21.1s	2	6 GB	827 MB	7.8 GB	128.3%	1.3%	861.7 MB	60.7 MB
2634	e0/202546	BGC_ANALYSIS:ANTISMASH_ANALYSIS:ANTISMASH (Pantoea_agglomerans_PME40.26_002)	COMPLETED	0	2026-08-29 03:53:09.132	2026-08-29 03:53:09.228	2026-08-29 03:53:40.598	29.5s	2	6 GB	718.8 MB	7.8 GB	93.0%	1.3%	1.2 GB	67.8 MB
2645	d4/e52d90	BGC_ANALYSIS:ANTISMASH_ANALYSIS:ANTISMASH (Pantoea_ananatis_NSTU_AG_1)	COMPLETED	0	2026-08-29 03:53:11.474	2026-08-29 03:53:11.571	2026-08-29 03:53:48.748	35.4s	2	6 GB	487.7 MB	7.8 GB	99.7%	0.7%	1.5 GB	59 MB
2636	ff/7478fb	BGC_ANALYSIS:ANTISMASH_ANALYSIS:ANTISMASH (Pantoea_allii_KH_010)	COMPLETED	0	2026-08-29 03:53:24.680	2026-08-29 03:53:24.777	2026-08-29 03:53:49.445	22.6s	2	6 GB	874.1 MB	7.9 GB	127.7%	1.5%	930.7 MB	65.6 MB
2635	b5/2a2e5f	BGC_ANALYSIS:ANTISMASH_ANALYSIS:ANTISMASH (Pantoea_agglomerans__133)	COMPLETED	0	2026-08-29 03:53:34.605	2026-08-29 03:53:34.702	2026-08-29 03:54:04.758	28.1s	2	6 GB	742.4 MB	7.8 GB	97.6%	1.2%	1.1 GB	65.5 MB
2633	8a/72f6fe	BGC_ANALYSIS:ANTISMASH_ANALYSIS:ANTISMASH (Pantoea_agglomerans_PME37.24_025)	COMPLETED	0	2026-08-29 03:53:32.679	2026-08-29 03:53:32.777	2026-08-29 03:54:05.486	30.8s	2	6 GB	739.4 MB	7.8 GB	95.6%	1.3%	1.3 GB	70.2 MB
2644	b4/fca984	BGC_ANALYSIS:ANTISMASH_ANALYSIS:ANTISMASH (Pantoea_ananatis_NMPA19)	COMPLETED	0	2026-08-29 03:53:37.115	2026-08-29 03:53:37.205	2026-08-29 03:54:08.896	29.7s	2	6 GB	728.5 MB	7.8 GB	99.6%	1.2%	1.2 GB	68.6 MB
2647	b1/ba650e	BGC_ANALYSIS:ANTISMASH_ANALYSIS:ANTISMASH (Pantoea_ananatis_NSTU_AG_4)	COMPLETED	0	2026-08-29 03:53:34.518	2026-08-29 03:53:34.602	2026-08-29 03:54:09.751	33.2s	2	6 GB	498.2 MB	7.7 GB	102.4%	0.8%	1.4 GB	56.6 MB
2638	74/04efcb	BGC_ANALYSIS:ANTISMASH_ANALYSIS:ANTISMASH (Pantoea_ananatis_AR358)	COMPLETED	0	2026-08-29 03:53:48.751	2026-08-29 03:53:48.849	2026-08-29 03:54:12.124	21.2s	2	6 GB	836.7 MB	7.9 GB	130.8%	1.4%	879.4 MB	62.1 MB
2656	83/cf0eeb	BGC_ANALYSIS:ANTISMASH_ANALYSIS:ANTISMASH (Pantoea_anthophila_75_bin.2)	COMPLETED	0	2026-08-29 03:53:40.601	2026-08-29 03:53:40.699	2026-08-29 03:54:15.216	32.3s	2	6 GB	681.6 MB	7.7 GB	96.8%	1.2%	1.3 GB	71.1 MB
2657	0e/87a5bd	BGC_ANALYSIS:ANTISMASH_ANALYSIS:ANTISMASH (Pantoea_anthophila__90)	COMPLETED	0	2026-08-29 03:54:04.762	2026-08-29 03:54:04.858	2026-08-29 03:54:32.592	25.6s	2	6 GB	740.5 MB	7.8 GB	105.9%	1.2%	1.1 GB	63.6 MB
2649	86/c069c5	BGC_ANALYSIS:ANTISMASH_ANALYSIS:ANTISMASH (Pantoea_ananatis_PP088)	COMPLETED	0	2026-08-29 03:54:15.221	2026-08-29 03:54:15.317	2026-08-29 03:54:37.388	20.1s	2	6 GB	855.7 MB	7.9 GB	126.8%	1.4%	861.1 MB	61.9 MB
2655	ae/8bf9d4	BGC_ANALYSIS:ANTISMASH_ANALYSIS:ANTISMASH (Pantoea_ananatis_SK-1)	COMPLETED	0	2026-08-29 03:53:37.383	2026-08-29 03:53:37.480	2026-08-29 03:54:38.272	58.8s	2	6 GB	4.8 GB	7.9 GB	129.5%	5.3%	18.3 GB	62.4 MB
2646	2e/a3f0f1	BGC_ANALYSIS:ANTISMASH_ANALYSIS:ANTISMASH (Pantoea_ananatis_NSTU_AG_3)	COMPLETED	0	2026-08-29 03:54:05.490	2026-08-29 03:54:05.586	2026-08-29 03:54:38.311	30.5s	2	6 GB	495.8 MB	7.7 GB	101.1%	0.8%	1.3 GB	53.1 MB
2637	c8/8b7f7e	BGC_ANALYSIS:ANTISMASH_ANALYSIS:ANTISMASH (Pantoea_ananatis_31npA-Arg1)	COMPLETED	0	2026-08-29 03:53:49.449	2026-08-29 03:53:49.546	2026-08-29 03:54:39.047	47.4s	2	6 GB	4.8 GB	7.9 GB	125.0%	6.3%	9.5 GB	62.5 MB
2648	a0/a27db8	BGC_ANALYSIS:ANTISMASH_ANALYSIS:ANTISMASH (Pantoea_ananatis_NSTU_AG_5)	COMPLETED	0	2026-08-29 03:54:12.127	2026-08-29 03:54:12.224	2026-08-29 03:54:51.085	36.9s	2	6 GB	500.3 MB	7.8 GB	100.5%	0.7%	1.6 GB	63.6 MB
2665	ac/22a670	BGC_ANALYSIS:ANTISMASH_ANALYSIS:ANTISMASH (Pantoea_eucrina_IFST-01)	COMPLETED	0	2026-08-29 03:54:32.596	2026-08-29 03:54:32.692	2026-08-29 03:54:52.615	17.8s	2	6 GB	727.9 MB	7.8 GB	117.4%	1.2%	761.2 MB	50.9 MB
2650	7f/b8b7f3	BGC_ANALYSIS:ANTISMASH_ANALYSIS:ANTISMASH (Pantoea_ananatis_PP092)	COMPLETED	0	2026-08-29 03:54:38.274	2026-08-29 03:54:38.312	2026-08-29 03:55:01.030	20.7s	2	6 GB	843.9 MB	7.8 GB	127.5%	1.4%	861.1 MB	61.9 MB
2653	8c/2edcca	BGC_ANALYSIS:ANTISMASH_ANALYSIS:ANTISMASH (Pantoea_ananatis_PP103)	COMPLETED	0	2026-08-29 03:54:39.051	2026-08-29 03:54:39.147	2026-08-29 03:55:01.571	20.3s	2	6 GB	798.6 MB	7.8 GB	125.7%	1.4%	822 MB	58.4 MB
2652	77/818baa	BGC_ANALYSIS:ANTISMASH_ANALYSIS:ANTISMASH (Pantoea_ananatis_PP099-PanT13S3)	COMPLETED	0	2026-08-29 03:54:09.754	2026-08-29 03:54:09.851	2026-08-29 03:55:03.647	51.7s	2	6 GB	4.8 GB	8.2 GB	127.4%	4.3%	14.4 GB	59.3 MB
2651	f1/d9bcde	BGC_ANALYSIS:ANTISMASH_ANALYSIS:ANTISMASH (Pantoea_ananatis_PP094-PanT1S3)	COMPLETED	0	2026-08-29 03:54:08.900	2026-08-29 03:54:08.997	2026-08-29 03:55:04.713	53.7s	2	6 GB	4.7 GB	7.8 GB	107.8%	5.6%	7.8 GB	74.5 MB
2666	dd/b7a43e	BGC_ANALYSIS:ANTISMASH_ANALYSIS:ANTISMASH (Pantoea_phytobeneficialis_F51)	COMPLETED	0	2026-08-29 03:54:37.391	2026-08-29 03:54:37.488	2026-08-29 03:55:06.271	26.8s	2	6 GB	923.2 MB	7.9 GB	126.6%	1.5%	1 GB	78.6 MB
2664	89/865e29	BGC_ANALYSIS:ANTISMASH_ANALYSIS:ANTISMASH (Pantoea_eucalypti_1L-C-2-B-C3)	COMPLETED	0	2026-08-29 03:54:38.315	2026-08-29 03:54:38.411	2026-08-29 03:55:11.802	31.4s	2	6 GB	747.6 MB	7.8 GB	93.2%	1.2%	1.2 GB	66.4 MB
2667	b5/6eb7e1	BGC_ANALYSIS:ANTISMASH_ANALYSIS:ANTISMASH (Pantoea_phytobeneficialis_F54)	COMPLETED	0	2026-08-29 03:54:52.618	2026-08-29 03:54:52.715	2026-08-29 03:55:22.164	27.2s	2	6 GB	899 MB	7.9 GB	122.9%	1.5%	1 GB	76.5 MB
2659	4f/a97326	BGC_ANALYSIS:ANTISMASH_ANALYSIS:ANTISMASH (Pantoea_dispersa_SD811)	COMPLETED	0	2026-08-29 03:55:04.717	2026-08-29 03:55:04.813	2026-08-29 03:55:28.286	21.5s	2	6 GB	826.8 MB	7.8 GB	126.2%	1.3%	868.8 MB	61.9 MB
2661	f1/cb5385	BGC_ANALYSIS:ANTISMASH_ANALYSIS:ANTISMASH (Pantoea_eucalypti_1L-B-3-B-C3)	COMPLETED	0	2026-08-29 03:55:01.574	2026-08-29 03:55:01.671	2026-08-29 03:55:35.414	31.8s	2	6 GB	740.5 MB	7.8 GB	96.4%	1.2%	1.3 GB	68.5 MB
2660	64/a334bc	BGC_ANALYSIS:ANTISMASH_ANALYSIS:ANTISMASH (Pantoea_dispersa__170)	COMPLETED	0	2026-08-29 03:55:06.274	2026-08-29 03:55:06.371	2026-08-29 03:55:37.184	28.4s	2	6 GB	788.9 MB	7.8 GB	102.3%	1.3%	1.1 GB	66.4 MB
2669	1c/dba07e	BGC_ANALYSIS:ANTISMASH_ANALYSIS:ANTISMASH (Pantoea_phytostimulans_T15)	COMPLETED	0	2026-08-29 03:55:03.651	2026-08-29 03:55:03.750	2026-08-29 03:55:39.500	33.8s	2	6 GB	698.8 MB	7.8 GB	93.2%	1.2%	1.4 GB	73.8 MB
2663	e6/4b57f9	BGC_ANALYSIS:ANTISMASH_ANALYSIS:ANTISMASH (Pantoea_eucalypti_1L-B-FC-B-C1)	COMPLETED	0	2026-08-29 03:55:11.805	2026-08-29 03:55:11.902	2026-08-29 03:55:42.290	28.1s	2	6 GB	697.2 MB	7.8 GB	96.4%	1.2%	1.1 GB	63.4 MB
2658	2b/9e08eb	BGC_ANALYSIS:ANTISMASH_ANALYSIS:ANTISMASH (Pantoea_dispersa_Adu40)	COMPLETED	0	2026-08-29 03:55:01.034	2026-08-29 03:55:01.130	2026-08-29 03:55:43.720	40.7s	2	6 GB	735.8 MB	7.8 GB	94.8%	1.3%	1.8 GB	85.7 MB
2662	f5/35afb2	BGC_ANALYSIS:ANTISMASH_ANALYSIS:ANTISMASH (Pantoea_eucalypti_1L-B-7-B-C2)	COMPLETED	0	2026-08-29 03:55:22.168	2026-08-29 03:55:22.263	2026-08-29 03:55:48.606	24.2s	2	6 GB	721.6 MB	7.8 GB	107.4%	1.2%	1023.6 MB	60 MB
2654	c6/e072bd	BGC_ANALYSIS:ANTISMASH_ANALYSIS:ANTISMASH (Pantoea_ananatis_PP105)	COMPLETED	0	2026-08-29 03:54:51.089	2026-08-29 03:54:51.185	2026-08-29 03:55:54.637	1m 1s	2	6 GB	4.7 GB	7.8 GB	131.0%	6.3%	21.9 GB	61.5 MB
2676	b8/8a62b0	BGC_ANALYSIS:ANTISMASH_ANALYSIS:ANTISMASH (Pantoea_sp._C1E2)	COMPLETED	0	2026-08-29 03:55:37.186	2026-08-29 03:55:37.283	2026-08-29 03:56:02.825	23.6s	2	6 GB	861.7 MB	7.9 GB	125.7%	1.4%	956.8 MB	68.8 MB
2673	3e/c23dea	BGC_ANALYSIS:ANTISMASH_ANALYSIS:ANTISMASH (Pantoea_piersonii_80_bin.2)	COMPLETED	0	2026-08-29 03:55:28.289	2026-08-29 03:55:28.386	2026-08-29 03:56:04.956	34.6s	2	6 GB	732.6 MB	7.8 GB	96.1%	1.3%	1.5 GB	75.8 MB
2681	9e/d20ac8	BGC_ANALYSIS:ANTISMASH_ANALYSIS:ANTISMASH (Pantoea_sp._SYBGC1)	COMPLETED	0	2026-08-29 03:55:42.293	2026-08-29 03:55:42.390	2026-08-29 03:56:09.272	24.7s	2	6 GB	672.3 MB	7.7 GB	96.0%	1.1%	1 GB	57.1 MB
2671	51/480f37	BGC_ANALYSIS:ANTISMASH_ANALYSIS:ANTISMASH (Pantoea_phytostimulans_T30)	COMPLETED	0	2026-08-29 03:55:39.502	2026-08-29 03:55:39.600	2026-08-29 03:56:14.873	33.3s	2	6 GB	707.8 MB	7.8 GB	92.3%	1.2%	1.3 GB	74.1 MB
2674	d0/457e3f	BGC_ANALYSIS:ANTISMASH_ANALYSIS:ANTISMASH (Pantoea_septica_74_bin.2)	COMPLETED	0	2026-08-29 03:55:35.418	2026-08-29 03:55:35.515	2026-08-29 03:56:16.632	39.1s	2	6 GB	664.1 MB	7.7 GB	95.7%	1.1%	1.8 GB	83.4 MB
2675	32/0e8f1b	BGC_ANALYSIS:ANTISMASH_ANALYSIS:ANTISMASH (Pantoea_sp._ABR1s)	COMPLETED	0	2026-08-29 03:55:54.639	2026-08-29 03:55:54.737	2026-08-29 03:56:18.250	21.5s	2	6 GB	783.5 MB	7.8 GB	126.8%	1.3%	904.8 MB	62.9 MB
2670	57/7e6d1a	BGC_ANALYSIS:ANTISMASH_ANALYSIS:ANTISMASH (Pantoea_phytostimulans_T19)	COMPLETED	0	2026-08-29 03:55:43.724	2026-08-29 03:55:43.820	2026-08-29 03:56:18.277	32.3s	2	6 GB	720.3 MB	7.8 GB	92.9%	1.3%	1.3 GB	72.3 MB
2668	fe/503c44	BGC_ANALYSIS:ANTISMASH_ANALYSIS:ANTISMASH (Pantoea_phytobeneficialis_F83)	COMPLETED	0	2026-08-29 03:55:48.609	2026-08-29 03:55:48.706	2026-08-29 03:56:18.387	27.6s	2	6 GB	939.1 MB	7.9 GB	124.8%	1.5%	1.1 GB	81.7 MB
2691	f3/6dcb66	BGC_ANALYSIS:ANTISMASH_ANALYSIS:ANTISMASH (Pantoea_trifolii_C11B12)	COMPLETED	0	2026-08-29 03:56:09.276	2026-08-29 03:56:09.372	2026-08-29 03:56:34.201	22.7s	2	6 GB	828.4 MB	7.9 GB	125.8%	1.4%	894.8 MB	64.1 MB
2672	ba/972179	BGC_ANALYSIS:ANTISMASH_ANALYSIS:ANTISMASH (Pantoea_phytostimulans_TS1)	COMPLETED	0	2026-08-29 03:56:02.828	2026-08-29 03:56:02.925	2026-08-29 03:56:35.641	30.6s	2	6 GB	739 MB	7.8 GB	95.8%	1.3%	1.1 GB	69.6 MB
2695	8c/dff19f	BGC_ANALYSIS:ANTISMASH_ANALYSIS:ANTISMASH (Erwinia_aphidicola_B39)	COMPLETED	0	2026-08-29 03:56:18.280	2026-08-29 03:56:18.377	2026-08-29 03:56:38.812	18.6s	2	6 GB	635.9 MB	7.4 GB	143.0%	1.1%	803.8 MB	38 MB
2694	69/98a695	BGC_ANALYSIS:ANTISMASH_ANALYSIS:ANTISMASH (Pantoea_trifolii_C8H4)	COMPLETED	0	2026-08-29 03:56:14.876	2026-08-29 03:56:14.973	2026-08-29 03:56:40.429	23.5s	2	6 GB	821.6 MB	7.8 GB	126.1%	1.3%	953 MB	65.1 MB
2698	35/329ce3	BGC_ANALYSIS:ANTISMASH_ANALYSIS:ANTISMASH (Erwinia_aphidicola_Dr7)	COMPLETED	0	2026-08-29 03:56:18.391	2026-08-29 03:56:18.487	2026-08-29 03:56:42.038	21.6s	2	6 GB	865.5 MB	8 GB	138.5%	1.4%	854.9 MB	60.8 MB
2692	d2/b60e10	BGC_ANALYSIS:ANTISMASH_ANALYSIS:ANTISMASH (Pantoea_trifolii_C2F10)	COMPLETED	0	2026-08-29 03:56:18.254	2026-08-29 03:56:18.277	2026-08-29 03:56:43.607	23.4s	2	6 GB	792.2 MB	7.8 GB	121.2%	1.4%	908 MB	63.5 MB
2679	fb/bca817	BGC_ANALYSIS:ANTISMASH_ANALYSIS:ANTISMASH (Pantoea_sp._PA1_Pa1)	COMPLETED	0	2026-08-29 03:56:16.636	2026-08-29 03:56:16.732	2026-08-29 03:56:44.530	25.9s	2	6 GB	761.4 MB	7.8 GB	106.4%	1.3%	1 GB	63.3 MB
2697	a7/3418dd	BGC_ANALYSIS:ANTISMASH_ANALYSIS:ANTISMASH (Erwinia_aphidicola_Dr6)	COMPLETED	0	2026-08-29 03:56:34.204	2026-08-29 03:56:34.301	2026-08-29 03:56:57.913	21.4s	2	6 GB	868.1 MB	7.9 GB	136.7%	1.5%	874.9 MB	62.7 MB
2690	08/a92866	BGC_ANALYSIS:ANTISMASH_ANALYSIS:ANTISMASH (Pantoea_stewartii_F94)	COMPLETED	0	2026-08-29 03:56:40.434	2026-08-29 03:56:40.529	2026-08-29 03:57:03.821	21.2s	2	6 GB	826.2 MB	7.8 GB	129.6%	1.3%	838.9 MB	60.3 MB
2688	9a/433858	BGC_ANALYSIS:ANTISMASH_ANALYSIS:ANTISMASH (Pantoea_stewartii_F92)	COMPLETED	0	2026-08-29 03:56:42.044	2026-08-29 03:56:42.138	2026-08-29 03:57:05.305	21.1s	2	6 GB	812.8 MB	7.8 GB	130.2%	1.3%	847.5 MB	60.9 MB
2702	ac/625c0b	BGC_ANALYSIS:ANTISMASH_ANALYSIS:ANTISMASH (Erwinia_aphidicola_H649)	COMPLETED	0	2026-08-29 03:56:43.611	2026-08-29 03:56:43.707	2026-08-29 03:57:07.798	22.1s	2	6 GB	837 MB	7.8 GB	134.4%	1.4%	856.4 MB	60.8 MB
2700	dc/69e754	BGC_ANALYSIS:ANTISMASH_ANALYSIS:ANTISMASH (Erwinia_aphidicola_H51)	COMPLETED	0	2026-08-29 03:56:44.533	2026-08-29 03:56:44.630	2026-08-29 03:57:10.630	24s	2	6 GB	875.6 MB	7.9 GB	134.3%	1.4%	934 MB	66.8 MB
2686	eb/978586	BGC_ANALYSIS:ANTISMASH_ANALYSIS:ANTISMASH (Pantoea_stewartii_F43)	COMPLETED	0	2026-08-29 03:56:57.917	2026-08-29 03:56:58.013	2026-08-29 03:57:21.181	20.7s	2	6 GB	812 MB	7.8 GB	125.8%	1.3%	847.5 MB	60.9 MB
2705	bb/5392a7	BGC_ANALYSIS:ANTISMASH_ANALYSIS:ANTISMASH (Erwinia_billingiae_AK4)	COMPLETED	0	2026-08-29 03:57:03.826	2026-08-29 03:57:03.921	2026-08-29 03:57:27.214	21.2s	2	6 GB	873.8 MB	7.9 GB	135.1%	1.4%	856.6 MB	62.6 MB
2687	96/a87352	BGC_ANALYSIS:ANTISMASH_ANALYSIS:ANTISMASH (Pantoea_stewartii_F91)	COMPLETED	0	2026-08-29 03:57:05.309	2026-08-29 03:57:05.405	2026-08-29 03:57:28.910	21.4s	2	6 GB	823.6 MB	7.8 GB	130.5%	1.4%	843.3 MB	60.8 MB
2683	03/9299fa	BGC_ANALYSIS:ANTISMASH_ANALYSIS:ANTISMASH (Pantoea_sp._nfd-35)	COMPLETED	0	2026-08-29 03:56:38.817	2026-08-29 03:56:38.913	2026-08-29 03:57:29.953	49s	2	6 GB	4.7 GB	7.8 GB	125.8%	7.6%	9.4 GB	58.6 MB
2706	b7/152f96	BGC_ANALYSIS:ANTISMASH_ANALYSIS:ANTISMASH (Erwinia_billingiae_EW2)	COMPLETED	0	2026-08-29 03:57:07.801	2026-08-29 03:57:07.898	2026-08-29 03:57:32.327	22.5s	2	6 GB	874.6 MB	7.9 GB	134.7%	1.4%	879.7 MB	64.4 MB
2685	db/e7c9f8	BGC_ANALYSIS:ANTISMASH_ANALYSIS:ANTISMASH (Pantoea_stewartii_F42)	COMPLETED	0	2026-08-29 03:57:21.186	2026-08-29 03:57:21.281	2026-08-29 03:57:44.397	20.9s	2	6 GB	821.4 MB	7.8 GB	127.9%	1.4%	850.4 MB	61 MB
2677	88/4144b3	BGC_ANALYSIS:ANTISMASH_ANALYSIS:ANTISMASH (Pantoea_sp._DMYE4)	COMPLETED	0	2026-08-29 03:57:10.633	2026-08-29 03:57:10.730	2026-08-29 03:57:47.713	35s	2	6 GB	693.9 MB	7.8 GB	93.3%	1.3%	1.4 GB	72.6 MB
2684	16/f247ff	BGC_ANALYSIS:ANTISMASH_ANALYSIS:ANTISMASH (Pantoea_stewartii_F33)	COMPLETED	0	2026-08-29 03:57:28.912	2026-08-29 03:57:29.010	2026-08-29 03:57:52.305	21.3s	2	6 GB	810.8 MB	7.8 GB	129.5%	1.4%	847.1 MB	60.7 MB
2689	0b/7f1baf	BGC_ANALYSIS:ANTISMASH_ANALYSIS:ANTISMASH (Pantoea_stewartii_F93)	COMPLETED	0	2026-08-29 03:57:29.957	2026-08-29 03:57:30.053	2026-08-29 03:57:53.368	21.2s	2	6 GB	811.6 MB	7.8 GB	130.0%	1.4%	839.5 MB	60.4 MB
2680	22/888863	BGC_ANALYSIS:ANTISMASH_ANALYSIS:ANTISMASH (Pantoea_sp._RCC30.1)	COMPLETED	0	2026-08-29 03:56:35.645	2026-08-29 03:56:35.742	2026-08-29 03:57:58.854	1m 21s	2	6 GB	4.7 GB	7.8 GB	109.6%	4.1%	12.5 GB	82.9 MB
2712	92/63ce31	BGC_ANALYSIS:ANTISMASH_ANALYSIS:ANTISMASH (Erwinia_billingiae_H154)	COMPLETED	0	2026-08-29 03:57:32.331	2026-08-29 03:57:32.427	2026-08-29 03:58:01.814	27.3s	2	6 GB	761.1 MB	7.8 GB	107.9%	1.3%	1.1 GB	71.3 MB
2693	b4/c9c696	BGC_ANALYSIS:ANTISMASH_ANALYSIS:ANTISMASH (Pantoea_trifolii_C2F9)	COMPLETED	0	2026-08-29 03:57:44.401	2026-08-29 03:57:44.498	2026-08-29 03:58:09.020	22.2s	2	6 GB	820.6 MB	7.9 GB	124.5%	1.4%	887.2 MB	62.9 MB
2678	ab/29b5e5	BGC_ANALYSIS:ANTISMASH_ANALYSIS:ANTISMASH (Pantoea_sp._HJE1)	COMPLETED	0	2026-08-29 03:57:27.217	2026-08-29 03:57:27.314	2026-08-29 03:58:11.148	41.7s	2	6 GB	739 MB	7.8 GB	91.9%	1.3%	1.7 GB	86.6 MB
2714	88/63383b	BGC_ANALYSIS:ANTISMASH_ANALYSIS:ANTISMASH (Erwinia_billingiae_H191)	COMPLETED	0	2026-08-29 03:57:47.716	2026-08-29 03:57:47.813	2026-08-29 03:58:11.713	21.6s	2	6 GB	862.5 MB	7.9 GB	132.2%	1.4%	911.8 MB	64.9 MB
2696	63/e47713	BGC_ANALYSIS:ANTISMASH_ANALYSIS:ANTISMASH (Erwinia_aphidicola_Dr4)	COMPLETED	0	2026-08-29 03:57:52.308	2026-08-29 03:57:52.405	2026-08-29 03:58:15.946	21.5s	2	6 GB	849.3 MB	7.9 GB	138.8%	1.4%	839.7 MB	60.8 MB
2716	04/1e28bf	BGC_ANALYSIS:ANTISMASH_ANALYSIS:ANTISMASH (Erwinia_billingiae_H227)	COMPLETED	0	2026-08-29 03:57:53.371	2026-08-29 03:57:53.468	2026-08-29 03:58:16.031	20.6s	2	6 GB	851.1 MB	7.8 GB	135.9%	1.3%	848.9 MB	61.3 MB
2719	e4/8c23e8	BGC_ANALYSIS:ANTISMASH_ANALYSIS:ANTISMASH (Erwinia_billingiae_H34)	COMPLETED	0	2026-08-29 03:58:01.818	2026-08-29 03:58:01.914	2026-08-29 03:58:21.763	17.7s	2	6 GB	672.1 MB	7.4 GB	137.2%	1.1%	806.9 MB	38 MB
2699	07/526d1a	BGC_ANALYSIS:ANTISMASH_ANALYSIS:ANTISMASH (Erwinia_aphidicola_H48)	COMPLETED	0	2026-08-29 03:57:58.857	2026-08-29 03:57:58.955	2026-08-29 03:58:24.720	23.7s	2	6 GB	895.5 MB	7.9 GB	134.3%	1.5%	948.5 MB	65.5 MB
2701	05/870dde	BGC_ANALYSIS:ANTISMASH_ANALYSIS:ANTISMASH (Erwinia_aphidicola_H52)	COMPLETED	0	2026-08-29 03:58:09.024	2026-08-29 03:58:09.120	2026-08-29 03:58:33.061	21.7s	2	6 GB	868.2 MB	7.9 GB	133.8%	1.4%	880.1 MB	63.1 MB
2721	cc/2e8132	BGC_ANALYSIS:ANTISMASH_ANALYSIS:ANTISMASH (Erwinia_billingiae_H481)	COMPLETED	0	2026-08-29 03:58:11.151	2026-08-29 03:58:11.248	2026-08-29 03:58:34.616	21s	2	6 GB	888.7 MB	7.9 GB	134.8%	1.5%	877.7 MB	64 MB
2704	d2/0e4719	BGC_ANALYSIS:ANTISMASH_ANALYSIS:ANTISMASH (Erwinia_aphidicola_arugula143)	COMPLETED	0	2026-08-29 03:58:11.716	2026-08-29 03:58:11.813	2026-08-29 03:58:39.374	25.3s	2	6 GB	707.7 MB	7.8 GB	97.6%	1.3%	879.4 MB	57.6 MB
2707	32/a5dba2	BGC_ANALYSIS:ANTISMASH_ANALYSIS:ANTISMASH (Erwinia_billingiae_H1)	COMPLETED	0	2026-08-29 03:58:16.034	2026-08-29 03:58:16.131	2026-08-29 03:58:39.667	21.4s	2	6 GB	868.5 MB	7.9 GB	133.3%	1.4%	889.4 MB	64.2 MB
2703	38/8e3560	BGC_ANALYSIS:ANTISMASH_ANALYSIS:ANTISMASH (Erwinia_aphidicola_V4)	COMPLETED	0	2026-08-29 03:58:15.948	2026-08-29 03:58:16.032	2026-08-29 03:58:41.792	23.6s	2	6 GB	818.6 MB	7.8 GB	128.7%	1.4%	852.8 MB	59.9 MB
2708	7e/143e17	BGC_ANALYSIS:ANTISMASH_ANALYSIS:ANTISMASH (Erwinia_billingiae_H106)	COMPLETED	0	2026-08-29 03:58:21.767	2026-08-29 03:58:21.863	2026-08-29 03:58:45.976	22s	2	6 GB	886.2 MB	7.9 GB	131.0%	1.5%	912.2 MB	65.8 MB
2710	73/92fe66	BGC_ANALYSIS:ANTISMASH_ANALYSIS:ANTISMASH (Erwinia_billingiae_H133)	COMPLETED	0	2026-08-29 03:58:24.723	2026-08-29 03:58:24.820	2026-08-29 03:58:48.991	22s	2	6 GB	881.7 MB	7.9 GB	130.5%	1.4%	912.2 MB	65.8 MB
2727	31/4c5c6e	BGC_ANALYSIS:ANTISMASH_ANALYSIS:ANTISMASH (Erwinia_billingiae_H655)	COMPLETED	0	2026-08-29 03:58:34.620	2026-08-29 03:58:34.718	2026-08-29 03:58:54.126	17.1s	2	6 GB	678.2 MB	7.4 GB	137.8%	1.1%	801.9 MB	37.7 MB
2709	d9/19eb76	BGC_ANALYSIS:ANTISMASH_ANALYSIS:ANTISMASH (Erwinia_billingiae_H13)	COMPLETED	0	2026-08-29 03:58:33.065	2026-08-29 03:58:33.161	2026-08-29 03:58:56.666	21.3s	2	6 GB	876.1 MB	7.9 GB	135.4%	1.4%	862.4 MB	62.6 MB
2682	63/d17a1b	BGC_ANALYSIS:ANTISMASH_ANALYSIS:ANTISMASH (Pantoea_sp._isolate9_meta_2_35)	COMPLETED	0	2026-08-29 03:56:04.959	2026-08-29 03:56:05.056	2026-08-29 03:59:02.614	2m 55s	2	6 GB	703 MB	7.8 GB	100.6%	1.3%	9.8 GB	274.2 MB
2728	4b/40f7ec	BGC_ANALYSIS:ANTISMASH_ANALYSIS:ANTISMASH (Erwinia_billingiae_H668)	COMPLETED	0	2026-08-29 03:58:39.670	2026-08-29 03:58:39.766	2026-08-29 03:59:02.628	20.8s	2	6 GB	829.3 MB	7.8 GB	135.0%	1.4%	847.7 MB	61.2 MB
2711	dc/64b759	BGC_ANALYSIS:ANTISMASH_ANALYSIS:ANTISMASH (Erwinia_billingiae_H145)	COMPLETED	0	2026-08-29 03:58:39.378	2026-08-29 03:58:39.473	2026-08-29 03:59:03.549	22s	2	6 GB	888.6 MB	7.9 GB	132.0%	1.5%	899 MB	64.7 MB
2713	65/15bdc5	BGC_ANALYSIS:ANTISMASH_ANALYSIS:ANTISMASH (Erwinia_billingiae_H17)	COMPLETED	0	2026-08-29 03:58:41.795	2026-08-29 03:58:41.892	2026-08-29 03:59:13.993	30s	2	6 GB	760.2 MB	7.8 GB	100.0%	1.3%	1.1 GB	72.2 MB
2717	7c/bc6a2a	BGC_ANALYSIS:ANTISMASH_ANALYSIS:ANTISMASH (Erwinia_billingiae_H255)	COMPLETED	0	2026-08-29 03:58:56.670	2026-08-29 03:58:56.766	2026-08-29 03:59:16.139	17.2s	2	6 GB	626.9 MB	7.4 GB	139.4%	1.1%	799.7 MB	37.5 MB
2715	33/46a312	BGC_ANALYSIS:ANTISMASH_ANALYSIS:ANTISMASH (Erwinia_billingiae_H216)	COMPLETED	0	2026-08-29 03:58:54.129	2026-08-29 03:58:54.226	2026-08-29 03:59:16.521	20.1s	2	6 GB	850.6 MB	7.9 GB	135.1%	1.4%	841.6 MB	61.1 MB
2731	4d/f01292	BGC_ANALYSIS:ANTISMASH_ANALYSIS:ANTISMASH (Erwinia_billingiae_P73)	COMPLETED	0	2026-08-29 03:58:45.980	2026-08-29 03:58:46.077	2026-08-29 03:59:19.762	31.6s	2	6 GB	721.2 MB	7.8 GB	97.9%	1.3%	1.2 GB	72.3 MB
2736	5b/5d67eb	BGC_ANALYSIS:ANTISMASH_ANALYSIS:ANTISMASH (Erwinia_sp._L03-1)	COMPLETED	0	2026-08-29 03:59:02.618	2026-08-29 03:59:02.628	2026-08-29 03:59:22.972	18.4s	2	6 GB	631 MB	7.4 GB	132.0%	1.1%	765.7 MB	36 MB
2718	04/ed7d73	BGC_ANALYSIS:ANTISMASH_ANALYSIS:ANTISMASH (Erwinia_billingiae_H3)	COMPLETED	0	2026-08-29 03:59:02.632	2026-08-29 03:59:02.728	2026-08-29 03:59:24.917	20.3s	2	6 GB	865.4 MB	7.9 GB	132.1%	1.4%	857.9 MB	62.7 MB
2733	d3/1063d6	BGC_ANALYSIS:ANTISMASH_ANALYSIS:ANTISMASH (Erwinia_sp._GW821-FHT01B10)	COMPLETED	0	2026-08-29 03:58:48.995	2026-08-29 03:58:49.091	2026-08-29 03:59:31.030	39.7s	2	6 GB	703.6 MB	7.8 GB	93.1%	1.2%	1.6 GB	78.3 MB
2723	77/907816	BGC_ANALYSIS:ANTISMASH_ANALYSIS:ANTISMASH (Erwinia_billingiae_H58)	COMPLETED	0	2026-08-29 03:59:16.524	2026-08-29 03:59:16.622	2026-08-29 03:59:39.434	20.8s	2	6 GB	867.7 MB	7.9 GB	134.4%	1.4%	861.3 MB	63 MB
2724	7f/e9d0bb	BGC_ANALYSIS:ANTISMASH_ANALYSIS:ANTISMASH (Erwinia_billingiae_H6)	COMPLETED	0	2026-08-29 03:59:16.143	2026-08-29 03:59:16.250	2026-08-29 03:59:42.093	23.8s	2	6 GB	725.9 MB	7.8 GB	112.5%	1.3%	966.7 MB	65.5 MB
2737	30/50e4b8	BGC_ANALYSIS:ANTISMASH_ANALYSIS:ANTISMASH (Erwiniaceae_bacterium_sgz302543)	COMPLETED	0	2026-08-29 03:59:03.552	2026-08-29 03:59:03.650	2026-08-29 03:59:42.630	37.1s	2	6 GB	479.1 MB	7.8 GB	100.6%	0.7%	1.4 GB	55.6 MB
2720	a6/b22ad5	BGC_ANALYSIS:ANTISMASH_ANALYSIS:ANTISMASH (Erwinia_billingiae_H429)	COMPLETED	0	2026-08-29 03:59:19.765	2026-08-29 03:59:19.863	2026-08-29 03:59:43.331	21.4s	2	6 GB	878.6 MB	7.9 GB	135.4%	1.4%	900.1 MB	64.8 MB
2726	e2/4d3c17	BGC_ANALYSIS:ANTISMASH_ANALYSIS:ANTISMASH (Erwinia_billingiae_H653)	COMPLETED	0	2026-08-29 03:59:24.921	2026-08-29 03:59:25.017	2026-08-29 03:59:44.465	17.4s	2	6 GB	694.1 MB	7.4 GB	141.5%	1.2%	812.1 MB	38.1 MB
2725	91/c9ee0d	BGC_ANALYSIS:ANTISMASH_ANALYSIS:ANTISMASH (Erwinia_billingiae_H632)	COMPLETED	0	2026-08-29 03:59:22.976	2026-08-29 03:59:23.072	2026-08-29 03:59:46.938	21.8s	2	6 GB	887 MB	7.9 GB	131.0%	1.5%	906.3 MB	65.6 MB
2739	20/26b97c	BGC_ANALYSIS:ANTISMASH_ANALYSIS:ANTISMASH (Pantoea_agglomerans_C-194)	COMPLETED	0	2026-08-29 03:59:13.996	2026-08-29 03:59:14.093	2026-08-29 03:59:48.255	32.1s	2	6 GB	744.6 MB	7.8 GB	96.7%	1.2%	1.3 GB	71.7 MB
2729	2e/ba78a7	BGC_ANALYSIS:ANTISMASH_ANALYSIS:ANTISMASH (Erwinia_billingiae_H74)	COMPLETED	0	2026-08-29 03:59:42.096	2026-08-29 03:59:42.193	2026-08-29 04:00:06.046	21.9s	2	6 GB	881.5 MB	7.9 GB	132.4%	1.5%	904.3 MB	65.1 MB
2742	08/96bda4	BGC_ANALYSIS:ANTISMASH_ANALYSIS:ANTISMASH (Pantoea_agglomerans_C-200)	COMPLETED	0	2026-08-29 03:59:31.035	2026-08-29 03:59:31.130	2026-08-29 04:00:06.422	33.2s	2	6 GB	766.3 MB	7.8 GB	94.7%	1.3%	1.3 GB	71.7 MB
2730	38/bda01b	BGC_ANALYSIS:ANTISMASH_ANALYSIS:ANTISMASH (Erwinia_billingiae_H76)	COMPLETED	0	2026-08-29 03:59:44.468	2026-08-29 03:59:44.565	2026-08-29 04:00:06.989	20.5s	2	6 GB	868.5 MB	7.9 GB	135.3%	1.4%	869.2 MB	63.3 MB
2748	5b/0435bb	BGC_ANALYSIS:ANTISMASH_ANALYSIS:ANTISMASH (Pantoea_agglomerans_C-212)	COMPLETED	0	2026-08-29 03:59:39.438	2026-08-29 03:59:39.534	2026-08-29 04:00:12.383	30.7s	2	6 GB	747.5 MB	7.8 GB	96.4%	1.3%	1.2 GB	70.2 MB
2732	38/39bbd8	BGC_ANALYSIS:ANTISMASH_ANALYSIS:ANTISMASH (Erwinia_papayae_CFBP_5189)	COMPLETED	0	2026-08-29 03:59:46.942	2026-08-29 03:59:47.038	2026-08-29 04:00:15.803	26.7s	2	6 GB	885.4 MB	7.9 GB	125.7%	1.4%	1.1 GB	72.5 MB
2749	6f/af75b7	BGC_ANALYSIS:ANTISMASH_ANALYSIS:ANTISMASH (Pantoea_agglomerans_C-213)	COMPLETED	0	2026-08-29 03:59:43.335	2026-08-29 03:59:43.431	2026-08-29 04:00:20.563	35.2s	2	6 GB	764 MB	7.8 GB	95.1%	1.3%	1.4 GB	74.6 MB
2753	d0/d22923	BGC_ANALYSIS:ANTISMASH_ANALYSIS:ANTISMASH (Pantoea_agglomerans_C-240)	COMPLETED	0	2026-08-29 03:59:48.258	2026-08-29 03:59:48.355	2026-08-29 04:00:22.921	32.4s	2	6 GB	754.7 MB	7.8 GB	94.9%	1.3%	1.3 GB	70.7 MB
2734	1e/4c3e3e	BGC_ANALYSIS:ANTISMASH_ANALYSIS:ANTISMASH (Erwinia_sp._GW821-FHT03D09)	COMPLETED	0	2026-08-29 03:59:42.634	2026-08-29 03:59:42.730	2026-08-29 04:00:23.600	39s	2	6 GB	733.1 MB	7.8 GB	93.4%	1.3%	1.6 GB	78.3 MB
2735	74/0a47ae	BGC_ANALYSIS:ANTISMASH_ANALYSIS:ANTISMASH (Erwinia_sp._GW821-FHT05B06)	COMPLETED	0	2026-08-29 04:00:06.424	2026-08-29 04:00:06.522	2026-08-29 04:00:29.107	20.6s	2	6 GB	841.1 MB	7.8 GB	132.0%	1.3%	829.5 MB	58.7 MB
2755	09/9513d3	BGC_ANALYSIS:ANTISMASH_ANALYSIS:ANTISMASH (Pantoea_agglomerans_C-245)	COMPLETED	0	2026-08-29 04:00:06.048	2026-08-29 04:00:06.146	2026-08-29 04:00:39.984	31.9s	2	6 GB	736.2 MB	7.8 GB	98.4%	1.2%	1.3 GB	72.3 MB
2738	7b/7b2438	BGC_ANALYSIS:ANTISMASH_ANALYSIS:ANTISMASH (Erwiniaceae_bacterium_sgz302547)	COMPLETED	0	2026-08-29 04:00:06.993	2026-08-29 04:00:07.089	2026-08-29 04:00:44.383	35.3s	2	6 GB	472.1 MB	7.7 GB	100.3%	0.7%	1.4 GB	55.6 MB
2741	0e/8ea630	BGC_ANALYSIS:ANTISMASH_ANALYSIS:ANTISMASH (Pantoea_agglomerans_C-197)	COMPLETED	0	2026-08-29 04:00:12.386	2026-08-29 04:00:12.484	2026-08-29 04:00:46.217	31.5s	2	6 GB	741 MB	7.8 GB	95.4%	1.2%	1.3 GB	71.7 MB
2760	6d/86d865	BGC_ANALYSIS:ANTISMASH_ANALYSIS:ANTISMASH (Pantoea_agglomerans_C-254)	COMPLETED	0	2026-08-29 04:00:15.806	2026-08-29 04:00:15.903	2026-08-29 04:00:52.440	34.5s	2	6 GB	740 MB	7.8 GB	94.9%	1.2%	1.5 GB	75.7 MB
2758	cf/ff80c0	BGC_ANALYSIS:ANTISMASH_ANALYSIS:ANTISMASH (Pantoea_agglomerans_C-250)	COMPLETED	0	2026-08-29 04:00:22.925	2026-08-29 04:00:23.022	2026-08-29 04:00:57.029	31.9s	2	6 GB	738 MB	7.8 GB	95.7%	1.3%	1.3 GB	71.7 MB
2740	14/bdedca	BGC_ANALYSIS:ANTISMASH_ANALYSIS:ANTISMASH (Pantoea_agglomerans_C-196)	COMPLETED	0	2026-08-29 04:00:20.566	2026-08-29 04:00:20.663	2026-08-29 04:00:57.146	34.5s	2	6 GB	736.5 MB	7.8 GB	93.7%	1.2%	1.5 GB	76.2 MB
2743	8f/3422e2	BGC_ANALYSIS:ANTISMASH_ANALYSIS:ANTISMASH (Pantoea_agglomerans_C-205)	COMPLETED	0	2026-08-29 04:00:23.603	2026-08-29 04:00:23.700	2026-08-29 04:01:00.254	34.4s	2	6 GB	737.3 MB	7.8 GB	94.5%	1.3%	1.5 GB	76 MB
2745	64/46aaf7	BGC_ANALYSIS:ANTISMASH_ANALYSIS:ANTISMASH (Pantoea_agglomerans_C-207)	COMPLETED	0	2026-08-29 04:00:29.110	2026-08-29 04:00:29.208	2026-08-29 04:01:04.734	33.4s	2	6 GB	732.6 MB	7.8 GB	95.2%	1.2%	1.4 GB	73.7 MB
2746	2a/f08436	BGC_ANALYSIS:ANTISMASH_ANALYSIS:ANTISMASH (Pantoea_agglomerans_C-208)	COMPLETED	0	2026-08-29 04:00:39.987	2026-08-29 04:00:40.084	2026-08-29 04:01:14.722	32.7s	2	6 GB	724.5 MB	7.8 GB	94.1%	1.3%	1.4 GB	72.7 MB
2744	d2/c11416	BGC_ANALYSIS:ANTISMASH_ANALYSIS:ANTISMASH (Pantoea_agglomerans_C-206)	COMPLETED	0	2026-08-29 04:00:44.386	2026-08-29 04:00:44.483	2026-08-29 04:01:17.868	31.4s	2	6 GB	725.5 MB	7.8 GB	94.5%	1.2%	1.3 GB	70.7 MB
2764	73/ceb1ed	BGC_ANALYSIS:ANTISMASH_ANALYSIS:ANTISMASH (Pantoea_agglomerans_C-262)	COMPLETED	0	2026-08-29 04:00:46.220	2026-08-29 04:00:46.317	2026-08-29 04:01:20.328	31.9s	2	6 GB	731 MB	7.8 GB	95.4%	1.2%	1.3 GB	71.7 MB
2750	31/5ed4a8	BGC_ANALYSIS:ANTISMASH_ANALYSIS:ANTISMASH (Pantoea_agglomerans_C-215)	COMPLETED	0	2026-08-29 04:00:52.443	2026-08-29 04:00:52.540	2026-08-29 04:01:27.582	32.9s	2	6 GB	774.3 MB	7.8 GB	94.8%	1.3%	1.4 GB	74.2 MB
2751	63/8cf3da	BGC_ANALYSIS:ANTISMASH_ANALYSIS:ANTISMASH (Pantoea_agglomerans_C-216)	COMPLETED	0	2026-08-29 04:00:57.032	2026-08-29 04:00:57.129	2026-08-29 04:01:30.622	31.6s	2	6 GB	758.7 MB	7.8 GB	95.1%	1.3%	1.3 GB	70.7 MB
2752	b3/a358fe	BGC_ANALYSIS:ANTISMASH_ANALYSIS:ANTISMASH (Pantoea_agglomerans_C-239)	COMPLETED	0	2026-08-29 04:00:57.150	2026-08-29 04:00:57.246	2026-08-29 04:01:33.210	33.9s	2	6 GB	748.7 MB	7.8 GB	94.8%	1.3%	1.5 GB	75.6 MB
2772	34/e2a0ff	BGC_ANALYSIS:ANTISMASH_ANALYSIS:ANTISMASH (Pantoea_agglomerans_C-370)	COMPLETED	0	2026-08-29 04:01:14.726	2026-08-29 04:01:14.822	2026-08-29 04:01:34.899	18.1s	2	6 GB	809.2 MB	7.8 GB	120.6%	1.4%	747.9 MB	58.5 MB
2754	fb/92cab3	BGC_ANALYSIS:ANTISMASH_ANALYSIS:ANTISMASH (Pantoea_agglomerans_C-242)	COMPLETED	0	2026-08-29 04:01:00.257	2026-08-29 04:01:00.354	2026-08-29 04:01:35.257	33s	2	6 GB	757.3 MB	7.8 GB	95.6%	1.3%	1.4 GB	74.1 MB
2773	8d/e40f4b	BGC_ANALYSIS:ANTISMASH_ANALYSIS:ANTISMASH (Pantoea_agglomerans_C-381)	COMPLETED	0	2026-08-29 04:01:20.331	2026-08-29 04:01:20.429	2026-08-29 04:01:44.250	21.9s	2	6 GB	846.3 MB	7.8 GB	121.9%	1.5%	938 MB	63.2 MB
2756	e1/28158e	BGC_ANALYSIS:ANTISMASH_ANALYSIS:ANTISMASH (Pantoea_agglomerans_C-246)	COMPLETED	0	2026-08-29 04:01:04.737	2026-08-29 04:01:04.834	2026-08-29 04:01:45.069	38.3s	2	6 GB	729.7 MB	7.8 GB	93.0%	1.2%	1.7 GB	83.5 MB
2775	5b/204830	BGC_ANALYSIS:ANTISMASH_ANALYSIS:ANTISMASH (Pantoea_agglomerans_C-392)	COMPLETED	0	2026-08-29 04:01:27.585	2026-08-29 04:01:27.682	2026-08-29 04:01:51.488	21.7s	2	6 GB	831.8 MB	7.8 GB	119.6%	1.4%	910.6 MB	62.3 MB
2759	ff/3c5dda	BGC_ANALYSIS:ANTISMASH_ANALYSIS:ANTISMASH (Pantoea_agglomerans_C-252)	COMPLETED	0	2026-08-29 04:01:17.872	2026-08-29 04:01:17.969	2026-08-29 04:01:57.326	37.5s	2	6 GB	737.8 MB	7.8 GB	93.7%	1.3%	1.6 GB	79.2 MB
2777	90/9b9a6a	BGC_ANALYSIS:ANTISMASH_ANALYSIS:ANTISMASH (Pantoea_agglomerans_C-396)	COMPLETED	0	2026-08-29 04:01:35.260	2026-08-29 04:01:35.362	2026-08-29 04:01:59.886	22.5s	2	6 GB	734.5 MB	7.8 GB	115.8%	1.3%	927.7 MB	62.7 MB
2763	da/f6d8fd	BGC_ANALYSIS:ANTISMASH_ANALYSIS:ANTISMASH (Pantoea_agglomerans_C-258)	COMPLETED	0	2026-08-29 04:01:30.625	2026-08-29 04:01:30.723	2026-08-29 04:02:04.339	31.6s	2	6 GB	762.9 MB	7.8 GB	93.6%	1.3%	1.3 GB	70.7 MB
2761	7e/3b9355	BGC_ANALYSIS:ANTISMASH_ANALYSIS:ANTISMASH (Pantoea_agglomerans_C-255)	COMPLETED	0	2026-08-29 04:01:33.214	2026-08-29 04:01:33.310	2026-08-29 04:02:09.169	34s	2	6 GB	708.9 MB	7.8 GB	94.1%	1.2%	1.4 GB	74.2 MB
2757	2d/bd140a	BGC_ANALYSIS:ANTISMASH_ANALYSIS:ANTISMASH (Pantoea_agglomerans_C-248)	COMPLETED	0	2026-08-29 04:01:34.902	2026-08-29 04:01:34.999	2026-08-29 04:02:12.047	35s	2	6 GB	731.1 MB	7.8 GB	94.9%	1.2%	1.5 GB	75.7 MB
2781	50/527dda	BGC_ANALYSIS:ANTISMASH_ANALYSIS:ANTISMASH (Pantoea_agglomerans_arugula112)	COMPLETED	0	2026-08-29 04:01:51.491	2026-08-29 04:01:51.588	2026-08-29 04:02:16.479	22.7s	2	6 GB	661.7 MB	7.7 GB	98.3%	1.2%	888.3 MB	55.2 MB
2767	8f/1a339e	BGC_ANALYSIS:ANTISMASH_ANALYSIS:ANTISMASH (Pantoea_agglomerans_C-266)	COMPLETED	0	2026-08-29 04:01:44.253	2026-08-29 04:01:44.350	2026-08-29 04:02:22.009	35.7s	2	6 GB	711.9 MB	7.8 GB	93.6%	1.2%	1.5 GB	77.5 MB
2762	21/00d406	BGC_ANALYSIS:ANTISMASH_ANALYSIS:ANTISMASH (Pantoea_agglomerans_C-256)	COMPLETED	0	2026-08-29 04:01:45.072	2026-08-29 04:01:45.170	2026-08-29 04:02:23.102	35.9s	2	6 GB	707.2 MB	7.8 GB	94.6%	1.2%	1.6 GB	78 MB
2780	25/b75c8f	BGC_ANALYSIS:ANTISMASH_ANALYSIS:ANTISMASH (Pantoea_agglomerans_alfalfa124)	COMPLETED	0	2026-08-29 04:01:59.888	2026-08-29 04:01:59.986	2026-08-29 04:02:24.017	22.1s	2	6 GB	656.8 MB	7.7 GB	95.3%	1.0%	880.9 MB	53.1 MB
2765	86/d606a2	BGC_ANALYSIS:ANTISMASH_ANALYSIS:ANTISMASH (Pantoea_agglomerans_C-263)	COMPLETED	0	2026-08-29 04:01:57.330	2026-08-29 04:01:57.426	2026-08-29 04:02:32.538	33s	2	6 GB	722.8 MB	7.8 GB	93.0%	1.3%	1.4 GB	73.2 MB
2768	d4/b84415	BGC_ANALYSIS:ANTISMASH_ANALYSIS:ANTISMASH (Pantoea_agglomerans_C-267)	COMPLETED	0	2026-08-29 04:02:04.342	2026-08-29 04:02:04.439	2026-08-29 04:02:40.845	34.4s	2	6 GB	732.2 MB	7.8 GB	94.9%	1.2%	1.4 GB	74.7 MB
2766	7a/eb182d	BGC_ANALYSIS:ANTISMASH_ANALYSIS:ANTISMASH (Pantoea_agglomerans_C-264)	COMPLETED	0	2026-08-29 04:02:09.173	2026-08-29 04:02:09.270	2026-08-29 04:02:42.001	30.7s	2	6 GB	738.6 MB	7.8 GB	100.0%	1.2%	1.3 GB	71.7 MB
2782	7d/2fa9ac	BGC_ANALYSIS:ANTISMASH_ANALYSIS:ANTISMASH (Pantoea_ananatis_ZJ1)	COMPLETED	0	2026-08-29 04:02:22.012	2026-08-29 04:02:22.109	2026-08-29 04:02:44.184	20.1s	2	6 GB	807 MB	7.8 GB	136.2%	1.4%	846.1 MB	59.8 MB
2790	0e/4407ca	BGC_ANALYSIS:ANTISMASH_ANALYSIS:ANTISMASH (Pantoea_sp._beansprout122)	COMPLETED	0	2026-08-29 04:02:23.105	2026-08-29 04:02:23.202	2026-08-29 04:02:45.711	20.6s	2	6 GB	732.1 MB	7.8 GB	109.6%	1.3%	887.3 MB	56.3 MB
2771	cd/f77fa0	BGC_ANALYSIS:ANTISMASH_ANALYSIS:ANTISMASH (Pantoea_agglomerans_C-360)	COMPLETED	0	2026-08-29 04:02:24.020	2026-08-29 04:02:24.117	2026-08-29 04:02:46.965	20.9s	2	6 GB	787.3 MB	7.8 GB	124.6%	1.3%	869.2 MB	61.1 MB
2769	c0/088fdc	BGC_ANALYSIS:ANTISMASH_ANALYSIS:ANTISMASH (Pantoea_agglomerans_C-290)	COMPLETED	0	2026-08-29 04:02:16.483	2026-08-29 04:02:16.579	2026-08-29 04:02:51.237	32.6s	2	6 GB	726.3 MB	7.8 GB	93.1%	1.3%	1.3 GB	73 MB
2785	65/d4dc1d	BGC_ANALYSIS:ANTISMASH_ANALYSIS:ANTISMASH (Pantoea_sp._CFCC18179)	COMPLETED	0	2026-08-29 04:02:12.050	2026-08-29 04:02:12.147	2026-08-29 04:02:53.093	39s	2	6 GB	774.2 MB	7.8 GB	93.3%	1.3%	1.7 GB	83.6 MB
2786	c8/d3068d	BGC_ANALYSIS:ANTISMASH_ANALYSIS:ANTISMASH (Pantoea_sp._GW821-FHT03E06)	COMPLETED	0	2026-08-29 04:02:32.542	2026-08-29 04:02:32.638	2026-08-29 04:02:55.690	21s	2	6 GB	813.9 MB	7.8 GB	124.7%	1.4%	886.4 MB	63.2 MB
2794	eb/f1c11e	BGC_ANALYSIS:ANTISMASH_ANALYSIS:ANTISMASH (Pantoea_stewartii_subsp._indologenes_CG4)	COMPLETED	0	2026-08-29 04:02:42.005	2026-08-29 04:02:42.102	2026-08-29 04:03:04.116	20s	2	6 GB	816.9 MB	7.8 GB	126.1%	1.3%	848.7 MB	59.5 MB
2774	05/d98172	BGC_ANALYSIS:ANTISMASH_ANALYSIS:ANTISMASH (Pantoea_agglomerans_C-390)	COMPLETED	0	2026-08-29 04:02:44.187	2026-08-29 04:02:44.286	2026-08-29 04:03:08.527	22.2s	2	6 GB	798.6 MB	7.8 GB	118.2%	1.3%	878.9 MB	61.3 MB
2778	55/25db01	BGC_ANALYSIS:ANTISMASH_ANALYSIS:ANTISMASH (Pantoea_agglomerans_C-421)	COMPLETED	0	2026-08-29 04:02:46.968	2026-08-29 04:02:47.066	2026-08-29 04:03:11.235	22.1s	2	6 GB	776.5 MB	7.8 GB	117.9%	1.3%	900.8 MB	61.4 MB
2779	10/52db62	BGC_ANALYSIS:ANTISMASH_ANALYSIS:ANTISMASH (Pantoea_agglomerans_C4.1V)	COMPLETED	0	2026-08-29 04:02:51.241	2026-08-29 04:02:51.337	2026-08-29 04:03:14.445	21.1s	2	6 GB	790 MB	7.8 GB	127.4%	1.3%	861.2 MB	60.4 MB
2770	d9/6053ce	BGC_ANALYSIS:ANTISMASH_ANALYSIS:ANTISMASH (Pantoea_agglomerans_C-307)	COMPLETED	0	2026-08-29 04:02:40.848	2026-08-29 04:02:40.944	2026-08-29 04:03:14.880	31.9s	2	6 GB	712.5 MB	7.8 GB	92.7%	1.2%	1.3 GB	71.7 MB
2788	d1/34e962	BGC_ANALYSIS:ANTISMASH_ANALYSIS:ANTISMASH (Pantoea_sp._beansprout11)	COMPLETED	0	2026-08-29 04:02:53.096	2026-08-29 04:02:53.193	2026-08-29 04:03:17.158	22s	2	6 GB	731.7 MB	7.8 GB	108.0%	1.3%	880.7 MB	59 MB
2776	b6/ff6dbc	BGC_ANALYSIS:ANTISMASH_ANALYSIS:ANTISMASH (Pantoea_agglomerans_C-394)	COMPLETED	0	2026-08-29 04:02:45.715	2026-08-29 04:02:45.811	2026-08-29 04:03:17.523	29.7s	2	6 GB	725.9 MB	7.8 GB	96.5%	1.3%	1.1 GB	68.6 MB
2789	33/41de11	BGC_ANALYSIS:ANTISMASH_ANALYSIS:ANTISMASH (Pantoea_sp._beansprout119)	COMPLETED	0	2026-08-29 04:03:04.119	2026-08-29 04:03:04.215	2026-08-29 04:03:24.903	18.5s	2	6 GB	675.7 MB	7.7 GB	117.2%	1.1%	798.2 MB	54.1 MB
2787	be/7adb60	BGC_ANALYSIS:ANTISMASH_ANALYSIS:ANTISMASH (Pantoea_sp._MT58_2)	COMPLETED	0	2026-08-29 04:03:08.530	2026-08-29 04:03:08.627	2026-08-29 04:03:29.275	18.6s	2	6 GB	805.6 MB	7.8 GB	128.9%	1.4%	837.2 MB	58.4 MB
2793	4d/122f48	BGC_ANALYSIS:ANTISMASH_ANALYSIS:ANTISMASH (Pantoea_stewartii_subsp._indologenes_CG3)	COMPLETED	0	2026-08-29 04:03:14.884	2026-08-29 04:03:14.980	2026-08-29 04:03:34.629	17.8s	2	6 GB	781.5 MB	7.8 GB	127.8%	1.3%	849.6 MB	59.5 MB
2792	26/d7b311	BGC_ANALYSIS:ANTISMASH_ANALYSIS:ANTISMASH (Pantoea_stewartii_subsp._indologenes_CG1)	COMPLETED	0	2026-08-29 04:03:17.161	2026-08-29 04:03:17.259	2026-08-29 04:03:36.956	17.7s	2	6 GB	812.5 MB	7.8 GB	127.6%	1.3%	906.1 MB	60.8 MB
2791	e9/cbaa56	BGC_ANALYSIS:ANTISMASH_ANALYSIS:ANTISMASH (Pantoea_sp._beansprout19)	COMPLETED	0	2026-08-29 04:03:11.239	2026-08-29 04:03:11.336	2026-08-29 04:03:37.905	24.6s	2	6 GB	675.1 MB	7.7 GB	94.4%	1.2%	1.1 GB	64.6 MB
2783	c5/ad93a4	BGC_ANALYSIS:ANTISMASH_ANALYSIS:ANTISMASH (Pantoea_dispersa_PD8)	COMPLETED	0	2026-08-29 04:02:55.694	2026-08-29 04:02:55.790	2026-08-29 04:03:38.251	40.5s	2	6 GB	773.7 MB	7.8 GB	95.0%	1.3%	1.9 GB	88.1 MB
2784	17/491b2a	BGC_ANALYSIS:ANTISMASH_ANALYSIS:ANTISMASH (Pantoea_sp._CFCC18177)	COMPLETED	0	2026-08-29 04:03:14.448	2026-08-29 04:03:14.545	2026-08-29 04:03:51.985	35.6s	2	6 GB	768.9 MB	7.8 GB	92.8%	1.3%	1.9 GB	93.3 MB
2797	fd/e09d19	BGC_ANALYSIS:CLUSTERING:BIGSCAPE (Erwiniaceae)	COMPLETED	0	2026-08-29 04:03:52.968	2026-08-29 04:03:53.000	2026-08-29 04:05:11.370	1m 13s	8	32 GB	13.8 GB	35.3 GB	501.2%	24.4%	2.3 GB	144 MB
2798	62/7d49c2	BGC_ANALYSIS:CLUSTERING:EXTRACT_CLUSTERING_STATS (Erwiniaceae)	COMPLETED	0	2026-08-29 04:05:11.392	2026-08-29 04:05:11.470	2026-08-29 04:05:12.851	49ms	1	2 GB	12.6 MB	16.5 MB	99.0%	0.0%	845.7 KB	1 KB
2795	d8/2eccdd	BGC_ANALYSIS:TABULATE_REGIONS (Erwiniaceae)	COMPLETED	0	2026-08-29 04:03:52.879	2026-08-29 04:03:52.899	2026-08-29 04:05:55.028	1m 52s	1	2 GB	86.2 MB	90.1 MB	95.7%	0.1%	19.3 GB	56.4 KB
2796	1e/de02d0	BGC_ANALYSIS:COUNT_REGIONS (Erwiniaceae)	COMPLETED	0	2026-08-29 04:03:52.939	2026-08-29 04:03:52.999	2026-08-29 04:06:26.947	2m 24s	1	2 GB	117.1 MB	121.5 MB	99.7%	0.2%	19.3 GB	387.6 KB
2800	48/db66eb	BGC_ANALYSIS:AGGREGATE_TAXONOMY (Aggregating BGC statistics by taxonomy)	COMPLETED	0	2026-08-29 04:06:26.962	2026-08-29 04:06:27.048	2026-08-29 04:06:28.675	178ms	1	2 GB	13.9 MB	20.6 MB	94.7%	0.0%	3.9 MB	2 MB
2802	6d/681d19	BGC_ANALYSIS:PHYLOGENY:GENBANK_TO_FASTA (100 genomes)	COMPLETED	0	2026-08-29 04:06:27.044	2026-08-29 04:06:27.048	2026-08-29 04:06:50.923	22.2s	1	2 GB	93.9 MB	2.3 GB	101.9%	0.1%	876.5 MB	483.6 MB
2803	0a/730910	BGC_ANALYSIS:PHYLOGENY:GENBANK_TO_FASTA (98 genomes)	COMPLETED	0	2026-08-29 04:06:27.050	2026-08-29 04:06:27.149	2026-08-29 04:06:52.365	23.4s	1	2 GB	98.7 MB	2.3 GB	104.2%	0.2%	877.6 MB	470.4 MB
2801	01/b2d6f9	BGC_ANALYSIS:PHYLOGENY:GENBANK_TO_FASTA (100 genomes)	COMPLETED	0	2026-08-29 04:06:27.040	2026-08-29 04:06:27.048	2026-08-29 04:06:53.125	24.4s	1	2 GB	91.6 MB	2.3 GB	101.5%	0.1%	877.9 MB	478.3 MB
2799	46/e6b207	BGC_ANALYSIS:CLUSTERING:EXTRACT_GCF_REPRESENTATIVES (Erwiniaceae)	COMPLETED	0	2026-08-29 04:05:55.150	2026-08-29 04:05:55.228	2026-08-29 04:09:27.010	3m 20s	1	2 GB	203.5 MB	2.4 GB	100.4%	0.3%	19.4 GB	668 KB
2804	c6/676114	BGC_ANALYSIS:PHYLOGENY:GTDBTK_CLASSIFY (Erwiniaceae)	COMPLETED	0	2026-08-29 04:06:53.185	2026-08-29 04:06:53.226	2026-08-29 05:40:03.008	1h 33m 8s	8	48 GB	104 GB	221.9 GB	177.2%	149.6%	238.8 GB	11.4 GB
2805	e1/5098d4	BGC_ANALYSIS:COLLECT_VERSIONS (versions)	COMPLETED	0	2026-08-29 05:40:08.208	2026-08-29 05:40:08.235	2026-08-29 05:40:28.030	11.2s	1	2 GB	214.5 MB	2.5 GB	110.2%	0.4%	110.4 MB	2.7 KB
2806	ae/4c5d22	BGC_ANALYSIS:GCF_BIOSYNTHETIC_TREE (Erwiniaceae)	COMPLETED	0	2026-08-29 05:40:08.306	2026-08-29 05:40:08.334	2026-08-29 05:42:08.718	1m 47s	4	8 GB	191 MB	2.5 GB	102.8%	0.2%	10.7 GB	5.5 MB
2807	8f/8449dc	BGC_ANALYSIS:VISUALIZE_RESULTS (Erwiniaceae)	COMPLETED	0	2026-08-29 05:42:08.806	2026-08-29 05:42:08.819	2026-08-29 05:42:15.048	5.2s	4	8 GB	142.9 MB	2.3 GB	118.8%	0.2%	65.4 MB	13.7 MB
