task_id	hash	name	status	exit	submit	start	complete	realtime	cpus	memory	peak_rss	peak_vmem	%cpu	%mem	rchar	wchar
1	90/54ec81	BGC_ANALYSIS:ANTISMASH_ANALYSIS:GET_ANTISMASH_VERSION	COMPLETED	0	2026-08-28 17:29:35.312	2026-08-28 17:29:35.396	2026-08-28 17:29:39.108	2.5s	1	1 GB	164.7 MB	2.4 GB	117.9%	0.3%	36.1 MB	303 B
3	19/3080fd	DOWNLOAD_GENOMES:NCBI_DATASETS_DOWNLOAD (Pantoea)	COMPLETED	0	2026-08-28 17:29:35.329	2026-08-28 17:29:35.400	2026-08-28 17:37:17.248	7m 41s	4	8 GB	22.8 MB	1.2 GB	82.6%	0.0%	5.5 GB	16.5 GB
7	9a/e266e2	DOWNLOAD_GENOMES:CREATE_NAME_MAP (Pantoea)	COMPLETED	0	2026-08-28 17:37:17.390	2026-08-28 17:37:17.449	2026-08-28 17:37:18.736	71ms	1	2 GB	10.9 MB	15.3 MB	72.7%	0.0%	1.1 MB	86 KB
26	59/c1ca86	DOWNLOAD_GENOMES:RENAME_GENOMES (36 genomes)	COMPLETED	0	2026-08-28 17:37:18.965	2026-08-28 17:37:19.043	2026-08-28 17:37:22.758	585ms	1	2 GB	14.2 MB	18 MB	83.9%	0.0%	213.8 MB	212.7 MB
17	16/064b14	DOWNLOAD_GENOMES:RENAME_GENOMES (100 genomes)	COMPLETED	0	2026-08-28 17:37:18.834	2026-08-28 17:37:18.839	2026-08-28 17:37:28.260	6.5s	1	2 GB	14.1 MB	18 MB	33.4%	0.0%	808.2 MB	807.2 MB
8	a7/cde76f	DOWNLOAD_GENOMES:EXTRACT_TAXONOMY (Extracting taxonomy from NCBI metadata)	COMPLETED	0	2026-08-28 17:37:17.383	2026-08-28 17:37:17.448	2026-08-28 17:37:35.237	16.4s	1	2 GB	791.2 MB	1.9 GB	59.8%	1.3%	479.4 MB	1.6 MB
13	29/81bc59	DOWNLOAD_GENOMES:RENAME_GENOMES (100 genomes)	COMPLETED	0	2026-08-28 17:37:18.864	2026-08-28 17:37:18.946	2026-08-28 17:37:42.482	20.5s	1	2 GB	14.2 MB	18 MB	9.7%	0.0%	800.4 MB	799.3 MB
14	21/3e6e29	DOWNLOAD_GENOMES:RENAME_GENOMES (100 genomes)	COMPLETED	0	2026-08-28 17:37:18.896	2026-08-28 17:37:18.953	2026-08-28 17:37:42.743	20.8s	1	2 GB	14.5 MB	18 MB	10.9%	0.0%	876.9 MB	875.9 MB
18	9d/4ab2ea	DOWNLOAD_GENOMES:RENAME_GENOMES (100 genomes)	COMPLETED	0	2026-08-28 17:37:18.821	2026-08-28 17:37:18.838	2026-08-28 17:37:43.347	21.6s	1	2 GB	14.4 MB	18 MB	9.8%	0.0%	858.9 MB	857.9 MB
10	6a/d5605b	DOWNLOAD_GENOMES:RENAME_GENOMES (100 genomes)	COMPLETED	0	2026-08-28 17:37:18.875	2026-08-28 17:37:18.949	2026-08-28 17:37:44.351	22.2s	1	2 GB	14.5 MB	18 MB	9.9%	0.0%	831.8 MB	830.7 MB
11	6a/66b7ea	DOWNLOAD_GENOMES:RENAME_GENOMES (100 genomes)	COMPLETED	0	2026-08-28 17:37:18.800	2026-08-28 17:37:18.837	2026-08-28 17:37:47.613	25.3s	1	2 GB	14.2 MB	18 MB	10.0%	0.0%	1 GB	1 GB
15	b0/4362e2	DOWNLOAD_GENOMES:RENAME_GENOMES (100 genomes)	COMPLETED	0	2026-08-28 17:37:18.921	2026-08-28 17:37:18.955	2026-08-28 17:37:48.950	27s	1	2 GB	14.2 MB	18 MB	8.6%	0.0%	938.2 MB	937.1 MB
12	b5/e11d17	DOWNLOAD_GENOMES:RENAME_GENOMES (100 genomes)	COMPLETED	0	2026-08-28 17:37:18.788	2026-08-28 17:37:18.836	2026-08-28 17:37:52.302	30.5s	1	2 GB	14.4 MB	18 MB	7.6%	0.0%	983.8 MB	982.8 MB
20	b0/854e33	DOWNLOAD_GENOMES:RENAME_GENOMES (100 genomes)	COMPLETED	0	2026-08-28 17:37:18.844	2026-08-28 17:37:18.938	2026-08-28 17:37:52.514	30.7s	1	2 GB	14.4 MB	18 MB	8.5%	0.0%	1.1 GB	1.1 GB
24	be/6e9df5	DOWNLOAD_GENOMES:RENAME_GENOMES (100 genomes)	COMPLETED	0	2026-08-28 17:37:18.810	2026-08-28 17:37:18.837	2026-08-28 17:37:53.354	31.5s	1	2 GB	14.4 MB	18 MB	8.8%	0.0%	1.1 GB	1.1 GB
21	bd/8e6514	DOWNLOAD_GENOMES:RENAME_GENOMES (100 genomes)	COMPLETED	0	2026-08-28 17:37:18.934	2026-08-28 17:37:18.957	2026-08-28 17:37:56.927	35.1s	1	2 GB	14.4 MB	18 MB	8.2%	0.0%	1.1 GB	1.1 GB
9	14/a660b5	DOWNLOAD_GENOMES:RENAME_GENOMES (100 genomes)	COMPLETED	0	2026-08-28 17:37:18.979	2026-08-28 17:37:19.044	2026-08-28 17:37:57.406	34.8s	1	2 GB	14.5 MB	18 MB	6.8%	0.0%	949.8 MB	948.7 MB
16	f8/d1ebe9	DOWNLOAD_GENOMES:RENAME_GENOMES (100 genomes)	COMPLETED	0	2026-08-28 17:37:22.783	2026-08-28 17:37:22.859	2026-08-28 17:38:00.959	35.5s	1	2 GB	14.4 MB	18 MB	4.7%	0.0%	741.7 MB	740.6 MB
19	56/28fb79	DOWNLOAD_GENOMES:RENAME_GENOMES (100 genomes)	COMPLETED	0	2026-08-28 17:37:18.853	2026-08-28 17:37:18.944	2026-08-28 17:38:01.100	38.9s	1	2 GB	14.5 MB	18 MB	7.0%	0.0%	1.1 GB	1.1 GB
23	34/726dc5	DOWNLOAD_GENOMES:RENAME_GENOMES (100 genomes)	COMPLETED	0	2026-08-28 17:37:18.955	2026-08-28 17:37:19.042	2026-08-28 17:38:06.658	44s	1	2 GB	14.5 MB	18 MB	7.1%	0.0%	1.1 GB	1.1 GB
25	89/5e04bb	DOWNLOAD_GENOMES:RENAME_GENOMES (100 genomes)	COMPLETED	0	2026-08-28 17:37:35.242	2026-08-28 17:37:35.338	2026-08-28 17:38:09.255	32.6s	1	2 GB	14.5 MB	18 MB	10.0%	0.0%	877.6 MB	876.6 MB
22	b8/509c45	DOWNLOAD_GENOMES:RENAME_GENOMES (100 genomes)	COMPLETED	0	2026-08-28 17:37:28.265	2026-08-28 17:37:28.360	2026-08-28 17:38:15.626	45.6s	1	2 GB	14.4 MB	18 MB	20.4%	0.0%	1.1 GB	1.1 GB
36	72/99556b	BGC_ANALYSIS:ANTISMASH_ANALYSIS:ANTISMASH (Pantoea_dispersa_GCA_978246205.1)	COMPLETED	0	2026-08-28 17:37:42.756	2026-08-28 17:37:42.844	2026-08-28 17:39:11.654	1m 27s	2	6 GB	508.2 MB	7.7 GB	58.1%	0.8%	1 GB	68.3 MB
31	46/8f6323	BGC_ANALYSIS:ANTISMASH_ANALYSIS:ANTISMASH (Pantoea_ananatis_GCA_963520565.1)	COMPLETED	0	2026-08-28 17:38:06.665	2026-08-28 17:38:06.758	2026-08-28 17:39:34.875	1m 26s	2	6 GB	491.1 MB	7.6 GB	78.9%	0.8%	1.8 GB	85.7 MB
30	5f/90713f	BGC_ANALYSIS:ANTISMASH_ANALYSIS:ANTISMASH (Pantoea_agglomerans_GCA_977069885.1)	COMPLETED	0	2026-08-28 17:38:15.638	2026-08-28 17:38:15.730	2026-08-28 17:39:37.821	1m 19s	2	6 GB	492.9 MB	7.7 GB	88.6%	0.7%	1.9 GB	91.9 MB
38	bc/01c962	BGC_ANALYSIS:ANTISMASH_ANALYSIS:ANTISMASH (Pantoea_endophytica_GCA_977068135.1)	COMPLETED	0	2026-08-28 17:37:48.954	2026-08-28 17:37:49.051	2026-08-28 17:39:49.319	1m 59s	2	6 GB	477.6 MB	7.6 GB	70.7%	0.7%	2.3 GB	105 MB
40	bb/19bc0d	BGC_ANALYSIS:ANTISMASH_ANALYSIS:ANTISMASH (Pantoea_endophytica_GCA_977069925.1)	COMPLETED	0	2026-08-28 17:37:56.931	2026-08-28 17:37:57.027	2026-08-28 17:39:50.637	1m 52s	2	6 GB	501.8 MB	7.7 GB	77.8%	0.7%	2 GB	103.8 MB
29	37/6862fd	BGC_ANALYSIS:ANTISMASH_ANALYSIS:ANTISMASH (Pantoea_agglomerans_GCA_977069875.1)	COMPLETED	0	2026-08-28 17:39:11.742	2026-08-28 17:39:11.754	2026-08-28 17:40:06.125	50.8s	2	6 GB	516.1 MB	7.8 GB	110.4%	0.9%	1.4 GB	82.4 MB
35	b2/4cf502	BGC_ANALYSIS:ANTISMASH_ANALYSIS:ANTISMASH (Pantoea_brenneri_GCA_963517145.1)	COMPLETED	0	2026-08-28 17:37:52.519	2026-08-28 17:37:52.614	2026-08-28 17:40:09.395	2m 15s	2	6 GB	480.5 MB	7.6 GB	76.1%	0.7%	3.3 GB	122.4 MB
46	fb/147bde	BGC_ANALYSIS:ANTISMASH_ANALYSIS:ANTISMASH (Pantoea_sp._Nvir_GCA_960934465.1)	COMPLETED	0	2026-08-28 17:39:50.649	2026-08-28 17:39:50.737	2026-08-28 17:40:09.521	15.6s	2	6 GB	221.9 MB	2.7 GB	103.5%	0.3%	528 MB	26.3 MB
44	3c/ad850f	BGC_ANALYSIS:ANTISMASH_ANALYSIS:ANTISMASH (Pantoea_sp._E956-1_S3)	COMPLETED	0	2026-08-28 17:38:00.964	2026-08-28 17:38:01.059	2026-08-28 17:40:41.385	2m 39s	2	6 GB	4.7 GB	7.6 GB	97.0%	8.0%	15.5 GB	78.5 MB
34	9e/98d986	BGC_ANALYSIS:ANTISMASH_ANALYSIS:ANTISMASH (Pantoea_anthophila_GCA_979498125.1)	COMPLETED	0	2026-08-28 17:40:06.142	2026-08-28 17:40:06.225	2026-08-28 17:40:42.735	33.7s	2	6 GB	551.2 MB	7.9 GB	114.7%	0.8%	997.5 MB	63.3 MB
28	04/05e97c	BGC_ANALYSIS:ANTISMASH_ANALYSIS:ANTISMASH (Pantoea_agglomerans_GCA_977069615.1)	COMPLETED	0	2026-08-28 17:39:49.331	2026-08-28 17:39:49.420	2026-08-28 17:40:46.828	54s	2	6 GB	508.2 MB	7.7 GB	102.0%	0.9%	1.8 GB	90.8 MB
41	ee/5849c3	BGC_ANALYSIS:ANTISMASH_ANALYSIS:ANTISMASH (Pantoea_endophytica_GCA_977069995.1)	COMPLETED	0	2026-08-28 17:39:34.889	2026-08-28 17:39:34.976	2026-08-28 17:40:47.419	1m 10s	2	6 GB	526.9 MB	7.7 GB	106.0%	1.0%	1.9 GB	101.9 MB
39	3a/ecdd68	BGC_ANALYSIS:ANTISMASH_ANALYSIS:ANTISMASH (Pantoea_endophytica_GCA_977069735.1)	COMPLETED	0	2026-08-28 17:39:37.842	2026-08-28 17:39:37.922	2026-08-28 17:40:54.141	1m 13s	2	6 GB	566.3 MB	7.8 GB	105.0%	1.1%	2 GB	104.3 MB
125	87/ef1bfa	BGC_ANALYSIS:ANTISMASH_ANALYSIS:ANTISMASH (Pantoea_septica_CTOTU46987)	COMPLETED	0	2026-08-28 17:37:44.356	2026-08-28 17:37:44.451	2026-08-28 17:41:00.257	3m 14s	2	6 GB	497.3 MB	7.6 GB	83.5%	0.7%	5.9 GB	183.5 MB
37	b7/b5796d	BGC_ANALYSIS:ANTISMASH_ANALYSIS:ANTISMASH (Pantoea_endophytica_GCA_977067835.1)	COMPLETED	0	2026-08-28 17:40:09.539	2026-08-28 17:40:09.620	2026-08-28 17:41:17.854	1m 5s	2	6 GB	512.2 MB	7.7 GB	103.8%	0.9%	2.5 GB	106.5 MB
54	e5/53b6cf	BGC_ANALYSIS:ANTISMASH_ANALYSIS:ANTISMASH (uncultured_Pantoea_sp._GCA_963528295.1)	COMPLETED	0	2026-08-28 17:40:47.435	2026-08-28 17:40:47.519	2026-08-28 17:41:18.101	27.6s	2	6 GB	522.5 MB	7.8 GB	111.3%	0.7%	995.5 MB	59.7 MB
32	b4/e5688b	BGC_ANALYSIS:ANTISMASH_ANALYSIS:ANTISMASH (Pantoea_ananatis_GCA_982689715.1)	COMPLETED	0	2026-08-28 17:40:42.747	2026-08-28 17:40:42.835	2026-08-28 17:41:21.437	36.3s	2	6 GB	492.1 MB	7.8 GB	104.9%	0.8%	1.2 GB	72.7 MB
27	e2/0fb625	BGC_ANALYSIS:ANTISMASH_ANALYSIS:ANTISMASH (Pantoea_agglomerans_GCA_963528405.1)	COMPLETED	0	2026-08-28 17:40:46.844	2026-08-28 17:40:46.928	2026-08-28 17:41:33.130	43.3s	2	6 GB	483.7 MB	7.8 GB	100.3%	0.8%	1.6 GB	83.1 MB
45	c4/7bde72	BGC_ANALYSIS:ANTISMASH_ANALYSIS:ANTISMASH (Pantoea_sp._Marseille-Q5743)	COMPLETED	0	2026-08-28 17:41:00.265	2026-08-28 17:41:00.357	2026-08-28 17:41:36.435	33.8s	2	6 GB	512.5 MB	7.8 GB	107.7%	0.8%	1.2 GB	73.9 MB
43	19/226b39	BGC_ANALYSIS:ANTISMASH_ANALYSIS:ANTISMASH (Pantoea_septica_GCA_963524545.1)	COMPLETED	0	2026-08-28 17:40:54.151	2026-08-28 17:40:54.241	2026-08-28 17:41:40.202	43.8s	2	6 GB	478.4 MB	7.8 GB	101.4%	0.7%	1.8 GB	83.6 MB
33	b8/290fe4	BGC_ANALYSIS:ANTISMASH_ANALYSIS:ANTISMASH (Pantoea_ananatis_GCA_987119705.1)	COMPLETED	0	2026-08-28 17:40:41.403	2026-08-28 17:40:41.485	2026-08-28 17:41:45.734	1m 2s	2	6 GB	3.2 GB	7.9 GB	120.4%	4.4%	8.9 GB	63.9 MB
47	31/c4f51a	BGC_ANALYSIS:ANTISMASH_ANALYSIS:ANTISMASH (Pantoea_sp._Nvir_GCA_963853465.1)	COMPLETED	0	2026-08-28 17:41:21.443	2026-08-28 17:41:21.537	2026-08-28 17:41:47.835	24.3s	2	6 GB	794.3 MB	7.8 GB	124.8%	1.3%	857.8 MB	74.7 MB
48	06/c2dca2	BGC_ANALYSIS:ANTISMASH_ANALYSIS:ANTISMASH (Pantoea_vagans_GCA_963524165.1)	COMPLETED	0	2026-08-28 17:41:17.859	2026-08-28 17:41:17.954	2026-08-28 17:41:57.484	37.1s	2	6 GB	486.2 MB	7.8 GB	101.4%	0.7%	1.4 GB	75.6 MB
50	0b/04eb85	BGC_ANALYSIS:ANTISMASH_ANALYSIS:ANTISMASH (Pantoea_vagans_GCA_966185865.1)	COMPLETED	0	2026-08-28 17:41:18.111	2026-08-28 17:41:18.201	2026-08-28 17:42:14.198	53.6s	2	6 GB	525.5 MB	7.7 GB	103.1%	0.8%	2.3 GB	96.4 MB
49	76/4f1c84	BGC_ANALYSIS:ANTISMASH_ANALYSIS:ANTISMASH (Pantoea_vagans_GCA_965208375.1)	COMPLETED	0	2026-08-28 17:41:47.841	2026-08-28 17:41:47.935	2026-08-28 17:42:18.808	28.7s	2	6 GB	521.5 MB	7.8 GB	102.2%	0.7%	951.3 MB	63.6 MB
53	72/3b51d1	BGC_ANALYSIS:ANTISMASH_ANALYSIS:ANTISMASH (uncultured_Pantoea_sp._GCA_963523335.1)	COMPLETED	0	2026-08-28 17:42:18.813	2026-08-28 17:42:18.909	2026-08-28 17:42:47.142	26.3s	2	6 GB	478.1 MB	7.7 GB	105.1%	0.7%	1.1 GB	59 MB
58	b8/a44e77	BGC_ANALYSIS:ANTISMASH_ANALYSIS:ANTISMASH (uncultured_Pantoea_sp._GCA_966185695.1)	COMPLETED	0	2026-08-28 17:41:57.489	2026-08-28 17:41:57.584	2026-08-28 17:42:51.516	51.9s	2	6 GB	490.2 MB	7.7 GB	105.7%	0.7%	2.4 GB	100.1 MB
55	29/3557de	BGC_ANALYSIS:ANTISMASH_ANALYSIS:ANTISMASH (uncultured_Pantoea_sp._GCA_963530585.1)	COMPLETED	0	2026-08-28 17:41:36.441	2026-08-28 17:41:36.535	2026-08-28 17:43:03.461	1m 25s	2	6 GB	477.5 MB	7.6 GB	109.4%	0.7%	4.4 GB	140 MB
57	51/7cbeee	BGC_ANALYSIS:ANTISMASH_ANALYSIS:ANTISMASH (uncultured_Pantoea_sp._GCA_965726485.1)	COMPLETED	0	2026-08-28 17:41:40.208	2026-08-28 17:41:40.303	2026-08-28 17:43:12.531	1m 30s	2	6 GB	538.7 MB	7.7 GB	107.8%	0.9%	4.6 GB	155.5 MB
61	4b/9dd237	BGC_ANALYSIS:ANTISMASH_ANALYSIS:ANTISMASH (uncultured_Pantoea_sp._GCA_966186295.1)	COMPLETED	0	2026-08-28 17:41:33.139	2026-08-28 17:41:33.231	2026-08-28 17:43:13.758	1m 38s	2	6 GB	531.1 MB	7.7 GB	107.7%	0.8%	5.1 GB	164.5 MB
56	c0/a0e86e	BGC_ANALYSIS:ANTISMASH_ANALYSIS:ANTISMASH (uncultured_Pantoea_sp._GCA_964277945.1)	COMPLETED	0	2026-08-28 17:43:12.535	2026-08-28 17:43:12.632	2026-08-28 17:43:39.638	25.1s	2	6 GB	463.4 MB	7.7 GB	101.1%	0.7%	1004.6 MB	56.1 MB
52	48/2198bb	BGC_ANALYSIS:ANTISMASH_ANALYSIS:ANTISMASH (uncultured_Pantoea_sp._GCA_963520555.1)	COMPLETED	0	2026-08-28 17:43:03.466	2026-08-28 17:43:03.562	2026-08-28 17:43:39.675	34.2s	2	6 GB	464.1 MB	7.7 GB	103.0%	0.7%	1.6 GB	72.2 MB
60	95/cd478a	BGC_ANALYSIS:ANTISMASH_ANALYSIS:ANTISMASH (uncultured_Pantoea_sp._GCA_966185975.1)	COMPLETED	0	2026-08-28 17:42:51.521	2026-08-28 17:42:51.617	2026-08-28 17:43:41.980	48.4s	2	6 GB	473.9 MB	7.7 GB	106.7%	0.7%	2.5 GB	93.1 MB
65	d9/80650b	BGC_ANALYSIS:ANTISMASH_ANALYSIS:ANTISMASH (Pantoea_agglomerans_9Rz4)	COMPLETED	0	2026-08-28 17:43:13.762	2026-08-28 17:43:13.858	2026-08-28 17:43:42.148	26.4s	2	6 GB	801.5 MB	7.8 GB	118.0%	1.3%	1002.6 MB	86.8 MB
67	43/5a84f6	BGC_ANALYSIS:ANTISMASH_ANALYSIS:ANTISMASH (Pantoea_agglomerans_AR24)	COMPLETED	0	2026-08-28 17:43:39.643	2026-08-28 17:43:39.676	2026-08-28 17:44:03.951	22.5s	2	6 GB	815.9 MB	7.8 GB	128.1%	1.3%	897.9 MB	84.6 MB
73	be/42a013	BGC_ANALYSIS:ANTISMASH_ANALYSIS:ANTISMASH (Pantoea_agglomerans_DSM_3493_2)	COMPLETED	0	2026-08-28 17:43:39.680	2026-08-28 17:43:39.775	2026-08-28 17:44:11.940	30.5s	2	6 GB	686.9 MB	7.7 GB	96.3%	1.2%	1.2 GB	86.8 MB
70	ff/c5cb10	BGC_ANALYSIS:ANTISMASH_ANALYSIS:ANTISMASH (Pantoea_agglomerans_CTOTU46734)	COMPLETED	0	2026-08-28 17:43:41.986	2026-08-28 17:43:42.079	2026-08-28 17:44:15.030	31.1s	2	6 GB	488.5 MB	7.8 GB	102.9%	0.7%	1.2 GB	72.3 MB
42	5f/6ae74f	BGC_ANALYSIS:ANTISMASH_ANALYSIS:ANTISMASH (Pantoea_septica_GCA_943914765.1)	COMPLETED	0	2026-08-28 17:40:09.468	2026-08-28 17:40:09.495	2026-08-28 17:44:20.107	4m 7s	2	6 GB	554.1 MB	7.7 GB	116.2%	1.1%	13 GB	353.6 MB
68	c1/f74942	BGC_ANALYSIS:ANTISMASH_ANALYSIS:ANTISMASH (Pantoea_agglomerans_AR8b)	COMPLETED	0	2026-08-28 17:44:15.035	2026-08-28 17:44:15.130	2026-08-28 17:44:39.750	22.7s	2	6 GB	800 MB	7.8 GB	124.9%	1.4%	887.8 MB	83.2 MB
63	52/e632d5	BGC_ANALYSIS:ANTISMASH_ANALYSIS:ANTISMASH (Candidatus_Pantoea_bathycoeliae_BD_Bin1)	COMPLETED	0	2026-08-28 17:43:42.160	2026-08-28 17:43:42.248	2026-08-28 17:44:40.991	56.9s	2	6 GB	473.6 MB	7.6 GB	108.5%	0.7%	3.1 GB	104.1 MB
64	14/0d09d0	BGC_ANALYSIS:ANTISMASH_ANALYSIS:ANTISMASH (Curtobacterium_plantarum_CC49)	COMPLETED	0	2026-08-28 17:44:11.944	2026-08-28 17:44:12.040	2026-08-28 17:44:41.928	28s	2	6 GB	744 MB	7.8 GB	101.2%	1.3%	1.1 GB	84.8 MB
74	2f/be6e0b	BGC_ANALYSIS:ANTISMASH_ANALYSIS:ANTISMASH (Pantoea_agglomerans_FC61912-B)	COMPLETED	0	2026-08-28 17:44:20.117	2026-08-28 17:44:20.208	2026-08-28 17:44:45.774	23.6s	2	6 GB	824.5 MB	7.8 GB	120.8%	1.3%	983.7 MB	89.2 MB
59	aa/5a8b32	BGC_ANALYSIS:ANTISMASH_ANALYSIS:ANTISMASH (uncultured_Pantoea_sp._GCA_966185735.1)	COMPLETED	0	2026-08-28 17:41:45.740	2026-08-28 17:41:45.834	2026-08-28 17:44:54.393	3m 6s	2	6 GB	504 MB	7.7 GB	114.6%	0.8%	10.3 GB	284.5 MB
77	cc/9b6fd4	BGC_ANALYSIS:ANTISMASH_ANALYSIS:ANTISMASH (Pantoea_agglomerans_NBBC-01)	COMPLETED	0	2026-08-28 17:44:45.778	2026-08-28 17:44:45.874	2026-08-28 17:45:11.567	23.8s	2	6 GB	834.2 MB	7.8 GB	125.8%	1.3%	930.7 MB	84.3 MB
78	ec/ab801b	BGC_ANALYSIS:ANTISMASH_ANALYSIS:ANTISMASH (Pantoea_agglomerans_Pan8)	COMPLETED	0	2026-08-28 17:44:41.941	2026-08-28 17:44:42.028	2026-08-28 17:45:18.017	34.2s	2	6 GB	667.1 MB	7.7 GB	94.4%	1.1%	1.4 GB	94.4 MB
76	74/e16f9c	BGC_ANALYSIS:ANTISMASH_ANALYSIS:ANTISMASH (Pantoea_agglomerans_MMD61212-C)	COMPLETED	0	2026-08-28 17:44:54.399	2026-08-28 17:44:54.493	2026-08-28 17:45:19.059	22.5s	2	6 GB	785.8 MB	7.8 GB	128.3%	1.4%	887.8 MB	83.2 MB
51	92/9233e7	BGC_ANALYSIS:ANTISMASH_ANALYSIS:ANTISMASH (Pantoea_wallisii_GCA_966186725.1)	COMPLETED	0	2026-08-28 17:42:14.203	2026-08-28 17:42:14.298	2026-08-28 17:45:19.918	3m 4s	2	6 GB	502.9 MB	7.7 GB	113.2%	0.8%	10.5 GB	285.4 MB
80	95/f2943f	BGC_ANALYSIS:ANTISMASH_ANALYSIS:ANTISMASH (Pantoea_agglomerans_ROTS050421)	COMPLETED	0	2026-08-28 17:45:11.575	2026-08-28 17:45:11.668	2026-08-28 17:45:41.342	27.5s	2	6 GB	831.4 MB	7.8 GB	125.1%	1.3%	929.8 MB	86.3 MB
75	1f/73ef91	BGC_ANALYSIS:ANTISMASH_ANALYSIS:ANTISMASH (Pantoea_agglomerans_ISF_438)	COMPLETED	0	2026-08-28 17:45:18.021	2026-08-28 17:45:18.116	2026-08-28 17:45:45.878	25.3s	2	6 GB	607.1 MB	7.8 GB	123.4%	1.0%	813.3 MB	63 MB
79	be/acaf47	BGC_ANALYSIS:ANTISMASH_ANALYSIS:ANTISMASH (Pantoea_agglomerans_PvP026)	COMPLETED	0	2026-08-28 17:45:19.063	2026-08-28 17:45:19.159	2026-08-28 17:45:48.022	26.3s	2	6 GB	814.3 MB	7.8 GB	121.7%	1.3%	937.7 MB	84.6 MB
72	98/ea268f	BGC_ANALYSIS:ANTISMASH_ANALYSIS:ANTISMASH (Pantoea_agglomerans_CTOTU50149)	COMPLETED	0	2026-08-28 17:45:19.922	2026-08-28 17:45:20.018	2026-08-28 17:45:58.933	36.3s	2	6 GB	475.4 MB	7.7 GB	101.7%	0.7%	1.3 GB	75.6 MB
66	10/df7129	BGC_ANALYSIS:ANTISMASH_ANALYSIS:ANTISMASH (Pantoea_agglomerans_AJ2b)	COMPLETED	0	2026-08-28 17:44:41.004	2026-08-28 17:44:41.091	2026-08-28 17:45:59.384	1m 16s	2	6 GB	4.8 GB	7.8 GB	125.5%	6.9%	22.9 GB	89.9 MB
69	04/2fdff4	BGC_ANALYSIS:ANTISMASH_ANALYSIS:ANTISMASH (Pantoea_agglomerans_BH6c)	COMPLETED	0	2026-08-28 17:44:39.766	2026-08-28 17:44:39.851	2026-08-28 17:45:59.812	1m 18s	2	6 GB	4.8 GB	7.9 GB	126.1%	7.5%	23.9 GB	89.1 MB
86	e8/f82505	BGC_ANALYSIS:ANTISMASH_ANALYSIS:ANTISMASH (Pantoea_allii_BAV3077)	COMPLETED	0	2026-08-28 17:45:59.817	2026-08-28 17:45:59.912	2026-08-28 17:46:21.869	19.8s	2	6 GB	664 MB	7.4 GB	134.3%	1.0%	794.5 MB	58.9 MB
87	bb/a2647f	BGC_ANALYSIS:ANTISMASH_ANALYSIS:ANTISMASH (Pantoea_ananatis_13.3)	COMPLETED	0	2026-08-28 17:45:41.347	2026-08-28 17:45:41.442	2026-08-28 17:46:43.702	1m	2	6 GB	4.7 GB	7.7 GB	109.2%	5.6%	9.8 GB	93.8 MB
85	f0/d98b1e	BGC_ANALYSIS:ANTISMASH_ANALYSIS:ANTISMASH (Pantoea_allii_BAV3048)	COMPLETED	0	2026-08-28 17:45:58.938	2026-08-28 17:45:59.033	2026-08-28 17:46:47.657	46.5s	2	6 GB	733.2 MB	7.8 GB	95.7%	1.3%	2 GB	111.1 MB
83	cd/cc8e21	BGC_ANALYSIS:ANTISMASH_ANALYSIS:ANTISMASH (Pantoea_agglomerans_W2I1)	COMPLETED	0	2026-08-28 17:46:21.877	2026-08-28 17:46:21.969	2026-08-28 17:46:47.879	23.5s	2	6 GB	794.6 MB	7.8 GB	126.1%	1.3%	892.4 MB	81.6 MB
82	7a/266122	BGC_ANALYSIS:ANTISMASH_ANALYSIS:ANTISMASH (Pantoea_agglomerans_T88c)	COMPLETED	0	2026-08-28 17:45:45.883	2026-08-28 17:45:45.978	2026-08-28 17:46:52.826	1m 5s	2	6 GB	4.8 GB	8.2 GB	128.9%	5.8%	19.2 GB	88.4 MB
81	b0/db6652	BGC_ANALYSIS:ANTISMASH_ANALYSIS:ANTISMASH (Pantoea_agglomerans_SUH1)	COMPLETED	0	2026-08-28 17:45:48.028	2026-08-28 17:45:48.122	2026-08-28 17:47:00.787	1m 10s	2	6 GB	4.8 GB	7.8 GB	129.4%	6.5%	22.9 GB	89.3 MB
84	3c/02f350	BGC_ANALYSIS:ANTISMASH_ANALYSIS:ANTISMASH (Pantoea_agglomerans_subsp._jekyllhydei_SeqCode_AR5)	COMPLETED	0	2026-08-28 17:45:59.389	2026-08-28 17:45:59.484	2026-08-28 17:47:06.119	1m 5s	2	6 GB	4.9 GB	8.2 GB	129.5%	4.3%	19.1 GB	85.8 MB
92	2d/1186c9	BGC_ANALYSIS:ANTISMASH_ANALYSIS:ANTISMASH (Pantoea_ananatis_SORGH_AS_0197)	COMPLETED	0	2026-08-28 17:46:52.831	2026-08-28 17:46:52.926	2026-08-28 17:47:20.394	25.2s	2	6 GB	768.4 MB	7.8 GB	125.0%	1.3%	923.6 MB	83.4 MB
102	e1/d5aecb	BGC_ANALYSIS:ANTISMASH_ANALYSIS:ANTISMASH (Pantoea_dispersa_SORGH_AS_1094)	COMPLETED	0	2026-08-28 17:47:00.792	2026-08-28 17:47:00.888	2026-08-28 17:47:27.558	24.5s	2	6 GB	793.4 MB	7.8 GB	124.0%	1.3%	890.8 MB	82.5 MB
62	c4/1614b8	BGC_ANALYSIS:ANTISMASH_ANALYSIS:ANTISMASH (uncultured_Pantoea_sp._GCA_966426255.1)	COMPLETED	0	2026-08-28 17:42:47.146	2026-08-28 17:42:47.243	2026-08-28 17:47:44.297	4m 55s	2	6 GB	521.4 MB	7.6 GB	111.8%	1.0%	16.7 GB	438.6 MB
88	80/585ae9	BGC_ANALYSIS:ANTISMASH_ANALYSIS:ANTISMASH (Pantoea_ananatis_4.2)	COMPLETED	0	2026-08-28 17:46:43.710	2026-08-28 17:46:43.802	2026-08-28 17:47:50.346	1m 5s	2	6 GB	4.7 GB	7.8 GB	107.6%	5.2%	10.1 GB	100.4 MB
89	bd/79e769	BGC_ANALYSIS:ANTISMASH_ANALYSIS:ANTISMASH (Pantoea_ananatis_B13)	COMPLETED	0	2026-08-28 17:46:47.677	2026-08-28 17:46:47.757	2026-08-28 17:47:52.454	1m 3s	2	6 GB	4.7 GB	7.8 GB	107.3%	5.6%	10 GB	93 MB
93	3c/5626e2	BGC_ANALYSIS:ANTISMASH_ANALYSIS:ANTISMASH (Pantoea_ananatis_SORGH_AS_0213)	COMPLETED	0	2026-08-28 17:47:20.401	2026-08-28 17:47:20.494	2026-08-28 17:48:02.504	39.6s	2	6 GB	731 MB	7.8 GB	96.3%	1.2%	1.6 GB	98.7 MB
96	cd/df9234	BGC_ANALYSIS:ANTISMASH_ANALYSIS:ANTISMASH (Pantoea_anthophila_SORGH_AS_0797)	COMPLETED	0	2026-08-28 17:47:44.302	2026-08-28 17:47:44.398	2026-08-28 17:48:09.800	23.3s	2	6 GB	806.1 MB	7.8 GB	123.0%	1.3%	885.7 MB	78.7 MB
106	c2/333e31	BGC_ANALYSIS:ANTISMASH_ANALYSIS:ANTISMASH (Pantoea_eucalypti_CTOTU46720)	COMPLETED	0	2026-08-28 17:47:27.568	2026-08-28 17:47:27.659	2026-08-28 17:48:12.348	42.4s	2	6 GB	492.4 MB	7.7 GB	103.2%	0.7%	1.8 GB	87.4 MB
90	39/bc1f20	BGC_ANALYSIS:ANTISMASH_ANALYSIS:ANTISMASH (Pantoea_ananatis_BAV3096)	COMPLETED	0	2026-08-28 17:46:47.883	2026-08-28 17:46:47.979	2026-08-28 17:48:21.612	1m 32s	2	6 GB	4.7 GB	7.8 GB	116.0%	7.7%	22.7 GB	113.4 MB
94	aa/37f969	BGC_ANALYSIS:ANTISMASH_ANALYSIS:ANTISMASH (Pantoea_ananatis_ZM-BH-PB4)	COMPLETED	0	2026-08-28 17:48:02.509	2026-08-28 17:48:02.604	2026-08-28 17:48:25.961	21.3s	2	6 GB	724.2 MB	7.8 GB	117.8%	1.3%	859.7 MB	79.3 MB
97	1c/ebd0d3	BGC_ANALYSIS:ANTISMASH_ANALYSIS:ANTISMASH (Pantoea_anthophila_UI705)	COMPLETED	0	2026-08-28 17:48:09.805	2026-08-28 17:48:09.900	2026-08-28 17:48:30.250	18.5s	2	6 GB	621.7 MB	7.4 GB	133.2%	1.1%	766.4 MB	55.9 MB
91	97/616f54	BGC_ANALYSIS:ANTISMASH_ANALYSIS:ANTISMASH (Pantoea_ananatis_CTOTU47720)	COMPLETED	0	2026-08-28 17:47:50.352	2026-08-28 17:47:50.447	2026-08-28 17:48:34.487	41.9s	2	6 GB	482.2 MB	7.7 GB	102.2%	0.7%	1.8 GB	87.1 MB
101	04/bb00a4	BGC_ANALYSIS:ANTISMASH_ANALYSIS:ANTISMASH (Pantoea_dispersa_CTOTU50501)	COMPLETED	0	2026-08-28 17:48:25.965	2026-08-28 17:48:26.061	2026-08-28 17:49:06.333	38.4s	2	6 GB	487.3 MB	7.8 GB	102.7%	0.7%	1.6 GB	82.1 MB
98	f1/3b8466	BGC_ANALYSIS:ANTISMASH_ANALYSIS:ANTISMASH (Pantoea_brenneri_CTOTU46732)	COMPLETED	0	2026-08-28 17:48:12.352	2026-08-28 17:48:12.448	2026-08-28 17:49:06.930	52.5s	2	6 GB	497.4 MB	7.7 GB	105.6%	0.7%	2.4 GB	103.3 MB
99	d5/31925a	BGC_ANALYSIS:ANTISMASH_ANALYSIS:ANTISMASH (Pantoea_brenneri_CTOTU49348)	COMPLETED	0	2026-08-28 17:48:34.491	2026-08-28 17:48:34.587	2026-08-28 17:49:07.491	30.9s	2	6 GB	508.9 MB	7.8 GB	105.7%	0.7%	1.1 GB	71.2 MB
71	de/1b4fff	BGC_ANALYSIS:ANTISMASH_ANALYSIS:ANTISMASH (Pantoea_agglomerans_CTOTU46772)	COMPLETED	0	2026-08-28 17:44:03.958	2026-08-28 17:44:04.051	2026-08-28 17:49:19.111	5m 13s	2	6 GB	590.9 MB	7.7 GB	111.1%	1.0%	17.5 GB	480.6 MB
95	83/fc599d	BGC_ANALYSIS:ANTISMASH_ANALYSIS:ANTISMASH (Pantoea_anthophila_CTOTU48722)	COMPLETED	0	2026-08-28 17:47:52.459	2026-08-28 17:47:52.554	2026-08-28 17:49:35.006	1m 40s	2	6 GB	536.6 MB	7.7 GB	108.1%	0.8%	5.2 GB	170 MB
111	25/022f93	BGC_ANALYSIS:ANTISMASH_ANALYSIS:ANTISMASH (Pantoea_eucrina_CTOTU47867)	COMPLETED	0	2026-08-28 17:48:21.618	2026-08-28 17:48:21.713	2026-08-28 17:49:56.579	1m 33s	2	6 GB	488.6 MB	7.6 GB	109.5%	0.7%	4.9 GB	156.2 MB
108	48/aee9f6	BGC_ANALYSIS:ANTISMASH_ANALYSIS:ANTISMASH (Pantoea_eucalypti_CTOTU48822)	COMPLETED	0	2026-08-28 17:49:35.010	2026-08-28 17:49:35.105	2026-08-28 17:50:05.381	28.3s	2	6 GB	504.4 MB	7.8 GB	109.3%	0.7%	1 GB	66.5 MB
105	1a/e208fd	BGC_ANALYSIS:ANTISMASH_ANALYSIS:ANTISMASH (Pantoea_eucalypti_BAV3111)	COMPLETED	0	2026-08-28 17:49:06.934	2026-08-28 17:49:07.030	2026-08-28 17:50:24.334	1m 15s	2	6 GB	730.4 MB	7.8 GB	99.0%	1.3%	4 GB	159.1 MB
103	d4/47bad9	BGC_ANALYSIS:ANTISMASH_ANALYSIS:ANTISMASH (Pantoea_endophytica_CTOTU47575)	COMPLETED	0	2026-08-28 17:49:07.495	2026-08-28 17:49:07.591	2026-08-28 17:50:44.979	1m 35s	2	6 GB	556.4 MB	7.7 GB	109.1%	1.1%	4.8 GB	163.8 MB
113	02/d2b0a4	BGC_ANALYSIS:ANTISMASH_ANALYSIS:ANTISMASH (Pantoea_eucrina_CTOTU48970)	COMPLETED	0	2026-08-28 17:50:24.338	2026-08-28 17:50:24.435	2026-08-28 17:50:58.756	32.3s	2	6 GB	476.3 MB	7.7 GB	105.7%	0.7%	1.3 GB	67.5 MB
114	af/85fc42	BGC_ANALYSIS:ANTISMASH_ANALYSIS:ANTISMASH (Pantoea_eucrina_CTOTU49339)	COMPLETED	0	2026-08-28 17:50:44.987	2026-08-28 17:50:45.079	2026-08-28 17:51:13.674	26.6s	2	6 GB	470.9 MB	7.8 GB	105.5%	0.7%	1 GB	56.7 MB
117	59/4bd194	BGC_ANALYSIS:ANTISMASH_ANALYSIS:ANTISMASH (Pantoea_piersonii_CTOTU47726)	COMPLETED	0	2026-08-28 17:49:06.337	2026-08-28 17:49:06.433	2026-08-28 17:51:25.579	2m 17s	2	6 GB	539.3 MB	7.7 GB	111.5%	0.9%	7.3 GB	221.1 MB
112	91/bdd416	BGC_ANALYSIS:ANTISMASH_ANALYSIS:ANTISMASH (Pantoea_eucrina_CTOTU48270)	COMPLETED	0	2026-08-28 17:50:58.761	2026-08-28 17:50:58.857	2026-08-28 17:51:32.341	31.5s	2	6 GB	464.9 MB	7.7 GB	105.7%	0.7%	1.3 GB	65.3 MB
116	5e/85a824	BGC_ANALYSIS:ANTISMASH_ANALYSIS:ANTISMASH (Pantoea_piersonii_CTOTU47640)	COMPLETED	0	2026-08-28 17:51:25.583	2026-08-28 17:51:25.679	2026-08-28 17:52:00.068	32.3s	2	6 GB	485.1 MB	7.8 GB	104.6%	0.7%	1.2 GB	71.9 MB
110	04/c8e15f	BGC_ANALYSIS:ANTISMASH_ANALYSIS:ANTISMASH (Pantoea_eucrina_CTOTU47818)	COMPLETED	0	2026-08-28 17:50:05.385	2026-08-28 17:50:05.481	2026-08-28 17:52:03.324	1m 56s	2	6 GB	516.6 MB	7.7 GB	114.0%	0.8%	6.1 GB	181.8 MB
115	55/10abde	BGC_ANALYSIS:ANTISMASH_ANALYSIS:ANTISMASH (Pantoea_phytobeneficialis_PF55)	COMPLETED	0	2026-08-28 17:51:13.679	2026-08-28 17:51:13.774	2026-08-28 17:52:05.217	49.5s	2	6 GB	738.3 MB	7.8 GB	96.1%	1.3%	2.1 GB	126.6 MB
119	b6/ece636	BGC_ANALYSIS:ANTISMASH_ANALYSIS:ANTISMASH (Pantoea_piersonii_CTOTU48840)	COMPLETED	0	2026-08-28 17:52:03.328	2026-08-28 17:52:03.424	2026-08-28 17:52:44.885	39.6s	2	6 GB	504.1 MB	7.8 GB	105.7%	0.9%	1.6 GB	83.7 MB
104	53/8fb28e	BGC_ANALYSIS:ANTISMASH_ANALYSIS:ANTISMASH (Pantoea_endophytica_CTOTU49164)	COMPLETED	0	2026-08-28 17:47:06.126	2026-08-28 17:47:06.219	2026-08-28 17:52:48.893	5m 40s	2	6 GB	582.1 MB	7.7 GB	112.8%	1.1%	19.1 GB	510.8 MB
100	99/0db341	BGC_ANALYSIS:ANTISMASH_ANALYSIS:ANTISMASH (Pantoea_dispersa_CTOTU47074)	COMPLETED	0	2026-08-28 17:48:30.255	2026-08-28 17:48:30.351	2026-08-28 17:52:53.577	4m 21s	2	6 GB	547.6 MB	7.7 GB	112.9%	1.0%	14.7 GB	395.1 MB
118	14/8bfb96	BGC_ANALYSIS:ANTISMASH_ANALYSIS:ANTISMASH (Pantoea_piersonii_CTOTU47921)	COMPLETED	0	2026-08-28 17:52:00.072	2026-08-28 17:52:00.168	2026-08-28 17:53:19.708	1m 18s	2	6 GB	494.8 MB	7.6 GB	105.9%	0.7%	3.7 GB	136.2 MB
109	f0/8592e8	BGC_ANALYSIS:ANTISMASH_ANALYSIS:ANTISMASH (Pantoea_eucrina_CTOTU47420)	COMPLETED	0	2026-08-28 17:49:56.583	2026-08-28 17:49:56.680	2026-08-28 17:53:24.053	3m 25s	2	6 GB	522.8 MB	7.7 GB	113.4%	1.0%	11.5 GB	310.6 MB
124	f1/1a44bb	BGC_ANALYSIS:ANTISMASH_ANALYSIS:ANTISMASH (Pantoea_septica_CTOTU46979)	COMPLETED	0	2026-08-28 17:52:53.583	2026-08-28 17:52:53.677	2026-08-28 17:53:43.835	47.9s	2	6 GB	484.9 MB	7.7 GB	103.9%	0.7%	2.1 GB	91.5 MB
107	c0/6896cd	BGC_ANALYSIS:ANTISMASH_ANALYSIS:ANTISMASH (Pantoea_eucalypti_CTOTU47461)	COMPLETED	0	2026-08-28 17:49:19.115	2026-08-28 17:49:19.211	2026-08-28 17:54:15.412	4m 54s	2	6 GB	548.1 MB	7.7 GB	112.9%	1.0%	16.4 GB	439.2 MB
122	46/aaeefd	BGC_ANALYSIS:ANTISMASH_ANALYSIS:ANTISMASH (Pantoea_septica_CTOTU46921)	COMPLETED	0	2026-08-28 17:52:44.890	2026-08-28 17:52:44.985	2026-08-28 17:54:15.874	1m 29s	2	6 GB	496.5 MB	7.6 GB	108.0%	0.7%	4.5 GB	147.9 MB
126	e6/774110	BGC_ANALYSIS:ANTISMASH_ANALYSIS:ANTISMASH (Pantoea_septica_CTOTU47044)	COMPLETED	0	2026-08-28 17:53:24.058	2026-08-28 17:53:24.153	2026-08-28 17:54:27.633	1m 1s	2	6 GB	487 MB	7.7 GB	104.3%	0.7%	2.9 GB	113.8 MB
121	06/fa4de9	BGC_ANALYSIS:ANTISMASH_ANALYSIS:ANTISMASH (Pantoea_septica_CTOTU46803)	COMPLETED	0	2026-08-28 17:51:32.345	2026-08-28 17:51:32.442	2026-08-28 17:54:52.706	3m 18s	2	6 GB	515.7 MB	7.7 GB	112.1%	1.0%	10.8 GB	297.2 MB
136	0b/8299c0	BGC_ANALYSIS:ANTISMASH_ANALYSIS:ANTISMASH (Pantoea_sp._CTOTU49358)	COMPLETED	0	2026-08-28 17:54:15.418	2026-08-28 17:54:15.512	2026-08-28 17:55:21.439	1m 4s	2	6 GB	524.5 MB	7.7 GB	107.0%	0.7%	3.1 GB	113.2 MB
128	98/36a7f1	BGC_ANALYSIS:ANTISMASH_ANALYSIS:ANTISMASH (Pantoea_septica_CTOTU49303)	COMPLETED	0	2026-08-28 17:53:19.713	2026-08-28 17:53:19.809	2026-08-28 17:55:34.603	2m 13s	2	6 GB	488.4 MB	7.6 GB	111.8%	0.7%	7 GB	204.9 MB
131	b0/78705f	BGC_ANALYSIS:ANTISMASH_ANALYSIS:ANTISMASH (Pantoea_sp._CTOTU46764_CTOTU46764)	COMPLETED	0	2026-08-28 17:54:27.637	2026-08-28 17:54:27.733	2026-08-28 17:55:41.580	1m 12s	2	6 GB	489.3 MB	7.7 GB	106.0%	0.7%	3.3 GB	126.1 MB
120	f4/55c2a0	BGC_ANALYSIS:ANTISMASH_ANALYSIS:ANTISMASH (Pantoea_septica_CTOTU46749)	COMPLETED	0	2026-08-28 17:52:05.221	2026-08-28 17:52:05.317	2026-08-28 17:55:59.211	3m 52s	2	6 GB	524.5 MB	7.7 GB	112.3%	1.0%	12.6 GB	344.8 MB
127	0a/9be297	BGC_ANALYSIS:ANTISMASH_ANALYSIS:ANTISMASH (Pantoea_septica_CTOTU49094)	COMPLETED	0	2026-08-28 17:53:43.839	2026-08-28 17:53:43.936	2026-08-28 17:56:12.502	2m 26s	2	6 GB	541.7 MB	7.7 GB	111.5%	0.9%	7.7 GB	226.6 MB
1360	0d/2d0e05	BGC_ANALYSIS:ANTISMASH_ANALYSIS:ANTISMASH (Pantoea_stewartii_C10109_Jinnung)	COMPLETED	0	2026-08-28 17:54:52.748	2026-08-28 17:54:52.806	2026-08-28 17:56:18.291	1m 23s	2	6 GB	4.7 GB	7.8 GB	128.8%	4.4%	27.7 GB	69.3 MB
143	f2/5839b0	BGC_ANALYSIS:ANTISMASH_ANALYSIS:ANTISMASH (Pantoea_sp._QMID1)	COMPLETED	0	2026-08-28 17:55:59.216	2026-08-28 17:55:59.311	2026-08-28 17:56:34.471	33s	2	6 GB	733 MB	7.8 GB	98.5%	1.2%	1.2 GB	85 MB
129	9e/81074e	BGC_ANALYSIS:ANTISMASH_ANALYSIS:ANTISMASH (Pantoea_septica_CTOTU49771)	COMPLETED	0	2026-08-28 17:55:21.445	2026-08-28 17:55:21.540	2026-08-28 17:56:53.357	1m 30s	2	6 GB	528.2 MB	7.7 GB	107.2%	0.8%	4.4 GB	147.8 MB
130	53/99c8fd	BGC_ANALYSIS:ANTISMASH_ANALYSIS:ANTISMASH (Pantoea_septica_CTOTU50841)	COMPLETED	0	2026-08-28 17:56:18.296	2026-08-28 17:56:18.391	2026-08-28 17:57:01.955	41.5s	2	6 GB	484.8 MB	7.7 GB	105.0%	0.8%	1.7 GB	84.1 MB
138	42/736654	BGC_ANALYSIS:ANTISMASH_ANALYSIS:ANTISMASH (Pantoea_sp._CTOTU50324)	COMPLETED	0	2026-08-28 17:56:34.476	2026-08-28 17:56:34.571	2026-08-28 17:57:07.193	30.5s	2	6 GB	489.9 MB	7.8 GB	105.8%	0.7%	1.1 GB	67.1 MB
134	f6/ca9949	BGC_ANALYSIS:ANTISMASH_ANALYSIS:ANTISMASH (Pantoea_sp._CTOTU48473)	COMPLETED	0	2026-08-28 17:56:53.364	2026-08-28 17:56:53.457	2026-08-28 17:57:33.830	38.3s	2	6 GB	482.4 MB	7.8 GB	103.5%	0.7%	1.5 GB	80.2 MB
132	30/0927f1	BGC_ANALYSIS:ANTISMASH_ANALYSIS:ANTISMASH (Pantoea_sp._CTOTU46904)	COMPLETED	0	2026-08-28 17:56:12.506	2026-08-28 17:56:12.603	2026-08-28 17:57:36.045	1m 21s	2	6 GB	487.6 MB	7.6 GB	108.6%	0.7%	4.1 GB	137.4 MB
144	d3/245083	BGC_ANALYSIS:ANTISMASH_ANALYSIS:ANTISMASH (Pantoea_sp._QMID2)	COMPLETED	0	2026-08-28 17:57:07.198	2026-08-28 17:57:07.293	2026-08-28 17:57:41.147	31.8s	2	6 GB	708.5 MB	7.8 GB	98.4%	1.2%	1.2 GB	84.6 MB
141	3f/de88c3	BGC_ANALYSIS:ANTISMASH_ANALYSIS:ANTISMASH (Pantoea_sp._CTOTU50773_CTOTU50773)	COMPLETED	0	2026-08-28 17:55:41.584	2026-08-28 17:55:41.680	2026-08-28 17:57:45.665	2m 2s	2	6 GB	536.1 MB	7.7 GB	112.5%	0.8%	6.1 GB	191.3 MB
142	64/3cd54a	BGC_ANALYSIS:ANTISMASH_ANALYSIS:ANTISMASH (Pantoea_sp._Lij88)	COMPLETED	0	2026-08-28 17:57:36.050	2026-08-28 17:57:36.148	2026-08-28 17:58:01.212	23.1s	2	6 GB	792.3 MB	7.8 GB	128.6%	1.3%	849.1 MB	79.9 MB
140	5a/7805cb	BGC_ANALYSIS:ANTISMASH_ANALYSIS:ANTISMASH (Pantoea_sp._CTOTU50650)	COMPLETED	0	2026-08-28 17:57:01.959	2026-08-28 17:57:02.055	2026-08-28 17:58:09.955	1m 6s	2	6 GB	495.5 MB	7.6 GB	105.3%	0.7%	3.1 GB	118.7 MB
145	50/eeecaa	BGC_ANALYSIS:ANTISMASH_ANALYSIS:ANTISMASH (Pantoea_sp._QMID3)	COMPLETED	0	2026-08-28 17:57:45.670	2026-08-28 17:57:45.765	2026-08-28 17:58:20.779	32.9s	2	6 GB	740.8 MB	7.8 GB	98.0%	1.2%	1.2 GB	85.1 MB
150	14/25ac3f	BGC_ANALYSIS:ANTISMASH_ANALYSIS:ANTISMASH (Pantoea_stewartii_RON18713)	COMPLETED	0	2026-08-28 17:58:01.217	2026-08-28 17:58:01.313	2026-08-28 17:58:25.757	22.3s	2	6 GB	808.8 MB	7.8 GB	126.5%	1.3%	789 MB	74.9 MB
137	1c/d0bf12	BGC_ANALYSIS:ANTISMASH_ANALYSIS:ANTISMASH (Pantoea_sp._CTOTU49800)	COMPLETED	0	2026-08-28 17:54:15.878	2026-08-28 17:54:15.974	2026-08-28 17:58:26.758	4m 9s	2	6 GB	533.5 MB	7.7 GB	112.9%	1.0%	13.6 GB	369.3 MB
139	5a/649ddb	BGC_ANALYSIS:ANTISMASH_ANALYSIS:ANTISMASH (Pantoea_sp._CTOTU50332)	COMPLETED	0	2026-08-28 17:55:34.608	2026-08-28 17:55:34.702	2026-08-28 17:58:44.861	3m 8s	2	6 GB	609.8 MB	7.8 GB	112.9%	1.2%	9.6 GB	282.8 MB
149	97/ac4183	BGC_ANALYSIS:ANTISMASH_ANALYSIS:ANTISMASH (Pantoea_sp._SORGH_AS_0659)	COMPLETED	0	2026-08-28 17:58:26.762	2026-08-28 17:58:26.859	2026-08-28 17:58:54.369	25.4s	2	6 GB	814.9 MB	7.8 GB	125.2%	1.4%	931.6 MB	87 MB
154	60/c20332	BGC_ANALYSIS:ANTISMASH_ANALYSIS:ANTISMASH (Pantoea_stewartii_subsp._stewartii_34258_2_15)	COMPLETED	0	2026-08-28 17:58:25.761	2026-08-28 17:58:25.857	2026-08-28 17:58:58.628	30.7s	2	6 GB	624.7 MB	7.8 GB	120.8%	1.1%	1.1 GB	75.3 MB
151	77/5fa517	BGC_ANALYSIS:ANTISMASH_ANALYSIS:ANTISMASH (Pantoea_stewartii_subsp._indologenes_LMG_2630)	COMPLETED	0	2026-08-28 17:58:44.866	2026-08-28 17:58:44.961	2026-08-28 17:59:11.050	23.9s	2	6 GB	629.6 MB	7.9 GB	127.6%	1.0%	815.3 MB	61.8 MB
146	8d/6aa5bc	BGC_ANALYSIS:ANTISMASH_ANALYSIS:ANTISMASH (Pantoea_sp._QMID4)	COMPLETED	0	2026-08-28 17:58:58.633	2026-08-28 17:58:58.728	2026-08-28 17:59:33.124	32.2s	2	6 GB	697.1 MB	7.8 GB	98.1%	1.2%	1.2 GB	84.5 MB
152	ab/96639e	BGC_ANALYSIS:ANTISMASH_ANALYSIS:ANTISMASH (Pantoea_stewartii_subsp._indologenes_LMG_2671)	COMPLETED	0	2026-08-28 17:59:11.055	2026-08-28 17:59:11.150	2026-08-28 17:59:38.704	25.4s	2	6 GB	635.3 MB	7.9 GB	126.6%	1.1%	828 MB	62.4 MB
159	a6/4a4567	BGC_ANALYSIS:ANTISMASH_ANALYSIS:ANTISMASH (Pantoea_stewartii_subsp._stewartii_IPV-BO_2766)	COMPLETED	0	2026-08-28 17:58:54.375	2026-08-28 17:58:54.469	2026-08-28 17:59:41.619	45.1s	2	6 GB	640.2 MB	7.9 GB	123.2%	1.1%	2.1 GB	99.6 MB
123	bf/464ade	BGC_ANALYSIS:ANTISMASH_ANALYSIS:ANTISMASH (Pantoea_septica_CTOTU46924)	COMPLETED	0	2026-08-28 17:52:48.897	2026-08-28 17:52:48.993	2026-08-28 17:59:48.985	6m 58s	2	6 GB	596.4 MB	7.7 GB	111.2%	1.0%	23.7 GB	615 MB
153	a4/f70d3d	BGC_ANALYSIS:ANTISMASH_ANALYSIS:ANTISMASH (Pantoea_stewartii_subsp._indologenes_SCHI0154.S.1)	COMPLETED	0	2026-08-28 17:59:33.128	2026-08-28 17:59:33.224	2026-08-28 18:00:08.772	33.5s	2	6 GB	715.8 MB	7.8 GB	96.2%	1.3%	1.3 GB	92 MB
155	e4/030271	BGC_ANALYSIS:ANTISMASH_ANALYSIS:ANTISMASH (Pantoea_stewartii_subsp._stewartii_34596_1_15)	COMPLETED	0	2026-08-28 17:59:41.624	2026-08-28 17:59:41.720	2026-08-28 18:00:17.286	33.4s	2	6 GB	528.1 MB	7.8 GB	113.3%	0.9%	1.3 GB	76.6 MB
161	22/b540f4	BGC_ANALYSIS:ANTISMASH_ANALYSIS:ANTISMASH (Pantoea_vagans_CTOTU47047)	COMPLETED	0	2026-08-28 17:59:38.709	2026-08-28 17:59:38.804	2026-08-28 18:00:19.387	38.6s	2	6 GB	503.4 MB	7.8 GB	107.7%	0.7%	1.5 GB	80.8 MB
157	bf/dc50eb	BGC_ANALYSIS:ANTISMASH_ANALYSIS:ANTISMASH (Pantoea_stewartii_subsp._stewartii_49474_1__18)	COMPLETED	0	2026-08-28 17:59:48.989	2026-08-28 17:59:49.085	2026-08-28 18:00:22.641	31.5s	2	6 GB	643.5 MB	7.9 GB	122.6%	1.1%	1.2 GB	77 MB
162	73/0ed51d	BGC_ANALYSIS:ANTISMASH_ANALYSIS:ANTISMASH (Pantoea_vagans_CTOTU47068)	COMPLETED	0	2026-08-28 18:00:17.290	2026-08-28 18:00:17.387	2026-08-28 18:00:51.884	32.5s	2	6 GB	493.9 MB	7.8 GB	104.3%	0.7%	1.1 GB	70.4 MB
133	95/92aa7b	BGC_ANALYSIS:ANTISMASH_ANALYSIS:ANTISMASH (Pantoea_sp._CTOTU46950_CTOTU46950)	COMPLETED	0	2026-08-28 17:57:41.152	2026-08-28 17:57:41.248	2026-08-28 18:00:53.812	3m 11s	2	6 GB	512 MB	7.7 GB	114.4%	1.0%	9.8 GB	277.7 MB
156	78/fe8ce8	BGC_ANALYSIS:ANTISMASH_ANALYSIS:ANTISMASH (Pantoea_stewartii_subsp._stewartii_49472_2__18)	COMPLETED	0	2026-08-28 18:00:22.645	2026-08-28 18:00:22.741	2026-08-28 18:00:55.953	31.2s	2	6 GB	570.1 MB	7.9 GB	119.1%	0.9%	1.2 GB	79.9 MB
158	89/405382	BGC_ANALYSIS:ANTISMASH_ANALYSIS:ANTISMASH (Pantoea_stewartii_subsp._stewartii_CREA_DC_1788)	COMPLETED	0	2026-08-28 18:00:08.776	2026-08-28 18:00:08.871	2026-08-28 18:00:58.608	47.5s	2	6 GB	493.5 MB	7.8 GB	105.6%	0.7%	2.2 GB	96.7 MB
170	cc/5e1e5a	BGC_ANALYSIS:ANTISMASH_ANALYSIS:ANTISMASH (Pantoea_agglomerans_CFBP13616)	COMPLETED	0	2026-08-28 18:00:51.888	2026-08-28 18:00:51.984	2026-08-28 18:01:25.608	31.6s	2	6 GB	763.4 MB	7.8 GB	98.4%	1.3%	1.1 GB	85.6 MB
166	1e/1e9aac	BGC_ANALYSIS:ANTISMASH_ANALYSIS:ANTISMASH (Pantoea_agglomerans_CFBP13569)	COMPLETED	0	2026-08-28 18:00:58.612	2026-08-28 18:00:58.707	2026-08-28 18:01:29.088	28.3s	2	6 GB	732.2 MB	7.8 GB	109.7%	1.2%	1.1 GB	84.1 MB
135	4f/98bd2d	BGC_ANALYSIS:ANTISMASH_ANALYSIS:ANTISMASH (Pantoea_sp._CTOTU49201_CTOTU49201)	COMPLETED	0	2026-08-28 17:57:33.834	2026-08-28 17:57:33.930	2026-08-28 18:01:51.765	4m 16s	2	6 GB	542.4 MB	7.7 GB	113.8%	1.0%	13.6 GB	375.2 MB
177	3e/65c451	BGC_ANALYSIS:ANTISMASH_ANALYSIS:ANTISMASH (Pantoea_agglomerans_CFBP8785)	COMPLETED	0	2026-08-28 18:01:25.612	2026-08-28 18:01:25.709	2026-08-28 18:01:52.533	24.7s	2	6 GB	846.9 MB	7.9 GB	123.9%	1.4%	910 MB	85.9 MB
147	79/625a17	BGC_ANALYSIS:ANTISMASH_ANALYSIS:ANTISMASH (Pantoea_sp._SHSU.bins.162)	COMPLETED	0	2026-08-28 17:58:20.790	2026-08-28 17:58:20.879	2026-08-28 18:01:53.143	3m 30s	2	6 GB	503.7 MB	7.6 GB	114.7%	1.0%	11 GB	306.5 MB
171	b5/b9c028	BGC_ANALYSIS:ANTISMASH_ANALYSIS:ANTISMASH (Pantoea_agglomerans_CFBP13709)	COMPLETED	0	2026-08-28 18:00:55.958	2026-08-28 18:00:56.054	2026-08-28 18:01:54.853	56.9s	2	6 GB	829.9 MB	7.9 GB	97.6%	1.3%	2.7 GB	130.1 MB
164	00/3fc193	BGC_ANALYSIS:ANTISMASH_ANALYSIS:ANTISMASH (Pantoea_agglomerans_AR1a)	COMPLETED	0	2026-08-28 18:00:53.817	2026-08-28 18:00:53.912	2026-08-28 18:02:02.803	1m 7s	2	6 GB	4.8 GB	7.8 GB	130.8%	5.3%	22.4 GB	85.1 MB
148	cb/8e9680	BGC_ANALYSIS:ANTISMASH_ANALYSIS:ANTISMASH (Pantoea_sp._SHSU.bins.380)	COMPLETED	0	2026-08-28 17:58:09.959	2026-08-28 17:58:10.055	2026-08-28 18:02:06.352	3m 54s	2	6 GB	494.8 MB	7.6 GB	112.5%	0.8%	13 GB	340.6 MB
165	09/b0ef8c	BGC_ANALYSIS:ANTISMASH_ANALYSIS:ANTISMASH (Pantoea_agglomerans_CFBP13566)	COMPLETED	0	2026-08-28 18:01:29.093	2026-08-28 18:01:29.188	2026-08-28 18:02:16.475	45.2s	2	6 GB	762.4 MB	7.8 GB	95.2%	1.3%	1.9 GB	109.4 MB
169	a1/98a905	BGC_ANALYSIS:ANTISMASH_ANALYSIS:ANTISMASH (Pantoea_agglomerans_CFBP13600)	COMPLETED	0	2026-08-28 18:01:51.770	2026-08-28 18:01:51.866	2026-08-28 18:02:18.114	24.3s	2	6 GB	803.2 MB	7.8 GB	125.2%	1.3%	909.9 MB	84 MB
168	65/1c0c32	BGC_ANALYSIS:ANTISMASH_ANALYSIS:ANTISMASH (Pantoea_agglomerans_CFBP13593)	COMPLETED	0	2026-08-28 18:01:54.857	2026-08-28 18:01:54.953	2026-08-28 18:02:21.318	24.3s	2	6 GB	821.7 MB	7.8 GB	123.4%	1.4%	920.8 MB	87.3 MB
176	8f/7626a6	BGC_ANALYSIS:ANTISMASH_ANALYSIS:ANTISMASH (Pantoea_agglomerans_CFBP8784)	COMPLETED	0	2026-08-28 18:01:52.545	2026-08-28 18:01:52.633	2026-08-28 18:02:25.120	30.5s	2	6 GB	739 MB	7.8 GB	104.3%	1.2%	1.2 GB	86 MB
167	cc/ba6300	BGC_ANALYSIS:ANTISMASH_ANALYSIS:ANTISMASH (Pantoea_agglomerans_CFBP13583)	COMPLETED	0	2026-08-28 18:02:02.808	2026-08-28 18:02:02.904	2026-08-28 18:02:32.680	27.5s	2	6 GB	738.7 MB	7.8 GB	107.2%	1.2%	1 GB	83.1 MB
163	f2/eac367	BGC_ANALYSIS:ANTISMASH_ANALYSIS:ANTISMASH (Pantoea_agglomerans_ANP8)	COMPLETED	0	2026-08-28 18:01:53.148	2026-08-28 18:01:53.244	2026-08-28 18:02:39.700	44.5s	2	6 GB	683.7 MB	7.8 GB	94.4%	1.3%	1.9 GB	103 MB
173	14/24bd63	BGC_ANALYSIS:ANTISMASH_ANALYSIS:ANTISMASH (Pantoea_agglomerans_CFBP8756)	COMPLETED	0	2026-08-28 18:02:21.322	2026-08-28 18:02:21.418	2026-08-28 18:02:48.219	24.8s	2	6 GB	782.3 MB	7.8 GB	123.5%	1.3%	924.7 MB	86.1 MB
175	09/deb8f0	BGC_ANALYSIS:ANTISMASH_ANALYSIS:ANTISMASH (Pantoea_agglomerans_CFBP8783)	COMPLETED	0	2026-08-28 18:02:06.356	2026-08-28 18:02:06.452	2026-08-28 18:02:52.195	43.5s	2	6 GB	772.4 MB	7.8 GB	94.8%	1.3%	1.8 GB	108.5 MB
178	60/7e4505	BGC_ANALYSIS:ANTISMASH_ANALYSIS:ANTISMASH (Pantoea_agglomerans_CFBP8786)	COMPLETED	0	2026-08-28 18:02:16.480	2026-08-28 18:02:16.575	2026-08-28 18:02:55.241	36.7s	2	6 GB	736 MB	7.8 GB	95.6%	1.2%	1.5 GB	95.8 MB
179	79/0297a6	BGC_ANALYSIS:ANTISMASH_ANALYSIS:ANTISMASH (Pantoea_agglomerans_CFBP8791)	COMPLETED	0	2026-08-28 18:02:18.118	2026-08-28 18:02:18.215	2026-08-28 18:03:01.213	41s	2	6 GB	723.5 MB	7.8 GB	95.1%	1.3%	1.7 GB	101.6 MB
172	3a/86c48e	BGC_ANALYSIS:ANTISMASH_ANALYSIS:ANTISMASH (Pantoea_agglomerans_CFBP13731)	COMPLETED	0	2026-08-28 18:02:25.125	2026-08-28 18:02:25.220	2026-08-28 18:03:07.204	39.9s	2	6 GB	765.2 MB	7.8 GB	95.5%	1.3%	1.6 GB	101.3 MB
174	42/c6a954	BGC_ANALYSIS:ANTISMASH_ANALYSIS:ANTISMASH (Pantoea_agglomerans_CFBP8774)	COMPLETED	0	2026-08-28 18:02:39.705	2026-08-28 18:02:39.800	2026-08-28 18:03:09.049	26.9s	2	6 GB	847.1 MB	7.9 GB	120.3%	1.4%	1 GB	94.8 MB
180	02/acfbc6	BGC_ANALYSIS:ANTISMASH_ANALYSIS:ANTISMASH (Pantoea_agglomerans_CFBP8792)	COMPLETED	0	2026-08-28 18:02:32.684	2026-08-28 18:02:32.781	2026-08-28 18:03:14.400	39.5s	2	6 GB	818.1 MB	7.8 GB	95.8%	1.3%	1.6 GB	102.8 MB
184	4c/374c01	BGC_ANALYSIS:ANTISMASH_ANALYSIS:ANTISMASH (Pantoea_agglomerans_NC)	COMPLETED	0	2026-08-28 18:02:55.245	2026-08-28 18:02:55.341	2026-08-28 18:03:28.204	30.7s	2	6 GB	705.8 MB	7.8 GB	95.5%	1.2%	1.1 GB	82.6 MB
181	a5/f91342	BGC_ANALYSIS:ANTISMASH_ANALYSIS:ANTISMASH (Pantoea_agglomerans_CFBP8800)	COMPLETED	0	2026-08-28 18:02:52.199	2026-08-28 18:02:52.295	2026-08-28 18:03:30.528	36.1s	2	6 GB	770.5 MB	7.8 GB	99.1%	1.3%	1.4 GB	97.7 MB
182	b2/38113f	BGC_ANALYSIS:ANTISMASH_ANALYSIS:ANTISMASH (Pantoea_agglomerans_Eh_335)	COMPLETED	0	2026-08-28 18:02:48.223	2026-08-28 18:02:48.319	2026-08-28 18:03:30.760	40.5s	2	6 GB	674.5 MB	7.7 GB	95.7%	1.2%	1.5 GB	101.1 MB
183	80/3ab50d	BGC_ANALYSIS:ANTISMASH_ANALYSIS:ANTISMASH (Pantoea_agglomerans_MM2021_7)	COMPLETED	0	2026-08-28 18:03:01.217	2026-08-28 18:03:01.313	2026-08-28 18:03:40.438	37s	2	6 GB	715.2 MB	7.8 GB	95.2%	1.3%	1.4 GB	95.5 MB
185	0c/60cd6f	BGC_ANALYSIS:ANTISMASH_ANALYSIS:ANTISMASH (Pantoea_agglomerans_Pa17-1)	COMPLETED	0	2026-08-28 18:03:07.208	2026-08-28 18:03:07.304	2026-08-28 18:03:52.406	43.1s	2	6 GB	508.9 MB	7.8 GB	102.1%	0.9%	1.7 GB	84.5 MB
187	95/83ecec	BGC_ANALYSIS:ANTISMASH_ANALYSIS:ANTISMASH (Pantoea_ananatis_LCFJ-001)	COMPLETED	0	2026-08-28 18:03:28.208	2026-08-28 18:03:28.304	2026-08-28 18:03:53.662	23.3s	2	6 GB	621.4 MB	7.5 GB	128.0%	0.9%	735.2 MB	48.4 MB
160	fd/4dec49	BGC_ANALYSIS:ANTISMASH_ANALYSIS:ANTISMASH (Pantoea_vagans_CTOTU47005)	COMPLETED	0	2026-08-28 18:00:19.392	2026-08-28 18:00:19.490	2026-08-28 18:04:06.129	3m 45s	2	6 GB	524.9 MB	7.7 GB	113.1%	1.0%	11.9 GB	329.3 MB
189	9a/21dd76	BGC_ANALYSIS:ANTISMASH_ANALYSIS:ANTISMASH (Pantoea_ananatis_PANS_1_10)	COMPLETED	0	2026-08-28 18:03:30.764	2026-08-28 18:03:30.861	2026-08-28 18:04:06.470	33.6s	2	6 GB	518.1 MB	7.8 GB	106.2%	0.7%	1.1 GB	71.6 MB
188	fe/48cc06	BGC_ANALYSIS:ANTISMASH_ANALYSIS:ANTISMASH (Pantoea_ananatis_OC5a)	COMPLETED	0	2026-08-28 18:03:14.407	2026-08-28 18:03:14.500	2026-08-28 18:04:09.595	52.9s	2	6 GB	4.8 GB	7.9 GB	124.4%	7.0%	9.5 GB	81.7 MB
190	5b/d28070	BGC_ANALYSIS:ANTISMASH_ANALYSIS:ANTISMASH (Pantoea_ananatis_PANS_1_2)	COMPLETED	0	2026-08-28 18:03:30.532	2026-08-28 18:03:30.628	2026-08-28 18:04:41.419	1m 9s	2	6 GB	4.7 GB	7.9 GB	114.7%	7.6%	10.3 GB	72.7 MB
194	41/263df1	BGC_ANALYSIS:ANTISMASH_ANALYSIS:ANTISMASH (Pantoea_ananatis_PANS_1_9)	COMPLETED	0	2026-08-28 18:04:06.475	2026-08-28 18:04:06.571	2026-08-28 18:04:46.097	37.7s	2	6 GB	520.2 MB	7.7 GB	113.2%	0.7%	1.1 GB	70.6 MB
195	1a/4be78b	BGC_ANALYSIS:ANTISMASH_ANALYSIS:ANTISMASH (Pantoea_ananatis_PANS_200_1)	COMPLETED	0	2026-08-28 18:04:09.601	2026-08-28 18:04:09.695	2026-08-28 18:04:51.709	39.8s	2	6 GB	545 MB	7.8 GB	113.4%	0.7%	1 GB	67.4 MB
193	44/8b7d3e	BGC_ANALYSIS:ANTISMASH_ANALYSIS:ANTISMASH (Pantoea_ananatis_PANS_1_8)	COMPLETED	0	2026-08-28 18:04:06.134	2026-08-28 18:04:06.228	2026-08-28 18:04:53.052	44.9s	2	6 GB	532.4 MB	7.8 GB	108.0%	0.7%	1.3 GB	74.8 MB
191	11/6f00ff	BGC_ANALYSIS:ANTISMASH_ANALYSIS:ANTISMASH (Pantoea_ananatis_PANS_1_5)	COMPLETED	0	2026-08-28 18:03:52.410	2026-08-28 18:03:52.506	2026-08-28 18:05:15.624	1m 21s	2	6 GB	4.7 GB	7.8 GB	113.0%	7.7%	10.1 GB	67.8 MB
192	ca/39eecd	BGC_ANALYSIS:ANTISMASH_ANALYSIS:ANTISMASH (Pantoea_ananatis_PANS_1_6)	COMPLETED	0	2026-08-28 18:03:53.667	2026-08-28 18:03:53.762	2026-08-28 18:05:17.679	1m 22s	2	6 GB	4.7 GB	7.9 GB	112.7%	5.5%	10.2 GB	68.4 MB
202	b1/520eea	BGC_ANALYSIS:ANTISMASH_ANALYSIS:ANTISMASH (Pantoea_ananatis_PANS_4_2)	COMPLETED	0	2026-08-28 18:03:40.442	2026-08-28 18:03:40.537	2026-08-28 18:05:28.150	1m 45s	2	6 GB	4.8 GB	7.8 GB	121.7%	7.6%	23.2 GB	74.6 MB
186	eb/dbcdff	BGC_ANALYSIS:ANTISMASH_ANALYSIS:ANTISMASH (Pantoea_agglomerans_R6)	COMPLETED	0	2026-08-28 18:03:09.053	2026-08-28 18:03:09.149	2026-08-28 18:05:45.646	2m 34s	2	6 GB	694.5 MB	7.8 GB	100.6%	1.2%	7.6 GB	246.1 MB
208	03/15c55d	BGC_ANALYSIS:ANTISMASH_ANALYSIS:ANTISMASH (Pantoea_ananatis_PANS_99_29)	COMPLETED	0	2026-08-28 18:04:41.427	2026-08-28 18:04:41.520	2026-08-28 18:05:53.261	1m 9s	2	6 GB	4.6 GB	7.8 GB	113.3%	6.1%	10.3 GB	73.1 MB
196	08/0b4f75	BGC_ANALYSIS:ANTISMASH_ANALYSIS:ANTISMASH (Pantoea_ananatis_PANS_200_2)	COMPLETED	0	2026-08-28 18:04:46.105	2026-08-28 18:04:46.198	2026-08-28 18:06:18.358	1m 30s	2	6 GB	4.7 GB	7.8 GB	122.0%	5.9%	22.4 GB	70.9 MB
198	5d/1fac51	BGC_ANALYSIS:ANTISMASH_ANALYSIS:ANTISMASH (Pantoea_ananatis_PANS_2_5)	COMPLETED	0	2026-08-28 18:04:53.058	2026-08-28 18:04:53.153	2026-08-28 18:06:20.274	1m 25s	2	6 GB	4.7 GB	7.9 GB	128.6%	8.1%	22.9 GB	73.8 MB
205	80/e84be2	BGC_ANALYSIS:ANTISMASH_ANALYSIS:ANTISMASH (Pantoea_ananatis_PANS_99_23)	COMPLETED	0	2026-08-28 18:05:45.651	2026-08-28 18:05:45.746	2026-08-28 18:06:23.447	35.5s	2	6 GB	514.2 MB	7.8 GB	102.1%	0.9%	1.2 GB	71.9 MB
197	34/9b6b61	BGC_ANALYSIS:ANTISMASH_ANALYSIS:ANTISMASH (Pantoea_ananatis_PANS_2_1)	COMPLETED	0	2026-08-28 18:04:51.714	2026-08-28 18:04:51.809	2026-08-28 18:06:25.011	1m 30s	2	6 GB	4.7 GB	7.8 GB	123.6%	8.1%	24.3 GB	77.3 MB
199	30/480563	BGC_ANALYSIS:ANTISMASH_ANALYSIS:ANTISMASH (Pantoea_ananatis_PANS_2_6)	COMPLETED	0	2026-08-28 18:05:15.630	2026-08-28 18:05:15.725	2026-08-28 18:06:27.744	1m 10s	2	6 GB	4.7 GB	7.8 GB	114.6%	7.1%	10.7 GB	73.7 MB
204	d3/266289	BGC_ANALYSIS:ANTISMASH_ANALYSIS:ANTISMASH (Pantoea_ananatis_PANS_99_22)	COMPLETED	0	2026-08-28 18:05:53.266	2026-08-28 18:05:53.362	2026-08-28 18:06:29.869	34.3s	2	6 GB	540.9 MB	7.8 GB	112.4%	0.8%	1.2 GB	72.2 MB
200	74/b05cb8	BGC_ANALYSIS:ANTISMASH_ANALYSIS:ANTISMASH (Pantoea_ananatis_PANS_2_7)	COMPLETED	0	2026-08-28 18:05:17.683	2026-08-28 18:05:17.779	2026-08-28 18:06:49.632	1m 29s	2	6 GB	4.7 GB	7.9 GB	123.7%	7.7%	23.4 GB	73.9 MB
201	0f/a59bf8	BGC_ANALYSIS:ANTISMASH_ANALYSIS:ANTISMASH (Pantoea_ananatis_PANS_2_8)	COMPLETED	0	2026-08-28 18:05:28.157	2026-08-28 18:05:28.250	2026-08-28 18:06:58.179	1m 27s	2	6 GB	4.7 GB	7.8 GB	123.1%	7.3%	22.9 GB	73.8 MB
214	64/7e0e63	BGC_ANALYSIS:ANTISMASH_ANALYSIS:ANTISMASH (Pantoea_ananatis_PANS_99_5)	COMPLETED	0	2026-08-28 18:06:29.872	2026-08-28 18:06:29.969	2026-08-28 18:07:05.515	33.4s	2	6 GB	543 MB	7.8 GB	112.4%	0.7%	1.3 GB	74.2 MB
215	21/0a41c5	BGC_ANALYSIS:ANTISMASH_ANALYSIS:ANTISMASH (Pantoea_ananatis_PANS_99_9)	COMPLETED	0	2026-08-28 18:06:25.017	2026-08-28 18:06:25.111	2026-08-28 18:07:05.758	38.5s	2	6 GB	513.4 MB	7.8 GB	104.2%	0.8%	1.4 GB	78.8 MB
206	90/dfc2f9	BGC_ANALYSIS:ANTISMASH_ANALYSIS:ANTISMASH (Pantoea_ananatis_PANS_99_25)	COMPLETED	0	2026-08-28 18:06:20.279	2026-08-28 18:06:20.374	2026-08-28 18:07:20.887	58.4s	2	6 GB	3.3 GB	7.8 GB	115.1%	4.2%	10.2 GB	70.6 MB
212	80/99f271	BGC_ANALYSIS:ANTISMASH_ANALYSIS:ANTISMASH (Pantoea_ananatis_PANS_99_36)	COMPLETED	0	2026-08-28 18:06:49.637	2026-08-28 18:06:49.732	2026-08-28 18:07:27.319	35.4s	2	6 GB	508.2 MB	7.8 GB	103.4%	0.7%	1.3 GB	73.5 MB
213	28/675c4e	BGC_ANALYSIS:ANTISMASH_ANALYSIS:ANTISMASH (Pantoea_ananatis_PANS_99_4)	COMPLETED	0	2026-08-28 18:06:23.452	2026-08-28 18:06:23.546	2026-08-28 18:07:42.147	1m 17s	2	6 GB	4.6 GB	7.8 GB	117.7%	6.5%	19.2 GB	75.9 MB
203	a6/e80fc5	BGC_ANALYSIS:ANTISMASH_ANALYSIS:ANTISMASH (Pantoea_ananatis_PANS_99_11)	COMPLETED	0	2026-08-28 18:06:18.364	2026-08-28 18:06:18.458	2026-08-28 18:07:47.993	1m 27s	2	6 GB	4.7 GB	7.8 GB	122.5%	5.3%	24.1 GB	81.6 MB
222	08/d6e3c8	BGC_ANALYSIS:ANTISMASH_ANALYSIS:ANTISMASH (Pantoea_ananatis_PNA_07_10)	COMPLETED	0	2026-08-28 18:06:58.184	2026-08-28 18:06:58.279	2026-08-28 18:07:56.293	55.9s	2	6 GB	3.2 GB	7.9 GB	117.1%	4.4%	10.1 GB	68.5 MB
210	67/b43280	BGC_ANALYSIS:ANTISMASH_ANALYSIS:ANTISMASH (Pantoea_ananatis_PANS_99_32)	COMPLETED	0	2026-08-28 18:07:05.520	2026-08-28 18:07:05.615	2026-08-28 18:08:06.242	58.5s	2	6 GB	4.7 GB	7.9 GB	117.9%	6.9%	10.7 GB	70.8 MB
220	ad/9ba130	BGC_ANALYSIS:ANTISMASH_ANALYSIS:ANTISMASH (Pantoea_ananatis_PNA_06_4)	COMPLETED	0	2026-08-28 18:07:05.763	2026-08-28 18:07:05.858	2026-08-28 18:08:06.937	59s	2	6 GB	3.2 GB	7.8 GB	117.0%	5.2%	10.3 GB	72.8 MB
207	dc/4c5a4e	BGC_ANALYSIS:ANTISMASH_ANALYSIS:ANTISMASH (Pantoea_ananatis_PANS_99_26)	COMPLETED	0	2026-08-28 18:07:42.152	2026-08-28 18:07:42.247	2026-08-28 18:08:18.821	34.6s	2	6 GB	520.9 MB	7.8 GB	104.0%	0.7%	1.2 GB	72 MB
218	cb/5fd9e5	BGC_ANALYSIS:ANTISMASH_ANALYSIS:ANTISMASH (Pantoea_ananatis_PNA_03_2)	COMPLETED	0	2026-08-28 18:07:47.998	2026-08-28 18:07:48.093	2026-08-28 18:08:26.370	35.9s	2	6 GB	531 MB	7.8 GB	105.3%	0.7%	1.3 GB	76.2 MB
211	80/03ce80	BGC_ANALYSIS:ANTISMASH_ANALYSIS:ANTISMASH (Pantoea_ananatis_PANS_99_33)	COMPLETED	0	2026-08-28 18:07:20.900	2026-08-28 18:07:20.987	2026-08-28 18:08:27.333	1m 4s	2	6 GB	4.6 GB	7.8 GB	113.5%	4.0%	10.9 GB	76 MB
216	59/6f718d	BGC_ANALYSIS:ANTISMASH_ANALYSIS:ANTISMASH (Pantoea_ananatis_PNA_02_12)	COMPLETED	0	2026-08-28 18:07:27.324	2026-08-28 18:07:27.419	2026-08-28 18:08:29.686	1m	2	6 GB	4.7 GB	7.8 GB	114.1%	5.5%	10.3 GB	70.4 MB
235	78/8b8f25	BGC_ANALYSIS:ANTISMASH_ANALYSIS:ANTISMASH (Pantoea_eucrina_OB49)	COMPLETED	0	2026-08-28 18:08:18.826	2026-08-28 18:08:18.922	2026-08-28 18:08:55.683	34.6s	2	6 GB	642.1 MB	7.7 GB	95.5%	1.0%	1.4 GB	84.1 MB
221	ea/8a35b2	BGC_ANALYSIS:ANTISMASH_ANALYSIS:ANTISMASH (Pantoea_ananatis_PNA_07_1)	COMPLETED	0	2026-08-28 18:07:56.299	2026-08-28 18:07:56.393	2026-08-28 18:08:58.655	1m	2	6 GB	4.7 GB	7.8 GB	113.6%	5.5%	10.3 GB	73.1 MB
209	a4/49cdb9	BGC_ANALYSIS:ANTISMASH_ANALYSIS:ANTISMASH (Pantoea_ananatis_PANS_99_31)	COMPLETED	0	2026-08-28 18:06:27.751	2026-08-28 18:06:27.844	2026-08-28 18:09:06.140	2m 36s	2	6 GB	4.7 GB	7.8 GB	114.9%	6.2%	27.7 GB	174.6 MB
217	71/7c8666	BGC_ANALYSIS:ANTISMASH_ANALYSIS:ANTISMASH (Pantoea_ananatis_PNA_03_1)	COMPLETED	0	2026-08-28 18:08:06.248	2026-08-28 18:08:06.342	2026-08-28 18:09:07.631	59.1s	2	6 GB	4.7 GB	7.8 GB	116.8%	6.2%	10.3 GB	73 MB
223	2a/5bc9bc	BGC_ANALYSIS:ANTISMASH_ANALYSIS:ANTISMASH (Pantoea_ananatis_PNA_07_13)	COMPLETED	0	2026-08-28 18:08:06.943	2026-08-28 18:08:07.037	2026-08-28 18:09:09.381	1m	2	6 GB	4.7 GB	7.8 GB	113.5%	4.5%	10.7 GB	71.6 MB
226	74/83fa25	BGC_ANALYSIS:ANTISMASH_ANALYSIS:ANTISMASH (Pantoea_ananatis_PNA_07_5)	COMPLETED	0	2026-08-28 18:08:29.691	2026-08-28 18:08:29.786	2026-08-28 18:09:29.381	57.4s	2	6 GB	4.6 GB	7.9 GB	117.7%	5.5%	10.3 GB	71.8 MB
219	26/c28165	BGC_ANALYSIS:ANTISMASH_ANALYSIS:ANTISMASH (Pantoea_ananatis_PNA_05_1)	COMPLETED	0	2026-08-28 18:08:26.375	2026-08-28 18:08:26.470	2026-08-28 18:09:30.409	1m 2s	2	6 GB	4.7 GB	7.8 GB	111.9%	5.2%	10.8 GB	76 MB
225	cd/b8568a	BGC_ANALYSIS:ANTISMASH_ANALYSIS:ANTISMASH (Pantoea_ananatis_PNA_07_22)	COMPLETED	0	2026-08-28 18:08:55.688	2026-08-28 18:08:55.783	2026-08-28 18:09:38.410	40.6s	2	6 GB	506.6 MB	7.8 GB	101.8%	0.7%	1.6 GB	82.8 MB
224	2e/bf44fd	BGC_ANALYSIS:ANTISMASH_ANALYSIS:ANTISMASH (Pantoea_ananatis_PNA_07_14)	COMPLETED	0	2026-08-28 18:08:27.338	2026-08-28 18:08:27.434	2026-08-28 18:09:38.755	1m 9s	2	6 GB	4.6 GB	7.8 GB	119.8%	7.5%	18.2 GB	74.1 MB
228	b6/137853	BGC_ANALYSIS:ANTISMASH_ANALYSIS:ANTISMASH (Pantoea_ananatis_PNA_11_1)	COMPLETED	0	2026-08-28 18:09:06.145	2026-08-28 18:09:06.241	2026-08-28 18:09:41.150	33s	2	6 GB	506.3 MB	7.8 GB	101.3%	0.7%	1.2 GB	71.6 MB
229	77/9acd32	BGC_ANALYSIS:ANTISMASH_ANALYSIS:ANTISMASH (Pantoea_ananatis_UFMG54)	COMPLETED	0	2026-08-28 18:09:09.385	2026-08-28 18:09:09.482	2026-08-28 18:09:44.447	32.8s	2	6 GB	506.2 MB	7.8 GB	103.7%	0.7%	1.2 GB	73.5 MB
227	6e/87a800	BGC_ANALYSIS:ANTISMASH_ANALYSIS:ANTISMASH (Pantoea_ananatis_PNA_07_7)	COMPLETED	0	2026-08-28 18:08:58.660	2026-08-28 18:08:58.755	2026-08-28 18:09:58.670	57.8s	2	6 GB	4.7 GB	7.8 GB	112.8%	6.0%	10.2 GB	70.5 MB
247	d7/4c0770	BGC_ANALYSIS:ANTISMASH_ANALYSIS:ANTISMASH (Pantoea_sp._SM3640)	COMPLETED	0	2026-08-28 18:09:44.451	2026-08-28 18:09:44.547	2026-08-28 18:10:04.945	18.3s	2	6 GB	603.4 MB	7.3 GB	132.2%	1.1%	688.9 MB	47.4 MB
231	c3/11d540	BGC_ANALYSIS:ANTISMASH_ANALYSIS:ANTISMASH (Pantoea_coffeiphila_1480)	COMPLETED	0	2026-08-28 18:09:29.387	2026-08-28 18:09:29.481	2026-08-28 18:10:10.807	39.4s	2	6 GB	837.1 MB	7.8 GB	97.7%	1.3%	1.4 GB	104.6 MB
230	0e/5e2640	BGC_ANALYSIS:ANTISMASH_ANALYSIS:ANTISMASH (Pantoea_ananatis_ku-pa)	COMPLETED	0	2026-08-28 18:09:30.414	2026-08-28 18:09:30.509	2026-08-28 18:10:11.660	39.2s	2	6 GB	713.7 MB	7.8 GB	94.0%	1.3%	1.6 GB	98.4 MB
234	0a/a2e591	BGC_ANALYSIS:ANTISMASH_ANALYSIS:ANTISMASH (Pantoea_eucalypti_Pv21-6)	COMPLETED	0	2026-08-28 18:09:38.415	2026-08-28 18:09:38.510	2026-08-28 18:10:14.229	33.8s	2	6 GB	505.9 MB	7.7 GB	105.4%	0.7%	1.3 GB	73.5 MB
232	c6/1f40f7	BGC_ANALYSIS:ANTISMASH_ANALYSIS:ANTISMASH (Pantoea_cypripedii_WS4375)	COMPLETED	0	2026-08-28 18:09:41.154	2026-08-28 18:09:41.250	2026-08-28 18:10:14.689	31.3s	2	6 GB	886.7 MB	7.9 GB	120.6%	1.5%	1.2 GB	108.3 MB
238	61/d24fb5	BGC_ANALYSIS:ANTISMASH_ANALYSIS:ANTISMASH (Pantoea_sp._Edef_Edef)	COMPLETED	0	2026-08-28 18:10:04.950	2026-08-28 18:10:05.045	2026-08-28 18:10:18.393	11.2s	2	6 GB	206.9 MB	2.7 GB	103.1%	0.3%	562 MB	21.6 MB
236	6d/dafea4	BGC_ANALYSIS:ANTISMASH_ANALYSIS:ANTISMASH (Pantoea_sp._1B4)	COMPLETED	0	2026-08-28 18:09:58.674	2026-08-28 18:09:58.770	2026-08-28 18:10:24.251	23.2s	2	6 GB	813.5 MB	7.8 GB	120.4%	1.4%	876 MB	82.6 MB
233	8b/695ccc	BGC_ANALYSIS:ANTISMASH_ANALYSIS:ANTISMASH (Pantoea_endophytica_HN-23)	COMPLETED	0	2026-08-28 18:09:38.760	2026-08-28 18:09:38.855	2026-08-28 18:10:26.949	46.1s	2	6 GB	503.4 MB	7.8 GB	102.4%	0.7%	1.9 GB	89.4 MB
237	7d/bf6332	BGC_ANALYSIS:ANTISMASH_ANALYSIS:ANTISMASH (Pantoea_sp._Brub_Brub)	COMPLETED	0	2026-08-28 18:10:18.397	2026-08-28 18:10:18.493	2026-08-28 18:10:34.706	14.1s	2	6 GB	205.6 MB	2.7 GB	101.3%	0.3%	707.2 MB	25.3 MB
239	ae/17f97b	BGC_ANALYSIS:ANTISMASH_ANALYSIS:ANTISMASH (Pantoea_sp._MT58)	COMPLETED	0	2026-08-28 18:10:14.693	2026-08-28 18:10:14.789	2026-08-28 18:10:39.728	22.9s	2	6 GB	772 MB	7.8 GB	126.0%	1.3%	854.3 MB	76.9 MB
241	3a/b015a9	BGC_ANALYSIS:ANTISMASH_ANALYSIS:ANTISMASH (Pantoea_sp._PNT01)	COMPLETED	0	2026-08-28 18:10:14.234	2026-08-28 18:10:14.329	2026-08-28 18:10:42.923	26.5s	2	6 GB	718.1 MB	7.8 GB	103.8%	1.2%	988.6 MB	79 MB
248	e7/88a838	BGC_ANALYSIS:ANTISMASH_ANALYSIS:ANTISMASH (Pantoea_stewartii_subsp._indologenes_NCPPB_1562)	COMPLETED	0	2026-08-28 18:10:10.810	2026-08-28 18:10:10.907	2026-08-28 18:10:45.225	32.5s	2	6 GB	519.8 MB	7.8 GB	106.5%	0.7%	1.3 GB	73.6 MB
242	53/bca747	BGC_ANALYSIS:ANTISMASH_ANALYSIS:ANTISMASH (Pantoea_sp._PNT02)	COMPLETED	0	2026-08-28 18:10:11.665	2026-08-28 18:10:11.760	2026-08-28 18:10:45.880	32.2s	2	6 GB	761.5 MB	7.8 GB	99.7%	1.3%	1.1 GB	91.4 MB
243	93/527308	BGC_ANALYSIS:ANTISMASH_ANALYSIS:ANTISMASH (Pantoea_sp._PNT03)	COMPLETED	0	2026-08-28 18:10:26.954	2026-08-28 18:10:27.049	2026-08-28 18:10:58.848	29.6s	2	6 GB	705.7 MB	7.8 GB	104.5%	1.2%	1 GB	85.6 MB
240	cb/755b23	BGC_ANALYSIS:ANTISMASH_ANALYSIS:ANTISMASH (Pantoea_sp._Morm_Morm)	COMPLETED	0	2026-08-28 18:09:07.635	2026-08-28 18:09:07.732	2026-08-28 18:11:04.360	1m 55s	2	6 GB	798.3 MB	7.8 GB	99.2%	1.3%	6.1 GB	222.1 MB
244	35/679e4d	BGC_ANALYSIS:ANTISMASH_ANALYSIS:ANTISMASH (Pantoea_sp._Pent_Pent)	COMPLETED	0	2026-08-28 18:10:24.271	2026-08-28 18:10:24.351	2026-08-28 18:11:13.237	46.8s	2	6 GB	670.4 MB	7.8 GB	95.8%	1.1%	2.1 GB	106.1 MB
252	0d/b26ac4	BGC_ANALYSIS:ANTISMASH_ANALYSIS:ANTISMASH (Pantoea_stewartii_subsp._indologenes_NCPPB_2282)	COMPLETED	0	2026-08-28 18:10:42.928	2026-08-28 18:10:43.023	2026-08-28 18:11:19.048	34.1s	2	6 GB	523.1 MB	7.8 GB	103.1%	0.7%	1.2 GB	73.1 MB
249	d3/80fb33	BGC_ANALYSIS:ANTISMASH_ANALYSIS:ANTISMASH (Pantoea_stewartii_subsp._indologenes_NCPPB_1877)	COMPLETED	0	2026-08-28 18:10:45.229	2026-08-28 18:10:45.325	2026-08-28 18:11:21.705	34.3s	2	6 GB	490 MB	7.8 GB	103.4%	0.7%	1.3 GB	73.8 MB
246	04/916d21	BGC_ANALYSIS:ANTISMASH_ANALYSIS:ANTISMASH (Pantoea_sp._S62)	COMPLETED	0	2026-08-28 18:10:39.734	2026-08-28 18:10:39.828	2026-08-28 18:11:23.325	41.4s	2	6 GB	668.5 MB	7.7 GB	94.7%	1.0%	1.7 GB	99.6 MB
253	d8/a49470	BGC_ANALYSIS:ANTISMASH_ANALYSIS:ANTISMASH (Pantoea_stewartii_subsp._indologenes_PANS_07-10)	COMPLETED	0	2026-08-28 18:10:45.885	2026-08-28 18:10:45.980	2026-08-28 18:11:23.744	35.7s	2	6 GB	499.5 MB	7.8 GB	104.9%	0.7%	1.4 GB	77 MB
250	fb/f7c391	BGC_ANALYSIS:ANTISMASH_ANALYSIS:ANTISMASH (Pantoea_stewartii_subsp._indologenes_NCPPB_2275)	COMPLETED	0	2026-08-28 18:10:58.854	2026-08-28 18:10:58.948	2026-08-28 18:11:34.344	33.3s	2	6 GB	500.2 MB	7.8 GB	103.2%	0.7%	1.2 GB	71.8 MB
254	26/d333dc	BGC_ANALYSIS:ANTISMASH_ANALYSIS:ANTISMASH (Pantoea_stewartii_subsp._indologenes_PANS_07-12)	COMPLETED	0	2026-08-28 18:11:04.364	2026-08-28 18:11:04.460	2026-08-28 18:11:43.692	37.1s	2	6 GB	494.3 MB	7.8 GB	101.6%	0.7%	1.4 GB	77.1 MB
251	fc/eb0e1a	BGC_ANALYSIS:ANTISMASH_ANALYSIS:ANTISMASH (Pantoea_stewartii_subsp._indologenes_NCPPB_2281)	COMPLETED	0	2026-08-28 18:11:13.243	2026-08-28 18:11:13.337	2026-08-28 18:11:47.149	31.7s	2	6 GB	531.4 MB	7.8 GB	107.9%	0.8%	1.2 GB	70.9 MB
255	7e/02e2fb	BGC_ANALYSIS:ANTISMASH_ANALYSIS:ANTISMASH (Pantoea_stewartii_subsp._indologenes_PANS_07-14)	COMPLETED	0	2026-08-28 18:11:19.051	2026-08-28 18:11:19.148	2026-08-28 18:11:54.938	34s	2	6 GB	505.8 MB	7.8 GB	101.2%	0.7%	1.2 GB	72.6 MB
256	08/d50eda	BGC_ANALYSIS:ANTISMASH_ANALYSIS:ANTISMASH (Pantoea_stewartii_subsp._indologenes_PANS_07-4)	COMPLETED	0	2026-08-28 18:11:21.708	2026-08-28 18:11:21.805	2026-08-28 18:11:59.563	36s	2	6 GB	503.8 MB	7.8 GB	105.8%	0.7%	1.3 GB	76.6 MB
245	cc/6659d4	BGC_ANALYSIS:ANTISMASH_ANALYSIS:ANTISMASH (Pantoea_sp._S61)	COMPLETED	0	2026-08-28 18:10:34.711	2026-08-28 18:10:34.806	2026-08-28 18:12:01.587	1m 25s	2	6 GB	4.8 GB	7.8 GB	108.9%	7.5%	16.7 GB	131 MB
257	4d/1a11f6	BGC_ANALYSIS:ANTISMASH_ANALYSIS:ANTISMASH (Pantoea_stewartii_subsp._indologenes_PANS_07-6)	COMPLETED	0	2026-08-28 18:11:23.748	2026-08-28 18:11:23.845	2026-08-28 18:12:03.293	37.4s	2	6 GB	497.6 MB	7.8 GB	103.5%	0.7%	1.3 GB	77.6 MB
258	2f/2764fb	BGC_ANALYSIS:ANTISMASH_ANALYSIS:ANTISMASH (Pantoea_stewartii_subsp._indologenes_PANS_99-15)	COMPLETED	0	2026-08-28 18:11:34.349	2026-08-28 18:11:34.445	2026-08-28 18:12:12.162	35.6s	2	6 GB	498.2 MB	7.8 GB	103.6%	0.7%	1.3 GB	75.4 MB
267	1a/16a980	BGC_ANALYSIS:ANTISMASH_ANALYSIS:ANTISMASH (Pantoea_agglomerans_DBM_3797)	COMPLETED	0	2026-08-28 18:11:59.568	2026-08-28 18:11:59.663	2026-08-28 18:12:25.359	23.8s	2	6 GB	793.6 MB	7.8 GB	125.3%	1.3%	855.5 MB	78.7 MB
262	6f/ca91ae	BGC_ANALYSIS:ANTISMASH_ANALYSIS:ANTISMASH (Pantoea_stewartii_subsp._indologenes_PNA_15-2)	COMPLETED	0	2026-08-28 18:11:54.943	2026-08-28 18:11:55.039	2026-08-28 18:12:26.834	29.9s	2	6 GB	529.9 MB	7.8 GB	108.5%	0.8%	1.1 GB	67.4 MB
260	80/a16154	BGC_ANALYSIS:ANTISMASH_ANALYSIS:ANTISMASH (Pantoea_stewartii_subsp._indologenes_PNA_14-12)	COMPLETED	0	2026-08-28 18:11:23.329	2026-08-28 18:11:23.425	2026-08-28 18:12:29.216	1m 4s	2	6 GB	4.7 GB	7.8 GB	123.6%	8.1%	16.3 GB	68.3 MB
271	3b/3e74e8	BGC_ANALYSIS:ANTISMASH_ANALYSIS:ANTISMASH (Pantoea_agglomerans_OVA06A)	COMPLETED	0	2026-08-28 18:12:12.167	2026-08-28 18:12:12.263	2026-08-28 18:12:47.862	33.2s	2	6 GB	530.6 MB	7.8 GB	106.1%	0.7%	1.2 GB	73 MB
259	88/dd92b7	BGC_ANALYSIS:ANTISMASH_ANALYSIS:ANTISMASH (Pantoea_stewartii_subsp._indologenes_PNA_14-11)	COMPLETED	0	2026-08-28 18:11:43.699	2026-08-28 18:11:43.792	2026-08-28 18:12:51.100	1m 5s	2	6 GB	4.6 GB	7.8 GB	120.8%	4.3%	16.3 GB	68.8 MB
272	62/294a5d	BGC_ANALYSIS:ANTISMASH_ANALYSIS:ANTISMASH (Pantoea_agglomerans_PSV1-7)	COMPLETED	0	2026-08-28 18:12:25.365	2026-08-28 18:12:25.460	2026-08-28 18:12:51.387	24s	2	6 GB	808.9 MB	7.8 GB	122.0%	1.3%	920 MB	83.1 MB
268	42/d68358	BGC_ANALYSIS:ANTISMASH_ANALYSIS:ANTISMASH (Pantoea_agglomerans_FDAARGOS_1447)	COMPLETED	0	2026-08-28 18:12:26.839	2026-08-28 18:12:26.934	2026-08-28 18:12:51.809	23s	2	6 GB	763.1 MB	7.8 GB	126.6%	1.3%	836 MB	76.5 MB
261	11/69f0b1	BGC_ANALYSIS:ANTISMASH_ANALYSIS:ANTISMASH (Pantoea_stewartii_subsp._indologenes_PNA_14-9)	COMPLETED	0	2026-08-28 18:11:47.154	2026-08-28 18:11:47.249	2026-08-28 18:12:53.222	1m 4s	2	6 GB	4.6 GB	7.8 GB	122.0%	5.2%	16.3 GB	68.8 MB
275	96/8e953f	BGC_ANALYSIS:ANTISMASH_ANALYSIS:ANTISMASH (Pantoea_allii_20TX0020)	COMPLETED	0	2026-08-28 18:12:01.592	2026-08-28 18:12:01.690	2026-08-28 18:13:07.030	1m 3s	2	6 GB	4.8 GB	7.8 GB	107.8%	5.6%	11.4 GB	95.1 MB
277	8c/eca118	BGC_ANALYSIS:ANTISMASH_ANALYSIS:ANTISMASH (Pantoea_allii_BD_382)	COMPLETED	0	2026-08-28 18:12:03.298	2026-08-28 18:12:03.393	2026-08-28 18:13:12.520	1m 7s	2	6 GB	4.7 GB	7.8 GB	107.9%	5.6%	11.7 GB	100.7 MB
273	80/592f2c	BGC_ANALYSIS:ANTISMASH_ANALYSIS:ANTISMASH (Pantoea_agglomerans_ZJU23)	COMPLETED	0	2026-08-28 18:12:47.867	2026-08-28 18:12:47.962	2026-08-28 18:13:16.644	26.9s	2	6 GB	813 MB	7.8 GB	124.4%	1.4%	904.7 MB	82.8 MB
274	01/40adf5	BGC_ANALYSIS:ANTISMASH_ANALYSIS:ANTISMASH (Pantoea_alfalfae_CQ10)	COMPLETED	0	2026-08-28 18:12:51.105	2026-08-28 18:12:51.200	2026-08-28 18:13:18.697	25.6s	2	6 GB	802.5 MB	7.8 GB	120.7%	1.3%	966.7 MB	80.4 MB
269	38/262f78	BGC_ANALYSIS:ANTISMASH_ANALYSIS:ANTISMASH (Pantoea_agglomerans_HJS002)	COMPLETED	0	2026-08-28 18:12:53.227	2026-08-28 18:12:53.329	2026-08-28 18:13:20.622	24.9s	2	6 GB	818.1 MB	7.8 GB	123.5%	1.3%	917.9 MB	82.3 MB
270	e5/95c3cb	BGC_ANALYSIS:ANTISMASH_ANALYSIS:ANTISMASH (Pantoea_agglomerans_KNU001)	COMPLETED	0	2026-08-28 18:12:51.813	2026-08-28 18:12:51.910	2026-08-28 18:13:30.254	36.3s	2	6 GB	676.9 MB	7.7 GB	96.8%	1.2%	1.4 GB	92.9 MB
276	0f/634f89	BGC_ANALYSIS:ANTISMASH_ANALYSIS:ANTISMASH (Pantoea_allii_BD_381)	COMPLETED	0	2026-08-28 18:12:29.221	2026-08-28 18:12:29.316	2026-08-28 18:13:38.559	1m 7s	2	6 GB	4.7 GB	7.7 GB	107.7%	4.9%	11.7 GB	101.6 MB
266	ad/adad78	BGC_ANALYSIS:ANTISMASH_ANALYSIS:ANTISMASH (Pantoea_agglomerans_33.1)	COMPLETED	0	2026-08-28 18:13:16.649	2026-08-28 18:13:16.755	2026-08-28 18:13:42.550	23.8s	2	6 GB	827.2 MB	7.8 GB	125.8%	1.3%	904.3 MB	80.7 MB
263	5e/c3f4e2	BGC_ANALYSIS:ANTISMASH_ANALYSIS:ANTISMASH (Candidatus_Pantoea_bituminis_EnvD)	COMPLETED	0	2026-08-28 18:13:38.563	2026-08-28 18:13:38.659	2026-08-28 18:14:10.612	29.9s	2	6 GB	622 MB	7.8 GB	120.0%	1.0%	914.6 MB	68.5 MB
265	eb/b2a6f7	BGC_ANALYSIS:ANTISMASH_ANALYSIS:ANTISMASH (Pantoea_agglomerans_20TX0122)	COMPLETED	0	2026-08-28 18:12:51.391	2026-08-28 18:12:51.488	2026-08-28 18:14:10.983	1m 17s	2	6 GB	4.8 GB	8 GB	114.1%	3.4%	19.2 GB	99.5 MB
279	90/41240f	BGC_ANALYSIS:ANTISMASH_ANALYSIS:ANTISMASH (Pantoea_allii_BD_386)	COMPLETED	0	2026-08-28 18:13:07.035	2026-08-28 18:13:07.131	2026-08-28 18:14:17.094	1m 8s	2	6 GB	4.8 GB	7.9 GB	108.7%	7.2%	11.6 GB	97.7 MB
290	b3/5649b6	BGC_ANALYSIS:ANTISMASH_ANALYSIS:ANTISMASH (Pantoea_ananatis_PNA_15_3)	COMPLETED	0	2026-08-28 18:13:42.554	2026-08-28 18:13:42.650	2026-08-28 18:14:19.210	34.1s	2	6 GB	560.3 MB	7.9 GB	112.5%	0.8%	1.1 GB	71 MB
286	15/bf2650	BGC_ANALYSIS:ANTISMASH_ANALYSIS:ANTISMASH (Pantoea_ananatis_PNA_08_1)	COMPLETED	0	2026-08-28 18:13:20.627	2026-08-28 18:13:20.722	2026-08-28 18:14:32.447	1m 9s	2	6 GB	4.6 GB	7.8 GB	111.2%	5.8%	10.2 GB	71 MB
278	e1/750b3b	BGC_ANALYSIS:ANTISMASH_ANALYSIS:ANTISMASH (Pantoea_allii_BD_383)	COMPLETED	0	2026-08-28 18:13:12.524	2026-08-28 18:13:12.620	2026-08-28 18:14:33.427	1m 19s	2	6 GB	4.7 GB	7.8 GB	107.2%	7.5%	11.6 GB	100.1 MB
281	6a/d7d29e	BGC_ANALYSIS:ANTISMASH_ANALYSIS:ANTISMASH (Pantoea_allii_BD_388)	COMPLETED	0	2026-08-28 18:13:18.704	2026-08-28 18:13:18.797	2026-08-28 18:14:39.303	1m 18s	2	6 GB	4.7 GB	7.7 GB	107.0%	6.7%	11.6 GB	99.7 MB
264	6f/9ed308	BGC_ANALYSIS:ANTISMASH_ANALYSIS:ANTISMASH (Candidatus_Pantoea_haifensis_EnvH)	COMPLETED	0	2026-08-28 18:14:10.618	2026-08-28 18:14:10.712	2026-08-28 18:14:39.646	26.5s	2	6 GB	583.9 MB	7.8 GB	120.9%	1.0%	916.9 MB	60.9 MB
280	f7/93d1c4	BGC_ANALYSIS:ANTISMASH_ANALYSIS:ANTISMASH (Pantoea_allii_BD_387)	COMPLETED	0	2026-08-28 18:13:30.260	2026-08-28 18:13:30.355	2026-08-28 18:14:48.051	1m 16s	2	6 GB	4.8 GB	8 GB	106.7%	5.9%	11.6 GB	99.2 MB
292	72/70dd39	BGC_ANALYSIS:ANTISMASH_ANALYSIS:ANTISMASH (Pantoea_ananatis_PNA_18_10)	COMPLETED	0	2026-08-28 18:14:19.218	2026-08-28 18:14:19.310	2026-08-28 18:15:00.966	39.3s	2	6 GB	498.7 MB	7.7 GB	102.5%	0.7%	1.5 GB	81.1 MB
283	7c/7708f4	BGC_ANALYSIS:ANTISMASH_ANALYSIS:ANTISMASH (Pantoea_ananatis_15320)	COMPLETED	0	2026-08-28 18:14:17.099	2026-08-28 18:14:17.196	2026-08-28 18:15:02.284	42.6s	2	6 GB	712.2 MB	7.8 GB	96.4%	1.3%	1.7 GB	105.6 MB
282	c9/4acf75	BGC_ANALYSIS:ANTISMASH_ANALYSIS:ANTISMASH (Pantoea_allii_BD_389)	COMPLETED	0	2026-08-28 18:14:10.988	2026-08-28 18:14:11.084	2026-08-28 18:15:22.085	1m 9s	2	6 GB	4.7 GB	7.7 GB	108.6%	3.5%	11.7 GB	101.7 MB
285	bd/a53e4d	BGC_ANALYSIS:ANTISMASH_ANALYSIS:ANTISMASH (Pantoea_ananatis_BRT98)	COMPLETED	0	2026-08-28 18:14:32.454	2026-08-28 18:14:32.547	2026-08-28 18:15:34.361	59.7s	2	6 GB	4.7 GB	7.7 GB	111.4%	3.7%	11.7 GB	84.7 MB
284	d0/ea9aa7	BGC_ANALYSIS:ANTISMASH_ANALYSIS:ANTISMASH (Pantoea_ananatis_20TX0087)	COMPLETED	0	2026-08-28 18:14:33.432	2026-08-28 18:14:33.527	2026-08-28 18:15:35.789	1m	2	6 GB	4.8 GB	7.9 GB	109.3%	7.7%	9.8 GB	94.2 MB
287	c3/217ef4	BGC_ANALYSIS:ANTISMASH_ANALYSIS:ANTISMASH (Pantoea_ananatis_PNA_13_1)	COMPLETED	0	2026-08-28 18:14:39.650	2026-08-28 18:14:39.745	2026-08-28 18:15:38.112	56.1s	2	6 GB	3.2 GB	7.8 GB	114.7%	5.4%	9 GB	71.7 MB
299	40/48c812	BGC_ANALYSIS:ANTISMASH_ANALYSIS:ANTISMASH (Pantoea_ananatis_PNA_18_7S)	COMPLETED	0	2026-08-28 18:14:39.307	2026-08-28 18:14:39.404	2026-08-28 18:15:40.363	58.7s	2	6 GB	4.6 GB	7.8 GB	114.6%	3.5%	10.3 GB	71.4 MB
288	27/b60db2	BGC_ANALYSIS:ANTISMASH_ANALYSIS:ANTISMASH (Pantoea_ananatis_PNA_14_2)	COMPLETED	0	2026-08-28 18:15:02.289	2026-08-28 18:15:02.384	2026-08-28 18:15:43.062	38.5s	2	6 GB	514.8 MB	7.8 GB	101.7%	0.8%	1.4 GB	78.5 MB
302	27/15f101	BGC_ANALYSIS:ANTISMASH_ANALYSIS:ANTISMASH (Pantoea_ananatis_PNA_200_10)	COMPLETED	0	2026-08-28 18:14:48.055	2026-08-28 18:14:48.152	2026-08-28 18:15:49.887	59.5s	2	6 GB	4.6 GB	7.8 GB	113.7%	4.7%	10.3 GB	72.7 MB
291	b8/ba2e26	BGC_ANALYSIS:ANTISMASH_ANALYSIS:ANTISMASH (Pantoea_ananatis_PNA_18_1)	COMPLETED	0	2026-08-28 18:15:00.970	2026-08-28 18:15:01.066	2026-08-28 18:15:59.393	56.4s	2	6 GB	4.6 GB	7.9 GB	120.4%	3.8%	10.2 GB	71.2 MB
305	db/c61b7e	BGC_ANALYSIS:ANTISMASH_ANALYSIS:ANTISMASH (Pantoea_ananatis_PNA_200_3)	COMPLETED	0	2026-08-28 18:15:22.090	2026-08-28 18:15:22.185	2026-08-28 18:15:59.581	35.1s	2	6 GB	530.4 MB	7.8 GB	106.1%	0.8%	1.3 GB	76.2 MB
293	d3/ec673a	BGC_ANALYSIS:ANTISMASH_ANALYSIS:ANTISMASH (Pantoea_ananatis_PNA_18_10S)	COMPLETED	0	2026-08-28 18:15:40.367	2026-08-28 18:15:40.463	2026-08-28 18:16:20.240	37.4s	2	6 GB	525.7 MB	7.8 GB	102.7%	0.9%	1.3 GB	76.6 MB
298	b4/9ab422	BGC_ANALYSIS:ANTISMASH_ANALYSIS:ANTISMASH (Pantoea_ananatis_PNA_18_6S)	COMPLETED	0	2026-08-28 18:15:49.891	2026-08-28 18:15:49.987	2026-08-28 18:16:30.369	38.3s	2	6 GB	490.9 MB	7.7 GB	104.7%	0.7%	1.5 GB	79.7 MB
304	b0/4a8af6	BGC_ANALYSIS:ANTISMASH_ANALYSIS:ANTISMASH (Pantoea_ananatis_PNA_200_12)	COMPLETED	0	2026-08-28 18:15:34.366	2026-08-28 18:15:34.461	2026-08-28 18:16:38.411	1m 2s	2	6 GB	4.7 GB	7.8 GB	113.1%	7.4%	10.3 GB	73.8 MB
289	d0/075bf3	BGC_ANALYSIS:ANTISMASH_ANALYSIS:ANTISMASH (Pantoea_ananatis_PNA_15_1)	COMPLETED	0	2026-08-28 18:15:35.793	2026-08-28 18:15:35.889	2026-08-28 18:16:39.079	1m 1s	2	6 GB	4.7 GB	7.8 GB	112.3%	7.3%	10.3 GB	72.8 MB
295	48/b68ff6	BGC_ANALYSIS:ANTISMASH_ANALYSIS:ANTISMASH (Pantoea_ananatis_PNA_18_3S)	COMPLETED	0	2026-08-28 18:15:38.116	2026-08-28 18:15:38.212	2026-08-28 18:16:41.117	1m 1s	2	6 GB	4.7 GB	7.8 GB	112.6%	4.8%	10.3 GB	72.4 MB
296	7e/b4f90a	BGC_ANALYSIS:ANTISMASH_ANALYSIS:ANTISMASH (Pantoea_ananatis_PNA_18_5)	COMPLETED	0	2026-08-28 18:15:43.066	2026-08-28 18:15:43.162	2026-08-28 18:16:45.805	1m	2	6 GB	4.7 GB	7.8 GB	113.0%	5.5%	10.3 GB	71.8 MB
294	07/da8565	BGC_ANALYSIS:ANTISMASH_ANALYSIS:ANTISMASH (Pantoea_ananatis_PNA_18_2)	COMPLETED	0	2026-08-28 18:15:59.398	2026-08-28 18:15:59.493	2026-08-28 18:16:57.073	55.5s	2	6 GB	4.6 GB	7.9 GB	120.8%	5.1%	10.2 GB	70.6 MB
300	2a/7e7f06	BGC_ANALYSIS:ANTISMASH_ANALYSIS:ANTISMASH (Pantoea_ananatis_PNA_18_8S)	COMPLETED	0	2026-08-28 18:16:30.374	2026-08-28 18:16:30.469	2026-08-28 18:17:09.074	36.6s	2	6 GB	518.5 MB	7.8 GB	100.1%	0.7%	1.3 GB	76.2 MB
306	d7/a0dad0	BGC_ANALYSIS:ANTISMASH_ANALYSIS:ANTISMASH (Pantoea_ananatis_PNA_200_7)	COMPLETED	0	2026-08-28 18:16:38.416	2026-08-28 18:16:38.511	2026-08-28 18:17:41.085	1m 1s	2	6 GB	3.3 GB	7.8 GB	113.8%	4.2%	10.8 GB	73.3 MB
308	6b/555d52	BGC_ANALYSIS:ANTISMASH_ANALYSIS:ANTISMASH (Pantoea_ananatis_PNA_92_7)	COMPLETED	0	2026-08-28 18:16:41.122	2026-08-28 18:16:41.217	2026-08-28 18:17:43.213	60s	2	6 GB	4.6 GB	7.8 GB	114.0%	4.6%	10.3 GB	72.7 MB
317	24/4b297c	BGC_ANALYSIS:ANTISMASH_ANALYSIS:ANTISMASH (Pantoea_ananatis_PNA_99_2)	COMPLETED	0	2026-08-28 18:16:39.084	2026-08-28 18:16:39.180	2026-08-28 18:17:43.618	1m 2s	2	6 GB	4.6 GB	7.8 GB	113.5%	3.8%	10.3 GB	74.2 MB
307	a1/5b4623	BGC_ANALYSIS:ANTISMASH_ANALYSIS:ANTISMASH (Pantoea_ananatis_PNA_200_8)	COMPLETED	0	2026-08-28 18:17:09.078	2026-08-28 18:17:09.175	2026-08-28 18:17:45.408	34s	2	6 GB	541.1 MB	7.8 GB	109.1%	0.8%	1.3 GB	76.2 MB
303	a2/2090cf	BGC_ANALYSIS:ANTISMASH_ANALYSIS:ANTISMASH (Pantoea_ananatis_PNA_200_11)	COMPLETED	0	2026-08-28 18:16:57.077	2026-08-28 18:16:57.174	2026-08-28 18:18:02.414	1m 3s	2	6 GB	4.7 GB	7.9 GB	114.7%	7.4%	10.3 GB	73.2 MB
318	9c/ee55c7	BGC_ANALYSIS:ANTISMASH_ANALYSIS:ANTISMASH (Pantoea_ananatis_PNA_99_3)	COMPLETED	0	2026-08-28 18:16:45.811	2026-08-28 18:16:45.905	2026-08-28 18:18:04.954	1m 17s	2	6 GB	4.8 GB	7.8 GB	117.7%	6.8%	18.7 GB	76.8 MB
301	4b/a311a0	BGC_ANALYSIS:ANTISMASH_ANALYSIS:ANTISMASH (Pantoea_ananatis_PNA_18_9S)	COMPLETED	0	2026-08-28 18:16:20.245	2026-08-28 18:16:20.340	2026-08-28 18:18:14.999	1m 52s	2	6 GB	4.7 GB	7.8 GB	108.7%	5.3%	9.8 GB	149.8 MB
297	b5/a8a53b	BGC_ANALYSIS:ANTISMASH_ANALYSIS:ANTISMASH (Pantoea_ananatis_PNA_18_5S)	COMPLETED	0	2026-08-28 18:15:59.585	2026-08-28 18:15:59.681	2026-08-28 18:18:23.905	2m 22s	2	6 GB	4.7 GB	7.7 GB	109.5%	6.3%	14.2 GB	184.4 MB
309	4b/08e68e	BGC_ANALYSIS:ANTISMASH_ANALYSIS:ANTISMASH (Pantoea_ananatis_PNA_97_11)	COMPLETED	0	2026-08-28 18:17:41.091	2026-08-28 18:17:41.186	2026-08-28 18:18:47.324	1m 4s	2	6 GB	4.6 GB	7.8 GB	113.1%	4.4%	10.4 GB	76.8 MB
314	24/78716b	BGC_ANALYSIS:ANTISMASH_ANALYSIS:ANTISMASH (Pantoea_ananatis_PNA_98_8)	COMPLETED	0	2026-08-28 18:17:43.218	2026-08-28 18:17:43.314	2026-08-28 18:18:48.276	1m 3s	2	6 GB	4.7 GB	7.9 GB	115.3%	6.5%	10.8 GB	74.5 MB
327	92/c5aabe	BGC_ANALYSIS:ANTISMASH_ANALYSIS:ANTISMASH (Pantoea_dispersa_C2H3)	COMPLETED	0	2026-08-28 18:18:04.958	2026-08-28 18:18:05.054	2026-08-28 18:18:49.525	42.4s	2	6 GB	712.6 MB	7.8 GB	96.8%	1.3%	1.7 GB	101.5 MB
313	cc/ff122c	BGC_ANALYSIS:ANTISMASH_ANALYSIS:ANTISMASH (Pantoea_ananatis_PNA_98_7)	COMPLETED	0	2026-08-28 18:17:45.412	2026-08-28 18:17:45.508	2026-08-28 18:18:50.653	1m 3s	2	6 GB	4.6 GB	7.8 GB	113.6%	5.5%	10.4 GB	77.6 MB
311	40/258b33	BGC_ANALYSIS:ANTISMASH_ANALYSIS:ANTISMASH (Pantoea_ananatis_PNA_98_2)	COMPLETED	0	2026-08-28 18:17:43.622	2026-08-28 18:17:43.718	2026-08-28 18:19:00.616	1m 15s	2	6 GB	4.7 GB	7.8 GB	118.9%	5.5%	18.7 GB	77.2 MB
310	ac/b5731b	BGC_ANALYSIS:ANTISMASH_ANALYSIS:ANTISMASH (Pantoea_ananatis_PNA_97_3)	COMPLETED	0	2026-08-28 18:18:02.418	2026-08-28 18:18:02.515	2026-08-28 18:19:06.533	1m 2s	2	6 GB	4.7 GB	7.8 GB	112.2%	5.8%	10.8 GB	73.8 MB
315	78/a87c27	BGC_ANALYSIS:ANTISMASH_ANALYSIS:ANTISMASH (Pantoea_ananatis_PNA_99_1)	COMPLETED	0	2026-08-28 18:18:15.004	2026-08-28 18:18:15.099	2026-08-28 18:19:18.248	1m 1s	2	6 GB	4.6 GB	7.7 GB	111.2%	5.3%	10.3 GB	73.3 MB
316	b5/50a95a	BGC_ANALYSIS:ANTISMASH_ANALYSIS:ANTISMASH (Pantoea_ananatis_PNA_99_14)	COMPLETED	0	2026-08-28 18:18:23.909	2026-08-28 18:18:24.006	2026-08-28 18:19:26.065	1m	2	6 GB	4.6 GB	7.8 GB	113.9%	4.4%	10.8 GB	73.4 MB
335	04/247fcf	BGC_ANALYSIS:ANTISMASH_ANALYSIS:ANTISMASH (Pantoea_eucrina_XL123)	COMPLETED	0	2026-08-28 18:19:26.069	2026-08-28 18:19:26.166	2026-08-28 18:19:47.814	19.7s	2	6 GB	694.9 MB	7.7 GB	120.0%	1.1%	726.9 MB	63.6 MB
320	95/067d49	BGC_ANALYSIS:ANTISMASH_ANALYSIS:ANTISMASH (Pantoea_ananatis_PNA_99_7)	COMPLETED	0	2026-08-28 18:18:48.280	2026-08-28 18:18:48.377	2026-08-28 18:19:51.837	1m 2s	2	6 GB	4.7 GB	7.8 GB	114.2%	5.4%	10.4 GB	76.9 MB
319	ca/0f398c	BGC_ANALYSIS:ANTISMASH_ANALYSIS:ANTISMASH (Pantoea_ananatis_PNA_99_6)	COMPLETED	0	2026-08-28 18:18:49.529	2026-08-28 18:18:49.625	2026-08-28 18:19:54.236	1m 3s	2	6 GB	4.6 GB	7.8 GB	114.1%	4.5%	10.5 GB	78.8 MB
322	b3/d77900	BGC_ANALYSIS:ANTISMASH_ANALYSIS:ANTISMASH (Pantoea_ananatis_PNA_99_9)	COMPLETED	0	2026-08-28 18:18:50.657	2026-08-28 18:18:50.753	2026-08-28 18:19:54.924	1m 2s	2	6 GB	4.6 GB	7.8 GB	112.8%	4.0%	10.8 GB	75.8 MB
330	8e/33f7bf	BGC_ANALYSIS:ANTISMASH_ANALYSIS:ANTISMASH (Pantoea_dispersa_JGM106)	COMPLETED	0	2026-08-28 18:19:00.621	2026-08-28 18:19:00.716	2026-08-28 18:19:56.938	54s	2	6 GB	705.1 MB	7.8 GB	97.8%	1.2%	2.5 GB	121.4 MB
321	0d/4ae506	BGC_ANALYSIS:ANTISMASH_ANALYSIS:ANTISMASH (Pantoea_ananatis_PNA_99_8)	COMPLETED	0	2026-08-28 18:19:06.537	2026-08-28 18:19:06.633	2026-08-28 18:20:07.746	58.9s	2	6 GB	4.7 GB	7.8 GB	113.2%	8.0%	10.4 GB	74.9 MB
323	35/164b3d	BGC_ANALYSIS:ANTISMASH_ANALYSIS:ANTISMASH (Pantoea_ananatis_TZ39)	COMPLETED	0	2026-08-28 18:19:47.818	2026-08-28 18:19:47.914	2026-08-28 18:20:12.941	22.9s	2	6 GB	782.2 MB	7.8 GB	124.4%	1.3%	855.8 MB	79.2 MB
312	c9/0c562a	BGC_ANALYSIS:ANTISMASH_ANALYSIS:ANTISMASH (Pantoea_ananatis_PNA_98_3)	COMPLETED	0	2026-08-28 18:18:47.328	2026-08-28 18:18:47.424	2026-08-28 18:20:15.426	1m 26s	2	6 GB	504.9 MB	7.8 GB	107.9%	0.7%	4.2 GB	150 MB
325	ba/717c61	BGC_ANALYSIS:ANTISMASH_ANALYSIS:ANTISMASH (Pantoea_deleyi_LMG24200)	COMPLETED	0	2026-08-28 18:19:51.840	2026-08-28 18:19:51.937	2026-08-28 18:20:17.138	23.4s	2	6 GB	598.9 MB	7.9 GB	124.4%	0.9%	827.7 MB	61 MB
328	3f/9f041d	BGC_ANALYSIS:ANTISMASH_ANALYSIS:ANTISMASH (Pantoea_dispersa_GCA_018798925.1)	COMPLETED	0	2026-08-28 18:19:54.927	2026-08-28 18:19:55.024	2026-08-28 18:20:19.276	22.4s	2	6 GB	609.2 MB	7.5 GB	122.9%	0.9%	723.6 MB	47.1 MB
326	9a/4592e2	BGC_ANALYSIS:ANTISMASH_ANALYSIS:ANTISMASH (Pantoea_dispersa_AHKW2b)	COMPLETED	0	2026-08-28 18:19:54.239	2026-08-28 18:19:54.337	2026-08-28 18:20:20.939	24.8s	2	6 GB	817.5 MB	7.8 GB	121.6%	1.4%	959.3 MB	86.8 MB
324	15/9dec4c	BGC_ANALYSIS:ANTISMASH_ANALYSIS:ANTISMASH (Pantoea_ananatis_VY148)	COMPLETED	0	2026-08-28 18:19:18.253	2026-08-28 18:19:18.348	2026-08-28 18:20:22.899	1m 2s	2	6 GB	4.8 GB	7.8 GB	129.8%	3.4%	22.4 GB	78.6 MB
469	2f/e0a851	BGC_ANALYSIS:ANTISMASH_ANALYSIS:ANTISMASH (Candidatus_Pantoea_rara_UBA5707)	COMPLETED	0	2026-08-28 18:19:56.942	2026-08-28 18:19:57.038	2026-08-28 18:20:25.838	26.8s	2	6 GB	511.8 MB	7.7 GB	106.4%	0.8%	989.1 MB	60.9 MB
329	f1/e29a6b	BGC_ANALYSIS:ANTISMASH_ANALYSIS:ANTISMASH (Pantoea_dispersa_GCA_018798945.1)	COMPLETED	0	2026-08-28 18:20:12.945	2026-08-28 18:20:13.040	2026-08-28 18:20:36.440	21.4s	2	6 GB	609.3 MB	7.5 GB	124.1%	0.9%	725.7 MB	46.9 MB
332	6b/3b2753	BGC_ANALYSIS:ANTISMASH_ANALYSIS:ANTISMASH (Pantoea_dispersa_Lsch)	COMPLETED	0	2026-08-28 18:20:15.431	2026-08-28 18:20:15.526	2026-08-28 18:20:40.992	23.5s	2	6 GB	797.4 MB	7.8 GB	125.4%	1.4%	870.5 MB	80.1 MB
341	fd/baf557	BGC_ANALYSIS:ANTISMASH_ANALYSIS:ANTISMASH (Pantoea_sp._ACRSB)	COMPLETED	0	2026-08-28 18:20:07.750	2026-08-28 18:20:07.846	2026-08-28 18:20:43.797	33.7s	2	6 GB	705.3 MB	7.8 GB	100.2%	1.3%	1.3 GB	92.3 MB
334	1f/be74cd	BGC_ANALYSIS:ANTISMASH_ANALYSIS:ANTISMASH (Pantoea_dispersa_YSD_J2)	COMPLETED	0	2026-08-28 18:20:20.943	2026-08-28 18:20:21.039	2026-08-28 18:20:46.687	23.7s	2	6 GB	813.7 MB	7.8 GB	123.2%	1.3%	865.6 MB	81.3 MB
336	da/1cfb55	BGC_ANALYSIS:ANTISMASH_ANALYSIS:ANTISMASH (Pantoea_jilinensis_D25)	COMPLETED	0	2026-08-28 18:20:36.445	2026-08-28 18:20:36.540	2026-08-28 18:21:01.136	22.5s	2	6 GB	773.4 MB	7.8 GB	127.7%	1.3%	828.2 MB	75.7 MB
333	85/9219a4	BGC_ANALYSIS:ANTISMASH_ANALYSIS:ANTISMASH (Pantoea_dispersa_MAG-3F-S4P)	COMPLETED	0	2026-08-28 18:20:17.153	2026-08-28 18:20:17.238	2026-08-28 18:21:16.561	57.5s	2	6 GB	733.4 MB	7.8 GB	95.8%	1.3%	2.7 GB	127.3 MB
340	77/b9f474	BGC_ANALYSIS:ANTISMASH_ANALYSIS:ANTISMASH (Pantoea_septica_N25)	COMPLETED	0	2026-08-28 18:20:40.996	2026-08-28 18:20:41.092	2026-08-28 18:21:23.941	40.9s	2	6 GB	707.1 MB	7.8 GB	97.0%	1.2%	1.8 GB	96.9 MB
331	c9/646031	BGC_ANALYSIS:ANTISMASH_ANALYSIS:ANTISMASH (Pantoea_dispersa_JGM112)	COMPLETED	0	2026-08-28 18:20:19.280	2026-08-28 18:20:19.377	2026-08-28 18:21:29.233	1m 8s	2	6 GB	717.2 MB	7.8 GB	99.8%	1.3%	3.4 GB	144.9 MB
342	84/22133d	BGC_ANALYSIS:ANTISMASH_ANALYSIS:ANTISMASH (Pantoea_sp._ACRSC)	COMPLETED	0	2026-08-28 18:20:46.692	2026-08-28 18:20:46.787	2026-08-28 18:21:31.692	42.4s	2	6 GB	686.1 MB	7.7 GB	97.3%	1.2%	1.8 GB	104.6 MB
345	e5/41b1d7	BGC_ANALYSIS:ANTISMASH_ANALYSIS:ANTISMASH (Pantoea_sp._DY-15)	COMPLETED	0	2026-08-28 18:21:01.140	2026-08-28 18:21:01.236	2026-08-28 18:21:34.485	31.1s	2	6 GB	758 MB	7.8 GB	104.5%	1.3%	1.1 GB	91.9 MB
352	22/e4e358	BGC_ANALYSIS:ANTISMASH_ANALYSIS:ANTISMASH (Pantoea_sp._MAG-2F-S5P-2)	COMPLETED	0	2026-08-28 18:20:43.803	2026-08-28 18:20:43.897	2026-08-28 18:21:36.997	51.1s	2	6 GB	769.5 MB	7.8 GB	97.1%	1.3%	2.3 GB	118.3 MB
337	54/abff15	BGC_ANALYSIS:ANTISMASH_ANALYSIS:ANTISMASH (Pantoea_piersonii_MAG-3F-S5P)	COMPLETED	0	2026-08-28 18:20:22.902	2026-08-28 18:20:23.000	2026-08-28 18:21:43.119	1m 18s	2	6 GB	753.2 MB	7.8 GB	98.7%	1.3%	4 GB	160.1 MB
344	7d/a4de78	BGC_ANALYSIS:ANTISMASH_ANALYSIS:ANTISMASH (Pantoea_sp._B270)	COMPLETED	0	2026-08-28 18:21:23.946	2026-08-28 18:21:24.042	2026-08-28 18:21:50.954	24.8s	2	6 GB	750.4 MB	7.8 GB	117.1%	1.3%	929.5 MB	83.2 MB
338	1f/5e9d99	BGC_ANALYSIS:ANTISMASH_ANALYSIS:ANTISMASH (Pantoea_piersonii_MAG-3F-S7P)	COMPLETED	0	2026-08-28 18:20:25.843	2026-08-28 18:20:25.938	2026-08-28 18:21:59.179	1m 31s	2	6 GB	725.7 MB	7.8 GB	99.5%	1.2%	4.8 GB	179 MB
347	67/37941e	BGC_ANALYSIS:ANTISMASH_ANALYSIS:ANTISMASH (Pantoea_sp._DY-5)	COMPLETED	0	2026-08-28 18:21:31.696	2026-08-28 18:21:31.792	2026-08-28 18:22:06.345	32.6s	2	6 GB	737.8 MB	7.8 GB	103.0%	1.3%	1.2 GB	94.5 MB
346	23/c301e4	BGC_ANALYSIS:ANTISMASH_ANALYSIS:ANTISMASH (Pantoea_sp._DY-17)	COMPLETED	0	2026-08-28 18:21:37.002	2026-08-28 18:21:37.098	2026-08-28 18:22:07.886	28.6s	2	6 GB	758.7 MB	7.8 GB	107.5%	1.3%	1 GB	86.9 MB
348	44/a8b5be	BGC_ANALYSIS:ANTISMASH_ANALYSIS:ANTISMASH (Pantoea_sp._GbtcB22)	COMPLETED	0	2026-08-28 18:21:34.489	2026-08-28 18:21:34.585	2026-08-28 18:22:12.899	36.3s	2	6 GB	552.4 MB	7.8 GB	110.8%	0.9%	1.3 GB	79.3 MB
343	59/075817	BGC_ANALYSIS:ANTISMASH_ANALYSIS:ANTISMASH (Pantoea_sp._ACRSH)	COMPLETED	0	2026-08-28 18:21:29.237	2026-08-28 18:21:29.333	2026-08-28 18:22:15.377	44.1s	2	6 GB	715.1 MB	7.8 GB	96.7%	1.3%	1.9 GB	107.2 MB
349	29/40cb5a	BGC_ANALYSIS:ANTISMASH_ANALYSIS:ANTISMASH (Pantoea_sp._JGM49)	COMPLETED	0	2026-08-28 18:21:43.124	2026-08-28 18:21:43.219	2026-08-28 18:22:28.235	42.9s	2	6 GB	723.3 MB	7.8 GB	94.2%	1.3%	1.7 GB	106.7 MB
354	3d/2c26fa	BGC_ANALYSIS:ANTISMASH_ANALYSIS:ANTISMASH (Pantoea_sp._MQR6)	COMPLETED	0	2026-08-28 18:21:59.183	2026-08-28 18:21:59.279	2026-08-28 18:22:30.004	28.6s	2	6 GB	563.7 MB	7.9 GB	116.8%	0.9%	1.1 GB	69.2 MB
339	1b/31eaed	BGC_ANALYSIS:ANTISMASH_ANALYSIS:ANTISMASH (Pantoea_piersonii_MAG-3F-S8P)	COMPLETED	0	2026-08-28 18:21:16.565	2026-08-28 18:21:16.661	2026-08-28 18:22:41.533	1m 23s	2	6 GB	756.6 MB	7.8 GB	99.1%	1.3%	4.3 GB	167.6 MB
350	92/a6287b	BGC_ANALYSIS:ANTISMASH_ANALYSIS:ANTISMASH (Pantoea_sp._L2_019_000G1_dasL2_019_000G1_concoct_45)	COMPLETED	0	2026-08-28 18:21:50.959	2026-08-28 18:21:51.054	2026-08-28 18:22:41.904	48.8s	2	6 GB	697.2 MB	7.8 GB	97.2%	1.3%	2.2 GB	113.8 MB
353	78/a7b039	BGC_ANALYSIS:ANTISMASH_ANALYSIS:ANTISMASH (Pantoea_sp._MHSD4)	COMPLETED	0	2026-08-28 18:22:07.892	2026-08-28 18:22:07.986	2026-08-28 18:22:42.093	32s	2	6 GB	679.4 MB	7.7 GB	101.2%	1.2%	1.3 GB	87.4 MB
357	90/be633f	BGC_ANALYSIS:ANTISMASH_ANALYSIS:ANTISMASH (Pantoea_sp._Pb-8)	COMPLETED	0	2026-08-28 18:22:12.904	2026-08-28 18:22:12.999	2026-08-28 18:22:43.065	28s	2	6 GB	658.9 MB	7.7 GB	98.2%	1.1%	1.1 GB	78.9 MB
355	e6/8aa319	BGC_ANALYSIS:ANTISMASH_ANALYSIS:ANTISMASH (Pantoea_sp._Mb-10)	COMPLETED	0	2026-08-28 18:22:15.382	2026-08-28 18:22:15.477	2026-08-28 18:22:45.284	27.7s	2	6 GB	658.4 MB	7.7 GB	98.5%	1.0%	1.1 GB	78.9 MB
358	7f/dc119f	BGC_ANALYSIS:ANTISMASH_ANALYSIS:ANTISMASH (Pantoea_sp._Z09)	COMPLETED	0	2026-08-28 18:22:30.010	2026-08-28 18:22:30.104	2026-08-28 18:22:52.287	20.2s	2	6 GB	578.6 MB	7.4 GB	123.7%	0.8%	667.6 MB	42.8 MB
356	17/037a84	BGC_ANALYSIS:ANTISMASH_ANALYSIS:ANTISMASH (Pantoea_sp._OVA07A)	COMPLETED	0	2026-08-28 18:22:28.239	2026-08-28 18:22:28.335	2026-08-28 18:22:59.347	28.9s	2	6 GB	544.7 MB	7.8 GB	111.5%	0.8%	1.1 GB	68 MB
362	11/450a9c	BGC_ANALYSIS:ANTISMASH_ANALYSIS:ANTISMASH (Pantoea_vagans_MCPNR19-02)	COMPLETED	0	2026-08-28 18:22:43.069	2026-08-28 18:22:43.165	2026-08-28 18:23:02.303	17.1s	2	6 GB	606.5 MB	7.3 GB	128.6%	1.1%	675.1 MB	48.4 MB
351	15/1e3ae9	BGC_ANALYSIS:ANTISMASH_ANALYSIS:ANTISMASH (Pantoea_sp._L3_072_000G1_dasL3_072_000G1_metabat.metabat.30)	COMPLETED	0	2026-08-28 18:22:06.349	2026-08-28 18:22:06.446	2026-08-28 18:23:05.045	56.5s	2	6 GB	702.4 MB	7.8 GB	96.9%	1.3%	2.7 GB	125.7 MB
359	d2/934234	BGC_ANALYSIS:ANTISMASH_ANALYSIS:ANTISMASH (Pantoea_sp._alder69)	COMPLETED	0	2026-08-28 18:22:41.537	2026-08-28 18:22:41.633	2026-08-28 18:23:23.454	39.9s	2	6 GB	720.5 MB	7.8 GB	98.3%	1.3%	1.5 GB	105.4 MB
365	84/6889cf	BGC_ANALYSIS:ANTISMASH_ANALYSIS:ANTISMASH (Pantoea_agglomerans_AS129)	COMPLETED	0	2026-08-28 18:22:52.291	2026-08-28 18:22:52.387	2026-08-28 18:23:23.757	29.2s	2	6 GB	557.8 MB	7.9 GB	111.2%	0.9%	1 GB	68.3 MB
361	10/7892a6	BGC_ANALYSIS:ANTISMASH_ANALYSIS:ANTISMASH (Pantoea_sp._alder81)	COMPLETED	0	2026-08-28 18:22:41.909	2026-08-28 18:22:42.005	2026-08-28 18:23:23.928	40s	2	6 GB	756.9 MB	7.8 GB	98.7%	1.3%	1.5 GB	106.4 MB
367	1e/98e4d5	BGC_ANALYSIS:ANTISMASH_ANALYSIS:ANTISMASH (Pantoea_agglomerans_BIM_B-2003)	COMPLETED	0	2026-08-28 18:22:59.352	2026-08-28 18:22:59.448	2026-08-28 18:23:26.083	24.6s	2	6 GB	784 MB	7.8 GB	126.0%	1.3%	924.5 MB	85.8 MB
364	3e/f0b91e	BGC_ANALYSIS:ANTISMASH_ANALYSIS:ANTISMASH (Pantoea_agglomerans_AS085)	COMPLETED	0	2026-08-28 18:23:05.049	2026-08-28 18:23:05.145	2026-08-28 18:23:39.833	32.6s	2	6 GB	513.8 MB	7.8 GB	106.0%	0.8%	1.2 GB	71.7 MB
371	b3/5f471d	BGC_ANALYSIS:ANTISMASH_ANALYSIS:ANTISMASH (Pantoea_agglomerans_CTOTU49844)	COMPLETED	0	2026-08-28 18:22:45.289	2026-08-28 18:22:45.384	2026-08-28 18:23:39.850	52.5s	2	6 GB	527 MB	7.7 GB	102.1%	0.8%	2.3 GB	96.9 MB
360	a8/cf42b0	BGC_ANALYSIS:ANTISMASH_ANALYSIS:ANTISMASH (Pantoea_sp._alder70)	COMPLETED	0	2026-08-28 18:22:42.096	2026-08-28 18:22:42.193	2026-08-28 18:23:40.123	56s	2	6 GB	772.1 MB	7.8 GB	92.9%	1.3%	2.4 GB	128.9 MB
366	af/4e36e6	BGC_ANALYSIS:ANTISMASH_ANALYSIS:ANTISMASH (Pantoea_agglomerans_AS139)	COMPLETED	0	2026-08-28 18:23:23.761	2026-08-28 18:23:23.857	2026-08-28 18:23:59.977	34.2s	2	6 GB	512 MB	7.8 GB	105.0%	0.8%	1.3 GB	73.1 MB
375	88/2a2a22	BGC_ANALYSIS:ANTISMASH_ANALYSIS:ANTISMASH (Pantoea_agglomerans_FSL_M9-0610)	COMPLETED	0	2026-08-28 18:23:23.459	2026-08-28 18:23:23.555	2026-08-28 18:24:01.050	35.6s	2	6 GB	488.5 MB	7.7 GB	102.7%	0.7%	1.3 GB	74.9 MB
378	82/ec9e39	BGC_ANALYSIS:ANTISMASH_ANALYSIS:ANTISMASH (Pantoea_agglomerans_HN003)	COMPLETED	0	2026-08-28 18:23:23.932	2026-08-28 18:23:24.029	2026-08-28 18:24:02.038	36s	2	6 GB	491.1 MB	7.8 GB	104.1%	0.8%	1.3 GB	77.2 MB
374	e7/351043	BGC_ANALYSIS:ANTISMASH_ANALYSIS:ANTISMASH (Pantoea_agglomerans_FSL_M9-0538)	COMPLETED	0	2026-08-28 18:23:26.090	2026-08-28 18:23:26.183	2026-08-28 18:24:03.949	35.7s	2	6 GB	502.8 MB	7.8 GB	104.4%	0.9%	1.3 GB	76.6 MB
363	62/6e74d6	BGC_ANALYSIS:ANTISMASH_ANALYSIS:ANTISMASH (Pantoea_agglomerans_1.2.4)	COMPLETED	0	2026-08-28 18:23:39.854	2026-08-28 18:23:39.950	2026-08-28 18:24:05.098	23.2s	2	6 GB	789.3 MB	7.8 GB	126.5%	1.4%	865.3 MB	82.6 MB
369	fe/8241c3	BGC_ANALYSIS:ANTISMASH_ANALYSIS:ANTISMASH (Pantoea_agglomerans_CFBP8989)	COMPLETED	0	2026-08-28 18:23:39.836	2026-08-28 18:23:39.850	2026-08-28 18:24:15.821	34s	2	6 GB	706.1 MB	7.8 GB	95.0%	1.3%	1.3 GB	92 MB
377	eb/f595a9	BGC_ANALYSIS:ANTISMASH_ANALYSIS:ANTISMASH (Pantoea_agglomerans_FSL_S12-0150)	COMPLETED	0	2026-08-28 18:23:40.126	2026-08-28 18:23:40.224	2026-08-28 18:24:18.777	36.6s	2	6 GB	492.5 MB	7.7 GB	101.1%	0.7%	1.4 GB	76.4 MB
370	84/8b85f4	BGC_ANALYSIS:ANTISMASH_ANALYSIS:ANTISMASH (Pantoea_agglomerans_CFBP9000)	COMPLETED	0	2026-08-28 18:24:01.054	2026-08-28 18:24:01.150	2026-08-28 18:24:26.858	23.9s	2	6 GB	773 MB	7.8 GB	124.6%	1.3%	854.1 MB	81.6 MB
368	57/d87833	BGC_ANALYSIS:ANTISMASH_ANALYSIS:ANTISMASH (Pantoea_agglomerans_CFBP8988)	COMPLETED	0	2026-08-28 18:24:02.045	2026-08-28 18:24:02.138	2026-08-28 18:24:27.702	23.7s	2	6 GB	790.6 MB	7.8 GB	127.1%	1.4%	865.5 MB	83 MB
379	75/99c0a7	BGC_ANALYSIS:ANTISMASH_ANALYSIS:ANTISMASH (Pantoea_agglomerans_HN022)	COMPLETED	0	2026-08-28 18:24:03.952	2026-08-28 18:24:04.049	2026-08-28 18:24:36.794	30.9s	2	6 GB	520.1 MB	7.8 GB	108.3%	0.8%	1.1 GB	69.9 MB
380	aa/16b188	BGC_ANALYSIS:ANTISMASH_ANALYSIS:ANTISMASH (Pantoea_agglomerans_Y03)	COMPLETED	0	2026-08-28 18:24:15.825	2026-08-28 18:24:15.921	2026-08-28 18:24:41.414	23.3s	2	6 GB	768.1 MB	7.8 GB	125.4%	1.3%	852.7 MB	81 MB
376	f1/ff229c	BGC_ANALYSIS:ANTISMASH_ANALYSIS:ANTISMASH (Pantoea_agglomerans_FSL_S12-0126)	COMPLETED	0	2026-08-28 18:23:59.983	2026-08-28 18:24:00.077	2026-08-28 18:24:44.795	42.8s	2	6 GB	492.5 MB	7.7 GB	99.4%	0.7%	1.8 GB	86.8 MB
373	c5/eee228	BGC_ANALYSIS:ANTISMASH_ANALYSIS:ANTISMASH (Pantoea_agglomerans_CTOTU50771)	COMPLETED	0	2026-08-28 18:23:02.307	2026-08-28 18:23:02.403	2026-08-28 18:24:48.207	1m 44s	2	6 GB	534.6 MB	7.7 GB	106.5%	0.8%	5.1 GB	169.1 MB
382	b9/f0a9b7	BGC_ANALYSIS:ANTISMASH_ANALYSIS:ANTISMASH (Pantoea_ananatis_FSL_M9-0540)	COMPLETED	0	2026-08-28 18:24:18.781	2026-08-28 18:24:18.877	2026-08-28 18:25:00.832	39.8s	2	6 GB	495.8 MB	7.8 GB	101.8%	0.8%	1.5 GB	81.9 MB
390	8e/d1d5cc	BGC_ANALYSIS:ANTISMASH_ANALYSIS:ANTISMASH (Pantoea_anthophila_NC52)	COMPLETED	0	2026-08-28 18:24:27.707	2026-08-28 18:24:27.802	2026-08-28 18:25:07.210	37.2s	2	6 GB	757.4 MB	7.8 GB	95.2%	1.3%	1.4 GB	94.9 MB
381	cf/83b19d	BGC_ANALYSIS:ANTISMASH_ANALYSIS:ANTISMASH (Pantoea_ananatis_ARGTr_1-1)	COMPLETED	0	2026-08-28 18:24:26.863	2026-08-28 18:24:26.958	2026-08-28 18:25:18.588	49.5s	2	6 GB	725.5 MB	7.8 GB	100.5%	1.3%	2.3 GB	122.2 MB
383	3e/25c9c6	BGC_ANALYSIS:ANTISMASH_ANALYSIS:ANTISMASH (Pantoea_ananatis_FSL_S12-0132)	COMPLETED	0	2026-08-28 18:24:36.798	2026-08-28 18:24:36.894	2026-08-28 18:25:20.106	41.1s	2	6 GB	494 MB	7.8 GB	102.9%	0.7%	1.6 GB	83.8 MB
385	93/05acc6	BGC_ANALYSIS:ANTISMASH_ANALYSIS:ANTISMASH (Pantoea_ananatis_USHLN279)	COMPLETED	0	2026-08-28 18:24:41.420	2026-08-28 18:24:41.514	2026-08-28 18:25:24.022	40.5s	2	6 GB	486.9 MB	7.7 GB	103.4%	0.8%	1.6 GB	83.8 MB
386	cf/18f9ef	BGC_ANALYSIS:ANTISMASH_ANALYSIS:ANTISMASH (Pantoea_ananatis_USHLN280)	COMPLETED	0	2026-08-28 18:24:44.801	2026-08-28 18:24:44.895	2026-08-28 18:25:26.934	40s	2	6 GB	490.2 MB	7.8 GB	103.6%	0.7%	1.6 GB	83.4 MB
388	21/6222bd	BGC_ANALYSIS:ANTISMASH_ANALYSIS:ANTISMASH (Pantoea_ananatis_USHLN35)	COMPLETED	0	2026-08-28 18:25:00.838	2026-08-28 18:25:00.932	2026-08-28 18:25:37.321	34.3s	2	6 GB	513.6 MB	7.8 GB	105.6%	0.8%	1.3 GB	74.3 MB
393	69/5d4ffd	BGC_ANALYSIS:ANTISMASH_ANALYSIS:ANTISMASH (Pantoea_anthophila_USHLN148)	COMPLETED	0	2026-08-28 18:25:24.026	2026-08-28 18:25:24.122	2026-08-28 18:25:54.292	28.2s	2	6 GB	513.4 MB	7.8 GB	106.9%	0.8%	987 MB	63.8 MB
391	36/d689d2	BGC_ANALYSIS:ANTISMASH_ANALYSIS:ANTISMASH (Pantoea_anthophila_SHS3or)	COMPLETED	0	2026-08-28 18:25:20.110	2026-08-28 18:25:20.206	2026-08-28 18:25:55.816	33.6s	2	6 GB	778.5 MB	7.8 GB	96.3%	1.3%	1.3 GB	91 MB
389	c3/cbbedb	BGC_ANALYSIS:ANTISMASH_ANALYSIS:ANTISMASH (Pantoea_anthophila_NC19)	COMPLETED	0	2026-08-28 18:25:18.592	2026-08-28 18:25:18.689	2026-08-28 18:25:57.113	36.4s	2	6 GB	777.2 MB	7.8 GB	95.6%	1.3%	1.4 GB	94.9 MB
392	b8/4c258f	BGC_ANALYSIS:ANTISMASH_ANALYSIS:ANTISMASH (Pantoea_anthophila_Sil_RS_30)	COMPLETED	0	2026-08-28 18:25:26.939	2026-08-28 18:25:27.034	2026-08-28 18:25:59.184	30s	2	6 GB	689.3 MB	7.8 GB	96.3%	1.2%	1.1 GB	84.2 MB
394	b4/12b13f	BGC_ANALYSIS:ANTISMASH_ANALYSIS:ANTISMASH (Pantoea_anthophila_USMM080)	COMPLETED	0	2026-08-28 18:25:37.325	2026-08-28 18:25:37.422	2026-08-28 18:26:06.955	27.6s	2	6 GB	538.3 MB	7.8 GB	113.3%	0.9%	1 GB	64.5 MB
384	64/f52ccd	BGC_ANALYSIS:ANTISMASH_ANALYSIS:ANTISMASH (Pantoea_ananatis_USHLN198)	COMPLETED	0	2026-08-28 18:24:48.213	2026-08-28 18:24:48.307	2026-08-28 18:26:08.026	1m 18s	2	6 GB	4.7 GB	7.8 GB	124.8%	3.6%	22.9 GB	72.1 MB
395	ea/30fe45	BGC_ANALYSIS:ANTISMASH_ANALYSIS:ANTISMASH (Pantoea_anthophila_USMM081)	COMPLETED	0	2026-08-28 18:25:54.296	2026-08-28 18:25:54.392	2026-08-28 18:26:22.773	26.5s	2	6 GB	538.1 MB	7.8 GB	112.6%	0.8%	965.2 MB	61.5 MB
387	dc/14754d	BGC_ANALYSIS:ANTISMASH_ANALYSIS:ANTISMASH (Pantoea_ananatis_USHLN34)	COMPLETED	0	2026-08-28 18:25:07.214	2026-08-28 18:25:07.311	2026-08-28 18:26:26.787	1m 17s	2	6 GB	4.7 GB	7.9 GB	126.2%	6.3%	23.3 GB	72.8 MB
396	04/e577b5	BGC_ANALYSIS:ANTISMASH_ANALYSIS:ANTISMASH (Pantoea_anthophila_USMM101)	COMPLETED	0	2026-08-28 18:25:59.189	2026-08-28 18:25:59.284	2026-08-28 18:26:30.217	28.8s	2	6 GB	528.1 MB	7.8 GB	110.1%	0.7%	1 GB	66.9 MB
397	63/4d7282	BGC_ANALYSIS:ANTISMASH_ANALYSIS:ANTISMASH (Pantoea_brenneri_IF5SWP_1)	COMPLETED	0	2026-08-28 18:25:55.820	2026-08-28 18:25:55.916	2026-08-28 18:26:34.086	36.3s	2	6 GB	657.8 MB	7.7 GB	96.3%	1.1%	1.5 GB	93.6 MB
398	7f/409cc0	BGC_ANALYSIS:ANTISMASH_ANALYSIS:ANTISMASH (Pantoea_brenneri_IIF5SWP_2)	COMPLETED	0	2026-08-28 18:25:57.117	2026-08-28 18:25:57.213	2026-08-28 18:26:35.322	36.2s	2	6 GB	718.2 MB	7.8 GB	94.5%	1.3%	1.5 GB	93.1 MB
400	44/0c2bd0	BGC_ANALYSIS:ANTISMASH_ANALYSIS:ANTISMASH (Pantoea_cypripedii_V8)	COMPLETED	0	2026-08-28 18:26:08.030	2026-08-28 18:26:08.126	2026-08-28 18:26:42.315	32.1s	2	6 GB	853.7 MB	7.9 GB	120.1%	1.4%	1.1 GB	110.9 MB
401	0f/a3346e	BGC_ANALYSIS:ANTISMASH_ANALYSIS:ANTISMASH (Pantoea_dispersa_G121)	COMPLETED	0	2026-08-28 18:26:22.782	2026-08-28 18:26:22.874	2026-08-28 18:26:52.432	27.5s	2	6 GB	778.8 MB	7.8 GB	104.9%	1.3%	988.6 MB	83.9 MB
399	be/a6434c	BGC_ANALYSIS:ANTISMASH_ANALYSIS:ANTISMASH (Pantoea_cypripedii_T16)	COMPLETED	0	2026-08-28 18:26:06.959	2026-08-28 18:26:07.055	2026-08-28 18:26:53.945	44.8s	2	6 GB	783.6 MB	7.8 GB	95.2%	1.3%	1.7 GB	122.9 MB
403	eb/51675f	BGC_ANALYSIS:ANTISMASH_ANALYSIS:ANTISMASH (Pantoea_dispersa_MLY101)	COMPLETED	0	2026-08-28 18:26:30.221	2026-08-28 18:26:30.316	2026-08-28 18:26:55.318	23s	2	6 GB	775.4 MB	7.8 GB	127.0%	1.3%	849.2 MB	81.8 MB
406	37/f5a769	BGC_ANALYSIS:ANTISMASH_ANALYSIS:ANTISMASH (Pantoea_dispersa_USHLN159)	COMPLETED	0	2026-08-28 18:26:35.326	2026-08-28 18:26:35.422	2026-08-28 18:27:11.098	33.7s	2	6 GB	506.1 MB	7.8 GB	104.8%	0.7%	1.2 GB	73.1 MB
404	8d/9e034b	BGC_ANALYSIS:ANTISMASH_ANALYSIS:ANTISMASH (Pantoea_dispersa_S68)	COMPLETED	0	2026-08-28 18:26:34.090	2026-08-28 18:26:34.186	2026-08-28 18:27:12.186	36s	2	6 GB	757.3 MB	7.8 GB	95.4%	1.3%	1.4 GB	95.7 MB
405	3b/d2754f	BGC_ANALYSIS:ANTISMASH_ANALYSIS:ANTISMASH (Pantoea_dispersa_USHLN158)	COMPLETED	0	2026-08-28 18:26:42.320	2026-08-28 18:26:42.415	2026-08-28 18:27:17.631	33s	2	6 GB	482 MB	7.8 GB	104.2%	0.7%	1.2 GB	72 MB
402	8c/19a2a3	BGC_ANALYSIS:ANTISMASH_ANALYSIS:ANTISMASH (Pantoea_dispersa_IIIF4SWP_1)	COMPLETED	0	2026-08-28 18:26:26.791	2026-08-28 18:26:26.887	2026-08-28 18:27:27.300	58.5s	2	6 GB	680.2 MB	7.7 GB	96.6%	1.2%	2.8 GB	128.3 MB
407	45/d1e9fe	BGC_ANALYSIS:ANTISMASH_ANALYSIS:ANTISMASH (Pantoea_dispersa_USHLN160)	COMPLETED	0	2026-08-28 18:26:52.436	2026-08-28 18:26:52.533	2026-08-28 18:27:27.936	33.5s	2	6 GB	503.2 MB	7.8 GB	106.7%	0.8%	1.2 GB	72.5 MB
419	ff/978803	BGC_ANALYSIS:ANTISMASH_ANALYSIS:ANTISMASH (Pantoea_eucrina_AS126)	COMPLETED	0	2026-08-28 18:27:17.635	2026-08-28 18:27:17.731	2026-08-28 18:27:44.879	25.1s	2	6 GB	520.8 MB	7.8 GB	111.3%	0.8%	975.2 MB	56.4 MB
416	c9/d5705c	BGC_ANALYSIS:ANTISMASH_ANALYSIS:ANTISMASH (Pantoea_endophytica_USHLN32)	COMPLETED	0	2026-08-28 18:27:11.102	2026-08-28 18:27:11.198	2026-08-28 18:27:47.483	34.2s	2	6 GB	546.3 MB	7.8 GB	110.2%	0.9%	1.2 GB	74.9 MB
412	59/2a5a9e	BGC_ANALYSIS:ANTISMASH_ANALYSIS:ANTISMASH (Pantoea_dispersa_VD24)	COMPLETED	0	2026-08-28 18:26:53.949	2026-08-28 18:26:54.046	2026-08-28 18:27:51.132	55.1s	2	6 GB	488.3 MB	7.7 GB	104.2%	0.7%	2.4 GB	102.6 MB
413	62/bd486b	BGC_ANALYSIS:ANTISMASH_ANALYSIS:ANTISMASH (Pantoea_dispersa_VD30)	COMPLETED	0	2026-08-28 18:27:12.190	2026-08-28 18:27:12.287	2026-08-28 18:28:00.945	46.6s	2	6 GB	500.7 MB	7.8 GB	104.0%	0.8%	1.9 GB	90.5 MB
414	ee/399707	BGC_ANALYSIS:ANTISMASH_ANALYSIS:ANTISMASH (Pantoea_dispersa_VD33)	COMPLETED	0	2026-08-28 18:26:55.322	2026-08-28 18:26:55.418	2026-08-28 18:28:01.251	1m 4s	2	6 GB	496.8 MB	7.8 GB	105.3%	0.7%	2.9 GB	114.7 MB
409	0b/be2c33	BGC_ANALYSIS:ANTISMASH_ANALYSIS:ANTISMASH (Pantoea_dispersa_USHLN164)	COMPLETED	0	2026-08-28 18:27:27.303	2026-08-28 18:27:27.400	2026-08-28 18:28:02.672	33.2s	2	6 GB	503.8 MB	7.8 GB	106.5%	0.8%	1.2 GB	72 MB
408	74/42f3c0	BGC_ANALYSIS:ANTISMASH_ANALYSIS:ANTISMASH (Pantoea_dispersa_USHLN162)	COMPLETED	0	2026-08-28 18:27:27.941	2026-08-28 18:27:28.036	2026-08-28 18:28:02.767	32.7s	2	6 GB	507.8 MB	7.8 GB	106.5%	0.7%	1.1 GB	71 MB
422	d8/145ad9	BGC_ANALYSIS:ANTISMASH_ANALYSIS:ANTISMASH (Pantoea_eucrina_OsEp_Plm_30P10)	COMPLETED	0	2026-08-28 18:27:51.136	2026-08-28 18:27:51.232	2026-08-28 18:28:14.093	20.7s	2	6 GB	763.8 MB	7.8 GB	118.6%	1.3%	808.7 MB	70.7 MB
411	e6/e1ed4b	BGC_ANALYSIS:ANTISMASH_ANALYSIS:ANTISMASH (Pantoea_dispersa_USHLN200)	COMPLETED	0	2026-08-28 18:27:44.883	2026-08-28 18:27:44.980	2026-08-28 18:28:19.832	32.7s	2	6 GB	502.7 MB	7.8 GB	105.8%	0.8%	1.2 GB	71.5 MB
410	df/e6e73a	BGC_ANALYSIS:ANTISMASH_ANALYSIS:ANTISMASH (Pantoea_dispersa_USHLN199)	COMPLETED	0	2026-08-28 18:27:47.487	2026-08-28 18:27:47.583	2026-08-28 18:28:22.865	33.2s	2	6 GB	495.4 MB	7.8 GB	106.0%	0.7%	1.2 GB	72.5 MB
418	e6/0ed03a	BGC_ANALYSIS:ANTISMASH_ANALYSIS:ANTISMASH (Pantoea_eucrina_AS031)	COMPLETED	0	2026-08-28 18:28:01.256	2026-08-28 18:28:01.351	2026-08-28 18:28:29.743	26.4s	2	6 GB	518.5 MB	7.8 GB	108.7%	0.7%	1 GB	58.9 MB
423	33/840fb6	BGC_ANALYSIS:ANTISMASH_ANALYSIS:ANTISMASH (Pantoea_nemavictus_BIGb0393_2)	COMPLETED	0	2026-08-28 18:28:14.097	2026-08-28 18:28:14.193	2026-08-28 18:28:41.481	25.2s	2	6 GB	838.1 MB	7.8 GB	125.1%	1.4%	901.8 MB	87.4 MB
421	3d/6a93f1	BGC_ANALYSIS:ANTISMASH_ANALYSIS:ANTISMASH (Pantoea_eucrina_CTOTU47311)	COMPLETED	0	2026-08-28 18:28:02.771	2026-08-28 18:28:02.867	2026-08-28 18:28:45.027	40.1s	2	6 GB	480.7 MB	7.7 GB	102.2%	0.7%	1.8 GB	79.3 MB
417	63/3f7357	BGC_ANALYSIS:ANTISMASH_ANALYSIS:ANTISMASH (Pantoea_eucalypti_HN019)	COMPLETED	0	2026-08-28 18:28:22.869	2026-08-28 18:28:22.965	2026-08-28 18:28:52.405	27.4s	2	6 GB	551 MB	7.9 GB	115.7%	0.7%	1002.7 MB	65.5 MB
415	86/44cdcc	BGC_ANALYSIS:ANTISMASH_ANALYSIS:ANTISMASH (Pantoea_dispersa_VRL_PAS23b)	COMPLETED	0	2026-08-28 18:28:19.837	2026-08-28 18:28:19.933	2026-08-28 18:29:15.205	53.3s	2	6 GB	735.3 MB	7.8 GB	97.4%	1.3%	2.5 GB	124.4 MB
420	fe/b963ce	BGC_ANALYSIS:ANTISMASH_ANALYSIS:ANTISMASH (Pantoea_eucrina_CTOTU47128)	COMPLETED	0	2026-08-28 18:28:02.676	2026-08-28 18:28:02.767	2026-08-28 18:29:25.596	1m 21s	2	6 GB	512.5 MB	7.7 GB	108.5%	0.8%	4.1 GB	132.9 MB
429	a3/a0d02c	BGC_ANALYSIS:ANTISMASH_ANALYSIS:ANTISMASH (Pantoea_piersonii_IIIF7SWP_2)	COMPLETED	0	2026-08-28 18:28:00.949	2026-08-28 18:28:01.045	2026-08-28 18:29:29.155	1m 26s	2	6 GB	737.7 MB	7.8 GB	99.6%	1.3%	4.6 GB	171.2 MB
424	68/4e3662	BGC_ANALYSIS:ANTISMASH_ANALYSIS:ANTISMASH (Pantoea_piersonii_CTOTU47942)	COMPLETED	0	2026-08-28 18:28:52.409	2026-08-28 18:28:52.506	2026-08-28 18:29:31.345	36.7s	2	6 GB	478.7 MB	7.8 GB	102.4%	0.7%	1.4 GB	75.8 MB
426	31/ad6958	BGC_ANALYSIS:ANTISMASH_ANALYSIS:ANTISMASH (Pantoea_piersonii_CTOTU50495)	COMPLETED	0	2026-08-28 18:28:45.032	2026-08-28 18:28:45.127	2026-08-28 18:29:32.867	45.7s	2	6 GB	503.4 MB	7.7 GB	106.6%	0.8%	2 GB	88.5 MB
428	37/309e6f	BGC_ANALYSIS:ANTISMASH_ANALYSIS:ANTISMASH (Pantoea_piersonii_IIIF5SWP_1)	COMPLETED	0	2026-08-28 18:28:29.747	2026-08-28 18:28:29.844	2026-08-28 18:29:38.733	1m 7s	2	6 GB	732.8 MB	7.8 GB	99.5%	1.3%	3.4 GB	142.3 MB
435	7d/ab6adb	BGC_ANALYSIS:ANTISMASH_ANALYSIS:ANTISMASH (Pantoea_sp._CTOTU50009)	COMPLETED	0	2026-08-28 18:29:15.209	2026-08-28 18:29:15.305	2026-08-28 18:29:55.479	38.1s	2	6 GB	490.5 MB	7.8 GB	103.6%	0.7%	1.5 GB	78.5 MB
425	89/837ecf	BGC_ANALYSIS:ANTISMASH_ANALYSIS:ANTISMASH (Pantoea_piersonii_CTOTU50484)	COMPLETED	0	2026-08-28 18:29:25.601	2026-08-28 18:29:25.696	2026-08-28 18:29:58.744	30.9s	2	6 GB	490 MB	7.8 GB	102.5%	0.7%	1.1 GB	67.4 MB
427	73/615fb9	BGC_ANALYSIS:ANTISMASH_ANALYSIS:ANTISMASH (Pantoea_piersonii_IIIF1SWP_1)	COMPLETED	0	2026-08-28 18:28:41.486	2026-08-28 18:28:41.582	2026-08-28 18:30:23.887	1m 40s	2	6 GB	716.9 MB	7.8 GB	100.5%	1.2%	5.4 GB	193.3 MB
433	a9/6b8cd7	BGC_ANALYSIS:ANTISMASH_ANALYSIS:ANTISMASH (Pantoea_sp._AS142)	COMPLETED	0	2026-08-28 18:29:58.748	2026-08-28 18:29:58.844	2026-08-28 18:30:34.108	33.2s	2	6 GB	494.4 MB	7.8 GB	106.7%	0.7%	1.2 GB	71.4 MB
439	9a/493264	BGC_ANALYSIS:ANTISMASH_ANALYSIS:ANTISMASH (Pantoea_sp._JZ2)	COMPLETED	0	2026-08-28 18:30:23.891	2026-08-28 18:30:23.987	2026-08-28 18:30:52.264	26.3s	2	6 GB	876.8 MB	7.9 GB	127.8%	1.5%	976 MB	88.3 MB
430	8a/044319	BGC_ANALYSIS:ANTISMASH_ANALYSIS:ANTISMASH (Pantoea_piersonii_IIIF8SWP_1)	COMPLETED	0	2026-08-28 18:29:29.159	2026-08-28 18:29:29.256	2026-08-28 18:30:55.341	1m 24s	2	6 GB	708.2 MB	7.8 GB	99.4%	1.3%	4.4 GB	165.2 MB
431	10/0269ee	BGC_ANALYSIS:ANTISMASH_ANALYSIS:ANTISMASH (Pantoea_septica_CTOTU46901)	COMPLETED	0	2026-08-28 18:29:31.350	2026-08-28 18:29:31.445	2026-08-28 18:31:05.131	1m 32s	2	6 GB	514.4 MB	7.7 GB	107.2%	0.8%	4.7 GB	156.8 MB
436	02/219ea8	BGC_ANALYSIS:ANTISMASH_ANALYSIS:ANTISMASH (Pantoea_sp._CTOTU50049)	COMPLETED	0	2026-08-28 18:30:34.113	2026-08-28 18:30:34.208	2026-08-28 18:31:06.498	30.2s	2	6 GB	494.1 MB	7.8 GB	106.6%	0.7%	1.1 GB	65.7 MB
432	4d/de572c	BGC_ANALYSIS:ANTISMASH_ANALYSIS:ANTISMASH (Pantoea_septica_CTOTU49985)	COMPLETED	0	2026-08-28 18:29:32.871	2026-08-28 18:29:32.968	2026-08-28 18:31:21.915	1m 47s	2	6 GB	494.5 MB	7.6 GB	108.8%	0.7%	5.5 GB	176.7 MB
438	9a/d9d660	BGC_ANALYSIS:ANTISMASH_ANALYSIS:ANTISMASH (Pantoea_sp._Haah2121)	COMPLETED	0	2026-08-28 18:30:55.344	2026-08-28 18:30:55.441	2026-08-28 18:31:32.730	35.1s	2	6 GB	695 MB	7.8 GB	97.1%	1.2%	1.3 GB	93.9 MB
437	b4/157935	BGC_ANALYSIS:ANTISMASH_ANALYSIS:ANTISMASH (Pantoea_sp._CTOTU50483)	COMPLETED	0	2026-08-28 18:31:05.137	2026-08-28 18:31:05.231	2026-08-28 18:31:37.490	30.2s	2	6 GB	487.7 MB	7.8 GB	105.2%	0.7%	1.1 GB	66.7 MB
440	d2/220a7d	BGC_ANALYSIS:ANTISMASH_ANALYSIS:ANTISMASH (Pantoea_sp._JZ29)	COMPLETED	0	2026-08-28 18:31:21.920	2026-08-28 18:31:22.015	2026-08-28 18:31:48.304	24.1s	2	6 GB	793.4 MB	7.8 GB	128.3%	1.3%	888.6 MB	81.6 MB
453	5b/be8d37	BGC_ANALYSIS:ANTISMASH_ANALYSIS:ANTISMASH (Pantoea_sp._S18)	COMPLETED	0	2026-08-28 18:31:37.495	2026-08-28 18:31:37.590	2026-08-28 18:32:06.066	26.3s	2	6 GB	875.3 MB	7.9 GB	124.6%	1.5%	954.7 MB	91.8 MB
443	cb/3badea	BGC_ANALYSIS:ANTISMASH_ANALYSIS:ANTISMASH (Pantoea_sp._N2_039_000G1_dasN2_039_000G1_abawaca.73)	COMPLETED	0	2026-08-28 18:31:32.734	2026-08-28 18:31:32.830	2026-08-28 18:32:26.664	51.7s	2	6 GB	738.2 MB	7.8 GB	97.7%	1.2%	2.4 GB	120.6 MB
444	a5/5e62ac	BGC_ANALYSIS:ANTISMASH_ANALYSIS:ANTISMASH (Pantoea_sp._N2_066_009G1_dasN2_066_009G1_abawaca.7)	COMPLETED	0	2026-08-28 18:31:48.308	2026-08-28 18:31:48.404	2026-08-28 18:32:40.417	49.9s	2	6 GB	781.2 MB	7.8 GB	98.4%	1.3%	2.3 GB	118.5 MB
434	df/4e3a9a	BGC_ANALYSIS:ANTISMASH_ANALYSIS:ANTISMASH (Pantoea_sp._CTOTU49842)	COMPLETED	0	2026-08-28 18:29:38.758	2026-08-28 18:29:38.833	2026-08-28 18:32:48.776	3m 8s	2	6 GB	577 MB	7.7 GB	113.1%	1.1%	9.8 GB	295.7 MB
372	ac/48d19b	BGC_ANALYSIS:ANTISMASH_ANALYSIS:ANTISMASH (Pantoea_agglomerans_CTOTU49883)	COMPLETED	0	2026-08-28 18:24:05.103	2026-08-28 18:24:05.198	2026-08-28 18:32:55.667	8m 49s	2	6 GB	641.1 MB	7.7 GB	111.0%	1.0%	30.4 GB	779.9 MB
442	bd/8aa592	BGC_ANALYSIS:ANTISMASH_ANALYSIS:ANTISMASH (Pantoea_sp._N2_038_000G1_dasN2_038_000G1_maxbin2.maxbin.012)	COMPLETED	0	2026-08-28 18:31:06.501	2026-08-28 18:31:06.598	2026-08-28 18:32:58.740	1m 50s	2	6 GB	742.7 MB	7.8 GB	101.7%	1.3%	6.2 GB	212 MB
449	ca/45cacf	BGC_ANALYSIS:ANTISMASH_ANALYSIS:ANTISMASH (Pantoea_sp._N4_155_006G1_dasN4_155_006G1_maxbin2.maxbin.002)	COMPLETED	0	2026-08-28 18:32:40.421	2026-08-28 18:32:40.517	2026-08-28 18:33:24.205	41.6s	2	6 GB	742.3 MB	7.8 GB	97.9%	1.2%	1.8 GB	105.8 MB
445	40/54e1dd	BGC_ANALYSIS:ANTISMASH_ANALYSIS:ANTISMASH (Pantoea_sp._N4_105_000G1_dasN4_105_000G1_maxbin2.maxbin.001)	COMPLETED	0	2026-08-28 18:29:55.483	2026-08-28 18:29:55.579	2026-08-28 18:33:28.160	3m 31s	2	6 GB	783.9 MB	7.8 GB	103.1%	1.3%	12.6 GB	376.9 MB
441	b1/d3e2b8	BGC_ANALYSIS:ANTISMASH_ANALYSIS:ANTISMASH (Pantoea_sp._N1_011_011G1_dasN1_011_011G1_maxbin2.maxbin.003)	COMPLETED	0	2026-08-28 18:32:06.070	2026-08-28 18:32:06.167	2026-08-28 18:33:29.673	1m 21s	2	6 GB	751.9 MB	7.8 GB	100.4%	1.3%	4.3 GB	173.6 MB
450	17/dc2317	BGC_ANALYSIS:ANTISMASH_ANALYSIS:ANTISMASH (Pantoea_sp._N5_218_000G1_dasN5_218_000G1_concoct_11)	COMPLETED	0	2026-08-28 18:32:55.670	2026-08-28 18:32:55.767	2026-08-28 18:33:45.857	48.1s	2	6 GB	730.7 MB	7.8 GB	97.8%	1.2%	2.2 GB	115 MB
455	d9/2e3e6d	BGC_ANALYSIS:ANTISMASH_ANALYSIS:ANTISMASH (Pantoea_sp._T14)	COMPLETED	0	2026-08-28 18:33:28.165	2026-08-28 18:33:28.260	2026-08-28 18:34:04.822	34.5s	2	6 GB	719.9 MB	7.8 GB	97.8%	1.3%	1.3 GB	94.8 MB
452	8b/10c22e	BGC_ANALYSIS:ANTISMASH_ANALYSIS:ANTISMASH (Pantoea_sp._N5_272_005G1_dasN5_272_005G1_maxbin2.maxbin.001)	COMPLETED	0	2026-08-28 18:33:24.210	2026-08-28 18:33:24.305	2026-08-28 18:34:05.483	39.1s	2	6 GB	806.8 MB	7.8 GB	100.1%	1.3%	1.6 GB	106.7 MB
457	83/43928b	BGC_ANALYSIS:ANTISMASH_ANALYSIS:ANTISMASH (Pantoea_sp._USHLN298)	COMPLETED	0	2026-08-28 18:33:45.860	2026-08-28 18:33:45.957	2026-08-28 18:34:18.236	30.2s	2	6 GB	507 MB	7.8 GB	107.7%	0.7%	1 GB	66.8 MB
459	86/bc82df	BGC_ANALYSIS:ANTISMASH_ANALYSIS:ANTISMASH (Pantoea_sp._USMM079)	COMPLETED	0	2026-08-28 18:33:29.677	2026-08-28 18:33:29.774	2026-08-28 18:34:22.724	50.8s	2	6 GB	526.3 MB	7.8 GB	105.3%	1.0%	2 GB	99.9 MB
448	2e/9a07a3	BGC_ANALYSIS:ANTISMASH_ANALYSIS:ANTISMASH (Pantoea_sp._N4_126_007G1_dasN4_126_007G1_concoct_0)	COMPLETED	0	2026-08-28 18:32:48.781	2026-08-28 18:32:48.876	2026-08-28 18:34:29.506	1m 38s	2	6 GB	659.1 MB	7.7 GB	101.3%	1.1%	5.5 GB	188 MB
462	3b/dce432	BGC_ANALYSIS:ANTISMASH_ANALYSIS:ANTISMASH (Pantoea_vagans_USHLN165)	COMPLETED	0	2026-08-28 18:34:04.826	2026-08-28 18:34:04.922	2026-08-28 18:34:40.823	33.8s	2	6 GB	501.6 MB	7.8 GB	107.3%	0.7%	1.2 GB	74.1 MB
447	53/27f110	BGC_ANALYSIS:ANTISMASH_ANALYSIS:ANTISMASH (Pantoea_sp._N4_105_011G1_dasN4_105_011G1_concoct_11)	COMPLETED	0	2026-08-28 18:30:52.268	2026-08-28 18:30:52.364	2026-08-28 18:34:43.304	3m 49s	2	6 GB	752.6 MB	7.8 GB	103.3%	1.3%	13.9 GB	403.2 MB
456	1f/ae139b	BGC_ANALYSIS:ANTISMASH_ANALYSIS:ANTISMASH (Pantoea_sp._USHLN256)	COMPLETED	0	2026-08-28 18:34:22.730	2026-08-28 18:34:22.824	2026-08-28 18:35:04.987	40.1s	2	6 GB	504.3 MB	7.8 GB	105.1%	0.7%	1.4 GB	80.9 MB
458	71/f2afb8	BGC_ANALYSIS:ANTISMASH_ANALYSIS:ANTISMASH (Pantoea_sp._USMM078)	COMPLETED	0	2026-08-28 18:34:18.248	2026-08-28 18:34:18.337	2026-08-28 18:35:10.943	50.6s	2	6 GB	526.2 MB	7.8 GB	104.9%	1.0%	2 GB	99.9 MB
476	41/8a45d2	BGC_ANALYSIS:ANTISMASH_ANALYSIS:ANTISMASH (Pantoea_agglomerans_PNG_92-11)	COMPLETED	0	2026-08-28 18:34:43.309	2026-08-28 18:34:43.404	2026-08-28 18:35:23.016	37.5s	2	6 GB	712.8 MB	7.8 GB	97.6%	1.2%	1.5 GB	92.4 MB
465	15/185305	BGC_ANALYSIS:ANTISMASH_ANALYSIS:ANTISMASH (Candidatus_Pantoea_edessiphila_SoEE)	COMPLETED	0	2026-08-28 18:35:10.947	2026-08-28 18:35:11.043	2026-08-28 18:35:23.037	9.9s	2	6 GB	215.9 MB	2.7 GB	106.6%	0.3%	460.8 MB	19.2 MB
461	f2/e73dcf	BGC_ANALYSIS:ANTISMASH_ANALYSIS:ANTISMASH (Pantoea_vagans_CTOTU50032)	COMPLETED	0	2026-08-28 18:34:05.487	2026-08-28 18:34:05.583	2026-08-28 18:35:23.656	1m 16s	2	6 GB	498.7 MB	7.7 GB	106.7%	0.7%	3.6 GB	135.1 MB
460	8e/f85aa8	BGC_ANALYSIS:ANTISMASH_ANALYSIS:ANTISMASH (Pantoea_stewartii_NC66)	COMPLETED	0	2026-08-28 18:34:29.511	2026-08-28 18:34:29.606	2026-08-28 18:35:29.999	58.3s	2	6 GB	4.8 GB	7.8 GB	111.7%	6.8%	9.8 GB	92.9 MB
466	99/f1ee71	BGC_ANALYSIS:ANTISMASH_ANALYSIS:ANTISMASH (Candidatus_Pantoea_edessiphila_SoEL)	COMPLETED	0	2026-08-28 18:35:23.662	2026-08-28 18:35:23.756	2026-08-28 18:35:35.915	10.1s	2	6 GB	215.8 MB	2.7 GB	104.1%	0.3%	459.5 MB	19 MB
454	30/024082	BGC_ANALYSIS:ANTISMASH_ANALYSIS:ANTISMASH (Pantoea_sp._S2_006_009G1_dasS2_006_009G1_abawaca.11)	COMPLETED	0	2026-08-28 18:34:40.827	2026-08-28 18:34:40.923	2026-08-28 18:35:41.708	58.7s	2	6 GB	772.9 MB	7.8 GB	97.7%	1.3%	2.8 GB	131.3 MB
468	2d/c4cd1b	BGC_ANALYSIS:ANTISMASH_ANALYSIS:ANTISMASH (Candidatus_Pantoea_edessiphila_SoET)	COMPLETED	0	2026-08-28 18:35:35.919	2026-08-28 18:35:36.016	2026-08-28 18:35:47.750	9.6s	2	6 GB	208 MB	2.7 GB	104.1%	0.3%	437.3 MB	18.5 MB
464	ff/5596f1	BGC_ANALYSIS:ANTISMASH_ANALYSIS:ANTISMASH (Candidatus_Pantoea_borealis_UBA6694)	COMPLETED	0	2026-08-28 18:35:23.022	2026-08-28 18:35:23.037	2026-08-28 18:35:59.339	34.2s	2	6 GB	465.9 MB	7.7 GB	101.5%	0.7%	1.4 GB	67.2 MB
463	01/f1a2ad	BGC_ANALYSIS:ANTISMASH_ANALYSIS:ANTISMASH (Candidatus_Pantoea_astica_UBA6564)	COMPLETED	0	2026-08-28 18:35:41.712	2026-08-28 18:35:41.808	2026-08-28 18:36:22.114	38.2s	2	6 GB	472.4 MB	7.8 GB	102.9%	0.7%	1.6 GB	78.2 MB
475	31/4f0ec3	BGC_ANALYSIS:ANTISMASH_ANALYSIS:ANTISMASH (Pantoea_agglomerans_P5)	COMPLETED	0	2026-08-28 18:35:23.041	2026-08-28 18:35:23.138	2026-08-28 18:36:25.295	1m	2	6 GB	723 MB	7.8 GB	97.1%	1.3%	2.9 GB	133.7 MB
482	96/00a1d8	BGC_ANALYSIS:ANTISMASH_ANALYSIS:ANTISMASH (Pantoea_ananatis_1.38)	COMPLETED	0	2026-08-28 18:35:59.343	2026-08-28 18:35:59.439	2026-08-28 18:36:34.340	32.7s	2	6 GB	481 MB	7.8 GB	105.2%	0.7%	1.2 GB	72.8 MB
483	1b/4fb097	BGC_ANALYSIS:ANTISMASH_ANALYSIS:ANTISMASH (Pantoea_ananatis_ARC272)	COMPLETED	0	2026-08-28 18:35:47.754	2026-08-28 18:35:47.850	2026-08-28 18:36:52.302	1m 2s	2	6 GB	702.1 MB	7.8 GB	100.0%	1.3%	3.2 GB	136 MB
472	a0/466809	BGC_ANALYSIS:ANTISMASH_ANALYSIS:ANTISMASH (Pantoea_agglomerans_BD_1274)	COMPLETED	0	2026-08-28 18:35:04.991	2026-08-28 18:35:05.087	2026-08-28 18:36:59.538	1m 52s	2	6 GB	482.1 MB	7.7 GB	108.6%	0.7%	5.7 GB	185 MB
470	61/5a6309	BGC_ANALYSIS:ANTISMASH_ANALYSIS:ANTISMASH (Candidatus_Pantoea_superficialis_UBA648)	COMPLETED	0	2026-08-28 18:35:30.003	2026-08-28 18:35:30.099	2026-08-28 18:37:00.136	1m 28s	2	6 GB	470.5 MB	7.7 GB	110.1%	0.7%	4.5 GB	145.6 MB
474	23/073f04	BGC_ANALYSIS:ANTISMASH_ANALYSIS:ANTISMASH (Pantoea_agglomerans_JM1)	COMPLETED	0	2026-08-28 18:36:34.344	2026-08-28 18:36:34.440	2026-08-28 18:37:11.551	35s	2	6 GB	724.7 MB	7.8 GB	99.7%	1.3%	1.3 GB	90.5 MB
477	11/c73c43	BGC_ANALYSIS:ANTISMASH_ANALYSIS:ANTISMASH (Pantoea_agglomerans_UBA1585)	COMPLETED	0	2026-08-28 18:36:22.118	2026-08-28 18:36:22.214	2026-08-28 18:37:12.900	48.5s	2	6 GB	514.3 MB	7.7 GB	103.8%	0.8%	2.1 GB	93.6 MB
478	d7/e7a882	BGC_ANALYSIS:ANTISMASH_ANALYSIS:ANTISMASH (Pantoea_alhagi_LTYR-11Z)	COMPLETED	0	2026-08-28 18:36:52.308	2026-08-28 18:36:52.403	2026-08-28 18:37:15.139	20.5s	2	6 GB	784.3 MB	7.8 GB	128.8%	1.3%	764.5 MB	70.2 MB
473	74/024d81	BGC_ANALYSIS:ANTISMASH_ANALYSIS:ANTISMASH (Pantoea_agglomerans_Bl3)	COMPLETED	0	2026-08-28 18:36:59.542	2026-08-28 18:36:59.638	2026-08-28 18:37:32.426	30.7s	2	6 GB	697 MB	7.8 GB	104.1%	1.2%	1.2 GB	90.7 MB
479	1d/ea8f61	BGC_ANALYSIS:ANTISMASH_ANALYSIS:ANTISMASH (Pantoea_allii_LMG_24248)	COMPLETED	0	2026-08-28 18:36:25.299	2026-08-28 18:36:25.396	2026-08-28 18:37:42.099	1m 15s	2	6 GB	4.7 GB	7.8 GB	107.5%	3.5%	11.7 GB	113.2 MB
481	42/5e2b14	BGC_ANALYSIS:ANTISMASH_ANALYSIS:ANTISMASH (Pantoea_allii_PNA_200-10)	COMPLETED	0	2026-08-28 18:37:11.556	2026-08-28 18:37:11.651	2026-08-28 18:37:45.987	32.3s	2	6 GB	719 MB	7.8 GB	96.3%	1.2%	1.2 GB	84.7 MB
490	1e/109db9	BGC_ANALYSIS:ANTISMASH_ANALYSIS:ANTISMASH (Pantoea_ananatis_PANS_99-23)	COMPLETED	0	2026-08-28 18:37:15.145	2026-08-28 18:37:15.239	2026-08-28 18:37:51.129	33.8s	2	6 GB	717.8 MB	7.8 GB	98.2%	1.3%	1.3 GB	91.6 MB
451	72/ddc242	BGC_ANALYSIS:ANTISMASH_ANALYSIS:ANTISMASH (Pantoea_sp._N5_271_000G1_dasN5_271_000G1_maxbin2.maxbin.005)	COMPLETED	0	2026-08-28 18:32:58.744	2026-08-28 18:32:58.840	2026-08-28 18:37:54.256	4m 53s	2	6 GB	799.8 MB	7.9 GB	103.4%	1.3%	17.9 GB	499.5 MB
471	b6/638d3c	BGC_ANALYSIS:ANTISMASH_ANALYSIS:ANTISMASH (Pantoea_agglomerans_BD_1212)	COMPLETED	0	2026-08-28 18:37:00.141	2026-08-28 18:37:00.236	2026-08-28 18:38:03.066	1m 1s	2	6 GB	495.4 MB	7.7 GB	105.1%	0.7%	2.8 GB	113 MB
446	38/0950e1	BGC_ANALYSIS:ANTISMASH_ANALYSIS:ANTISMASH (Pantoea_sp._N4_105_010G1_dasN4_105_010G1_abawaca.13)	COMPLETED	0	2026-08-28 18:32:26.668	2026-08-28 18:32:26.764	2026-08-28 18:38:09.720	5m 41s	2	6 GB	890.6 MB	7.9 GB	103.4%	1.6%	20.9 GB	584 MB
467	01/219ee0	BGC_ANALYSIS:ANTISMASH_ANALYSIS:ANTISMASH (Candidatus_Pantoea_edessiphila_SoEO)	COMPLETED	0	2026-08-28 18:38:09.731	2026-08-28 18:38:09.820	2026-08-28 18:38:24.384	12.3s	2	6 GB	215.3 MB	2.7 GB	107.4%	0.3%	456.2 MB	18.8 MB
480	26/0e8ae1	BGC_ANALYSIS:ANTISMASH_ANALYSIS:ANTISMASH (Pantoea_allii_LMG_24248_2)	COMPLETED	0	2026-08-28 18:37:12.905	2026-08-28 18:37:13.000	2026-08-28 18:38:28.085	1m 13s	2	6 GB	4.7 GB	7.8 GB	107.1%	3.2%	12 GB	111.1 MB
489	16/cd3403	BGC_ANALYSIS:ANTISMASH_ANALYSIS:ANTISMASH (Pantoea_ananatis_PANS_200-1)	COMPLETED	0	2026-08-28 18:38:24.387	2026-08-28 18:38:24.484	2026-08-28 18:38:57.466	30.4s	2	6 GB	723.1 MB	7.8 GB	104.4%	1.3%	1 GB	77.3 MB
493	21/899c2c	BGC_ANALYSIS:ANTISMASH_ANALYSIS:ANTISMASH (Pantoea_ananatis_PNA_07-10)	COMPLETED	0	2026-08-28 18:37:51.133	2026-08-28 18:37:51.230	2026-08-28 18:38:59.529	1m 6s	2	6 GB	4.7 GB	7.7 GB	109.3%	7.8%	10.7 GB	80.3 MB
492	1a/a2bf74	BGC_ANALYSIS:ANTISMASH_ANALYSIS:ANTISMASH (Pantoea_ananatis_PNA_07-1)	COMPLETED	0	2026-08-28 18:37:45.991	2026-08-28 18:37:46.087	2026-08-28 18:39:00.205	1m 12s	2	6 GB	4.8 GB	7.9 GB	107.2%	7.9%	9.9 GB	84.4 MB
486	28/ba0a52	BGC_ANALYSIS:ANTISMASH_ANALYSIS:ANTISMASH (Pantoea_ananatis_PANS_01-2)	COMPLETED	0	2026-08-28 18:37:54.260	2026-08-28 18:37:54.356	2026-08-28 18:39:01.248	1m 5s	2	6 GB	4.7 GB	7.8 GB	111.3%	3.7%	10.3 GB	89 MB
485	ae/14a08d	BGC_ANALYSIS:ANTISMASH_ANALYSIS:ANTISMASH (Pantoea_ananatis_ARC311)	COMPLETED	0	2026-08-28 18:37:42.103	2026-08-28 18:37:42.200	2026-08-28 18:39:02.932	1m 19s	2	6 GB	661.8 MB	7.7 GB	98.9%	1.1%	3.8 GB	151.8 MB
488	c0/32521b	BGC_ANALYSIS:ANTISMASH_ANALYSIS:ANTISMASH (Pantoea_ananatis_PANS_04-2)	COMPLETED	0	2026-08-28 18:37:32.430	2026-08-28 18:37:32.527	2026-08-28 18:39:04.846	1m 30s	2	6 GB	4.8 GB	7.8 GB	121.4%	7.3%	22.4 GB	95.9 MB
496	89/5e99c6	BGC_ANALYSIS:ANTISMASH_ANALYSIS:ANTISMASH (Pantoea_ananatis_PNA_15-1)	COMPLETED	0	2026-08-28 18:38:28.090	2026-08-28 18:38:28.185	2026-08-28 18:39:31.684	1m 1s	2	6 GB	4.7 GB	7.8 GB	111.5%	5.4%	10.3 GB	90.7 MB
494	ff/3c9aaf	BGC_ANALYSIS:ANTISMASH_ANALYSIS:ANTISMASH (Pantoea_ananatis_PNA_11-1)	COMPLETED	0	2026-08-28 18:38:59.533	2026-08-28 18:38:59.630	2026-08-28 18:39:36.730	35.4s	2	6 GB	706.9 MB	7.8 GB	96.2%	1.2%	1.3 GB	86.2 MB
497	9a/373e92	BGC_ANALYSIS:ANTISMASH_ANALYSIS:ANTISMASH (Pantoea_ananatis_PNA_200-3)	COMPLETED	0	2026-08-28 18:39:04.850	2026-08-28 18:39:04.946	2026-08-28 18:39:40.440	33.3s	2	6 GB	720.8 MB	7.8 GB	99.0%	1.2%	1.3 GB	91.7 MB
495	02/412fe0	BGC_ANALYSIS:ANTISMASH_ANALYSIS:ANTISMASH (Pantoea_ananatis_PNA_14-1)	COMPLETED	0	2026-08-28 18:39:01.252	2026-08-28 18:39:01.348	2026-08-28 18:39:40.954	37.6s	2	6 GB	720.3 MB	7.8 GB	97.6%	1.2%	1.5 GB	92.3 MB
484	84/bc1226	BGC_ANALYSIS:ANTISMASH_ANALYSIS:ANTISMASH (Pantoea_ananatis_ARC310)	COMPLETED	0	2026-08-28 18:38:03.071	2026-08-28 18:38:03.166	2026-08-28 18:39:42.527	1m 37s	2	6 GB	708.7 MB	7.8 GB	100.7%	1.3%	4.9 GB	179.5 MB
498	b5/2496bb	BGC_ANALYSIS:ANTISMASH_ANALYSIS:ANTISMASH (Pantoea_ananatis_PNA_200-7)	COMPLETED	0	2026-08-28 18:39:00.209	2026-08-28 18:39:00.305	2026-08-28 18:40:01.003	58.9s	2	6 GB	4.8 GB	7.8 GB	107.5%	7.8%	9.8 GB	82.9 MB
502	7d/6eddac	BGC_ANALYSIS:ANTISMASH_ANALYSIS:ANTISMASH (Pantoea_ananatis_PNA_99-7)	COMPLETED	0	2026-08-28 18:39:36.734	2026-08-28 18:39:36.830	2026-08-28 18:40:10.313	31.5s	2	6 GB	666.1 MB	7.7 GB	102.5%	1.1%	1.2 GB	90.1 MB
499	77/d8b53f	BGC_ANALYSIS:ANTISMASH_ANALYSIS:ANTISMASH (Pantoea_ananatis_PNA_86-1)	COMPLETED	0	2026-08-28 18:39:40.958	2026-08-28 18:39:41.054	2026-08-28 18:40:16.239	33s	2	6 GB	691.5 MB	7.7 GB	96.9%	1.2%	1.2 GB	82.2 MB
503	33/ca04fd	BGC_ANALYSIS:ANTISMASH_ANALYSIS:ANTISMASH (Pantoea_ananatis_SGAir0210)	COMPLETED	0	2026-08-28 18:40:01.007	2026-08-28 18:40:01.103	2026-08-28 18:40:26.148	22.8s	2	6 GB	768.2 MB	7.8 GB	133.3%	1.3%	828.6 MB	77.8 MB
487	8f/bb7acf	BGC_ANALYSIS:ANTISMASH_ANALYSIS:ANTISMASH (Pantoea_ananatis_PANS_02-01)	COMPLETED	0	2026-08-28 18:38:57.470	2026-08-28 18:38:57.566	2026-08-28 18:40:27.107	1m 27s	2	6 GB	4.8 GB	7.8 GB	118.4%	5.6%	24.5 GB	92.9 MB
500	16/66cc44	BGC_ANALYSIS:ANTISMASH_ANALYSIS:ANTISMASH (Pantoea_ananatis_PNA_97-1R)	COMPLETED	0	2026-08-28 18:39:42.531	2026-08-28 18:39:42.628	2026-08-28 18:40:40.232	55.5s	2	6 GB	4.8 GB	7.9 GB	123.5%	5.7%	9.9 GB	82.1 MB
491	01/b9765f	BGC_ANALYSIS:ANTISMASH_ANALYSIS:ANTISMASH (Pantoea_ananatis_PANS_99-3)	COMPLETED	0	2026-08-28 18:39:31.688	2026-08-28 18:39:31.784	2026-08-28 18:40:52.129	1m 18s	2	6 GB	4.8 GB	7.8 GB	114.2%	6.3%	18.8 GB	94.7 MB
507	59/e60f29	BGC_ANALYSIS:ANTISMASH_ANALYSIS:ANTISMASH (Pantoea_cypripedii_LMG_2657)	COMPLETED	0	2026-08-28 18:40:26.153	2026-08-28 18:40:26.249	2026-08-28 18:40:58.899	30.3s	2	6 GB	883.7 MB	7.9 GB	126.1%	1.4%	1.1 GB	105.2 MB
504	f2/730067	BGC_ANALYSIS:ANTISMASH_ANALYSIS:ANTISMASH (Pantoea_ananatis_UBA1895)	COMPLETED	0	2026-08-28 18:40:10.318	2026-08-28 18:40:10.413	2026-08-28 18:40:59.038	46.6s	2	6 GB	490.7 MB	7.7 GB	104.3%	0.7%	1.8 GB	87.3 MB
501	05/87b285	BGC_ANALYSIS:ANTISMASH_ANALYSIS:ANTISMASH (Pantoea_ananatis_PNA_98-11)	COMPLETED	0	2026-08-28 18:39:40.444	2026-08-28 18:39:40.539	2026-08-28 18:41:00.881	1m 18s	2	6 GB	4.8 GB	7.8 GB	114.7%	4.5%	19 GB	93.5 MB
508	16/7294c7	BGC_ANALYSIS:ANTISMASH_ANALYSIS:ANTISMASH (Pantoea_deleyi_LMG_24200)	COMPLETED	0	2026-08-28 18:39:02.937	2026-08-28 18:39:03.032	2026-08-28 18:41:07.553	2m 3s	2	6 GB	738.4 MB	7.8 GB	100.8%	1.3%	6.6 GB	220 MB
505	f6/59a398	BGC_ANALYSIS:ANTISMASH_ANALYSIS:ANTISMASH (Pantoea_ananatis_YJ76)	COMPLETED	0	2026-08-28 18:40:16.245	2026-08-28 18:40:16.339	2026-08-28 18:41:14.120	54.3s	2	6 GB	4.7 GB	7.8 GB	124.3%	5.3%	10.9 GB	84.6 MB
506	d9/ffa795	BGC_ANALYSIS:ANTISMASH_ANALYSIS:ANTISMASH (Pantoea_coffeiphila_342)	COMPLETED	0	2026-08-28 18:40:27.111	2026-08-28 18:40:27.207	2026-08-28 18:41:19.025	49.5s	2	6 GB	725.7 MB	7.8 GB	93.9%	1.3%	1.9 GB	117.7 MB
509	8b/2bb883	BGC_ANALYSIS:ANTISMASH_ANALYSIS:ANTISMASH (Pantoea_dispersa_UBA3148)	COMPLETED	0	2026-08-28 18:40:40.237	2026-08-28 18:40:40.332	2026-08-28 18:41:20.875	38.2s	2	6 GB	478 MB	7.7 GB	101.0%	0.7%	1.4 GB	77 MB
510	73/9856bc	BGC_ANALYSIS:ANTISMASH_ANALYSIS:ANTISMASH (Pantoea_endophytica_596)	COMPLETED	0	2026-08-28 18:40:52.132	2026-08-28 18:40:52.229	2026-08-28 18:41:31.487	37.3s	2	6 GB	685.3 MB	7.7 GB	96.6%	1.2%	1.4 GB	97.2 MB
511	22/63f6b9	BGC_ANALYSIS:ANTISMASH_ANALYSIS:ANTISMASH (Pantoea_eucrina_LMG_5346)	COMPLETED	0	2026-08-28 18:40:58.902	2026-08-28 18:40:58.998	2026-08-28 18:41:51.144	50s	2	6 GB	617.7 MB	7.7 GB	97.7%	1.0%	2.4 GB	107.6 MB
526	05/1a2618	BGC_ANALYSIS:ANTISMASH_ANALYSIS:ANTISMASH (Pantoea_sp._AMG_501)	COMPLETED	0	2026-08-28 18:41:14.129	2026-08-28 18:41:14.220	2026-08-28 18:41:52.920	36.5s	2	6 GB	674.4 MB	7.7 GB	97.5%	1.2%	1.4 GB	97.3 MB
515	84/fdf400	BGC_ANALYSIS:ANTISMASH_ANALYSIS:ANTISMASH (Pantoea_rodasii_LMG_26273)	COMPLETED	0	2026-08-28 18:41:07.558	2026-08-28 18:41:07.653	2026-08-28 18:41:57.932	48.1s	2	6 GB	798.7 MB	7.8 GB	97.5%	1.3%	2.1 GB	120.3 MB
514	ad/561565	BGC_ANALYSIS:ANTISMASH_ANALYSIS:ANTISMASH (Pantoea_rodasii_DSM_26611)	COMPLETED	0	2026-08-28 18:41:19.030	2026-08-28 18:41:19.125	2026-08-28 18:42:01.185	40.1s	2	6 GB	752.7 MB	7.8 GB	97.6%	1.3%	1.5 GB	107.6 MB
513	d3/163d7d	BGC_ANALYSIS:ANTISMASH_ANALYSIS:ANTISMASH (Pantoea_piersonii_ISS-IIIF5SW)	COMPLETED	0	2026-08-28 18:40:59.042	2026-08-28 18:40:59.138	2026-08-28 18:42:22.249	1m 21s	2	6 GB	484.4 MB	7.7 GB	104.8%	0.7%	4 GB	140.6 MB
517	38/3e5ff0	BGC_ANALYSIS:ANTISMASH_ANALYSIS:ANTISMASH (Pantoea_septica_LMG_5345)	COMPLETED	0	2026-08-28 18:41:31.491	2026-08-28 18:41:31.587	2026-08-28 18:42:23.175	49.5s	2	6 GB	638.1 MB	7.7 GB	97.1%	1.0%	2.3 GB	109.5 MB
512	9f/49d488	BGC_ANALYSIS:ANTISMASH_ANALYSIS:ANTISMASH (Pantoea_graminicola_ARC607)	COMPLETED	0	2026-08-28 18:41:00.887	2026-08-28 18:41:00.981	2026-08-28 18:42:25.817	1m 23s	2	6 GB	712.6 MB	7.8 GB	100.4%	1.3%	4.4 GB	164.4 MB
520	4e/b92dc7	BGC_ANALYSIS:ANTISMASH_ANALYSIS:ANTISMASH (Pantoea_septica_UBA2049)	COMPLETED	0	2026-08-28 18:41:57.942	2026-08-28 18:41:58.032	2026-08-28 18:42:36.999	36.8s	2	6 GB	465.9 MB	7.7 GB	101.2%	0.7%	1.5 GB	73.5 MB
521	f0/288b3b	BGC_ANALYSIS:ANTISMASH_ANALYSIS:ANTISMASH (Pantoea_septica_UBA2584)	COMPLETED	0	2026-08-28 18:42:01.190	2026-08-28 18:42:01.285	2026-08-28 18:42:38.459	35.1s	2	6 GB	476.9 MB	7.7 GB	101.0%	0.7%	1.4 GB	71.9 MB
516	88/c9b6c5	BGC_ANALYSIS:ANTISMASH_ANALYSIS:ANTISMASH (Pantoea_rwandensis_LMG_26275)	COMPLETED	0	2026-08-28 18:41:51.147	2026-08-28 18:41:51.245	2026-08-28 18:42:44.332	51.1s	2	6 GB	762.2 MB	7.8 GB	94.6%	1.3%	2.1 GB	122.8 MB
524	23/181656	BGC_ANALYSIS:ANTISMASH_ANALYSIS:ANTISMASH (Pantoea_sp._AG1095)	COMPLETED	0	2026-08-28 18:42:25.821	2026-08-28 18:42:25.917	2026-08-28 18:43:01.666	33.6s	2	6 GB	695.8 MB	7.7 GB	97.7%	1.2%	1.3 GB	84.6 MB
523	b6/e3aea0	BGC_ANALYSIS:ANTISMASH_ANALYSIS:ANTISMASH (Pantoea_sp._3_1284)	COMPLETED	0	2026-08-28 18:42:23.179	2026-08-28 18:42:23.276	2026-08-28 18:43:03.915	38.6s	2	6 GB	608.6 MB	7.7 GB	96.2%	1.0%	1.7 GB	92.2 MB
529	4f/051ec8	BGC_ANALYSIS:ANTISMASH_ANALYSIS:ANTISMASH (Pantoea_sp._BRM17)	COMPLETED	0	2026-08-28 18:42:44.336	2026-08-28 18:42:44.432	2026-08-28 18:43:06.153	19.5s	2	6 GB	843.3 MB	7.9 GB	121.5%	1.4%	626.3 MB	70.4 MB
518	23/5bbaab	BGC_ANALYSIS:ANTISMASH_ANALYSIS:ANTISMASH (Pantoea_septica_UBA1650)	COMPLETED	0	2026-08-28 18:41:20.880	2026-08-28 18:41:20.975	2026-08-28 18:43:08.537	1m 45s	2	6 GB	478.2 MB	7.6 GB	110.0%	0.7%	5.5 GB	169.7 MB
536	de/d4d881	BGC_ANALYSIS:ANTISMASH_ANALYSIS:ANTISMASH (Pantoea_sp._RIT413)	COMPLETED	0	2026-08-28 18:42:38.466	2026-08-28 18:42:38.559	2026-08-28 18:43:09.932	29.4s	2	6 GB	639.2 MB	7.7 GB	98.0%	1.0%	1.2 GB	76.6 MB
530	20/306fa9	BGC_ANALYSIS:ANTISMASH_ANALYSIS:ANTISMASH (Pantoea_sp._FDAARGOS_194)	COMPLETED	0	2026-08-28 18:43:06.156	2026-08-28 18:43:06.252	2026-08-28 18:43:31.867	23.8s	2	6 GB	795.5 MB	7.8 GB	128.8%	1.3%	930.7 MB	81.6 MB
522	59/73d81c	BGC_ANALYSIS:ANTISMASH_ANALYSIS:ANTISMASH (Pantoea_septica_UBA7459)	COMPLETED	0	2026-08-28 18:42:22.254	2026-08-28 18:42:22.349	2026-08-28 18:43:31.959	1m 8s	2	6 GB	474.5 MB	7.6 GB	106.3%	0.7%	3.3 GB	117.4 MB
525	b9/252e47	BGC_ANALYSIS:ANTISMASH_ANALYSIS:ANTISMASH (Pantoea_sp._AG702)	COMPLETED	0	2026-08-28 18:42:37.003	2026-08-28 18:42:37.099	2026-08-28 18:43:34.762	55.6s	2	6 GB	4.7 GB	7.7 GB	111.6%	5.6%	9.8 GB	80.7 MB
531	37/9fa867	BGC_ANALYSIS:ANTISMASH_ANALYSIS:ANTISMASH (Pantoea_sp._ICBG_1758)	COMPLETED	0	2026-08-28 18:43:08.540	2026-08-28 18:43:08.637	2026-08-28 18:43:36.506	25.8s	2	6 GB	704.9 MB	7.8 GB	103.7%	1.1%	1023.6 MB	74.5 MB
533	74/2d8336	BGC_ANALYSIS:ANTISMASH_ANALYSIS:ANTISMASH (Pantoea_sp._ICBG_985)	COMPLETED	0	2026-08-28 18:43:09.936	2026-08-28 18:43:10.032	2026-08-28 18:43:42.769	30.6s	2	6 GB	662 MB	7.7 GB	102.3%	1.1%	1.2 GB	88.4 MB
528	8d/a1199b	BGC_ANALYSIS:ANTISMASH_ANALYSIS:ANTISMASH (Pantoea_sp._AV62)	COMPLETED	0	2026-08-28 18:43:01.670	2026-08-28 18:43:01.766	2026-08-28 18:43:47.465	43.7s	2	6 GB	715.9 MB	7.8 GB	95.3%	1.3%	1.9 GB	107.3 MB
527	75/5b92af	BGC_ANALYSIS:ANTISMASH_ANALYSIS:ANTISMASH (Pantoea_sp._ARC270)	COMPLETED	0	2026-08-28 18:43:03.918	2026-08-28 18:43:04.015	2026-08-28 18:43:56.277	50.3s	2	6 GB	666.6 MB	7.7 GB	96.3%	1.0%	2.3 GB	112 MB
534	76/5bf363	BGC_ANALYSIS:ANTISMASH_ANALYSIS:ANTISMASH (Pantoea_sp._JKS000250)	COMPLETED	0	2026-08-28 18:43:31.872	2026-08-28 18:43:31.960	2026-08-28 18:43:56.812	22.9s	2	6 GB	773.9 MB	7.8 GB	125.7%	1.3%	853.7 MB	73.6 MB
532	f2/553d9d	BGC_ANALYSIS:ANTISMASH_ANALYSIS:ANTISMASH (Pantoea_sp._ICBG_828)	COMPLETED	0	2026-08-28 18:43:31.964	2026-08-28 18:43:32.060	2026-08-28 18:44:07.445	33.4s	2	6 GB	652.7 MB	7.7 GB	99.5%	1.0%	1.3 GB	91.7 MB
539	1e/eb583c	BGC_ANALYSIS:ANTISMASH_ANALYSIS:ANTISMASH (Pantoea_sp._UBA2708_UBA2708)	COMPLETED	0	2026-08-28 18:43:47.469	2026-08-28 18:43:47.565	2026-08-28 18:44:19.013	29.3s	2	6 GB	499.2 MB	7.7 GB	106.5%	0.7%	1.1 GB	60.7 MB
519	67/c1f2ef	BGC_ANALYSIS:ANTISMASH_ANALYSIS:ANTISMASH (Pantoea_septica_UBA1889)	COMPLETED	0	2026-08-28 18:41:52.925	2026-08-28 18:41:53.020	2026-08-28 18:44:25.240	2m 30s	2	6 GB	510.1 MB	7.7 GB	112.1%	0.8%	7.9 GB	225.8 MB
542	ce/b6db60	BGC_ANALYSIS:ANTISMASH_ANALYSIS:ANTISMASH (Pantoea_sp._UBA3896_UBA3896)	COMPLETED	0	2026-08-28 18:44:07.448	2026-08-28 18:44:07.545	2026-08-28 18:44:35.149	25.5s	2	6 GB	488.4 MB	7.8 GB	104.6%	0.7%	861.8 MB	54.8 MB
535	dd/9c2c1b	BGC_ANALYSIS:ANTISMASH_ANALYSIS:ANTISMASH (Pantoea_sp._PNA_03-3)	COMPLETED	0	2026-08-28 18:43:34.768	2026-08-28 18:43:34.862	2026-08-28 18:44:35.953	59.1s	2	6 GB	4.7 GB	7.8 GB	111.2%	4.7%	10.8 GB	83.4 MB
544	26/d95656	BGC_ANALYSIS:ANTISMASH_ANALYSIS:ANTISMASH (Pantoea_sp._UBA4549_UBA4549)	COMPLETED	0	2026-08-28 18:44:19.017	2026-08-28 18:44:19.114	2026-08-28 18:44:48.062	26.8s	2	6 GB	480.8 MB	7.8 GB	103.0%	0.7%	994.4 MB	55.6 MB
543	53/56a187	BGC_ANALYSIS:ANTISMASH_ANALYSIS:ANTISMASH (Pantoea_sp._UBA4389_UBA4389)	COMPLETED	0	2026-08-28 18:44:25.245	2026-08-28 18:44:25.340	2026-08-28 18:44:56.877	29.5s	2	6 GB	504.1 MB	7.8 GB	103.6%	0.7%	1016.1 MB	62.4 MB
546	4a/fe450e	BGC_ANALYSIS:ANTISMASH_ANALYSIS:ANTISMASH (Pantoea_sp._UBA5035_UBA5035)	COMPLETED	0	2026-08-28 18:44:35.152	2026-08-28 18:44:35.249	2026-08-28 18:45:11.461	34.1s	2	6 GB	484.8 MB	7.8 GB	102.9%	0.7%	1.3 GB	70.7 MB
541	1f/647612	BGC_ANALYSIS:ANTISMASH_ANALYSIS:ANTISMASH (Pantoea_sp._UBA3041_UBA3041)	COMPLETED	0	2026-08-28 18:43:56.281	2026-08-28 18:43:56.377	2026-08-28 18:45:21.497	1m 23s	2	6 GB	468.2 MB	7.6 GB	108.8%	0.7%	4.2 GB	137 MB
538	0b/ade5d3	BGC_ANALYSIS:ANTISMASH_ANALYSIS:ANTISMASH (Pantoea_sp._UBA2523_UBA2523)	COMPLETED	0	2026-08-28 18:43:42.773	2026-08-28 18:43:42.869	2026-08-28 18:45:27.952	1m 43s	2	6 GB	519.5 MB	7.7 GB	109.4%	0.8%	5.2 GB	165.8 MB
547	a9/be95e8	BGC_ANALYSIS:ANTISMASH_ANALYSIS:ANTISMASH (Pantoea_sp._UBA5037_UBA5037)	COMPLETED	0	2026-08-28 18:44:48.066	2026-08-28 18:44:48.162	2026-08-28 18:45:52.431	1m 2s	2	6 GB	509.5 MB	7.7 GB	105.4%	0.8%	2.9 GB	111 MB
548	50/9db8cb	BGC_ANALYSIS:ANTISMASH_ANALYSIS:ANTISMASH (Pantoea_sp._UBA5923_UBA5923)	COMPLETED	0	2026-08-28 18:44:56.881	2026-08-28 18:44:56.977	2026-08-28 18:45:52.926	53.9s	2	6 GB	470.7 MB	7.6 GB	105.4%	0.7%	2.4 GB	95.5 MB
553	65/eb4872	BGC_ANALYSIS:ANTISMASH_ANALYSIS:ANTISMASH (Pantoea_sp._UBA7232_UBA7232)	COMPLETED	0	2026-08-28 18:45:27.956	2026-08-28 18:45:28.052	2026-08-28 18:45:56.028	25.9s	2	6 GB	504 MB	7.8 GB	105.0%	0.7%	988.7 MB	55.1 MB
540	d1/a9a8bf	BGC_ANALYSIS:ANTISMASH_ANALYSIS:ANTISMASH (Pantoea_sp._UBA3038_UBA3038)	COMPLETED	0	2026-08-28 18:43:56.816	2026-08-28 18:43:56.912	2026-08-28 18:46:14.120	2m 15s	2	6 GB	485.2 MB	7.7 GB	112.8%	0.8%	7.2 GB	200.6 MB
552	55/8767fd	BGC_ANALYSIS:ANTISMASH_ANALYSIS:ANTISMASH (Pantoea_sp._UBA6567_UBA6567)	COMPLETED	0	2026-08-28 18:45:52.933	2026-08-28 18:45:53.026	2026-08-28 18:46:18.835	23.8s	2	6 GB	523.5 MB	7.8 GB	113.3%	0.7%	901.7 MB	55.3 MB
550	ae/d03432	BGC_ANALYSIS:ANTISMASH_ANALYSIS:ANTISMASH (Pantoea_sp._UBA5960_UBA5960)	COMPLETED	0	2026-08-28 18:45:52.440	2026-08-28 18:45:52.531	2026-08-28 18:46:26.655	32s	2	6 GB	468 MB	7.7 GB	101.7%	0.7%	1.3 GB	63.5 MB
545	cd/ab1146	BGC_ANALYSIS:ANTISMASH_ANALYSIS:ANTISMASH (Pantoea_sp._UBA4570_UBA4570)	COMPLETED	0	2026-08-28 18:44:35.958	2026-08-28 18:44:36.053	2026-08-28 18:46:31.513	1m 53s	2	6 GB	505 MB	7.7 GB	110.9%	0.8%	5.8 GB	179.4 MB
537	58/dd599a	BGC_ANALYSIS:ANTISMASH_ANALYSIS:ANTISMASH (Pantoea_sp._UBA12230)	COMPLETED	0	2026-08-28 18:43:36.509	2026-08-28 18:43:36.606	2026-08-28 18:46:42.830	3m 4s	2	6 GB	662.4 MB	7.7 GB	103.0%	1.1%	11 GB	310.4 MB
558	3f/1914ef	BGC_ANALYSIS:ANTISMASH_ANALYSIS:ANTISMASH (Pantoea_vagans_PV989)	COMPLETED	0	2026-08-28 18:46:31.517	2026-08-28 18:46:31.614	2026-08-28 18:46:57.121	23.4s	2	6 GB	772.6 MB	7.8 GB	129.6%	1.4%	880 MB	79.4 MB
559	38/139da6	BGC_ANALYSIS:ANTISMASH_ANALYSIS:ANTISMASH (Pantoea_vagans_TYU1)	COMPLETED	0	2026-08-28 18:46:42.835	2026-08-28 18:46:42.930	2026-08-28 18:47:09.741	24.7s	2	6 GB	771.3 MB	7.8 GB	127.2%	1.3%	928.7 MB	81.8 MB
551	04/28de19	BGC_ANALYSIS:ANTISMASH_ANALYSIS:ANTISMASH (Pantoea_sp._UBA6551_UBA6551)	COMPLETED	0	2026-08-28 18:45:21.502	2026-08-28 18:45:21.597	2026-08-28 18:47:25.346	2m 2s	2	6 GB	469.5 MB	7.6 GB	112.1%	0.7%	6.3 GB	186 MB
562	e4/7cf130	BGC_ANALYSIS:ANTISMASH_ANALYSIS:ANTISMASH (Pantoea_wallisii_LMG_26277)	COMPLETED	0	2026-08-28 18:46:26.659	2026-08-28 18:46:26.756	2026-08-28 18:47:35.242	1m 6s	2	6 GB	660.9 MB	7.7 GB	100.3%	1.2%	3.4 GB	141.2 MB
561	55/5e3540	BGC_ANALYSIS:ANTISMASH_ANALYSIS:ANTISMASH (Pantoea_vagans_UBA6713)	COMPLETED	0	2026-08-28 18:47:09.745	2026-08-28 18:47:09.842	2026-08-28 18:47:47.397	35.5s	2	6 GB	503.1 MB	7.8 GB	106.8%	0.7%	1.3 GB	74.1 MB
549	db/c09e3c	BGC_ANALYSIS:ANTISMASH_ANALYSIS:ANTISMASH (Pantoea_sp._UBA5931_UBA5931)	COMPLETED	0	2026-08-28 18:45:11.465	2026-08-28 18:45:11.562	2026-08-28 18:47:56.425	2m 43s	2	6 GB	510.2 MB	7.7 GB	114.2%	0.8%	8.4 GB	240.3 MB
557	6d/af4d9e	BGC_ANALYSIS:ANTISMASH_ANALYSIS:ANTISMASH (Pantoea_sp._VS1)	COMPLETED	0	2026-08-28 18:46:57.127	2026-08-28 18:46:57.221	2026-08-28 18:48:02.387	1m 3s	2	6 GB	724.2 MB	7.8 GB	100.2%	1.3%	3.1 GB	141.9 MB
555	2e/ae2ca5	BGC_ANALYSIS:ANTISMASH_ANALYSIS:ANTISMASH (Pantoea_sp._UBA7604_UBA7604)	COMPLETED	0	2026-08-28 18:45:56.032	2026-08-28 18:45:56.129	2026-08-28 18:48:08.450	2m 10s	2	6 GB	492.2 MB	7.7 GB	112.3%	0.8%	6.8 GB	202.3 MB
578	bb/aaa913	BGC_ANALYSIS:ANTISMASH_ANALYSIS:ANTISMASH (Pantoea_agglomerans_RIT710)	COMPLETED	0	2026-08-28 18:47:35.245	2026-08-28 18:47:35.342	2026-08-28 18:48:10.301	32.9s	2	6 GB	687.9 MB	7.7 GB	96.6%	1.2%	1.2 GB	87.8 MB
554	cf/d7808e	BGC_ANALYSIS:ANTISMASH_ANALYSIS:ANTISMASH (Pantoea_sp._UBA7401_UBA7401)	COMPLETED	0	2026-08-28 18:46:14.124	2026-08-28 18:46:14.221	2026-08-28 18:48:17.400	2m 1s	2	6 GB	488.7 MB	7.7 GB	111.6%	0.7%	6.4 GB	190.4 MB
567	a4/90753b	BGC_ANALYSIS:ANTISMASH_ANALYSIS:ANTISMASH (Pantoea_agglomerans_ASB05)	COMPLETED	0	2026-08-28 18:48:02.392	2026-08-28 18:48:02.487	2026-08-28 18:48:28.197	23.6s	2	6 GB	795.3 MB	7.8 GB	126.8%	1.4%	881.3 MB	79.7 MB
566	a6/fece73	BGC_ANALYSIS:ANTISMASH_ANALYSIS:ANTISMASH (Curtobacterium_plantarum_LMG_16222)	COMPLETED	0	2026-08-28 18:47:56.428	2026-08-28 18:47:56.524	2026-08-28 18:48:31.501	32.9s	2	6 GB	777.2 MB	7.8 GB	97.4%	1.3%	1.2 GB	90.7 MB
573	38/b95926	BGC_ANALYSIS:ANTISMASH_ANALYSIS:ANTISMASH (Pantoea_agglomerans_CFBP13532)	COMPLETED	0	2026-08-28 18:47:47.402	2026-08-28 18:47:47.497	2026-08-28 18:48:34.323	44.7s	2	6 GB	734.5 MB	7.8 GB	96.4%	1.2%	2 GB	109 MB
569	75/f15517	BGC_ANALYSIS:ANTISMASH_ANALYSIS:ANTISMASH (Pantoea_agglomerans_Bl3_2)	COMPLETED	0	2026-08-28 18:48:10.305	2026-08-28 18:48:10.401	2026-08-28 18:48:41.797	29.3s	2	6 GB	554.1 MB	7.3 GB	103.2%	1.0%	1.1 GB	89.2 MB
575	a3/2c164f	BGC_ANALYSIS:ANTISMASH_ANALYSIS:ANTISMASH (Pantoea_agglomerans_CFSAN047154)	COMPLETED	0	2026-08-28 18:48:17.404	2026-08-28 18:48:17.500	2026-08-28 18:48:43.867	24.2s	2	6 GB	806.6 MB	7.8 GB	121.6%	1.4%	939.1 MB	84.8 MB
564	10/aea350	BGC_ANALYSIS:ANTISMASH_ANALYSIS:ANTISMASH (Candidatus_Pantoea_gossypiicola_B_8)	COMPLETED	0	2026-08-28 18:48:08.456	2026-08-28 18:48:08.550	2026-08-28 18:48:52.349	41.8s	2	6 GB	714.7 MB	7.8 GB	94.8%	1.3%	1.7 GB	103.3 MB
556	44/e4a7eb	BGC_ANALYSIS:ANTISMASH_ANALYSIS:ANTISMASH (Pantoea_sp._UBA9284)	COMPLETED	0	2026-08-28 18:46:18.839	2026-08-28 18:46:18.935	2026-08-28 18:48:59.952	2m 39s	2	6 GB	641 MB	7.7 GB	103.3%	1.0%	9.6 GB	276.8 MB
574	aa/a65cc1	BGC_ANALYSIS:ANTISMASH_ANALYSIS:ANTISMASH (Pantoea_agglomerans_CFSAN047153)	COMPLETED	0	2026-08-28 18:48:34.327	2026-08-28 18:48:34.423	2026-08-28 18:49:00.873	24.3s	2	6 GB	792.7 MB	7.8 GB	122.7%	1.3%	939.2 MB	84.8 MB
565	95/e73ca3	BGC_ANALYSIS:ANTISMASH_ANALYSIS:ANTISMASH (Candidatus_Pantoea_soli_DSM_32899)	COMPLETED	0	2026-08-28 18:48:41.801	2026-08-28 18:48:41.897	2026-08-28 18:49:06.779	22.9s	2	6 GB	763.8 MB	7.8 GB	122.8%	1.2%	871.6 MB	76.2 MB
568	36/8069dd	BGC_ANALYSIS:ANTISMASH_ANALYSIS:ANTISMASH (Pantoea_agglomerans_BAV_2934)	COMPLETED	0	2026-08-28 18:48:43.871	2026-08-28 18:48:43.968	2026-08-28 18:49:11.663	25.7s	2	6 GB	603.4 MB	7.8 GB	122.4%	1.0%	882.7 MB	64.5 MB
576	ad/4ea74f	BGC_ANALYSIS:ANTISMASH_ANALYSIS:ANTISMASH (Pantoea_agglomerans_ES418)	COMPLETED	0	2026-08-28 18:48:31.505	2026-08-28 18:48:31.601	2026-08-28 18:49:16.373	42.7s	2	6 GB	711.5 MB	7.8 GB	96.8%	1.2%	1.8 GB	106.4 MB
563	df/cc22b7	BGC_ANALYSIS:ANTISMASH_ANALYSIS:ANTISMASH (Candidatus_Pantoea_deserta_RIT388)	COMPLETED	0	2026-08-28 18:48:28.201	2026-08-28 18:48:28.297	2026-08-28 18:49:16.756	46.4s	2	6 GB	705.7 MB	7.8 GB	95.6%	1.2%	2 GB	110.7 MB
577	25/d26048	BGC_ANALYSIS:ANTISMASH_ANALYSIS:ANTISMASH (Pantoea_agglomerans_L15)	COMPLETED	0	2026-08-28 18:48:52.353	2026-08-28 18:48:52.449	2026-08-28 18:49:18.763	24.1s	2	6 GB	789.1 MB	7.8 GB	122.5%	1.3%	880 MB	79.7 MB
571	9a/cb2f7c	BGC_ANALYSIS:ANTISMASH_ANALYSIS:ANTISMASH (Pantoea_agglomerans_CFBP13505)	COMPLETED	0	2026-08-28 18:49:00.877	2026-08-28 18:49:00.974	2026-08-28 18:49:26.783	23.7s	2	6 GB	794.8 MB	7.8 GB	124.8%	1.4%	903.6 MB	84.5 MB
572	4c/9c3ae0	BGC_ANALYSIS:ANTISMASH_ANALYSIS:ANTISMASH (Pantoea_agglomerans_CFBP13516)	COMPLETED	0	2026-08-28 18:48:59.956	2026-08-28 18:49:00.052	2026-08-28 18:49:27.005	24.8s	2	6 GB	786.6 MB	7.8 GB	122.5%	1.3%	947.9 MB	88.5 MB
570	01/b8139c	BGC_ANALYSIS:ANTISMASH_ANALYSIS:ANTISMASH (Pantoea_agglomerans_C1)	COMPLETED	0	2026-08-28 18:49:06.784	2026-08-28 18:49:06.879	2026-08-28 18:49:35.945	27s	2	6 GB	715.4 MB	7.8 GB	106.3%	1.2%	1006.6 MB	82.9 MB
560	e3/22761f	BGC_ANALYSIS:ANTISMASH_ANALYSIS:ANTISMASH (Pantoea_vagans_UBA6298)	COMPLETED	0	2026-08-28 18:47:25.350	2026-08-28 18:47:25.447	2026-08-28 18:49:38.017	2m 10s	2	6 GB	519.3 MB	7.7 GB	112.5%	0.8%	6.7 GB	202.3 MB
579	ce/71d1c8	BGC_ANALYSIS:ANTISMASH_ANALYSIS:ANTISMASH (Pantoea_agglomerans_TH81)	COMPLETED	0	2026-08-28 18:49:16.378	2026-08-28 18:49:16.473	2026-08-28 18:49:42.446	23.9s	2	6 GB	768.5 MB	7.8 GB	123.9%	1.3%	886.9 MB	81.2 MB
585	19/3cfba3	BGC_ANALYSIS:ANTISMASH_ANALYSIS:ANTISMASH (Pantoea_ananatis_NN08200)	COMPLETED	0	2026-08-28 18:49:38.022	2026-08-28 18:49:38.117	2026-08-28 18:50:03.580	23.4s	2	6 GB	865.5 MB	7.9 GB	129.7%	1.4%	899.6 MB	84.1 MB
582	4c/04db98	BGC_ANALYSIS:ANTISMASH_ANALYSIS:ANTISMASH (Pantoea_ananatis_DE0584)	COMPLETED	0	2026-08-28 18:49:27.009	2026-08-28 18:49:27.105	2026-08-28 18:50:06.310	37s	2	6 GB	486 MB	7.7 GB	101.8%	0.7%	1.4 GB	78.4 MB
581	19/5fb531	BGC_ANALYSIS:ANTISMASH_ANALYSIS:ANTISMASH (Pantoea_ananatis_BAV_3296)	COMPLETED	0	2026-08-28 18:49:16.760	2026-08-28 18:49:16.857	2026-08-28 18:50:11.766	52.8s	2	6 GB	528.7 MB	7.8 GB	101.6%	0.8%	2.4 GB	99.5 MB
583	a2/d5a04c	BGC_ANALYSIS:ANTISMASH_ANALYSIS:ANTISMASH (Pantoea_ananatis_DZ-12)	COMPLETED	0	2026-08-28 18:49:26.787	2026-08-28 18:49:26.884	2026-08-28 18:50:20.722	51.7s	2	6 GB	4.8 GB	7.8 GB	124.4%	5.3%	10 GB	84.6 MB
586	f6/be11c6	BGC_ANALYSIS:ANTISMASH_ANALYSIS:ANTISMASH (Pantoea_ananatis_UBA12293)	COMPLETED	0	2026-08-28 18:49:42.451	2026-08-28 18:49:42.546	2026-08-28 18:50:35.110	50.5s	2	6 GB	672.9 MB	7.7 GB	95.8%	1.2%	2.2 GB	112.6 MB
592	15/121a3a	BGC_ANALYSIS:ANTISMASH_ANALYSIS:ANTISMASH (Pantoea_dispersa_PD_192)	COMPLETED	0	2026-08-28 18:49:18.768	2026-08-28 18:49:18.862	2026-08-28 18:50:36.803	1m 16s	2	6 GB	676 MB	7.7 GB	100.0%	1.1%	3.9 GB	156.4 MB
589	ad/783a55	BGC_ANALYSIS:ANTISMASH_ANALYSIS:ANTISMASH (Pantoea_dispersa_BJQ0007)	COMPLETED	0	2026-08-28 18:50:11.770	2026-08-28 18:50:11.867	2026-08-28 18:50:36.969	23s	2	6 GB	792.2 MB	7.8 GB	126.8%	1.3%	837.9 MB	74.6 MB
584	cf/b107a9	BGC_ANALYSIS:ANTISMASH_ANALYSIS:ANTISMASH (Pantoea_ananatis_F-C2)	COMPLETED	0	2026-08-28 18:49:35.953	2026-08-28 18:49:36.045	2026-08-28 18:50:37.918	59.9s	2	6 GB	4.7 GB	7.8 GB	110.9%	5.4%	10.4 GB	89.4 MB
590	52/512a25	BGC_ANALYSIS:ANTISMASH_ANALYSIS:ANTISMASH (Pantoea_dispersa_C34)	COMPLETED	0	2026-08-28 18:50:20.727	2026-08-28 18:50:20.823	2026-08-28 18:50:47.308	24.3s	2	6 GB	835.6 MB	7.9 GB	121.6%	1.5%	922.9 MB	84.3 MB
587	72/d7aecc	BGC_ANALYSIS:ANTISMASH_ANALYSIS:ANTISMASH (Pantoea_anthophila_LMG_2558)	COMPLETED	0	2026-08-28 18:50:03.583	2026-08-28 18:50:03.680	2026-08-28 18:50:48.139	42.3s	2	6 GB	662.9 MB	7.7 GB	97.1%	1.0%	1.8 GB	101.8 MB
588	7f/e2838f	BGC_ANALYSIS:ANTISMASH_ANALYSIS:ANTISMASH (Pantoea_deleyi_LMG_24200_2)	COMPLETED	0	2026-08-28 18:50:06.315	2026-08-28 18:50:06.410	2026-08-28 18:50:56.611	47.9s	2	6 GB	711.1 MB	7.8 GB	97.0%	1.3%	2.1 GB	109.6 MB
595	a6/df2cea	BGC_ANALYSIS:ANTISMASH_ANALYSIS:ANTISMASH (Pantoea_eucalypti_LMG_24197_2)	COMPLETED	0	2026-08-28 18:50:37.923	2026-08-28 18:50:38.018	2026-08-28 18:51:03.411	23.2s	2	6 GB	774.3 MB	7.8 GB	126.4%	1.3%	867.1 MB	78.6 MB
598	a0/57e4b5	BGC_ANALYSIS:ANTISMASH_ANALYSIS:ANTISMASH (Pantoea_sp._Aalb)	COMPLETED	0	2026-08-28 18:50:56.615	2026-08-28 18:50:56.711	2026-08-28 18:51:09.687	10.8s	2	6 GB	478.8 MB	7.6 GB	103.5%	0.7%	447.7 MB	22.2 MB
593	00/76e56d	BGC_ANALYSIS:ANTISMASH_ANALYSIS:ANTISMASH (Pantoea_dispersa_bio)	COMPLETED	0	2026-08-28 18:50:36.807	2026-08-28 18:50:36.903	2026-08-28 18:51:13.510	34.5s	2	6 GB	716.8 MB	7.8 GB	98.3%	1.3%	1.3 GB	93.1 MB
596	78/930dd9	BGC_ANALYSIS:ANTISMASH_ANALYSIS:ANTISMASH (Pantoea_phytobeneficialis_MSR2)	COMPLETED	0	2026-08-28 18:50:47.312	2026-08-28 18:50:47.408	2026-08-28 18:51:17.623	28s	2	6 GB	840 MB	7.8 GB	124.8%	1.4%	1 GB	94.7 MB
597	35/008bfb	BGC_ANALYSIS:ANTISMASH_ANALYSIS:ANTISMASH (Pantoea_piersonii_IIIF1SW-P2)	COMPLETED	0	2026-08-28 18:50:48.143	2026-08-28 18:50:48.239	2026-08-28 18:51:24.707	34.2s	2	6 GB	734.3 MB	7.8 GB	99.6%	1.3%	1.3 GB	91.9 MB
591	fd/5a0736	BGC_ANALYSIS:ANTISMASH_ANALYSIS:ANTISMASH (Pantoea_dispersa_CCUG_25232T)	COMPLETED	0	2026-08-28 18:50:35.113	2026-08-28 18:50:35.210	2026-08-28 18:51:25.088	47.9s	2	6 GB	719.8 MB	7.8 GB	95.3%	1.2%	2.1 GB	111.7 MB
594	d9/271fe6	BGC_ANALYSIS:ANTISMASH_ANALYSIS:ANTISMASH (Pantoea_eucalypti_LMG_24197)	COMPLETED	0	2026-08-28 18:50:36.973	2026-08-28 18:50:37.070	2026-08-28 18:51:27.502	48.3s	2	6 GB	705.4 MB	7.8 GB	98.3%	1.3%	2.2 GB	113.6 MB
599	95/5be115	BGC_ANALYSIS:ANTISMASH_ANALYSIS:ANTISMASH (Pantoea_sp._BAV_3049)	COMPLETED	0	2026-08-28 18:51:03.415	2026-08-28 18:51:03.512	2026-08-28 18:51:35.040	29.4s	2	6 GB	657.4 MB	7.9 GB	126.3%	1.1%	1.1 GB	73.7 MB
603	ad/30bc40	BGC_ANALYSIS:ANTISMASH_ANALYSIS:ANTISMASH (Pantoea_sp._Bo_10)	COMPLETED	0	2026-08-28 18:51:13.514	2026-08-28 18:51:13.610	2026-08-28 18:51:39.152	23.6s	2	6 GB	649.7 MB	7.7 GB	99.0%	1.0%	921.8 MB	68.5 MB
606	e0/c29d8c	BGC_ANALYSIS:ANTISMASH_ANALYSIS:ANTISMASH (Pantoea_sp._Bo_14)	COMPLETED	0	2026-08-28 18:51:09.691	2026-08-28 18:51:09.788	2026-08-28 18:51:50.694	38.8s	2	6 GB	674.6 MB	7.8 GB	94.1%	1.2%	1.6 GB	99.9 MB
600	a5/687d31	BGC_ANALYSIS:ANTISMASH_ANALYSIS:ANTISMASH (Pantoea_sp._B_10)	COMPLETED	0	2026-08-28 18:51:17.628	2026-08-28 18:51:17.723	2026-08-28 18:52:03.288	43.5s	2	6 GB	729.4 MB	7.8 GB	95.0%	1.3%	1.9 GB	108 MB
602	0c/588591	BGC_ANALYSIS:ANTISMASH_ANALYSIS:ANTISMASH (Pantoea_sp._B_9)	COMPLETED	0	2026-08-28 18:51:35.044	2026-08-28 18:51:35.140	2026-08-28 18:52:08.354	31.1s	2	6 GB	708.7 MB	7.8 GB	103.4%	1.3%	1.2 GB	90 MB
604	e1/95185c	BGC_ANALYSIS:ANTISMASH_ANALYSIS:ANTISMASH (Pantoea_sp._Bo_11)	COMPLETED	0	2026-08-28 18:51:27.505	2026-08-28 18:51:27.601	2026-08-28 18:52:08.703	39.1s	2	6 GB	683.7 MB	7.8 GB	95.0%	1.2%	1.6 GB	101 MB
605	95/5d2ca5	BGC_ANALYSIS:ANTISMASH_ANALYSIS:ANTISMASH (Pantoea_sp._Bo_13)	COMPLETED	0	2026-08-28 18:51:24.711	2026-08-28 18:51:24.807	2026-08-28 18:52:08.799	42s	2	6 GB	701.4 MB	7.8 GB	95.3%	1.2%	1.8 GB	105.8 MB
613	4f/acbdad	BGC_ANALYSIS:ANTISMASH_ANALYSIS:ANTISMASH (Pantoea_sp._Bo_40)	COMPLETED	0	2026-08-28 18:51:25.092	2026-08-28 18:51:25.188	2026-08-28 18:52:09.023	41.8s	2	6 GB	698.7 MB	7.8 GB	94.9%	1.2%	1.8 GB	105.3 MB
607	01/67c592	BGC_ANALYSIS:ANTISMASH_ANALYSIS:ANTISMASH (Pantoea_sp._Bo_19)	COMPLETED	0	2026-08-28 18:51:39.156	2026-08-28 18:51:39.252	2026-08-28 18:52:22.876	41.6s	2	6 GB	702.3 MB	7.8 GB	94.3%	1.3%	1.7 GB	103.7 MB
608	4e/619b80	BGC_ANALYSIS:ANTISMASH_ANALYSIS:ANTISMASH (Pantoea_sp._Bo_2)	COMPLETED	0	2026-08-28 18:51:50.698	2026-08-28 18:51:50.794	2026-08-28 18:52:35.676	42.8s	2	6 GB	701.2 MB	7.8 GB	95.4%	1.2%	1.8 GB	105.8 MB
601	e4/3404c4	BGC_ANALYSIS:ANTISMASH_ANALYSIS:ANTISMASH (Pantoea_sp._B_2)	COMPLETED	0	2026-08-28 18:52:03.292	2026-08-28 18:52:03.389	2026-08-28 18:52:47.484	42.1s	2	6 GB	703.6 MB	7.8 GB	95.4%	1.2%	1.8 GB	105.3 MB
612	b3/160766	BGC_ANALYSIS:ANTISMASH_ANALYSIS:ANTISMASH (Pantoea_sp._Bo_39)	COMPLETED	0	2026-08-28 18:52:09.027	2026-08-28 18:52:09.122	2026-08-28 18:52:52.549	41.5s	2	6 GB	705.1 MB	7.8 GB	95.2%	1.2%	1.8 GB	104.8 MB
611	00/51c24a	BGC_ANALYSIS:ANTISMASH_ANALYSIS:ANTISMASH (Pantoea_sp._Bo_34a)	COMPLETED	0	2026-08-28 18:52:08.802	2026-08-28 18:52:08.900	2026-08-28 18:52:52.833	41.9s	2	6 GB	702.3 MB	7.8 GB	95.6%	1.2%	1.8 GB	105.2 MB
609	77/5bc0a0	BGC_ANALYSIS:ANTISMASH_ANALYSIS:ANTISMASH (Pantoea_sp._Bo_21)	COMPLETED	0	2026-08-28 18:52:08.358	2026-08-28 18:52:08.455	2026-08-28 18:52:52.970	42.5s	2	6 GB	723.8 MB	7.8 GB	95.7%	1.3%	1.8 GB	105.8 MB
610	ea/518c9a	BGC_ANALYSIS:ANTISMASH_ANALYSIS:ANTISMASH (Pantoea_sp._Bo_3)	COMPLETED	0	2026-08-28 18:52:08.707	2026-08-28 18:52:08.800	2026-08-28 18:52:53.478	42.8s	2	6 GB	727 MB	7.8 GB	95.7%	1.3%	1.8 GB	106.3 MB
617	64/c0337a	BGC_ANALYSIS:ANTISMASH_ANALYSIS:ANTISMASH (Pantoea_sp._CCBC3-3-1)	COMPLETED	0	2026-08-28 18:52:35.683	2026-08-28 18:52:35.776	2026-08-28 18:53:07.091	29.2s	2	6 GB	662.1 MB	7.9 GB	123.6%	1.1%	896.8 MB	67.3 MB
614	f8/5ce187	BGC_ANALYSIS:ANTISMASH_ANALYSIS:ANTISMASH (Pantoea_sp._Bo_46)	COMPLETED	0	2026-08-28 18:52:22.880	2026-08-28 18:52:22.976	2026-08-28 18:53:08.224	43.1s	2	6 GB	703.6 MB	7.8 GB	95.6%	1.2%	1.8 GB	106.3 MB
616	74/7c7c89	BGC_ANALYSIS:ANTISMASH_ANALYSIS:ANTISMASH (Pantoea_sp._Bo_7)	COMPLETED	0	2026-08-28 18:52:52.552	2026-08-28 18:52:52.649	2026-08-28 18:53:18.635	24s	2	6 GB	648.2 MB	7.7 GB	99.0%	1.0%	921.9 MB	68.5 MB
618	a8/9bd41f	BGC_ANALYSIS:ANTISMASH_ANALYSIS:ANTISMASH (Pantoea_sp._FN_2b)	COMPLETED	0	2026-08-28 18:52:47.489	2026-08-28 18:52:47.585	2026-08-28 18:53:32.476	42.9s	2	6 GB	704.3 MB	7.8 GB	94.6%	1.2%	1.8 GB	106.2 MB
621	7e/cb5755	BGC_ANALYSIS:ANTISMASH_ANALYSIS:ANTISMASH (Pantoea_sp._F_14)	COMPLETED	0	2026-08-28 18:52:52.974	2026-08-28 18:52:53.070	2026-08-28 18:53:33.535	38.4s	2	6 GB	675.1 MB	7.7 GB	95.6%	1.2%	1.6 GB	99.3 MB
620	be/528966	BGC_ANALYSIS:ANTISMASH_ANALYSIS:ANTISMASH (Pantoea_sp._F_12)	COMPLETED	0	2026-08-28 18:52:53.482	2026-08-28 18:52:53.578	2026-08-28 18:53:34.210	38.5s	2	6 GB	678.2 MB	7.8 GB	95.1%	1.2%	1.6 GB	99.3 MB
615	35/607b78	BGC_ANALYSIS:ANTISMASH_ANALYSIS:ANTISMASH (Pantoea_sp._Bo_5)	COMPLETED	0	2026-08-28 18:52:52.837	2026-08-28 18:52:52.933	2026-08-28 18:53:37.170	42.2s	2	6 GB	704.6 MB	7.8 GB	95.5%	1.2%	1.8 GB	105.8 MB
619	22/9f0233	BGC_ANALYSIS:ANTISMASH_ANALYSIS:ANTISMASH (Pantoea_sp._F_11)	COMPLETED	0	2026-08-28 18:53:08.228	2026-08-28 18:53:08.325	2026-08-28 18:53:47.945	37.6s	2	6 GB	710.2 MB	7.8 GB	96.8%	1.3%	1.6 GB	99.3 MB
623	65/13c3dd	BGC_ANALYSIS:ANTISMASH_ANALYSIS:ANTISMASH (Pantoea_sp._F_16)	COMPLETED	0	2026-08-28 18:53:07.107	2026-08-28 18:53:07.191	2026-08-28 18:53:48.451	39.2s	2	6 GB	688.7 MB	7.8 GB	95.8%	1.2%	1.7 GB	101 MB
622	3a/399534	BGC_ANALYSIS:ANTISMASH_ANALYSIS:ANTISMASH (Pantoea_sp._F_15)	COMPLETED	0	2026-08-28 18:53:18.640	2026-08-28 18:53:18.735	2026-08-28 18:53:59.005	38.1s	2	6 GB	672.3 MB	7.7 GB	96.0%	1.2%	1.6 GB	98.7 MB
624	1a/1125ef	BGC_ANALYSIS:ANTISMASH_ANALYSIS:ANTISMASH (Pantoea_sp._F_17)	COMPLETED	0	2026-08-28 18:53:32.480	2026-08-28 18:53:32.576	2026-08-28 18:54:12.162	37.7s	2	6 GB	700.4 MB	7.8 GB	95.6%	1.3%	1.6 GB	98.3 MB
625	70/b9d880	BGC_ANALYSIS:ANTISMASH_ANALYSIS:ANTISMASH (Pantoea_sp._F_18)	COMPLETED	0	2026-08-28 18:53:33.539	2026-08-28 18:53:33.635	2026-08-28 18:54:13.551	38s	2	6 GB	699.4 MB	7.8 GB	96.3%	1.3%	1.6 GB	99.3 MB
626	3e/3f8c8a	BGC_ANALYSIS:ANTISMASH_ANALYSIS:ANTISMASH (Pantoea_sp._F_5)	COMPLETED	0	2026-08-28 18:53:34.213	2026-08-28 18:53:34.311	2026-08-28 18:54:13.691	37.4s	2	6 GB	706.9 MB	7.8 GB	96.0%	1.3%	1.6 GB	98.3 MB
627	d3/f19fa9	BGC_ANALYSIS:ANTISMASH_ANALYSIS:ANTISMASH (Pantoea_sp._F_7)	COMPLETED	0	2026-08-28 18:53:37.175	2026-08-28 18:53:37.270	2026-08-28 18:54:16.303	37.1s	2	6 GB	691.4 MB	7.7 GB	94.5%	1.2%	1.6 GB	98.3 MB
629	85/8bbf3f	BGC_ANALYSIS:ANTISMASH_ANALYSIS:ANTISMASH (Pantoea_sp._M_10)	COMPLETED	0	2026-08-28 18:53:48.455	2026-08-28 18:53:48.552	2026-08-28 18:54:18.665	28.1s	2	6 GB	706.9 MB	7.8 GB	101.0%	1.3%	1.1 GB	83 MB
628	d1/912ed1	BGC_ANALYSIS:ANTISMASH_ANALYSIS:ANTISMASH (Pantoea_sp._M_1)	COMPLETED	0	2026-08-28 18:53:47.949	2026-08-28 18:53:48.045	2026-08-28 18:54:31.373	41.3s	2	6 GB	690.9 MB	7.8 GB	94.5%	1.2%	1.8 GB	104 MB
630	08/8ef5ce	BGC_ANALYSIS:ANTISMASH_ANALYSIS:ANTISMASH (Pantoea_sp._M_3)	COMPLETED	0	2026-08-28 18:53:59.011	2026-08-28 18:53:59.106	2026-08-28 18:54:45.132	44s	2	6 GB	702.2 MB	7.8 GB	95.7%	1.2%	1.9 GB	108.2 MB
633	8f/dbeb0b	BGC_ANALYSIS:ANTISMASH_ANALYSIS:ANTISMASH (Pantoea_sp._M_6)	COMPLETED	0	2026-08-28 18:54:13.554	2026-08-28 18:54:13.651	2026-08-28 18:54:47.485	31.9s	2	6 GB	698.4 MB	7.8 GB	95.5%	1.3%	1.2 GB	86.1 MB
642	f2/1b0477	BGC_ANALYSIS:ANTISMASH_ANALYSIS:ANTISMASH (Pantoea_sp._SJZ147)	COMPLETED	0	2026-08-28 18:54:16.307	2026-08-28 18:54:16.403	2026-08-28 18:54:52.741	34.5s	2	6 GB	702.6 MB	7.8 GB	94.2%	1.3%	1.4 GB	87.7 MB
634	3c/5a8b70	BGC_ANALYSIS:ANTISMASH_ANALYSIS:ANTISMASH (Pantoea_sp._M_8)	COMPLETED	0	2026-08-28 18:54:18.669	2026-08-28 18:54:18.765	2026-08-28 18:54:52.863	32s	2	6 GB	692.9 MB	7.7 GB	95.8%	1.3%	1.2 GB	86.5 MB
640	31/b63372	BGC_ANALYSIS:ANTISMASH_ANALYSIS:ANTISMASH (Pantoea_sp._PSNIH1_DE0017)	COMPLETED	0	2026-08-28 18:54:31.379	2026-08-28 18:54:31.474	2026-08-28 18:54:57.800	24.2s	2	6 GB	525.8 MB	7.8 GB	114.0%	0.7%	982.5 MB	57 MB
636	46/6b6547	BGC_ANALYSIS:ANTISMASH_ANALYSIS:ANTISMASH (Pantoea_sp._Mhis)	COMPLETED	0	2026-08-28 18:54:45.137	2026-08-28 18:54:45.233	2026-08-28 18:54:58.784	11.5s	2	6 GB	331.2 MB	5 GB	102.4%	0.5%	567.9 MB	23.4 MB
631	0e/17636a	BGC_ANALYSIS:ANTISMASH_ANALYSIS:ANTISMASH (Pantoea_sp._M_4)	COMPLETED	0	2026-08-28 18:54:13.695	2026-08-28 18:54:13.791	2026-08-28 18:54:59.737	44s	2	6 GB	694.2 MB	7.8 GB	95.3%	1.2%	1.9 GB	108.6 MB
637	fc/48ac6d	BGC_ANALYSIS:ANTISMASH_ANALYSIS:ANTISMASH (Pantoea_sp._Nvir)	COMPLETED	0	2026-08-28 18:54:52.746	2026-08-28 18:54:52.841	2026-08-28 18:55:06.173	11.3s	2	6 GB	344.8 MB	5.1 GB	99.5%	0.6%	483.3 MB	25.7 MB
645	60/e5ce72	BGC_ANALYSIS:ANTISMASH_ANALYSIS:ANTISMASH (Pantoea_sp._SoEX)	COMPLETED	0	2026-08-28 18:54:59.745	2026-08-28 18:54:59.838	2026-08-28 18:55:11.825	9.9s	2	6 GB	209.1 MB	2.7 GB	104.8%	0.3%	459.3 MB	19 MB
635	2b/12ca5c	BGC_ANALYSIS:ANTISMASH_ANALYSIS:ANTISMASH (Pantoea_sp._M_9)	COMPLETED	0	2026-08-28 18:54:47.489	2026-08-28 18:54:47.585	2026-08-28 18:55:19.446	29.8s	2	6 GB	639.2 MB	7.7 GB	95.9%	1.0%	1.2 GB	77.1 MB
643	16/62d2d3	BGC_ANALYSIS:ANTISMASH_ANALYSIS:ANTISMASH (Pantoea_sp._SO10)	COMPLETED	0	2026-08-28 18:55:11.830	2026-08-28 18:55:11.925	2026-08-28 18:55:40.528	26.5s	2	6 GB	820.2 MB	7.8 GB	126.2%	1.4%	906.8 MB	83.2 MB
638	e4/1aad05	BGC_ANALYSIS:ANTISMASH_ANALYSIS:ANTISMASH (Pantoea_sp._PMG_056)	COMPLETED	0	2026-08-28 18:54:52.867	2026-08-28 18:54:52.964	2026-08-28 18:55:43.648	48.6s	2	6 GB	690.3 MB	7.8 GB	96.7%	1.2%	2.1 GB	111 MB
644	d0/e48dcf	BGC_ANALYSIS:ANTISMASH_ANALYSIS:ANTISMASH (Pantoea_sp._Seng)	COMPLETED	0	2026-08-28 18:55:06.178	2026-08-28 18:55:06.274	2026-08-28 18:55:54.101	45.7s	2	6 GB	728.9 MB	7.8 GB	94.3%	1.3%	1.8 GB	106.2 MB
647	c0/f5f1c4	BGC_ANALYSIS:ANTISMASH_ANALYSIS:ANTISMASH (Pantoea_sp._UBA11287)	COMPLETED	0	2026-08-28 18:55:19.449	2026-08-28 18:55:19.546	2026-08-28 18:56:00.722	39s	2	6 GB	611 MB	7.7 GB	95.9%	1.0%	1.6 GB	87.8 MB
639	b3/aca8e3	BGC_ANALYSIS:ANTISMASH_ANALYSIS:ANTISMASH (Pantoea_sp._PNA_14-12)	COMPLETED	0	2026-08-28 18:54:57.803	2026-08-28 18:54:57.900	2026-08-28 18:56:06.717	1m 7s	2	6 GB	4.7 GB	7.8 GB	120.4%	7.6%	16.2 GB	76.6 MB
632	ee/b28f95	BGC_ANALYSIS:ANTISMASH_ANALYSIS:ANTISMASH (Pantoea_sp._M_5)	COMPLETED	0	2026-08-28 18:54:12.165	2026-08-28 18:54:12.262	2026-08-28 18:56:14.638	2m	2	6 GB	771.6 MB	7.8 GB	100.9%	1.3%	6.5 GB	232.9 MB
656	81/217d8f	BGC_ANALYSIS:ANTISMASH_ANALYSIS:ANTISMASH (Pantoea_sp._VH_4)	COMPLETED	0	2026-08-28 18:55:40.532	2026-08-28 18:55:40.628	2026-08-28 18:56:26.143	43.3s	2	6 GB	717.1 MB	7.8 GB	95.9%	1.3%	1.8 GB	106.3 MB
651	e6/322856	BGC_ANALYSIS:ANTISMASH_ANALYSIS:ANTISMASH (Pantoea_sp._VH_16)	COMPLETED	0	2026-08-28 18:56:06.723	2026-08-28 18:56:06.817	2026-08-28 18:56:51.062	42s	2	6 GB	703.1 MB	7.8 GB	96.0%	1.2%	1.8 GB	104.1 MB
641	c1/ad58fb	BGC_ANALYSIS:ANTISMASH_ANALYSIS:ANTISMASH (Pantoea_sp._R102)	COMPLETED	0	2026-08-28 18:54:58.790	2026-08-28 18:54:58.885	2026-08-28 18:57:07.216	2m 6s	2	6 GB	720.4 MB	7.8 GB	102.1%	1.3%	7 GB	232.2 MB
653	2a/816480	BGC_ANALYSIS:ANTISMASH_ANALYSIS:ANTISMASH (Pantoea_sp._VH_24)	COMPLETED	0	2026-08-28 18:56:26.147	2026-08-28 18:56:26.243	2026-08-28 18:57:10.014	41.6s	2	6 GB	700.4 MB	7.8 GB	96.0%	1.2%	1.8 GB	104 MB
652	cc/cc9e02	BGC_ANALYSIS:ANTISMASH_ANALYSIS:ANTISMASH (Pantoea_sp._VH_18)	COMPLETED	0	2026-08-28 18:56:51.066	2026-08-28 18:56:51.162	2026-08-28 18:57:34.632	41.3s	2	6 GB	709.6 MB	7.8 GB	96.5%	1.3%	1.7 GB	103 MB
580	b3/b9d5a1	BGC_ANALYSIS:ANTISMASH_ANALYSIS:ANTISMASH (Pantoea_agglomerans_VRA_MhP_f)	COMPLETED	0	2026-08-28 18:49:11.666	2026-08-28 18:49:11.763	2026-08-28 18:57:49.957	8m 36s	2	6 GB	901 MB	8 GB	103.3%	1.6%	32.2 GB	852.4 MB
657	83/9a20a5	BGC_ANALYSIS:ANTISMASH_ANALYSIS:ANTISMASH (Pantoea_sp._VH_8)	COMPLETED	0	2026-08-28 18:57:07.227	2026-08-28 18:57:07.317	2026-08-28 18:57:53.040	43.6s	2	6 GB	697 MB	7.8 GB	97.2%	1.2%	1.9 GB	108.2 MB
654	57/fc8243	BGC_ANALYSIS:ANTISMASH_ANALYSIS:ANTISMASH (Pantoea_sp._VH_25)	COMPLETED	0	2026-08-28 18:57:10.022	2026-08-28 18:57:10.114	2026-08-28 18:57:54.332	42.1s	2	6 GB	714.9 MB	7.8 GB	97.0%	1.3%	1.8 GB	106.2 MB
662	d1/a9a96a	BGC_ANALYSIS:ANTISMASH_ANALYSIS:ANTISMASH (Pantoea_vagans_LMG_24199)	COMPLETED	0	2026-08-28 18:57:54.336	2026-08-28 18:57:54.432	2026-08-28 18:58:20.179	23.7s	2	6 GB	785.6 MB	7.8 GB	128.6%	1.3%	851.6 MB	78.2 MB
655	ba/e07e11	BGC_ANALYSIS:ANTISMASH_ANALYSIS:ANTISMASH (Pantoea_sp._VH_3)	COMPLETED	0	2026-08-28 18:57:34.636	2026-08-28 18:57:34.732	2026-08-28 18:58:23.385	46.5s	2	6 GB	693.4 MB	7.8 GB	97.4%	1.2%	2.1 GB	112.6 MB
650	39/ee8b9a	BGC_ANALYSIS:ANTISMASH_ANALYSIS:ANTISMASH (Pantoea_sp._UBA8679)	COMPLETED	0	2026-08-28 18:55:43.653	2026-08-28 18:55:43.748	2026-08-28 18:58:30.765	2m 45s	2	6 GB	693.3 MB	7.8 GB	103.9%	1.3%	9.9 GB	292.1 MB
659	66/1a9994	BGC_ANALYSIS:ANTISMASH_ANALYSIS:ANTISMASH (Pantoea_sp._paga)	COMPLETED	0	2026-08-28 18:57:53.044	2026-08-28 18:57:53.140	2026-08-28 18:58:31.280	36.1s	2	6 GB	718.3 MB	7.8 GB	99.1%	1.3%	1.4 GB	96.1 MB
658	01/ea6758	BGC_ANALYSIS:ANTISMASH_ANALYSIS:ANTISMASH (Pantoea_sp._YU22)	COMPLETED	0	2026-08-28 18:57:49.961	2026-08-28 18:57:50.058	2026-08-28 18:58:31.387	39.3s	2	6 GB	707.9 MB	7.8 GB	98.0%	1.3%	1.6 GB	99.4 MB
648	bc/7b5b3c	BGC_ANALYSIS:ANTISMASH_ANALYSIS:ANTISMASH (Pantoea_sp._UBA11431)	COMPLETED	0	2026-08-28 18:56:14.643	2026-08-28 18:56:14.738	2026-08-28 18:58:39.538	2m 23s	2	6 GB	680.3 MB	7.8 GB	104.5%	1.2%	8.5 GB	261.1 MB
646	d8/0198e8	BGC_ANALYSIS:ANTISMASH_ANALYSIS:ANTISMASH (Pantoea_sp._UBA10657)	COMPLETED	0	2026-08-28 18:56:00.726	2026-08-28 18:56:00.822	2026-08-28 18:58:48.527	2m 46s	2	6 GB	690.2 MB	7.8 GB	104.5%	1.3%	10 GB	292 MB
673	fa/29bff0	BGC_ANALYSIS:ANTISMASH_ANALYSIS:ANTISMASH (Pantoea_agglomerans_Pa58)	COMPLETED	0	2026-08-28 18:58:30.768	2026-08-28 18:58:30.865	2026-08-28 18:58:56.580	23.7s	2	6 GB	773.9 MB	7.8 GB	128.3%	1.3%	857.7 MB	79.3 MB
667	5e/401320	BGC_ANALYSIS:ANTISMASH_ANALYSIS:ANTISMASH (Pantoea_agglomerans_AB378)	COMPLETED	0	2026-08-28 18:58:31.285	2026-08-28 18:58:31.380	2026-08-28 18:58:56.693	23.3s	2	6 GB	796.2 MB	7.8 GB	129.7%	1.4%	851.9 MB	80.3 MB
666	95/6b0660	BGC_ANALYSIS:ANTISMASH_ANALYSIS:ANTISMASH (Pantoea_agglomerans_553Y)	COMPLETED	0	2026-08-28 18:58:31.392	2026-08-28 18:58:31.487	2026-08-28 18:58:57.011	23.6s	2	6 GB	809.8 MB	7.8 GB	123.0%	1.3%	879.1 MB	84.4 MB
649	0e/368961	BGC_ANALYSIS:ANTISMASH_ANALYSIS:ANTISMASH (Pantoea_sp._UBA8265)	COMPLETED	0	2026-08-28 18:55:54.105	2026-08-28 18:55:54.201	2026-08-28 18:58:57.863	3m 1s	2	6 GB	700 MB	7.8 GB	104.1%	1.3%	11 GB	319.7 MB
661	69/af6524	BGC_ANALYSIS:ANTISMASH_ANALYSIS:ANTISMASH (Pantoea_vagans_ET-90)	COMPLETED	0	2026-08-28 18:58:23.389	2026-08-28 18:58:23.485	2026-08-28 18:59:03.061	37.5s	2	6 GB	703.4 MB	7.8 GB	96.1%	1.3%	1.5 GB	97.2 MB
675	bf/1d5b5e	BGC_ANALYSIS:ANTISMASH_ANALYSIS:ANTISMASH (Pantoea_alhagi_NX-11)	COMPLETED	0	2026-08-28 18:58:56.584	2026-08-28 18:58:56.680	2026-08-28 18:59:16.173	17.6s	2	6 GB	614.1 MB	7.3 GB	130.9%	1.0%	703.8 MB	51.4 MB
674	b3/dc41a5	BGC_ANALYSIS:ANTISMASH_ANALYSIS:ANTISMASH (Pantoea_agglomerans_RIT-PI-T)	COMPLETED	0	2026-08-28 18:58:39.543	2026-08-28 18:58:39.639	2026-08-28 18:59:19.946	38.1s	2	6 GB	503.6 MB	7.8 GB	103.6%	0.7%	1.4 GB	78.7 MB
670	02/f39ada	BGC_ANALYSIS:ANTISMASH_ANALYSIS:ANTISMASH (Pantoea_agglomerans_CHTF15)	COMPLETED	0	2026-08-28 18:58:57.868	2026-08-28 18:58:57.963	2026-08-28 18:59:23.576	23.7s	2	6 GB	785.7 MB	7.8 GB	125.5%	1.4%	878.8 MB	81.5 MB
663	06/6d10c9	BGC_ANALYSIS:ANTISMASH_ANALYSIS:ANTISMASH (Curtobacterium_plantarum_RIT-As-4)	COMPLETED	0	2026-08-28 18:58:48.530	2026-08-28 18:58:48.627	2026-08-28 18:59:24.424	33.6s	2	6 GB	725 MB	7.8 GB	95.3%	1.3%	1.2 GB	92.7 MB
671	a9/87d520	BGC_ANALYSIS:ANTISMASH_ANALYSIS:ANTISMASH (Pantoea_agglomerans_CPHN_2)	COMPLETED	0	2026-08-28 18:59:03.066	2026-08-28 18:59:03.161	2026-08-28 18:59:28.034	22.7s	2	6 GB	776.7 MB	7.8 GB	125.6%	1.3%	806.4 MB	77.9 MB
672	27/32eff8	BGC_ANALYSIS:ANTISMASH_ANALYSIS:ANTISMASH (Pantoea_agglomerans_ICMP_1087)	COMPLETED	0	2026-08-28 18:58:56.697	2026-08-28 18:58:56.793	2026-08-28 18:59:32.219	33.5s	2	6 GB	714.5 MB	7.8 GB	104.3%	1.3%	1.4 GB	91.6 MB
669	c6/ba3b5f	BGC_ANALYSIS:ANTISMASH_ANALYSIS:ANTISMASH (Pantoea_agglomerans_CCNPK_873)	COMPLETED	0	2026-08-28 18:59:23.580	2026-08-28 18:59:23.676	2026-08-28 18:59:55.574	29.7s	2	6 GB	726.1 MB	7.8 GB	103.4%	1.2%	1010.2 MB	81.4 MB
660	f5/040837	BGC_ANALYSIS:ANTISMASH_ANALYSIS:ANTISMASH (Pantoea_stewartii_subsp._stewartii_CCUG_26359)	COMPLETED	0	2026-08-28 18:58:20.183	2026-08-28 18:58:20.279	2026-08-28 18:59:56.624	1m 34s	2	6 GB	770.8 MB	7.8 GB	98.5%	1.3%	4.8 GB	183.1 MB
677	7a/b23bf0	BGC_ANALYSIS:ANTISMASH_ANALYSIS:ANTISMASH (Pantoea_ananatis_06-1)	COMPLETED	0	2026-08-28 18:58:57.016	2026-08-28 18:58:57.112	2026-08-28 18:59:58.217	59.2s	2	6 GB	3.2 GB	7.8 GB	111.9%	5.2%	10.3 GB	72.2 MB
664	08/7505dd	BGC_ANALYSIS:ANTISMASH_ANALYSIS:ANTISMASH (Curtobacterium_plantarum_RIT-PI-Z)	COMPLETED	0	2026-08-28 18:59:28.039	2026-08-28 18:59:28.134	2026-08-28 19:00:07.669	37.5s	2	6 GB	514.8 MB	7.8 GB	104.1%	0.7%	1.3 GB	73.9 MB
683	fe/f95a9b	BGC_ANALYSIS:ANTISMASH_ANALYSIS:ANTISMASH (Pantoea_ananatis_18-1)	COMPLETED	0	2026-08-28 18:59:16.177	2026-08-28 18:59:16.274	2026-08-28 19:00:23.851	1m 6s	2	6 GB	4.7 GB	7.9 GB	116.6%	5.5%	10.3 GB	72.2 MB
665	d5/ef1758	BGC_ANALYSIS:ANTISMASH_ANALYSIS:ANTISMASH (Pantoea_agglomerans_540Y)	COMPLETED	0	2026-08-28 18:59:55.579	2026-08-28 18:59:55.675	2026-08-28 19:00:23.976	26s	2	6 GB	827.7 MB	7.8 GB	119.0%	1.3%	886.9 MB	85.8 MB
678	df/65eee5	BGC_ANALYSIS:ANTISMASH_ANALYSIS:ANTISMASH (Pantoea_ananatis_07-13)	COMPLETED	0	2026-08-28 18:59:19.951	2026-08-28 18:59:20.046	2026-08-28 19:00:29.710	1m 8s	2	6 GB	4.6 GB	7.8 GB	111.3%	4.9%	10.9 GB	76.6 MB
668	ac/2b44c6	BGC_ANALYSIS:ANTISMASH_ANALYSIS:ANTISMASH (Pantoea_agglomerans_CB1)	COMPLETED	0	2026-08-28 18:59:32.224	2026-08-28 18:59:32.320	2026-08-28 19:00:43.725	1m 9s	2	6 GB	3.3 GB	7.8 GB	131.1%	5.1%	22.4 GB	84.4 MB
680	5e/8a314b	BGC_ANALYSIS:ANTISMASH_ANALYSIS:ANTISMASH (Pantoea_ananatis_14-2)	COMPLETED	0	2026-08-28 19:00:07.675	2026-08-28 19:00:07.769	2026-08-28 19:00:53.280	43s	2	6 GB	494.7 MB	7.8 GB	101.5%	0.7%	1.6 GB	82.9 MB
681	7d/82e79b	BGC_ANALYSIS:ANTISMASH_ANALYSIS:ANTISMASH (Pantoea_ananatis_140-UN)	COMPLETED	0	2026-08-28 19:00:23.985	2026-08-28 19:00:24.076	2026-08-28 19:01:01.381	35.1s	2	6 GB	714.9 MB	7.8 GB	96.9%	1.3%	1.2 GB	90.1 MB
679	71/35bcde	BGC_ANALYSIS:ANTISMASH_ANALYSIS:ANTISMASH (Pantoea_ananatis_07-7)	COMPLETED	0	2026-08-28 18:59:58.221	2026-08-28 18:59:58.318	2026-08-28 19:01:05.483	1m 5s	2	6 GB	3.2 GB	7.8 GB	113.4%	4.1%	10.3 GB	73 MB
688	be/ee50c4	BGC_ANALYSIS:ANTISMASH_ANALYSIS:ANTISMASH (Pantoea_ananatis_2-8)	COMPLETED	0	2026-08-28 18:59:56.628	2026-08-28 18:59:56.724	2026-08-28 19:01:25.384	1m 26s	2	6 GB	4.7 GB	7.9 GB	124.1%	5.8%	23 GB	74.8 MB
682	cd/b54d31	BGC_ANALYSIS:ANTISMASH_ANALYSIS:ANTISMASH (Pantoea_ananatis_17671)	COMPLETED	0	2026-08-28 19:00:53.286	2026-08-28 19:00:53.380	2026-08-28 19:01:40.545	44.9s	2	6 GB	704.8 MB	7.8 GB	95.6%	1.3%	1.8 GB	104.4 MB
694	e9/74c176	BGC_ANALYSIS:ANTISMASH_ANALYSIS:ANTISMASH (Pantoea_ananatis_99-18)	COMPLETED	0	2026-08-28 19:00:29.714	2026-08-28 19:00:29.810	2026-08-28 19:01:46.287	1m 14s	2	6 GB	4.7 GB	7.8 GB	112.3%	7.8%	10.7 GB	83.8 MB
687	61/b413a9	BGC_ANALYSIS:ANTISMASH_ANALYSIS:ANTISMASH (Pantoea_ananatis_18-9S)	COMPLETED	0	2026-08-28 19:01:05.493	2026-08-28 19:01:05.583	2026-08-28 19:01:52.331	44.5s	2	6 GB	488.7 MB	7.7 GB	101.5%	0.7%	1.7 GB	86.7 MB
684	c9/2b74f2	BGC_ANALYSIS:ANTISMASH_ANALYSIS:ANTISMASH (Pantoea_ananatis_18-3S)	COMPLETED	0	2026-08-28 19:00:43.732	2026-08-28 19:00:43.825	2026-08-28 19:01:52.865	1m 7s	2	6 GB	4.7 GB	7.8 GB	111.7%	7.9%	10.5 GB	76.9 MB
676	77/5c40f6	BGC_ANALYSIS:ANTISMASH_ANALYSIS:ANTISMASH (Pantoea_ananatis_02-12)	COMPLETED	0	2026-08-28 19:00:23.857	2026-08-28 19:00:23.951	2026-08-28 19:01:54.459	1m 28s	2	6 GB	4.7 GB	7.8 GB	121.1%	5.9%	23.1 GB	77.4 MB
689	f3/d27781	BGC_ANALYSIS:ANTISMASH_ANALYSIS:ANTISMASH (Pantoea_ananatis_200-3)	COMPLETED	0	2026-08-28 19:01:25.392	2026-08-28 19:01:25.484	2026-08-28 19:02:04.990	37.4s	2	6 GB	508.6 MB	7.8 GB	106.2%	0.7%	1.4 GB	79.1 MB
685	60/262759	BGC_ANALYSIS:ANTISMASH_ANALYSIS:ANTISMASH (Pantoea_ananatis_18-5)	COMPLETED	0	2026-08-28 19:01:01.387	2026-08-28 19:01:01.482	2026-08-28 19:02:05.147	1m 1s	2	6 GB	4.6 GB	7.8 GB	112.9%	5.5%	10.3 GB	72.4 MB
692	bc/265a00	BGC_ANALYSIS:ANTISMASH_ANALYSIS:ANTISMASH (Pantoea_ananatis_3.2.1)	COMPLETED	0	2026-08-28 19:01:52.870	2026-08-28 19:01:52.965	2026-08-28 19:02:30.000	34.9s	2	6 GB	692.7 MB	7.7 GB	96.8%	1.3%	1.3 GB	90 MB
695	d6/f46df3	BGC_ANALYSIS:ANTISMASH_ANALYSIS:ANTISMASH (Pantoea_ananatis_99-22)	COMPLETED	0	2026-08-28 19:01:54.463	2026-08-28 19:01:54.559	2026-08-28 19:02:34.361	37.5s	2	6 GB	501.2 MB	7.8 GB	103.6%	0.7%	1.4 GB	78.7 MB
690	35/53979e	BGC_ANALYSIS:ANTISMASH_ANALYSIS:ANTISMASH (Pantoea_ananatis_200-8)	COMPLETED	0	2026-08-28 19:02:05.153	2026-08-28 19:02:05.247	2026-08-28 19:02:42.651	35.4s	2	6 GB	533.5 MB	7.8 GB	110.3%	0.8%	1.4 GB	78.6 MB
696	c4/a3d9d6	BGC_ANALYSIS:ANTISMASH_ANALYSIS:ANTISMASH (Pantoea_ananatis_99-26)	COMPLETED	0	2026-08-28 19:02:04.996	2026-08-28 19:02:05.091	2026-08-28 19:02:43.465	36.4s	2	6 GB	495.8 MB	7.7 GB	106.4%	0.7%	1.3 GB	76.6 MB
691	bc/34447f	BGC_ANALYSIS:ANTISMASH_ANALYSIS:ANTISMASH (Pantoea_ananatis_26SR6)	COMPLETED	0	2026-08-28 19:01:46.294	2026-08-28 19:01:46.387	2026-08-28 19:02:45.736	57.2s	2	6 GB	4.8 GB	7.8 GB	110.8%	6.7%	10.2 GB	86.8 MB
693	8a/0705b5	BGC_ANALYSIS:ANTISMASH_ANALYSIS:ANTISMASH (Pantoea_ananatis_4-1)	COMPLETED	0	2026-08-28 19:01:40.550	2026-08-28 19:01:40.645	2026-08-28 19:02:50.128	1m 7s	2	6 GB	4.6 GB	7.8 GB	109.2%	4.5%	8.8 GB	86.4 MB
697	ef/36d72c	BGC_ANALYSIS:ANTISMASH_ANALYSIS:ANTISMASH (Pantoea_ananatis_99-33)	COMPLETED	0	2026-08-28 19:01:52.335	2026-08-28 19:01:52.431	2026-08-28 19:03:00.495	1m 6s	2	6 GB	4.7 GB	7.8 GB	112.0%	4.9%	11.1 GB	82.1 MB
702	ac/8aa24f	BGC_ANALYSIS:ANTISMASH_ANALYSIS:ANTISMASH (Pantoea_ananatis_HR1-120)	COMPLETED	0	2026-08-28 19:02:43.469	2026-08-28 19:02:43.565	2026-08-28 19:03:18.684	33s	2	6 GB	691.2 MB	7.7 GB	98.8%	1.3%	1.3 GB	84.5 MB
701	05/d841e5	BGC_ANALYSIS:ANTISMASH_ANALYSIS:ANTISMASH (Pantoea_ananatis_HR1-105)	COMPLETED	0	2026-08-28 19:02:45.742	2026-08-28 19:02:45.838	2026-08-28 19:03:21.992	34.1s	2	6 GB	668.3 MB	7.7 GB	97.6%	1.1%	1.3 GB	86 MB
700	56/e0caf3	BGC_ANALYSIS:ANTISMASH_ANALYSIS:ANTISMASH (Pantoea_ananatis_FU-01)	COMPLETED	0	2026-08-28 19:02:30.004	2026-08-28 19:02:30.101	2026-08-28 19:03:23.008	50.9s	2	6 GB	4.8 GB	7.8 GB	124.6%	6.9%	10.4 GB	76.8 MB
703	d0/5caae6	BGC_ANALYSIS:ANTISMASH_ANALYSIS:ANTISMASH (Pantoea_ananatis_HR1-30)	COMPLETED	0	2026-08-28 19:02:50.134	2026-08-28 19:02:50.228	2026-08-28 19:03:24.603	32s	2	6 GB	627.9 MB	7.7 GB	98.1%	1.0%	1.3 GB	83.9 MB
699	07/e24393	BGC_ANALYSIS:ANTISMASH_ANALYSIS:ANTISMASH (Pantoea_ananatis_Cit30-11)	COMPLETED	0	2026-08-28 19:02:34.366	2026-08-28 19:02:34.461	2026-08-28 19:03:35.998	59.6s	2	6 GB	4.7 GB	7.8 GB	109.4%	5.2%	10.2 GB	86.9 MB
704	d3/17a3d6	BGC_ANALYSIS:ANTISMASH_ANALYSIS:ANTISMASH (Pantoea_ananatis_HR1-67)	COMPLETED	0	2026-08-28 19:03:00.500	2026-08-28 19:03:00.595	2026-08-28 19:03:36.433	33.8s	2	6 GB	662.9 MB	7.7 GB	96.3%	1.0%	1.3 GB	86 MB
686	93/b9341c	BGC_ANALYSIS:ANTISMASH_ANALYSIS:ANTISMASH (Pantoea_ananatis_18-5S)	COMPLETED	0	2026-08-28 18:59:24.428	2026-08-28 18:59:24.524	2026-08-28 19:03:39.766	4m 13s	2	6 GB	4.7 GB	7.8 GB	112.3%	5.5%	19.8 GB	319.7 MB
705	f4/21fb78	BGC_ANALYSIS:ANTISMASH_ANALYSIS:ANTISMASH (Pantoea_ananatis_HR1-86)	COMPLETED	0	2026-08-28 19:03:18.689	2026-08-28 19:03:18.784	2026-08-28 19:03:53.643	32.8s	2	6 GB	672.9 MB	7.7 GB	96.1%	1.1%	1.3 GB	85 MB
698	79/742963	BGC_ANALYSIS:ANTISMASH_ANALYSIS:ANTISMASH (Pantoea_ananatis_99-4)	COMPLETED	0	2026-08-28 19:02:42.656	2026-08-28 19:02:42.751	2026-08-28 19:04:01.850	1m 17s	2	6 GB	4.7 GB	8 GB	116.9%	5.0%	19.4 GB	81 MB
709	02/cbd2c8	BGC_ANALYSIS:ANTISMASH_ANALYSIS:ANTISMASH (Pantoea_ananatis_JT1-171)	COMPLETED	0	2026-08-28 19:03:24.608	2026-08-28 19:03:24.703	2026-08-28 19:04:04.850	38.1s	2	6 GB	703.6 MB	7.8 GB	94.4%	1.3%	1.6 GB	96.2 MB
710	e4/6bf8be	BGC_ANALYSIS:ANTISMASH_ANALYSIS:ANTISMASH (Pantoea_ananatis_JT1-175)	COMPLETED	0	2026-08-28 19:03:36.438	2026-08-28 19:03:36.533	2026-08-28 19:04:11.137	32.5s	2	6 GB	668 MB	7.7 GB	100.9%	1.1%	1.3 GB	86.4 MB
707	d4/3e529b	BGC_ANALYSIS:ANTISMASH_ANALYSIS:ANTISMASH (Pantoea_ananatis_JBR-LB3-16)	COMPLETED	0	2026-08-28 19:03:21.996	2026-08-28 19:03:22.092	2026-08-28 19:04:14.391	50.3s	2	6 GB	4.8 GB	7.9 GB	125.1%	8.2%	9.4 GB	80 MB
711	c2/71ce12	BGC_ANALYSIS:ANTISMASH_ANALYSIS:ANTISMASH (Pantoea_ananatis_JT1-181)	COMPLETED	0	2026-08-28 19:03:39.771	2026-08-28 19:03:39.867	2026-08-28 19:04:24.988	42.9s	2	6 GB	753.5 MB	7.8 GB	98.2%	1.3%	1.9 GB	114.5 MB
708	78/8836f2	BGC_ANALYSIS:ANTISMASH_ANALYSIS:ANTISMASH (Pantoea_ananatis_JT1-17)	COMPLETED	0	2026-08-28 19:03:36.002	2026-08-28 19:03:36.097	2026-08-28 19:04:25.947	47.8s	2	6 GB	688.6 MB	7.8 GB	97.1%	1.2%	2.2 GB	111.3 MB
713	9d/32bd2f	BGC_ANALYSIS:ANTISMASH_ANALYSIS:ANTISMASH (Pantoea_ananatis_JT1-188)	COMPLETED	0	2026-08-28 19:04:01.855	2026-08-28 19:04:01.950	2026-08-28 19:04:26.758	22.7s	2	6 GB	790.6 MB	7.8 GB	125.2%	1.3%	928.8 MB	85.8 MB
706	fe/3096ba	BGC_ANALYSIS:ANTISMASH_ANALYSIS:ANTISMASH (Pantoea_ananatis_IPG26)	COMPLETED	0	2026-08-28 19:03:23.013	2026-08-28 19:03:23.108	2026-08-28 19:04:30.514	1m 5s	2	6 GB	4.7 GB	7.8 GB	109.7%	6.6%	10.7 GB	82.3 MB
712	77/9692d7	BGC_ANALYSIS:ANTISMASH_ANALYSIS:ANTISMASH (Pantoea_ananatis_JT1-187)	COMPLETED	0	2026-08-28 19:03:53.649	2026-08-28 19:03:53.743	2026-08-28 19:04:33.808	38s	2	6 GB	694.2 MB	7.7 GB	94.9%	1.2%	1.6 GB	96.7 MB
714	22/e6b007	BGC_ANALYSIS:ANTISMASH_ANALYSIS:ANTISMASH (Pantoea_ananatis_JT1-190)	COMPLETED	0	2026-08-28 19:04:04.854	2026-08-28 19:04:04.950	2026-08-28 19:04:45.499	38.5s	2	6 GB	712.4 MB	7.8 GB	94.1%	1.3%	1.6 GB	96.7 MB
717	bf/16358a	BGC_ANALYSIS:ANTISMASH_ANALYSIS:ANTISMASH (Pantoea_ananatis_JT8-6)	COMPLETED	0	2026-08-28 19:04:25.952	2026-08-28 19:04:26.047	2026-08-28 19:04:50.671	22.7s	2	6 GB	854.1 MB	7.8 GB	129.8%	1.4%	850.1 MB	82.3 MB
716	2d/ce934a	BGC_ANALYSIS:ANTISMASH_ANALYSIS:ANTISMASH (Pantoea_ananatis_JT6-7)	COMPLETED	0	2026-08-28 19:04:11.141	2026-08-28 19:04:11.238	2026-08-28 19:04:54.614	41.4s	2	6 GB	684.9 MB	7.7 GB	97.5%	1.2%	1.8 GB	101.3 MB
715	fa/8aa3a1	BGC_ANALYSIS:ANTISMASH_ANALYSIS:ANTISMASH (Pantoea_ananatis_JT6-12)	COMPLETED	0	2026-08-28 19:04:14.395	2026-08-28 19:04:14.491	2026-08-28 19:04:57.014	40.5s	2	6 GB	692.8 MB	7.8 GB	95.8%	1.2%	1.7 GB	99.4 MB
722	9b/0dc9b8	BGC_ANALYSIS:ANTISMASH_ANALYSIS:ANTISMASH (Pantoea_anthophila_CL1)	COMPLETED	0	2026-08-28 19:04:33.812	2026-08-28 19:04:33.908	2026-08-28 19:04:58.381	22.4s	2	6 GB	767.7 MB	7.8 GB	126.0%	1.3%	850.8 MB	77.8 MB
718	c7/f873b0	BGC_ANALYSIS:ANTISMASH_ANALYSIS:ANTISMASH (Pantoea_ananatis_LA2-28)	COMPLETED	0	2026-08-28 19:04:24.992	2026-08-28 19:04:25.088	2026-08-28 19:05:02.016	35s	2	6 GB	682.1 MB	7.8 GB	95.8%	1.2%	1.5 GB	92.4 MB
719	45/cf6fdc	BGC_ANALYSIS:ANTISMASH_ANALYSIS:ANTISMASH (Pantoea_ananatis_LT2-192)	COMPLETED	0	2026-08-28 19:04:26.763	2026-08-28 19:04:26.858	2026-08-28 19:05:07.618	38.8s	2	6 GB	703.4 MB	7.8 GB	94.5%	1.3%	1.7 GB	97.6 MB
721	57/072b1d	BGC_ANALYSIS:ANTISMASH_ANALYSIS:ANTISMASH (Pantoea_ananatis_RIT_BS5)	COMPLETED	0	2026-08-28 19:04:30.518	2026-08-28 19:04:30.614	2026-08-28 19:05:15.010	42.4s	2	6 GB	718.4 MB	7.8 GB	94.3%	1.3%	1.8 GB	105.6 MB
720	98/4be668	BGC_ANALYSIS:ANTISMASH_ANALYSIS:ANTISMASH (Pantoea_ananatis_Lstri)	COMPLETED	0	2026-08-28 19:04:50.677	2026-08-28 19:04:50.771	2026-08-28 19:05:15.176	22.4s	2	6 GB	858.5 MB	7.9 GB	129.0%	1.3%	843.2 MB	79.8 MB
738	cb/52f57b	BGC_ANALYSIS:ANTISMASH_ANALYSIS:ANTISMASH (Pantoea_sp._B566)	COMPLETED	0	2026-08-28 19:04:58.385	2026-08-28 19:04:58.481	2026-08-28 19:05:24.280	23.9s	2	6 GB	816.3 MB	7.8 GB	127.9%	1.4%	873.2 MB	83.1 MB
727	cd/1ebeb3	BGC_ANALYSIS:ANTISMASH_ANALYSIS:ANTISMASH (Pantoea_dispersa_LT3-10)	COMPLETED	0	2026-08-28 19:04:54.618	2026-08-28 19:04:54.714	2026-08-28 19:05:31.419	34.8s	2	6 GB	734.4 MB	7.8 GB	105.4%	1.3%	1.5 GB	94.5 MB
726	d2/981052	BGC_ANALYSIS:ANTISMASH_ANALYSIS:ANTISMASH (Pantoea_dispersa_JL.02bL)	COMPLETED	0	2026-08-28 19:05:07.623	2026-08-28 19:05:07.718	2026-08-28 19:05:33.338	23.4s	2	6 GB	758.3 MB	7.8 GB	127.7%	1.3%	853.2 MB	81.7 MB
723	dc/35f35c	BGC_ANALYSIS:ANTISMASH_ANALYSIS:ANTISMASH (Pantoea_brenneri_6775)	COMPLETED	0	2026-08-28 19:04:45.508	2026-08-28 19:04:45.599	2026-08-28 19:05:34.499	46.8s	2	6 GB	716.5 MB	7.8 GB	94.2%	1.2%	2 GB	111.2 MB
724	5b/df957b	BGC_ANALYSIS:ANTISMASH_ANALYSIS:ANTISMASH (Pantoea_dispersa_EGD-AAK13_2)	COMPLETED	0	2026-08-28 19:04:57.018	2026-08-28 19:04:57.115	2026-08-28 19:05:36.660	37.6s	2	6 GB	714.9 MB	7.8 GB	96.9%	1.3%	1.5 GB	102.9 MB
729	a2/c0505f	BGC_ANALYSIS:ANTISMASH_ANALYSIS:ANTISMASH (Pantoea_dispersa_LT3-8)	COMPLETED	0	2026-08-28 19:05:02.019	2026-08-28 19:05:02.115	2026-08-28 19:05:39.336	35s	2	6 GB	679 MB	7.7 GB	105.6%	1.2%	1.5 GB	94.5 MB
725	ec/3164f1	BGC_ANALYSIS:ANTISMASH_ANALYSIS:ANTISMASH (Pantoea_dispersa_ESL4)	COMPLETED	0	2026-08-28 19:05:15.014	2026-08-28 19:05:15.110	2026-08-28 19:05:40.823	23.6s	2	6 GB	782.9 MB	7.8 GB	125.6%	1.3%	871.9 MB	81.8 MB
730	35/c86629	BGC_ANALYSIS:ANTISMASH_ANALYSIS:ANTISMASH (Pantoea_dispersa_ML.8a3)	COMPLETED	0	2026-08-28 19:05:24.284	2026-08-28 19:05:24.381	2026-08-28 19:05:49.569	23s	2	6 GB	812.4 MB	7.8 GB	124.8%	1.4%	843.7 MB	80.4 MB
728	61/2a5f69	BGC_ANALYSIS:ANTISMASH_ANALYSIS:ANTISMASH (Pantoea_dispersa_LT3-23)	COMPLETED	0	2026-08-28 19:05:15.179	2026-08-28 19:05:15.275	2026-08-28 19:05:52.714	35.3s	2	6 GB	707.1 MB	7.8 GB	105.5%	1.2%	1.5 GB	94.7 MB
732	6a/d59419	BGC_ANALYSIS:ANTISMASH_ANALYSIS:ANTISMASH (Pantoea_dispersa_VWJL.P1)	COMPLETED	0	2026-08-28 19:05:34.504	2026-08-28 19:05:34.599	2026-08-28 19:05:59.999	23.5s	2	6 GB	758.4 MB	7.8 GB	126.4%	1.3%	852.7 MB	81.8 MB
733	f5/67d4da	BGC_ANALYSIS:ANTISMASH_ANALYSIS:ANTISMASH (Pantoea_eucrina_YYCK_506)	COMPLETED	0	2026-08-28 19:05:33.343	2026-08-28 19:05:33.439	2026-08-28 19:06:00.003	24.7s	2	6 GB	650.6 MB	7.7 GB	97.3%	1.1%	921.3 MB	66.5 MB
737	67/4bea26	BGC_ANALYSIS:ANTISMASH_ANALYSIS:ANTISMASH (Pantoea_sp._B550)	COMPLETED	0	2026-08-28 19:05:40.828	2026-08-28 19:05:40.926	2026-08-28 19:06:05.849	22.8s	2	6 GB	758 MB	7.8 GB	124.3%	1.3%	829.4 MB	77.6 MB
745	8f/1aea26	BGC_ANALYSIS:ANTISMASH_ANALYSIS:ANTISMASH (Pantoea_sp._GM_Pan_1)	COMPLETED	0	2026-08-28 19:05:36.665	2026-08-28 19:05:36.760	2026-08-28 19:06:08.395	29.7s	2	6 GB	517.4 MB	7.8 GB	105.4%	0.7%	1.1 GB	65.7 MB
731	83/49ad31	BGC_ANALYSIS:ANTISMASH_ANALYSIS:ANTISMASH (Pantoea_dispersa_MSC14)	COMPLETED	0	2026-08-28 19:05:31.423	2026-08-28 19:05:31.519	2026-08-28 19:06:12.300	38.9s	2	6 GB	487.2 MB	7.7 GB	101.3%	0.7%	1.5 GB	77.9 MB
734	0f/2fe554	BGC_ANALYSIS:ANTISMASH_ANALYSIS:ANTISMASH (Pantoea_leporis_R)	COMPLETED	0	2026-08-28 19:05:39.341	2026-08-28 19:05:39.437	2026-08-28 19:06:17.012	35.5s	2	6 GB	539.9 MB	7.8 GB	106.3%	0.8%	1.3 GB	75.7 MB
735	d2/e1d790	BGC_ANALYSIS:ANTISMASH_ANALYSIS:ANTISMASH (Pantoea_piersonii_GABEKP28)	COMPLETED	0	2026-08-28 19:05:52.718	2026-08-28 19:05:52.815	2026-08-28 19:06:18.052	23.1s	2	6 GB	781.5 MB	7.8 GB	123.7%	1.4%	874 MB	80.9 MB
749	4d/52572c	BGC_ANALYSIS:ANTISMASH_ANALYSIS:ANTISMASH (Pantoea_sp._GM_Pan_5)	COMPLETED	0	2026-08-28 19:05:49.574	2026-08-28 19:05:49.670	2026-08-28 19:06:19.089	27.4s	2	6 GB	543.4 MB	7.8 GB	112.5%	0.9%	1 GB	65.2 MB
736	cb/3e5cab	BGC_ANALYSIS:ANTISMASH_ANALYSIS:ANTISMASH (Pantoea_piersonii_URMC-2103A041)	COMPLETED	0	2026-08-28 19:06:00.003	2026-08-28 19:06:00.103	2026-08-28 19:06:26.585	24.5s	2	6 GB	809.6 MB	7.8 GB	117.2%	1.3%	924.9 MB	85.3 MB
754	99/04e52e	BGC_ANALYSIS:ANTISMASH_ANALYSIS:ANTISMASH (Pantoea_sp._SOD02)	COMPLETED	0	2026-08-28 19:06:08.400	2026-08-28 19:06:08.495	2026-08-28 19:06:35.539	25.1s	2	6 GB	800.9 MB	7.8 GB	122.3%	1.3%	899.5 MB	86 MB
751	94/e4d431	BGC_ANALYSIS:ANTISMASH_ANALYSIS:ANTISMASH (Pantoea_sp._JV6)	COMPLETED	0	2026-08-28 19:06:00.009	2026-08-28 19:06:00.104	2026-08-28 19:06:37.919	35.8s	2	6 GB	716.2 MB	7.8 GB	94.7%	1.3%	1.3 GB	95.5 MB
739	26/d4536c	BGC_ANALYSIS:ANTISMASH_ANALYSIS:ANTISMASH (Pantoea_sp._B623)	COMPLETED	0	2026-08-28 19:06:12.305	2026-08-28 19:06:12.401	2026-08-28 19:06:38.714	24.2s	2	6 GB	861.7 MB	7.9 GB	129.3%	1.4%	899.4 MB	84.3 MB
740	d9/9b1017	BGC_ANALYSIS:ANTISMASH_ANALYSIS:ANTISMASH (Pantoea_sp._Chal_Metagen_Bin9)	COMPLETED	0	2026-08-28 19:06:05.853	2026-08-28 19:06:05.950	2026-08-28 19:06:51.784	43.6s	2	6 GB	741.2 MB	7.8 GB	96.3%	1.3%	1.7 GB	120.6 MB
755	57/46dd8d	BGC_ANALYSIS:ANTISMASH_ANALYSIS:ANTISMASH (Pantoea_sp._XY16)	COMPLETED	0	2026-08-28 19:06:17.016	2026-08-28 19:06:17.112	2026-08-28 19:06:52.838	33.8s	2	6 GB	706.1 MB	7.8 GB	93.0%	1.3%	1.2 GB	90.3 MB
742	8e/10e32d	BGC_ANALYSIS:ANTISMASH_ANALYSIS:ANTISMASH (Pantoea_sp._Fr-CA_6)	COMPLETED	0	2026-08-28 19:06:19.093	2026-08-28 19:06:19.189	2026-08-28 19:06:57.633	36.4s	2	6 GB	479 MB	7.7 GB	102.9%	0.7%	1.4 GB	76.5 MB
743	02/4293b0	BGC_ANALYSIS:ANTISMASH_ANALYSIS:ANTISMASH (Pantoea_sp._Ft+CA_17)	COMPLETED	0	2026-08-28 19:06:26.589	2026-08-28 19:06:26.685	2026-08-28 19:07:04.001	35.3s	2	6 GB	502.6 MB	7.8 GB	101.0%	0.7%	1.3 GB	75.5 MB
747	1b/8b9c64	BGC_ANALYSIS:ANTISMASH_ANALYSIS:ANTISMASH (Pantoea_sp._GM_Pan_3)	COMPLETED	0	2026-08-28 19:06:38.719	2026-08-28 19:06:38.814	2026-08-28 19:07:08.131	27.3s	2	6 GB	537 MB	7.8 GB	112.0%	0.8%	1 GB	64.5 MB
746	71/d4fa97	BGC_ANALYSIS:ANTISMASH_ANALYSIS:ANTISMASH (Pantoea_sp._GM_Pan_2)	COMPLETED	0	2026-08-28 19:06:37.925	2026-08-28 19:06:38.020	2026-08-28 19:07:10.555	30.5s	2	6 GB	506.9 MB	7.8 GB	103.6%	0.7%	1.1 GB	66.4 MB
744	2c/7114a4	BGC_ANALYSIS:ANTISMASH_ANALYSIS:ANTISMASH (Pantoea_sp._Ft-CA_14)	COMPLETED	0	2026-08-28 19:06:35.545	2026-08-28 19:06:35.639	2026-08-28 19:07:12.856	35.3s	2	6 GB	489.2 MB	7.8 GB	100.5%	0.7%	1.3 GB	75 MB
752	7f/6068ca	BGC_ANALYSIS:ANTISMASH_ANALYSIS:ANTISMASH (Pantoea_sp._LMR881)	COMPLETED	0	2026-08-28 19:06:57.638	2026-08-28 19:06:57.733	2026-08-28 19:07:23.006	23.1s	2	6 GB	792.1 MB	7.8 GB	115.8%	1.3%	887.9 MB	85 MB
748	14/025dc9	BGC_ANALYSIS:ANTISMASH_ANALYSIS:ANTISMASH (Pantoea_sp._GM_Pan_4)	COMPLETED	0	2026-08-28 19:06:51.789	2026-08-28 19:06:51.884	2026-08-28 19:07:29.536	35.6s	2	6 GB	518.3 MB	7.8 GB	104.7%	0.8%	1.4 GB	77.1 MB
741	c4/7ab7e2	BGC_ANALYSIS:ANTISMASH_ANALYSIS:ANTISMASH (Pantoea_sp._Fr+CA_20)	COMPLETED	0	2026-08-28 19:06:18.055	2026-08-28 19:06:18.153	2026-08-28 19:07:30.538	1m 10s	2	6 GB	4.7 GB	7.7 GB	109.7%	7.0%	11.9 GB	89.1 MB
750	44/911cfd	BGC_ANALYSIS:ANTISMASH_ANALYSIS:ANTISMASH (Pantoea_sp._JK)	COMPLETED	0	2026-08-28 19:06:52.842	2026-08-28 19:06:52.938	2026-08-28 19:07:30.946	36s	2	6 GB	689.9 MB	7.8 GB	95.7%	1.2%	1.3 GB	94.7 MB
756	e1/54f446	BGC_ANALYSIS:ANTISMASH_ANALYSIS:ANTISMASH (Pantoea_stewartii_HR3-48)	COMPLETED	0	2026-08-28 19:07:08.136	2026-08-28 19:07:08.231	2026-08-28 19:07:32.218	22s	2	6 GB	786 MB	7.8 GB	128.7%	1.4%	827.6 MB	79.3 MB
753	49/ac990e	BGC_ANALYSIS:ANTISMASH_ANALYSIS:ANTISMASH (Pantoea_sp._RG18)	COMPLETED	0	2026-08-28 19:07:04.007	2026-08-28 19:07:04.102	2026-08-28 19:07:38.999	33s	2	6 GB	729.6 MB	7.8 GB	97.6%	1.3%	1.3 GB	91.5 MB
759	cb/57c73d	BGC_ANALYSIS:ANTISMASH_ANALYSIS:ANTISMASH (Pantoea_trifolii_MMK3)	COMPLETED	0	2026-08-28 19:07:12.861	2026-08-28 19:07:12.957	2026-08-28 19:07:40.051	25s	2	6 GB	778.2 MB	7.8 GB	123.8%	1.3%	904.9 MB	85.3 MB
757	59/facb45	BGC_ANALYSIS:ANTISMASH_ANALYSIS:ANTISMASH (Pantoea_stewartii_ST25)	COMPLETED	0	2026-08-28 19:07:10.559	2026-08-28 19:07:10.655	2026-08-28 19:07:49.233	36.6s	2	6 GB	672.6 MB	7.7 GB	95.9%	1.2%	1.4 GB	94.8 MB
758	3e/185f0f	BGC_ANALYSIS:ANTISMASH_ANALYSIS:ANTISMASH (Pantoea_trifolii_MMK2)	COMPLETED	0	2026-08-28 19:07:23.011	2026-08-28 19:07:23.106	2026-08-28 19:07:50.495	25.2s	2	6 GB	798.1 MB	7.8 GB	125.7%	1.3%	904.5 MB	85.3 MB
768	7a/b742e7	BGC_ANALYSIS:ANTISMASH_ANALYSIS:ANTISMASH (Pantoea_agglomerans_62e)	COMPLETED	0	2026-08-28 19:07:39.004	2026-08-28 19:07:39.100	2026-08-28 19:08:08.166	26.8s	2	6 GB	737.9 MB	7.8 GB	105.7%	1.2%	994.3 MB	81.5 MB
776	d6/304e55	BGC_ANALYSIS:ANTISMASH_ANALYSIS:ANTISMASH (Pantoea_agglomerans_E325-754)	COMPLETED	0	2026-08-28 19:07:32.221	2026-08-28 19:07:32.318	2026-08-28 19:08:10.878	36.6s	2	6 GB	507 MB	7.8 GB	100.8%	0.7%	1.4 GB	75.8 MB
760	db/02f259	BGC_ANALYSIS:ANTISMASH_ANALYSIS:ANTISMASH (Pantoea_vagans_Mg1)	COMPLETED	0	2026-08-28 19:07:29.540	2026-08-28 19:07:29.636	2026-08-28 19:08:11.205	39.7s	2	6 GB	722.9 MB	7.8 GB	94.8%	1.3%	1.6 GB	102.7 MB
761	d8/182fbd	BGC_ANALYSIS:ANTISMASH_ANALYSIS:ANTISMASH (Pantoea_vagans_Pag_UMAF3067)	COMPLETED	0	2026-08-28 19:07:30.542	2026-08-28 19:07:30.638	2026-08-28 19:08:15.238	42.7s	2	6 GB	730.3 MB	7.8 GB	100.8%	1.3%	1.9 GB	111.5 MB
773	3f/fb5348	BGC_ANALYSIS:ANTISMASH_ANALYSIS:ANTISMASH (Pantoea_agglomerans_E325-699)	COMPLETED	0	2026-08-28 19:07:40.057	2026-08-28 19:07:40.151	2026-08-28 19:08:15.986	33.7s	2	6 GB	511 MB	7.7 GB	105.5%	0.7%	1.3 GB	74.2 MB
762	12/9eda95	BGC_ANALYSIS:ANTISMASH_ANALYSIS:ANTISMASH (Pantoea_vagans_Pag_UMAF3084)	COMPLETED	0	2026-08-28 19:07:30.951	2026-08-28 19:07:31.046	2026-08-28 19:08:16.179	43.3s	2	6 GB	737.6 MB	7.8 GB	101.5%	1.3%	1.9 GB	113.3 MB
770	14/17b670	BGC_ANALYSIS:ANTISMASH_ANALYSIS:ANTISMASH (Pantoea_agglomerans_B1)	COMPLETED	0	2026-08-28 19:07:49.247	2026-08-28 19:07:49.343	2026-08-28 19:08:24.951	33.5s	2	6 GB	777.7 MB	7.8 GB	102.1%	1.3%	1.3 GB	95.7 MB
775	70/0feb10	BGC_ANALYSIS:ANTISMASH_ANALYSIS:ANTISMASH (Pantoea_agglomerans_E325-750)	COMPLETED	0	2026-08-28 19:07:50.503	2026-08-28 19:07:50.595	2026-08-28 19:08:36.550	43.9s	2	6 GB	508.8 MB	7.8 GB	106.5%	0.7%	1.8 GB	87.1 MB
766	ec/4b8d49	BGC_ANALYSIS:ANTISMASH_ANALYSIS:ANTISMASH (Candidatus_Pantoea_persica_Kerman3)	COMPLETED	0	2026-08-28 19:08:16.183	2026-08-28 19:08:16.279	2026-08-28 19:08:37.733	19.4s	2	6 GB	574.3 MB	7.7 GB	99.7%	1.0%	821.8 MB	51.1 MB
769	f4/3c45b4	BGC_ANALYSIS:ANTISMASH_ANALYSIS:ANTISMASH (Pantoea_agglomerans_A2)	COMPLETED	0	2026-08-28 19:08:08.172	2026-08-28 19:08:08.266	2026-08-28 19:08:40.350	30.1s	2	6 GB	636.5 MB	7.7 GB	99.1%	1.0%	1.1 GB	86.8 MB
767	8e/c2921d	BGC_ANALYSIS:ANTISMASH_ANALYSIS:ANTISMASH (Pantoea_agglomerans_62d)	COMPLETED	0	2026-08-28 19:08:15.991	2026-08-28 19:08:16.086	2026-08-28 19:08:45.821	27.7s	2	6 GB	714.7 MB	7.8 GB	101.4%	1.3%	1015 MB	82 MB
774	c2/844b24	BGC_ANALYSIS:ANTISMASH_ANALYSIS:ANTISMASH (Pantoea_agglomerans_E325-705)	COMPLETED	0	2026-08-28 19:08:15.243	2026-08-28 19:08:15.338	2026-08-28 19:08:52.841	35.5s	2	6 GB	494.5 MB	7.8 GB	100.9%	0.7%	1.4 GB	74.5 MB
764	95/b6c321	BGC_ANALYSIS:ANTISMASH_ANALYSIS:ANTISMASH (Candidatus_Pantoea_formicae_Acro-805)	COMPLETED	0	2026-08-28 19:08:11.211	2026-08-28 19:08:11.305	2026-08-28 19:08:54.917	41.7s	2	6 GB	749.3 MB	7.8 GB	98.2%	1.3%	1.5 GB	110.9 MB
784	41/2e7d79	BGC_ANALYSIS:ANTISMASH_ANALYSIS:ANTISMASH (Pantoea_agglomerans_Pa17-5)	COMPLETED	0	2026-08-28 19:08:24.956	2026-08-28 19:08:25.051	2026-08-28 19:08:56.011	28.8s	2	6 GB	555.7 MB	7.8 GB	115.7%	0.9%	1.1 GB	70.4 MB
763	f7/00ec66	BGC_ANALYSIS:ANTISMASH_ANALYSIS:ANTISMASH (Candidatus_Pantoea_communis_Al-1710)	COMPLETED	0	2026-08-28 19:08:10.881	2026-08-28 19:08:10.979	2026-08-28 19:09:03.831	50.9s	2	6 GB	780.2 MB	7.8 GB	93.8%	1.3%	2.1 GB	125 MB
771	9f/aacb01	BGC_ANALYSIS:ANTISMASH_ANALYSIS:ANTISMASH (Pantoea_agglomerans_B3)	COMPLETED	0	2026-08-28 19:08:36.555	2026-08-28 19:08:36.651	2026-08-28 19:09:14.335	35.7s	2	6 GB	749.4 MB	7.8 GB	99.5%	1.3%	1.4 GB	98.3 MB
778	14/655596	BGC_ANALYSIS:ANTISMASH_ANALYSIS:ANTISMASH (Pantoea_agglomerans_E325-ad2)	COMPLETED	0	2026-08-28 19:08:37.737	2026-08-28 19:08:37.833	2026-08-28 19:09:20.011	40.2s	2	6 GB	491 MB	7.7 GB	103.6%	0.7%	1.6 GB	80.7 MB
765	70/66c9bb	BGC_ANALYSIS:ANTISMASH_ANALYSIS:ANTISMASH (Candidatus_Pantoea_multigeneris_Acro-835)	COMPLETED	0	2026-08-28 19:08:40.354	2026-08-28 19:08:40.450	2026-08-28 19:09:21.008	38.5s	2	6 GB	548.5 MB	7.3 GB	97.2%	1.0%	1.3 GB	99.1 MB
772	45/2ecdcf	BGC_ANALYSIS:ANTISMASH_ANALYSIS:ANTISMASH (Pantoea_agglomerans_DOAB1048)	COMPLETED	0	2026-08-28 19:08:45.826	2026-08-28 19:08:45.921	2026-08-28 19:09:29.648	41.6s	2	6 GB	664.8 MB	7.7 GB	95.1%	1.1%	1.8 GB	102.9 MB
780	85/e97a88	BGC_ANALYSIS:ANTISMASH_ANALYSIS:ANTISMASH (Pantoea_agglomerans_FJII-L5-SW-P2)	COMPLETED	0	2026-08-28 19:08:54.922	2026-08-28 19:08:55.020	2026-08-28 19:09:30.763	33.7s	2	6 GB	703.7 MB	7.8 GB	93.8%	1.2%	1.3 GB	89 MB
782	b2/cb9542	BGC_ANALYSIS:ANTISMASH_ANALYSIS:ANTISMASH (Pantoea_agglomerans_MR10)	COMPLETED	0	2026-08-28 19:09:03.835	2026-08-28 19:09:03.931	2026-08-28 19:09:42.031	36s	2	6 GB	759.8 MB	7.8 GB	96.6%	1.3%	1.3 GB	93.3 MB
777	50/14d670	BGC_ANALYSIS:ANTISMASH_ANALYSIS:ANTISMASH (Pantoea_agglomerans_E325-ad1)	COMPLETED	0	2026-08-28 19:08:52.845	2026-08-28 19:08:52.941	2026-08-28 19:09:46.817	51.9s	2	6 GB	492.3 MB	7.8 GB	105.1%	0.7%	2.4 GB	98.8 MB
781	bf/1f146b	BGC_ANALYSIS:ANTISMASH_ANALYSIS:ANTISMASH (Pantoea_agglomerans_KM1)	COMPLETED	0	2026-08-28 19:09:14.340	2026-08-28 19:09:14.435	2026-08-28 19:09:52.071	35.5s	2	6 GB	704.8 MB	7.8 GB	98.1%	1.3%	1.4 GB	94.6 MB
779	ea/a972a0	BGC_ANALYSIS:ANTISMASH_ANALYSIS:ANTISMASH (Pantoea_agglomerans_E325)	COMPLETED	0	2026-08-28 19:08:56.016	2026-08-28 19:08:56.112	2026-08-28 19:09:53.885	55.8s	2	6 GB	502 MB	7.7 GB	105.8%	0.7%	2.6 GB	104.6 MB
783	fe/7909b1	BGC_ANALYSIS:ANTISMASH_ANALYSIS:ANTISMASH (Pantoea_agglomerans_MR19)	COMPLETED	0	2026-08-28 19:09:20.015	2026-08-28 19:09:20.111	2026-08-28 19:09:58.106	35.9s	2	6 GB	762.8 MB	7.8 GB	97.5%	1.3%	1.3 GB	93.4 MB
786	97/349e50	BGC_ANALYSIS:ANTISMASH_ANALYSIS:ANTISMASH (Pantoea_agglomerans_Pa21-15)	COMPLETED	0	2026-08-28 19:09:21.013	2026-08-28 19:09:21.108	2026-08-28 19:10:03.616	40.4s	2	6 GB	496.7 MB	7.8 GB	98.8%	0.7%	1.6 GB	81.3 MB
785	6f/7f1480	BGC_ANALYSIS:ANTISMASH_ANALYSIS:ANTISMASH (Pantoea_agglomerans_Pa21-13)	COMPLETED	0	2026-08-28 19:09:30.767	2026-08-28 19:09:30.863	2026-08-28 19:10:05.527	32.6s	2	6 GB	525.6 MB	7.8 GB	104.0%	0.7%	1.1 GB	69.6 MB
787	0a/abb95b	BGC_ANALYSIS:ANTISMASH_ANALYSIS:ANTISMASH (Pantoea_agglomerans_Pa21-3)	COMPLETED	0	2026-08-28 19:09:29.652	2026-08-28 19:09:29.748	2026-08-28 19:10:08.320	36.5s	2	6 GB	506.6 MB	7.8 GB	102.6%	0.7%	1.4 GB	78 MB
788	d0/1e82d6	BGC_ANALYSIS:ANTISMASH_ANALYSIS:ANTISMASH (Pantoea_agglomerans_Pa21-5)	COMPLETED	0	2026-08-28 19:09:42.036	2026-08-28 19:09:42.131	2026-08-28 19:10:27.545	43.3s	2	6 GB	490.1 MB	7.7 GB	102.7%	0.7%	1.7 GB	84.5 MB
789	91/bfc633	BGC_ANALYSIS:ANTISMASH_ANALYSIS:ANTISMASH (Pantoea_agglomerans_Pa31-3)	COMPLETED	0	2026-08-28 19:09:46.823	2026-08-28 19:09:46.917	2026-08-28 19:10:32.976	44s	2	6 GB	511.7 MB	7.8 GB	101.2%	0.8%	1.8 GB	88.3 MB
790	09/232439	BGC_ANALYSIS:ANTISMASH_ANALYSIS:ANTISMASH (Pantoea_agglomerans_Pa31-4)	COMPLETED	0	2026-08-28 19:09:52.075	2026-08-28 19:09:52.171	2026-08-28 19:10:35.885	41.7s	2	6 GB	494.6 MB	7.7 GB	101.8%	0.7%	1.7 GB	85 MB
791	54/b62ad7	BGC_ANALYSIS:ANTISMASH_ANALYSIS:ANTISMASH (Pantoea_agglomerans_Pa39-1)	COMPLETED	0	2026-08-28 19:09:53.889	2026-08-28 19:09:53.986	2026-08-28 19:10:38.308	42.3s	2	6 GB	502.1 MB	7.8 GB	100.8%	0.8%	1.7 GB	85.8 MB
795	2e/580fb5	BGC_ANALYSIS:ANTISMASH_ANALYSIS:ANTISMASH (Pantoea_agglomerans_Pa39-27)	COMPLETED	0	2026-08-28 19:09:58.111	2026-08-28 19:09:58.206	2026-08-28 19:10:43.285	43s	2	6 GB	477.1 MB	7.7 GB	98.8%	0.7%	1.8 GB	87.4 MB
794	52/5eceee	BGC_ANALYSIS:ANTISMASH_ANALYSIS:ANTISMASH (Pantoea_agglomerans_Pa39-23)	COMPLETED	0	2026-08-28 19:10:05.531	2026-08-28 19:10:05.627	2026-08-28 19:10:45.139	37.5s	2	6 GB	489.2 MB	7.7 GB	102.6%	0.7%	1.4 GB	80 MB
793	e7/6a6d1e	BGC_ANALYSIS:ANTISMASH_ANALYSIS:ANTISMASH (Pantoea_agglomerans_Pa39-21)	COMPLETED	0	2026-08-28 19:10:08.325	2026-08-28 19:10:08.419	2026-08-28 19:10:47.575	37.1s	2	6 GB	482.3 MB	7.7 GB	102.7%	0.7%	1.4 GB	79.3 MB
792	5f/1827e4	BGC_ANALYSIS:ANTISMASH_ANALYSIS:ANTISMASH (Pantoea_agglomerans_Pa39-14)	COMPLETED	0	2026-08-28 19:10:03.620	2026-08-28 19:10:03.716	2026-08-28 19:10:48.889	43.2s	2	6 GB	493.1 MB	7.7 GB	104.1%	0.7%	1.8 GB	89.9 MB
805	d6/4f9b7c	BGC_ANALYSIS:ANTISMASH_ANALYSIS:ANTISMASH (Pantoea_agglomerans_T5)	COMPLETED	0	2026-08-28 19:10:27.548	2026-08-28 19:10:27.646	2026-08-28 19:10:59.210	29.4s	2	6 GB	750.3 MB	7.8 GB	103.0%	1.2%	1.1 GB	85.2 MB
799	2a/b37c86	BGC_ANALYSIS:ANTISMASH_ANALYSIS:ANTISMASH (Pantoea_agglomerans_R1)	COMPLETED	0	2026-08-28 19:10:38.312	2026-08-28 19:10:38.408	2026-08-28 19:11:03.003	22.6s	2	6 GB	807.6 MB	7.8 GB	126.6%	1.3%	851.8 MB	81.1 MB
796	d3/661d95	BGC_ANALYSIS:ANTISMASH_ANALYSIS:ANTISMASH (Pantoea_agglomerans_Pa39-3)	COMPLETED	0	2026-08-28 19:10:32.980	2026-08-28 19:10:33.076	2026-08-28 19:11:14.056	39s	2	6 GB	498.1 MB	7.8 GB	98.7%	0.7%	1.5 GB	80.8 MB
797	c3/60ee10	BGC_ANALYSIS:ANTISMASH_ANALYSIS:ANTISMASH (Pantoea_agglomerans_Pa39-5)	COMPLETED	0	2026-08-28 19:10:35.889	2026-08-28 19:10:35.985	2026-08-28 19:11:18.847	40.9s	2	6 GB	499.4 MB	7.7 GB	101.9%	0.8%	1.6 GB	84.7 MB
798	3e/7cfed5	BGC_ANALYSIS:ANTISMASH_ANALYSIS:ANTISMASH (Pantoea_agglomerans_Pa39-7)	COMPLETED	0	2026-08-28 19:10:45.142	2026-08-28 19:10:45.238	2026-08-28 19:11:19.116	32.1s	2	6 GB	525.7 MB	7.8 GB	104.7%	0.7%	1.2 GB	72.6 MB
800	6a/b8a76b	BGC_ANALYSIS:ANTISMASH_ANALYSIS:ANTISMASH (Pantoea_agglomerans_R5)	COMPLETED	0	2026-08-28 19:10:47.578	2026-08-28 19:10:47.675	2026-08-28 19:11:22.257	32.7s	2	6 GB	685.8 MB	7.7 GB	94.2%	1.2%	1.2 GB	88.5 MB
802	8e/3fd85f	BGC_ANALYSIS:ANTISMASH_ANALYSIS:ANTISMASH (Pantoea_agglomerans_T2)	COMPLETED	0	2026-08-28 19:10:48.894	2026-08-28 19:10:48.989	2026-08-28 19:11:23.243	32.2s	2	6 GB	711.7 MB	7.8 GB	98.3%	1.3%	1.2 GB	88.7 MB
801	ab/03ecd9	BGC_ANALYSIS:ANTISMASH_ANALYSIS:ANTISMASH (Pantoea_agglomerans_T1)	COMPLETED	0	2026-08-28 19:10:59.215	2026-08-28 19:10:59.310	2026-08-28 19:11:26.735	25.4s	2	6 GB	723.1 MB	7.8 GB	107.7%	1.2%	984 MB	78.1 MB
803	26/efadb7	BGC_ANALYSIS:ANTISMASH_ANALYSIS:ANTISMASH (Pantoea_agglomerans_T3)	COMPLETED	0	2026-08-28 19:11:03.008	2026-08-28 19:11:03.104	2026-08-28 19:11:35.959	30.8s	2	6 GB	710.3 MB	7.8 GB	99.6%	1.3%	1.1 GB	84.9 MB
807	92/d81797	BGC_ANALYSIS:ANTISMASH_ANALYSIS:ANTISMASH (Pantoea_agglomerans_UAEU18)	COMPLETED	0	2026-08-28 19:11:18.852	2026-08-28 19:11:18.947	2026-08-28 19:11:44.623	23.9s	2	6 GB	784.8 MB	7.8 GB	125.9%	1.2%	870.4 MB	78.9 MB
804	78/6eec8b	BGC_ANALYSIS:ANTISMASH_ANALYSIS:ANTISMASH (Pantoea_agglomerans_T4)	COMPLETED	0	2026-08-28 19:11:14.064	2026-08-28 19:11:14.156	2026-08-28 19:11:47.894	31.7s	2	6 GB	754.5 MB	7.8 GB	103.6%	1.3%	1.2 GB	90.1 MB
809	52/2ca57a	BGC_ANALYSIS:ANTISMASH_ANALYSIS:ANTISMASH (Pantoea_ananatis_B7)	COMPLETED	0	2026-08-28 19:10:43.289	2026-08-28 19:10:43.385	2026-08-28 19:11:48.580	1m 3s	2	6 GB	4.7 GB	7.8 GB	108.0%	5.6%	10.6 GB	98.6 MB
806	80/0ce86c	BGC_ANALYSIS:ANTISMASH_ANALYSIS:ANTISMASH (Pantoea_agglomerans_T6)	COMPLETED	0	2026-08-28 19:11:19.121	2026-08-28 19:11:19.216	2026-08-28 19:11:52.255	31.2s	2	6 GB	708.7 MB	7.8 GB	98.4%	1.2%	1 GB	83.2 MB
810	55/6baccc	BGC_ANALYSIS:ANTISMASH_ANALYSIS:ANTISMASH (Pantoea_ananatis_FDAARGOS_680)	COMPLETED	0	2026-08-28 19:11:23.247	2026-08-28 19:11:23.344	2026-08-28 19:11:52.636	27.5s	2	6 GB	832 MB	7.8 GB	122.8%	1.4%	928.6 MB	86.1 MB
815	df/dcec1a	BGC_ANALYSIS:ANTISMASH_ANALYSIS:ANTISMASH (Pantoea_anthophila_EKM101A)	COMPLETED	0	2026-08-28 19:11:48.584	2026-08-28 19:11:48.680	2026-08-28 19:12:25.229	34.6s	2	6 GB	508.1 MB	7.7 GB	108.6%	0.8%	1.4 GB	74.5 MB
813	80/d8a82d	BGC_ANALYSIS:ANTISMASH_ANALYSIS:ANTISMASH (Pantoea_ananatis_NRRL_B-14773)	COMPLETED	0	2026-08-28 19:11:44.627	2026-08-28 19:11:44.723	2026-08-28 19:12:29.788	43.1s	2	6 GB	705.9 MB	7.8 GB	97.3%	1.3%	1.8 GB	107.5 MB
814	fa/5d2ca3	BGC_ANALYSIS:ANTISMASH_ANALYSIS:ANTISMASH (Pantoea_ananatis_Weeds_Lee_18a)	COMPLETED	0	2026-08-28 19:11:47.897	2026-08-28 19:11:47.993	2026-08-28 19:12:32.177	42.3s	2	6 GB	716.6 MB	7.8 GB	96.0%	1.3%	1.7 GB	104.1 MB
811	6b/2397c6	BGC_ANALYSIS:ANTISMASH_ANALYSIS:ANTISMASH (Pantoea_ananatis_M232A)	COMPLETED	0	2026-08-28 19:11:26.741	2026-08-28 19:11:26.835	2026-08-28 19:12:34.733	1m 5s	2	6 GB	4.7 GB	7.8 GB	108.2%	5.4%	10.5 GB	97.7 MB
808	e9/35e90f	BGC_ANALYSIS:ANTISMASH_ANALYSIS:ANTISMASH (Pantoea_allii_DOAB1050)	COMPLETED	0	2026-08-28 19:11:22.261	2026-08-28 19:11:22.357	2026-08-28 19:12:35.721	1m 12s	2	6 GB	4.7 GB	7.7 GB	107.3%	5.0%	11.9 GB	104.9 MB
816	44/46d29e	BGC_ANALYSIS:ANTISMASH_ANALYSIS:ANTISMASH (Pantoea_brenneri_IF5SW-B1)	COMPLETED	0	2026-08-28 19:11:52.259	2026-08-28 19:11:52.355	2026-08-28 19:12:46.423	52s	2	6 GB	715.2 MB	7.8 GB	95.0%	1.3%	2.2 GB	117 MB
817	41/d3b55a	BGC_ANALYSIS:ANTISMASH_ANALYSIS:ANTISMASH (Pantoea_brenneri_IF5SW-B2)	COMPLETED	0	2026-08-28 19:11:52.640	2026-08-28 19:11:52.736	2026-08-28 19:12:47.493	52.6s	2	6 GB	695.8 MB	7.8 GB	96.2%	1.3%	2.3 GB	118.5 MB
812	c9/95ccef	BGC_ANALYSIS:ANTISMASH_ANALYSIS:ANTISMASH (Pantoea_ananatis_MMB-1)	COMPLETED	0	2026-08-28 19:11:35.964	2026-08-28 19:11:36.059	2026-08-28 19:12:53.279	1m 15s	2	6 GB	4.8 GB	7.8 GB	121.9%	5.6%	22.2 GB	81.9 MB
820	16/3b67db	BGC_ANALYSIS:ANTISMASH_ANALYSIS:ANTISMASH (Pantoea_brenneri_IFACSW-B3)	COMPLETED	0	2026-08-28 19:12:25.234	2026-08-28 19:12:25.330	2026-08-28 19:13:17.980	50.5s	2	6 GB	688.7 MB	7.7 GB	96.0%	1.2%	2.2 GB	117.5 MB
818	b7/91c39f	BGC_ANALYSIS:ANTISMASH_ANALYSIS:ANTISMASH (Pantoea_brenneri_IF5SW-P1_2)	COMPLETED	0	2026-08-28 19:12:29.794	2026-08-28 19:12:29.888	2026-08-28 19:13:22.602	50.7s	2	6 GB	717.2 MB	7.8 GB	96.1%	1.3%	2.2 GB	117.5 MB
819	d9/6fadbc	BGC_ANALYSIS:ANTISMASH_ANALYSIS:ANTISMASH (Pantoea_brenneri_IF5SW-P2)	COMPLETED	0	2026-08-28 19:12:32.180	2026-08-28 19:12:32.278	2026-08-28 19:13:24.984	50.7s	2	6 GB	716.8 MB	7.8 GB	96.4%	1.3%	2.2 GB	117.5 MB
821	e5/14632b	BGC_ANALYSIS:ANTISMASH_ANALYSIS:ANTISMASH (Pantoea_brenneri_IFACSW-P2)	COMPLETED	0	2026-08-28 19:12:34.738	2026-08-28 19:12:34.833	2026-08-28 19:13:27.704	50.7s	2	6 GB	715.2 MB	7.8 GB	96.3%	1.3%	2.3 GB	118 MB
822	51/c9323a	BGC_ANALYSIS:ANTISMASH_ANALYSIS:ANTISMASH (Pantoea_brenneri_IIF5SW-B1)	COMPLETED	0	2026-08-28 19:12:35.725	2026-08-28 19:12:35.821	2026-08-28 19:13:28.387	50.3s	2	6 GB	692.6 MB	7.8 GB	95.6%	1.3%	2.2 GB	117 MB
825	b0/3bb801	BGC_ANALYSIS:ANTISMASH_ANALYSIS:ANTISMASH (Pantoea_brenneri_IIF5SW-P1)	COMPLETED	0	2026-08-28 19:12:46.427	2026-08-28 19:12:46.523	2026-08-28 19:13:38.618	50.1s	2	6 GB	695.8 MB	7.8 GB	96.3%	1.2%	2.3 GB	118 MB
824	79/6389fb	BGC_ANALYSIS:ANTISMASH_ANALYSIS:ANTISMASH (Pantoea_brenneri_IIF5SW-B5)	COMPLETED	0	2026-08-28 19:12:47.497	2026-08-28 19:12:47.593	2026-08-28 19:13:39.698	50.1s	2	6 GB	696.9 MB	7.8 GB	96.7%	1.2%	2.3 GB	118 MB
823	84/7da220	BGC_ANALYSIS:ANTISMASH_ANALYSIS:ANTISMASH (Pantoea_brenneri_IIF5SW-B2)	COMPLETED	0	2026-08-28 19:12:53.282	2026-08-28 19:12:53.379	2026-08-28 19:13:45.012	49.4s	2	6 GB	718.6 MB	7.8 GB	95.5%	1.3%	2.2 GB	116.5 MB
831	4f/eafd84	BGC_ANALYSIS:ANTISMASH_ANALYSIS:ANTISMASH (Pantoea_cypripedii_NE1)	COMPLETED	0	2026-08-28 19:13:38.622	2026-08-28 19:13:38.718	2026-08-28 19:14:09.908	29.1s	2	6 GB	913.2 MB	7.9 GB	128.4%	1.6%	1.1 GB	105.9 MB
826	15/62108b	BGC_ANALYSIS:ANTISMASH_ANALYSIS:ANTISMASH (Pantoea_brenneri_IIF5SW-P2)	COMPLETED	0	2026-08-28 19:13:17.984	2026-08-28 19:13:18.081	2026-08-28 19:14:10.321	50.2s	2	6 GB	699 MB	7.8 GB	96.6%	1.3%	2.2 GB	116.9 MB
827	79/dcda06	BGC_ANALYSIS:ANTISMASH_ANALYSIS:ANTISMASH (Pantoea_brenneri_IIF5SW-P3)	COMPLETED	0	2026-08-28 19:13:22.607	2026-08-28 19:13:22.702	2026-08-28 19:14:14.663	50s	2	6 GB	689.1 MB	7.7 GB	95.5%	1.2%	2.2 GB	117.5 MB
833	cc/9ec11c	BGC_ANALYSIS:ANTISMASH_ANALYSIS:ANTISMASH (Pantoea_dispersa_DSM_30073)	COMPLETED	0	2026-08-28 19:13:39.702	2026-08-28 19:13:39.798	2026-08-28 19:14:17.049	35.2s	2	6 GB	528.2 MB	7.8 GB	108.3%	0.7%	1.3 GB	75.6 MB
828	b6/3b9ca7	BGC_ANALYSIS:ANTISMASH_ANALYSIS:ANTISMASH (Pantoea_brenneri_IIF5SW-P4)	COMPLETED	0	2026-08-28 19:13:24.988	2026-08-28 19:13:25.084	2026-08-28 19:14:17.197	50.2s	2	6 GB	670.5 MB	7.7 GB	95.5%	1.2%	2.2 GB	117.5 MB
832	c5/295a33	BGC_ANALYSIS:ANTISMASH_ANALYSIS:ANTISMASH (Pantoea_dispersa_625)	COMPLETED	0	2026-08-28 19:13:45.018	2026-08-28 19:13:45.112	2026-08-28 19:14:17.506	30.2s	2	6 GB	706 MB	7.8 GB	101.4%	1.3%	1.2 GB	86.2 MB
830	06/c7c2e3	BGC_ANALYSIS:ANTISMASH_ANALYSIS:ANTISMASH (Pantoea_brenneri_IIFCSG-B1)	COMPLETED	0	2026-08-28 19:13:27.709	2026-08-28 19:13:27.804	2026-08-28 19:14:19.883	50.1s	2	6 GB	698.4 MB	7.8 GB	96.4%	1.2%	2.3 GB	118 MB
829	22/f423c6	BGC_ANALYSIS:ANTISMASH_ANALYSIS:ANTISMASH (Pantoea_brenneri_IIF5SW-P5)	COMPLETED	0	2026-08-28 19:13:28.391	2026-08-28 19:13:28.487	2026-08-28 19:14:20.971	50.4s	2	6 GB	726.2 MB	7.8 GB	94.7%	1.3%	2.2 GB	117 MB
834	f6/77c3db	BGC_ANALYSIS:ANTISMASH_ANALYSIS:ANTISMASH (Pantoea_hericii_JZB2120024)	COMPLETED	0	2026-08-28 19:14:10.325	2026-08-28 19:14:10.422	2026-08-28 19:14:39.615	27.2s	2	6 GB	504.7 MB	7.8 GB	101.8%	0.7%	997.7 MB	58.8 MB
835	b3/2d65db	BGC_ANALYSIS:ANTISMASH_ANALYSIS:ANTISMASH (Pantoea_nemavictus_BIGb0393)	COMPLETED	0	2026-08-28 19:14:17.054	2026-08-28 19:14:17.149	2026-08-28 19:14:43.729	24.7s	2	6 GB	826.6 MB	7.8 GB	125.4%	1.4%	895.6 MB	84 MB
836	d4/70c345	BGC_ANALYSIS:ANTISMASH_ANALYSIS:ANTISMASH (Pantoea_piersonii_F3-6B4)	COMPLETED	0	2026-08-28 19:14:09.911	2026-08-28 19:14:10.008	2026-08-28 19:14:48.977	37s	2	6 GB	709.7 MB	7.8 GB	95.1%	1.3%	1.5 GB	96.3 MB
840	56/ccfc5a	BGC_ANALYSIS:ANTISMASH_ANALYSIS:ANTISMASH (Pantoea_sp._Acro-807)	COMPLETED	0	2026-08-28 19:14:20.975	2026-08-28 19:14:21.071	2026-08-28 19:14:49.051	26s	2	6 GB	688.2 MB	7.7 GB	96.9%	1.1%	999 MB	71.6 MB
839	a4/30a8ae	BGC_ANALYSIS:ANTISMASH_ANALYSIS:ANTISMASH (Pantoea_pleuroti_JZB_2120015)	COMPLETED	0	2026-08-28 19:14:19.887	2026-08-28 19:14:19.983	2026-08-28 19:14:55.413	33.4s	2	6 GB	693.5 MB	7.8 GB	96.2%	1.2%	1.2 GB	90.1 MB
838	c7/f71075	BGC_ANALYSIS:ANTISMASH_ANALYSIS:ANTISMASH (Pantoea_piersonii_IIIF_BACT_A)	COMPLETED	0	2026-08-28 19:14:17.200	2026-08-28 19:14:17.297	2026-08-28 19:14:56.794	37.6s	2	6 GB	704.2 MB	7.8 GB	94.6%	1.3%	1.5 GB	97.3 MB
837	fa/31d2be	BGC_ANALYSIS:ANTISMASH_ANALYSIS:ANTISMASH (Pantoea_piersonii_F3-6B5)	COMPLETED	0	2026-08-28 19:14:17.510	2026-08-28 19:14:17.607	2026-08-28 19:14:58.703	39.3s	2	6 GB	688.4 MB	7.8 GB	94.6%	1.2%	1.6 GB	99.8 MB
845	12/f70214	BGC_ANALYSIS:ANTISMASH_ANALYSIS:ANTISMASH (Pantoea_sp._Cy-639)	COMPLETED	0	2026-08-28 19:14:14.667	2026-08-28 19:14:14.763	2026-08-28 19:15:07.673	51.2s	2	6 GB	923.7 MB	7.8 GB	94.4%	1.3%	1.8 GB	107.5 MB
852	c8/3d5297	BGC_ANALYSIS:ANTISMASH_ANALYSIS:ANTISMASH (Pantoea_sp._EKM22T)	COMPLETED	0	2026-08-28 19:14:39.619	2026-08-28 19:14:39.715	2026-08-28 19:15:16.147	34.4s	2	6 GB	717.4 MB	7.8 GB	95.8%	1.3%	1.3 GB	92.1 MB
841	50/60058b	BGC_ANALYSIS:ANTISMASH_ANALYSIS:ANTISMASH (Pantoea_sp._Ap-870)	COMPLETED	0	2026-08-28 19:14:49.055	2026-08-28 19:14:49.151	2026-08-28 19:15:23.065	31.9s	2	6 GB	720.9 MB	7.8 GB	98.4%	1.3%	1.2 GB	89.9 MB
842	55/e27e2d	BGC_ANALYSIS:ANTISMASH_ANALYSIS:ANTISMASH (Pantoea_sp._Ap-959)	COMPLETED	0	2026-08-28 19:14:48.980	2026-08-28 19:14:49.051	2026-08-28 19:15:23.344	32.3s	2	6 GB	727.1 MB	7.8 GB	100.5%	1.3%	1.2 GB	91.5 MB
847	42/c1dbb6	BGC_ANALYSIS:ANTISMASH_ANALYSIS:ANTISMASH (Pantoea_sp._EKM101V)	COMPLETED	0	2026-08-28 19:14:55.421	2026-08-28 19:14:55.513	2026-08-28 19:15:31.587	34s	2	6 GB	684.8 MB	7.8 GB	95.2%	1.1%	1.4 GB	89.2 MB
846	24/2deffe	BGC_ANALYSIS:ANTISMASH_ANALYSIS:ANTISMASH (Pantoea_sp._Cy-640)	COMPLETED	0	2026-08-28 19:14:58.708	2026-08-28 19:14:58.803	2026-08-28 19:15:32.349	31.6s	2	6 GB	711.3 MB	7.8 GB	96.3%	1.3%	1.2 GB	91.1 MB
848	e4/a100eb	BGC_ANALYSIS:ANTISMASH_ANALYSIS:ANTISMASH (Pantoea_sp._EKM103V)	COMPLETED	0	2026-08-28 19:15:16.150	2026-08-28 19:15:16.247	2026-08-28 19:15:52.754	34.4s	2	6 GB	716.4 MB	7.8 GB	98.8%	1.3%	1.4 GB	91.1 MB
843	3e/1a7a21	BGC_ANALYSIS:ANTISMASH_ANALYSIS:ANTISMASH (Pantoea_sp._Ap-967)	COMPLETED	0	2026-08-28 19:14:43.733	2026-08-28 19:14:43.829	2026-08-28 19:15:54.182	1m 8s	2	6 GB	976.1 MB	7.8 GB	94.7%	1.6%	2.6 GB	145.9 MB
844	fe/8ce116	BGC_ANALYSIS:ANTISMASH_ANALYSIS:ANTISMASH (Pantoea_sp._B9002)	COMPLETED	0	2026-08-28 19:14:56.798	2026-08-28 19:14:56.895	2026-08-28 19:15:55.356	56.4s	2	6 GB	724 MB	7.8 GB	95.5%	1.3%	2.6 GB	131 MB
849	b7/453a09	BGC_ANALYSIS:ANTISMASH_ANALYSIS:ANTISMASH (Pantoea_sp._EKM10T)	COMPLETED	0	2026-08-28 19:15:23.070	2026-08-28 19:15:23.165	2026-08-28 19:15:57.050	31.8s	2	6 GB	701.9 MB	7.8 GB	95.8%	1.3%	1.2 GB	86.3 MB
851	68/f41849	BGC_ANALYSIS:ANTISMASH_ANALYSIS:ANTISMASH (Pantoea_sp._EKM21T)	COMPLETED	0	2026-08-28 19:15:23.348	2026-08-28 19:15:23.445	2026-08-28 19:15:58.178	32.7s	2	6 GB	668.9 MB	7.7 GB	95.1%	1.2%	1.2 GB	89 MB
853	b4/6903a5	BGC_ANALYSIS:ANTISMASH_ANALYSIS:ANTISMASH (Pantoea_sp._Eser)	COMPLETED	0	2026-08-28 19:15:32.353	2026-08-28 19:15:32.449	2026-08-28 19:16:01.148	26.7s	2	6 GB	625.5 MB	7.7 GB	98.7%	1.0%	1.1 GB	75.2 MB
850	22/2c9632	BGC_ANALYSIS:ANTISMASH_ANALYSIS:ANTISMASH (Pantoea_sp._EKM20T)	COMPLETED	0	2026-08-28 19:15:31.591	2026-08-28 19:15:31.687	2026-08-28 19:16:10.539	36.9s	2	6 GB	680.8 MB	7.7 GB	95.9%	1.2%	1.5 GB	95.3 MB
857	c9/f89032	BGC_ANALYSIS:ANTISMASH_ANALYSIS:ANTISMASH (Pantoea_sp._Tr-811)	COMPLETED	0	2026-08-28 19:15:07.677	2026-08-28 19:15:07.773	2026-08-28 19:16:10.626	1m 1s	2	6 GB	791.2 MB	7.8 GB	93.8%	1.3%	2.1 GB	133.6 MB
858	fd/92df11	BGC_ANALYSIS:ANTISMASH_ANALYSIS:ANTISMASH (Pantoea_sp._WMus005)	COMPLETED	0	2026-08-28 19:16:01.152	2026-08-28 19:16:01.248	2026-08-28 19:16:28.245	24.9s	2	6 GB	697.3 MB	7.7 GB	108.2%	1.2%	940.2 MB	76.5 MB
859	7c/7307d5	BGC_ANALYSIS:ANTISMASH_ANALYSIS:ANTISMASH (Pantoea_stewartii_626)	COMPLETED	0	2026-08-28 19:15:57.054	2026-08-28 19:15:57.150	2026-08-28 19:16:28.921	29.8s	2	6 GB	657.2 MB	7.7 GB	100.5%	1.0%	1.2 GB	85.6 MB
855	6b/fe2655	BGC_ANALYSIS:ANTISMASH_ANALYSIS:ANTISMASH (Pantoea_sp._LS15_2)	COMPLETED	0	2026-08-28 19:15:52.757	2026-08-28 19:15:52.854	2026-08-28 19:16:31.109	36.4s	2	6 GB	676.6 MB	7.7 GB	95.2%	1.2%	1.5 GB	93.5 MB
860	d1/cbbf29	BGC_ANALYSIS:ANTISMASH_ANALYSIS:ANTISMASH (Pantoea_stewartii_NRRL_B-133)	COMPLETED	0	2026-08-28 19:15:58.182	2026-08-28 19:15:58.278	2026-08-28 19:16:31.196	30.9s	2	6 GB	725.9 MB	7.8 GB	103.6%	1.3%	1.2 GB	89.7 MB
854	1e/a338b2	BGC_ANALYSIS:ANTISMASH_ANALYSIS:ANTISMASH (Pantoea_sp._LS15)	COMPLETED	0	2026-08-28 19:15:55.359	2026-08-28 19:15:55.456	2026-08-28 19:16:33.812	36.5s	2	6 GB	709.4 MB	7.8 GB	95.5%	1.3%	1.5 GB	93.4 MB
856	b0/123cd1	BGC_ANALYSIS:ANTISMASH_ANALYSIS:ANTISMASH (Pantoea_sp._Taur)	COMPLETED	0	2026-08-28 19:15:54.186	2026-08-28 19:15:54.282	2026-08-28 19:16:43.910	47.8s	2	6 GB	734.2 MB	7.8 GB	94.0%	1.3%	2 GB	117.2 MB
862	55/097df7	BGC_ANALYSIS:ANTISMASH_ANALYSIS:ANTISMASH (Pantoea_stewartii_subsp._stewartii_MS1)	COMPLETED	0	2026-08-28 19:16:10.630	2026-08-28 19:16:10.726	2026-08-28 19:16:50.211	37.4s	2	6 GB	506.5 MB	7.8 GB	101.5%	0.7%	1.5 GB	78.1 MB
867	9a/e3faa7	BGC_ANALYSIS:ANTISMASH_ANALYSIS:ANTISMASH (Pantoea_agglomerans_Bru13)	COMPLETED	0	2026-08-28 19:16:28.250	2026-08-28 19:16:28.345	2026-08-28 19:16:53.642	23.4s	2	6 GB	815.2 MB	7.8 GB	124.3%	1.3%	857.2 MB	81.8 MB
874	c5/1fe706	BGC_ANALYSIS:ANTISMASH_ANALYSIS:ANTISMASH (Pantoea_agglomerans_GMG052)	COMPLETED	0	2026-08-28 19:16:31.113	2026-08-28 19:16:31.197	2026-08-28 19:17:07.884	34.7s	2	6 GB	662.1 MB	7.7 GB	96.5%	1.1%	1.3 GB	91.8 MB
861	2e/15adeb	BGC_ANALYSIS:ANTISMASH_ANALYSIS:ANTISMASH (Pantoea_stewartii_ZJ-FGZX1)	COMPLETED	0	2026-08-28 19:16:10.543	2026-08-28 19:16:10.627	2026-08-28 19:17:10.453	57.7s	2	6 GB	4.8 GB	7.8 GB	131.9%	8.2%	15.6 GB	82.1 MB
864	4a/9546de	BGC_ANALYSIS:ANTISMASH_ANALYSIS:ANTISMASH (Pantoea_agglomerans_234_Win.9)	COMPLETED	0	2026-08-28 19:16:31.200	2026-08-28 19:16:31.297	2026-08-28 19:17:15.740	42.5s	2	6 GB	734.6 MB	7.8 GB	94.9%	1.3%	1.8 GB	106.3 MB
868	4a/3c4b6f	BGC_ANALYSIS:ANTISMASH_ANALYSIS:ANTISMASH (Pantoea_agglomerans_C-113)	COMPLETED	0	2026-08-28 19:16:50.215	2026-08-28 19:16:50.310	2026-08-28 19:17:27.155	34.8s	2	6 GB	519.2 MB	7.8 GB	107.1%	0.8%	1.3 GB	74.2 MB
865	fa/e94f6e	BGC_ANALYSIS:ANTISMASH_ANALYSIS:ANTISMASH (Pantoea_agglomerans_A2a22Pa19)	COMPLETED	0	2026-08-28 19:17:15.743	2026-08-28 19:17:15.839	2026-08-28 19:17:46.624	28.6s	2	6 GB	846.4 MB	7.9 GB	120.0%	1.4%	958.9 MB	90.3 MB
870	85/5bb7f9	BGC_ANALYSIS:ANTISMASH_ANALYSIS:ANTISMASH (Pantoea_agglomerans_C-204)	COMPLETED	0	2026-08-28 19:17:07.888	2026-08-28 19:17:07.984	2026-08-28 19:17:46.737	36.6s	2	6 GB	497.3 MB	7.8 GB	105.6%	0.7%	1.4 GB	76.8 MB
866	d1/2de402	BGC_ANALYSIS:ANTISMASH_ANALYSIS:ANTISMASH (Pantoea_agglomerans_AF_air_401)	COMPLETED	0	2026-08-28 19:17:27.159	2026-08-28 19:17:27.255	2026-08-28 19:17:52.795	23.3s	2	6 GB	759.5 MB	7.8 GB	115.4%	1.3%	847.1 MB	82.3 MB
863	e1/c44f54	BGC_ANALYSIS:ANTISMASH_ANALYSIS:ANTISMASH (Pantoea_agglomerans_12C16O_24h_100_P16_coass_bin_13)	COMPLETED	0	2026-08-28 19:16:28.925	2026-08-28 19:16:29.020	2026-08-28 19:17:53.692	1m 23s	2	6 GB	736.3 MB	7.8 GB	98.2%	1.3%	4.2 GB	172.6 MB
876	4c/5c613d	BGC_ANALYSIS:ANTISMASH_ANALYSIS:ANTISMASH (Pantoea_agglomerans_J22c)	COMPLETED	0	2026-08-28 19:17:46.743	2026-08-28 19:17:46.837	2026-08-28 19:18:14.098	25.1s	2	6 GB	783.8 MB	7.8 GB	126.1%	1.3%	928.4 MB	86.2 MB
877	cc/eb0e04	BGC_ANALYSIS:ANTISMASH_ANALYSIS:ANTISMASH (Pantoea_agglomerans_J35)	COMPLETED	0	2026-08-28 19:17:46.628	2026-08-28 19:17:46.724	2026-08-28 19:18:17.276	28.4s	2	6 GB	698.4 MB	7.7 GB	107.1%	1.2%	1 GB	87.4 MB
875	3e/2aa4fc	BGC_ANALYSIS:ANTISMASH_ANALYSIS:ANTISMASH (Pantoea_agglomerans_GMG427)	COMPLETED	0	2026-08-28 19:17:52.799	2026-08-28 19:17:52.895	2026-08-28 19:18:31.660	36.6s	2	6 GB	689.5 MB	7.8 GB	97.4%	1.3%	1.5 GB	98 MB
869	ef/81aa40	BGC_ANALYSIS:ANTISMASH_ANALYSIS:ANTISMASH (Pantoea_agglomerans_C-187)	COMPLETED	0	2026-08-28 19:17:53.696	2026-08-28 19:17:53.792	2026-08-28 19:18:31.905	36s	2	6 GB	495.7 MB	7.8 GB	106.1%	0.7%	1.3 GB	75.8 MB
879	d6/bb7fb3	BGC_ANALYSIS:ANTISMASH_ANALYSIS:ANTISMASH (Pantoea_agglomerans_LMK1-1-1.1)	COMPLETED	0	2026-08-28 19:18:14.102	2026-08-28 19:18:14.198	2026-08-28 19:18:43.894	27.7s	2	6 GB	697.5 MB	7.8 GB	101.9%	1.3%	1 GB	78.4 MB
878	ff/1b6495	BGC_ANALYSIS:ANTISMASH_ANALYSIS:ANTISMASH (Pantoea_agglomerans_LMC1-1-1.1)	COMPLETED	0	2026-08-28 19:18:17.281	2026-08-28 19:18:17.376	2026-08-28 19:18:47.029	27.5s	2	6 GB	653.2 MB	7.7 GB	101.9%	1.0%	1 GB	78.3 MB
882	8a/3b443c	BGC_ANALYSIS:ANTISMASH_ANALYSIS:ANTISMASH (Pantoea_agglomerans_MPB22)	COMPLETED	0	2026-08-28 19:18:43.898	2026-08-28 19:18:43.993	2026-08-28 19:19:10.080	24.1s	2	6 GB	785.2 MB	7.8 GB	128.7%	1.3%	884.8 MB	83.2 MB
884	4d/0cb290	BGC_ANALYSIS:ANTISMASH_ANALYSIS:ANTISMASH (Pantoea_agglomerans_NPDC087376)	COMPLETED	0	2026-08-28 19:18:47.033	2026-08-28 19:18:47.130	2026-08-28 19:19:15.825	26.6s	2	6 GB	709.2 MB	7.8 GB	103.8%	1.2%	979 MB	77.8 MB
881	d3/90a8e2	BGC_ANALYSIS:ANTISMASH_ANALYSIS:ANTISMASH (Pantoea_agglomerans_MFD02586_ilm_asm_bin1)	COMPLETED	0	2026-08-28 19:18:31.909	2026-08-28 19:18:32.006	2026-08-28 19:19:23.350	49.3s	2	6 GB	723.2 MB	7.8 GB	97.6%	1.3%	2.3 GB	118.2 MB
890	58/313893	BGC_ANALYSIS:ANTISMASH_ANALYSIS:ANTISMASH (Pantoea_agglomerans_Ptg001)	COMPLETED	0	2026-08-28 19:18:31.665	2026-08-28 19:18:31.760	2026-08-28 19:19:24.573	50.8s	2	6 GB	718.7 MB	7.8 GB	97.3%	1.2%	2.3 GB	124.4 MB
883	cc/752d7d	BGC_ANALYSIS:ANTISMASH_ANALYSIS:ANTISMASH (Pantoea_agglomerans_NPDC087375)	COMPLETED	0	2026-08-28 19:19:10.084	2026-08-28 19:19:10.180	2026-08-28 19:19:41.422	29.1s	2	6 GB	725 MB	7.8 GB	100.9%	1.3%	1 GB	85.4 MB
880	57/e69708	BGC_ANALYSIS:ANTISMASH_ANALYSIS:ANTISMASH (Pantoea_agglomerans_MFD00724_ilm_asm_bin2)	COMPLETED	0	2026-08-28 19:16:53.646	2026-08-28 19:16:53.742	2026-08-28 19:19:46.889	2m 51s	2	6 GB	728.9 MB	7.8 GB	102.6%	1.3%	10 GB	308.5 MB
885	f8/1a709f	BGC_ANALYSIS:ANTISMASH_ANALYSIS:ANTISMASH (Pantoea_agglomerans_NPDC087377)	COMPLETED	0	2026-08-28 19:19:15.831	2026-08-28 19:19:15.925	2026-08-28 19:19:47.616	29.6s	2	6 GB	738.1 MB	7.8 GB	99.9%	1.3%	1.1 GB	87.2 MB
898	0a/bef897	BGC_ANALYSIS:ANTISMASH_ANALYSIS:ANTISMASH (Pantoea_agglomerans_SR103)	COMPLETED	0	2026-08-28 19:19:24.576	2026-08-28 19:19:24.673	2026-08-28 19:19:52.793	26.1s	2	6 GB	790.4 MB	7.8 GB	123.9%	1.3%	910.2 MB	85.8 MB
886	6f/4bf8b7	BGC_ANALYSIS:ANTISMASH_ANALYSIS:ANTISMASH (Pantoea_agglomerans_NPDC087378)	COMPLETED	0	2026-08-28 19:19:23.353	2026-08-28 19:19:23.450	2026-08-28 19:19:52.978	27.5s	2	6 GB	739.4 MB	7.8 GB	107.3%	1.2%	1 GB	85 MB
889	e5/188104	BGC_ANALYSIS:ANTISMASH_ANALYSIS:ANTISMASH (Pantoea_agglomerans_Pa17-3)	COMPLETED	0	2026-08-28 19:19:47.620	2026-08-28 19:19:47.716	2026-08-28 19:20:13.272	23.6s	2	6 GB	802.9 MB	7.8 GB	129.0%	1.3%	866.6 MB	82.2 MB
888	55/56ea02	BGC_ANALYSIS:ANTISMASH_ANALYSIS:ANTISMASH (Pantoea_agglomerans_Pa1-28_3)	COMPLETED	0	2026-08-28 19:19:46.893	2026-08-28 19:19:46.989	2026-08-28 19:20:15.923	26.8s	2	6 GB	801.7 MB	7.8 GB	122.6%	1.3%	1.1 GB	90.2 MB
891	1b/3d4e41	BGC_ANALYSIS:ANTISMASH_ANALYSIS:ANTISMASH (Pantoea_agglomerans_Ptg003)	COMPLETED	0	2026-08-28 19:19:52.981	2026-08-28 19:19:53.078	2026-08-28 19:20:36.887	41.8s	2	6 GB	690.4 MB	7.8 GB	95.8%	1.2%	1.7 GB	107 MB
901	53/a56bed	BGC_ANALYSIS:ANTISMASH_ANALYSIS:ANTISMASH (Pantoea_allii_O64c)	COMPLETED	0	2026-08-28 19:19:52.797	2026-08-28 19:19:52.893	2026-08-28 19:20:49.086	54.1s	2	6 GB	4.8 GB	7.9 GB	126.6%	4.6%	11 GB	83.9 MB
892	b7/c72ed4	BGC_ANALYSIS:ANTISMASH_ANALYSIS:ANTISMASH (Pantoea_agglomerans_Ptg009)	COMPLETED	0	2026-08-28 19:20:13.276	2026-08-28 19:20:13.372	2026-08-28 19:20:54.714	39.2s	2	6 GB	703.5 MB	7.8 GB	97.0%	1.3%	1.6 GB	101.3 MB
894	6a/6c30c1	BGC_ANALYSIS:ANTISMASH_ANALYSIS:ANTISMASH (Pantoea_agglomerans_Ptg013)	COMPLETED	0	2026-08-28 19:20:15.927	2026-08-28 19:20:16.023	2026-08-28 19:21:03.608	45.4s	2	6 GB	675.5 MB	7.8 GB	96.6%	1.2%	1.9 GB	113.2 MB
887	35/28ea1c	BGC_ANALYSIS:ANTISMASH_ANALYSIS:ANTISMASH (Pantoea_agglomerans_PAP2)	COMPLETED	0	2026-08-28 19:19:41.426	2026-08-28 19:19:41.522	2026-08-28 19:21:07.657	1m 24s	2	6 GB	729.7 MB	7.8 GB	100.1%	1.3%	4.4 GB	170.6 MB
893	69/4446b1	BGC_ANALYSIS:ANTISMASH_ANALYSIS:ANTISMASH (Pantoea_agglomerans_Ptg012)	COMPLETED	0	2026-08-28 19:20:36.892	2026-08-28 19:20:36.987	2026-08-28 19:21:25.031	45.8s	2	6 GB	692.1 MB	7.8 GB	95.5%	1.2%	2 GB	112.6 MB
907	11/cb2bc9	BGC_ANALYSIS:ANTISMASH_ANALYSIS:ANTISMASH (Pantoea_ananatis_WHRI_5854)	COMPLETED	0	2026-08-28 19:21:03.615	2026-08-28 19:21:03.709	2026-08-28 19:21:28.260	22.5s	2	6 GB	808.4 MB	7.8 GB	129.0%	1.4%	853.1 MB	81 MB
897	d9/3365c6	BGC_ANALYSIS:ANTISMASH_ANALYSIS:ANTISMASH (Pantoea_agglomerans_PvP021)	COMPLETED	0	2026-08-28 19:20:54.719	2026-08-28 19:20:54.814	2026-08-28 19:21:28.506	31.6s	2	6 GB	754.7 MB	7.8 GB	104.5%	1.3%	1.2 GB	91.2 MB
895	2f/5d709b	BGC_ANALYSIS:ANTISMASH_ANALYSIS:ANTISMASH (Pantoea_agglomerans_Ptg016)	COMPLETED	0	2026-08-28 19:20:49.091	2026-08-28 19:20:49.186	2026-08-28 19:21:31.067	39.7s	2	6 GB	679.1 MB	7.8 GB	94.5%	1.2%	1.6 GB	102.5 MB
899	35/f5490f	BGC_ANALYSIS:ANTISMASH_ANALYSIS:ANTISMASH (Pantoea_agglomerans_UADEC20)	COMPLETED	0	2026-08-28 19:21:28.265	2026-08-28 19:21:28.360	2026-08-28 19:21:54.641	24.3s	2	6 GB	780.8 MB	7.8 GB	128.5%	1.3%	874.5 MB	83.4 MB
903	67/567e14	BGC_ANALYSIS:ANTISMASH_ANALYSIS:ANTISMASH (Pantoea_ananatis_LPL-1)	COMPLETED	0	2026-08-28 19:21:31.071	2026-08-28 19:21:31.167	2026-08-28 19:21:58.374	25.1s	2	6 GB	648.4 MB	7.9 GB	128.5%	1.1%	823.3 MB	63.4 MB
896	e7/e4da8d	BGC_ANALYSIS:ANTISMASH_ANALYSIS:ANTISMASH (Pantoea_agglomerans_PvP012)	COMPLETED	0	2026-08-28 19:21:25.034	2026-08-28 19:21:25.131	2026-08-28 19:22:00.947	33.9s	2	6 GB	753.3 MB	7.8 GB	97.3%	1.3%	1.2 GB	92.8 MB
910	a8/1d94a7	BGC_ANALYSIS:ANTISMASH_ANALYSIS:ANTISMASH (Pantoea_dispersa_A003)	COMPLETED	0	2026-08-28 19:21:07.662	2026-08-28 19:21:07.757	2026-08-28 19:22:05.173	55.2s	2	6 GB	508.1 MB	7.7 GB	107.1%	0.9%	2.4 GB	104.4 MB
900	3a/63046f	BGC_ANALYSIS:ANTISMASH_ANALYSIS:ANTISMASH (Pantoea_allii_Eh250)	COMPLETED	0	2026-08-28 19:21:28.510	2026-08-28 19:21:28.606	2026-08-28 19:22:22.926	52.4s	2	6 GB	4.7 GB	7.8 GB	128.2%	4.9%	11 GB	85 MB
871	fd/a231b5	BGC_ANALYSIS:ANTISMASH_ANALYSIS:ANTISMASH (Pantoea_agglomerans_E1_1)	COMPLETED	0	2026-08-28 19:16:33.816	2026-08-28 19:16:33.912	2026-08-28 19:22:28.863	5m 53s	2	6 GB	814.6 MB	7.9 GB	103.4%	1.3%	21.8 GB	599.5 MB
902	e6/4f2e6f	BGC_ANALYSIS:ANTISMASH_ANALYSIS:ANTISMASH (Pantoea_ananatis_KPR_PA)	COMPLETED	0	2026-08-28 19:21:58.379	2026-08-28 19:21:58.474	2026-08-28 19:22:29.638	29.2s	2	6 GB	687.8 MB	7.8 GB	100.9%	1.2%	1.1 GB	82.5 MB
906	71/55a2d4	BGC_ANALYSIS:ANTISMASH_ANALYSIS:ANTISMASH (Pantoea_ananatis_SGAir0444)	COMPLETED	0	2026-08-28 19:22:05.176	2026-08-28 19:22:05.273	2026-08-28 19:22:30.608	23.2s	2	6 GB	837.2 MB	7.9 GB	129.7%	1.3%	850.9 MB	80 MB
873	af/86dc85	BGC_ANALYSIS:ANTISMASH_ANALYSIS:ANTISMASH (Pantoea_agglomerans_E4_1)	COMPLETED	0	2026-08-28 19:16:43.914	2026-08-28 19:16:44.009	2026-08-28 19:22:41.467	5m 55s	2	6 GB	797.9 MB	7.9 GB	103.4%	1.3%	21.8 GB	601.7 MB
904	8a/7dfc60	BGC_ANALYSIS:ANTISMASH_ANALYSIS:ANTISMASH (Pantoea_ananatis_LPP-1)	COMPLETED	0	2026-08-28 19:21:54.644	2026-08-28 19:21:54.741	2026-08-28 19:22:53.792	57s	2	6 GB	4.6 GB	7.9 GB	123.0%	4.6%	9.9 GB	64.2 MB
911	95/2f0a08	BGC_ANALYSIS:ANTISMASH_ANALYSIS:ANTISMASH (Pantoea_dispersa_CT11-120)	COMPLETED	0	2026-08-28 19:22:29.642	2026-08-28 19:22:29.738	2026-08-28 19:22:57.131	24.5s	2	6 GB	809.7 MB	7.8 GB	126.4%	1.3%	873.4 MB	82.8 MB
908	49/b23e9e	BGC_ANALYSIS:ANTISMASH_ANALYSIS:ANTISMASH (Pantoea_anthophila_dmpa233)	COMPLETED	0	2026-08-28 19:22:22.929	2026-08-28 19:22:23.026	2026-08-28 19:23:01.725	36.5s	2	6 GB	760.2 MB	7.8 GB	100.0%	1.3%	1.4 GB	92.6 MB
909	99/f455cc	BGC_ANALYSIS:ANTISMASH_ANALYSIS:ANTISMASH (Pantoea_deleyi_P201)	COMPLETED	0	2026-08-28 19:22:28.867	2026-08-28 19:22:28.963	2026-08-28 19:23:02.262	30.7s	2	6 GB	661.7 MB	7.7 GB	100.6%	1.1%	1.1 GB	88.9 MB
912	9c/e1286f	BGC_ANALYSIS:ANTISMASH_ANALYSIS:ANTISMASH (Pantoea_dispersa_F-22)	COMPLETED	0	2026-08-28 19:22:30.612	2026-08-28 19:22:30.708	2026-08-28 19:23:03.843	30.6s	2	6 GB	736.6 MB	7.8 GB	101.8%	1.2%	1.1 GB	88.6 MB
905	60/0f7e85	BGC_ANALYSIS:ANTISMASH_ANALYSIS:ANTISMASH (Pantoea_ananatis_P1A3)	COMPLETED	0	2026-08-28 19:22:00.951	2026-08-28 19:22:01.047	2026-08-28 19:23:04.874	1m 2s	2	6 GB	4.8 GB	7.9 GB	110.0%	7.1%	9.8 GB	94.4 MB
913	8b/f1a39a	BGC_ANALYSIS:ANTISMASH_ANALYSIS:ANTISMASH (Pantoea_dispersa_KPR_PC)	COMPLETED	0	2026-08-28 19:22:41.473	2026-08-28 19:22:41.568	2026-08-28 19:23:12.921	29.1s	2	6 GB	711.9 MB	7.8 GB	100.7%	1.2%	1 GB	83 MB
914	4a/306ec1	BGC_ANALYSIS:ANTISMASH_ANALYSIS:ANTISMASH (Pantoea_dispersa_PGPR-24)	COMPLETED	0	2026-08-28 19:22:53.796	2026-08-28 19:22:53.892	2026-08-28 19:23:25.626	29.7s	2	6 GB	723.1 MB	7.8 GB	101.9%	1.2%	1.1 GB	88.8 MB
917	06/3abad3	BGC_ANALYSIS:ANTISMASH_ANALYSIS:ANTISMASH (Pantoea_dispersa_XJ2)	COMPLETED	0	2026-08-28 19:23:02.266	2026-08-28 19:23:02.362	2026-08-28 19:23:29.032	24.7s	2	6 GB	814.3 MB	7.8 GB	125.3%	1.4%	888.3 MB	84.6 MB
915	b0/e97625	BGC_ANALYSIS:ANTISMASH_ANALYSIS:ANTISMASH (Pantoea_dispersa_S8797)	COMPLETED	0	2026-08-28 19:22:57.135	2026-08-28 19:22:57.231	2026-08-28 19:23:33.638	34.4s	2	6 GB	718.8 MB	7.8 GB	97.0%	1.3%	1.3 GB	95.3 MB
916	b2/4198d3	BGC_ANALYSIS:ANTISMASH_ANALYSIS:ANTISMASH (Pantoea_dispersa_UYSB45)	COMPLETED	0	2026-08-28 19:23:01.728	2026-08-28 19:23:01.825	2026-08-28 19:23:36.625	33s	2	6 GB	755.2 MB	7.8 GB	98.3%	1.3%	1.2 GB	95.1 MB
918	82/558c89	BGC_ANALYSIS:ANTISMASH_ANALYSIS:ANTISMASH (Pantoea_graminicola_KXB24)	COMPLETED	0	2026-08-28 19:23:03.848	2026-08-28 19:23:03.943	2026-08-28 19:23:36.985	30.9s	2	6 GB	737.2 MB	7.8 GB	97.4%	1.2%	1.2 GB	87.4 MB
920	f5/a0281b	BGC_ANALYSIS:ANTISMASH_ANALYSIS:ANTISMASH (Pantoea_graminicola_KXB45)	COMPLETED	0	2026-08-28 19:23:04.879	2026-08-28 19:23:04.974	2026-08-28 19:23:37.191	30.1s	2	6 GB	727.9 MB	7.8 GB	98.6%	1.2%	1.1 GB	85.4 MB
919	37/791c04	BGC_ANALYSIS:ANTISMASH_ANALYSIS:ANTISMASH (Pantoea_graminicola_KXB25)	COMPLETED	0	2026-08-28 19:23:12.926	2026-08-28 19:23:13.021	2026-08-28 19:23:45.516	30.3s	2	6 GB	701.9 MB	7.8 GB	95.9%	1.2%	1.1 GB	86.9 MB
922	d3/9ae8c4	BGC_ANALYSIS:ANTISMASH_ANALYSIS:ANTISMASH (Pantoea_osteomyelitidis_AA23256)	COMPLETED	0	2026-08-28 19:23:29.039	2026-08-28 19:23:29.132	2026-08-28 19:23:58.233	27.1s	2	6 GB	737.5 MB	7.8 GB	103.6%	1.3%	1 GB	80.8 MB
921	9b/0602d7	BGC_ANALYSIS:ANTISMASH_ANALYSIS:ANTISMASH (Pantoea_leporis_RIT844)	COMPLETED	0	2026-08-28 19:23:25.631	2026-08-28 19:23:25.727	2026-08-28 19:23:58.827	31.1s	2	6 GB	695.4 MB	7.8 GB	102.2%	1.2%	1.1 GB	90.1 MB
923	99/30c608	BGC_ANALYSIS:ANTISMASH_ANALYSIS:ANTISMASH (Pantoea_phytostimulans_C3)	COMPLETED	0	2026-08-28 19:23:33.642	2026-08-28 19:23:33.738	2026-08-28 19:24:00.482	24.9s	2	6 GB	805.7 MB	7.8 GB	120.5%	1.3%	933.3 MB	86.7 MB
928	25/4f6be4	BGC_ANALYSIS:ANTISMASH_ANALYSIS:ANTISMASH (Pantoea_sp._BJ2)	COMPLETED	0	2026-08-28 19:23:37.199	2026-08-28 19:23:37.291	2026-08-28 19:24:04.615	25.4s	2	6 GB	787.5 MB	7.8 GB	126.6%	1.4%	980.5 MB	93.6 MB
925	e6/4d45c4	BGC_ANALYSIS:ANTISMASH_ANALYSIS:ANTISMASH (Pantoea_sp._ANP04)	COMPLETED	0	2026-08-28 19:23:36.630	2026-08-28 19:23:36.725	2026-08-28 19:24:17.163	38.5s	2	6 GB	714.2 MB	7.8 GB	95.4%	1.2%	1.4 GB	94.7 MB
934	a4/d9a6c3	BGC_ANALYSIS:ANTISMASH_ANALYSIS:ANTISMASH (Pantoea_sp._GABEPS69)	COMPLETED	0	2026-08-28 19:23:58.831	2026-08-28 19:23:58.928	2026-08-28 19:24:28.508	27.6s	2	6 GB	843.3 MB	7.9 GB	123.7%	1.4%	979.6 MB	87.6 MB
940	fb/bea830	BGC_ANALYSIS:ANTISMASH_ANALYSIS:ANTISMASH (Pantoea_sp._R13S299)	COMPLETED	0	2026-08-28 19:24:00.490	2026-08-28 19:24:00.582	2026-08-28 19:24:31.403	28.8s	2	6 GB	739.3 MB	7.8 GB	111.9%	1.2%	959.3 MB	83.9 MB
927	31/97fa18	BGC_ANALYSIS:ANTISMASH_ANALYSIS:ANTISMASH (Pantoea_sp._B65)	COMPLETED	0	2026-08-28 19:23:45.520	2026-08-28 19:23:45.615	2026-08-28 19:24:36.719	48.8s	2	6 GB	754.9 MB	7.8 GB	94.8%	1.3%	1.8 GB	115.1 MB
930	3e/110a91	BGC_ANALYSIS:ANTISMASH_ANALYSIS:ANTISMASH (Pantoea_sp._BR_17)	COMPLETED	0	2026-08-28 19:23:58.237	2026-08-28 19:23:58.333	2026-08-28 19:24:36.841	36.5s	2	6 GB	710.2 MB	7.8 GB	96.5%	1.3%	1.3 GB	90.9 MB
937	c2/4f0fd7	BGC_ANALYSIS:ANTISMASH_ANALYSIS:ANTISMASH (Pantoea_sp._K16)	COMPLETED	0	2026-08-28 19:24:04.620	2026-08-28 19:24:04.715	2026-08-28 19:24:46.850	39.2s	2	6 GB	729.6 MB	7.8 GB	95.9%	1.3%	1.4 GB	96.3 MB
926	f5/a3ecd4	BGC_ANALYSIS:ANTISMASH_ANALYSIS:ANTISMASH (Pantoea_sp._App145)	COMPLETED	0	2026-08-28 19:24:17.168	2026-08-28 19:24:17.263	2026-08-28 19:24:49.915	30.4s	2	6 GB	845 MB	7.9 GB	122.9%	1.4%	1.1 GB	104.6 MB
872	24/ba8811	BGC_ANALYSIS:ANTISMASH_ANALYSIS:ANTISMASH (Pantoea_agglomerans_E3_1)	COMPLETED	0	2026-08-28 19:17:10.457	2026-08-28 19:17:10.553	2026-08-28 19:24:52.164	7m 40s	2	6 GB	866.7 MB	7.9 GB	103.1%	1.4%	28.2 GB	756.9 MB
924	1d/50cbe1	BGC_ANALYSIS:ANTISMASH_ANALYSIS:ANTISMASH (Pantoea_sp._4M003)	COMPLETED	0	2026-08-28 19:23:36.989	2026-08-28 19:23:37.085	2026-08-28 19:24:56.046	1m 17s	2	6 GB	769.9 MB	7.8 GB	96.2%	1.3%	3.5 GB	162.3 MB
939	d2/dafade	BGC_ANALYSIS:ANTISMASH_ANALYSIS:ANTISMASH (Pantoea_sp._NPDC088449)	COMPLETED	0	2026-08-28 19:24:31.409	2026-08-28 19:24:31.503	2026-08-28 19:25:03.198	29.6s	2	6 GB	812.1 MB	7.8 GB	107.3%	1.3%	1.1 GB	94.6 MB
938	f0/572ff9	BGC_ANALYSIS:ANTISMASH_ANALYSIS:ANTISMASH (Pantoea_sp._KPR_PJ)	COMPLETED	0	2026-08-28 19:24:36.846	2026-08-28 19:24:36.942	2026-08-28 19:25:08.509	29.5s	2	6 GB	708.7 MB	7.8 GB	96.3%	1.2%	1.1 GB	78.9 MB
933	ec/ca127c	BGC_ANALYSIS:ANTISMASH_ANALYSIS:ANTISMASH (Pantoea_sp._Ep11b)	COMPLETED	0	2026-08-28 19:24:46.854	2026-08-28 19:24:46.950	2026-08-28 19:25:08.548	19.4s	2	6 GB	755.9 MB	7.8 GB	123.7%	1.3%	735.3 MB	68.5 MB
932	c9/4d76e5	BGC_ANALYSIS:ANTISMASH_ANALYSIS:ANTISMASH (Pantoea_sp._CS_6)	COMPLETED	0	2026-08-28 19:24:36.724	2026-08-28 19:24:36.820	2026-08-28 19:25:11.724	32.8s	2	6 GB	702.2 MB	7.8 GB	94.4%	1.3%	1.3 GB	88.3 MB
941	c9/403953	BGC_ANALYSIS:ANTISMASH_ANALYSIS:ANTISMASH (Pantoea_sp._S18_2)	COMPLETED	0	2026-08-28 19:24:52.168	2026-08-28 19:24:52.264	2026-08-28 19:25:20.217	26.1s	2	6 GB	833.9 MB	7.8 GB	122.3%	1.4%	954.6 MB	91.7 MB
942	d6/5cc7f7	BGC_ANALYSIS:ANTISMASH_ANALYSIS:ANTISMASH (Pantoea_sp._SGAir0175)	COMPLETED	0	2026-08-28 19:24:56.050	2026-08-28 19:24:56.146	2026-08-28 19:25:21.416	23.2s	2	6 GB	757.6 MB	7.8 GB	125.8%	1.3%	842.8 MB	78.3 MB
946	a9/73c62e	BGC_ANALYSIS:ANTISMASH_ANALYSIS:ANTISMASH (Pantoea_sp._SGAir0215)	COMPLETED	0	2026-08-28 19:25:03.202	2026-08-28 19:25:03.298	2026-08-28 19:25:28.334	22.9s	2	6 GB	803.8 MB	7.8 GB	124.2%	1.3%	818.4 MB	76.7 MB
936	6a/2fc5d5	BGC_ANALYSIS:ANTISMASH_ANALYSIS:ANTISMASH (Pantoea_sp._K13)	COMPLETED	0	2026-08-28 19:24:49.919	2026-08-28 19:24:50.015	2026-08-28 19:25:28.755	36.8s	2	6 GB	720.7 MB	7.8 GB	92.3%	1.3%	1.3 GB	94 MB
931	a9/0424cd	BGC_ANALYSIS:ANTISMASH_ANALYSIS:ANTISMASH (Pantoea_sp._BS_8)	COMPLETED	0	2026-08-28 19:24:28.513	2026-08-28 19:24:28.610	2026-08-28 19:25:35.123	1m 4s	2	6 GB	4.7 GB	7.8 GB	110.3%	6.1%	11.9 GB	94.5 MB
947	f0/117316	BGC_ANALYSIS:ANTISMASH_ANALYSIS:ANTISMASH (Pantoea_sp._SGAir0418)	COMPLETED	0	2026-08-28 19:25:08.553	2026-08-28 19:25:08.648	2026-08-28 19:25:35.582	24.8s	2	6 GB	759 MB	7.8 GB	123.2%	1.3%	875.7 MB	80.4 MB
948	7a/da639b	BGC_ANALYSIS:ANTISMASH_ANALYSIS:ANTISMASH (Pantoea_sp._SGAir0430)	COMPLETED	0	2026-08-28 19:25:11.728	2026-08-28 19:25:11.824	2026-08-28 19:25:37.463	23.6s	2	6 GB	795.2 MB	7.8 GB	126.8%	1.3%	832.5 MB	77 MB
929	54/04c6e8	BGC_ANALYSIS:ANTISMASH_ANALYSIS:ANTISMASH (Pantoea_sp._BJFS-204)	COMPLETED	0	2026-08-28 19:25:08.513	2026-08-28 19:25:08.548	2026-08-28 19:25:40.750	30s	2	6 GB	528 MB	7.8 GB	105.1%	0.8%	1000.9 MB	65.4 MB
951	99/4e4bbb	BGC_ANALYSIS:ANTISMASH_ANALYSIS:ANTISMASH (Pantoea_sp._WEP)	COMPLETED	0	2026-08-28 19:25:21.421	2026-08-28 19:25:21.516	2026-08-28 19:25:48.991	25.2s	2	6 GB	624 MB	7.9 GB	123.5%	1.0%	811.5 MB	61.5 MB
945	82/93329b	BGC_ANALYSIS:ANTISMASH_ANALYSIS:ANTISMASH (Pantoea_sp._SGAir0184)	COMPLETED	0	2026-08-28 19:25:35.127	2026-08-28 19:25:35.226	2026-08-28 19:26:02.158	24.7s	2	6 GB	818.5 MB	7.8 GB	125.2%	1.3%	883.8 MB	81.3 MB
950	3b/51e6cb	BGC_ANALYSIS:ANTISMASH_ANALYSIS:ANTISMASH (Pantoea_sp._UYEF8)	COMPLETED	0	2026-08-28 19:25:20.222	2026-08-28 19:25:20.317	2026-08-28 19:26:03.948	41.3s	2	6 GB	694.2 MB	7.7 GB	95.3%	1.2%	1.5 GB	99 MB
954	c7/261fbc	BGC_ANALYSIS:ANTISMASH_ANALYSIS:ANTISMASH (Pantoea_stewartii_ICMP_257)	COMPLETED	0	2026-08-28 19:25:37.467	2026-08-28 19:25:37.567	2026-08-28 19:26:08.125	28.4s	2	6 GB	911.8 MB	7.9 GB	116.3%	1.5%	1 GB	99.4 MB
949	da/62a574	BGC_ANALYSIS:ANTISMASH_ANALYSIS:ANTISMASH (Pantoea_sp._SIMBA_079)	COMPLETED	0	2026-08-28 19:25:35.589	2026-08-28 19:25:35.682	2026-08-28 19:26:11.650	33.8s	2	6 GB	671.3 MB	7.7 GB	95.1%	1.1%	1.3 GB	83 MB
943	80/f09d9e	BGC_ANALYSIS:ANTISMASH_ANALYSIS:ANTISMASH (Pantoea_sp._SGAir0180)	COMPLETED	0	2026-08-28 19:25:48.995	2026-08-28 19:25:49.091	2026-08-28 19:26:15.498	24.2s	2	6 GB	789.3 MB	7.8 GB	124.6%	1.4%	835.3 MB	77.4 MB
952	e5/3eb772	BGC_ANALYSIS:ANTISMASH_ANALYSIS:ANTISMASH (Pantoea_sp._sgz302252)	COMPLETED	0	2026-08-28 19:25:40.754	2026-08-28 19:25:40.850	2026-08-28 19:26:25.066	41.9s	2	6 GB	498.1 MB	7.8 GB	102.1%	0.8%	1.6 GB	84.3 MB
959	51/a26313	BGC_ANALYSIS:ANTISMASH_ANALYSIS:ANTISMASH (Pantoea_vagans_GM1)	COMPLETED	0	2026-08-28 19:25:28.759	2026-08-28 19:25:28.855	2026-08-28 19:26:32.999	1m 2s	2	6 GB	4.9 GB	8 GB	129.9%	4.0%	17 GB	85.7 MB
953	44/b9f500	BGC_ANALYSIS:ANTISMASH_ANALYSIS:ANTISMASH (Pantoea_sp._sgz302252_2)	COMPLETED	0	2026-08-28 19:25:28.339	2026-08-28 19:25:28.434	2026-08-28 19:26:33.170	1m 3s	2	6 GB	543.7 MB	7.7 GB	102.0%	0.9%	2.7 GB	112.8 MB
944	b5/2d1e19	BGC_ANALYSIS:ANTISMASH_ANALYSIS:ANTISMASH (Pantoea_sp._SGAir0183)	COMPLETED	0	2026-08-28 19:26:03.952	2026-08-28 19:26:04.048	2026-08-28 19:26:34.395	28.3s	2	6 GB	850 MB	7.9 GB	120.0%	1.3%	1.1 GB	87.9 MB
956	8e/f47af9	BGC_ANALYSIS:ANTISMASH_ANALYSIS:ANTISMASH (Pantoea_stewartii_PSCN1)	COMPLETED	0	2026-08-28 19:26:15.502	2026-08-28 19:26:15.599	2026-08-28 19:26:42.982	25.2s	2	6 GB	805.4 MB	7.8 GB	123.2%	1.4%	873.8 MB	81.8 MB
961	51/94d0ba	BGC_ANALYSIS:ANTISMASH_ANALYSIS:ANTISMASH (Pantoea_vagans_NPDC058904)	COMPLETED	0	2026-08-28 19:26:02.162	2026-08-28 19:26:02.259	2026-08-28 19:26:43.907	39.4s	2	6 GB	769.8 MB	7.8 GB	94.0%	1.3%	1.5 GB	102.6 MB
935	af/3634a0	BGC_ANALYSIS:ANTISMASH_ANALYSIS:ANTISMASH (Pantoea_sp._GCM10028869_LNNU_3071)	COMPLETED	0	2026-08-28 19:26:08.129	2026-08-28 19:26:08.225	2026-08-28 19:26:46.388	36.3s	2	6 GB	802.8 MB	7.8 GB	95.7%	1.3%	1.2 GB	95.7 MB
955	8a/80dc8f	BGC_ANALYSIS:ANTISMASH_ANALYSIS:ANTISMASH (Pantoea_stewartii_ICMP_257_2)	COMPLETED	0	2026-08-28 19:26:25.069	2026-08-28 19:26:25.166	2026-08-28 19:26:54.245	27s	2	6 GB	890 MB	7.9 GB	120.9%	1.5%	1 GB	93.5 MB
958	cf/80a11f	BGC_ANALYSIS:ANTISMASH_ANALYSIS:ANTISMASH (Pantoea_stewartii_subsp._stewartii_ATCC_8199)	COMPLETED	0	2026-08-28 19:26:33.003	2026-08-28 19:26:33.100	2026-08-28 19:26:58.548	23.2s	2	6 GB	844.2 MB	7.9 GB	126.0%	1.3%	890.3 MB	80.4 MB
962	6d/8b1949	BGC_ANALYSIS:ANTISMASH_ANALYSIS:ANTISMASH (Pantoea_vagans_PMT5Y)	COMPLETED	0	2026-08-28 19:26:34.399	2026-08-28 19:26:34.495	2026-08-28 19:27:00.478	23.6s	2	6 GB	809.3 MB	7.8 GB	125.1%	1.3%	848.7 MB	80.6 MB
960	3b/21862b	BGC_ANALYSIS:ANTISMASH_ANALYSIS:ANTISMASH (Pantoea_vagans_GM2)	COMPLETED	0	2026-08-28 19:26:33.174	2026-08-28 19:26:33.270	2026-08-28 19:27:00.903	25.3s	2	6 GB	789.2 MB	7.8 GB	124.2%	1.3%	920.8 MB	85.1 MB
957	83/d8bb35	BGC_ANALYSIS:ANTISMASH_ANALYSIS:ANTISMASH (Pantoea_stewartii_subsp._indologenes_SJM_1_1)	COMPLETED	0	2026-08-28 19:26:11.654	2026-08-28 19:26:11.751	2026-08-28 19:27:11.234	57.1s	2	6 GB	4.7 GB	7.9 GB	121.8%	8.1%	10.9 GB	67.9 MB
968	d0/cc1df2	BGC_ANALYSIS:ANTISMASH_ANALYSIS:ANTISMASH (Pantoea_agglomerans_C-194)	COMPLETED	0	2026-08-28 19:26:42.987	2026-08-28 19:26:43.082	2026-08-28 19:27:21.059	35.8s	2	6 GB	758.5 MB	7.8 GB	99.0%	1.3%	1.3 GB	95.6 MB
975	e0/5818e9	BGC_ANALYSIS:ANTISMASH_ANALYSIS:ANTISMASH (Pantoea_agglomerans_C-208)	COMPLETED	0	2026-08-28 19:26:43.912	2026-08-28 19:26:44.007	2026-08-28 19:27:24.670	38.2s	2	6 GB	710.6 MB	7.8 GB	94.9%	1.2%	1.4 GB	96.2 MB
967	16/c80abc	BGC_ANALYSIS:ANTISMASH_ANALYSIS:ANTISMASH (Pantoea_agglomerans_C-193)	COMPLETED	0	2026-08-28 19:26:46.399	2026-08-28 19:26:46.488	2026-08-28 19:27:25.450	36.7s	2	6 GB	762.3 MB	7.8 GB	98.2%	1.3%	1.3 GB	96 MB
970	46/0f33b8	BGC_ANALYSIS:ANTISMASH_ANALYSIS:ANTISMASH (Pantoea_agglomerans_C-197)	COMPLETED	0	2026-08-28 19:26:54.250	2026-08-28 19:26:54.345	2026-08-28 19:27:35.117	38.5s	2	6 GB	742.4 MB	7.8 GB	92.0%	1.2%	1.3 GB	95.4 MB
973	25/aea442	BGC_ANALYSIS:ANTISMASH_ANALYSIS:ANTISMASH (Pantoea_agglomerans_C-206)	COMPLETED	0	2026-08-28 19:26:58.552	2026-08-28 19:26:58.648	2026-08-28 19:27:37.635	37.1s	2	6 GB	726.4 MB	7.8 GB	94.3%	1.2%	1.3 GB	94.1 MB
976	6e/9c6813	BGC_ANALYSIS:ANTISMASH_ANALYSIS:ANTISMASH (Pantoea_agglomerans_C-21)	COMPLETED	0	2026-08-28 19:27:00.483	2026-08-28 19:27:00.578	2026-08-28 19:27:38.406	35.7s	2	6 GB	733.1 MB	7.8 GB	94.9%	1.2%	1.3 GB	93.1 MB
963	5f/31d329	BGC_ANALYSIS:ANTISMASH_ANALYSIS:ANTISMASH (Pantoea_agglomerans_BIM_B-2215)	COMPLETED	0	2026-08-28 19:27:11.238	2026-08-28 19:27:11.335	2026-08-28 19:27:38.779	25s	2	6 GB	775 MB	7.8 GB	126.9%	1.3%	889.4 MB	84.1 MB
971	c9/a7e25b	BGC_ANALYSIS:ANTISMASH_ANALYSIS:ANTISMASH (Pantoea_agglomerans_C-200)	COMPLETED	0	2026-08-28 19:27:00.908	2026-08-28 19:27:01.003	2026-08-28 19:27:40.256	37.1s	2	6 GB	766.9 MB	7.8 GB	95.2%	1.3%	1.3 GB	95.5 MB
974	8c/a348e1	BGC_ANALYSIS:ANTISMASH_ANALYSIS:ANTISMASH (Pantoea_agglomerans_C-207)	COMPLETED	0	2026-08-28 19:27:21.064	2026-08-28 19:27:21.159	2026-08-28 19:28:02.270	38.9s	2	6 GB	750.3 MB	7.8 GB	95.8%	1.3%	1.4 GB	97.1 MB
966	64/90ba15	BGC_ANALYSIS:ANTISMASH_ANALYSIS:ANTISMASH (Pantoea_agglomerans_C-143)	COMPLETED	0	2026-08-28 19:27:24.675	2026-08-28 19:27:24.771	2026-08-28 19:28:04.177	37.1s	2	6 GB	761.7 MB	7.8 GB	95.1%	1.3%	1.3 GB	96 MB
969	ed/8c9b3a	BGC_ANALYSIS:ANTISMASH_ANALYSIS:ANTISMASH (Pantoea_agglomerans_C-196)	COMPLETED	0	2026-08-28 19:27:25.455	2026-08-28 19:27:25.550	2026-08-28 19:28:07.302	39.4s	2	6 GB	722.9 MB	7.8 GB	94.4%	1.2%	1.5 GB	100.1 MB
964	b3/7d10dd	BGC_ANALYSIS:ANTISMASH_ANALYSIS:ANTISMASH (Pantoea_agglomerans_C-136)	COMPLETED	0	2026-08-28 19:27:35.121	2026-08-28 19:27:35.218	2026-08-28 19:28:11.389	34.4s	2	6 GB	803.5 MB	7.8 GB	100.0%	1.4%	1.3 GB	97.3 MB
978	2b/62238e	BGC_ANALYSIS:ANTISMASH_ANALYSIS:ANTISMASH (Pantoea_agglomerans_C-212)	COMPLETED	0	2026-08-28 19:27:38.410	2026-08-28 19:27:38.506	2026-08-28 19:28:15.082	34.7s	2	6 GB	757.8 MB	7.8 GB	98.9%	1.3%	1.3 GB	93.9 MB
977	3f/45c55d	BGC_ANALYSIS:ANTISMASH_ANALYSIS:ANTISMASH (Pantoea_agglomerans_C-211)	COMPLETED	0	2026-08-28 19:27:37.639	2026-08-28 19:27:37.735	2026-08-28 19:28:18.832	39.3s	2	6 GB	733.1 MB	7.8 GB	96.1%	1.2%	1.5 GB	99.5 MB
972	91/0c2649	BGC_ANALYSIS:ANTISMASH_ANALYSIS:ANTISMASH (Pantoea_agglomerans_C-205)	COMPLETED	0	2026-08-28 19:27:38.783	2026-08-28 19:27:38.879	2026-08-28 19:28:20.634	39.9s	2	6 GB	751.1 MB	7.8 GB	95.1%	1.3%	1.5 GB	99.9 MB
987	68/1441da	BGC_ANALYSIS:ANTISMASH_ANALYSIS:ANTISMASH (Pantoea_agglomerans_C-248)	COMPLETED	0	2026-08-28 19:27:40.260	2026-08-28 19:27:40.356	2026-08-28 19:28:22.517	40.1s	2	6 GB	752.6 MB	7.8 GB	95.4%	1.3%	1.5 GB	99.2 MB
965	6f/81fe65	BGC_ANALYSIS:ANTISMASH_ANALYSIS:ANTISMASH (Pantoea_agglomerans_C-142)	COMPLETED	0	2026-08-28 19:28:02.274	2026-08-28 19:28:02.370	2026-08-28 19:28:40.874	36.6s	2	6 GB	751.5 MB	7.8 GB	101.5%	1.3%	1.3 GB	98.4 MB
980	82/1575fc	BGC_ANALYSIS:ANTISMASH_ANALYSIS:ANTISMASH (Pantoea_agglomerans_C-215)	COMPLETED	0	2026-08-28 19:28:04.181	2026-08-28 19:28:04.277	2026-08-28 19:28:46.456	40.2s	2	6 GB	758.2 MB	7.8 GB	95.1%	1.3%	1.4 GB	98 MB
981	1b/0e985d	BGC_ANALYSIS:ANTISMASH_ANALYSIS:ANTISMASH (Pantoea_agglomerans_C-216)	COMPLETED	0	2026-08-28 19:28:07.307	2026-08-28 19:28:07.403	2026-08-28 19:28:47.818	38.3s	2	6 GB	757.2 MB	7.8 GB	95.4%	1.3%	1.3 GB	94.1 MB
979	71/ba6655	BGC_ANALYSIS:ANTISMASH_ANALYSIS:ANTISMASH (Pantoea_agglomerans_C-213)	COMPLETED	0	2026-08-28 19:28:11.393	2026-08-28 19:28:11.489	2026-08-28 19:28:54.743	41.1s	2	6 GB	761 MB	7.8 GB	95.1%	1.3%	1.4 GB	98.5 MB
983	09/59e754	BGC_ANALYSIS:ANTISMASH_ANALYSIS:ANTISMASH (Pantoea_agglomerans_C-240)	COMPLETED	0	2026-08-28 19:28:15.086	2026-08-28 19:28:15.183	2026-08-28 19:28:55.657	38.4s	2	6 GB	755.7 MB	7.8 GB	95.9%	1.3%	1.3 GB	94.4 MB
985	72/3168e1	BGC_ANALYSIS:ANTISMASH_ANALYSIS:ANTISMASH (Pantoea_agglomerans_C-245)	COMPLETED	0	2026-08-28 19:28:20.638	2026-08-28 19:28:20.734	2026-08-28 19:29:01.480	38.6s	2	6 GB	735.1 MB	7.8 GB	99.2%	1.2%	1.4 GB	95.7 MB
982	71/83e4c5	BGC_ANALYSIS:ANTISMASH_ANALYSIS:ANTISMASH (Pantoea_agglomerans_C-239)	COMPLETED	0	2026-08-28 19:28:18.836	2026-08-28 19:28:18.932	2026-08-28 19:29:02.792	41.9s	2	6 GB	739.1 MB	7.8 GB	94.9%	1.2%	1.5 GB	99.5 MB
986	38/b26310	BGC_ANALYSIS:ANTISMASH_ANALYSIS:ANTISMASH (Pantoea_agglomerans_C-246)	COMPLETED	0	2026-08-28 19:28:22.522	2026-08-28 19:28:22.617	2026-08-28 19:29:10.840	46s	2	6 GB	729.5 MB	7.8 GB	94.8%	1.2%	1.7 GB	108.5 MB
984	dc/0b87e4	BGC_ANALYSIS:ANTISMASH_ANALYSIS:ANTISMASH (Pantoea_agglomerans_C-242)	COMPLETED	0	2026-08-28 19:28:40.879	2026-08-28 19:28:40.974	2026-08-28 19:29:23.131	39.9s	2	6 GB	778.7 MB	7.8 GB	97.9%	1.3%	1.4 GB	97.9 MB
990	6f/7c578b	BGC_ANALYSIS:ANTISMASH_ANALYSIS:ANTISMASH (Pantoea_agglomerans_C-254)	COMPLETED	0	2026-08-28 19:28:46.460	2026-08-28 19:28:46.556	2026-08-28 19:29:30.343	41.5s	2	6 GB	758.6 MB	7.8 GB	95.9%	1.3%	1.5 GB	99.6 MB
989	f6/35917b	BGC_ANALYSIS:ANTISMASH_ANALYSIS:ANTISMASH (Pantoea_agglomerans_C-252)	COMPLETED	0	2026-08-28 19:28:47.823	2026-08-28 19:28:47.918	2026-08-28 19:29:34.021	43.7s	2	6 GB	753.1 MB	7.8 GB	95.4%	1.3%	1.6 GB	103.2 MB
991	c8/70c28c	BGC_ANALYSIS:ANTISMASH_ANALYSIS:ANTISMASH (Pantoea_agglomerans_C-255)	COMPLETED	0	2026-08-28 19:28:55.662	2026-08-28 19:28:55.758	2026-08-28 19:29:37.052	38.9s	2	6 GB	728.1 MB	7.8 GB	94.7%	1.3%	1.4 GB	98 MB
992	e7/b756e9	BGC_ANALYSIS:ANTISMASH_ANALYSIS:ANTISMASH (Pantoea_agglomerans_C-256)	COMPLETED	0	2026-08-28 19:28:54.747	2026-08-28 19:28:54.843	2026-08-28 19:29:39.088	41.7s	2	6 GB	704.2 MB	7.8 GB	94.3%	1.2%	1.6 GB	102.1 MB
988	f8/4b50be	BGC_ANALYSIS:ANTISMASH_ANALYSIS:ANTISMASH (Pantoea_agglomerans_C-250)	COMPLETED	0	2026-08-28 19:29:01.483	2026-08-28 19:29:01.581	2026-08-28 19:29:41.209	37.6s	2	6 GB	707.7 MB	7.8 GB	96.0%	1.2%	1.4 GB	95.1 MB
994	51/4a57dc	BGC_ANALYSIS:ANTISMASH_ANALYSIS:ANTISMASH (Pantoea_agglomerans_C-262)	COMPLETED	0	2026-08-28 19:29:02.796	2026-08-28 19:29:02.892	2026-08-28 19:29:42.530	37.5s	2	6 GB	721.3 MB	7.8 GB	96.3%	1.2%	1.3 GB	95.1 MB
993	c7/119c9a	BGC_ANALYSIS:ANTISMASH_ANALYSIS:ANTISMASH (Pantoea_agglomerans_C-258)	COMPLETED	0	2026-08-28 19:29:10.845	2026-08-28 19:29:10.940	2026-08-28 19:29:49.249	36.1s	2	6 GB	763 MB	7.8 GB	95.5%	1.3%	1.3 GB	94.5 MB
996	90/159f85	BGC_ANALYSIS:ANTISMASH_ANALYSIS:ANTISMASH (Pantoea_agglomerans_C-264)	COMPLETED	0	2026-08-28 19:29:23.136	2026-08-28 19:29:23.231	2026-08-28 19:29:59.662	34s	2	6 GB	757.8 MB	7.8 GB	99.0%	1.3%	1.3 GB	95.5 MB
1001	49/80990c	BGC_ANALYSIS:ANTISMASH_ANALYSIS:ANTISMASH (Pantoea_agglomerans_C-360)	COMPLETED	0	2026-08-28 19:29:39.092	2026-08-28 19:29:39.188	2026-08-28 19:30:04.126	23.1s	2	6 GB	783.9 MB	7.8 GB	122.1%	1.3%	896.3 MB	84.7 MB
995	c1/38701c	BGC_ANALYSIS:ANTISMASH_ANALYSIS:ANTISMASH (Pantoea_agglomerans_C-263)	COMPLETED	0	2026-08-28 19:29:30.347	2026-08-28 19:29:30.443	2026-08-28 19:30:08.217	35.8s	2	6 GB	722.5 MB	7.8 GB	93.2%	1.3%	1.4 GB	96.7 MB
1002	d6/2c09cc	BGC_ANALYSIS:ANTISMASH_ANALYSIS:ANTISMASH (Pantoea_agglomerans_C-370)	COMPLETED	0	2026-08-28 19:29:49.253	2026-08-28 19:29:49.350	2026-08-28 19:30:12.077	20.7s	2	6 GB	809.1 MB	7.8 GB	119.0%	1.4%	773.7 MB	80.8 MB
997	27/6ac704	BGC_ANALYSIS:ANTISMASH_ANALYSIS:ANTISMASH (Pantoea_agglomerans_C-266)	COMPLETED	0	2026-08-28 19:29:34.026	2026-08-28 19:29:34.121	2026-08-28 19:30:14.174	38.1s	2	6 GB	738 MB	7.8 GB	93.6%	1.3%	1.6 GB	101.4 MB
998	f8/332167	BGC_ANALYSIS:ANTISMASH_ANALYSIS:ANTISMASH (Pantoea_agglomerans_C-267)	COMPLETED	0	2026-08-28 19:29:37.056	2026-08-28 19:29:37.152	2026-08-28 19:30:15.456	36.3s	2	6 GB	742.7 MB	7.8 GB	93.7%	1.3%	1.5 GB	98.2 MB
999	78/60cf53	BGC_ANALYSIS:ANTISMASH_ANALYSIS:ANTISMASH (Pantoea_agglomerans_C-290)	COMPLETED	0	2026-08-28 19:29:41.212	2026-08-28 19:29:41.309	2026-08-28 19:30:17.550	34.3s	2	6 GB	736 MB	7.8 GB	93.7%	1.3%	1.4 GB	97 MB
1000	d5/c916eb	BGC_ANALYSIS:ANTISMASH_ANALYSIS:ANTISMASH (Pantoea_agglomerans_C-307)	COMPLETED	0	2026-08-28 19:29:42.534	2026-08-28 19:29:42.631	2026-08-28 19:30:17.671	33.1s	2	6 GB	732.5 MB	7.8 GB	93.6%	1.3%	1.3 GB	95.7 MB
1004	e0/8b5891	BGC_ANALYSIS:ANTISMASH_ANALYSIS:ANTISMASH (Pantoea_agglomerans_C-381)	COMPLETED	0	2026-08-28 19:30:04.130	2026-08-28 19:30:04.226	2026-08-28 19:30:31.268	25.1s	2	6 GB	808.8 MB	7.8 GB	117.3%	1.4%	965.3 MB	87 MB
1003	93/82c645	BGC_ANALYSIS:ANTISMASH_ANALYSIS:ANTISMASH (Pantoea_agglomerans_C-38)	COMPLETED	0	2026-08-28 19:29:59.667	2026-08-28 19:29:59.762	2026-08-28 19:30:34.253	32.6s	2	6 GB	694.5 MB	7.8 GB	97.8%	1.2%	1.2 GB	93.7 MB
1007	4d/2f22e2	BGC_ANALYSIS:ANTISMASH_ANALYSIS:ANTISMASH (Pantoea_agglomerans_C-392)	COMPLETED	0	2026-08-28 19:30:08.221	2026-08-28 19:30:08.317	2026-08-28 19:30:35.158	25s	2	6 GB	811.1 MB	7.8 GB	117.3%	1.3%	937.8 MB	86.1 MB
1005	b5/0be3bc	BGC_ANALYSIS:ANTISMASH_ANALYSIS:ANTISMASH (Pantoea_agglomerans_C-386)	COMPLETED	0	2026-08-28 19:30:12.080	2026-08-28 19:30:12.178	2026-08-28 19:30:40.401	26.5s	2	6 GB	829.6 MB	7.8 GB	121.3%	1.3%	895.1 MB	84.9 MB
1006	d0/fa56e2	BGC_ANALYSIS:ANTISMASH_ANALYSIS:ANTISMASH (Pantoea_agglomerans_C-390)	COMPLETED	0	2026-08-28 19:30:14.178	2026-08-28 19:30:14.275	2026-08-28 19:30:41.047	25.1s	2	6 GB	803.5 MB	7.8 GB	115.9%	1.3%	905.8 MB	84.8 MB
1008	6a/1c41ed	BGC_ANALYSIS:ANTISMASH_ANALYSIS:ANTISMASH (Pantoea_agglomerans_C-393)	COMPLETED	0	2026-08-28 19:30:15.459	2026-08-28 19:30:15.556	2026-08-28 19:30:41.894	24.5s	2	6 GB	822 MB	7.8 GB	123.3%	1.3%	905.9 MB	86 MB
1011	bd/f6440c	BGC_ANALYSIS:ANTISMASH_ANALYSIS:ANTISMASH (Pantoea_agglomerans_C-398)	COMPLETED	0	2026-08-28 19:30:17.684	2026-08-28 19:30:17.771	2026-08-28 19:30:43.063	23.4s	2	6 GB	781.7 MB	7.8 GB	125.5%	1.3%	862.4 MB	82.3 MB
1010	15/d0fc4d	BGC_ANALYSIS:ANTISMASH_ANALYSIS:ANTISMASH (Pantoea_agglomerans_C-396)	COMPLETED	0	2026-08-28 19:30:17.558	2026-08-28 19:30:17.650	2026-08-28 19:30:45.140	25.5s	2	6 GB	735.1 MB	7.8 GB	112.3%	1.3%	954.8 MB	86.4 MB
1013	74/8e8fee	BGC_ANALYSIS:ANTISMASH_ANALYSIS:ANTISMASH (Pantoea_agglomerans_C-404)	COMPLETED	0	2026-08-28 19:30:35.162	2026-08-28 19:30:35.258	2026-08-28 19:31:00.363	23.1s	2	6 GB	803.4 MB	7.8 GB	122.7%	1.3%	852.2 MB	81 MB
1012	35/4adf81	BGC_ANALYSIS:ANTISMASH_ANALYSIS:ANTISMASH (Pantoea_agglomerans_C-401)	COMPLETED	0	2026-08-28 19:30:34.257	2026-08-28 19:30:34.353	2026-08-28 19:31:01.301	25s	2	6 GB	810.6 MB	7.8 GB	121.4%	1.4%	926.2 MB	86.7 MB
1015	9b/c2248d	BGC_ANALYSIS:ANTISMASH_ANALYSIS:ANTISMASH (Pantoea_agglomerans_C-410)	COMPLETED	0	2026-08-28 19:30:41.050	2026-08-28 19:30:41.148	2026-08-28 19:31:06.380	23.4s	2	6 GB	798.8 MB	7.8 GB	125.3%	1.4%	844.1 MB	80.3 MB
1009	00/afa1b2	BGC_ANALYSIS:ANTISMASH_ANALYSIS:ANTISMASH (Pantoea_agglomerans_C-394)	COMPLETED	0	2026-08-28 19:30:31.275	2026-08-28 19:30:31.368	2026-08-28 19:31:06.744	33.3s	2	6 GB	726.9 MB	7.8 GB	94.7%	1.3%	1.2 GB	92.5 MB
1014	2e/b3efd5	BGC_ANALYSIS:ANTISMASH_ANALYSIS:ANTISMASH (Pantoea_agglomerans_C-406)	COMPLETED	0	2026-08-28 19:30:40.404	2026-08-28 19:30:40.501	2026-08-28 19:31:07.123	24.8s	2	6 GB	802.6 MB	7.8 GB	122.2%	1.3%	906.4 MB	86.5 MB
1016	82/809f99	BGC_ANALYSIS:ANTISMASH_ANALYSIS:ANTISMASH (Pantoea_agglomerans_C-414)	COMPLETED	0	2026-08-28 19:30:41.898	2026-08-28 19:30:41.994	2026-08-28 19:31:07.280	23.4s	2	6 GB	742.5 MB	7.8 GB	124.8%	1.3%	853.2 MB	81.1 MB
1017	77/56d6d3	BGC_ANALYSIS:ANTISMASH_ANALYSIS:ANTISMASH (Pantoea_agglomerans_C-416)	COMPLETED	0	2026-08-28 19:30:43.067	2026-08-28 19:30:43.166	2026-08-28 19:31:08.437	23.3s	2	6 GB	811.5 MB	7.8 GB	124.9%	1.3%	857.2 MB	82 MB
1018	8b/d7ae76	BGC_ANALYSIS:ANTISMASH_ANALYSIS:ANTISMASH (Pantoea_agglomerans_C-421)	COMPLETED	0	2026-08-28 19:30:45.144	2026-08-28 19:30:45.241	2026-08-28 19:31:11.741	24.4s	2	6 GB	755.2 MB	7.8 GB	113.9%	1.3%	927.5 MB	84.7 MB
1019	ef/e2cecb	BGC_ANALYSIS:ANTISMASH_ANALYSIS:ANTISMASH (Pantoea_agglomerans_C-422)	COMPLETED	0	2026-08-28 19:31:01.305	2026-08-28 19:31:01.401	2026-08-28 19:31:26.959	23.6s	2	6 GB	819.5 MB	7.8 GB	124.2%	1.3%	899.2 MB	85.3 MB
1024	b1/124d1e	BGC_ANALYSIS:ANTISMASH_ANALYSIS:ANTISMASH (Pantoea_agglomerans_C4.1V)	COMPLETED	0	2026-08-28 19:31:06.748	2026-08-28 19:31:06.844	2026-08-28 19:31:32.185	23.5s	2	6 GB	805.1 MB	7.8 GB	124.9%	1.4%	888 MB	83.8 MB
1029	98/76350b	BGC_ANALYSIS:ANTISMASH_ANALYSIS:ANTISMASH (Pantoea_agglomerans_alfalfa124)	COMPLETED	0	2026-08-28 19:31:06.384	2026-08-28 19:31:06.480	2026-08-28 19:31:33.530	25.1s	2	6 GB	659.2 MB	7.7 GB	94.8%	1.0%	902.9 MB	72.4 MB
1020	4a/62a6de	BGC_ANALYSIS:ANTISMASH_ANALYSIS:ANTISMASH (Pantoea_agglomerans_C-5)	COMPLETED	0	2026-08-28 19:31:00.367	2026-08-28 19:31:00.463	2026-08-28 19:31:34.301	31.8s	2	6 GB	687.2 MB	7.8 GB	93.8%	1.2%	1.2 GB	90.7 MB
1025	70/36511b	BGC_ANALYSIS:ANTISMASH_ANALYSIS:ANTISMASH (Pantoea_agglomerans_GL_116)	COMPLETED	0	2026-08-28 19:31:11.748	2026-08-28 19:31:11.841	2026-08-28 19:31:38.570	24.6s	2	6 GB	798.2 MB	7.8 GB	120.5%	1.4%	897.5 MB	84.9 MB
1022	95/247412	BGC_ANALYSIS:ANTISMASH_ANALYSIS:ANTISMASH (Pantoea_agglomerans_C-88)	COMPLETED	0	2026-08-28 19:31:07.126	2026-08-28 19:31:07.223	2026-08-28 19:31:42.496	33.4s	2	6 GB	787.6 MB	7.8 GB	100.0%	1.3%	1.3 GB	97.5 MB
1021	4e/0f722d	BGC_ANALYSIS:ANTISMASH_ANALYSIS:ANTISMASH (Pantoea_agglomerans_C-8)	COMPLETED	0	2026-08-28 19:31:07.284	2026-08-28 19:31:07.380	2026-08-28 19:31:42.970	33.6s	2	6 GB	787.1 MB	7.8 GB	95.1%	1.3%	1.2 GB	93.3 MB
1023	ba/07d2ad	BGC_ANALYSIS:ANTISMASH_ANALYSIS:ANTISMASH (Pantoea_agglomerans_C-95)	COMPLETED	0	2026-08-28 19:31:08.441	2026-08-28 19:31:08.542	2026-08-28 19:31:47.139	36.7s	2	6 GB	742.1 MB	7.8 GB	95.1%	1.3%	1.4 GB	96.5 MB
1027	0d/f16de8	BGC_ANALYSIS:ANTISMASH_ANALYSIS:ANTISMASH (Pantoea_agglomerans_KH_008)	COMPLETED	0	2026-08-28 19:31:26.962	2026-08-28 19:31:27.059	2026-08-28 19:31:54.240	25.2s	2	6 GB	819 MB	7.8 GB	120.1%	1.3%	932.3 MB	87.6 MB
1028	c2/c183d9	BGC_ANALYSIS:ANTISMASH_ANALYSIS:ANTISMASH (Pantoea_agglomerans_KH_036)	COMPLETED	0	2026-08-28 19:31:33.533	2026-08-28 19:31:33.630	2026-08-28 19:32:00.975	25.4s	2	6 GB	780.8 MB	7.8 GB	124.7%	1.3%	888.4 MB	84.1 MB
1030	7a/ba0a6a	BGC_ANALYSIS:ANTISMASH_ANALYSIS:ANTISMASH (Pantoea_agglomerans_arugula112)	COMPLETED	0	2026-08-28 19:31:32.189	2026-08-28 19:31:32.286	2026-08-28 19:32:02.230	28.1s	2	6 GB	659.6 MB	7.7 GB	98.0%	1.1%	911.5 MB	75.5 MB
1031	1f/996ca6	BGC_ANALYSIS:ANTISMASH_ANALYSIS:ANTISMASH (Pantoea_allii_KH_010)	COMPLETED	0	2026-08-28 19:31:38.577	2026-08-28 19:31:38.671	2026-08-28 19:32:09.099	28.2s	2	6 GB	863.9 MB	7.9 GB	124.7%	1.4%	959.5 MB	90.7 MB
1043	7f/c5bd1d	BGC_ANALYSIS:ANTISMASH_ANALYSIS:ANTISMASH (Pantoea_ananatis_PP103)	COMPLETED	0	2026-08-28 19:31:42.974	2026-08-28 19:31:43.070	2026-08-28 19:32:10.609	25.2s	2	6 GB	809.4 MB	7.8 GB	121.9%	1.4%	848.2 MB	81.2 MB
1032	ee/0d634b	BGC_ANALYSIS:ANTISMASH_ANALYSIS:ANTISMASH (Pantoea_ananatis_AR358)	COMPLETED	0	2026-08-28 19:31:42.500	2026-08-28 19:31:42.596	2026-08-28 19:32:11.660	26.8s	2	6 GB	852.5 MB	7.9 GB	125.4%	1.4%	907 MB	86.2 MB
1034	e7/a8fcaa	BGC_ANALYSIS:ANTISMASH_ANALYSIS:ANTISMASH (Pantoea_ananatis_JEL0890)	COMPLETED	0	2026-08-28 19:31:47.143	2026-08-28 19:31:47.239	2026-08-28 19:32:14.725	25.2s	2	6 GB	834.2 MB	7.8 GB	124.3%	1.4%	882.3 MB	85.3 MB
1026	04/3691d3	BGC_ANALYSIS:ANTISMASH_ANALYSIS:ANTISMASH (Pantoea_agglomerans_HROM_Genome_4923)	COMPLETED	0	2026-08-28 19:31:34.305	2026-08-28 19:31:34.401	2026-08-28 19:32:15.728	39.5s	2	6 GB	496.2 MB	7.8 GB	100.8%	0.9%	1.4 GB	77.2 MB
1033	93/cad256	BGC_ANALYSIS:ANTISMASH_ANALYSIS:ANTISMASH (Pantoea_ananatis_JEL0889)	COMPLETED	0	2026-08-28 19:32:00.980	2026-08-28 19:32:01.075	2026-08-28 19:32:27.255	23.7s	2	6 GB	864.6 MB	7.9 GB	119.4%	1.4%	768 MB	83.5 MB
1039	6c/7feeec	BGC_ANALYSIS:ANTISMASH_ANALYSIS:ANTISMASH (Pantoea_ananatis_PP088)	COMPLETED	0	2026-08-28 19:32:11.664	2026-08-28 19:32:11.761	2026-08-28 19:32:42.154	28.2s	2	6 GB	856 MB	7.9 GB	121.8%	1.4%	888.9 MB	86.1 MB
1037	31/13eb25	BGC_ANALYSIS:ANTISMASH_ANALYSIS:ANTISMASH (Pantoea_ananatis_JEL0893)	COMPLETED	0	2026-08-28 19:32:10.613	2026-08-28 19:32:10.708	2026-08-28 19:32:42.967	30s	2	6 GB	725.6 MB	7.8 GB	113.9%	1.3%	963.8 MB	86.9 MB
1040	b8/913600	BGC_ANALYSIS:ANTISMASH_ANALYSIS:ANTISMASH (Pantoea_ananatis_PP092)	COMPLETED	0	2026-08-28 19:32:15.733	2026-08-28 19:32:15.829	2026-08-28 19:32:46.624	28.5s	2	6 GB	863.9 MB	7.9 GB	122.3%	1.4%	888.9 MB	86.1 MB
1038	a8/30683c	BGC_ANALYSIS:ANTISMASH_ANALYSIS:ANTISMASH (Pantoea_ananatis_NMPA19)	COMPLETED	0	2026-08-28 19:32:14.729	2026-08-28 19:32:14.825	2026-08-28 19:32:55.315	38.2s	2	6 GB	742.4 MB	7.8 GB	102.6%	1.3%	1.3 GB	91.5 MB
1036	4b/083980	BGC_ANALYSIS:ANTISMASH_ANALYSIS:ANTISMASH (Pantoea_ananatis_JEL0892)	COMPLETED	0	2026-08-28 19:32:09.104	2026-08-28 19:32:09.200	2026-08-28 19:33:08.729	57.3s	2	6 GB	4.8 GB	7.9 GB	122.3%	6.8%	9.4 GB	82.2 MB
1044	f9/af8054	BGC_ANALYSIS:ANTISMASH_ANALYSIS:ANTISMASH (Pantoea_ananatis_PP105)	COMPLETED	0	2026-08-28 19:31:54.246	2026-08-28 19:31:54.341	2026-08-28 19:33:09.420	1m 13s	2	6 GB	3.4 GB	7.8 GB	127.8%	3.3%	21.9 GB	85.3 MB
1045	18/b1f8c4	BGC_ANALYSIS:ANTISMASH_ANALYSIS:ANTISMASH (Pantoea_ananatis_ZJ1)	COMPLETED	0	2026-08-28 19:32:42.971	2026-08-28 19:32:43.068	2026-08-28 19:33:10.126	25s	2	6 GB	817 MB	7.8 GB	129.5%	1.3%	872.7 MB	83.1 MB
1047	18/6876ae	BGC_ANALYSIS:ANTISMASH_ANALYSIS:ANTISMASH (Pantoea_eucrina_IFST-01)	COMPLETED	0	2026-08-28 19:32:46.629	2026-08-28 19:32:46.724	2026-08-28 19:33:10.976	21.8s	2	6 GB	745.4 MB	7.8 GB	115.6%	1.3%	783.8 MB	70.6 MB
1035	1a/ac0e10	BGC_ANALYSIS:ANTISMASH_ANALYSIS:ANTISMASH (Pantoea_ananatis_JEL0891)	COMPLETED	0	2026-08-28 19:32:02.235	2026-08-28 19:32:02.330	2026-08-28 19:33:11.925	1m 7s	2	6 GB	4.8 GB	7.8 GB	113.3%	8.2%	9.7 GB	94.4 MB
1041	15/f6166b	BGC_ANALYSIS:ANTISMASH_ANALYSIS:ANTISMASH (Pantoea_ananatis_PP094-PanT1S3)	COMPLETED	0	2026-08-28 19:32:27.260	2026-08-28 19:32:27.355	2026-08-28 19:33:31.881	1m 2s	2	6 GB	4.7 GB	7.8 GB	108.6%	5.5%	7.8 GB	101.3 MB
1061	9f/0009f0	BGC_ANALYSIS:ANTISMASH_ANALYSIS:ANTISMASH (Pantoea_stewartii_subsp._indologenes_CG3)	COMPLETED	0	2026-08-28 19:33:10.981	2026-08-28 19:33:11.076	2026-08-28 19:33:36.405	23.4s	2	6 GB	803.9 MB	7.8 GB	126.1%	1.4%	876 MB	82.6 MB
1049	b1/35ce56	BGC_ANALYSIS:ANTISMASH_ANALYSIS:ANTISMASH (Pantoea_sp._ABR1s)	COMPLETED	0	2026-08-28 19:33:10.131	2026-08-28 19:33:10.226	2026-08-28 19:33:37.376	25.2s	2	6 GB	809.9 MB	7.8 GB	123.8%	1.3%	932.4 MB	87.1 MB
1042	6c/c76ad4	BGC_ANALYSIS:ANTISMASH_ANALYSIS:ANTISMASH (Pantoea_ananatis_PP099-PanT13S3)	COMPLETED	0	2026-08-28 19:32:42.158	2026-08-28 19:32:42.254	2026-08-28 19:33:40.711	56.2s	2	6 GB	4.8 GB	7.8 GB	126.1%	8.2%	14.4 GB	82.5 MB
1048	63/8ea9b4	BGC_ANALYSIS:ANTISMASH_ANALYSIS:ANTISMASH (Pantoea_phytostimulans_TS1)	COMPLETED	0	2026-08-28 19:33:08.733	2026-08-28 19:33:08.830	2026-08-28 19:33:44.383	33.7s	2	6 GB	727.2 MB	7.8 GB	93.7%	1.3%	1.2 GB	94.1 MB
1046	34/5274f5	BGC_ANALYSIS:ANTISMASH_ANALYSIS:ANTISMASH (Pantoea_dispersa_PD8)	COMPLETED	0	2026-08-28 19:32:55.321	2026-08-28 19:32:55.415	2026-08-28 19:33:44.872	47.1s	2	6 GB	751.3 MB	7.8 GB	95.0%	1.3%	1.9 GB	112.7 MB
1062	d4/cbccfc	BGC_ANALYSIS:ANTISMASH_ANALYSIS:ANTISMASH (Pantoea_stewartii_subsp._indologenes_CG4)	COMPLETED	0	2026-08-28 19:33:31.886	2026-08-28 19:33:31.981	2026-08-28 19:33:56.960	23.1s	2	6 GB	790.3 MB	7.8 GB	124.7%	1.3%	875.1 MB	82.5 MB
1051	17/d57892	BGC_ANALYSIS:ANTISMASH_ANALYSIS:ANTISMASH (Pantoea_sp._CFCC18179)	COMPLETED	0	2026-08-28 19:33:11.929	2026-08-28 19:33:12.025	2026-08-28 19:33:57.943	44s	2	6 GB	800.4 MB	7.8 GB	93.8%	1.3%	1.7 GB	109.4 MB
1050	d1/1e3cef	BGC_ANALYSIS:ANTISMASH_ANALYSIS:ANTISMASH (Pantoea_sp._CFCC18177)	COMPLETED	0	2026-08-28 19:33:09.424	2026-08-28 19:33:09.520	2026-08-28 19:33:59.709	48.3s	2	6 GB	751.4 MB	7.8 GB	93.2%	1.3%	2 GB	120.7 MB
1053	6c/d24113	BGC_ANALYSIS:ANTISMASH_ANALYSIS:ANTISMASH (Pantoea_sp._MT58_2)	COMPLETED	0	2026-08-28 19:33:37.380	2026-08-28 19:33:37.476	2026-08-28 19:34:02.236	22.9s	2	6 GB	775.6 MB	7.8 GB	127.1%	1.3%	863 MB	80.9 MB
1052	38/e064e2	BGC_ANALYSIS:ANTISMASH_ANALYSIS:ANTISMASH (Pantoea_sp._GW821-FHT03E06)	COMPLETED	0	2026-08-28 19:33:36.408	2026-08-28 19:33:36.505	2026-08-28 19:34:02.599	24.2s	2	6 GB	814.8 MB	7.8 GB	125.0%	1.3%	914.6 MB	87.9 MB
1056	e5/fce384	BGC_ANALYSIS:ANTISMASH_ANALYSIS:ANTISMASH (Pantoea_sp._beansprout119)	COMPLETED	0	2026-08-28 19:33:44.876	2026-08-28 19:33:44.973	2026-08-28 19:34:09.191	22s	2	6 GB	718.2 MB	7.8 GB	114.6%	1.3%	822.1 MB	74.9 MB
1055	37/a2ba1c	BGC_ANALYSIS:ANTISMASH_ANALYSIS:ANTISMASH (Pantoea_sp._beansprout11)	COMPLETED	0	2026-08-28 19:33:44.387	2026-08-28 19:33:44.484	2026-08-28 19:34:11.615	25s	2	6 GB	676.3 MB	7.7 GB	109.0%	1.2%	906.5 MB	81.6 MB
1057	64/2afbcd	BGC_ANALYSIS:ANTISMASH_ANALYSIS:ANTISMASH (Pantoea_sp._beansprout122)	COMPLETED	0	2026-08-28 19:33:56.964	2026-08-28 19:33:57.060	2026-08-28 19:34:21.944	23.1s	2	6 GB	712.8 MB	7.8 GB	107.8%	1.2%	911 MB	76.9 MB
1060	d8/ddea1d	BGC_ANALYSIS:ANTISMASH_ANALYSIS:ANTISMASH (Pantoea_stewartii_subsp._indologenes_CG1)	COMPLETED	0	2026-08-28 19:34:02.240	2026-08-28 19:34:02.336	2026-08-28 19:34:27.823	23.3s	2	6 GB	815.2 MB	7.8 GB	125.6%	1.4%	932.3 MB	83.7 MB
1058	7a/668f84	BGC_ANALYSIS:ANTISMASH_ANALYSIS:ANTISMASH (Pantoea_sp._beansprout19)	COMPLETED	0	2026-08-28 19:33:57.946	2026-08-28 19:33:58.043	2026-08-28 19:34:29.596	29.8s	2	6 GB	676.4 MB	7.7 GB	96.2%	1.2%	1.1 GB	86.5 MB
1064	fa/cb3f78	BGC_ANALYSIS:ANTISMASH_ANALYSIS:ANTISMASH (Pantoea_agglomerans_11-85)	COMPLETED	0	2026-08-28 19:34:02.603	2026-08-28 19:34:02.699	2026-08-28 19:34:50.674	45.8s	2	6 GB	788.2 MB	7.8 GB	94.6%	1.3%	2 GB	114.4 MB
1075	2f/33b796	BGC_ANALYSIS:ANTISMASH_ANALYSIS:ANTISMASH (Pantoea_agglomerans_20GA0030)	COMPLETED	0	2026-08-28 19:34:11.619	2026-08-28 19:34:11.714	2026-08-28 19:34:51.549	37.8s	2	6 GB	713.1 MB	7.8 GB	94.8%	1.2%	1.5 GB	100.9 MB
1070	5a/686f33	BGC_ANALYSIS:ANTISMASH_ANALYSIS:ANTISMASH (Pantoea_agglomerans_20CO004)	COMPLETED	0	2026-08-28 19:34:21.949	2026-08-28 19:34:22.044	2026-08-28 19:34:54.941	30.8s	2	6 GB	743.2 MB	7.8 GB	99.3%	1.2%	1.1 GB	89.5 MB
1054	d4/d00fea	BGC_ANALYSIS:ANTISMASH_ANALYSIS:ANTISMASH (Pantoea_sp._RCC30.1)	COMPLETED	0	2026-08-28 19:33:40.714	2026-08-28 19:33:40.811	2026-08-28 19:35:04.633	1m 22s	2	6 GB	4.6 GB	7.7 GB	110.4%	4.7%	12.5 GB	103.8 MB
1063	ab/7d1f3a	BGC_ANALYSIS:ANTISMASH_ANALYSIS:ANTISMASH (Pantoea_agglomerans_09-63_1A)	COMPLETED	0	2026-08-28 19:34:09.194	2026-08-28 19:34:09.291	2026-08-28 19:35:24.889	1m 13s	2	6 GB	4.8 GB	8.2 GB	116.0%	5.1%	19.5 GB	96.8 MB
1068	16/3eeb1a	BGC_ANALYSIS:ANTISMASH_ANALYSIS:ANTISMASH (Pantoea_agglomerans_20CA0147)	COMPLETED	0	2026-08-28 19:34:54.945	2026-08-28 19:34:55.041	2026-08-28 19:35:28.903	31.6s	2	6 GB	720.2 MB	7.8 GB	98.0%	1.3%	1 GB	86.7 MB
1071	42/f65737	BGC_ANALYSIS:ANTISMASH_ANALYSIS:ANTISMASH (Pantoea_agglomerans_20CO064)	COMPLETED	0	2026-08-28 19:34:51.553	2026-08-28 19:34:51.649	2026-08-28 19:35:30.728	37.1s	2	6 GB	733.4 MB	7.8 GB	96.2%	1.3%	1.3 GB	96.8 MB
1065	39/2dd7cf	BGC_ANALYSIS:ANTISMASH_ANALYSIS:ANTISMASH (Pantoea_agglomerans_20CA0026)	COMPLETED	0	2026-08-28 19:34:27.828	2026-08-28 19:34:27.923	2026-08-28 19:35:50.093	1m 20s	2	6 GB	4.7 GB	7.8 GB	114.1%	7.5%	19.8 GB	103.1 MB
1066	bf/f20d06	BGC_ANALYSIS:ANTISMASH_ANALYSIS:ANTISMASH (Pantoea_agglomerans_20CA0031)	COMPLETED	0	2026-08-28 19:34:29.600	2026-08-28 19:34:29.696	2026-08-28 19:35:52.442	1m 21s	2	6 GB	4.8 GB	7.9 GB	114.0%	5.6%	19.8 GB	104.1 MB
1069	86/e32cd6	BGC_ANALYSIS:ANTISMASH_ANALYSIS:ANTISMASH (Pantoea_agglomerans_20CA0153)	COMPLETED	0	2026-08-28 19:35:24.893	2026-08-28 19:35:24.989	2026-08-28 19:36:00.153	32.9s	2	6 GB	722.2 MB	7.8 GB	95.8%	1.3%	1.2 GB	91.2 MB
1073	53/f82e78	BGC_ANALYSIS:ANTISMASH_ANALYSIS:ANTISMASH (Pantoea_agglomerans_20CO093)	COMPLETED	0	2026-08-28 19:35:28.907	2026-08-28 19:35:29.004	2026-08-28 19:36:09.479	38.6s	2	6 GB	719.4 MB	7.8 GB	95.4%	1.2%	1.5 GB	100.7 MB
1077	4c/eefc04	BGC_ANALYSIS:ANTISMASH_ANALYSIS:ANTISMASH (Pantoea_agglomerans_20GA0400)	COMPLETED	0	2026-08-28 19:34:50.678	2026-08-28 19:34:50.774	2026-08-28 19:36:14.770	1m 22s	2	6 GB	4.8 GB	7.8 GB	114.2%	5.6%	20 GB	108.9 MB
1067	a3/039db4	BGC_ANALYSIS:ANTISMASH_ANALYSIS:ANTISMASH (Pantoea_agglomerans_20CA0041)	COMPLETED	0	2026-08-28 19:35:04.639	2026-08-28 19:35:04.733	2026-08-28 19:36:21.725	1m 15s	2	6 GB	4.8 GB	7.8 GB	114.9%	7.9%	19.6 GB	99 MB
1072	a4/b0a939	BGC_ANALYSIS:ANTISMASH_ANALYSIS:ANTISMASH (Pantoea_agglomerans_20CO076)	COMPLETED	0	2026-08-28 19:35:52.458	2026-08-28 19:35:52.542	2026-08-28 19:36:35.107	40.5s	2	6 GB	779.7 MB	7.8 GB	97.2%	1.3%	1.6 GB	103.2 MB
1076	34/64a465	BGC_ANALYSIS:ANTISMASH_ANALYSIS:ANTISMASH (Pantoea_agglomerans_20GA0109)	COMPLETED	0	2026-08-28 19:35:30.732	2026-08-28 19:35:30.828	2026-08-28 19:36:37.206	1m 4s	2	6 GB	4.8 GB	8.2 GB	130.0%	6.5%	19.1 GB	84.3 MB
1078	88/605b4a	BGC_ANALYSIS:ANTISMASH_ANALYSIS:ANTISMASH (Pantoea_agglomerans_20ID0049)	COMPLETED	0	2026-08-28 19:36:00.158	2026-08-28 19:36:00.254	2026-08-28 19:36:42.765	40.2s	2	6 GB	730.9 MB	7.8 GB	95.6%	1.2%	1.6 GB	102.5 MB
1081	dd/b0130f	BGC_ANALYSIS:ANTISMASH_ANALYSIS:ANTISMASH (Pantoea_agglomerans_20ID0121)	COMPLETED	0	2026-08-28 19:36:09.483	2026-08-28 19:36:09.579	2026-08-28 19:36:49.259	37.7s	2	6 GB	705.3 MB	7.8 GB	94.9%	1.2%	1.4 GB	98.2 MB
1059	86/63feaa	BGC_ANALYSIS:ANTISMASH_ANALYSIS:ANTISMASH (Pantoea_sp._isolate9_meta_2_35)	COMPLETED	0	2026-08-28 19:33:59.713	2026-08-28 19:33:59.809	2026-08-28 19:36:52.918	2m 51s	2	6 GB	707.3 MB	7.8 GB	102.7%	1.3%	9.8 GB	297.5 MB
1080	3e/d75cf4	BGC_ANALYSIS:ANTISMASH_ANALYSIS:ANTISMASH (Pantoea_agglomerans_20ID0101)	COMPLETED	0	2026-08-28 19:36:21.730	2026-08-28 19:36:21.825	2026-08-28 19:36:58.482	34.3s	2	6 GB	709.8 MB	7.8 GB	95.3%	1.2%	1.2 GB	91.8 MB
1074	d7/bff5ed	BGC_ANALYSIS:ANTISMASH_ANALYSIS:ANTISMASH (Pantoea_agglomerans_20GA0021)	COMPLETED	0	2026-08-28 19:35:50.098	2026-08-28 19:35:50.193	2026-08-28 19:37:04.484	1m 12s	2	6 GB	4.7 GB	7.8 GB	112.3%	4.5%	16.9 GB	97.2 MB
1079	f9/022532	BGC_ANALYSIS:ANTISMASH_ANALYSIS:ANTISMASH (Pantoea_agglomerans_20ID0094)	COMPLETED	0	2026-08-28 19:36:35.111	2026-08-28 19:36:35.207	2026-08-28 19:37:14.665	37.4s	2	6 GB	725.2 MB	7.8 GB	96.1%	1.2%	1.4 GB	97.5 MB
1082	6a/5bb813	BGC_ANALYSIS:ANTISMASH_ANALYSIS:ANTISMASH (Pantoea_agglomerans_20ID0192)	COMPLETED	0	2026-08-28 19:36:37.210	2026-08-28 19:36:37.307	2026-08-28 19:37:21.278	42s	2	6 GB	723.8 MB	7.8 GB	95.1%	1.2%	1.7 GB	105.2 MB
1084	ae/033069	BGC_ANALYSIS:ANTISMASH_ANALYSIS:ANTISMASH (Pantoea_agglomerans_20NY0317)	COMPLETED	0	2026-08-28 19:36:42.770	2026-08-28 19:36:42.865	2026-08-28 19:37:25.734	40.5s	2	6 GB	752.8 MB	7.8 GB	95.2%	1.3%	1.6 GB	102.6 MB
1083	01/654aa7	BGC_ANALYSIS:ANTISMASH_ANALYSIS:ANTISMASH (Pantoea_agglomerans_20NY0155)	COMPLETED	0	2026-08-28 19:36:49.263	2026-08-28 19:36:49.360	2026-08-28 19:37:28.447	36.6s	2	6 GB	711.2 MB	7.8 GB	93.6%	1.2%	1.4 GB	96.1 MB
1086	2c/69b536	BGC_ANALYSIS:ANTISMASH_ANALYSIS:ANTISMASH (Pantoea_agglomerans_20OR0062)	COMPLETED	0	2026-08-28 19:36:52.923	2026-08-28 19:36:53.018	2026-08-28 19:37:31.176	35.8s	2	6 GB	723.4 MB	7.8 GB	95.5%	1.2%	1.3 GB	97 MB
1090	d8/0803e1	BGC_ANALYSIS:ANTISMASH_ANALYSIS:ANTISMASH (Pantoea_agglomerans_20PA0330)	COMPLETED	0	2026-08-28 19:36:14.774	2026-08-28 19:36:14.870	2026-08-28 19:37:40.015	1m 23s	2	6 GB	4.8 GB	7.8 GB	116.0%	5.2%	23.9 GB	102.3 MB
1085	00/9b0111	BGC_ANALYSIS:ANTISMASH_ANALYSIS:ANTISMASH (Pantoea_agglomerans_20OR0051)	COMPLETED	0	2026-08-28 19:36:58.487	2026-08-28 19:36:58.582	2026-08-28 19:37:40.877	39.9s	2	6 GB	753.3 MB	7.8 GB	95.2%	1.3%	1.6 GB	102.1 MB
1088	c4/08871e	BGC_ANALYSIS:ANTISMASH_ANALYSIS:ANTISMASH (Pantoea_agglomerans_20PA0047)	COMPLETED	0	2026-08-28 19:37:14.669	2026-08-28 19:37:14.765	2026-08-28 19:37:54.888	38s	2	6 GB	694.3 MB	7.8 GB	93.8%	1.2%	1.4 GB	97.7 MB
1089	e4/072a9e	BGC_ANALYSIS:ANTISMASH_ANALYSIS:ANTISMASH (Pantoea_agglomerans_20PA0287)	COMPLETED	0	2026-08-28 19:37:21.282	2026-08-28 19:37:21.378	2026-08-28 19:38:02.874	39.5s	2	6 GB	714 MB	7.8 GB	94.8%	1.2%	1.5 GB	100.4 MB
1091	bb/7245e4	BGC_ANALYSIS:ANTISMASH_ANALYSIS:ANTISMASH (Pantoea_agglomerans_20PA0499)	COMPLETED	0	2026-08-28 19:37:25.738	2026-08-28 19:37:25.834	2026-08-28 19:38:10.099	42.4s	2	6 GB	716.9 MB	7.8 GB	94.9%	1.2%	1.6 GB	103.1 MB
1092	a2/7166a5	BGC_ANALYSIS:ANTISMASH_ANALYSIS:ANTISMASH (Pantoea_agglomerans_20TX0031)	COMPLETED	0	2026-08-28 19:37:28.451	2026-08-28 19:37:28.547	2026-08-28 19:38:18.231	47.5s	2	6 GB	789.7 MB	7.8 GB	95.9%	1.3%	2 GB	111.8 MB
1104	27/f82b10	BGC_ANALYSIS:ANTISMASH_ANALYSIS:ANTISMASH (Pantoea_agglomerans_20WA0189)	COMPLETED	0	2026-08-28 19:37:40.019	2026-08-28 19:37:40.115	2026-08-28 19:38:22.677	40.3s	2	6 GB	679 MB	7.7 GB	95.7%	1.2%	1.5 GB	100.7 MB
1096	25/191b10	BGC_ANALYSIS:ANTISMASH_ANALYSIS:ANTISMASH (Pantoea_agglomerans_20TX0132)	COMPLETED	0	2026-08-28 19:37:40.881	2026-08-28 19:37:40.977	2026-08-28 19:38:24.113	40.9s	2	6 GB	705.7 MB	7.8 GB	94.4%	1.2%	1.6 GB	101.6 MB
1087	ae/c2d1d3	BGC_ANALYSIS:ANTISMASH_ANALYSIS:ANTISMASH (Pantoea_agglomerans_20PA0025)	COMPLETED	0	2026-08-28 19:37:04.488	2026-08-28 19:37:04.585	2026-08-28 19:38:28.190	1m 21s	2	6 GB	4.8 GB	7.8 GB	113.5%	5.6%	19.9 GB	106.3 MB
1097	bc/abdc01	BGC_ANALYSIS:ANTISMASH_ANALYSIS:ANTISMASH (Pantoea_agglomerans_20UT001)	COMPLETED	0	2026-08-28 19:38:10.107	2026-08-28 19:38:10.199	2026-08-28 19:38:49.479	37.1s	2	6 GB	700 MB	7.8 GB	97.1%	1.3%	1.2 GB	92.5 MB
1093	65/f4ffe2	BGC_ANALYSIS:ANTISMASH_ANALYSIS:ANTISMASH (Pantoea_agglomerans_20TX0122_2)	COMPLETED	0	2026-08-28 19:37:31.180	2026-08-28 19:37:31.276	2026-08-28 19:39:03.222	1m 30s	2	6 GB	4.8 GB	8.2 GB	111.8%	7.6%	20.1 GB	112.6 MB
1099	3e/acfc1a	BGC_ANALYSIS:ANTISMASH_ANALYSIS:ANTISMASH (Pantoea_agglomerans_20UT007)	COMPLETED	0	2026-08-28 19:38:18.236	2026-08-28 19:38:18.331	2026-08-28 19:39:03.260	42.5s	2	6 GB	702.7 MB	7.8 GB	97.5%	1.3%	1.5 GB	99.9 MB
1101	ef/3344b7	BGC_ANALYSIS:ANTISMASH_ANALYSIS:ANTISMASH (Pantoea_agglomerans_20UT092)	COMPLETED	0	2026-08-28 19:38:28.194	2026-08-28 19:38:28.290	2026-08-28 19:39:04.576	34.1s	2	6 GB	736.6 MB	7.8 GB	103.4%	1.3%	1.2 GB	94.7 MB
1098	31/891d44	BGC_ANALYSIS:ANTISMASH_ANALYSIS:ANTISMASH (Pantoea_agglomerans_20UT005)	COMPLETED	0	2026-08-28 19:38:22.683	2026-08-28 19:38:22.777	2026-08-28 19:39:05.307	40.2s	2	6 GB	677.6 MB	7.7 GB	94.9%	1.2%	1.4 GB	95.9 MB
1095	a9/06ef67	BGC_ANALYSIS:ANTISMASH_ANALYSIS:ANTISMASH (Pantoea_agglomerans_20TX0125)	COMPLETED	0	2026-08-28 19:37:54.894	2026-08-28 19:37:54.988	2026-08-28 19:39:24.559	1m 27s	2	6 GB	4.7 GB	7.8 GB	112.8%	5.6%	20 GB	109.5 MB
1094	aa/4f09f1	BGC_ANALYSIS:ANTISMASH_ANALYSIS:ANTISMASH (Pantoea_agglomerans_20TX0124)	COMPLETED	0	2026-08-28 19:38:02.880	2026-08-28 19:38:02.974	2026-08-28 19:39:43.995	1m 39s	2	6 GB	4.7 GB	7.8 GB	111.6%	6.8%	20.6 GB	125.1 MB
1108	95/50ca83	BGC_ANALYSIS:ANTISMASH_ANALYSIS:ANTISMASH (Pantoea_agglomerans_21CO001)	COMPLETED	0	2026-08-28 19:39:05.311	2026-08-28 19:39:05.407	2026-08-28 19:39:45.411	37.6s	2	6 GB	703.1 MB	7.8 GB	96.1%	1.3%	1.3 GB	93.9 MB
1105	e6/ca3c58	BGC_ANALYSIS:ANTISMASH_ANALYSIS:ANTISMASH (Pantoea_agglomerans_20WA0256)	COMPLETED	0	2026-08-28 19:39:03.263	2026-08-28 19:39:03.360	2026-08-28 19:39:45.606	40.2s	2	6 GB	712.2 MB	7.8 GB	95.4%	1.3%	1.4 GB	98.2 MB
1100	ba/c1e2ab	BGC_ANALYSIS:ANTISMASH_ANALYSIS:ANTISMASH (Pantoea_agglomerans_20UT061)	COMPLETED	0	2026-08-28 19:38:24.117	2026-08-28 19:38:24.213	2026-08-28 19:39:50.491	1m 23s	2	6 GB	4.7 GB	7.7 GB	114.8%	7.2%	19.8 GB	102.3 MB
1106	0a/a494f5	BGC_ANALYSIS:ANTISMASH_ANALYSIS:ANTISMASH (Pantoea_agglomerans_21CA0219)	COMPLETED	0	2026-08-28 19:39:04.580	2026-08-28 19:39:04.676	2026-08-28 19:39:50.566	43.6s	2	6 GB	715 MB	7.8 GB	95.2%	1.3%	1.6 GB	105.1 MB
1102	69/3d388e	BGC_ANALYSIS:ANTISMASH_ANALYSIS:ANTISMASH (Pantoea_agglomerans_20UT132)	COMPLETED	0	2026-08-28 19:38:49.485	2026-08-28 19:38:49.579	2026-08-28 19:40:07.333	1m 15s	2	6 GB	4.7 GB	7.7 GB	112.2%	6.0%	15.9 GB	96.6 MB
1111	e2/b3c4c2	BGC_ANALYSIS:ANTISMASH_ANALYSIS:ANTISMASH (Pantoea_agglomerans_21ID0148)	COMPLETED	0	2026-08-28 19:39:45.610	2026-08-28 19:39:45.707	2026-08-28 19:40:29.143	40.9s	2	6 GB	674 MB	7.7 GB	95.7%	1.2%	1.5 GB	99.4 MB
1112	61/908757	BGC_ANALYSIS:ANTISMASH_ANALYSIS:ANTISMASH (Pantoea_agglomerans_21ID0185)	COMPLETED	0	2026-08-28 19:39:50.495	2026-08-28 19:39:50.566	2026-08-28 19:40:31.501	38.6s	2	6 GB	687.7 MB	7.7 GB	96.2%	1.2%	1.4 GB	96.3 MB
1103	50/eca6f1	BGC_ANALYSIS:ANTISMASH_ANALYSIS:ANTISMASH (Pantoea_agglomerans_20WA0188)	COMPLETED	0	2026-08-28 19:39:03.229	2026-08-28 19:39:03.260	2026-08-28 19:40:31.943	1m 27s	2	6 GB	4.8 GB	8.1 GB	112.6%	7.0%	19.9 GB	107.3 MB
1107	da/4c6dae	BGC_ANALYSIS:ANTISMASH_ANALYSIS:ANTISMASH (Pantoea_agglomerans_21CA0223)	COMPLETED	0	2026-08-28 19:39:24.564	2026-08-28 19:39:24.659	2026-08-28 19:40:46.587	1m 20s	2	6 GB	4.8 GB	7.8 GB	111.6%	8.1%	17 GB	101.4 MB
1113	71/fc57c4	BGC_ANALYSIS:ANTISMASH_ANALYSIS:ANTISMASH (Pantoea_agglomerans_21NY0094)	COMPLETED	0	2026-08-28 19:40:07.342	2026-08-28 19:40:07.433	2026-08-28 19:40:47.758	37.8s	2	6 GB	672.4 MB	7.7 GB	97.3%	1.1%	1.3 GB	94.9 MB
1109	8f/81cabc	BGC_ANALYSIS:ANTISMASH_ANALYSIS:ANTISMASH (Pantoea_agglomerans_21CO122)	COMPLETED	0	2026-08-28 19:39:44.000	2026-08-28 19:39:44.095	2026-08-28 19:41:02.347	1m 16s	2	6 GB	4.8 GB	8.1 GB	110.9%	3.5%	14.2 GB	102.6 MB
1115	9b/c1ab22	BGC_ANALYSIS:ANTISMASH_ANALYSIS:ANTISMASH (Pantoea_agglomerans_21OR0142)	COMPLETED	0	2026-08-28 19:40:29.148	2026-08-28 19:40:29.243	2026-08-28 19:41:11.692	40.5s	2	6 GB	687.4 MB	7.7 GB	96.5%	1.2%	1.5 GB	100.9 MB
1110	99/7766ef	BGC_ANALYSIS:ANTISMASH_ANALYSIS:ANTISMASH (Pantoea_agglomerans_21GA0608)	COMPLETED	0	2026-08-28 19:39:45.414	2026-08-28 19:39:45.510	2026-08-28 19:41:12.549	1m 25s	2	6 GB	4.8 GB	7.8 GB	113.0%	8.0%	19.8 GB	103.5 MB
1114	e5/7590a6	BGC_ANALYSIS:ANTISMASH_ANALYSIS:ANTISMASH (Pantoea_agglomerans_21NY0253)	COMPLETED	0	2026-08-28 19:39:50.569	2026-08-28 19:39:50.666	2026-08-28 19:41:18.193	1m 25s	2	6 GB	4.8 GB	8.1 GB	116.3%	6.9%	23.5 GB	102.7 MB
1117	15/59fe55	BGC_ANALYSIS:ANTISMASH_ANALYSIS:ANTISMASH (Pantoea_agglomerans_21TX0002)	COMPLETED	0	2026-08-28 19:40:46.590	2026-08-28 19:40:46.688	2026-08-28 19:41:27.210	38.3s	2	6 GB	711.8 MB	7.8 GB	96.0%	1.3%	1.4 GB	97 MB
1118	a9/eeb936	BGC_ANALYSIS:ANTISMASH_ANALYSIS:ANTISMASH (Pantoea_agglomerans_21TX0196)	COMPLETED	0	2026-08-28 19:40:47.762	2026-08-28 19:40:47.858	2026-08-28 19:41:34.373	44.3s	2	6 GB	696.1 MB	7.8 GB	95.5%	1.2%	1.7 GB	107.6 MB
1119	d1/19b222	BGC_ANALYSIS:ANTISMASH_ANALYSIS:ANTISMASH (Pantoea_agglomerans_21UT177)	COMPLETED	0	2026-08-28 19:41:02.352	2026-08-28 19:41:02.447	2026-08-28 19:41:44.829	40.3s	2	6 GB	707 MB	7.8 GB	94.5%	1.3%	1.5 GB	101.1 MB
1121	d7/fde5bc	BGC_ANALYSIS:ANTISMASH_ANALYSIS:ANTISMASH (Pantoea_agglomerans_21WA0027)	COMPLETED	0	2026-08-28 19:41:11.696	2026-08-28 19:41:11.792	2026-08-28 19:41:51.746	37.9s	2	6 GB	714.3 MB	7.8 GB	95.8%	1.3%	1.4 GB	97.2 MB
1116	32/917680	BGC_ANALYSIS:ANTISMASH_ANALYSIS:ANTISMASH (Pantoea_agglomerans_21PA0045)	COMPLETED	0	2026-08-28 19:40:31.505	2026-08-28 19:40:31.601	2026-08-28 19:41:56.588	1m 23s	2	6 GB	4.8 GB	8.1 GB	114.3%	5.5%	19.8 GB	105.6 MB
1123	20/38fa13	BGC_ANALYSIS:ANTISMASH_ANALYSIS:ANTISMASH (Pantoea_agglomerans_21WA0054)	COMPLETED	0	2026-08-28 19:41:18.197	2026-08-28 19:41:18.294	2026-08-28 19:41:58.046	37.1s	2	6 GB	660.7 MB	7.7 GB	98.1%	1.1%	1.3 GB	93.2 MB
1126	b2/684768	BGC_ANALYSIS:ANTISMASH_ANALYSIS:ANTISMASH (Pantoea_agglomerans_BD1274-3)	COMPLETED	0	2026-08-28 19:40:31.946	2026-08-28 19:40:32.043	2026-08-28 19:41:59.052	1m 25s	2	6 GB	4.7 GB	7.8 GB	114.2%	7.3%	20 GB	107.8 MB
1122	59/a5d543	BGC_ANALYSIS:ANTISMASH_ANALYSIS:ANTISMASH (Pantoea_agglomerans_21WA0051)	COMPLETED	0	2026-08-28 19:41:27.214	2026-08-28 19:41:27.310	2026-08-28 19:42:06.923	37.4s	2	6 GB	686.9 MB	7.8 GB	94.8%	1.1%	1.4 GB	95.6 MB
1124	81/2394ed	BGC_ANALYSIS:ANTISMASH_ANALYSIS:ANTISMASH (Pantoea_agglomerans_57a)	COMPLETED	0	2026-08-28 19:41:34.378	2026-08-28 19:41:34.474	2026-08-28 19:42:07.716	31s	2	6 GB	694.5 MB	7.8 GB	97.6%	1.2%	1 GB	84 MB
1127	1b/27939e	BGC_ANALYSIS:ANTISMASH_ANALYSIS:ANTISMASH (Pantoea_agglomerans_BT38)	COMPLETED	0	2026-08-28 19:41:51.752	2026-08-28 19:41:51.846	2026-08-28 19:42:27.330	32.9s	2	6 GB	776.9 MB	7.8 GB	97.1%	1.3%	1.1 GB	88.8 MB
1125	50/af826c	BGC_ANALYSIS:ANTISMASH_ANALYSIS:ANTISMASH (Pantoea_agglomerans_BCC0383)	COMPLETED	0	2026-08-28 19:41:44.832	2026-08-28 19:41:44.929	2026-08-28 19:42:32.636	45.3s	2	6 GB	689.2 MB	7.8 GB	95.2%	1.2%	1.7 GB	105.1 MB
1120	a5/17cb0d	BGC_ANALYSIS:ANTISMASH_ANALYSIS:ANTISMASH (Pantoea_agglomerans_21UT179)	COMPLETED	0	2026-08-28 19:41:12.553	2026-08-28 19:41:12.649	2026-08-28 19:42:35.262	1m 20s	2	6 GB	4.8 GB	8 GB	112.1%	4.4%	18.3 GB	105.5 MB
1131	6a/e16ee5	BGC_ANALYSIS:ANTISMASH_ANALYSIS:ANTISMASH (Pantoea_agglomerans_PNG_01-1)	COMPLETED	0	2026-08-28 19:42:07.721	2026-08-28 19:42:07.817	2026-08-28 19:42:40.087	30.1s	2	6 GB	699.3 MB	7.7 GB	104.2%	1.2%	1.1 GB	90.5 MB
1128	f8/a46c12	BGC_ANALYSIS:ANTISMASH_ANALYSIS:ANTISMASH (Pantoea_agglomerans_CV158)	COMPLETED	0	2026-08-28 19:41:59.055	2026-08-28 19:41:59.152	2026-08-28 19:42:40.754	39.4s	2	6 GB	669.7 MB	7.7 GB	95.1%	1.2%	1.6 GB	101.6 MB
1130	61/eaeadd	BGC_ANALYSIS:ANTISMASH_ANALYSIS:ANTISMASH (Pantoea_agglomerans_MR11)	COMPLETED	0	2026-08-28 19:42:06.927	2026-08-28 19:42:07.023	2026-08-28 19:42:43.672	34.4s	2	6 GB	736.6 MB	7.8 GB	99.7%	1.3%	1.2 GB	91.8 MB
1138	3c/cfbb31	BGC_ANALYSIS:ANTISMASH_ANALYSIS:ANTISMASH (Pantoea_allii_21GA0466)	COMPLETED	0	2026-08-28 19:41:58.050	2026-08-28 19:41:58.147	2026-08-28 19:43:09.639	1m 9s	2	6 GB	4.7 GB	7.8 GB	106.2%	3.4%	11.7 GB	104.9 MB
1134	8c/fad1bd	BGC_ANALYSIS:ANTISMASH_ANALYSIS:ANTISMASH (Pantoea_agglomerans_ST12.14_393)	COMPLETED	0	2026-08-28 19:42:40.091	2026-08-28 19:42:40.187	2026-08-28 19:43:17.217	34.9s	2	6 GB	729.5 MB	7.8 GB	96.2%	1.3%	1.2 GB	91.3 MB
1135	6d/befa4a	BGC_ANALYSIS:ANTISMASH_ANALYSIS:ANTISMASH (Pantoea_agglomerans_ST14.12_094)	COMPLETED	0	2026-08-28 19:42:40.758	2026-08-28 19:42:40.854	2026-08-28 19:43:23.817	40.8s	2	6 GB	731.1 MB	7.8 GB	95.7%	1.3%	1.6 GB	101 MB
1129	cb/542339	BGC_ANALYSIS:ANTISMASH_ANALYSIS:ANTISMASH (Pantoea_agglomerans_LMG_2596)	COMPLETED	0	2026-08-28 19:41:56.593	2026-08-28 19:41:56.688	2026-08-28 19:43:26.506	1m 27s	2	6 GB	4.8 GB	8 GB	113.2%	3.5%	23.3 GB	112.4 MB
1133	f2/eabb5c	BGC_ANALYSIS:ANTISMASH_ANALYSIS:ANTISMASH (Pantoea_agglomerans_PNG_06-2)	COMPLETED	0	2026-08-28 19:42:32.640	2026-08-28 19:42:32.736	2026-08-28 19:43:37.933	1m 3s	2	6 GB	4.7 GB	7.8 GB	128.9%	7.2%	19.2 GB	89.1 MB
1132	9b/ee8ebb	BGC_ANALYSIS:ANTISMASH_ANALYSIS:ANTISMASH (Pantoea_agglomerans_PNG_06-1)	COMPLETED	0	2026-08-28 19:42:27.333	2026-08-28 19:42:27.431	2026-08-28 19:43:43.340	1m 14s	2	6 GB	4.8 GB	7.8 GB	114.9%	5.4%	19.5 GB	98.7 MB
1145	10/20d34c	BGC_ANALYSIS:ANTISMASH_ANALYSIS:ANTISMASH (Pantoea_allii_BAV3073)	COMPLETED	0	2026-08-28 19:42:35.266	2026-08-28 19:42:35.363	2026-08-28 19:43:47.089	1m 10s	2	6 GB	4.7 GB	7.8 GB	106.4%	5.9%	11.7 GB	101.8 MB
1148	20/7a9e36	BGC_ANALYSIS:ANTISMASH_ANALYSIS:ANTISMASH (Pantoea_allii_DOAB1036)	COMPLETED	0	2026-08-28 19:42:43.677	2026-08-28 19:42:43.773	2026-08-28 19:43:54.725	1m 9s	2	6 GB	4.7 GB	7.8 GB	108.2%	4.5%	11.7 GB	104.3 MB
1155	30/9a71c0	BGC_ANALYSIS:ANTISMASH_ANALYSIS:ANTISMASH (Pantoea_eucrina_T22)	COMPLETED	0	2026-08-28 19:43:47.094	2026-08-28 19:43:47.189	2026-08-28 19:44:10.561	21.2s	2	6 GB	729.4 MB	7.8 GB	119.0%	1.2%	766.2 MB	68.2 MB
1153	9c/f3683c	BGC_ANALYSIS:ANTISMASH_ANALYSIS:ANTISMASH (Pantoea_anthophila_PGPR-34)	COMPLETED	0	2026-08-28 19:43:37.939	2026-08-28 19:43:38.033	2026-08-28 19:44:19.468	39.4s	2	6 GB	485.1 MB	7.8 GB	104.0%	0.7%	1.5 GB	79.1 MB
1137	30/76dd03	BGC_ANALYSIS:ANTISMASH_ANALYSIS:ANTISMASH (Pantoea_allii_19UT001)	COMPLETED	0	2026-08-28 19:43:09.643	2026-08-28 19:43:09.740	2026-08-28 19:44:21.170	1m 9s	2	6 GB	4.7 GB	7.8 GB	108.9%	4.7%	11.7 GB	105.1 MB
1136	14/58ace7	BGC_ANALYSIS:ANTISMASH_ANALYSIS:ANTISMASH (Pantoea_agglomerans_ST14.12_205)	COMPLETED	0	2026-08-28 19:43:17.222	2026-08-28 19:43:17.317	2026-08-28 19:44:32.556	1m 13s	2	6 GB	711.4 MB	7.8 GB	98.1%	1.3%	3.5 GB	149.6 MB
1139	fa/de0333	BGC_ANALYSIS:ANTISMASH_ANALYSIS:ANTISMASH (Pantoea_allii_21GA0582)	COMPLETED	0	2026-08-28 19:43:23.822	2026-08-28 19:43:23.917	2026-08-28 19:44:36.580	1m 10s	2	6 GB	4.7 GB	7.8 GB	107.2%	5.6%	11.8 GB	106.5 MB
1141	18/c8c1cb	BGC_ANALYSIS:ANTISMASH_ANALYSIS:ANTISMASH (Pantoea_allii_BAV3060)	COMPLETED	0	2026-08-28 19:43:26.518	2026-08-28 19:43:26.607	2026-08-28 19:44:36.664	1m 8s	2	6 GB	4.7 GB	7.8 GB	107.3%	5.7%	11.7 GB	101.1 MB
1140	f3/ed5001	BGC_ANALYSIS:ANTISMASH_ANALYSIS:ANTISMASH (Pantoea_allii_BAV3051)	COMPLETED	0	2026-08-28 19:43:43.344	2026-08-28 19:43:43.441	2026-08-28 19:44:53.785	1m 8s	2	6 GB	4.7 GB	7.7 GB	107.5%	6.0%	11.7 GB	102.2 MB
1142	c0/671e63	BGC_ANALYSIS:ANTISMASH_ANALYSIS:ANTISMASH (Pantoea_allii_BAV3063)	COMPLETED	0	2026-08-28 19:43:54.731	2026-08-28 19:43:54.825	2026-08-28 19:45:04.962	1m 8s	2	6 GB	4.8 GB	7.8 GB	107.5%	5.7%	11.6 GB	99.7 MB
1149	6a/18bbac	BGC_ANALYSIS:ANTISMASH_ANALYSIS:ANTISMASH (Pantoea_allii_J12b)	COMPLETED	0	2026-08-28 19:44:36.583	2026-08-28 19:44:36.665	2026-08-28 19:45:23.658	44.8s	2	6 GB	720.9 MB	7.8 GB	94.3%	1.3%	1.6 GB	101.3 MB
1143	bb/019555	BGC_ANALYSIS:ANTISMASH_ANALYSIS:ANTISMASH (Pantoea_allii_BAV3069)	COMPLETED	0	2026-08-28 19:44:10.565	2026-08-28 19:44:10.661	2026-08-28 19:45:29.731	1m 17s	2	6 GB	4.7 GB	7.8 GB	106.0%	7.4%	9.5 GB	109.4 MB
1147	e7/a695d3	BGC_ANALYSIS:ANTISMASH_ANALYSIS:ANTISMASH (Pantoea_allii_DOAB1035)	COMPLETED	0	2026-08-28 19:44:32.561	2026-08-28 19:44:32.656	2026-08-28 19:45:33.011	58.4s	2	6 GB	4.8 GB	7.8 GB	124.3%	5.7%	11 GB	86.4 MB
1146	4b/547732	BGC_ANALYSIS:ANTISMASH_ANALYSIS:ANTISMASH (Pantoea_allii_BAV3074)	COMPLETED	0	2026-08-28 19:44:21.174	2026-08-28 19:44:21.270	2026-08-28 19:45:33.832	1m 10s	2	6 GB	4.7 GB	7.8 GB	107.9%	5.5%	11.6 GB	98 MB
1144	45/ca7c00	BGC_ANALYSIS:ANTISMASH_ANALYSIS:ANTISMASH (Pantoea_allii_BAV3070)	COMPLETED	0	2026-08-28 19:44:19.474	2026-08-28 19:44:19.568	2026-08-28 19:45:34.771	1m 13s	2	6 GB	4.7 GB	7.7 GB	106.8%	8.2%	11.7 GB	101.6 MB
1151	2d/a48515	BGC_ANALYSIS:ANTISMASH_ANALYSIS:ANTISMASH (Pantoea_allii_MAI6006)	COMPLETED	0	2026-08-28 19:44:36.668	2026-08-28 19:44:36.764	2026-08-28 19:45:58.653	1m 20s	2	6 GB	4.7 GB	7.8 GB	106.6%	5.6%	12 GB	113.3 MB
1156	44/895f94	BGC_ANALYSIS:ANTISMASH_ANALYSIS:ANTISMASH (Pantoea_septica_A31016)	COMPLETED	0	2026-08-28 19:45:33.015	2026-08-28 19:45:33.112	2026-08-28 19:46:00.744	25.5s	2	6 GB	777 MB	7.8 GB	127.1%	1.4%	882.2 MB	83 MB
1159	2b/de33bf	BGC_ANALYSIS:ANTISMASH_ANALYSIS:ANTISMASH (Pantoea_sp._FN0302)	COMPLETED	0	2026-08-28 19:45:33.836	2026-08-28 19:45:33.932	2026-08-28 19:46:03.853	27.8s	2	6 GB	690.3 MB	7.7 GB	109.2%	1.2%	1013.1 MB	78.4 MB
1154	c9/9a27f4	BGC_ANALYSIS:ANTISMASH_ANALYSIS:ANTISMASH (Pantoea_dispersa_1175)	COMPLETED	0	2026-08-28 19:45:23.662	2026-08-28 19:45:23.758	2026-08-28 19:46:08.982	43s	2	6 GB	717.6 MB	7.8 GB	93.4%	1.2%	1.6 GB	101.2 MB
1152	7f/fcf595	BGC_ANALYSIS:ANTISMASH_ANALYSIS:ANTISMASH (Pantoea_ananatis_J-2)	COMPLETED	0	2026-08-28 19:45:04.968	2026-08-28 19:45:05.062	2026-08-28 19:46:12.916	1m 5s	2	6 GB	4.8 GB	7.9 GB	107.5%	7.4%	9.4 GB	93.3 MB
1150	e2/83926b	BGC_ANALYSIS:ANTISMASH_ANALYSIS:ANTISMASH (Pantoea_allii_MAI6004)	COMPLETED	0	2026-08-28 19:44:53.789	2026-08-28 19:44:53.885	2026-08-28 19:46:14.142	1m 18s	2	6 GB	4.8 GB	8.1 GB	105.9%	7.9%	11.9 GB	111.6 MB
1157	97/ce2639	BGC_ANALYSIS:ANTISMASH_ANALYSIS:ANTISMASH (Pantoea_sp._AN62)	COMPLETED	0	2026-08-28 19:45:29.735	2026-08-28 19:45:29.832	2026-08-28 19:46:16.243	44.1s	2	6 GB	723 MB	7.8 GB	95.0%	1.2%	1.7 GB	103.2 MB
1162	09/965d0e	BGC_ANALYSIS:ANTISMASH_ANALYSIS:ANTISMASH (Pantoea_sp._NSTU24)	COMPLETED	0	2026-08-28 19:46:03.857	2026-08-28 19:46:03.953	2026-08-28 19:46:27.557	21.5s	2	6 GB	762.6 MB	7.8 GB	121.7%	1.3%	789.2 MB	74.4 MB
1161	ee/350b82	BGC_ANALYSIS:ANTISMASH_ANALYSIS:ANTISMASH (Pantoea_sp._FN0307)	COMPLETED	0	2026-08-28 19:46:00.749	2026-08-28 19:46:00.844	2026-08-28 19:46:29.852	26.7s	2	6 GB	732.6 MB	7.8 GB	99.7%	1.3%	962.6 MB	78.7 MB
1158	6f/8cab8f	BGC_ANALYSIS:ANTISMASH_ANALYSIS:ANTISMASH (Pantoea_sp._EEL5)	COMPLETED	0	2026-08-28 19:45:34.776	2026-08-28 19:45:34.871	2026-08-28 19:46:34.121	57s	2	6 GB	4.7 GB	7.8 GB	114.6%	5.6%	9.7 GB	89.8 MB
1160	c2/fdc3a7	BGC_ANALYSIS:ANTISMASH_ANALYSIS:ANTISMASH (Pantoea_sp._FN0305)	COMPLETED	0	2026-08-28 19:45:58.657	2026-08-28 19:45:58.754	2026-08-28 19:46:34.252	33.4s	2	6 GB	713.9 MB	7.8 GB	94.4%	1.3%	1.2 GB	84.6 MB
1166	af/87006a	BGC_ANALYSIS:ANTISMASH_ANALYSIS:ANTISMASH (Pantoea_agglomerans_3)	COMPLETED	0	2026-08-28 19:46:14.145	2026-08-28 19:46:14.241	2026-08-28 19:46:39.689	23.4s	2	6 GB	776.9 MB	7.8 GB	123.2%	1.3%	871.7 MB	79.1 MB
1164	f5/40e8f7	BGC_ANALYSIS:ANTISMASH_ANALYSIS:ANTISMASH (Candidatus_Pantoea_carbekii_US)	COMPLETED	0	2026-08-28 19:46:29.856	2026-08-28 19:46:29.952	2026-08-28 19:46:41.035	9.1s	2	6 GB	471.3 MB	7.6 GB	100.7%	0.7%	372.9 MB	18.8 MB
1172	14/623b69	BGC_ANALYSIS:ANTISMASH_ANALYSIS:ANTISMASH (Pantoea_agglomerans_IG1)	COMPLETED	0	2026-08-28 19:46:08.986	2026-08-28 19:46:09.082	2026-08-28 19:46:43.745	32.8s	2	6 GB	513.8 MB	7.7 GB	96.9%	0.8%	1.1 GB	69.8 MB
1177	e0/efde86	BGC_ANALYSIS:ANTISMASH_ANALYSIS:ANTISMASH (Pantoea_agglomerans_RIT273)	COMPLETED	0	2026-08-28 19:46:16.248	2026-08-28 19:46:16.344	2026-08-28 19:46:52.796	34.3s	2	6 GB	748.4 MB	7.8 GB	95.1%	1.3%	1.2 GB	93.1 MB
1167	e6/caf9c1	BGC_ANALYSIS:ANTISMASH_ANALYSIS:ANTISMASH (Pantoea_agglomerans_4)	COMPLETED	0	2026-08-28 19:46:34.126	2026-08-28 19:46:34.222	2026-08-28 19:47:00.584	24.4s	2	6 GB	803.3 MB	7.8 GB	124.2%	1.3%	872.8 MB	79.4 MB
1175	dd/4e48b3	BGC_ANALYSIS:ANTISMASH_ANALYSIS:ANTISMASH (Pantoea_agglomerans_NBRC_102470)	COMPLETED	0	2026-08-28 19:46:27.561	2026-08-28 19:46:27.657	2026-08-28 19:47:02.302	32.6s	2	6 GB	490.6 MB	7.8 GB	101.2%	0.7%	1.2 GB	69.7 MB
1180	28/814b02	BGC_ANALYSIS:ANTISMASH_ANALYSIS:ANTISMASH (Pantoea_agglomerans_pv._betae_4188)	COMPLETED	0	2026-08-28 19:46:39.694	2026-08-28 19:46:39.789	2026-08-28 19:47:06.685	24.9s	2	6 GB	801.7 MB	7.8 GB	123.6%	1.4%	904.4 MB	85.7 MB
1165	55/308ecb	BGC_ANALYSIS:ANTISMASH_ANALYSIS:ANTISMASH (Pantoea_agglomerans_190)	COMPLETED	0	2026-08-28 19:46:41.040	2026-08-28 19:46:41.135	2026-08-28 19:47:08.605	25.5s	2	6 GB	746.6 MB	7.8 GB	118.1%	1.3%	904.8 MB	76.5 MB
1163	65/494242	BGC_ANALYSIS:ANTISMASH_ANALYSIS:ANTISMASH (Candidatus_Pantoea_carbekii_GCA_000478905.1)	COMPLETED	0	2026-08-28 19:47:00.588	2026-08-28 19:47:00.684	2026-08-28 19:47:10.250	7.5s	2	6 GB	214.7 MB	2.7 GB	102.8%	0.3%	283.3 MB	12.6 MB
1168	f7/977647	BGC_ANALYSIS:ANTISMASH_ANALYSIS:ANTISMASH (Pantoea_agglomerans_C410P1)	COMPLETED	0	2026-08-28 19:46:52.801	2026-08-28 19:46:52.898	2026-08-28 19:47:20.300	25s	2	6 GB	802.5 MB	7.8 GB	122.8%	1.4%	892.8 MB	82.3 MB
1173	af/2cafbc	BGC_ANALYSIS:ANTISMASH_ANALYSIS:ANTISMASH (Pantoea_agglomerans_LMAE-2)	COMPLETED	0	2026-08-28 19:46:34.256	2026-08-28 19:46:34.352	2026-08-28 19:47:29.316	53s	2	6 GB	702.1 MB	7.8 GB	95.3%	1.3%	2.3 GB	118.3 MB
1183	6a/4e3d40	BGC_ANALYSIS:ANTISMASH_ANALYSIS:ANTISMASH (Pantoea_ananatis_AMG521)	COMPLETED	0	2026-08-28 19:46:43.749	2026-08-28 19:46:43.846	2026-08-28 19:47:30.048	44.3s	2	6 GB	503.6 MB	7.8 GB	104.2%	0.7%	1.8 GB	87.7 MB
1176	51/8b5ed0	BGC_ANALYSIS:ANTISMASH_ANALYSIS:ANTISMASH (Pantoea_agglomerans_P10c)	COMPLETED	0	2026-08-28 19:47:02.306	2026-08-28 19:47:02.403	2026-08-28 19:47:36.363	32s	2	6 GB	676.4 MB	7.7 GB	95.7%	1.2%	1.1 GB	83.3 MB
1169	f6/0cd44c	BGC_ANALYSIS:ANTISMASH_ANALYSIS:ANTISMASH (Pantoea_agglomerans_DAPP-PG734)	COMPLETED	0	2026-08-28 19:46:12.920	2026-08-28 19:46:13.016	2026-08-28 19:47:40.683	1m 26s	2	6 GB	540.1 MB	7.7 GB	103.9%	0.8%	4 GB	147.2 MB
1171	de/48684d	BGC_ANALYSIS:ANTISMASH_ANALYSIS:ANTISMASH (Pantoea_agglomerans_GB1)	COMPLETED	0	2026-08-28 19:47:06.690	2026-08-28 19:47:06.785	2026-08-28 19:47:42.862	33.8s	2	6 GB	692.2 MB	7.8 GB	95.1%	1.2%	1.3 GB	88.7 MB
1170	3c/53cbb9	BGC_ANALYSIS:ANTISMASH_ANALYSIS:ANTISMASH (Pantoea_agglomerans_Eh318)	COMPLETED	0	2026-08-28 19:47:08.609	2026-08-28 19:47:08.706	2026-08-28 19:47:45.742	34.9s	2	6 GB	707.8 MB	7.8 GB	97.2%	1.3%	1.3 GB	93.7 MB
1178	63/a11cb0	BGC_ANALYSIS:ANTISMASH_ANALYSIS:ANTISMASH (Pantoea_agglomerans_Sl1_M5)	COMPLETED	0	2026-08-28 19:47:10.254	2026-08-28 19:47:10.350	2026-08-28 19:47:50.919	38.5s	2	6 GB	504 MB	7.7 GB	101.6%	0.7%	1.5 GB	80.7 MB
1371	84/413eec	BGC_ANALYSIS:ANTISMASH_ANALYSIS:ANTISMASH (Pantoea_agglomerans_Pa17-1_2)	COMPLETED	0	2026-08-28 19:47:29.320	2026-08-28 19:47:29.417	2026-08-28 19:47:56.003	24.5s	2	6 GB	748.8 MB	7.8 GB	124.4%	1.3%	904.6 MB	83.1 MB
1187	20/4a7e40	BGC_ANALYSIS:ANTISMASH_ANALYSIS:ANTISMASH (Pantoea_ananatis_BRT175)	COMPLETED	0	2026-08-28 19:47:20.305	2026-08-28 19:47:20.400	2026-08-28 19:47:59.608	36.8s	2	6 GB	660.7 MB	7.7 GB	95.3%	1.1%	1.4 GB	94.4 MB
1174	29/b6067b	BGC_ANALYSIS:ANTISMASH_ANALYSIS:ANTISMASH (Pantoea_agglomerans_MP2)	COMPLETED	0	2026-08-28 19:47:30.053	2026-08-28 19:47:30.148	2026-08-28 19:48:03.111	30.8s	2	6 GB	690.6 MB	7.8 GB	96.5%	1.3%	1.1 GB	83.7 MB
1181	35/911327	BGC_ANALYSIS:ANTISMASH_ANALYSIS:ANTISMASH (Pantoea_agglomerans_pv._gypsophilae_824-1)	COMPLETED	0	2026-08-28 19:47:36.371	2026-08-28 19:47:36.463	2026-08-28 19:48:03.695	25.1s	2	6 GB	799.1 MB	7.8 GB	121.1%	1.4%	924.3 MB	86.4 MB
1179	43/2d006a	BGC_ANALYSIS:ANTISMASH_ANALYSIS:ANTISMASH (Pantoea_agglomerans_Tx10)	COMPLETED	0	2026-08-28 19:47:42.866	2026-08-28 19:47:42.962	2026-08-28 19:48:18.044	33s	2	6 GB	707.9 MB	7.8 GB	97.0%	1.2%	1.1 GB	87.1 MB
1188	02/61f7af	BGC_ANALYSIS:ANTISMASH_ANALYSIS:ANTISMASH (Pantoea_ananatis_CFH_7-1)	COMPLETED	0	2026-08-28 19:48:03.115	2026-08-28 19:48:03.210	2026-08-28 19:48:28.784	23.5s	2	6 GB	755 MB	7.8 GB	118.2%	1.3%	840 MB	75.1 MB
1182	dc/f61e8b	BGC_ANALYSIS:ANTISMASH_ANALYSIS:ANTISMASH (Pantoea_ananatis_AJ13355)	COMPLETED	0	2026-08-28 19:47:40.687	2026-08-28 19:47:40.783	2026-08-28 19:48:32.890	49.9s	2	6 GB	4.8 GB	7.9 GB	120.7%	5.6%	7.9 GB	77.3 MB
1186	64/b03428	BGC_ANALYSIS:ANTISMASH_ANALYSIS:ANTISMASH (Pantoea_ananatis_BD442)	COMPLETED	0	2026-08-28 19:47:56.007	2026-08-28 19:47:56.103	2026-08-28 19:48:53.764	55.5s	2	6 GB	3.2 GB	7.8 GB	117.3%	4.9%	10.3 GB	66.6 MB
1184	41/cfb3dc	BGC_ANALYSIS:ANTISMASH_ANALYSIS:ANTISMASH (Pantoea_ananatis_B1-9)	COMPLETED	0	2026-08-28 19:47:45.746	2026-08-28 19:47:45.842	2026-08-28 19:49:03.339	1m 15s	2	6 GB	4.6 GB	7.7 GB	110.3%	4.9%	10.8 GB	88.7 MB
1192	a5/431bb4	BGC_ANALYSIS:ANTISMASH_ANALYSIS:ANTISMASH (Pantoea_ananatis_LMG_2665_2)	COMPLETED	0	2026-08-28 19:48:03.699	2026-08-28 19:48:03.795	2026-08-28 19:49:05.915	1m	2	6 GB	4.7 GB	7.9 GB	115.8%	7.2%	10.2 GB	71.6 MB
1196	ce/a07dec	BGC_ANALYSIS:ANTISMASH_ANALYSIS:ANTISMASH (Pantoea_ananatis_NS311)	COMPLETED	0	2026-08-28 19:47:59.613	2026-08-28 19:47:59.709	2026-08-28 19:49:15.417	1m 14s	2	6 GB	718.8 MB	7.8 GB	99.1%	1.3%	3.6 GB	146.1 MB
1185	c0/28dcbb	BGC_ANALYSIS:ANTISMASH_ANALYSIS:ANTISMASH (Pantoea_ananatis_B1-9_2)	COMPLETED	0	2026-08-28 19:47:50.923	2026-08-28 19:47:51.019	2026-08-28 19:49:17.027	1m 24s	2	6 GB	4.7 GB	7.8 GB	109.6%	7.1%	11.3 GB	100 MB
1195	81/105424	BGC_ANALYSIS:ANTISMASH_ANALYSIS:ANTISMASH (Pantoea_ananatis_NS303)	COMPLETED	0	2026-08-28 19:48:32.894	2026-08-28 19:48:32.990	2026-08-28 19:49:20.226	45.1s	2	6 GB	654.9 MB	7.7 GB	95.7%	1.0%	1.9 GB	105.2 MB
1190	0d/63806a	BGC_ANALYSIS:ANTISMASH_ANALYSIS:ANTISMASH (Pantoea_ananatis_LMG_20103)	COMPLETED	0	2026-08-28 19:48:28.788	2026-08-28 19:48:28.884	2026-08-28 19:49:20.686	49.5s	2	6 GB	4.7 GB	7.4 GB	126.8%	7.7%	9.4 GB	56.7 MB
1191	78/718553	BGC_ANALYSIS:ANTISMASH_ANALYSIS:ANTISMASH (Pantoea_ananatis_LMG_2665)	COMPLETED	0	2026-08-28 19:48:18.048	2026-08-28 19:48:18.144	2026-08-28 19:49:27.380	1m 7s	2	6 GB	4.6 GB	7.8 GB	111.0%	5.0%	10.4 GB	76.8 MB
1194	a9/84d46f	BGC_ANALYSIS:ANTISMASH_ANALYSIS:ANTISMASH (Pantoea_ananatis_NS296)	COMPLETED	0	2026-08-28 19:48:53.767	2026-08-28 19:48:53.864	2026-08-28 19:49:38.440	42.5s	2	6 GB	688 MB	7.7 GB	93.8%	1.2%	1.7 GB	99.8 MB
1198	f1/53f760	BGC_ANALYSIS:ANTISMASH_ANALYSIS:ANTISMASH (Pantoea_ananatis_PA4)	COMPLETED	0	2026-08-28 19:49:17.032	2026-08-28 19:49:17.127	2026-08-28 19:49:50.409	31.2s	2	6 GB	550.5 MB	7.9 GB	114.4%	0.7%	1.1 GB	73.6 MB
1201	86/1cf6ba	BGC_ANALYSIS:ANTISMASH_ANALYSIS:ANTISMASH (Pantoea_ananatis_RSA47)	COMPLETED	0	2026-08-28 19:49:27.386	2026-08-28 19:49:27.480	2026-08-28 19:50:09.510	39.7s	2	6 GB	680 MB	7.7 GB	98.2%	1.2%	1.6 GB	97.2 MB
1193	46/c92820	BGC_ANALYSIS:ANTISMASH_ANALYSIS:ANTISMASH (Pantoea_ananatis_LMG_5342)	COMPLETED	0	2026-08-28 19:49:05.919	2026-08-28 19:49:06.018	2026-08-28 19:50:09.699	1m 1s	2	6 GB	4.8 GB	8.1 GB	127.3%	4.9%	16.4 GB	83.7 MB
1197	52/9cd4b3	BGC_ANALYSIS:ANTISMASH_ANALYSIS:ANTISMASH (Pantoea_ananatis_PA13)	COMPLETED	0	2026-08-28 19:49:15.421	2026-08-28 19:49:15.518	2026-08-28 19:50:14.543	57.1s	2	6 GB	4.8 GB	7.8 GB	127.5%	7.6%	14.3 GB	73 MB
1200	af/8522b8	BGC_ANALYSIS:ANTISMASH_ANALYSIS:ANTISMASH (Pantoea_ananatis_R100)	COMPLETED	0	2026-08-28 19:49:20.689	2026-08-28 19:49:20.785	2026-08-28 19:50:15.065	52.1s	2	6 GB	4.7 GB	7.8 GB	126.4%	4.8%	9.9 GB	79 MB
1202	e2/7f9b8b	BGC_ANALYSIS:ANTISMASH_ANALYSIS:ANTISMASH (Pantoea_ananatis_S6)	COMPLETED	0	2026-08-28 19:49:50.415	2026-08-28 19:49:50.510	2026-08-28 19:50:38.677	46s	2	6 GB	653.4 MB	7.7 GB	97.2%	1.0%	2.1 GB	103.3 MB
1206	9c/2730fe	BGC_ANALYSIS:ANTISMASH_ANALYSIS:ANTISMASH (Pantoea_anthophila_11-2)	COMPLETED	0	2026-08-28 19:50:14.547	2026-08-28 19:50:14.643	2026-08-28 19:50:46.580	29.7s	2	6 GB	700.7 MB	7.7 GB	101.7%	1.3%	1.1 GB	81.5 MB
1210	ba/5881c9	BGC_ANALYSIS:ANTISMASH_ANALYSIS:ANTISMASH (Pantoea_dispersa_EGD-AAK13)	COMPLETED	0	2026-08-28 19:50:15.069	2026-08-28 19:50:15.165	2026-08-28 19:50:56.476	39s	2	6 GB	673.5 MB	7.7 GB	96.3%	1.2%	1.5 GB	95.6 MB
1205	26/38838e	BGC_ANALYSIS:ANTISMASH_ANALYSIS:ANTISMASH (Pantoea_ananatis_Sd-1)	COMPLETED	0	2026-08-28 19:50:09.514	2026-08-28 19:50:09.610	2026-08-28 19:50:58.924	47.3s	2	6 GB	502.3 MB	7.8 GB	105.3%	0.8%	2 GB	92.8 MB
1203	2f/c14237	BGC_ANALYSIS:ANTISMASH_ANALYSIS:ANTISMASH (Pantoea_ananatis_S7)	COMPLETED	0	2026-08-28 19:49:38.444	2026-08-28 19:49:38.540	2026-08-28 19:50:59.604	1m 19s	2	6 GB	4.7 GB	7.8 GB	107.3%	5.6%	13.1 GB	112.1 MB
1189	2c/a401ed	BGC_ANALYSIS:ANTISMASH_ANALYSIS:ANTISMASH (Pantoea_ananatis_DAR_76143_DAR76143)	COMPLETED	0	2026-08-28 19:49:03.344	2026-08-28 19:49:03.439	2026-08-28 19:50:59.916	1m 54s	2	6 GB	4.7 GB	7.7 GB	112.4%	8.0%	16.5 GB	128.8 MB
1199	38/0ddbef	BGC_ANALYSIS:ANTISMASH_ANALYSIS:ANTISMASH (Pantoea_ananatis_PaMB1)	COMPLETED	0	2026-08-28 19:49:20.230	2026-08-28 19:49:20.326	2026-08-28 19:51:03.095	1m 41s	2	6 GB	4.7 GB	7.7 GB	105.8%	7.2%	12.1 GB	144.9 MB
1209	3d/d01645	BGC_ANALYSIS:ANTISMASH_ANALYSIS:ANTISMASH (Pantoea_conspicua_LMG_24534)	COMPLETED	0	2026-08-28 19:50:09.703	2026-08-28 19:50:09.798	2026-08-28 19:51:11.787	60s	2	6 GB	691.9 MB	7.8 GB	98.0%	1.2%	2.8 GB	123 MB
1224	39/4e7a0a	BGC_ANALYSIS:ANTISMASH_ANALYSIS:ANTISMASH (Pantoea_rwandensis_ND04)	COMPLETED	0	2026-08-28 19:51:03.099	2026-08-28 19:51:03.195	2026-08-28 19:51:24.208	18.8s	2	6 GB	631.1 MB	7.3 GB	130.3%	1.0%	717.9 MB	50.8 MB
1204	d9/5ef075	BGC_ANALYSIS:ANTISMASH_ANALYSIS:ANTISMASH (Pantoea_ananatis_S8)	COMPLETED	0	2026-08-28 19:50:38.680	2026-08-28 19:50:38.777	2026-08-28 19:51:25.999	45s	2	6 GB	667.3 MB	7.7 GB	95.7%	1.2%	1.9 GB	101 MB
1212	91/86f19f	BGC_ANALYSIS:ANTISMASH_ANALYSIS:ANTISMASH (Pantoea_dispersa_NS375)	COMPLETED	0	2026-08-28 19:50:56.480	2026-08-28 19:50:56.577	2026-08-28 19:51:36.966	38.2s	2	6 GB	697.2 MB	7.8 GB	96.4%	1.3%	1.5 GB	95.7 MB
1214	aa/3492e5	BGC_ANALYSIS:ANTISMASH_ANALYSIS:ANTISMASH (Pantoea_dispersa_NS389)	COMPLETED	0	2026-08-28 19:50:59.921	2026-08-28 19:51:00.016	2026-08-28 19:51:43.017	40.9s	2	6 GB	703.6 MB	7.8 GB	96.8%	1.3%	1.6 GB	99.2 MB
1211	38/d60208	BGC_ANALYSIS:ANTISMASH_ANALYSIS:ANTISMASH (Pantoea_dispersa_NS215)	COMPLETED	0	2026-08-28 19:51:11.790	2026-08-28 19:51:11.887	2026-08-28 19:51:51.895	37.7s	2	6 GB	689 MB	7.7 GB	97.6%	1.2%	1.4 GB	94.5 MB
1213	7c/4f40cd	BGC_ANALYSIS:ANTISMASH_ANALYSIS:ANTISMASH (Pantoea_dispersa_NS380)	COMPLETED	0	2026-08-28 19:50:59.608	2026-08-28 19:50:59.705	2026-08-28 19:51:53.646	51.8s	2	6 GB	667.8 MB	7.8 GB	97.7%	1.1%	2.3 GB	114.5 MB
1207	61/bb8e72	BGC_ANALYSIS:ANTISMASH_ANALYSIS:ANTISMASH (Pantoea_brenneri_IF5SW-P1)	COMPLETED	0	2026-08-28 19:50:58.928	2026-08-28 19:50:59.024	2026-08-28 19:51:55.319	54.1s	2	6 GB	494.2 MB	7.7 GB	104.3%	0.7%	2.3 GB	101 MB
1216	f2/be8098	BGC_ANALYSIS:ANTISMASH_ANALYSIS:ANTISMASH (Pantoea_dispersa_SA2)	COMPLETED	0	2026-08-28 19:51:24.213	2026-08-28 19:51:24.308	2026-08-28 19:52:12.198	45.7s	2	6 GB	697.1 MB	7.8 GB	96.3%	1.3%	1.8 GB	103.1 MB
1215	8d/10c4ee	BGC_ANALYSIS:ANTISMASH_ANALYSIS:ANTISMASH (Pantoea_dispersa_RSA31)	COMPLETED	0	2026-08-28 19:51:26.005	2026-08-28 19:51:26.099	2026-08-28 19:52:16.304	48s	2	6 GB	685.5 MB	7.7 GB	97.7%	1.2%	1.9 GB	105.1 MB
1208	b6/1f95ae	BGC_ANALYSIS:ANTISMASH_ANALYSIS:ANTISMASH (Pantoea_brenneri_LMG_5343)	COMPLETED	0	2026-08-28 19:50:46.585	2026-08-28 19:50:46.680	2026-08-28 19:52:20.208	1m 31s	2	6 GB	739.4 MB	7.8 GB	98.0%	1.3%	4.4 GB	168.5 MB
1221	cb/c55a19	BGC_ANALYSIS:ANTISMASH_ANALYSIS:ANTISMASH (Pantoea_eucrina_Russ)	COMPLETED	0	2026-08-28 19:51:55.323	2026-08-28 19:51:55.419	2026-08-28 19:52:23.739	25.7s	2	6 GB	559.1 MB	7.8 GB	114.7%	0.8%	822.9 MB	54 MB
1218	b0/bcb8f0	BGC_ANALYSIS:ANTISMASH_ANALYSIS:ANTISMASH (Pantoea_dispersa_SA4)	COMPLETED	0	2026-08-28 19:51:36.971	2026-08-28 19:51:37.067	2026-08-28 19:52:28.971	49.4s	2	6 GB	704.4 MB	7.8 GB	94.2%	1.3%	1.9 GB	106.4 MB
1217	eb/3e574a	BGC_ANALYSIS:ANTISMASH_ANALYSIS:ANTISMASH (Pantoea_dispersa_SA3)	COMPLETED	0	2026-08-28 19:51:43.021	2026-08-28 19:51:43.117	2026-08-28 19:52:39.402	53.8s	2	6 GB	680.4 MB	7.7 GB	95.7%	1.2%	2.2 GB	113.3 MB
1219	b7/da3d4e	BGC_ANALYSIS:ANTISMASH_ANALYSIS:ANTISMASH (Pantoea_dispersa_SA5)	COMPLETED	0	2026-08-28 19:51:51.899	2026-08-28 19:51:51.995	2026-08-28 19:52:49.815	55.5s	2	6 GB	695.2 MB	7.8 GB	97.8%	1.2%	2.3 GB	116 MB
1227	a0/24b596	BGC_ANALYSIS:ANTISMASH_ANALYSIS:ANTISMASH (Pantoea_sp._3.5.1)	COMPLETED	0	2026-08-28 19:52:23.744	2026-08-28 19:52:23.839	2026-08-28 19:52:56.739	30.5s	2	6 GB	754.6 MB	7.8 GB	105.5%	1.3%	1 GB	89.4 MB
1225	d2/402d8d	BGC_ANALYSIS:ANTISMASH_ANALYSIS:ANTISMASH (Pantoea_septica_FF5)	COMPLETED	0	2026-08-28 19:52:20.212	2026-08-28 19:52:20.309	2026-08-28 19:53:00.248	37.5s	2	6 GB	477.9 MB	7.8 GB	100.9%	0.7%	1.4 GB	74.8 MB
1222	0b/75f6ef	BGC_ANALYSIS:ANTISMASH_ANALYSIS:ANTISMASH (Pantoea_latae_AS1)	COMPLETED	0	2026-08-28 19:52:16.308	2026-08-28 19:52:16.405	2026-08-28 19:53:04.369	45.6s	2	6 GB	682 MB	7.8 GB	95.4%	1.2%	1.8 GB	105.4 MB
1226	8e/c9d155	BGC_ANALYSIS:ANTISMASH_ANALYSIS:ANTISMASH (Pantoea_sp._1.19)	COMPLETED	0	2026-08-28 19:52:28.975	2026-08-28 19:52:29.072	2026-08-28 19:53:06.174	34.6s	2	6 GB	492.5 MB	7.8 GB	106.7%	0.7%	1.3 GB	64.3 MB
1228	27/50c641	BGC_ANALYSIS:ANTISMASH_ANALYSIS:ANTISMASH (Pantoea_sp._9140)	COMPLETED	0	2026-08-28 19:52:49.821	2026-08-28 19:52:49.916	2026-08-28 19:53:17.706	25.6s	2	6 GB	621.5 MB	7.8 GB	126.0%	1.0%	830.1 MB	62.5 MB
1239	68/a6e6b3	BGC_ANALYSIS:ANTISMASH_ANALYSIS:ANTISMASH (Pantoea_sp._NGS-ED-1003)	COMPLETED	0	2026-08-28 19:52:39.406	2026-08-28 19:52:39.502	2026-08-28 19:53:25.635	43.9s	2	6 GB	501.6 MB	7.7 GB	103.6%	0.8%	1.7 GB	85.1 MB
1231	8d/f86549	BGC_ANALYSIS:ANTISMASH_ANALYSIS:ANTISMASH (Pantoea_sp._Ae16)	COMPLETED	0	2026-08-28 19:53:00.252	2026-08-28 19:53:00.348	2026-08-28 19:53:32.944	30.4s	2	6 GB	656.2 MB	7.7 GB	94.9%	1.0%	1.2 GB	76.4 MB
1223	61/c89bb4	BGC_ANALYSIS:ANTISMASH_ANALYSIS:ANTISMASH (Pantoea_rodasii_ND03)	COMPLETED	0	2026-08-28 19:52:12.203	2026-08-28 19:52:12.298	2026-08-28 19:53:48.553	1m 34s	2	6 GB	742.8 MB	7.8 GB	97.9%	1.3%	4.6 GB	183 MB
1230	a8/88a6bc	BGC_ANALYSIS:ANTISMASH_ANALYSIS:ANTISMASH (Pantoea_sp._AS-PWVM4)	COMPLETED	0	2026-08-28 19:53:06.180	2026-08-28 19:53:06.274	2026-08-28 19:53:49.157	40.6s	2	6 GB	691 MB	7.7 GB	94.7%	1.2%	1.6 GB	93.3 MB
1232	b8/144bd7	BGC_ANALYSIS:ANTISMASH_ANALYSIS:ANTISMASH (Pantoea_sp._At-9b)	COMPLETED	0	2026-08-28 19:53:17.710	2026-08-28 19:53:17.807	2026-08-28 19:53:52.800	32.7s	2	6 GB	897.8 MB	7.9 GB	121.1%	1.5%	1.1 GB	108.3 MB
1229	8c/dc3e6f	BGC_ANALYSIS:ANTISMASH_ANALYSIS:ANTISMASH (Pantoea_sp._A4)	COMPLETED	0	2026-08-28 19:52:56.744	2026-08-28 19:52:56.839	2026-08-28 19:53:53.877	54.8s	2	6 GB	490.9 MB	7.7 GB	102.7%	0.7%	2.2 GB	101.5 MB
1242	ff/295f80	BGC_ANALYSIS:ANTISMASH_ANALYSIS:ANTISMASH (Pantoea_sp._SM3)	COMPLETED	0	2026-08-28 19:53:04.373	2026-08-28 19:53:04.469	2026-08-28 19:53:58.301	51.7s	2	6 GB	703.8 MB	7.8 GB	95.4%	1.3%	2.2 GB	119.3 MB
1237	69/278f79	BGC_ANALYSIS:ANTISMASH_ANALYSIS:ANTISMASH (Pantoea_sp._IMH)	COMPLETED	0	2026-08-28 19:53:52.804	2026-08-28 19:53:52.900	2026-08-28 19:54:19.577	24.7s	2	6 GB	531.6 MB	7.8 GB	109.7%	0.7%	830.1 MB	55.3 MB
1234	96/87236f	BGC_ANALYSIS:ANTISMASH_ANALYSIS:ANTISMASH (Pantoea_sp._BL1)	COMPLETED	0	2026-08-28 19:53:25.639	2026-08-28 19:53:25.735	2026-08-28 19:54:26.480	58.6s	2	6 GB	713.8 MB	7.8 GB	96.5%	1.3%	2.6 GB	128.8 MB
1238	2e/8756e2	BGC_ANALYSIS:ANTISMASH_ANALYSIS:ANTISMASH (Pantoea_sp._MBLJ3)	COMPLETED	0	2026-08-28 19:53:53.881	2026-08-28 19:53:53.977	2026-08-28 19:54:30.564	34.4s	2	6 GB	521.6 MB	7.7 GB	106.1%	0.8%	1.3 GB	73.5 MB
1235	93/676608	BGC_ANALYSIS:ANTISMASH_ANALYSIS:ANTISMASH (Pantoea_sp._CFSAN033090)	COMPLETED	0	2026-08-28 19:53:49.162	2026-08-28 19:53:49.257	2026-08-28 19:54:31.491	40.2s	2	6 GB	680.6 MB	7.8 GB	95.8%	1.2%	1.6 GB	100.4 MB
1253	51/737f14	BGC_ANALYSIS:ANTISMASH_ANALYSIS:ANTISMASH (Pantoea_stewartii_S301)	COMPLETED	0	2026-08-28 19:54:19.581	2026-08-28 19:54:19.677	2026-08-28 19:54:53.543	31.6s	2	6 GB	504 MB	7.8 GB	104.5%	0.7%	1.2 GB	68.4 MB
1240	72/22e0a0	BGC_ANALYSIS:ANTISMASH_ANALYSIS:ANTISMASH (Pantoea_sp._OXWO6B1)	COMPLETED	0	2026-08-28 19:53:58.305	2026-08-28 19:53:58.401	2026-08-28 19:54:53.846	53.3s	2	6 GB	4.7 GB	7.8 GB	125.5%	5.5%	10.5 GB	86.7 MB
1236	20/fb6dc2	BGC_ANALYSIS:ANTISMASH_ANALYSIS:ANTISMASH (Pantoea_sp._GM01)	COMPLETED	0	2026-08-28 19:53:48.557	2026-08-28 19:53:48.653	2026-08-28 19:54:54.473	1m 4s	2	6 GB	723.3 MB	7.8 GB	96.8%	1.3%	2.9 GB	137.3 MB
1243	10/79bb39	BGC_ANALYSIS:ANTISMASH_ANALYSIS:ANTISMASH (Pantoea_sp._Sc1)	COMPLETED	0	2026-08-28 19:54:30.569	2026-08-28 19:54:30.664	2026-08-28 19:54:55.397	22.7s	2	6 GB	743.5 MB	7.8 GB	122.7%	1.2%	818.6 MB	69.4 MB
1244	4d/7fc035	BGC_ANALYSIS:ANTISMASH_ANALYSIS:ANTISMASH (Pantoea_sp._YR343)	COMPLETED	0	2026-08-28 19:54:31.496	2026-08-28 19:54:31.591	2026-08-28 19:54:59.348	25.7s	2	6 GB	846.3 MB	7.9 GB	126.9%	1.4%	954.4 MB	91.2 MB
1241	eb/810bee	BGC_ANALYSIS:ANTISMASH_ANALYSIS:ANTISMASH (Pantoea_sp._RIT-PI-b)	COMPLETED	0	2026-08-28 19:54:26.485	2026-08-28 19:54:26.580	2026-08-28 19:55:08.109	39.4s	2	6 GB	700.4 MB	7.8 GB	95.7%	1.3%	1.4 GB	99.3 MB
1246	1e/6428c0	BGC_ANALYSIS:ANTISMASH_ANALYSIS:ANTISMASH (Pantoea_stewartii_A206)	COMPLETED	0	2026-08-28 19:54:54.476	2026-08-28 19:54:54.572	2026-08-28 19:55:28.339	31.8s	2	6 GB	487.4 MB	7.7 GB	101.4%	0.7%	1.1 GB	67.9 MB
1245	29/4a81ee	BGC_ANALYSIS:ANTISMASH_ANALYSIS:ANTISMASH (Pantoea_sp._aB)	COMPLETED	0	2026-08-28 19:54:53.548	2026-08-28 19:54:53.643	2026-08-28 19:55:30.364	34.8s	2	6 GB	709 MB	7.8 GB	97.8%	1.2%	1.3 GB	94.4 MB
1248	1f/a5ab3c	BGC_ANALYSIS:ANTISMASH_ANALYSIS:ANTISMASH (Pantoea_stewartii_M073a)	COMPLETED	0	2026-08-28 19:54:55.402	2026-08-28 19:54:55.497	2026-08-28 19:55:30.732	33.3s	2	6 GB	709.6 MB	7.8 GB	99.1%	1.3%	1.3 GB	90.4 MB
1247	74/708a82	BGC_ANALYSIS:ANTISMASH_ANALYSIS:ANTISMASH (Pantoea_stewartii_M009)	COMPLETED	0	2026-08-28 19:54:53.850	2026-08-28 19:54:53.947	2026-08-28 19:55:34.467	38.6s	2	6 GB	694.5 MB	7.8 GB	95.9%	1.3%	1.6 GB	98.2 MB
1249	3a/877bcf	BGC_ANALYSIS:ANTISMASH_ANALYSIS:ANTISMASH (Pantoea_stewartii_NS381)	COMPLETED	0	2026-08-28 19:54:59.352	2026-08-28 19:54:59.448	2026-08-28 19:55:40.534	38.7s	2	6 GB	687 MB	7.8 GB	95.0%	1.2%	1.6 GB	95.2 MB
1250	e0/03405f	BGC_ANALYSIS:ANTISMASH_ANALYSIS:ANTISMASH (Pantoea_stewartii_RSA13)	COMPLETED	0	2026-08-28 19:55:08.113	2026-08-28 19:55:08.208	2026-08-28 19:55:50.720	40.3s	2	6 GB	679.1 MB	7.7 GB	95.8%	1.2%	1.7 GB	99.6 MB
1254	56/135ede	BGC_ANALYSIS:ANTISMASH_ANALYSIS:ANTISMASH (Pantoea_stewartii_subsp._indologenes_LMG_2632)	COMPLETED	0	2026-08-28 19:55:30.736	2026-08-28 19:55:30.832	2026-08-28 19:56:07.370	34.4s	2	6 GB	650.8 MB	7.7 GB	96.8%	1.0%	1.4 GB	90.5 MB
1252	73/302c55	BGC_ANALYSIS:ANTISMASH_ANALYSIS:ANTISMASH (Pantoea_stewartii_RSA36)	COMPLETED	0	2026-08-28 19:55:30.368	2026-08-28 19:55:30.465	2026-08-28 19:56:10.404	37.9s	2	6 GB	700 MB	7.8 GB	95.2%	1.3%	1.5 GB	96 MB
1256	c4/538357	BGC_ANALYSIS:ANTISMASH_ANALYSIS:ANTISMASH (Pantoea_stewartii_subsp._stewartii_DC283_2)	COMPLETED	0	2026-08-28 19:55:40.538	2026-08-28 19:55:40.634	2026-08-28 19:56:10.627	27.8s	2	6 GB	855.3 MB	7.9 GB	122.1%	1.4%	1.1 GB	90.7 MB
1261	6e/1ea512	BGC_ANALYSIS:ANTISMASH_ANALYSIS:ANTISMASH (Pantoea_vagans_ND02)	COMPLETED	0	2026-08-28 19:55:50.724	2026-08-28 19:55:50.821	2026-08-28 19:56:11.305	18.4s	2	6 GB	588.8 MB	7.3 GB	133.8%	1.0%	726.2 MB	51 MB
1251	70/3d00d6	BGC_ANALYSIS:ANTISMASH_ANALYSIS:ANTISMASH (Pantoea_stewartii_RSA30)	COMPLETED	0	2026-08-28 19:55:28.343	2026-08-28 19:55:28.439	2026-08-28 19:56:14.693	44.2s	2	6 GB	688.4 MB	7.8 GB	96.5%	1.2%	2 GB	106.2 MB
1255	de/426bf1	BGC_ANALYSIS:ANTISMASH_ANALYSIS:ANTISMASH (Pantoea_stewartii_subsp._stewartii_DC283)	COMPLETED	0	2026-08-28 19:55:34.471	2026-08-28 19:55:34.567	2026-08-28 19:56:21.757	45.1s	2	6 GB	704.3 MB	7.8 GB	98.1%	1.3%	2 GB	114 MB
1259	49/4bcf5f	BGC_ANALYSIS:ANTISMASH_ANALYSIS:ANTISMASH (Pantoea_vagans_FDAARGOS_160)	COMPLETED	0	2026-08-28 19:56:10.408	2026-08-28 19:56:10.504	2026-08-28 19:56:36.551	24.1s	2	6 GB	757.1 MB	7.8 GB	127.7%	1.3%	870.5 MB	79.2 MB
1258	44/a41a7e	BGC_ANALYSIS:ANTISMASH_ANALYSIS:ANTISMASH (Pantoea_vagans_C9-1)	COMPLETED	0	2026-08-28 19:56:10.630	2026-08-28 19:56:10.727	2026-08-28 19:56:37.663	24.9s	2	6 GB	767.3 MB	7.8 GB	125.3%	1.3%	876.4 MB	77.3 MB
1260	86/9377f3	BGC_ANALYSIS:ANTISMASH_ANALYSIS:ANTISMASH (Pantoea_vagans_MP7)	COMPLETED	0	2026-08-28 19:56:11.310	2026-08-28 19:56:11.405	2026-08-28 19:56:40.107	26.7s	2	6 GB	641.3 MB	7.7 GB	100.0%	1.0%	915.7 MB	76.9 MB
1262	29/6ab470	BGC_ANALYSIS:ANTISMASH_ANALYSIS:ANTISMASH (Pantoea_vagans_ZBG6)	COMPLETED	0	2026-08-28 19:56:07.374	2026-08-28 19:56:07.471	2026-08-28 19:56:56.914	47.2s	2	6 GB	671.8 MB	7.7 GB	96.5%	1.2%	2.1 GB	109.8 MB
1263	a0/322e74	BGC_ANALYSIS:ANTISMASH_ANALYSIS:ANTISMASH (Pantoea_agglomerans_GD03966)	COMPLETED	0	2026-08-28 19:56:40.123	2026-08-28 19:56:40.208	2026-08-28 19:57:15.643	33.2s	2	6 GB	669.9 MB	7.7 GB	96.1%	1.1%	1.2 GB	90 MB
1265	d0/0bbc88	BGC_ANALYSIS:ANTISMASH_ANALYSIS:ANTISMASH (Pantoea_allii_BAV3055)	COMPLETED	0	2026-08-28 19:56:37.667	2026-08-28 19:56:37.763	2026-08-28 19:57:17.345	37.5s	2	6 GB	758.2 MB	7.8 GB	96.6%	1.3%	1.4 GB	98 MB
1220	6b/8cd0a8	BGC_ANALYSIS:ANTISMASH_ANALYSIS:ANTISMASH (Pantoea_dispersa_SUBG008)	COMPLETED	0	2026-08-28 19:51:53.651	2026-08-28 19:51:53.746	2026-08-28 19:57:26.580	5m 30s	2	6 GB	629.3 MB	7.7 GB	110.9%	1.0%	18.6 GB	462.3 MB
1268	61/d0a165	BGC_ANALYSIS:ANTISMASH_ANALYSIS:ANTISMASH (Pantoea_ananatis_03-1)	COMPLETED	0	2026-08-28 19:56:21.761	2026-08-28 19:56:21.857	2026-08-28 19:57:27.022	1m 3s	2	6 GB	4.7 GB	7.8 GB	113.6%	5.5%	10.4 GB	75.1 MB
1278	b0/6c473c	BGC_ANALYSIS:ANTISMASH_ANALYSIS:ANTISMASH (Pantoea_ananatis_1-5)	COMPLETED	0	2026-08-28 19:56:36.555	2026-08-28 19:56:36.651	2026-08-28 19:57:40.645	1m 2s	2	6 GB	4.6 GB	7.8 GB	114.0%	4.5%	10.3 GB	71.4 MB
1233	aa/85fee0	BGC_ANALYSIS:ANTISMASH_ANALYSIS:ANTISMASH (Pantoea_sp._B40)	COMPLETED	0	2026-08-28 19:53:32.948	2026-08-28 19:53:33.044	2026-08-28 19:57:46.352	4m 11s	2	6 GB	507.2 MB	7.6 GB	111.8%	1.0%	13.5 GB	369.3 MB
1266	9d/9a6b43	BGC_ANALYSIS:ANTISMASH_ANALYSIS:ANTISMASH (Pantoea_ananatis_01-1)	COMPLETED	0	2026-08-28 19:57:17.350	2026-08-28 19:57:17.445	2026-08-28 19:57:56.711	37s	2	6 GB	508.2 MB	7.8 GB	103.5%	0.8%	1.3 GB	76.2 MB
1272	13/279523	BGC_ANALYSIS:ANTISMASH_ANALYSIS:ANTISMASH (Pantoea_ananatis_07-1)	COMPLETED	0	2026-08-28 19:56:56.919	2026-08-28 19:56:57.015	2026-08-28 19:58:04.400	1m 5s	2	6 GB	4.6 GB	7.7 GB	112.5%	5.0%	10.5 GB	78.1 MB
1277	25/e0373b	BGC_ANALYSIS:ANTISMASH_ANALYSIS:ANTISMASH (Pantoea_ananatis_1-2)	COMPLETED	0	2026-08-28 19:57:15.649	2026-08-28 19:57:15.743	2026-08-28 19:58:20.721	1m 3s	2	6 GB	4.6 GB	7.8 GB	114.6%	5.4%	10.4 GB	74.3 MB
1271	83/8f2b04	BGC_ANALYSIS:ANTISMASH_ANALYSIS:ANTISMASH (Pantoea_ananatis_06-4)	COMPLETED	0	2026-08-28 19:57:27.026	2026-08-28 19:57:27.122	2026-08-28 19:58:29.457	1m	2	6 GB	4.7 GB	7.9 GB	113.9%	7.1%	10.3 GB	71.9 MB
1257	9f/84e09c	BGC_ANALYSIS:ANTISMASH_ANALYSIS:ANTISMASH (Pantoea_vagans_848_PVAG)	COMPLETED	0	2026-08-28 19:56:14.698	2026-08-28 19:56:14.793	2026-08-28 19:58:34.948	2m 18s	2	6 GB	515.8 MB	7.7 GB	108.8%	0.8%	7 GB	215.8 MB
1274	3a/927379	BGC_ANALYSIS:ANTISMASH_ANALYSIS:ANTISMASH (Pantoea_ananatis_07-14)	COMPLETED	0	2026-08-28 19:57:26.584	2026-08-28 19:57:26.680	2026-08-28 19:58:47.095	1m 18s	2	6 GB	4.7 GB	7.9 GB	117.7%	5.4%	18.8 GB	77 MB
1267	8d/799c85	BGC_ANALYSIS:ANTISMASH_ANALYSIS:ANTISMASH (Pantoea_ananatis_02-12_2)	COMPLETED	0	2026-08-28 19:57:40.649	2026-08-28 19:57:40.745	2026-08-28 19:58:47.483	1m 4s	2	6 GB	4.6 GB	7.8 GB	114.6%	4.3%	10.3 GB	71.9 MB
1275	24/78c071	BGC_ANALYSIS:ANTISMASH_ANALYSIS:ANTISMASH (Pantoea_ananatis_08-1)	COMPLETED	0	2026-08-28 19:57:46.356	2026-08-28 19:57:46.451	2026-08-28 19:58:52.149	1m 4s	2	6 GB	4.7 GB	7.9 GB	113.3%	7.5%	10.3 GB	73.1 MB
1264	84/ca266c	BGC_ANALYSIS:ANTISMASH_ANALYSIS:ANTISMASH (Pantoea_agglomerans_RIT-To-3)	COMPLETED	0	2026-08-28 19:58:04.404	2026-08-28 19:58:04.500	2026-08-28 19:58:52.889	46.3s	2	6 GB	502.2 MB	7.7 GB	103.1%	0.9%	1.8 GB	90.1 MB
1269	3c/e8584b	BGC_ANALYSIS:ANTISMASH_ANALYSIS:ANTISMASH (Pantoea_ananatis_03-2)	COMPLETED	0	2026-08-28 19:58:20.726	2026-08-28 19:58:20.822	2026-08-28 19:59:01.757	38.4s	2	6 GB	510.2 MB	7.7 GB	104.0%	0.8%	1.5 GB	80.1 MB
1270	88/5d937b	BGC_ANALYSIS:ANTISMASH_ANALYSIS:ANTISMASH (Pantoea_ananatis_05-1)	COMPLETED	0	2026-08-28 19:57:56.715	2026-08-28 19:57:56.811	2026-08-28 19:59:10.987	1m 12s	2	6 GB	4.7 GB	7.8 GB	109.5%	7.4%	11.2 GB	83.9 MB
1281	89/6f9632	BGC_ANALYSIS:ANTISMASH_ANALYSIS:ANTISMASH (Pantoea_ananatis_11-1)	COMPLETED	0	2026-08-28 19:58:47.099	2026-08-28 19:58:47.196	2026-08-28 19:59:26.875	37.5s	2	6 GB	484.2 MB	7.7 GB	101.9%	0.7%	1.3 GB	76.1 MB
1273	0a/c33320	BGC_ANALYSIS:ANTISMASH_ANALYSIS:ANTISMASH (Pantoea_ananatis_07-10)	COMPLETED	0	2026-08-28 19:58:29.462	2026-08-28 19:58:29.558	2026-08-28 19:59:32.836	1m 1s	2	6 GB	4.6 GB	7.8 GB	112.7%	4.7%	10.3 GB	72 MB
1279	52/ce92fb	BGC_ANALYSIS:ANTISMASH_ANALYSIS:ANTISMASH (Pantoea_ananatis_1-6)	COMPLETED	0	2026-08-28 19:58:34.952	2026-08-28 19:58:35.048	2026-08-28 19:59:36.089	58.8s	2	6 GB	4.7 GB	7.8 GB	113.8%	5.6%	10.2 GB	69.8 MB
1280	51/fb3aff	BGC_ANALYSIS:ANTISMASH_ANALYSIS:ANTISMASH (Pantoea_ananatis_1-8)	COMPLETED	0	2026-08-28 19:59:01.762	2026-08-28 19:59:01.858	2026-08-28 19:59:43.222	39.2s	2	6 GB	490.5 MB	7.7 GB	104.2%	0.7%	1.5 GB	79.7 MB
1282	85/571a91	BGC_ANALYSIS:ANTISMASH_ANALYSIS:ANTISMASH (Pantoea_ananatis_13-1)	COMPLETED	0	2026-08-28 19:58:47.488	2026-08-28 19:58:47.584	2026-08-28 19:59:51.872	1m 2s	2	6 GB	4.6 GB	7.8 GB	110.5%	5.5%	9.1 GB	74.3 MB
1289	af/57049f	BGC_ANALYSIS:ANTISMASH_ANALYSIS:ANTISMASH (Pantoea_ananatis_18-7S)	COMPLETED	0	2026-08-28 19:58:52.153	2026-08-28 19:58:52.249	2026-08-28 19:59:54.242	59.8s	2	6 GB	3.2 GB	7.8 GB	113.7%	4.1%	10.3 GB	72.9 MB
1283	0f/2542ae	BGC_ANALYSIS:ANTISMASH_ANALYSIS:ANTISMASH (Pantoea_ananatis_15-1)	COMPLETED	0	2026-08-28 19:58:52.895	2026-08-28 19:58:52.989	2026-08-28 19:59:59.824	1m 5s	2	6 GB	4.6 GB	7.8 GB	110.9%	5.6%	10.4 GB	76.7 MB
1284	cc/29830e	BGC_ANALYSIS:ANTISMASH_ANALYSIS:ANTISMASH (Pantoea_ananatis_15-3)	COMPLETED	0	2026-08-28 19:59:26.880	2026-08-28 19:59:26.975	2026-08-28 20:00:04.929	35.7s	2	6 GB	489.5 MB	7.7 GB	103.5%	0.7%	1.3 GB	76.3 MB
1290	91/0e98eb	BGC_ANALYSIS:ANTISMASH_ANALYSIS:ANTISMASH (Pantoea_ananatis_18-8S)	COMPLETED	0	2026-08-28 19:59:32.840	2026-08-28 19:59:32.936	2026-08-28 20:00:17.993	42.8s	2	6 GB	501.2 MB	7.8 GB	101.4%	0.7%	1.7 GB	86.2 MB
1286	80/bea812	BGC_ANALYSIS:ANTISMASH_ANALYSIS:ANTISMASH (Pantoea_ananatis_18-10S)	COMPLETED	0	2026-08-28 19:59:36.093	2026-08-28 19:59:36.188	2026-08-28 20:00:21.728	43.5s	2	6 GB	497 MB	7.8 GB	100.4%	0.7%	1.7 GB	86.6 MB
1291	fa/300215	BGC_ANALYSIS:ANTISMASH_ANALYSIS:ANTISMASH (Pantoea_ananatis_19-13)	COMPLETED	0	2026-08-28 19:59:10.990	2026-08-28 19:59:11.087	2026-08-28 20:00:21.949	1m 9s	2	6 GB	4.6 GB	7.8 GB	110.2%	4.7%	10.7 GB	83.8 MB
1276	5b/367acb	BGC_ANALYSIS:ANTISMASH_ANALYSIS:ANTISMASH (Pantoea_ananatis_1-10)	COMPLETED	0	2026-08-28 19:59:54.248	2026-08-28 19:59:54.342	2026-08-28 20:00:29.093	32.7s	2	6 GB	539.8 MB	7.8 GB	110.8%	0.7%	1.2 GB	73.6 MB
1288	54/ed1e13	BGC_ANALYSIS:ANTISMASH_ANALYSIS:ANTISMASH (Pantoea_ananatis_18-6S)	COMPLETED	0	2026-08-28 19:59:43.226	2026-08-28 19:59:43.322	2026-08-28 20:00:29.704	44.4s	2	6 GB	504.4 MB	7.8 GB	100.5%	0.8%	1.8 GB	87.7 MB
1285	fd/ba9f58	BGC_ANALYSIS:ANTISMASH_ANALYSIS:ANTISMASH (Pantoea_ananatis_18-10)	COMPLETED	0	2026-08-28 19:59:51.876	2026-08-28 19:59:51.972	2026-08-28 20:00:34.137	40.1s	2	6 GB	515.7 MB	7.8 GB	101.6%	0.8%	1.5 GB	83.2 MB
1287	33/30b240	BGC_ANALYSIS:ANTISMASH_ANALYSIS:ANTISMASH (Pantoea_ananatis_18-2)	COMPLETED	0	2026-08-28 19:59:59.829	2026-08-28 19:59:59.924	2026-08-28 20:01:00.626	58.5s	2	6 GB	4.6 GB	7.9 GB	116.7%	5.5%	10.2 GB	71.7 MB
1298	9b/d4abc8	BGC_ANALYSIS:ANTISMASH_ANALYSIS:ANTISMASH (Pantoea_ananatis_200-1)	COMPLETED	0	2026-08-28 20:00:29.709	2026-08-28 20:00:29.804	2026-08-28 20:01:06.828	34.9s	2	6 GB	510.8 MB	7.8 GB	103.9%	0.7%	1.2 GB	71.9 MB
1296	e0/d50b93	BGC_ANALYSIS:ANTISMASH_ANALYSIS:ANTISMASH (Pantoea_ananatis_2-6)	COMPLETED	0	2026-08-28 20:00:21.731	2026-08-28 20:00:21.828	2026-08-28 20:01:36.345	1m 12s	2	6 GB	4.7 GB	7.8 GB	110.7%	7.2%	10.5 GB	79.9 MB
1294	27/e600a0	BGC_ANALYSIS:ANTISMASH_ANALYSIS:ANTISMASH (Pantoea_ananatis_2-1)	COMPLETED	0	2026-08-28 20:00:04.933	2026-08-28 20:00:05.030	2026-08-28 20:01:39.498	1m 32s	2	6 GB	4.7 GB	7.9 GB	121.8%	5.9%	24 GB	79.7 MB
1299	f5/862b5e	BGC_ANALYSIS:ANTISMASH_ANALYSIS:ANTISMASH (Pantoea_ananatis_200-10)	COMPLETED	0	2026-08-28 20:00:34.141	2026-08-28 20:00:34.237	2026-08-28 20:01:46.193	1m 10s	2	6 GB	4.7 GB	7.7 GB	111.5%	7.8%	10.5 GB	78.3 MB
1295	d3/2a230e	BGC_ANALYSIS:ANTISMASH_ANALYSIS:ANTISMASH (Pantoea_ananatis_2-5)	COMPLETED	0	2026-08-28 20:00:21.953	2026-08-28 20:00:22.049	2026-08-28 20:01:48.217	1m 24s	2	6 GB	3.3 GB	7.9 GB	125.7%	3.8%	23.5 GB	74.9 MB
1301	a8/2e991a	BGC_ANALYSIS:ANTISMASH_ANALYSIS:ANTISMASH (Pantoea_ananatis_200-12)	COMPLETED	0	2026-08-28 20:01:06.832	2026-08-28 20:01:06.928	2026-08-28 20:02:14.036	1m 5s	2	6 GB	4.7 GB	7.9 GB	112.9%	6.8%	10.4 GB	76.3 MB
1293	12/8aa0df	BGC_ANALYSIS:ANTISMASH_ANALYSIS:ANTISMASH (Pantoea_ananatis_19-8)	COMPLETED	0	2026-08-28 20:00:17.997	2026-08-28 20:00:18.094	2026-08-28 20:02:19.954	2m	2	6 GB	4.6 GB	7.7 GB	109.4%	5.7%	13.1 GB	146.3 MB
1292	3a/58dfeb	BGC_ANALYSIS:ANTISMASH_ANALYSIS:ANTISMASH (Pantoea_ananatis_19-20)	COMPLETED	0	2026-08-28 20:00:29.097	2026-08-28 20:00:29.194	2026-08-28 20:02:23.807	1m 52s	2	6 GB	4.6 GB	7.7 GB	110.1%	4.4%	12.4 GB	142.9 MB
1297	5f/133777	BGC_ANALYSIS:ANTISMASH_ANALYSIS:ANTISMASH (Pantoea_ananatis_2-7)	COMPLETED	0	2026-08-28 20:01:00.630	2026-08-28 20:01:00.727	2026-08-28 20:02:26.493	1m 23s	2	6 GB	3.2 GB	7.8 GB	123.7%	4.2%	23.5 GB	75.4 MB
1300	21/0c3a7e	BGC_ANALYSIS:ANTISMASH_ANALYSIS:ANTISMASH (Pantoea_ananatis_200-11)	COMPLETED	0	2026-08-28 20:01:36.349	2026-08-28 20:01:36.446	2026-08-28 20:02:42.858	1m 4s	2	6 GB	4.6 GB	7.7 GB	112.4%	5.2%	10.4 GB	75.8 MB
1303	a3/d24762	BGC_ANALYSIS:ANTISMASH_ANALYSIS:ANTISMASH (Pantoea_ananatis_200-7)	COMPLETED	0	2026-08-28 20:01:46.198	2026-08-28 20:01:46.293	2026-08-28 20:02:52.502	1m 4s	2	6 GB	4.7 GB	7.8 GB	111.7%	6.9%	10.8 GB	74.4 MB
1302	4e/25462a	BGC_ANALYSIS:ANTISMASH_ANALYSIS:ANTISMASH (Pantoea_ananatis_200-2)	COMPLETED	0	2026-08-28 20:01:39.502	2026-08-28 20:01:39.598	2026-08-28 20:03:07.044	1m 25s	2	6 GB	4.7 GB	8 GB	120.9%	5.2%	23.1 GB	76.4 MB
1304	c8/74d32c	BGC_ANALYSIS:ANTISMASH_ANALYSIS:ANTISMASH (Pantoea_ananatis_4-2)	COMPLETED	0	2026-08-28 20:01:48.221	2026-08-28 20:01:48.317	2026-08-28 20:03:18.717	1m 28s	2	6 GB	4.8 GB	7.8 GB	123.0%	6.0%	23.4 GB	78.6 MB
1305	6a/1f26ab	BGC_ANALYSIS:ANTISMASH_ANALYSIS:ANTISMASH (Pantoea_ananatis_92-7)	COMPLETED	0	2026-08-28 20:02:14.041	2026-08-28 20:02:14.136	2026-08-28 20:03:22.557	1m 6s	2	6 GB	4.6 GB	7.7 GB	109.0%	5.7%	10.4 GB	76.8 MB
1307	45/333004	BGC_ANALYSIS:ANTISMASH_ANALYSIS:ANTISMASH (Pantoea_ananatis_97-2)	COMPLETED	0	2026-08-28 20:02:19.959	2026-08-28 20:02:20.055	2026-08-28 20:03:26.755	1m 5s	2	6 GB	4.7 GB	7.9 GB	111.0%	7.6%	10.8 GB	72.8 MB
1306	85/9e3f0e	BGC_ANALYSIS:ANTISMASH_ANALYSIS:ANTISMASH (Pantoea_ananatis_97-11)	COMPLETED	0	2026-08-28 20:02:23.812	2026-08-28 20:02:23.907	2026-08-28 20:03:32.869	1m 7s	2	6 GB	4.6 GB	7.8 GB	110.4%	6.0%	10.4 GB	76 MB
1309	68/fefabd	BGC_ANALYSIS:ANTISMASH_ANALYSIS:ANTISMASH (Pantoea_ananatis_98-1)	COMPLETED	0	2026-08-28 20:02:26.497	2026-08-28 20:02:26.593	2026-08-28 20:03:42.076	1m 13s	2	6 GB	4.6 GB	7.8 GB	108.2%	5.2%	10.6 GB	81.9 MB
1308	52/933037	BGC_ANALYSIS:ANTISMASH_ANALYSIS:ANTISMASH (Pantoea_ananatis_97-3)	COMPLETED	0	2026-08-28 20:02:42.863	2026-08-28 20:02:42.958	2026-08-28 20:03:50.702	1m 6s	2	6 GB	4.7 GB	7.9 GB	111.9%	6.9%	10.8 GB	74.9 MB
1313	16/347a4f	BGC_ANALYSIS:ANTISMASH_ANALYSIS:ANTISMASH (Pantoea_ananatis_98-3)	COMPLETED	0	2026-08-28 20:03:22.560	2026-08-28 20:03:22.657	2026-08-28 20:04:01.777	37.1s	2	6 GB	505.5 MB	7.8 GB	105.8%	0.7%	1.4 GB	78.5 MB
1310	0b/c8f565	BGC_ANALYSIS:ANTISMASH_ANALYSIS:ANTISMASH (Pantoea_ananatis_98-11)	COMPLETED	0	2026-08-28 20:02:52.515	2026-08-28 20:02:52.612	2026-08-28 20:04:12.909	1m 18s	2	6 GB	4.7 GB	7.8 GB	119.1%	5.2%	18.5 GB	81.2 MB
1311	00/87fdb1	BGC_ANALYSIS:ANTISMASH_ANALYSIS:ANTISMASH (Pantoea_ananatis_98-12)	COMPLETED	0	2026-08-28 20:03:07.052	2026-08-28 20:03:07.144	2026-08-28 20:04:14.204	1m 5s	2	6 GB	4.7 GB	7.9 GB	111.0%	8.0%	10.5 GB	77.7 MB
1314	7e/700892	BGC_ANALYSIS:ANTISMASH_ANALYSIS:ANTISMASH (Pantoea_ananatis_98-7)	COMPLETED	0	2026-08-28 20:03:26.759	2026-08-28 20:03:26.855	2026-08-28 20:04:35.616	1m 7s	2	6 GB	4.6 GB	7.8 GB	111.2%	6.2%	10.5 GB	80.1 MB
1315	3a/b0b305	BGC_ANALYSIS:ANTISMASH_ANALYSIS:ANTISMASH (Pantoea_ananatis_98-8)	COMPLETED	0	2026-08-28 20:03:32.873	2026-08-28 20:03:32.969	2026-08-28 20:04:39.821	1m 5s	2	6 GB	4.6 GB	7.7 GB	110.5%	5.5%	10.4 GB	76 MB
1312	9b/95fac5	BGC_ANALYSIS:ANTISMASH_ANALYSIS:ANTISMASH (Pantoea_ananatis_98-2)	COMPLETED	0	2026-08-28 20:03:18.722	2026-08-28 20:03:18.817	2026-08-28 20:04:42.329	1m 21s	2	6 GB	4.7 GB	7.8 GB	115.0%	5.4%	19 GB	83.9 MB
1316	b5/368473	BGC_ANALYSIS:ANTISMASH_ANALYSIS:ANTISMASH (Pantoea_ananatis_99-1)	COMPLETED	0	2026-08-28 20:03:42.081	2026-08-28 20:03:42.176	2026-08-28 20:04:47.818	1m 3s	2	6 GB	4.7 GB	7.9 GB	111.9%	7.5%	10.4 GB	74.3 MB
1317	0f/de252a	BGC_ANALYSIS:ANTISMASH_ANALYSIS:ANTISMASH (Pantoea_ananatis_99-10)	COMPLETED	0	2026-08-28 20:03:50.705	2026-08-28 20:03:50.802	2026-08-28 20:05:01.888	1m 9s	2	6 GB	4.7 GB	7.8 GB	109.7%	7.5%	10.7 GB	83.8 MB
1320	63/bb8edb	BGC_ANALYSIS:ANTISMASH_ANALYSIS:ANTISMASH (Pantoea_ananatis_99-14)	COMPLETED	0	2026-08-28 20:04:14.209	2026-08-28 20:04:14.304	2026-08-28 20:05:19.208	1m 3s	2	6 GB	4.7 GB	7.8 GB	112.8%	6.4%	10.8 GB	74 MB
1324	29/555003	BGC_ANALYSIS:ANTISMASH_ANALYSIS:ANTISMASH (Pantoea_ananatis_99-24)	COMPLETED	0	2026-08-28 20:04:47.822	2026-08-28 20:04:47.921	2026-08-28 20:05:27.589	37.6s	2	6 GB	495.9 MB	7.8 GB	101.3%	0.7%	1.4 GB	77.5 MB
1318	ce/8f9a38	BGC_ANALYSIS:ANTISMASH_ANALYSIS:ANTISMASH (Pantoea_ananatis_99-11)	COMPLETED	0	2026-08-28 20:04:01.784	2026-08-28 20:04:01.876	2026-08-28 20:05:35.170	1m 31s	2	6 GB	4.7 GB	7.9 GB	119.0%	3.8%	23.4 GB	87.9 MB
1323	28/4924bd	BGC_ANALYSIS:ANTISMASH_ANALYSIS:ANTISMASH (Pantoea_ananatis_99-23)	COMPLETED	0	2026-08-28 20:05:01.893	2026-08-28 20:05:01.988	2026-08-28 20:05:39.051	34.5s	2	6 GB	489.8 MB	7.8 GB	104.1%	0.8%	1.3 GB	74.4 MB
1322	db/4395dd	BGC_ANALYSIS:ANTISMASH_ANALYSIS:ANTISMASH (Pantoea_ananatis_99-2)	COMPLETED	0	2026-08-28 20:04:39.825	2026-08-28 20:04:39.921	2026-08-28 20:05:43.726	1m 2s	2	6 GB	4.6 GB	7.8 GB	113.4%	5.5%	10.4 GB	75.8 MB
1319	8a/fc06d2	BGC_ANALYSIS:ANTISMASH_ANALYSIS:ANTISMASH (Pantoea_ananatis_99-12)	COMPLETED	0	2026-08-28 20:04:12.914	2026-08-28 20:04:13.009	2026-08-28 20:05:47.173	1m 32s	2	6 GB	4.7 GB	7.9 GB	117.9%	4.1%	22.9 GB	88.3 MB
1321	78/79492d	BGC_ANALYSIS:ANTISMASH_ANALYSIS:ANTISMASH (Pantoea_ananatis_99-14_2)	COMPLETED	0	2026-08-28 20:04:42.333	2026-08-28 20:04:42.429	2026-08-28 20:05:54.897	1m 10s	2	6 GB	4.6 GB	7.8 GB	109.0%	5.4%	10.7 GB	84.8 MB
1328	27/58842c	BGC_ANALYSIS:ANTISMASH_ANALYSIS:ANTISMASH (Pantoea_ananatis_99-3)	COMPLETED	0	2026-08-28 20:04:35.620	2026-08-28 20:04:35.715	2026-08-28 20:05:56.183	1m 18s	2	6 GB	4.6 GB	7.8 GB	115.2%	7.3%	19.4 GB	82 MB
1331	93/a8acbb	BGC_ANALYSIS:ANTISMASH_ANALYSIS:ANTISMASH (Pantoea_ananatis_99-36)	COMPLETED	0	2026-08-28 20:05:43.730	2026-08-28 20:05:43.826	2026-08-28 20:06:20.157	34.5s	2	6 GB	523.5 MB	7.8 GB	106.8%	0.7%	1.3 GB	74.5 MB
1325	c9/53bbb5	BGC_ANALYSIS:ANTISMASH_ANALYSIS:ANTISMASH (Pantoea_ananatis_99-25)	COMPLETED	0	2026-08-28 20:05:19.212	2026-08-28 20:05:19.308	2026-08-28 20:06:21.628	1m	2	6 GB	4.6 GB	7.8 GB	112.2%	5.5%	10.3 GB	72.1 MB
1326	6d/c83331	BGC_ANALYSIS:ANTISMASH_ANALYSIS:ANTISMASH (Pantoea_ananatis_99-27)	COMPLETED	0	2026-08-28 20:05:27.594	2026-08-28 20:05:27.689	2026-08-28 20:06:23.776	53.9s	2	6 GB	3.2 GB	7.7 GB	116.4%	4.2%	10.2 GB	69.4 MB
1332	82/875653	BGC_ANALYSIS:ANTISMASH_ANALYSIS:ANTISMASH (Pantoea_ananatis_99-5)	COMPLETED	0	2026-08-28 20:05:54.903	2026-08-28 20:05:54.997	2026-08-28 20:06:29.928	32.8s	2	6 GB	525.6 MB	7.8 GB	107.1%	0.7%	1.3 GB	74.7 MB
1327	a8/7a112d	BGC_ANALYSIS:ANTISMASH_ANALYSIS:ANTISMASH (Pantoea_ananatis_99-29)	COMPLETED	0	2026-08-28 20:05:35.174	2026-08-28 20:05:35.270	2026-08-28 20:06:40.337	1m 3s	2	6 GB	4.7 GB	7.8 GB	109.3%	6.9%	10.4 GB	75.7 MB
1330	17/501b57	BGC_ANALYSIS:ANTISMASH_ANALYSIS:ANTISMASH (Pantoea_ananatis_99-32)	COMPLETED	0	2026-08-28 20:05:47.178	2026-08-28 20:05:47.273	2026-08-28 20:06:48.875	59.3s	2	6 GB	4.6 GB	7.8 GB	113.2%	5.3%	10.8 GB	73.8 MB
1334	66/a69d9a	BGC_ANALYSIS:ANTISMASH_ANALYSIS:ANTISMASH (Pantoea_ananatis_99-7)	COMPLETED	0	2026-08-28 20:05:56.187	2026-08-28 20:05:56.283	2026-08-28 20:07:02.885	1m 4s	2	6 GB	4.7 GB	7.8 GB	111.6%	5.5%	10.5 GB	79.5 MB
1345	75/74543d	BGC_ANALYSIS:ANTISMASH_ANALYSIS:ANTISMASH (Pantoea_dispersa_LASM22)	COMPLETED	0	2026-08-28 20:06:23.780	2026-08-28 20:06:23.876	2026-08-28 20:07:03.538	37.7s	2	6 GB	733.7 MB	7.8 GB	97.7%	1.3%	1.5 GB	101.6 MB
1336	04/a2967c	BGC_ANALYSIS:ANTISMASH_ANALYSIS:ANTISMASH (Pantoea_ananatis_99-9)	COMPLETED	0	2026-08-28 20:06:29.932	2026-08-28 20:06:30.028	2026-08-28 20:07:14.109	41.8s	2	6 GB	502.1 MB	7.8 GB	104.2%	0.7%	1.7 GB	86.1 MB
1335	7c/583dc8	BGC_ANALYSIS:ANTISMASH_ANALYSIS:ANTISMASH (Pantoea_ananatis_99-8)	COMPLETED	0	2026-08-28 20:06:20.164	2026-08-28 20:06:20.257	2026-08-28 20:07:19.309	57.3s	2	6 GB	3.1 GB	7.8 GB	113.0%	2.9%	10.3 GB	74 MB
1333	c8/a096a2	BGC_ANALYSIS:ANTISMASH_ANALYSIS:ANTISMASH (Pantoea_ananatis_99-6)	COMPLETED	0	2026-08-28 20:06:21.631	2026-08-28 20:06:21.729	2026-08-28 20:07:27.625	1m 4s	2	6 GB	4.6 GB	7.7 GB	110.4%	6.5%	10.5 GB	80.4 MB
1349	c6/0fae05	BGC_ANALYSIS:ANTISMASH_ANALYSIS:ANTISMASH (Pantoea_sp._Cr_R13)	COMPLETED	0	2026-08-28 20:07:02.890	2026-08-28 20:07:02.985	2026-08-28 20:07:32.359	27.3s	2	6 GB	709.4 MB	7.8 GB	100.9%	1.3%	1 GB	83.5 MB
1338	85/96e21d	BGC_ANALYSIS:ANTISMASH_ANALYSIS:ANTISMASH (Pantoea_ananatis_ATCC_35400)	COMPLETED	0	2026-08-28 20:06:48.879	2026-08-28 20:06:48.974	2026-08-28 20:07:39.792	48.8s	2	6 GB	4.7 GB	7.8 GB	119.6%	3.8%	9.7 GB	81.9 MB
1337	15/8e6fb8	BGC_ANALYSIS:ANTISMASH_ANALYSIS:ANTISMASH (Pantoea_ananatis_99-9_2)	COMPLETED	0	2026-08-28 20:06:40.341	2026-08-28 20:06:40.437	2026-08-28 20:07:44.224	1m 2s	2	6 GB	4.6 GB	7.8 GB	111.7%	5.3%	10.9 GB	77.7 MB
1350	c0/492a19	BGC_ANALYSIS:ANTISMASH_ANALYSIS:ANTISMASH (Pantoea_sp._Cr_R14)	COMPLETED	0	2026-08-28 20:07:03.542	2026-08-28 20:07:03.639	2026-08-28 20:07:46.934	41.4s	2	6 GB	676.9 MB	7.8 GB	95.5%	1.1%	1.8 GB	104.2 MB
1341	6e/943dcc	BGC_ANALYSIS:ANTISMASH_ANALYSIS:ANTISMASH (Pantoea_ananatis_LASM19)	COMPLETED	0	2026-08-28 20:07:27.629	2026-08-28 20:07:27.726	2026-08-28 20:08:12.956	43.2s	2	6 GB	691.3 MB	7.7 GB	96.7%	1.2%	1.9 GB	113.2 MB
1339	0b/0bbe20	BGC_ANALYSIS:ANTISMASH_ANALYSIS:ANTISMASH (Pantoea_ananatis_BAV3127)	COMPLETED	0	2026-08-28 20:07:14.113	2026-08-28 20:07:14.209	2026-08-28 20:08:17.161	1m 1s	2	6 GB	4.8 GB	7.9 GB	131.8%	5.7%	21.4 GB	82.4 MB
1342	4a/57a52e	BGC_ANALYSIS:ANTISMASH_ANALYSIS:ANTISMASH (Pantoea_brenneri_GD03661)	COMPLETED	0	2026-08-28 20:07:32.362	2026-08-28 20:07:32.459	2026-08-28 20:08:22.352	47.9s	2	6 GB	735.7 MB	7.8 GB	96.9%	1.2%	2.2 GB	114.8 MB
1340	11/687b91	BGC_ANALYSIS:ANTISMASH_ANALYSIS:ANTISMASH (Pantoea_ananatis_GD04167)	COMPLETED	0	2026-08-28 20:07:19.313	2026-08-28 20:07:19.410	2026-08-28 20:08:23.933	1m 3s	2	6 GB	4.7 GB	7.8 GB	107.5%	4.6%	10.1 GB	97.2 MB
1346	ad/019b8f	BGC_ANALYSIS:ANTISMASH_ANALYSIS:ANTISMASH (Pantoea_endophytica_RIT-836)	COMPLETED	0	2026-08-28 20:07:46.938	2026-08-28 20:07:47.034	2026-08-28 20:08:25.348	36.4s	2	6 GB	527.4 MB	7.8 GB	105.5%	0.9%	1.3 GB	77.4 MB
1344	da/f8bc34	BGC_ANALYSIS:ANTISMASH_ANALYSIS:ANTISMASH (Pantoea_dispersa_G5483)	COMPLETED	0	2026-08-28 20:07:44.228	2026-08-28 20:07:44.325	2026-08-28 20:08:28.504	42.1s	2	6 GB	709.3 MB	7.8 GB	95.7%	1.2%	1.8 GB	110.1 MB
1347	b3/b91f1a	BGC_ANALYSIS:ANTISMASH_ANALYSIS:ANTISMASH (Pantoea_eucrina_BAV3128)	COMPLETED	0	2026-08-28 20:08:12.961	2026-08-28 20:08:13.056	2026-08-28 20:08:31.010	16.1s	2	6 GB	608.9 MB	7.3 GB	130.4%	1.0%	712.4 MB	50.7 MB
1343	12/d02e52	BGC_ANALYSIS:ANTISMASH_ANALYSIS:ANTISMASH (Pantoea_brenneri_GD03984)	COMPLETED	0	2026-08-28 20:07:39.796	2026-08-28 20:07:39.894	2026-08-28 20:08:33.540	51.5s	2	6 GB	709.7 MB	7.8 GB	96.0%	1.2%	2.4 GB	121.7 MB
1361	25/9e8ae6	BGC_ANALYSIS:ANTISMASH_ANALYSIS:ANTISMASH (Pantoea_stewartii_ICMP_10132)	COMPLETED	0	2026-08-28 20:08:23.938	2026-08-28 20:08:24.034	2026-08-28 20:08:50.947	25s	2	6 GB	828.5 MB	7.8 GB	121.0%	1.4%	1005 MB	89.5 MB
1348	4f/c0da14	BGC_ANALYSIS:ANTISMASH_ANALYSIS:ANTISMASH (Pantoea_eucrina_L_E1_T5_bin.25)	COMPLETED	0	2026-08-28 20:08:17.165	2026-08-28 20:08:17.261	2026-08-28 20:08:54.759	35.5s	2	6 GB	621.7 MB	7.7 GB	94.8%	1.0%	1.6 GB	80.3 MB
1351	27/9c5ebd	BGC_ANALYSIS:ANTISMASH_ANALYSIS:ANTISMASH (Pantoea_sp._Cr_R21)	COMPLETED	0	2026-08-28 20:08:22.356	2026-08-28 20:08:22.452	2026-08-28 20:09:04.862	40.3s	2	6 GB	660.7 MB	7.7 GB	95.6%	1.1%	1.8 GB	103 MB
1352	0d/1f66f4	BGC_ANALYSIS:ANTISMASH_ANALYSIS:ANTISMASH (Pantoea_sp._EA-12)	COMPLETED	0	2026-08-28 20:08:25.352	2026-08-28 20:08:25.448	2026-08-28 20:09:08.761	41.3s	2	6 GB	761.6 MB	7.8 GB	94.4%	1.3%	1.6 GB	111.5 MB
1354	66/5d4654	BGC_ANALYSIS:ANTISMASH_ANALYSIS:ANTISMASH (Pantoea_sp._GD03673)	COMPLETED	0	2026-08-28 20:08:31.013	2026-08-28 20:08:31.110	2026-08-28 20:09:09.332	36.2s	2	6 GB	753.1 MB	7.8 GB	97.4%	1.3%	1.5 GB	95.9 MB
1353	ae/894dc4	BGC_ANALYSIS:ANTISMASH_ANALYSIS:ANTISMASH (Pantoea_sp._EABMAA-21)	COMPLETED	0	2026-08-28 20:08:28.507	2026-08-28 20:08:28.604	2026-08-28 20:09:12.165	41.6s	2	6 GB	729.6 MB	7.8 GB	94.1%	1.3%	1.7 GB	110.2 MB
1356	08/bd971b	BGC_ANALYSIS:ANTISMASH_ANALYSIS:ANTISMASH (Pantoea_sp._SS70_ss70)	COMPLETED	0	2026-08-28 20:08:50.951	2026-08-28 20:08:51.047	2026-08-28 20:09:17.249	24.3s	2	6 GB	799.6 MB	7.8 GB	124.7%	1.3%	941.2 MB	87.8 MB
1359	0f/676b91	BGC_ANALYSIS:ANTISMASH_ANALYSIS:ANTISMASH (Pantoea_sp._X85)	COMPLETED	0	2026-08-28 20:09:04.866	2026-08-28 20:09:04.962	2026-08-28 20:09:30.328	23.5s	2	6 GB	790.7 MB	7.8 GB	129.5%	1.3%	874.1 MB	84.4 MB
1367	f3/532bcb	BGC_ANALYSIS:ANTISMASH_ANALYSIS:ANTISMASH (Pantoea_agglomerans_Pa1-28_2)	COMPLETED	0	2026-08-28 20:09:12.168	2026-08-28 20:09:12.265	2026-08-28 20:09:41.179	27s	2	6 GB	803.9 MB	7.8 GB	120.7%	1.4%	1.1 GB	91.2 MB
1376	02/cdad2f	BGC_ANALYSIS:ANTISMASH_ANALYSIS:ANTISMASH (Pantoea_agglomerans_Pa21-13_3)	COMPLETED	0	2026-08-28 20:09:17.252	2026-08-28 20:09:17.348	2026-08-28 20:09:43.751	24.3s	2	6 GB	793.7 MB	7.8 GB	125.0%	1.4%	948.9 MB	84.1 MB
1362	15/35a24a	BGC_ANALYSIS:ANTISMASH_ANALYSIS:ANTISMASH (Pantoea_trifolii_RIT-To-1)	COMPLETED	0	2026-08-28 20:09:09.336	2026-08-28 20:09:09.432	2026-08-28 20:09:48.054	36.8s	2	6 GB	519 MB	7.8 GB	105.5%	0.8%	1.4 GB	78.5 MB
1357	50/1d5b52	BGC_ANALYSIS:ANTISMASH_ANALYSIS:ANTISMASH (Pantoea_sp._V106_11)	COMPLETED	0	2026-08-28 20:08:54.763	2026-08-28 20:08:54.860	2026-08-28 20:09:55.918	59.2s	2	6 GB	4.8 GB	7.9 GB	108.1%	4.8%	10 GB	96.7 MB
1368	10/187aa5	BGC_ANALYSIS:ANTISMASH_ANALYSIS:ANTISMASH (Pantoea_agglomerans_Pa13-1)	COMPLETED	0	2026-08-28 20:09:30.331	2026-08-28 20:09:30.428	2026-08-28 20:09:57.113	24.6s	2	6 GB	803.8 MB	7.8 GB	121.4%	1.3%	942.5 MB	83.8 MB
1374	f6/ac8112	BGC_ANALYSIS:ANTISMASH_ANALYSIS:ANTISMASH (Pantoea_agglomerans_Pa21-12)	COMPLETED	0	2026-08-28 20:09:41.186	2026-08-28 20:09:41.279	2026-08-28 20:10:06.501	23.2s	2	6 GB	803 MB	7.8 GB	126.0%	1.4%	901.8 MB	82.6 MB
1375	c7/da7860	BGC_ANALYSIS:ANTISMASH_ANALYSIS:ANTISMASH (Pantoea_agglomerans_Pa21-13_2)	COMPLETED	0	2026-08-28 20:09:43.759	2026-08-28 20:09:43.851	2026-08-28 20:10:09.109	23.2s	2	6 GB	792.4 MB	7.8 GB	126.2%	1.3%	900.3 MB	82.6 MB
1329	14/28e6e9	BGC_ANALYSIS:ANTISMASH_ANALYSIS:ANTISMASH (Pantoea_ananatis_99-31)	COMPLETED	0	2026-08-28 20:05:39.056	2026-08-28 20:05:39.151	2026-08-28 20:10:09.972	4m 29s	2	6 GB	4.8 GB	7.8 GB	114.7%	5.5%	35.6 GB	341.7 MB
1378	b7/67e8c1	BGC_ANALYSIS:ANTISMASH_ANALYSIS:ANTISMASH (Pantoea_agglomerans_Pa21-15_2)	COMPLETED	0	2026-08-28 20:09:48.058	2026-08-28 20:09:48.154	2026-08-28 20:10:13.752	23.7s	2	6 GB	802.3 MB	7.8 GB	125.8%	1.3%	928.5 MB	83.7 MB
1358	d8/cf9eab	BGC_ANALYSIS:ANTISMASH_ANALYSIS:ANTISMASH (Pantoea_sp._V108_6)	COMPLETED	0	2026-08-28 20:09:08.764	2026-08-28 20:09:08.862	2026-08-28 20:10:17.892	1m 7s	2	6 GB	4.8 GB	7.9 GB	104.8%	6.5%	10.4 GB	108.5 MB
1364	ab/daa5e8	BGC_ANALYSIS:ANTISMASH_ANALYSIS:ANTISMASH (Pantoea_agglomerans_FJ2)	COMPLETED	0	2026-08-28 20:09:55.922	2026-08-28 20:09:56.018	2026-08-28 20:10:22.466	24.4s	2	6 GB	627.9 MB	7.9 GB	122.9%	1.0%	838.3 MB	63.5 MB
1379	18/903a19	BGC_ANALYSIS:ANTISMASH_ANALYSIS:ANTISMASH (Pantoea_agglomerans_Pa21-15_3)	COMPLETED	0	2026-08-28 20:09:57.117	2026-08-28 20:09:57.213	2026-08-28 20:10:23.006	23.7s	2	6 GB	789 MB	7.8 GB	123.4%	1.4%	928.7 MB	83.8 MB
1383	79/81be33	BGC_ANALYSIS:ANTISMASH_ANALYSIS:ANTISMASH (Pantoea_agglomerans_Pa21-19)	COMPLETED	0	2026-08-28 20:10:06.505	2026-08-28 20:10:06.601	2026-08-28 20:10:33.899	25.6s	2	6 GB	816.2 MB	7.8 GB	120.7%	1.3%	969.6 MB	87.1 MB
1369	70/b7f679	BGC_ANALYSIS:ANTISMASH_ANALYSIS:ANTISMASH (Pantoea_agglomerans_Pa13-4)	COMPLETED	0	2026-08-28 20:10:09.113	2026-08-28 20:10:09.210	2026-08-28 20:10:34.660	23.4s	2	6 GB	763.4 MB	7.8 GB	124.8%	1.3%	889.6 MB	81.3 MB
1370	a6/3ee623	BGC_ANALYSIS:ANTISMASH_ANALYSIS:ANTISMASH (Pantoea_agglomerans_Pa13-5)	COMPLETED	0	2026-08-28 20:10:09.977	2026-08-28 20:10:10.072	2026-08-28 20:10:37.765	25.8s	2	6 GB	807.3 MB	7.8 GB	120.1%	1.3%	1 GB	88.6 MB
1386	fb/063d16	BGC_ANALYSIS:ANTISMASH_ANALYSIS:ANTISMASH (Pantoea_agglomerans_Pa21-23)	COMPLETED	0	2026-08-28 20:10:13.756	2026-08-28 20:10:13.852	2026-08-28 20:10:39.329	23.5s	2	6 GB	791.5 MB	7.8 GB	125.3%	1.4%	898.3 MB	82.1 MB
1372	93/ec9beb	BGC_ANALYSIS:ANTISMASH_ANALYSIS:ANTISMASH (Pantoea_agglomerans_Pa17-2)	COMPLETED	0	2026-08-28 20:10:17.896	2026-08-28 20:10:17.992	2026-08-28 20:10:43.914	23.9s	2	6 GB	793.3 MB	7.8 GB	125.4%	1.4%	948.5 MB	84.5 MB
1373	63/9ca03f	BGC_ANALYSIS:ANTISMASH_ANALYSIS:ANTISMASH (Pantoea_agglomerans_Pa17-5_2)	COMPLETED	0	2026-08-28 20:10:23.010	2026-08-28 20:10:23.106	2026-08-28 20:10:48.599	23.3s	2	6 GB	800.8 MB	7.8 GB	119.6%	1.3%	899.6 MB	84.3 MB
1363	45/4583cc	BGC_ANALYSIS:ANTISMASH_ANALYSIS:ANTISMASH (Pantoea_agglomerans_B9)	COMPLETED	0	2026-08-28 20:10:22.470	2026-08-28 20:10:22.566	2026-08-28 20:10:54.901	30.2s	2	6 GB	700.1 MB	7.8 GB	96.1%	1.2%	1 GB	86 MB
1377	f4/4b2c73	BGC_ANALYSIS:ANTISMASH_ANALYSIS:ANTISMASH (Pantoea_agglomerans_Pa21-13_4)	COMPLETED	0	2026-08-28 20:10:34.664	2026-08-28 20:10:34.760	2026-08-28 20:10:59.109	22.4s	2	6 GB	800.2 MB	7.8 GB	127.4%	1.3%	863 MB	79.7 MB
1355	06/f262a0	BGC_ANALYSIS:ANTISMASH_ANALYSIS:ANTISMASH (Pantoea_sp._Pa-EAmG)	COMPLETED	0	2026-08-28 20:08:33.544	2026-08-28 20:08:33.640	2026-08-28 20:11:01.255	2m 25s	2	6 GB	730.2 MB	7.8 GB	100.8%	1.3%	8.3 GB	269.8 MB
1366	e2/ef2eda	BGC_ANALYSIS:ANTISMASH_ANALYSIS:ANTISMASH (Pantoea_agglomerans_Pa1-28)	COMPLETED	0	2026-08-28 20:10:33.904	2026-08-28 20:10:33.999	2026-08-28 20:11:03.684	27.7s	2	6 GB	787.6 MB	7.8 GB	121.1%	1.3%	1.1 GB	91.7 MB
1380	bb/eabcb0	BGC_ANALYSIS:ANTISMASH_ANALYSIS:ANTISMASH (Pantoea_agglomerans_Pa21-16)	COMPLETED	0	2026-08-28 20:10:39.332	2026-08-28 20:10:39.429	2026-08-28 20:11:05.555	24.1s	2	6 GB	759.8 MB	7.8 GB	120.1%	1.3%	900 MB	82.6 MB
1365	55/cb31df	BGC_ANALYSIS:ANTISMASH_ANALYSIS:ANTISMASH (Pantoea_agglomerans_G129K1-1)	COMPLETED	0	2026-08-28 20:10:37.768	2026-08-28 20:10:37.864	2026-08-28 20:11:07.423	27.7s	2	6 GB	528.4 MB	7.8 GB	108.8%	0.7%	1 GB	66.7 MB
1381	18/f51978	BGC_ANALYSIS:ANTISMASH_ANALYSIS:ANTISMASH (Pantoea_agglomerans_Pa21-17)	COMPLETED	0	2026-08-28 20:10:43.918	2026-08-28 20:10:44.015	2026-08-28 20:11:11.274	25.2s	2	6 GB	777 MB	7.8 GB	120.6%	1.3%	1014.5 MB	86.4 MB
1382	d1/365b7e	BGC_ANALYSIS:ANTISMASH_ANALYSIS:ANTISMASH (Pantoea_agglomerans_Pa21-18)	COMPLETED	0	2026-08-28 20:10:48.603	2026-08-28 20:10:48.700	2026-08-28 20:11:16.086	25.2s	2	6 GB	775.8 MB	7.8 GB	119.5%	1.3%	992.4 MB	85.6 MB
1387	e7/c200ac	BGC_ANALYSIS:ANTISMASH_ANALYSIS:ANTISMASH (Pantoea_agglomerans_Pa21-3_2)	COMPLETED	0	2026-08-28 20:10:54.905	2026-08-28 20:10:55.001	2026-08-28 20:11:24.063	27s	2	6 GB	808.1 MB	7.8 GB	116.3%	1.3%	1.1 GB	90.8 MB
1388	18/cfbf43	BGC_ANALYSIS:ANTISMASH_ANALYSIS:ANTISMASH (Pantoea_agglomerans_Pa21-5_2)	COMPLETED	0	2026-08-28 20:10:59.112	2026-08-28 20:10:59.209	2026-08-28 20:11:25.117	24s	2	6 GB	804.2 MB	7.8 GB	122.8%	1.3%	908 MB	83.3 MB
1397	b5/7beb4e	BGC_ANALYSIS:ANTISMASH_ANALYSIS:ANTISMASH (Pantoea_agglomerans_Pa39-11_5)	COMPLETED	0	2026-08-28 20:11:01.258	2026-08-28 20:11:01.355	2026-08-28 20:11:27.005	23.7s	2	6 GB	798.1 MB	7.8 GB	123.8%	1.4%	895.4 MB	81.9 MB
1384	2a/ba46b8	BGC_ANALYSIS:ANTISMASH_ANALYSIS:ANTISMASH (Pantoea_agglomerans_Pa21-20)	COMPLETED	0	2026-08-28 20:11:03.688	2026-08-28 20:11:03.784	2026-08-28 20:11:29.473	23.8s	2	6 GB	787.7 MB	7.8 GB	124.7%	1.4%	901.9 MB	82.6 MB
1385	c6/4bd27a	BGC_ANALYSIS:ANTISMASH_ANALYSIS:ANTISMASH (Pantoea_agglomerans_Pa21-221)	COMPLETED	0	2026-08-28 20:11:05.559	2026-08-28 20:11:05.655	2026-08-28 20:11:32.478	24.8s	2	6 GB	777.6 MB	7.8 GB	121.0%	1.3%	949 MB	84.1 MB
1390	5c/af36ef	BGC_ANALYSIS:ANTISMASH_ANALYSIS:ANTISMASH (Pantoea_agglomerans_Pa31-4_2)	COMPLETED	0	2026-08-28 20:11:07.427	2026-08-28 20:11:07.523	2026-08-28 20:11:33.691	24.2s	2	6 GB	787.1 MB	7.8 GB	122.3%	1.3%	903.6 MB	85.1 MB
1389	ed/dec34d	BGC_ANALYSIS:ANTISMASH_ANALYSIS:ANTISMASH (Pantoea_agglomerans_Pa31-3_2)	COMPLETED	0	2026-08-28 20:11:11.278	2026-08-28 20:11:11.374	2026-08-28 20:11:40.467	26.9s	2	6 GB	834.4 MB	7.9 GB	116.5%	1.4%	1.1 GB	91.5 MB
1393	4f/2718b0	BGC_ANALYSIS:ANTISMASH_ANALYSIS:ANTISMASH (Pantoea_agglomerans_Pa39-11)	COMPLETED	0	2026-08-28 20:11:24.068	2026-08-28 20:11:24.163	2026-08-28 20:11:49.313	23.3s	2	6 GB	808.6 MB	7.8 GB	123.8%	1.3%	874.6 MB	81.3 MB
1391	bf/118e08	BGC_ANALYSIS:ANTISMASH_ANALYSIS:ANTISMASH (Pantoea_agglomerans_Pa31-7)	COMPLETED	0	2026-08-28 20:11:16.090	2026-08-28 20:11:16.186	2026-08-28 20:11:51.341	33s	2	6 GB	811.6 MB	7.8 GB	112.8%	1.3%	1.4 GB	101.2 MB
1394	1e/6bd3ed	BGC_ANALYSIS:ANTISMASH_ANALYSIS:ANTISMASH (Pantoea_agglomerans_Pa39-11_2)	COMPLETED	0	2026-08-28 20:11:27.008	2026-08-28 20:11:27.105	2026-08-28 20:11:52.378	23.4s	2	6 GB	801.9 MB	7.8 GB	124.6%	1.3%	874.6 MB	81.3 MB
1395	83/ea21b5	BGC_ANALYSIS:ANTISMASH_ANALYSIS:ANTISMASH (Pantoea_agglomerans_Pa39-11_3)	COMPLETED	0	2026-08-28 20:11:29.477	2026-08-28 20:11:29.573	2026-08-28 20:11:54.919	23.5s	2	6 GB	801.7 MB	7.8 GB	124.9%	1.4%	895.3 MB	81.9 MB
1392	87/723118	BGC_ANALYSIS:ANTISMASH_ANALYSIS:ANTISMASH (Pantoea_agglomerans_Pa39-10)	COMPLETED	0	2026-08-28 20:11:25.121	2026-08-28 20:11:25.217	2026-08-28 20:11:55.047	27.9s	2	6 GB	818.1 MB	7.8 GB	118.3%	1.4%	1.1 GB	94.4 MB
1396	d7/f35cb6	BGC_ANALYSIS:ANTISMASH_ANALYSIS:ANTISMASH (Pantoea_agglomerans_Pa39-11_4)	COMPLETED	0	2026-08-28 20:11:32.482	2026-08-28 20:11:32.578	2026-08-28 20:11:58.126	23.6s	2	6 GB	804.4 MB	7.8 GB	121.6%	1.3%	874.7 MB	81.4 MB
1398	ac/d73299	BGC_ANALYSIS:ANTISMASH_ANALYSIS:ANTISMASH (Pantoea_agglomerans_Pa39-13)	COMPLETED	0	2026-08-28 20:11:33.696	2026-08-28 20:11:33.792	2026-08-28 20:12:05.183	29.4s	2	6 GB	786.4 MB	7.8 GB	118.1%	1.3%	1.2 GB	92.6 MB
1399	29/867a77	BGC_ANALYSIS:ANTISMASH_ANALYSIS:ANTISMASH (Pantoea_agglomerans_Pa39-14_2)	COMPLETED	0	2026-08-28 20:11:40.472	2026-08-28 20:11:40.568	2026-08-28 20:12:12.255	29.4s	2	6 GB	811.1 MB	7.8 GB	112.5%	1.3%	1.2 GB	94.7 MB
1402	be/802e1b	BGC_ANALYSIS:ANTISMASH_ANALYSIS:ANTISMASH (Pantoea_agglomerans_Pa39-15_2)	COMPLETED	0	2026-08-28 20:11:51.345	2026-08-28 20:11:51.441	2026-08-28 20:12:20.829	27.6s	2	6 GB	784.6 MB	7.8 GB	119.1%	1.3%	1.1 GB	91.3 MB
1404	a2/fea572	BGC_ANALYSIS:ANTISMASH_ANALYSIS:ANTISMASH (Pantoea_agglomerans_Pa39-17)	COMPLETED	0	2026-08-28 20:11:55.053	2026-08-28 20:11:55.148	2026-08-28 20:12:21.793	24.8s	2	6 GB	812.3 MB	7.8 GB	123.4%	1.3%	965.2 MB	88.6 MB
1401	bf/d3a47a	BGC_ANALYSIS:ANTISMASH_ANALYSIS:ANTISMASH (Pantoea_agglomerans_Pa39-15)	COMPLETED	0	2026-08-28 20:11:52.382	2026-08-28 20:11:52.478	2026-08-28 20:12:22.247	28s	2	6 GB	783.1 MB	7.8 GB	122.7%	1.3%	1.1 GB	90.6 MB
1405	72/bd077d	BGC_ANALYSIS:ANTISMASH_ANALYSIS:ANTISMASH (Pantoea_agglomerans_Pa39-18)	COMPLETED	0	2026-08-28 20:11:54.923	2026-08-28 20:11:55.019	2026-08-28 20:12:27.052	30.1s	2	6 GB	823.2 MB	7.8 GB	119.3%	1.3%	1.3 GB	99.4 MB
1403	23/545f78	BGC_ANALYSIS:ANTISMASH_ANALYSIS:ANTISMASH (Pantoea_agglomerans_Pa39-16)	COMPLETED	0	2026-08-28 20:11:58.131	2026-08-28 20:11:58.227	2026-08-28 20:12:28.946	28.7s	2	6 GB	816.7 MB	7.8 GB	118.3%	1.4%	1.2 GB	95.9 MB
1408	04/e7b903	BGC_ANALYSIS:ANTISMASH_ANALYSIS:ANTISMASH (Pantoea_agglomerans_Pa39-1_4)	COMPLETED	0	2026-08-28 20:12:05.187	2026-08-28 20:12:05.283	2026-08-28 20:12:31.935	24.3s	2	6 GB	775.1 MB	7.8 GB	120.3%	1.3%	940.8 MB	85.6 MB
1407	61/8aa1f8	BGC_ANALYSIS:ANTISMASH_ANALYSIS:ANTISMASH (Pantoea_agglomerans_Pa39-1_3)	COMPLETED	0	2026-08-28 20:12:12.259	2026-08-28 20:12:12.355	2026-08-28 20:12:38.828	24.4s	2	6 GB	777.9 MB	7.8 GB	119.7%	1.4%	940.9 MB	85.6 MB
1400	b1/c0c769	BGC_ANALYSIS:ANTISMASH_ANALYSIS:ANTISMASH (Pantoea_agglomerans_Pa39-14_3)	COMPLETED	0	2026-08-28 20:11:49.318	2026-08-28 20:11:49.413	2026-08-28 20:12:47.573	56.2s	2	6 GB	836.9 MB	7.9 GB	111.7%	1.4%	2.8 GB	143.8 MB
1410	c6/34204a	BGC_ANALYSIS:ANTISMASH_ANALYSIS:ANTISMASH (Pantoea_agglomerans_Pa39-20)	COMPLETED	0	2026-08-28 20:12:21.797	2026-08-28 20:12:21.893	2026-08-28 20:12:48.113	24.3s	2	6 GB	793 MB	7.8 GB	123.0%	1.4%	920.4 MB	85 MB
1411	e5/eb361a	BGC_ANALYSIS:ANTISMASH_ANALYSIS:ANTISMASH (Pantoea_agglomerans_Pa39-20_2)	COMPLETED	0	2026-08-28 20:12:22.251	2026-08-28 20:12:22.347	2026-08-28 20:12:48.355	24s	2	6 GB	777.4 MB	7.8 GB	123.3%	1.3%	920.4 MB	85 MB
1406	6c/abe283	BGC_ANALYSIS:ANTISMASH_ANALYSIS:ANTISMASH (Pantoea_agglomerans_Pa39-1_2)	COMPLETED	0	2026-08-28 20:12:20.832	2026-08-28 20:12:20.929	2026-08-28 20:12:48.543	25.6s	2	6 GB	812.6 MB	7.8 GB	122.6%	1.4%	1 GB	88 MB
1412	ea/b96dcf	BGC_ANALYSIS:ANTISMASH_ANALYSIS:ANTISMASH (Pantoea_agglomerans_Pa39-21_2)	COMPLETED	0	2026-08-28 20:12:28.951	2026-08-28 20:12:29.046	2026-08-28 20:12:55.579	24.6s	2	6 GB	810 MB	7.8 GB	117.9%	1.3%	973.4 MB	87.6 MB
1413	72/a61750	BGC_ANALYSIS:ANTISMASH_ANALYSIS:ANTISMASH (Pantoea_agglomerans_Pa39-22)	COMPLETED	0	2026-08-28 20:12:27.055	2026-08-28 20:12:27.151	2026-08-28 20:12:57.104	27.9s	2	6 GB	801.3 MB	7.8 GB	118.4%	1.3%	1.2 GB	93.6 MB
1414	36/5ca53f	BGC_ANALYSIS:ANTISMASH_ANALYSIS:ANTISMASH (Pantoea_agglomerans_Pa39-23_2)	COMPLETED	0	2026-08-28 20:12:31.940	2026-08-28 20:12:32.035	2026-08-28 20:12:59.096	25s	2	6 GB	841.4 MB	7.9 GB	117.8%	1.4%	1023.6 MB	89.6 MB
1417	12/110cfc	BGC_ANALYSIS:ANTISMASH_ANALYSIS:ANTISMASH (Pantoea_agglomerans_Pa39-26)	COMPLETED	0	2026-08-28 20:12:38.834	2026-08-28 20:12:38.930	2026-08-28 20:13:06.792	25.7s	2	6 GB	773.3 MB	7.8 GB	116.4%	1.3%	1 GB	88.8 MB
1415	a0/218b88	BGC_ANALYSIS:ANTISMASH_ANALYSIS:ANTISMASH (Pantoea_agglomerans_Pa39-25)	COMPLETED	0	2026-08-28 20:12:47.577	2026-08-28 20:12:47.673	2026-08-28 20:13:15.020	25.4s	2	6 GB	827.4 MB	7.8 GB	119.4%	1.3%	976.2 MB	87.9 MB
1416	1c/69a2e1	BGC_ANALYSIS:ANTISMASH_ANALYSIS:ANTISMASH (Pantoea_agglomerans_Pa39-26-1)	COMPLETED	0	2026-08-28 20:12:48.360	2026-08-28 20:12:48.455	2026-08-28 20:13:16.295	25.8s	2	6 GB	773.1 MB	7.8 GB	120.1%	1.3%	1 GB	88.8 MB
1420	cf/393127	BGC_ANALYSIS:ANTISMASH_ANALYSIS:ANTISMASH (Pantoea_agglomerans_Pa39-3_2)	COMPLETED	0	2026-08-28 20:12:48.546	2026-08-28 20:12:48.644	2026-08-28 20:13:17.987	27.4s	2	6 GB	837.7 MB	7.9 GB	118.4%	1.4%	1.1 GB	91.9 MB
1425	a1/7ada0d	BGC_ANALYSIS:ANTISMASH_ANALYSIS:ANTISMASH (Pantoea_agglomerans_Pa45-1)	COMPLETED	0	2026-08-28 20:12:48.116	2026-08-28 20:12:48.213	2026-08-28 20:13:21.977	31.9s	2	6 GB	829.6 MB	7.8 GB	114.5%	1.4%	1.3 GB	99.9 MB
1429	c8/a0957e	BGC_ANALYSIS:ANTISMASH_ANALYSIS:ANTISMASH (Pantoea_agglomerans_Pa47-1)	COMPLETED	0	2026-08-28 20:12:55.583	2026-08-28 20:12:55.679	2026-08-28 20:13:22.576	25s	2	6 GB	781.6 MB	7.8 GB	123.4%	1.3%	991.1 MB	85.4 MB
1418	1f/3170ed	BGC_ANALYSIS:ANTISMASH_ANALYSIS:ANTISMASH (Pantoea_agglomerans_Pa39-27_2)	COMPLETED	0	2026-08-28 20:12:57.107	2026-08-28 20:12:57.204	2026-08-28 20:13:23.702	24.5s	2	6 GB	801 MB	7.8 GB	119.5%	1.4%	950.3 MB	86.5 MB
1419	3a/6e294a	BGC_ANALYSIS:ANTISMASH_ANALYSIS:ANTISMASH (Pantoea_agglomerans_Pa39-29)	COMPLETED	0	2026-08-28 20:12:59.100	2026-08-28 20:12:59.197	2026-08-28 20:13:31.061	29.6s	2	6 GB	845.2 MB	7.9 GB	116.3%	1.4%	1.2 GB	97.2 MB
1421	17/a4c0df	BGC_ANALYSIS:ANTISMASH_ANALYSIS:ANTISMASH (Pantoea_agglomerans_Pa39-8)	COMPLETED	0	2026-08-28 20:13:06.795	2026-08-28 20:13:06.891	2026-08-28 20:13:37.024	28s	2	6 GB	790.6 MB	7.8 GB	117.7%	1.3%	1.1 GB	92.4 MB
1423	91/f1c9f5	BGC_ANALYSIS:ANTISMASH_ANALYSIS:ANTISMASH (Pantoea_agglomerans_Pa39-H1)	COMPLETED	0	2026-08-28 20:13:16.298	2026-08-28 20:13:16.394	2026-08-28 20:13:41.350	23.1s	2	6 GB	823.9 MB	7.8 GB	125.1%	1.3%	874.7 MB	81.4 MB
1427	17/d69d51	BGC_ANALYSIS:ANTISMASH_ANALYSIS:ANTISMASH (Pantoea_agglomerans_Pa45-2_2)	COMPLETED	0	2026-08-28 20:13:17.990	2026-08-28 20:13:18.087	2026-08-28 20:13:44.332	24.4s	2	6 GB	805.7 MB	7.8 GB	123.3%	1.4%	939 MB	85.1 MB
1422	3a/8f84ac	BGC_ANALYSIS:ANTISMASH_ANALYSIS:ANTISMASH (Pantoea_agglomerans_Pa39-8_2)	COMPLETED	0	2026-08-28 20:13:15.024	2026-08-28 20:13:15.120	2026-08-28 20:13:44.412	27.4s	2	6 GB	815.4 MB	7.8 GB	117.3%	1.3%	1.1 GB	92.5 MB
1426	01/891801	BGC_ANALYSIS:ANTISMASH_ANALYSIS:ANTISMASH (Pantoea_agglomerans_Pa45-2)	COMPLETED	0	2026-08-28 20:13:21.980	2026-08-28 20:13:22.078	2026-08-28 20:13:49.041	25.1s	2	6 GB	819 MB	7.8 GB	121.2%	1.3%	939.3 MB	85.1 MB
1424	e4/9640c7	BGC_ANALYSIS:ANTISMASH_ANALYSIS:ANTISMASH (Pantoea_agglomerans_Pa39-WII2)	COMPLETED	0	2026-08-28 20:13:22.580	2026-08-28 20:13:22.676	2026-08-28 20:13:49.117	24.5s	2	6 GB	784.7 MB	7.8 GB	123.3%	1.3%	929.7 MB	86 MB
1438	f8/75f6ef	BGC_ANALYSIS:ANTISMASH_ANALYSIS:ANTISMASH (Pantoea_agglomerans_Pa54-7)	COMPLETED	0	2026-08-28 20:13:23.706	2026-08-28 20:13:23.802	2026-08-28 20:13:51.904	26s	2	6 GB	806.5 MB	7.8 GB	119.8%	1.3%	1 GB	88.4 MB
1428	ff/fdd842	BGC_ANALYSIS:ANTISMASH_ANALYSIS:ANTISMASH (Pantoea_agglomerans_Pa46-1)	COMPLETED	0	2026-08-28 20:13:31.066	2026-08-28 20:13:31.162	2026-08-28 20:13:58.821	25.5s	2	6 GB	843.6 MB	7.9 GB	116.1%	1.4%	1006.9 MB	89.3 MB
1430	62/c215ad	BGC_ANALYSIS:ANTISMASH_ANALYSIS:ANTISMASH (Pantoea_agglomerans_Pa47-2)	COMPLETED	0	2026-08-28 20:13:37.030	2026-08-28 20:13:37.124	2026-08-28 20:14:05.771	26.5s	2	6 GB	797.6 MB	7.8 GB	118.9%	1.3%	1.1 GB	88.2 MB
1431	5e/d27177	BGC_ANALYSIS:ANTISMASH_ANALYSIS:ANTISMASH (Pantoea_agglomerans_Pa54-1)	COMPLETED	0	2026-08-28 20:13:41.362	2026-08-28 20:13:41.451	2026-08-28 20:14:08.708	25.5s	2	6 GB	785.8 MB	7.8 GB	120.3%	1.3%	977.5 MB	86.3 MB
1432	9e/142530	BGC_ANALYSIS:ANTISMASH_ANALYSIS:ANTISMASH (Pantoea_agglomerans_Pa54-2)	COMPLETED	0	2026-08-28 20:13:44.336	2026-08-28 20:13:44.412	2026-08-28 20:14:10.729	24.3s	2	6 GB	825.2 MB	7.8 GB	126.6%	1.3%	956.9 MB	85.8 MB
1433	b3/3b22ff	BGC_ANALYSIS:ANTISMASH_ANALYSIS:ANTISMASH (Pantoea_agglomerans_Pa54-3)	COMPLETED	0	2026-08-28 20:13:44.417	2026-08-28 20:13:44.512	2026-08-28 20:14:12.144	25.7s	2	6 GB	804.1 MB	7.8 GB	122.8%	1.4%	1019.3 MB	87.3 MB
1434	eb/902457	BGC_ANALYSIS:ANTISMASH_ANALYSIS:ANTISMASH (Pantoea_agglomerans_Pa54-31)	COMPLETED	0	2026-08-28 20:13:49.045	2026-08-28 20:13:49.117	2026-08-28 20:14:15.686	24.6s	2	6 GB	788.1 MB	7.8 GB	124.2%	1.4%	950.8 MB	85 MB
1435	ae/fac98b	BGC_ANALYSIS:ANTISMASH_ANALYSIS:ANTISMASH (Pantoea_agglomerans_Pa54-4)	COMPLETED	0	2026-08-28 20:13:49.121	2026-08-28 20:13:49.217	2026-08-28 20:14:16.139	25s	2	6 GB	807.6 MB	7.8 GB	125.0%	1.4%	997.6 MB	86.7 MB
1436	5d/54f6cd	BGC_ANALYSIS:ANTISMASH_ANALYSIS:ANTISMASH (Pantoea_agglomerans_Pa54-5)	COMPLETED	0	2026-08-28 20:13:51.908	2026-08-28 20:13:52.004	2026-08-28 20:14:19.507	25.4s	2	6 GB	788.8 MB	7.8 GB	119.9%	1.3%	977.8 MB	86.3 MB
1439	46/3cbde5	BGC_ANALYSIS:ANTISMASH_ANALYSIS:ANTISMASH (Pantoea_agglomerans_Pa54-8)	COMPLETED	0	2026-08-28 20:13:58.826	2026-08-28 20:13:58.922	2026-08-28 20:14:27.010	26s	2	6 GB	803.5 MB	7.8 GB	116.5%	1.3%	1 GB	88.4 MB
1437	b2/66dc55	BGC_ANALYSIS:ANTISMASH_ANALYSIS:ANTISMASH (Pantoea_agglomerans_Pa54-6)	COMPLETED	0	2026-08-28 20:14:05.775	2026-08-28 20:14:05.871	2026-08-28 20:14:33.188	25.3s	2	6 GB	744.4 MB	7.8 GB	119.4%	1.3%	1 GB	87.9 MB
1440	62/580571	BGC_ANALYSIS:ANTISMASH_ANALYSIS:ANTISMASH (Pantoea_agglomerans_Pa9-1)	COMPLETED	0	2026-08-28 20:14:08.712	2026-08-28 20:14:08.808	2026-08-28 20:14:34.468	23.8s	2	6 GB	785.5 MB	7.8 GB	123.1%	1.3%	885.8 MB	82.8 MB
1442	74/028407	BGC_ANALYSIS:ANTISMASH_ANALYSIS:ANTISMASH (Pantoea_agglomerans_PaEhEh)	COMPLETED	0	2026-08-28 20:14:10.733	2026-08-28 20:14:10.830	2026-08-28 20:14:37.263	24.4s	2	6 GB	835.5 MB	7.8 GB	120.8%	1.3%	981.4 MB	86.4 MB
1441	7e/0930c7	BGC_ANALYSIS:ANTISMASH_ANALYSIS:ANTISMASH (Pantoea_agglomerans_Pa9-1_2)	COMPLETED	0	2026-08-28 20:14:16.167	2026-08-28 20:14:16.239	2026-08-28 20:14:41.545	23.3s	2	6 GB	788.8 MB	7.8 GB	122.7%	1.3%	886.2 MB	82.8 MB
1443	9a/038d49	BGC_ANALYSIS:ANTISMASH_ANALYSIS:ANTISMASH (Pantoea_agglomerans_PaEhEh_2)	COMPLETED	0	2026-08-28 20:14:15.689	2026-08-28 20:14:15.786	2026-08-28 20:14:42.060	24.3s	2	6 GB	808.7 MB	7.8 GB	120.0%	1.3%	981.4 MB	86.4 MB
1450	a6/1e1dd7	BGC_ANALYSIS:ANTISMASH_ANALYSIS:ANTISMASH (Pantoea_dispersa_SMAGNO54)	COMPLETED	0	2026-08-28 20:14:12.148	2026-08-28 20:14:12.244	2026-08-28 20:14:42.158	28.1s	2	6 GB	536.8 MB	7.8 GB	109.7%	0.8%	1 GB	67.5 MB
1446	8d/8da26d	BGC_ANALYSIS:ANTISMASH_ANALYSIS:ANTISMASH (Pantoea_ananatis_SMAGNO70)	COMPLETED	0	2026-08-28 20:14:19.511	2026-08-28 20:14:19.607	2026-08-28 20:14:53.005	31.3s	2	6 GB	503.1 MB	7.8 GB	101.6%	0.7%	1.1 GB	68.8 MB
1447	f2/256723	BGC_ANALYSIS:ANTISMASH_ANALYSIS:ANTISMASH (Pantoea_brenneri_3.1)	COMPLETED	0	2026-08-28 20:14:27.014	2026-08-28 20:14:27.110	2026-08-28 20:14:57.125	27.9s	2	6 GB	679.2 MB	7.7 GB	105.9%	1.2%	1.1 GB	90.7 MB
1444	ae/350cee	BGC_ANALYSIS:ANTISMASH_ANALYSIS:ANTISMASH (Pantoea_agglomerans_PaHJ)	COMPLETED	0	2026-08-28 20:14:33.192	2026-08-28 20:14:33.288	2026-08-28 20:15:00.532	25.3s	2	6 GB	840.6 MB	7.9 GB	119.9%	1.4%	1022.4 MB	89.5 MB
1445	b9/69b612	BGC_ANALYSIS:ANTISMASH_ANALYSIS:ANTISMASH (Pantoea_agglomerans_PaJII2)	COMPLETED	0	2026-08-28 20:14:34.472	2026-08-28 20:14:34.568	2026-08-28 20:15:01.563	25.1s	2	6 GB	810.3 MB	7.8 GB	124.4%	1.3%	1004.6 MB	87.5 MB
1448	57/17c3c1	BGC_ANALYSIS:ANTISMASH_ANALYSIS:ANTISMASH (Pantoea_brenneri_3.5.2)	COMPLETED	0	2026-08-28 20:14:37.266	2026-08-28 20:14:37.362	2026-08-28 20:15:03.795	24.6s	2	6 GB	686.2 MB	7.7 GB	107.7%	1.1%	978.5 MB	77.7 MB
1449	09/2ce105	BGC_ANALYSIS:ANTISMASH_ANALYSIS:ANTISMASH (Pantoea_brenneri_3.6.1)	COMPLETED	0	2026-08-28 20:14:42.067	2026-08-28 20:14:42.159	2026-08-28 20:15:11.744	27.7s	2	6 GB	748.6 MB	7.8 GB	106.4%	1.3%	1.1 GB	90.7 MB
1451	53/61ce69	BGC_ANALYSIS:ANTISMASH_ANALYSIS:ANTISMASH (Pantoea_dispersa_SOL1_9)	COMPLETED	0	2026-08-28 20:14:42.161	2026-08-28 20:14:42.258	2026-08-28 20:15:15.215	31s	2	6 GB	710.9 MB	7.8 GB	95.8%	1.3%	1.2 GB	90.1 MB
1456	e7/7bcad3	BGC_ANALYSIS:ANTISMASH_ANALYSIS:ANTISMASH (Pantoea_sp._MBD-2R_MBD-2R)	COMPLETED	0	2026-08-28 20:15:00.536	2026-08-28 20:15:00.633	2026-08-28 20:15:22.806	20.5s	2	6 GB	643.4 MB	7.4 GB	136.1%	1.1%	783.1 MB	57.4 MB
1454	d3/cc8b17	BGC_ANALYSIS:ANTISMASH_ANALYSIS:ANTISMASH (Pantoea_eucalypti_Pe21-11)	COMPLETED	0	2026-08-28 20:15:01.566	2026-08-28 20:15:01.663	2026-08-28 20:15:25.206	21.6s	2	6 GB	803.2 MB	7.8 GB	127.5%	1.3%	860.9 MB	79.8 MB
1452	f0/69e15c	BGC_ANALYSIS:ANTISMASH_ANALYSIS:ANTISMASH (Pantoea_dispersa_SOL2_3)	COMPLETED	0	2026-08-28 20:14:57.129	2026-08-28 20:14:57.225	2026-08-28 20:15:26.232	27.2s	2	6 GB	748 MB	7.8 GB	105.5%	1.3%	1 GB	87.5 MB
1453	a4/f15e25	BGC_ANALYSIS:ANTISMASH_ANALYSIS:ANTISMASH (Pantoea_dispersa_SOL3_3)	COMPLETED	0	2026-08-28 20:14:53.008	2026-08-28 20:14:53.105	2026-08-28 20:15:26.417	31.4s	2	6 GB	695.3 MB	7.8 GB	96.0%	1.1%	1.2 GB	91.9 MB
1455	b5/7ab39b	BGC_ANALYSIS:ANTISMASH_ANALYSIS:ANTISMASH (Pantoea_sp._BRR-3P_BRR-3P)	COMPLETED	0	2026-08-28 20:15:03.798	2026-08-28 20:15:03.895	2026-08-28 20:15:30.085	24.3s	2	6 GB	820.1 MB	7.8 GB	123.0%	1.3%	958.7 MB	88.7 MB
1457	6f/89fc68	BGC_ANALYSIS:ANTISMASH_ANALYSIS:ANTISMASH (Pantoea_sp._RSPAM1)	COMPLETED	0	2026-08-28 20:15:15.220	2026-08-28 20:15:15.315	2026-08-28 20:15:39.740	22.2s	2	6 GB	796.8 MB	7.8 GB	125.5%	1.3%	866 MB	80.6 MB
1458	6f/445cf1	BGC_ANALYSIS:ANTISMASH_ANALYSIS:ANTISMASH (Pantoea_sp._SMAGNO104)	COMPLETED	0	2026-08-28 20:14:41.549	2026-08-28 20:14:41.645	2026-08-28 20:15:51.372	1m 8s	2	6 GB	525.9 MB	7.7 GB	104.1%	0.8%	3.1 GB	119.8 MB
1409	89/7c2ba0	BGC_ANALYSIS:ANTISMASH_ANALYSIS:ANTISMASH (Pantoea_agglomerans_Pa39-2)	COMPLETED	0	2026-08-28 20:15:26.421	2026-08-28 20:15:26.517	2026-08-28 20:15:52.369	23.9s	2	6 GB	776.3 MB	7.8 GB	125.1%	1.3%	894.8 MB	84 MB
1459	a2/5388ba	BGC_ANALYSIS:ANTISMASH_ANALYSIS:ANTISMASH (Pantoea_sp._SMAGNO161)	COMPLETED	0	2026-08-28 20:15:11.748	2026-08-28 20:15:11.844	2026-08-28 20:15:58.098	44.2s	2	6 GB	469.7 MB	7.7 GB	101.8%	0.7%	2 GB	85.6 MB
1461	af/904576	BGC_ANALYSIS:ANTISMASH_ANALYSIS:ANTISMASH (Pantoea_vagans_Pv39H-1)	COMPLETED	0	2026-08-28 20:15:25.210	2026-08-28 20:15:25.306	2026-08-28 20:15:58.678	31.6s	2	6 GB	706.2 MB	7.7 GB	107.8%	1.2%	1.3 GB	95.8 MB
1462	67/68ef28	BGC_ANALYSIS:ANTISMASH_ANALYSIS:ANTISMASH (Pantoea_vagans_Pv39H-3)	COMPLETED	0	2026-08-28 20:15:26.235	2026-08-28 20:15:26.332	2026-08-28 20:15:59.321	31.1s	2	6 GB	716.1 MB	7.7 GB	106.4%	1.2%	1.2 GB	94.8 MB
1474	15/1fe7ee	BGC_ANALYSIS:ANTISMASH_ANALYSIS:ANTISMASH (Pantoea_agglomerans_1L-A-7-B-C3)	COMPLETED	0	2026-08-28 20:15:30.088	2026-08-28 20:15:30.185	2026-08-28 20:16:02.930	30.7s	2	6 GB	751.1 MB	7.8 GB	96.7%	1.3%	1.1 GB	88.3 MB
1463	71/b4e927	BGC_ANALYSIS:ANTISMASH_ANALYSIS:ANTISMASH (Candidatus_Pantoea_communis_C11D8)	COMPLETED	0	2026-08-28 20:15:39.745	2026-08-28 20:15:39.840	2026-08-28 20:16:06.741	24.8s	2	6 GB	825.2 MB	7.8 GB	121.7%	1.4%	967.1 MB	92.9 MB
1464	3a/61b02b	BGC_ANALYSIS:ANTISMASH_ANALYSIS:ANTISMASH (Candidatus_Pantoea_communis_C11G1)	COMPLETED	0	2026-08-28 20:15:52.373	2026-08-28 20:15:52.469	2026-08-28 20:16:19.219	24.7s	2	6 GB	855.2 MB	7.9 GB	122.3%	1.4%	933.1 MB	90.7 MB
1467	14/132b04	BGC_ANALYSIS:ANTISMASH_ANALYSIS:ANTISMASH (Candidatus_Pantoea_communis_C3A8)	COMPLETED	0	2026-08-28 20:15:51.376	2026-08-28 20:15:51.472	2026-08-28 20:16:19.810	26.3s	2	6 GB	852 MB	7.8 GB	120.6%	1.4%	998.1 MB	94.7 MB
1468	76/5fd486	BGC_ANALYSIS:ANTISMASH_ANALYSIS:ANTISMASH (Candidatus_Pantoea_communis_C8E12)	COMPLETED	0	2026-08-28 20:15:58.681	2026-08-28 20:15:58.778	2026-08-28 20:16:25.838	25.2s	2	6 GB	817.5 MB	7.8 GB	122.2%	1.3%	941.7 MB	91.8 MB
1470	e5/3d85f5	BGC_ANALYSIS:ANTISMASH_ANALYSIS:ANTISMASH (Candidatus_Pantoea_symbiotica_C8G10)	COMPLETED	0	2026-08-28 20:15:59.325	2026-08-28 20:15:59.422	2026-08-28 20:16:26.574	25.3s	2	6 GB	860.9 MB	7.9 GB	121.6%	1.4%	955.2 MB	92.3 MB
1473	f8/7af4a3	BGC_ANALYSIS:ANTISMASH_ANALYSIS:ANTISMASH (Pantoea_agglomerans_1L-A-1-B-C4)	COMPLETED	0	2026-08-28 20:15:58.101	2026-08-28 20:15:58.198	2026-08-28 20:16:28.101	28s	2	6 GB	686.2 MB	7.7 GB	97.8%	1.2%	1 GB	82.8 MB
1466	b6/565863	BGC_ANALYSIS:ANTISMASH_ANALYSIS:ANTISMASH (Candidatus_Pantoea_communis_C1H9)	COMPLETED	0	2026-08-28 20:16:02.933	2026-08-28 20:16:03.031	2026-08-28 20:16:31.821	26.7s	2	6 GB	855 MB	7.9 GB	125.5%	1.4%	1004.4 MB	97.3 MB
1475	93/e2f350	BGC_ANALYSIS:ANTISMASH_ANALYSIS:ANTISMASH (Pantoea_agglomerans_1L-A-7-B-C4)	COMPLETED	0	2026-08-28 20:16:06.745	2026-08-28 20:16:06.841	2026-08-28 20:16:39.302	30.4s	2	6 GB	718.9 MB	7.8 GB	97.4%	1.3%	1.1 GB	87.8 MB
1477	fc/13fe31	BGC_ANALYSIS:ANTISMASH_ANALYSIS:ANTISMASH (Pantoea_agglomerans_1L-D-1-B-C1)	COMPLETED	0	2026-08-28 20:16:19.223	2026-08-28 20:16:19.319	2026-08-28 20:16:47.120	25.9s	2	6 GB	692.2 MB	7.7 GB	102.1%	1.2%	1005.3 MB	82.3 MB
1478	1b/3ee8c1	BGC_ANALYSIS:ANTISMASH_ANALYSIS:ANTISMASH (Pantoea_agglomerans_C9II)	COMPLETED	0	2026-08-28 20:16:19.814	2026-08-28 20:16:19.910	2026-08-28 20:16:54.215	32.3s	2	6 GB	775.6 MB	7.8 GB	97.7%	1.3%	1.3 GB	95.2 MB
1476	15/3ba4f2	BGC_ANALYSIS:ANTISMASH_ANALYSIS:ANTISMASH (Pantoea_agglomerans_1L-B-7-B-C1)	COMPLETED	0	2026-08-28 20:16:25.842	2026-08-28 20:16:25.938	2026-08-28 20:16:56.957	29.1s	2	6 GB	739.9 MB	7.8 GB	97.3%	1.3%	1.1 GB	85.3 MB
1471	f9/b68ca9	BGC_ANALYSIS:ANTISMASH_ANALYSIS:ANTISMASH (Pantoea_agglomerans_1L-A-1-B-C2)	COMPLETED	0	2026-08-28 20:16:26.579	2026-08-28 20:16:26.674	2026-08-28 20:16:57.027	28.4s	2	6 GB	715.4 MB	7.8 GB	96.4%	1.3%	1 GB	82.8 MB
1472	1a/866efd	BGC_ANALYSIS:ANTISMASH_ANALYSIS:ANTISMASH (Pantoea_agglomerans_1L-A-1-B-C3)	COMPLETED	0	2026-08-28 20:16:28.105	2026-08-28 20:16:28.201	2026-08-28 20:16:57.713	27.7s	2	6 GB	669 MB	7.7 GB	98.0%	1.2%	1 GB	82.8 MB
1469	fc/0b13a3	BGC_ANALYSIS:ANTISMASH_ANALYSIS:ANTISMASH (Candidatus_Pantoea_communis_C9B8)	COMPLETED	0	2026-08-28 20:16:31.824	2026-08-28 20:16:31.922	2026-08-28 20:17:01.186	27.3s	2	6 GB	858.9 MB	7.9 GB	122.4%	1.5%	999.3 MB	96.5 MB
1481	1c/6d7153	BGC_ANALYSIS:ANTISMASH_ANALYSIS:ANTISMASH (Pantoea_agglomerans_F14_MAG_3)	COMPLETED	0	2026-08-28 20:16:47.124	2026-08-28 20:16:47.220	2026-08-28 20:17:05.382	16.1s	2	6 GB	603.2 MB	7.3 GB	128.3%	1.0%	696.2 MB	49.7 MB
1465	72/02e1a2	BGC_ANALYSIS:ANTISMASH_ANALYSIS:ANTISMASH (Candidatus_Pantoea_communis_C1H5)	COMPLETED	0	2026-08-28 20:16:39.305	2026-08-28 20:16:39.402	2026-08-28 20:17:07.006	25.7s	2	6 GB	887.8 MB	7.9 GB	125.0%	1.5%	982.5 MB	97 MB
1480	19/4de0f1	BGC_ANALYSIS:ANTISMASH_ANALYSIS:ANTISMASH (Pantoea_agglomerans_ELIV)	COMPLETED	0	2026-08-28 20:16:54.219	2026-08-28 20:16:54.315	2026-08-28 20:17:22.956	26.9s	2	6 GB	808.1 MB	7.8 GB	118.4%	1.3%	946.1 MB	91.5 MB
1484	11/c19648	BGC_ANALYSIS:ANTISMASH_ANALYSIS:ANTISMASH (Pantoea_agglomerans_I53BLB)	COMPLETED	0	2026-08-28 20:17:01.190	2026-08-28 20:17:01.286	2026-08-28 20:17:26.914	23.7s	2	6 GB	790.1 MB	7.8 GB	122.9%	1.3%	900.2 MB	85.2 MB
1482	dd/2e078b	BGC_ANALYSIS:ANTISMASH_ANALYSIS:ANTISMASH (Pantoea_agglomerans_G5_S1_71_S2)	COMPLETED	0	2026-08-28 20:16:57.030	2026-08-28 20:16:57.127	2026-08-28 20:17:31.726	32.7s	2	6 GB	762.1 MB	7.8 GB	93.7%	1.3%	1.3 GB	92.5 MB
1485	ae/9f3d03	BGC_ANALYSIS:ANTISMASH_ANALYSIS:ANTISMASH (Pantoea_agglomerans_PME37.24_025)	COMPLETED	0	2026-08-28 20:17:05.386	2026-08-28 20:17:05.482	2026-08-28 20:17:39.675	32.2s	2	6 GB	740 MB	7.8 GB	96.3%	1.3%	1.3 GB	93.6 MB
1483	f4/3474b4	BGC_ANALYSIS:ANTISMASH_ANALYSIS:ANTISMASH (Pantoea_agglomerans_GMG1201)	COMPLETED	0	2026-08-28 20:16:57.717	2026-08-28 20:16:57.813	2026-08-28 20:17:39.875	40s	2	6 GB	666.7 MB	7.7 GB	96.2%	1.1%	1.7 GB	105.2 MB
1486	1d/7ad92e	BGC_ANALYSIS:ANTISMASH_ANALYSIS:ANTISMASH (Pantoea_agglomerans_PME40.26_002)	COMPLETED	0	2026-08-28 20:17:07.009	2026-08-28 20:17:07.105	2026-08-28 20:17:40.286	31.2s	2	6 GB	716.1 MB	7.8 GB	94.6%	1.3%	1.2 GB	91.4 MB
1479	f4/f95314	BGC_ANALYSIS:ANTISMASH_ANALYSIS:ANTISMASH (Pantoea_agglomerans_CNPSo_2602)	COMPLETED	0	2026-08-28 20:16:56.961	2026-08-28 20:16:57.027	2026-08-28 20:17:48.683	49.7s	2	6 GB	684.4 MB	7.8 GB	94.8%	1.2%	2.4 GB	121.5 MB
1488	cb/c4b60b	BGC_ANALYSIS:ANTISMASH_ANALYSIS:ANTISMASH (Pantoea_agglomerans__133)	COMPLETED	0	2026-08-28 20:17:31.729	2026-08-28 20:17:31.827	2026-08-28 20:18:04.588	30.8s	2	6 GB	725.5 MB	7.8 GB	97.0%	1.2%	1.1 GB	88.8 MB
1493	af/7961e5	BGC_ANALYSIS:ANTISMASH_ANALYSIS:ANTISMASH (Pantoea_ananatis_NSTU_AG_3)	COMPLETED	0	2026-08-28 20:17:40.289	2026-08-28 20:17:40.387	2026-08-28 20:18:19.263	36.9s	2	6 GB	500.2 MB	7.7 GB	102.8%	0.8%	1.3 GB	71.3 MB
1487	0d/5cb5dc	BGC_ANALYSIS:ANTISMASH_ANALYSIS:ANTISMASH (Pantoea_agglomerans_SO16PY)	COMPLETED	0	2026-08-28 20:17:22.959	2026-08-28 20:17:23.055	2026-08-28 20:18:21.507	56.6s	2	6 GB	733.7 MB	7.8 GB	95.9%	1.3%	2.5 GB	128.3 MB
1491	e6/478518	BGC_ANALYSIS:ANTISMASH_ANALYSIS:ANTISMASH (Pantoea_ananatis_KUK)	COMPLETED	0	2026-08-28 20:17:39.678	2026-08-28 20:17:39.775	2026-08-28 20:18:22.259	40.6s	2	6 GB	667 MB	7.7 GB	95.6%	1.2%	1.6 GB	100.3 MB
1489	1b/309962	BGC_ANALYSIS:ANTISMASH_ANALYSIS:ANTISMASH (Pantoea_ananatis_141)	COMPLETED	0	2026-08-28 20:17:26.917	2026-08-28 20:17:27.014	2026-08-28 20:18:28.834	59.9s	2	6 GB	4.7 GB	7.9 GB	120.0%	8.0%	8.9 GB	64.4 MB
1492	89/83a6d0	BGC_ANALYSIS:ANTISMASH_ANALYSIS:ANTISMASH (Pantoea_ananatis_NSTU_AG_1)	COMPLETED	0	2026-08-28 20:17:48.689	2026-08-28 20:17:48.783	2026-08-28 20:18:31.703	40.6s	2	6 GB	487.6 MB	7.7 GB	103.0%	0.7%	1.5 GB	77.3 MB
1460	06/9663de	BGC_ANALYSIS:ANTISMASH_ANALYSIS:ANTISMASH (Pantoea_stewartii_SMAGNO119)	COMPLETED	0	2026-08-28 20:15:22.809	2026-08-28 20:15:22.906	2026-08-28 20:18:31.759	3m 7s	2	6 GB	532.3 MB	7.7 GB	111.4%	0.8%	9.8 GB	273.4 MB
1490	7f/4e6867	BGC_ANALYSIS:ANTISMASH_ANALYSIS:ANTISMASH (Pantoea_ananatis_31npA-Arg1)	COMPLETED	0	2026-08-28 20:17:39.887	2026-08-28 20:17:39.976	2026-08-28 20:18:40.077	58.1s	2	6 GB	4.7 GB	7.8 GB	120.2%	4.3%	9.5 GB	86.7 MB
1495	e1/b6b6b8	BGC_ANALYSIS:ANTISMASH_ANALYSIS:ANTISMASH (Pantoea_ananatis_NSTU_AG_5)	COMPLETED	0	2026-08-28 20:18:04.592	2026-08-28 20:18:04.688	2026-08-28 20:18:49.289	41.5s	2	6 GB	500.3 MB	7.7 GB	103.2%	0.7%	1.6 GB	83.7 MB
1497	02/6ac009	BGC_ANALYSIS:ANTISMASH_ANALYSIS:ANTISMASH (Pantoea_ananatis_UYCo721)	COMPLETED	0	2026-08-28 20:18:21.512	2026-08-28 20:18:21.608	2026-08-28 20:18:52.986	29.1s	2	6 GB	762.8 MB	7.8 GB	97.4%	1.3%	1.1 GB	82.8 MB
1498	e1/18920c	BGC_ANALYSIS:ANTISMASH_ANALYSIS:ANTISMASH (Pantoea_ananatis_ZP002)	COMPLETED	0	2026-08-28 20:18:31.707	2026-08-28 20:18:31.759	2026-08-28 20:18:55.558	21.9s	2	6 GB	816.4 MB	7.8 GB	130.6%	1.4%	832.9 MB	81 MB
1494	4c/fe6dc3	BGC_ANALYSIS:ANTISMASH_ANALYSIS:ANTISMASH (Pantoea_ananatis_NSTU_AG_4)	COMPLETED	0	2026-08-28 20:18:19.267	2026-08-28 20:18:19.363	2026-08-28 20:18:57.086	35.6s	2	6 GB	504.7 MB	7.8 GB	102.1%	0.8%	1.4 GB	75.1 MB
1499	ce/f3332b	BGC_ANALYSIS:ANTISMASH_ANALYSIS:ANTISMASH (Pantoea_anthophila_73_bin.1)	COMPLETED	0	2026-08-28 20:18:28.839	2026-08-28 20:18:28.934	2026-08-28 20:19:01.465	30.5s	2	6 GB	666.1 MB	7.7 GB	98.1%	1.2%	1.1 GB	88.8 MB
1501	44/36a74a	BGC_ANALYSIS:ANTISMASH_ANALYSIS:ANTISMASH (Pantoea_anthophila__90)	COMPLETED	0	2026-08-28 20:18:31.763	2026-08-28 20:18:31.860	2026-08-28 20:19:02.288	28.5s	2	6 GB	740.4 MB	7.8 GB	106.0%	1.2%	1.1 GB	86 MB
1502	75/038127	BGC_ANALYSIS:ANTISMASH_ANALYSIS:ANTISMASH (Pantoea_conspicua_C2A7)	COMPLETED	0	2026-08-28 20:18:49.292	2026-08-28 20:18:49.389	2026-08-28 20:19:14.322	22.8s	2	6 GB	805.6 MB	7.8 GB	125.0%	1.4%	868.2 MB	81.5 MB
1503	fc/52bd48	BGC_ANALYSIS:ANTISMASH_ANALYSIS:ANTISMASH (Pantoea_dispersa_AA14)	COMPLETED	0	2026-08-28 20:18:52.990	2026-08-28 20:18:53.086	2026-08-28 20:19:17.601	22.6s	2	6 GB	808 MB	7.8 GB	127.1%	1.3%	844.2 MB	81.6 MB
1500	50/b64687	BGC_ANALYSIS:ANTISMASH_ANALYSIS:ANTISMASH (Pantoea_anthophila_75_bin.2)	COMPLETED	0	2026-08-28 20:18:40.084	2026-08-28 20:18:40.177	2026-08-28 20:19:17.653	35.3s	2	6 GB	676.9 MB	7.7 GB	98.3%	1.2%	1.3 GB	94.3 MB
1504	ad/4bb6cc	BGC_ANALYSIS:ANTISMASH_ANALYSIS:ANTISMASH (Pantoea_dispersa_AA6)	COMPLETED	0	2026-08-28 20:18:57.090	2026-08-28 20:18:57.186	2026-08-28 20:19:22.219	23.1s	2	6 GB	779.2 MB	7.8 GB	126.1%	1.3%	859.2 MB	83.6 MB
1496	7a/da763a	BGC_ANALYSIS:ANTISMASH_ANALYSIS:ANTISMASH (Pantoea_ananatis_SK-1)	COMPLETED	0	2026-08-28 20:18:22.263	2026-08-28 20:18:22.360	2026-08-28 20:19:23.911	59.5s	2	6 GB	4.7 GB	7.9 GB	129.1%	5.9%	18.3 GB	86.6 MB
1506	42/16d338	BGC_ANALYSIS:ANTISMASH_ANALYSIS:ANTISMASH (Pantoea_dispersa_SD811)	COMPLETED	0	2026-08-28 20:19:01.480	2026-08-28 20:19:01.569	2026-08-28 20:19:26.840	23.1s	2	6 GB	828.3 MB	7.8 GB	121.9%	1.3%	896.3 MB	85.9 MB
1507	73/6dfa25	BGC_ANALYSIS:ANTISMASH_ANALYSIS:ANTISMASH (Pantoea_dispersa__170)	COMPLETED	0	2026-08-28 20:19:02.295	2026-08-28 20:19:02.388	2026-08-28 20:19:35.700	31.1s	2	6 GB	793.6 MB	7.8 GB	99.1%	1.3%	1.1 GB	89.5 MB
1505	81/233580	BGC_ANALYSIS:ANTISMASH_ANALYSIS:ANTISMASH (Pantoea_dispersa_Adu40)	COMPLETED	0	2026-08-28 20:18:55.563	2026-08-28 20:18:55.658	2026-08-28 20:19:40.407	42.7s	2	6 GB	726.4 MB	7.8 GB	94.8%	1.3%	1.8 GB	110.6 MB
1508	6f/db725c	BGC_ANALYSIS:ANTISMASH_ANALYSIS:ANTISMASH (Pantoea_eucalypti_1L-B-3-B-C3)	COMPLETED	0	2026-08-28 20:19:14.326	2026-08-28 20:19:14.422	2026-08-28 20:19:49.077	32.8s	2	6 GB	753.5 MB	7.8 GB	95.3%	1.3%	1.3 GB	91.4 MB
1509	ce/0304da	BGC_ANALYSIS:ANTISMASH_ANALYSIS:ANTISMASH (Pantoea_eucalypti_1L-B-7-B-C2)	COMPLETED	0	2026-08-28 20:19:22.223	2026-08-28 20:19:22.319	2026-08-28 20:19:51.059	26.8s	2	6 GB	722.4 MB	7.8 GB	106.6%	1.2%	1 GB	82 MB
1518	a9/8368d6	BGC_ANALYSIS:ANTISMASH_ANALYSIS:ANTISMASH (Pantoea_phytostimulans_T19)	COMPLETED	0	2026-08-28 20:19:17.605	2026-08-28 20:19:17.653	2026-08-28 20:19:53.138	33.7s	2	6 GB	742.6 MB	7.8 GB	93.7%	1.3%	1.3 GB	96.2 MB
1522	a2/207f58	BGC_ANALYSIS:ANTISMASH_ANALYSIS:ANTISMASH (Pantoea_piersonii_A-16)	COMPLETED	0	2026-08-28 20:19:17.657	2026-08-28 20:19:17.753	2026-08-28 20:19:54.523	34.9s	2	6 GB	739.8 MB	7.8 GB	97.1%	1.3%	1.4 GB	100.4 MB
1511	e5/a6090f	BGC_ANALYSIS:ANTISMASH_ANALYSIS:ANTISMASH (Pantoea_eucalypti_1L-C-2-B-C3)	COMPLETED	0	2026-08-28 20:19:23.915	2026-08-28 20:19:24.011	2026-08-28 20:19:57.717	31.7s	2	6 GB	748.3 MB	7.8 GB	95.2%	1.3%	1.2 GB	89.2 MB
1524	92/b82e61	BGC_ANALYSIS:ANTISMASH_ANALYSIS:ANTISMASH (Pantoea_piersonii_A-22)	COMPLETED	0	2026-08-28 20:19:26.843	2026-08-28 20:19:26.941	2026-08-28 20:20:00.294	31.4s	2	6 GB	716.5 MB	7.8 GB	97.9%	1.3%	1.2 GB	94.2 MB
1512	ac/773995	BGC_ANALYSIS:ANTISMASH_ANALYSIS:ANTISMASH (Pantoea_eucalypti_C10G5)	COMPLETED	0	2026-08-28 20:19:40.410	2026-08-28 20:19:40.507	2026-08-28 20:20:03.929	21.4s	2	6 GB	809.6 MB	7.8 GB	123.4%	1.3%	861.9 MB	80.8 MB
1510	bf/62328f	BGC_ANALYSIS:ANTISMASH_ANALYSIS:ANTISMASH (Pantoea_eucalypti_1L-B-FC-B-C1)	COMPLETED	0	2026-08-28 20:19:35.704	2026-08-28 20:19:35.800	2026-08-28 20:20:07.700	30s	2	6 GB	720.7 MB	7.8 GB	95.4%	1.3%	1.1 GB	86.2 MB
1513	08/221c97	BGC_ANALYSIS:ANTISMASH_ANALYSIS:ANTISMASH (Pantoea_phosphatilytica_C3D7)	COMPLETED	0	2026-08-28 20:19:51.063	2026-08-28 20:19:51.159	2026-08-28 20:20:15.382	22.5s	2	6 GB	771.8 MB	7.8 GB	122.3%	1.3%	811.2 MB	76.1 MB
1514	05/eb0738	BGC_ANALYSIS:ANTISMASH_ANALYSIS:ANTISMASH (Pantoea_phytobeneficialis_F51)	COMPLETED	0	2026-08-28 20:19:49.080	2026-08-28 20:19:49.177	2026-08-28 20:20:21.335	30.3s	2	6 GB	924 MB	7.9 GB	122.3%	1.5%	1.1 GB	108.4 MB
1515	2a/d4b9ad	BGC_ANALYSIS:ANTISMASH_ANALYSIS:ANTISMASH (Pantoea_phytobeneficialis_F54)	COMPLETED	0	2026-08-28 20:19:54.526	2026-08-28 20:19:54.623	2026-08-28 20:20:26.810	30.3s	2	6 GB	891.4 MB	7.9 GB	122.9%	1.4%	1.1 GB	105 MB
1516	c7/06eda6	BGC_ANALYSIS:ANTISMASH_ANALYSIS:ANTISMASH (Pantoea_phytobeneficialis_F83)	COMPLETED	0	2026-08-28 20:19:53.141	2026-08-28 20:19:53.239	2026-08-28 20:20:26.969	31.8s	2	6 GB	967.8 MB	8 GB	123.2%	1.5%	1.1 GB	112.4 MB
1517	1f/7fdf74	BGC_ANALYSIS:ANTISMASH_ANALYSIS:ANTISMASH (Pantoea_phytostimulans_T15)	COMPLETED	0	2026-08-28 20:19:57.722	2026-08-28 20:19:57.817	2026-08-28 20:20:36.370	36.7s	2	6 GB	727 MB	7.8 GB	93.8%	1.3%	1.4 GB	97.7 MB
1519	58/d34baf	BGC_ANALYSIS:ANTISMASH_ANALYSIS:ANTISMASH (Pantoea_phytostimulans_T30)	COMPLETED	0	2026-08-28 20:20:00.298	2026-08-28 20:20:00.394	2026-08-28 20:20:38.795	36.4s	2	6 GB	735.3 MB	7.8 GB	94.3%	1.3%	1.4 GB	98.7 MB
1520	f7/1c0a22	BGC_ANALYSIS:ANTISMASH_ANALYSIS:ANTISMASH (Pantoea_piersonii_78_bin.2)	COMPLETED	0	2026-08-28 20:20:03.933	2026-08-28 20:20:04.031	2026-08-28 20:20:44.025	37.7s	2	6 GB	684.3 MB	7.7 GB	97.8%	1.2%	1.5 GB	99.9 MB
1528	c2/7194b2	BGC_ANALYSIS:ANTISMASH_ANALYSIS:ANTISMASH (Pantoea_piersonii_A-50)	COMPLETED	0	2026-08-28 20:20:15.386	2026-08-28 20:20:15.483	2026-08-28 20:20:49.587	32s	2	6 GB	733.3 MB	7.8 GB	97.7%	1.3%	1.3 GB	95.1 MB
1531	6c/a26ca4	BGC_ANALYSIS:ANTISMASH_ANALYSIS:ANTISMASH (Pantoea_piersonii_A-63)	COMPLETED	0	2026-08-28 20:20:07.705	2026-08-28 20:20:07.803	2026-08-28 20:20:50.239	40.1s	2	6 GB	741.9 MB	7.8 GB	101.3%	1.3%	1.8 GB	108.5 MB
1521	ef/a10730	BGC_ANALYSIS:ANTISMASH_ANALYSIS:ANTISMASH (Pantoea_piersonii_80_bin.2)	COMPLETED	0	2026-08-28 20:20:21.339	2026-08-28 20:20:21.436	2026-08-28 20:20:59.529	36s	2	6 GB	668.3 MB	7.7 GB	98.1%	1.1%	1.5 GB	99.1 MB
1525	08/2840ff	BGC_ANALYSIS:ANTISMASH_ANALYSIS:ANTISMASH (Pantoea_piersonii_A-29)	COMPLETED	0	2026-08-28 20:20:26.972	2026-08-28 20:20:27.069	2026-08-28 20:20:59.985	30.8s	2	6 GB	719.5 MB	7.8 GB	101.7%	1.3%	1.2 GB	94.6 MB
1523	a2/31579a	BGC_ANALYSIS:ANTISMASH_ANALYSIS:ANTISMASH (Pantoea_piersonii_A-20)	COMPLETED	0	2026-08-28 20:20:26.813	2026-08-28 20:20:26.910	2026-08-28 20:21:03.498	34.5s	2	6 GB	728.9 MB	7.8 GB	98.0%	1.3%	1.4 GB	99.9 MB
1526	d8/f2c76a	BGC_ANALYSIS:ANTISMASH_ANALYSIS:ANTISMASH (Pantoea_piersonii_A-4)	COMPLETED	0	2026-08-28 20:20:36.374	2026-08-28 20:20:36.470	2026-08-28 20:21:12.625	34.3s	2	6 GB	717 MB	7.8 GB	97.6%	1.3%	1.4 GB	99.5 MB
1540	d0/35e934	BGC_ANALYSIS:ANTISMASH_ANALYSIS:ANTISMASH (Pantoea_septica_G5-15)	COMPLETED	0	2026-08-28 20:20:49.593	2026-08-28 20:20:49.688	2026-08-28 20:21:13.561	21.9s	2	6 GB	802 MB	7.8 GB	123.9%	1.3%	854.5 MB	80.4 MB
1538	e0/4ef597	BGC_ANALYSIS:ANTISMASH_ANALYSIS:ANTISMASH (Pantoea_septica_112)	COMPLETED	0	2026-08-28 20:20:50.243	2026-08-28 20:20:50.339	2026-08-28 20:21:15.765	23.4s	2	6 GB	817.2 MB	7.8 GB	119.5%	1.4%	943 MB	86.3 MB
1536	40/711617	BGC_ANALYSIS:ANTISMASH_ANALYSIS:ANTISMASH (Pantoea_piersonii_A-87)	COMPLETED	0	2026-08-28 20:20:38.799	2026-08-28 20:20:38.896	2026-08-28 20:21:18.033	37.2s	2	6 GB	775.1 MB	7.8 GB	93.7%	1.3%	1.5 GB	102 MB
1534	c7/78ed42	BGC_ANALYSIS:ANTISMASH_ANALYSIS:ANTISMASH (Pantoea_piersonii_A-81)	COMPLETED	0	2026-08-28 20:20:44.029	2026-08-28 20:20:44.125	2026-08-28 20:21:20.690	34.5s	2	6 GB	750.5 MB	7.8 GB	97.3%	1.3%	1.4 GB	100 MB
1545	70/d0b377	BGC_ANALYSIS:ANTISMASH_ANALYSIS:ANTISMASH (Pantoea_sp._PA1_Pa1)	COMPLETED	0	2026-08-28 20:21:03.502	2026-08-28 20:21:03.598	2026-08-28 20:21:32.790	27.2s	2	6 GB	750.3 MB	7.8 GB	104.8%	1.2%	1 GB	85.9 MB
1533	7c/e074ca	BGC_ANALYSIS:ANTISMASH_ANALYSIS:ANTISMASH (Pantoea_piersonii_A-75)	COMPLETED	0	2026-08-28 20:20:59.532	2026-08-28 20:20:59.630	2026-08-28 20:21:38.203	36.7s	2	6 GB	782.1 MB	7.8 GB	94.4%	1.3%	1.4 GB	100.8 MB
1532	1a/8657b5	BGC_ANALYSIS:ANTISMASH_ANALYSIS:ANTISMASH (Pantoea_piersonii_A-71)	COMPLETED	0	2026-08-28 20:21:15.769	2026-08-28 20:21:15.865	2026-08-28 20:21:49.243	31.5s	2	6 GB	724.6 MB	7.8 GB	101.5%	1.3%	1.2 GB	94.7 MB
1529	2c/9a1815	BGC_ANALYSIS:ANTISMASH_ANALYSIS:ANTISMASH (Pantoea_piersonii_A-51)	COMPLETED	0	2026-08-28 20:21:12.628	2026-08-28 20:21:12.725	2026-08-28 20:21:49.592	35s	2	6 GB	763 MB	7.8 GB	98.2%	1.3%	1.4 GB	99.9 MB
1535	4e/4d35d2	BGC_ANALYSIS:ANTISMASH_ANALYSIS:ANTISMASH (Pantoea_piersonii_A-83)	COMPLETED	0	2026-08-28 20:21:18.037	2026-08-28 20:21:18.133	2026-08-28 20:21:55.507	35.5s	2	6 GB	744.9 MB	7.8 GB	98.4%	1.3%	1.5 GB	101 MB
1537	bf/3d721a	BGC_ANALYSIS:ANTISMASH_ANALYSIS:ANTISMASH (Pantoea_piersonii_F10_5S_D1_EB2)	COMPLETED	0	2026-08-28 20:21:20.695	2026-08-28 20:21:20.790	2026-08-28 20:21:56.420	33.5s	2	6 GB	743.6 MB	7.8 GB	97.5%	1.2%	1.3 GB	92.5 MB
1527	31/ff39eb	BGC_ANALYSIS:ANTISMASH_ANALYSIS:ANTISMASH (Pantoea_piersonii_A-49)	COMPLETED	0	2026-08-28 20:20:59.990	2026-08-28 20:21:00.085	2026-08-28 20:22:06.953	1m 5s	2	6 GB	788.3 MB	7.8 GB	97.1%	1.3%	3.2 GB	152.4 MB
1542	9f/b9e67a	BGC_ANALYSIS:ANTISMASH_ANALYSIS:ANTISMASH (Pantoea_sp._C5C10)	COMPLETED	0	2026-08-28 20:21:38.207	2026-08-28 20:21:38.303	2026-08-28 20:22:08.514	28.1s	2	6 GB	854.3 MB	7.9 GB	122.3%	1.4%	1 GB	99.3 MB
1539	05/dd848c	BGC_ANALYSIS:ANTISMASH_ANALYSIS:ANTISMASH (Pantoea_septica_74_bin.2)	COMPLETED	0	2026-08-28 20:21:32.793	2026-08-28 20:21:32.890	2026-08-28 20:22:15.274	40.5s	2	6 GB	676 MB	7.7 GB	96.5%	1.2%	1.8 GB	107.1 MB
1541	db/957b5a	BGC_ANALYSIS:ANTISMASH_ANALYSIS:ANTISMASH (Pantoea_sp._C1E2)	COMPLETED	0	2026-08-28 20:21:49.247	2026-08-28 20:21:49.343	2026-08-28 20:22:17.422	26.1s	2	6 GB	844.1 MB	7.9 GB	124.8%	1.4%	987.2 MB	95.3 MB
1530	3c/01510d	BGC_ANALYSIS:ANTISMASH_ANALYSIS:ANTISMASH (Pantoea_piersonii_A-59)	COMPLETED	0	2026-08-28 20:21:13.565	2026-08-28 20:21:13.662	2026-08-28 20:22:18.253	1m 3s	2	6 GB	819.6 MB	7.9 GB	97.2%	1.3%	3.1 GB	149.5 MB
1546	34/4731cd	BGC_ANALYSIS:ANTISMASH_ANALYSIS:ANTISMASH (Pantoea_sp._S-LA4)	COMPLETED	0	2026-08-28 20:21:56.424	2026-08-28 20:21:56.521	2026-08-28 20:22:21.750	23.1s	2	6 GB	793.2 MB	7.8 GB	124.2%	1.4%	899.2 MB	84.7 MB
1543	42/a13fa0	BGC_ANALYSIS:ANTISMASH_ANALYSIS:ANTISMASH (Pantoea_sp._DMYE4)	COMPLETED	0	2026-08-28 20:21:55.510	2026-08-28 20:21:55.607	2026-08-28 20:22:32.668	35s	2	6 GB	680.6 MB	7.7 GB	93.9%	1.1%	1.4 GB	96.1 MB
1548	32/0f6e94	BGC_ANALYSIS:ANTISMASH_ANALYSIS:ANTISMASH (Pantoea_sp._XAF26B01_ASV70)	COMPLETED	0	2026-08-28 20:22:06.957	2026-08-28 20:22:07.053	2026-08-28 20:22:33.594	24.6s	2	6 GB	821.4 MB	7.8 GB	119.2%	1.4%	924.1 MB	88.5 MB
1544	dd/9cf886	BGC_ANALYSIS:ANTISMASH_ANALYSIS:ANTISMASH (Pantoea_sp._HJE1)	COMPLETED	0	2026-08-28 20:21:49.596	2026-08-28 20:21:49.692	2026-08-28 20:22:34.440	42.9s	2	6 GB	726.6 MB	7.8 GB	92.0%	1.3%	1.7 GB	113.7 MB
1547	cd/85c3f6	BGC_ANALYSIS:ANTISMASH_ANALYSIS:ANTISMASH (Pantoea_sp._SYBGC1)	COMPLETED	0	2026-08-28 20:22:08.518	2026-08-28 20:22:08.614	2026-08-28 20:22:36.905	26.3s	2	6 GB	576.3 MB	7.3 GB	96.1%	1.0%	1.1 GB	76.4 MB
1556	ec/b9f5e3	BGC_ANALYSIS:ANTISMASH_ANALYSIS:ANTISMASH (Pantoea_stewartii_F93)	COMPLETED	0	2026-08-28 20:22:15.277	2026-08-28 20:22:15.374	2026-08-28 20:22:39.846	22.6s	2	6 GB	827.3 MB	7.8 GB	125.4%	1.4%	866.4 MB	83.9 MB
1554	6b/f8ab5d	BGC_ANALYSIS:ANTISMASH_ANALYSIS:ANTISMASH (Pantoea_stewartii_F91)	COMPLETED	0	2026-08-28 20:22:17.425	2026-08-28 20:22:17.522	2026-08-28 20:22:42.117	22.7s	2	6 GB	828.7 MB	7.8 GB	126.0%	1.3%	870.5 MB	84.4 MB
1552	55/7355ba	BGC_ANALYSIS:ANTISMASH_ANALYSIS:ANTISMASH (Pantoea_stewartii_F42)	COMPLETED	0	2026-08-28 20:22:32.671	2026-08-28 20:22:32.768	2026-08-28 20:23:02.442	27.7s	2	6 GB	826.8 MB	7.9 GB	122.7%	1.4%	877.7 MB	84.9 MB
1551	e6/69010d	BGC_ANALYSIS:ANTISMASH_ANALYSIS:ANTISMASH (Pantoea_stewartii_F33)	COMPLETED	0	2026-08-28 20:22:33.597	2026-08-28 20:22:33.694	2026-08-28 20:23:03.957	28.3s	2	6 GB	805.4 MB	7.8 GB	124.6%	1.4%	874.3 MB	84.4 MB
1559	4e/f50f18	BGC_ANALYSIS:ANTISMASH_ANALYSIS:ANTISMASH (Pantoea_trifolii_C11B12)	COMPLETED	0	2026-08-28 20:22:34.443	2026-08-28 20:22:34.540	2026-08-28 20:23:06.805	30.3s	2	6 GB	808 MB	7.8 GB	119.1%	1.4%	923.4 MB	89.1 MB
1550	31/ccc9e8	BGC_ANALYSIS:ANTISMASH_ANALYSIS:ANTISMASH (Pantoea_sp._y20)	COMPLETED	0	2026-08-28 20:22:36.908	2026-08-28 20:22:37.004	2026-08-28 20:23:08.672	29.8s	2	6 GB	823.3 MB	7.8 GB	125.0%	1.3%	930.6 MB	89.5 MB
1555	c5/b82016	BGC_ANALYSIS:ANTISMASH_ANALYSIS:ANTISMASH (Pantoea_stewartii_F92)	COMPLETED	0	2026-08-28 20:22:39.849	2026-08-28 20:22:39.947	2026-08-28 20:23:10.033	27.9s	2	6 GB	798 MB	7.8 GB	122.7%	1.3%	874.7 MB	84.6 MB
1560	50/2c809d	BGC_ANALYSIS:ANTISMASH_ANALYSIS:ANTISMASH (Pantoea_trifolii_C2F10)	COMPLETED	0	2026-08-28 20:22:42.122	2026-08-28 20:22:42.218	2026-08-28 20:23:14.766	28.7s	2	6 GB	813.2 MB	7.9 GB	117.0%	1.4%	936.1 MB	88.1 MB
1549	9b/0e8b64	BGC_ANALYSIS:ANTISMASH_ANALYSIS:ANTISMASH (Pantoea_sp._nfd-35)	COMPLETED	0	2026-08-28 20:22:18.257	2026-08-28 20:22:18.353	2026-08-28 20:23:16.153	55.9s	2	6 GB	4.8 GB	7.9 GB	120.1%	8.0%	9.4 GB	81.4 MB
1558	2d/c32d4a	BGC_ANALYSIS:ANTISMASH_ANALYSIS:ANTISMASH (Pantoea_stewartii_UIA44)	COMPLETED	0	2026-08-28 20:22:21.753	2026-08-28 20:22:21.850	2026-08-28 20:23:20.374	56.6s	2	6 GB	4.7 GB	7.9 GB	119.3%	6.5%	10.3 GB	60.8 MB
1553	61/1e1b6e	BGC_ANALYSIS:ANTISMASH_ANALYSIS:ANTISMASH (Pantoea_stewartii_F43)	COMPLETED	0	2026-08-28 20:23:02.446	2026-08-28 20:23:02.543	2026-08-28 20:23:29.114	24.2s	2	6 GB	812.9 MB	7.8 GB	122.5%	1.4%	874.7 MB	84.6 MB
1557	c5/9fdca8	BGC_ANALYSIS:ANTISMASH_ANALYSIS:ANTISMASH (Pantoea_stewartii_F94)	COMPLETED	0	2026-08-28 20:23:06.809	2026-08-28 20:23:06.905	2026-08-28 20:23:32.830	23.9s	2	6 GB	827.7 MB	7.8 GB	123.7%	1.3%	865.8 MB	83.9 MB
1562	13/3c8e32	BGC_ANALYSIS:ANTISMASH_ANALYSIS:ANTISMASH (Pantoea_trifolii_C8H4)	COMPLETED	0	2026-08-28 20:23:03.962	2026-08-28 20:23:04.057	2026-08-28 20:23:33.311	26.9s	2	6 GB	820.1 MB	7.8 GB	119.2%	1.3%	981.3 MB	89.8 MB
1566	68/8d458a	BGC_ANALYSIS:ANTISMASH_ANALYSIS:ANTISMASH (Erwinia_mediterraneensis_Marseille-P5165)	COMPLETED	0	2026-08-28 20:23:10.037	2026-08-28 20:23:10.133	2026-08-28 20:23:34.946	22.8s	2	6 GB	587.4 MB	7.8 GB	121.3%	0.9%	778.4 MB	56.4 MB
1561	3a/b23793	BGC_ANALYSIS:ANTISMASH_ANALYSIS:ANTISMASH (Pantoea_trifolii_C2F9)	COMPLETED	0	2026-08-28 20:23:08.676	2026-08-28 20:23:08.772	2026-08-28 20:23:36.259	25.5s	2	6 GB	821.3 MB	7.9 GB	120.1%	1.4%	915.2 MB	87.4 MB
1574	e1/b74d07	BGC_ANALYSIS:ANTISMASH_ANALYSIS:ANTISMASH (Pantoea_agglomerans_C-367)	COMPLETED	0	2026-08-28 20:23:16.156	2026-08-28 20:23:16.253	2026-08-28 20:23:40.680	22.2s	2	6 GB	818.2 MB	7.8 GB	122.7%	1.3%	782.1 MB	81.4 MB
1576	6f/c53e1e	BGC_ANALYSIS:ANTISMASH_ANALYSIS:ANTISMASH (Pantoea_agglomerans_C-369)	COMPLETED	0	2026-08-28 20:23:20.377	2026-08-28 20:23:20.474	2026-08-28 20:23:43.997	21.4s	2	6 GB	799.4 MB	7.8 GB	120.9%	1.3%	738.9 MB	79 MB
1565	f9/ee0cb3	BGC_ANALYSIS:ANTISMASH_ANALYSIS:ANTISMASH (Candidatus_Pantoea_varia_OV426)	COMPLETED	0	2026-08-28 20:23:14.769	2026-08-28 20:23:14.866	2026-08-28 20:23:44.100	27.1s	2	6 GB	702 MB	7.7 GB	105.6%	1.1%	1019.1 MB	76.3 MB
1567	68/426fd6	BGC_ANALYSIS:ANTISMASH_ANALYSIS:ANTISMASH (Pantoea_agglomerans_A2_2)	COMPLETED	0	2026-08-28 20:23:33.314	2026-08-28 20:23:33.412	2026-08-28 20:23:53.842	18.6s	2	6 GB	600 MB	7.3 GB	127.0%	1.1%	695.4 MB	49.6 MB
1570	1f/cf129e	BGC_ANALYSIS:ANTISMASH_ANALYSIS:ANTISMASH (Pantoea_agglomerans_C-359)	COMPLETED	0	2026-08-28 20:23:29.118	2026-08-28 20:23:29.214	2026-08-28 20:23:54.084	22.9s	2	6 GB	807.5 MB	7.8 GB	122.0%	1.4%	747.6 MB	79.4 MB
1573	3b/9d0ec3	BGC_ANALYSIS:ANTISMASH_ANALYSIS:ANTISMASH (Pantoea_agglomerans_C-366)	COMPLETED	0	2026-08-28 20:23:32.834	2026-08-28 20:23:32.930	2026-08-28 20:23:57.176	22.4s	2	6 GB	846.5 MB	7.9 GB	116.9%	1.4%	726.9 MB	81.6 MB
1569	3d/ebba56	BGC_ANALYSIS:ANTISMASH_ANALYSIS:ANTISMASH (Pantoea_agglomerans_C-358)	COMPLETED	0	2026-08-28 20:23:36.263	2026-08-28 20:23:36.359	2026-08-28 20:24:03.388	25.2s	2	6 GB	834.3 MB	7.8 GB	116.1%	1.4%	868.2 MB	88.1 MB
1563	4b/374a1c	BGC_ANALYSIS:ANTISMASH_ANALYSIS:ANTISMASH (Candidatus_Pantoea_floridensis_JKS000234)	COMPLETED	0	2026-08-28 20:23:34.950	2026-08-28 20:23:35.046	2026-08-28 20:24:04.708	27.7s	2	6 GB	791 MB	7.8 GB	119.3%	1.3%	991.5 MB	83.8 MB
1577	bc/66733d	BGC_ANALYSIS:ANTISMASH_ANALYSIS:ANTISMASH (Pantoea_agglomerans_C-373)	COMPLETED	0	2026-08-28 20:23:40.683	2026-08-28 20:23:40.780	2026-08-28 20:24:05.332	22s	2	6 GB	820.6 MB	7.9 GB	116.0%	1.4%	686.1 MB	80.3 MB
1571	aa/882f7b	BGC_ANALYSIS:ANTISMASH_ANALYSIS:ANTISMASH (Pantoea_agglomerans_C-362)	COMPLETED	0	2026-08-28 20:23:44.002	2026-08-28 20:23:44.097	2026-08-28 20:24:07.547	21s	2	6 GB	785.6 MB	7.8 GB	116.3%	1.3%	679.6 MB	80.2 MB
1578	0b/8fa46e	BGC_ANALYSIS:ANTISMASH_ANALYSIS:ANTISMASH (Pantoea_agglomerans_C-374)	COMPLETED	0	2026-08-28 20:23:54.087	2026-08-28 20:23:54.184	2026-08-28 20:24:17.062	20.7s	2	6 GB	829 MB	7.8 GB	114.3%	1.4%	678.9 MB	80.1 MB
1575	4f/263c71	BGC_ANALYSIS:ANTISMASH_ANALYSIS:ANTISMASH (Pantoea_agglomerans_C-368)	COMPLETED	0	2026-08-28 20:23:53.847	2026-08-28 20:23:53.943	2026-08-28 20:24:20.181	24s	2	6 GB	811.3 MB	7.8 GB	125.2%	1.3%	858.7 MB	82.1 MB
1572	7b/1f5d26	BGC_ANALYSIS:ANTISMASH_ANALYSIS:ANTISMASH (Pantoea_agglomerans_C-364)	COMPLETED	0	2026-08-28 20:24:04.711	2026-08-28 20:24:04.807	2026-08-28 20:24:29.552	22.6s	2	6 GB	810.2 MB	7.8 GB	123.1%	1.3%	780.1 MB	81.4 MB
1568	a0/d3fe33	BGC_ANALYSIS:ANTISMASH_ANALYSIS:ANTISMASH (Pantoea_agglomerans_C-332)	COMPLETED	0	2026-08-28 20:24:03.391	2026-08-28 20:24:03.488	2026-08-28 20:24:29.639	24s	2	6 GB	813.7 MB	7.8 GB	119.5%	1.4%	817.5 MB	83.2 MB
1582	cf/052c4c	BGC_ANALYSIS:ANTISMASH_ANALYSIS:ANTISMASH (Pantoea_agglomerans_C12)	COMPLETED	0	2026-08-28 20:24:05.336	2026-08-28 20:24:05.431	2026-08-28 20:24:32.256	24.6s	2	6 GB	802.7 MB	7.8 GB	123.4%	1.3%	865.6 MB	83 MB
1581	5d/4b647b	BGC_ANALYSIS:ANTISMASH_ANALYSIS:ANTISMASH (Pantoea_agglomerans_C-387)	COMPLETED	0	2026-08-28 20:24:07.552	2026-08-28 20:24:07.647	2026-08-28 20:24:33.896	24s	2	6 GB	785.6 MB	7.8 GB	126.5%	1.4%	885.7 MB	83.5 MB
1564	69/418269	BGC_ANALYSIS:ANTISMASH_ANALYSIS:ANTISMASH (Candidatus_Pantoea_symbiotica_YR512)	COMPLETED	0	2026-08-28 20:23:57.180	2026-08-28 20:23:57.279	2026-08-28 20:24:37.835	38.2s	2	6 GB	703.9 MB	7.8 GB	93.0%	1.3%	1.4 GB	91.9 MB
1580	72/df25c1	BGC_ANALYSIS:ANTISMASH_ANALYSIS:ANTISMASH (Pantoea_agglomerans_C-377)	COMPLETED	0	2026-08-28 20:24:17.066	2026-08-28 20:24:17.163	2026-08-28 20:24:40.287	20.9s	2	6 GB	825.7 MB	7.8 GB	113.4%	1.4%	692 MB	80.3 MB
1579	5e/84da74	BGC_ANALYSIS:ANTISMASH_ANALYSIS:ANTISMASH (Pantoea_agglomerans_C-376)	COMPLETED	0	2026-08-28 20:23:44.105	2026-08-28 20:23:44.200	2026-08-28 20:24:43.283	56.6s	2	6 GB	4.8 GB	7.9 GB	119.5%	3.7%	14.2 GB	82.5 MB
1584	ff/d7ddc0	BGC_ANALYSIS:ANTISMASH_ANALYSIS:ANTISMASH (Pantoea_agglomerans_CFBP9280)	COMPLETED	0	2026-08-28 20:24:20.185	2026-08-28 20:24:20.281	2026-08-28 20:24:47.059	24.6s	2	6 GB	620.2 MB	8 GB	121.5%	1.0%	816.8 MB	61.7 MB
1583	be/386205	BGC_ANALYSIS:ANTISMASH_ANALYSIS:ANTISMASH (Pantoea_agglomerans_CFBP9279)	COMPLETED	0	2026-08-28 20:24:29.557	2026-08-28 20:24:29.640	2026-08-28 20:24:57.106	25.5s	2	6 GB	626.3 MB	7.9 GB	123.0%	1.0%	835.7 MB	63 MB
1586	98/96653d	BGC_ANALYSIS:ANTISMASH_ANALYSIS:ANTISMASH (Pantoea_agglomerans_DAPP-PG734_2)	COMPLETED	0	2026-08-28 20:24:29.643	2026-08-28 20:24:29.739	2026-08-28 20:24:58.565	26.8s	2	6 GB	870.8 MB	7.9 GB	118.8%	1.5%	984.6 MB	91.8 MB
1585	db/09d841	BGC_ANALYSIS:ANTISMASH_ANALYSIS:ANTISMASH (Pantoea_agglomerans_CFBP9288)	COMPLETED	0	2026-08-28 20:24:32.260	2026-08-28 20:24:32.356	2026-08-28 20:25:01.174	26.8s	2	6 GB	635 MB	7.9 GB	122.2%	1.1%	896.3 MB	66.3 MB
1588	9f/5d8349	BGC_ANALYSIS:ANTISMASH_ANALYSIS:ANTISMASH (Pantoea_agglomerans_GR13)	COMPLETED	0	2026-08-28 20:24:37.839	2026-08-28 20:24:37.935	2026-08-28 20:25:03.956	24s	2	6 GB	721.8 MB	7.8 GB	115.5%	1.2%	865.2 MB	72.4 MB
1590	2f/f33761	BGC_ANALYSIS:ANTISMASH_ANALYSIS:ANTISMASH (Pantoea_agglomerans_NCTC10500)	COMPLETED	0	2026-08-28 20:24:40.292	2026-08-28 20:24:40.387	2026-08-28 20:25:06.370	24s	2	6 GB	772.2 MB	7.8 GB	120.3%	1.3%	854.7 MB	73.4 MB
1593	d2/feb81a	BGC_ANALYSIS:ANTISMASH_ANALYSIS:ANTISMASH (Pantoea_agglomerans_NI-6)	COMPLETED	0	2026-08-28 20:24:43.288	2026-08-28 20:24:43.383	2026-08-28 20:25:09.566	23.9s	2	6 GB	803.6 MB	7.8 GB	124.1%	1.3%	852.9 MB	81.4 MB
1587	14/f4f529	BGC_ANALYSIS:ANTISMASH_ANALYSIS:ANTISMASH (Pantoea_agglomerans_GCA_900185875.1)	COMPLETED	0	2026-08-28 20:24:33.900	2026-08-28 20:24:33.996	2026-08-28 20:25:11.110	35.1s	2	6 GB	492.6 MB	7.8 GB	100.3%	0.7%	1.3 GB	71.5 MB
1591	67/a84805	BGC_ANALYSIS:ANTISMASH_ANALYSIS:ANTISMASH (Pantoea_agglomerans_NCTC10601)	COMPLETED	0	2026-08-28 20:24:57.109	2026-08-28 20:24:57.206	2026-08-28 20:25:23.335	24s	2	6 GB	706.6 MB	7.8 GB	117.9%	1.2%	907.6 MB	75.9 MB
1592	77/823ed4	BGC_ANALYSIS:ANTISMASH_ANALYSIS:ANTISMASH (Pantoea_agglomerans_NCTC9381)	COMPLETED	0	2026-08-28 20:24:58.569	2026-08-28 20:24:58.665	2026-08-28 20:25:24.665	24s	2	6 GB	883.8 MB	7.9 GB	123.9%	1.4%	838.5 MB	80.7 MB
1597	d4/4bb432	BGC_ANALYSIS:ANTISMASH_ANALYSIS:ANTISMASH (Pantoea_ananatis_KB2A)	COMPLETED	0	2026-08-28 20:25:03.963	2026-08-28 20:25:04.056	2026-08-28 20:25:41.146	35s	2	6 GB	703.1 MB	7.8 GB	96.9%	1.2%	1.2 GB	92.7 MB
1589	5b/3ed66e	BGC_ANALYSIS:ANTISMASH_ANALYSIS:ANTISMASH (Pantoea_agglomerans_HPB_10265)	COMPLETED	0	2026-08-28 20:25:06.373	2026-08-28 20:25:06.470	2026-08-28 20:25:43.808	35.2s	2	6 GB	684.9 MB	7.7 GB	94.4%	1.2%	1.3 GB	94 MB
1598	1d/f59de4	BGC_ANALYSIS:ANTISMASH_ANALYSIS:ANTISMASH (Pantoea_ananatis_NFIX48)	COMPLETED	0	2026-08-28 20:24:47.063	2026-08-28 20:24:47.160	2026-08-28 20:25:44.513	55s	2	6 GB	4.7 GB	7.7 GB	110.1%	5.1%	9.7 GB	76.6 MB
1601	9e/025877	BGC_ANALYSIS:ANTISMASH_ANALYSIS:ANTISMASH (Pantoea_anthophila_Lm-2025-w)	COMPLETED	0	2026-08-28 20:25:23.339	2026-08-28 20:25:23.435	2026-08-28 20:25:47.438	21.7s	2	6 GB	751.5 MB	7.8 GB	124.8%	1.3%	793.5 MB	67.3 MB
1595	ba/bbea4f	BGC_ANALYSIS:ANTISMASH_ANALYSIS:ANTISMASH (Pantoea_agglomerans_RSO7)	COMPLETED	0	2026-08-28 20:25:11.115	2026-08-28 20:25:11.210	2026-08-28 20:25:47.727	34.3s	2	6 GB	489.5 MB	7.8 GB	102.9%	0.7%	1.2 GB	71.2 MB
1602	e9/5fd7cf	BGC_ANALYSIS:ANTISMASH_ANALYSIS:ANTISMASH (Pantoea_anthophila_Lm-2025-y)	COMPLETED	0	2026-08-28 20:25:44.517	2026-08-28 20:25:44.614	2026-08-28 20:26:13.039	26.1s	2	6 GB	751.1 MB	7.8 GB	124.5%	1.2%	871.8 MB	74.5 MB
1603	3f/6b1474	BGC_ANALYSIS:ANTISMASH_ANALYSIS:ANTISMASH (Pantoea_anthophila_P60106)	COMPLETED	0	2026-08-28 20:25:47.738	2026-08-28 20:25:47.827	2026-08-28 20:26:14.744	24.6s	2	6 GB	759.5 MB	7.8 GB	126.4%	1.2%	833.3 MB	78.4 MB
1613	06/c3a9ce	BGC_ANALYSIS:ANTISMASH_ANALYSIS:ANTISMASH (Pantoea_sp._Ae19-2)	COMPLETED	0	2026-08-28 20:25:47.442	2026-08-28 20:25:47.538	2026-08-28 20:26:18.218	28.3s	2	6 GB	861.7 MB	7.9 GB	122.9%	1.5%	1015.2 MB	90.6 MB
1596	55/812ba9	BGC_ANALYSIS:ANTISMASH_ANALYSIS:ANTISMASH (Pantoea_allii_KB4)	COMPLETED	0	2026-08-28 20:25:09.570	2026-08-28 20:25:09.666	2026-08-28 20:26:19.988	1m 8s	2	6 GB	4.7 GB	7.8 GB	109.0%	5.3%	11.5 GB	102.1 MB
1600	8e/49fdba	BGC_ANALYSIS:ANTISMASH_ANALYSIS:ANTISMASH (Pantoea_ananatis_RP1)	COMPLETED	0	2026-08-28 20:25:24.670	2026-08-28 20:25:24.766	2026-08-28 20:26:21.439	54.4s	2	6 GB	4.7 GB	7.7 GB	123.1%	8.0%	9.8 GB	51.3 MB
1594	65/155d1f	BGC_ANALYSIS:ANTISMASH_ANALYSIS:ANTISMASH (Pantoea_agglomerans_PK91_bin.39)	COMPLETED	0	2026-08-28 20:25:01.178	2026-08-28 20:25:01.274	2026-08-28 20:26:26.586	1m 23s	2	6 GB	511 MB	7.7 GB	104.7%	0.8%	3.8 GB	130.9 MB
1605	48/3ccc73	BGC_ANALYSIS:ANTISMASH_ANALYSIS:ANTISMASH (Pantoea_dispersa_1611)	COMPLETED	0	2026-08-28 20:26:18.223	2026-08-28 20:26:18.318	2026-08-28 20:26:45.765	25.4s	2	6 GB	797.6 MB	7.8 GB	125.8%	1.3%	890.6 MB	79.7 MB
1618	da/1f6cdd	BGC_ANALYSIS:ANTISMASH_ANALYSIS:ANTISMASH (Pantoea_sp._X-Soil-ISGK-275)	COMPLETED	0	2026-08-28 20:26:21.443	2026-08-28 20:26:21.539	2026-08-28 20:26:50.258	26.2s	2	6 GB	758.8 MB	7.8 GB	123.6%	1.3%	925.9 MB	83 MB
1615	2b/72bfd0	BGC_ANALYSIS:ANTISMASH_ANALYSIS:ANTISMASH (Pantoea_sp._GQ186)	COMPLETED	0	2026-08-28 20:26:19.991	2026-08-28 20:26:20.088	2026-08-28 20:26:52.728	30.3s	2	6 GB	677.4 MB	7.7 GB	100.2%	1.1%	1.1 GB	79.6 MB
1612	16/fba8aa	BGC_ANALYSIS:ANTISMASH_ANALYSIS:ANTISMASH (Pantoea_sp._18069_GCA_902706035.1)	COMPLETED	0	2026-08-28 20:25:41.150	2026-08-28 20:25:41.246	2026-08-28 20:26:53.409	1m 10s	2	6 GB	544.6 MB	7.7 GB	102.2%	0.8%	2.7 GB	115.4 MB
1614	08/46eee7	BGC_ANALYSIS:ANTISMASH_ANALYSIS:ANTISMASH (Pantoea_sp._GL120224-02)	COMPLETED	0	2026-08-28 20:26:14.749	2026-08-28 20:26:14.844	2026-08-28 20:26:55.954	38.9s	2	6 GB	694 MB	7.8 GB	96.2%	1.3%	1.4 GB	90.8 MB
1599	88/c7e146	BGC_ANALYSIS:ANTISMASH_ANALYSIS:ANTISMASH (Pantoea_ananatis_NFR11)	COMPLETED	0	2026-08-28 20:25:43.812	2026-08-28 20:25:43.909	2026-08-28 20:27:03.958	1m 18s	2	6 GB	4.8 GB	7.7 GB	121.3%	4.7%	20.4 GB	81.6 MB
1604	ba/7a1ea1	BGC_ANALYSIS:ANTISMASH_ANALYSIS:ANTISMASH (Pantoea_brenneri_GCA_902506485.1)	COMPLETED	0	2026-08-28 20:26:26.589	2026-08-28 20:26:26.687	2026-08-28 20:27:05.965	36.6s	2	6 GB	838.1 MB	7.8 GB	113.2%	1.4%	1.5 GB	98 MB
1619	92/acbe09	BGC_ANALYSIS:ANTISMASH_ANALYSIS:ANTISMASH (Pantoea_sp._X-Soil-ISGK-285)	COMPLETED	0	2026-08-28 20:26:50.262	2026-08-28 20:26:50.358	2026-08-28 20:27:17.100	24.6s	2	6 GB	804.4 MB	7.8 GB	122.9%	1.3%	881.5 MB	77.6 MB
1610	dc/89a1b9	BGC_ANALYSIS:ANTISMASH_ANALYSIS:ANTISMASH (Pantoea_septica_GCA_902386985.1)	COMPLETED	0	2026-08-28 20:26:53.414	2026-08-28 20:26:53.510	2026-08-28 20:27:21.731	26.1s	2	6 GB	613.1 MB	7.8 GB	124.4%	1.0%	896.9 MB	64.1 MB
1607	4c/cf0214	BGC_ANALYSIS:ANTISMASH_ANALYSIS:ANTISMASH (Pantoea_dispersa_WZ-007)	COMPLETED	0	2026-08-28 20:26:45.769	2026-08-28 20:26:45.865	2026-08-28 20:27:25.408	37.4s	2	6 GB	693.2 MB	7.8 GB	96.7%	1.2%	1.4 GB	99 MB
1626	41/e194d3	BGC_ANALYSIS:ANTISMASH_ANALYSIS:ANTISMASH (Pantoea_sp._X-Soil-OKNW-713)	COMPLETED	0	2026-08-28 20:26:55.959	2026-08-28 20:26:56.055	2026-08-28 20:27:26.522	28.3s	2	6 GB	860.6 MB	7.9 GB	126.5%	1.4%	1 GB	92.6 MB
1609	09/f3a094	BGC_ANALYSIS:ANTISMASH_ANALYSIS:ANTISMASH (Pantoea_eucalypti_NFPP29)	COMPLETED	0	2026-08-28 20:27:05.969	2026-08-28 20:27:06.065	2026-08-28 20:27:35.303	27.1s	2	6 GB	632.3 MB	7.7 GB	97.0%	1.0%	979.6 MB	71.6 MB
1608	e8/01f5a8	BGC_ANALYSIS:ANTISMASH_ANALYSIS:ANTISMASH (Pantoea_dispersa_WZ-008)	COMPLETED	0	2026-08-28 20:27:03.962	2026-08-28 20:27:04.059	2026-08-28 20:27:44.064	37.8s	2	6 GB	751.8 MB	7.8 GB	97.6%	1.3%	1.4 GB	98.4 MB
1620	71/fff445	BGC_ANALYSIS:ANTISMASH_ANALYSIS:ANTISMASH (Pantoea_sp._X-Soil-ISGK-313)	COMPLETED	0	2026-08-28 20:27:21.734	2026-08-28 20:27:21.831	2026-08-28 20:27:47.868	23.9s	2	6 GB	765.2 MB	7.8 GB	125.8%	1.3%	878.3 MB	77 MB
1606	eb/a616df	BGC_ANALYSIS:ANTISMASH_ANALYSIS:ANTISMASH (Pantoea_dispersa_HPB_9127)	COMPLETED	0	2026-08-28 20:26:52.842	2026-08-28 20:26:52.928	2026-08-28 20:27:49.887	54.8s	2	6 GB	677.1 MB	7.8 GB	96.4%	1.2%	2.4 GB	123.2 MB
1611	8a/9bff5f	BGC_ANALYSIS:ANTISMASH_ANALYSIS:ANTISMASH (Pantoea_sp._18059_GCA_902706165.1)	COMPLETED	0	2026-08-28 20:27:17.105	2026-08-28 20:27:17.200	2026-08-28 20:27:50.800	31.3s	2	6 GB	522.6 MB	7.8 GB	106.1%	0.7%	1.1 GB	68.1 MB
1621	97/8f3df4	BGC_ANALYSIS:ANTISMASH_ANALYSIS:ANTISMASH (Pantoea_sp._X-Soil-ISGK-355)	COMPLETED	0	2026-08-28 20:27:25.411	2026-08-28 20:27:25.508	2026-08-28 20:27:51.725	24.1s	2	6 GB	789.7 MB	7.8 GB	126.7%	1.4%	915.4 MB	79 MB
1617	5b/ed805e	BGC_ANALYSIS:ANTISMASH_ANALYSIS:ANTISMASH (Pantoea_sp._X-Soil-ISGK-259)	COMPLETED	0	2026-08-28 20:27:26.526	2026-08-28 20:27:26.622	2026-08-28 20:27:51.974	23.3s	2	6 GB	767.9 MB	7.8 GB	127.5%	1.3%	870.6 MB	76.5 MB
1623	a2/ab96ed	BGC_ANALYSIS:ANTISMASH_ANALYSIS:ANTISMASH (Pantoea_sp._X-Soil-MYKO-1289)	COMPLETED	0	2026-08-28 20:27:35.307	2026-08-28 20:27:35.403	2026-08-28 20:28:01.795	24.1s	2	6 GB	774 MB	7.8 GB	121.2%	1.3%	870.4 MB	77.3 MB
1624	5d/e9b016	BGC_ANALYSIS:ANTISMASH_ANALYSIS:ANTISMASH (Pantoea_sp._X-Soil-MYKO-1785)	COMPLETED	0	2026-08-28 20:27:47.872	2026-08-28 20:27:47.968	2026-08-28 20:28:15.798	25.8s	2	6 GB	796.3 MB	7.8 GB	121.9%	1.3%	937.5 MB	83.8 MB
1630	9f/8594b5	BGC_ANALYSIS:ANTISMASH_ANALYSIS:ANTISMASH (Pantoea_sp._X-Soil-TKNS-1280)	COMPLETED	0	2026-08-28 20:27:44.068	2026-08-28 20:27:44.164	2026-08-28 20:28:17.034	30.7s	2	6 GB	862.7 MB	7.9 GB	120.6%	1.4%	1.1 GB	100.6 MB
1635	32/595ce4	BGC_ANALYSIS:ANTISMASH_ANALYSIS:ANTISMASH (Pantoea_vagans_OT42024)	COMPLETED	0	2026-08-28 20:27:50.803	2026-08-28 20:27:50.900	2026-08-28 20:28:19.447	26.5s	2	6 GB	837.4 MB	7.9 GB	122.8%	1.4%	959.3 MB	90.3 MB
1622	36/63cce7	BGC_ANALYSIS:ANTISMASH_ANALYSIS:ANTISMASH (Pantoea_sp._X-Soil-ISGK-421)	COMPLETED	0	2026-08-28 20:27:51.977	2026-08-28 20:27:52.074	2026-08-28 20:28:20.219	26.1s	2	6 GB	769.9 MB	7.8 GB	126.2%	1.3%	904.8 MB	80.9 MB
1625	15/1b1bbf	BGC_ANALYSIS:ANTISMASH_ANALYSIS:ANTISMASH (Pantoea_sp._X-Soil-OKNW-556)	COMPLETED	0	2026-08-28 20:27:49.890	2026-08-28 20:27:49.987	2026-08-28 20:28:21.962	30s	2	6 GB	865.8 MB	7.9 GB	125.5%	1.5%	1.1 GB	96.3 MB
1628	b8/54769c	BGC_ANALYSIS:ANTISMASH_ANALYSIS:ANTISMASH (Pantoea_sp._X-Soil-TKNS-1211)	COMPLETED	0	2026-08-28 20:27:51.728	2026-08-28 20:27:51.825	2026-08-28 20:28:24.824	30.9s	2	6 GB	864 MB	7.9 GB	124.8%	1.5%	1.1 GB	98.6 MB
1627	4a/575055	BGC_ANALYSIS:ANTISMASH_ANALYSIS:ANTISMASH (Pantoea_sp._X-Soil-TKNS-1207)	COMPLETED	0	2026-08-28 20:28:01.800	2026-08-28 20:28:01.895	2026-08-28 20:28:34.364	30s	2	6 GB	828.5 MB	7.8 GB	121.6%	1.4%	1 GB	93.3 MB
1631	7d/612bb4	BGC_ANALYSIS:ANTISMASH_ANALYSIS:ANTISMASH (Pantoea_sp._X-Soil-YNGN-775)	COMPLETED	0	2026-08-28 20:28:17.038	2026-08-28 20:28:17.135	2026-08-28 20:28:44.213	25.1s	2	6 GB	791.1 MB	7.8 GB	126.7%	1.4%	901.4 MB	81.2 MB
1629	b3/31bd12	BGC_ANALYSIS:ANTISMASH_ANALYSIS:ANTISMASH (Pantoea_sp._X-Soil-TKNS-1279)	COMPLETED	0	2026-08-28 20:28:15.801	2026-08-28 20:28:15.899	2026-08-28 20:28:47.302	29.3s	2	6 GB	837.1 MB	7.8 GB	123.9%	1.4%	1 GB	92.7 MB
1632	89/941ac6	BGC_ANALYSIS:ANTISMASH_ANALYSIS:ANTISMASH (Pantoea_sp._X-Soil-YNGN-785)	COMPLETED	0	2026-08-28 20:28:21.964	2026-08-28 20:28:22.062	2026-08-28 20:28:48.259	24.2s	2	6 GB	758.8 MB	7.8 GB	126.4%	1.2%	857.5 MB	76.6 MB
1634	8f/86ce2e	BGC_ANALYSIS:ANTISMASH_ANALYSIS:ANTISMASH (Pantoea_sp._YR525)	COMPLETED	0	2026-08-28 20:28:19.450	2026-08-28 20:28:19.547	2026-08-28 20:29:00.685	39.2s	2	6 GB	701.7 MB	7.8 GB	94.7%	1.2%	1.4 GB	91.7 MB
1633	10/745879	BGC_ANALYSIS:ANTISMASH_ANALYSIS:ANTISMASH (Pantoea_sp._X-Soil-YNGN-844)	COMPLETED	0	2026-08-28 20:28:34.368	2026-08-28 20:28:34.464	2026-08-28 20:29:01.198	24.4s	2	6 GB	805.8 MB	7.8 GB	125.6%	1.3%	878.2 MB	76.7 MB
1645	49/6047d6	BGC_ANALYSIS:ANTISMASH_ANALYSIS:ANTISMASH (uncultured_Pantoea_sp._GCA_902485385.1)	COMPLETED	0	2026-08-28 20:28:24.827	2026-08-28 20:28:24.924	2026-08-28 20:29:03.058	35.9s	2	6 GB	490.5 MB	7.8 GB	101.6%	0.7%	1.3 GB	70.2 MB
1616	a9/17db51	BGC_ANALYSIS:ANTISMASH_ANALYSIS:ANTISMASH (Pantoea_sp._ME81)	COMPLETED	0	2026-08-28 20:26:13.048	2026-08-28 20:26:13.139	2026-08-28 20:29:04.495	2m 49s	2	6 GB	513.3 MB	7.6 GB	108.2%	1.0%	8.2 GB	248.1 MB
1643	a2/387235	BGC_ANALYSIS:ANTISMASH_ANALYSIS:ANTISMASH (uncultured_Pantoea_sp._GCA_902485285.1)	COMPLETED	0	2026-08-28 20:28:20.222	2026-08-28 20:28:20.319	2026-08-28 20:29:12.099	49.8s	2	6 GB	481.4 MB	7.8 GB	101.1%	0.7%	2 GB	92 MB
1648	61/3e696e	BGC_ANALYSIS:ANTISMASH_ANALYSIS:ANTISMASH (uncultured_Pantoea_sp._GCA_913774055.1)	COMPLETED	0	2026-08-28 20:28:44.217	2026-08-28 20:28:44.314	2026-08-28 20:29:15.418	29.1s	2	6 GB	489 MB	7.8 GB	102.2%	0.7%	990 MB	59.6 MB
1636	b0/95120a	BGC_ANALYSIS:ANTISMASH_ANALYSIS:ANTISMASH (uncultured_Pantoea_sp._GCA_900538665.1)	COMPLETED	0	2026-08-28 20:28:47.307	2026-08-28 20:28:47.402	2026-08-28 20:29:39.485	49.8s	2	6 GB	478.9 MB	7.7 GB	99.5%	0.7%	2 GB	89.4 MB
1655	0b/5051e2	BGC_ANALYSIS:ANTISMASH_ANALYSIS:ANTISMASH (uncultured_Pantoea_sp._GCA_913776375.1)	COMPLETED	0	2026-08-28 20:29:04.499	2026-08-28 20:29:04.595	2026-08-28 20:29:48.949	42.2s	2	6 GB	496 MB	7.8 GB	100.8%	0.7%	1.5 GB	79.8 MB
1653	7d/6e3e2c	BGC_ANALYSIS:ANTISMASH_ANALYSIS:ANTISMASH (uncultured_Pantoea_sp._GCA_913775655.1)	COMPLETED	0	2026-08-28 20:29:01.201	2026-08-28 20:29:01.297	2026-08-28 20:29:50.392	47.1s	2	6 GB	497.9 MB	7.7 GB	99.4%	0.8%	1.9 GB	85.3 MB
1651	3f/fd3a70	BGC_ANALYSIS:ANTISMASH_ANALYSIS:ANTISMASH (uncultured_Pantoea_sp._GCA_913774635.1)	COMPLETED	0	2026-08-28 20:29:00.688	2026-08-28 20:29:00.786	2026-08-28 20:29:55.998	53.2s	2	6 GB	477.3 MB	7.7 GB	101.1%	0.7%	2.2 GB	96.1 MB
1644	ca/abf323	BGC_ANALYSIS:ANTISMASH_ANALYSIS:ANTISMASH (uncultured_Pantoea_sp._GCA_902485335.1)	COMPLETED	0	2026-08-28 20:29:39.489	2026-08-28 20:29:39.586	2026-08-28 20:30:26.727	44.9s	2	6 GB	483.2 MB	7.7 GB	101.3%	0.7%	1.6 GB	80.5 MB
1642	be/14d7cc	BGC_ANALYSIS:ANTISMASH_ANALYSIS:ANTISMASH (uncultured_Pantoea_sp._GCA_902485265.1)	COMPLETED	0	2026-08-28 20:29:15.423	2026-08-28 20:29:15.518	2026-08-28 20:30:31.583	1m 14s	2	6 GB	4.6 GB	7.8 GB	112.3%	7.0%	10.7 GB	80.7 MB
1662	96/84cdcb	BGC_ANALYSIS:ANTISMASH_ANALYSIS:ANTISMASH (uncultured_Pantoea_sp._GCA_937952525.1)	COMPLETED	0	2026-08-28 20:29:56.001	2026-08-28 20:29:56.099	2026-08-28 20:30:53.606	54.9s	2	6 GB	497.1 MB	7.7 GB	102.6%	0.7%	2.2 GB	96.7 MB
1640	fd/31b6e5	BGC_ANALYSIS:ANTISMASH_ANALYSIS:ANTISMASH (uncultured_Pantoea_sp._GCA_902480395.1)	COMPLETED	0	2026-08-28 20:30:26.731	2026-08-28 20:30:26.827	2026-08-28 20:31:19.439	50.1s	2	6 GB	477.1 MB	7.7 GB	102.9%	0.7%	2.1 GB	91 MB
1637	a3/6722dc	BGC_ANALYSIS:ANTISMASH_ANALYSIS:ANTISMASH (uncultured_Pantoea_sp._GCA_900538725.1)	COMPLETED	0	2026-08-28 20:30:31.590	2026-08-28 20:30:31.683	2026-08-28 20:31:24.205	49.9s	2	6 GB	479.4 MB	7.7 GB	102.9%	0.7%	2.1 GB	90.9 MB
1649	75/374bb8	BGC_ANALYSIS:ANTISMASH_ANALYSIS:ANTISMASH (uncultured_Pantoea_sp._GCA_913774225.1)	COMPLETED	0	2026-08-28 20:30:53.612	2026-08-28 20:30:53.706	2026-08-28 20:31:33.652	37.6s	2	6 GB	483.4 MB	7.8 GB	103.5%	0.7%	1.4 GB	74.2 MB
1652	03/e9cd80	BGC_ANALYSIS:ANTISMASH_ANALYSIS:ANTISMASH (uncultured_Pantoea_sp._GCA_913775175.1)	COMPLETED	0	2026-08-28 20:31:19.442	2026-08-28 20:31:19.539	2026-08-28 20:31:52.025	30.1s	2	6 GB	440.6 MB	7.5 GB	104.6%	0.7%	1.4 GB	53.6 MB
1650	22/01e278	BGC_ANALYSIS:ANTISMASH_ANALYSIS:ANTISMASH (uncultured_Pantoea_sp._GCA_913774525.1)	COMPLETED	0	2026-08-28 20:31:24.209	2026-08-28 20:31:24.305	2026-08-28 20:31:59.210	32.8s	2	6 GB	485.2 MB	7.8 GB	103.9%	0.7%	1.2 GB	68.6 MB
1654	a7/f1c407	BGC_ANALYSIS:ANTISMASH_ANALYSIS:ANTISMASH (uncultured_Pantoea_sp._GCA_913776085.1)	COMPLETED	0	2026-08-28 20:31:33.656	2026-08-28 20:31:33.752	2026-08-28 20:32:21.990	46.2s	2	6 GB	474.1 MB	7.7 GB	103.2%	0.7%	1.9 GB	87.1 MB
1638	80/3c7072	BGC_ANALYSIS:ANTISMASH_ANALYSIS:ANTISMASH (uncultured_Pantoea_sp._GCA_900547325.1)	COMPLETED	0	2026-08-28 20:29:48.952	2026-08-28 20:29:49.050	2026-08-28 20:32:34.121	2m 42s	2	6 GB	478.9 MB	7.6 GB	112.4%	0.7%	8.2 GB	229.7 MB
1659	43/b6be03	BGC_ANALYSIS:ANTISMASH_ANALYSIS:ANTISMASH (uncultured_Pantoea_sp._GCA_913778495.1)	COMPLETED	0	2026-08-28 20:31:59.213	2026-08-28 20:31:59.311	2026-08-28 20:32:38.234	36.8s	2	6 GB	463.8 MB	7.7 GB	104.9%	0.7%	1.5 GB	72.3 MB
1661	69/2b5311	BGC_ANALYSIS:ANTISMASH_ANALYSIS:ANTISMASH (uncultured_Pantoea_sp._GCA_928890885.1)	COMPLETED	0	2026-08-28 20:32:38.238	2026-08-28 20:32:38.334	2026-08-28 20:32:50.461	10s	2	6 GB	476.5 MB	7.3 GB	103.4%	0.7%	305.7 MB	15.1 MB
1639	00/fa6b08	BGC_ANALYSIS:ANTISMASH_ANALYSIS:ANTISMASH (uncultured_Pantoea_sp._GCA_900556005.1)	COMPLETED	0	2026-08-28 20:29:03.061	2026-08-28 20:29:03.158	2026-08-28 20:32:59.095	3m 54s	2	6 GB	469.9 MB	7.6 GB	110.9%	0.7%	12.4 GB	320.5 MB
1641	9a/55767d	BGC_ANALYSIS:ANTISMASH_ANALYSIS:ANTISMASH (uncultured_Pantoea_sp._GCA_902482755.1)	COMPLETED	0	2026-08-28 20:29:12.102	2026-08-28 20:29:12.199	2026-08-28 20:33:07.666	3m 53s	2	6 GB	472.3 MB	7.6 GB	111.0%	0.7%	12.4 GB	321.5 MB
1647	1b/5bfa2b	BGC_ANALYSIS:ANTISMASH_ANALYSIS:ANTISMASH (uncultured_Pantoea_sp._GCA_913773645.1)	COMPLETED	0	2026-08-28 20:29:50.396	2026-08-28 20:29:50.492	2026-08-28 20:33:24.603	3m 31s	2	6 GB	492.2 MB	7.7 GB	113.7%	0.8%	10.9 GB	297.5 MB
1646	5a/80365e	BGC_ANALYSIS:ANTISMASH_ANALYSIS:ANTISMASH (uncultured_Pantoea_sp._GCA_902489305.1)	COMPLETED	0	2026-08-28 20:28:48.262	2026-08-28 20:28:48.359	2026-08-28 20:33:27.767	4m 37s	2	6 GB	515.8 MB	7.7 GB	110.9%	1.0%	14.6 GB	387.2 MB
1674	19/a5a1b8	BGC_ANALYSIS:ANTISMASH_ANALYSIS:ANTISMASH (Pantoea_agglomerans_TE3475)	COMPLETED	0	2026-08-28 20:32:59.098	2026-08-28 20:32:59.195	2026-08-28 20:33:31.959	30.7s	2	6 GB	695.6 MB	7.8 GB	97.2%	1.2%	1.1 GB	84.7 MB
1672	03/11a580	BGC_ANALYSIS:ANTISMASH_ANALYSIS:ANTISMASH (Pantoea_agglomerans_RK84)	COMPLETED	0	2026-08-28 20:33:07.670	2026-08-28 20:33:07.766	2026-08-28 20:33:32.583	22.7s	2	6 GB	778.9 MB	7.8 GB	128.1%	1.4%	847.1 MB	80.4 MB
1665	c6/6e4bdb	BGC_ANALYSIS:ANTISMASH_ANALYSIS:ANTISMASH (Candidatus_Pantoea_rara_Lu_Sq_004)	COMPLETED	0	2026-08-28 20:33:27.771	2026-08-28 20:33:27.867	2026-08-28 20:33:53.688	24s	2	6 GB	599.6 MB	7.8 GB	126.1%	0.9%	796.9 MB	59.2 MB
1667	0d/1bd51f	BGC_ANALYSIS:ANTISMASH_ANALYSIS:ANTISMASH (Pantoea_agglomerans_Et)	COMPLETED	0	2026-08-28 20:33:24.606	2026-08-28 20:33:24.704	2026-08-28 20:33:55.635	29s	2	6 GB	734.9 MB	7.8 GB	101.2%	1.3%	1 GB	87.9 MB
1670	c9/07088b	BGC_ANALYSIS:ANTISMASH_ANALYSIS:ANTISMASH (Pantoea_agglomerans_Lu_R6_006)	COMPLETED	0	2026-08-28 20:33:32.586	2026-08-28 20:33:32.683	2026-08-28 20:33:56.568	21.9s	2	6 GB	591.3 MB	7.5 GB	126.3%	0.8%	685.2 MB	44.2 MB
1669	b9/44a369	BGC_ANALYSIS:ANTISMASH_ANALYSIS:ANTISMASH (Pantoea_agglomerans_LS1)	COMPLETED	0	2026-08-28 20:33:31.964	2026-08-28 20:33:32.059	2026-08-28 20:33:57.626	23.5s	2	6 GB	788.4 MB	7.8 GB	128.1%	1.4%	852.8 MB	81.2 MB
1671	32/010e2c	BGC_ANALYSIS:ANTISMASH_ANALYSIS:ANTISMASH (Pantoea_agglomerans_RK79)	COMPLETED	0	2026-08-28 20:33:56.572	2026-08-28 20:33:56.669	2026-08-28 20:34:23.810	25.2s	2	6 GB	777.2 MB	7.8 GB	127.8%	1.3%	883.5 MB	83.1 MB
1675	d5/be32d5	BGC_ANALYSIS:ANTISMASH_ANALYSIS:ANTISMASH (Pantoea_agglomerans_TE3500)	COMPLETED	0	2026-08-28 20:33:57.629	2026-08-28 20:33:57.726	2026-08-28 20:34:25.382	25.6s	2	6 GB	766.7 MB	7.8 GB	121.9%	1.3%	915.4 MB	81.9 MB
1673	46/8910bc	BGC_ANALYSIS:ANTISMASH_ANALYSIS:ANTISMASH (Pantoea_agglomerans_TDW_P5c)	COMPLETED	0	2026-08-28 20:33:55.639	2026-08-28 20:33:55.735	2026-08-28 20:34:36.811	39s	2	6 GB	705.1 MB	7.8 GB	95.2%	1.2%	1.4 GB	96.6 MB
1660	dd/4f2480	BGC_ANALYSIS:ANTISMASH_ANALYSIS:ANTISMASH (uncultured_Pantoea_sp._GCA_913778595.1)	COMPLETED	0	2026-08-28 20:32:34.125	2026-08-28 20:32:34.222	2026-08-28 20:34:47.161	2m 11s	2	6 GB	503 MB	7.7 GB	111.2%	0.8%	6.6 GB	195 MB
1677	91/6a2815	BGC_ANALYSIS:ANTISMASH_ANALYSIS:ANTISMASH (Pantoea_allii_BAV3052)	COMPLETED	0	2026-08-28 20:33:53.692	2026-08-28 20:33:53.788	2026-08-28 20:34:48.089	52.2s	2	6 GB	3.2 GB	7.8 GB	129.1%	3.1%	11 GB	83.5 MB
1666	88/91f97e	BGC_ANALYSIS:ANTISMASH_ANALYSIS:ANTISMASH (Pantoea_agglomerans_Da.Et.T.T001)	COMPLETED	0	2026-08-28 20:34:25.385	2026-08-28 20:34:25.482	2026-08-28 20:34:57.915	30.2s	2	6 GB	531.1 MB	7.8 GB	112.8%	0.8%	1 GB	68.1 MB
1668	eb/5923a4	BGC_ANALYSIS:ANTISMASH_ANALYSIS:ANTISMASH (Pantoea_agglomerans_GMG952)	COMPLETED	0	2026-08-28 20:34:23.814	2026-08-28 20:34:23.910	2026-08-28 20:35:05.670	39.5s	2	6 GB	743.4 MB	7.8 GB	99.4%	1.3%	1.5 GB	102.5 MB
1692	60/2718d9	BGC_ANALYSIS:ANTISMASH_ANALYSIS:ANTISMASH (Pantoea_ananatis_HQ01)	COMPLETED	0	2026-08-28 20:34:57.919	2026-08-28 20:34:58.015	2026-08-28 20:35:24.273	24s	2	6 GB	856.2 MB	7.9 GB	128.0%	1.3%	908.5 MB	85.7 MB
1684	4f/7f62e0	BGC_ANALYSIS:ANTISMASH_ANALYSIS:ANTISMASH (Pantoea_ananatis_117R1)	COMPLETED	0	2026-08-28 20:34:47.166	2026-08-28 20:34:47.261	2026-08-28 20:35:29.403	40s	2	6 GB	787.8 MB	7.8 GB	97.2%	1.3%	1.6 GB	102.7 MB
1691	ee/395e9b	BGC_ANALYSIS:ANTISMASH_ANALYSIS:ANTISMASH (Pantoea_ananatis_21GA0712)	COMPLETED	0	2026-08-28 20:34:48.093	2026-08-28 20:34:48.190	2026-08-28 20:35:37.872	47.5s	2	6 GB	711.6 MB	7.8 GB	95.0%	1.3%	1.9 GB	115.4 MB
1657	06/1a39ed	BGC_ANALYSIS:ANTISMASH_ANALYSIS:ANTISMASH (uncultured_Pantoea_sp._GCA_913777425.1)	COMPLETED	0	2026-08-28 20:32:21.994	2026-08-28 20:32:22.090	2026-08-28 20:35:38.756	3m 15s	2	6 GB	478.2 MB	7.7 GB	112.0%	0.7%	10.1 GB	281.5 MB
1656	d9/9070a9	BGC_ANALYSIS:ANTISMASH_ANALYSIS:ANTISMASH (uncultured_Pantoea_sp._GCA_913777075.1)	COMPLETED	0	2026-08-28 20:31:52.029	2026-08-28 20:31:52.125	2026-08-28 20:35:44.413	3m 50s	2	6 GB	534.8 MB	7.7 GB	111.6%	0.9%	12.2 GB	333.1 MB
1676	28/31e2d1	BGC_ANALYSIS:ANTISMASH_ANALYSIS:ANTISMASH (Pantoea_allii_21GA0550)	COMPLETED	0	2026-08-28 20:34:36.815	2026-08-28 20:34:36.911	2026-08-28 20:35:52.206	1m 13s	2	6 GB	4.7 GB	7.8 GB	106.8%	6.6%	11.7 GB	105.4 MB
1658	55/634131	BGC_ANALYSIS:ANTISMASH_ANALYSIS:ANTISMASH (uncultured_Pantoea_sp._GCA_913777825.1)	COMPLETED	0	2026-08-28 20:32:50.464	2026-08-28 20:32:50.560	2026-08-28 20:35:55.764	3m 3s	2	6 GB	473.1 MB	7.6 GB	112.2%	0.7%	9.4 GB	260 MB
1682	36/962a7e	BGC_ANALYSIS:ANTISMASH_ANALYSIS:ANTISMASH (Pantoea_allii_MAI6007)	COMPLETED	0	2026-08-28 20:35:29.407	2026-08-28 20:35:29.503	2026-08-28 20:35:57.793	25.4s	2	6 GB	833.3 MB	7.9 GB	124.3%	1.4%	904.1 MB	85.9 MB
1679	57/18131a	BGC_ANALYSIS:ANTISMASH_ANALYSIS:ANTISMASH (Pantoea_allii_DOAB1050_2)	COMPLETED	0	2026-08-28 20:35:05.674	2026-08-28 20:35:05.770	2026-08-28 20:36:02.373	54.5s	2	6 GB	4.8 GB	8 GB	125.6%	6.5%	10.9 GB	82 MB
1696	b4/d400b3	BGC_ANALYSIS:ANTISMASH_ANALYSIS:ANTISMASH (Pantoea_ananatis_NCHU4618)	COMPLETED	0	2026-08-28 20:35:44.416	2026-08-28 20:35:44.514	2026-08-28 20:36:28.386	41.5s	2	6 GB	709.8 MB	7.8 GB	95.3%	1.2%	1.4 GB	96.2 MB
1693	e8/f18d4d	BGC_ANALYSIS:ANTISMASH_ANALYSIS:ANTISMASH (Pantoea_ananatis_J15-6)	COMPLETED	0	2026-08-28 20:35:24.278	2026-08-28 20:35:24.373	2026-08-28 20:36:40.326	1m 14s	2	6 GB	4.7 GB	7.8 GB	107.4%	5.9%	10.1 GB	103.8 MB
1695	39/f634b0	BGC_ANALYSIS:ANTISMASH_ANALYSIS:ANTISMASH (Pantoea_ananatis_NCHU4578)	COMPLETED	0	2026-08-28 20:35:57.796	2026-08-28 20:35:57.893	2026-08-28 20:36:40.955	40.7s	2	6 GB	773.4 MB	7.8 GB	98.2%	1.3%	1.3 GB	94.6 MB
1694	d6/7081e4	BGC_ANALYSIS:ANTISMASH_ANALYSIS:ANTISMASH (Pantoea_ananatis_J4-2)	COMPLETED	0	2026-08-28 20:35:52.210	2026-08-28 20:35:52.307	2026-08-28 20:36:43.454	48.9s	2	6 GB	730.8 MB	7.8 GB	97.4%	1.3%	1.7 GB	107.1 MB
1681	a4/b6a079	BGC_ANALYSIS:ANTISMASH_ANALYSIS:ANTISMASH (Pantoea_allii_LMG24248)	COMPLETED	0	2026-08-28 20:35:38.760	2026-08-28 20:35:38.856	2026-08-28 20:36:45.530	1m 5s	2	6 GB	4.7 GB	7.8 GB	119.8%	7.5%	11 GB	86.8 MB
1680	6a/9df267	BGC_ANALYSIS:ANTISMASH_ANALYSIS:ANTISMASH (Pantoea_allii_DOAB1051)	COMPLETED	0	2026-08-28 20:35:37.875	2026-08-28 20:35:37.972	2026-08-28 20:36:45.597	1m 5s	2	6 GB	4.7 GB	7.9 GB	120.8%	6.8%	11 GB	84.1 MB
1698	d0/3298f0	BGC_ANALYSIS:ANTISMASH_ANALYSIS:ANTISMASH (Pantoea_ananatis_Z17-1)	COMPLETED	0	2026-08-28 20:36:02.377	2026-08-28 20:36:02.473	2026-08-28 20:36:53.090	48.1s	2	6 GB	807.5 MB	7.8 GB	98.1%	1.3%	1.7 GB	105.8 MB
1683	65/ed109e	BGC_ANALYSIS:ANTISMASH_ANALYSIS:ANTISMASH (Pantoea_allii_MAI6022)	COMPLETED	0	2026-08-28 20:35:55.767	2026-08-28 20:35:55.864	2026-08-28 20:37:10.341	1m 12s	2	6 GB	4.8 GB	7.9 GB	130.0%	5.7%	22.5 GB	91.3 MB
1699	20/2f3f41	BGC_ANALYSIS:ANTISMASH_ANALYSIS:ANTISMASH (Pantoea_ananatis_Z19-37)	COMPLETED	0	2026-08-28 20:36:28.391	2026-08-28 20:36:28.486	2026-08-28 20:37:13.620	42.5s	2	6 GB	770.4 MB	7.8 GB	95.6%	1.3%	1.6 GB	103.5 MB
1706	33/d76684	BGC_ANALYSIS:ANTISMASH_ANALYSIS:ANTISMASH (Pantoea_dispersa_3122)	COMPLETED	0	2026-08-28 20:36:45.601	2026-08-28 20:36:45.698	2026-08-28 20:37:22.275	34.3s	2	6 GB	672.6 MB	7.7 GB	96.5%	1.1%	1.3 GB	84.7 MB
1700	65/137709	BGC_ANALYSIS:ANTISMASH_ANALYSIS:ANTISMASH (Pantoea_ananatis_Z6-1)	COMPLETED	0	2026-08-28 20:36:40.959	2026-08-28 20:36:41.055	2026-08-28 20:37:25.541	42.5s	2	6 GB	786.5 MB	7.8 GB	97.8%	1.3%	1.6 GB	103 MB
1697	5a/56338a	BGC_ANALYSIS:ANTISMASH_ANALYSIS:ANTISMASH (Pantoea_ananatis_TE32200)	COMPLETED	0	2026-08-28 20:36:40.329	2026-08-28 20:36:40.426	2026-08-28 20:37:33.778	51.5s	2	6 GB	4.7 GB	7.8 GB	124.5%	4.2%	9.5 GB	80.5 MB
1663	29/d20ead	BGC_ANALYSIS:ANTISMASH_ANALYSIS:ANTISMASH (Candidatus_Pantoea_formicae_C8B2)	COMPLETED	0	2026-08-28 20:36:45.533	2026-08-28 20:36:45.597	2026-08-28 20:37:34.849	46.8s	2	6 GB	790.7 MB	7.8 GB	93.6%	1.3%	1.8 GB	117.3 MB
1701	a8/979851	BGC_ANALYSIS:ANTISMASH_ANALYSIS:ANTISMASH (Pantoea_ananatis_Z6-6)	COMPLETED	0	2026-08-28 20:36:53.094	2026-08-28 20:36:53.191	2026-08-28 20:37:41.365	45.4s	2	6 GB	795.6 MB	7.8 GB	95.6%	1.4%	1.9 GB	111.6 MB
1687	1d/6b7cef	BGC_ANALYSIS:ANTISMASH_ANALYSIS:ANTISMASH (Pantoea_ananatis_20NY0427)	COMPLETED	0	2026-08-28 20:36:43.458	2026-08-28 20:36:43.554	2026-08-28 20:38:04.619	1m 19s	2	6 GB	4.8 GB	7.8 GB	106.5%	7.3%	10.7 GB	120.6 MB
1703	9a/f8fbf5	BGC_ANALYSIS:ANTISMASH_ANALYSIS:ANTISMASH (Pantoea_ananatis_ZZ10-11)	COMPLETED	0	2026-08-28 20:37:22.279	2026-08-28 20:37:22.375	2026-08-28 20:38:06.120	41.5s	2	6 GB	790.7 MB	7.8 GB	96.1%	1.3%	1.7 GB	105.3 MB
1686	02/f6db0d	BGC_ANALYSIS:ANTISMASH_ANALYSIS:ANTISMASH (Pantoea_ananatis_20ID0081)	COMPLETED	0	2026-08-28 20:37:25.546	2026-08-28 20:37:25.642	2026-08-28 20:38:08.674	40.7s	2	6 GB	695.7 MB	7.8 GB	95.2%	1.2%	1.7 GB	104.9 MB
1702	88/9bbd2e	BGC_ANALYSIS:ANTISMASH_ANALYSIS:ANTISMASH (Pantoea_ananatis_Z6-7)	COMPLETED	0	2026-08-28 20:37:13.624	2026-08-28 20:37:13.720	2026-08-28 20:38:12.033	56.1s	2	6 GB	713.5 MB	7.8 GB	98.0%	1.3%	2.7 GB	124.8 MB
1710	e7/39b3ba	BGC_ANALYSIS:ANTISMASH_ANALYSIS:ANTISMASH (Pantoea_dispersa_Z4-10)	COMPLETED	0	2026-08-28 20:37:33.781	2026-08-28 20:37:33.879	2026-08-28 20:38:12.794	36.7s	2	6 GB	807.4 MB	7.8 GB	98.9%	1.3%	1.4 GB	99.8 MB
1664	bd/0a627f	BGC_ANALYSIS:ANTISMASH_ANALYSIS:ANTISMASH (Candidatus_Pantoea_formicae_C8D10)	COMPLETED	0	2026-08-28 20:37:10.345	2026-08-28 20:37:10.442	2026-08-28 20:38:13.091	1m	2	6 GB	804.7 MB	7.8 GB	94.1%	1.3%	2.6 GB	138.3 MB
1678	fc/d1ee4b	BGC_ANALYSIS:ANTISMASH_ANALYSIS:ANTISMASH (Pantoea_allii_DOAB1035_LMG24202)	COMPLETED	0	2026-08-28 20:37:34.854	2026-08-28 20:37:34.950	2026-08-28 20:38:31.288	54.1s	2	6 GB	4.7 GB	7.8 GB	125.8%	5.3%	11 GB	86.4 MB
1714	62/e9e630	BGC_ANALYSIS:ANTISMASH_ANALYSIS:ANTISMASH (Pantoea_dispersa_Z4-25)	COMPLETED	0	2026-08-28 20:38:04.623	2026-08-28 20:38:04.719	2026-08-28 20:38:39.086	32.3s	2	6 GB	782.1 MB	7.8 GB	97.3%	1.3%	1.2 GB	93.5 MB
1720	20/6deb19	BGC_ANALYSIS:ANTISMASH_ANALYSIS:ANTISMASH (Pantoea_phosphatilytica_RHCKP32)	COMPLETED	0	2026-08-28 20:38:13.095	2026-08-28 20:38:13.192	2026-08-28 20:38:40.975	25.6s	2	6 GB	731.7 MB	7.8 GB	109.7%	1.3%	969.5 MB	79.2 MB
1716	10/081730	BGC_ANALYSIS:ANTISMASH_ANALYSIS:ANTISMASH (Pantoea_eucalypti_21PA0039)	COMPLETED	0	2026-08-28 20:38:12.036	2026-08-28 20:38:12.134	2026-08-28 20:38:49.307	35s	2	6 GB	720.1 MB	7.8 GB	95.8%	1.3%	1.3 GB	93.9 MB
1704	54/43cb76	BGC_ANALYSIS:ANTISMASH_ANALYSIS:ANTISMASH (Pantoea_dispersa_255T2)	COMPLETED	0	2026-08-28 20:38:12.799	2026-08-28 20:38:12.894	2026-08-28 20:38:53.125	38.1s	2	6 GB	734.3 MB	7.8 GB	96.6%	1.2%	1.4 GB	97.2 MB
1688	59/cfb751	BGC_ANALYSIS:ANTISMASH_ANALYSIS:ANTISMASH (Pantoea_ananatis_20NY0487)	COMPLETED	0	2026-08-28 20:38:06.141	2026-08-28 20:38:06.220	2026-08-28 20:39:09.803	1m 2s	2	6 GB	4.8 GB	7.9 GB	111.0%	6.8%	9.9 GB	94.1 MB
1721	f2/a82414	BGC_ANALYSIS:ANTISMASH_ANALYSIS:ANTISMASH (Pantoea_phyllosphaerae_RRHST58)	COMPLETED	0	2026-08-28 20:38:31.291	2026-08-28 20:38:31.388	2026-08-28 20:39:12.244	38.5s	2	6 GB	706.5 MB	7.8 GB	94.5%	1.2%	1.5 GB	94.2 MB
1685	07/f82f7f	BGC_ANALYSIS:ANTISMASH_ANALYSIS:ANTISMASH (Pantoea_ananatis_117T1)	COMPLETED	0	2026-08-28 20:37:41.369	2026-08-28 20:37:41.465	2026-08-28 20:39:16.687	1m 33s	2	6 GB	4.9 GB	7.8 GB	123.9%	8.2%	31 GB	98 MB
1689	d4/5657af	BGC_ANALYSIS:ANTISMASH_ANALYSIS:ANTISMASH (Pantoea_ananatis_20PA0260)	COMPLETED	0	2026-08-28 20:38:08.677	2026-08-28 20:38:08.774	2026-08-28 20:39:16.883	1m 6s	2	6 GB	4.8 GB	7.9 GB	106.5%	7.1%	10.2 GB	103 MB
1724	a4/186508	BGC_ANALYSIS:ANTISMASH_ANALYSIS:ANTISMASH (Pantoea_piersonii_F10_5S_D1_EP4)	COMPLETED	0	2026-08-28 20:38:40.979	2026-08-28 20:38:41.075	2026-08-28 20:39:20.338	37.1s	2	6 GB	756 MB	7.8 GB	97.8%	1.3%	1.3 GB	92.5 MB
1723	a4/05d8d3	BGC_ANALYSIS:ANTISMASH_ANALYSIS:ANTISMASH (Pantoea_piersonii_F10_5S_D1_EP3)	COMPLETED	0	2026-08-28 20:38:49.311	2026-08-28 20:38:49.407	2026-08-28 20:39:29.785	37.8s	2	6 GB	751.5 MB	7.8 GB	96.9%	1.3%	1.3 GB	92.5 MB
1705	c1/c53e1b	BGC_ANALYSIS:ANTISMASH_ANALYSIS:ANTISMASH (Pantoea_dispersa_3121)	COMPLETED	0	2026-08-28 20:38:53.130	2026-08-28 20:38:53.225	2026-08-28 20:39:36.040	40.4s	2	6 GB	758.5 MB	7.8 GB	94.6%	1.3%	1.5 GB	98.8 MB
1690	51/017c12	BGC_ANALYSIS:ANTISMASH_ANALYSIS:ANTISMASH (Pantoea_ananatis_20WA0254)	COMPLETED	0	2026-08-28 20:38:39.089	2026-08-28 20:38:39.186	2026-08-28 20:39:43.262	1m 2s	2	6 GB	4.8 GB	7.8 GB	109.0%	6.8%	9.8 GB	92 MB
1707	ca/2bc05c	BGC_ANALYSIS:ANTISMASH_ANALYSIS:ANTISMASH (Pantoea_dispersa_LTV3-3)	COMPLETED	0	2026-08-28 20:39:09.807	2026-08-28 20:39:09.903	2026-08-28 20:39:51.280	39.3s	2	6 GB	821.4 MB	7.8 GB	101.3%	1.4%	1.5 GB	103.7 MB
1727	70/975397	BGC_ANALYSIS:ANTISMASH_ANALYSIS:ANTISMASH (Pantoea_piersonii_F10_5S_D1_P4)	COMPLETED	0	2026-08-28 20:39:12.247	2026-08-28 20:39:12.344	2026-08-28 20:39:51.591	37.2s	2	6 GB	731.7 MB	7.8 GB	98.7%	1.2%	1.3 GB	92.5 MB
1708	c9/861e18	BGC_ANALYSIS:ANTISMASH_ANALYSIS:ANTISMASH (Pantoea_dispersa_Z19-2)	COMPLETED	0	2026-08-28 20:39:16.690	2026-08-28 20:39:16.787	2026-08-28 20:39:56.911	37.7s	2	6 GB	743.4 MB	7.8 GB	97.6%	1.3%	1.3 GB	95.8 MB
1730	89/0bc88c	BGC_ANALYSIS:ANTISMASH_ANALYSIS:ANTISMASH (Pantoea_piersonii_F9_1S_D4_P_1)	COMPLETED	0	2026-08-28 20:39:16.887	2026-08-28 20:39:16.983	2026-08-28 20:39:58.919	39.5s	2	6 GB	751.6 MB	7.8 GB	97.6%	1.3%	1.5 GB	95.6 MB
1728	96/a2c689	BGC_ANALYSIS:ANTISMASH_ANALYSIS:ANTISMASH (Pantoea_piersonii_F10_5S_D1_P5)	COMPLETED	0	2026-08-28 20:39:20.342	2026-08-28 20:39:20.439	2026-08-28 20:40:00.754	37.9s	2	6 GB	745.2 MB	7.8 GB	97.9%	1.3%	1.4 GB	93.1 MB
1713	bd/fd8282	BGC_ANALYSIS:ANTISMASH_ANALYSIS:ANTISMASH (Pantoea_dispersa_Z4-23)	COMPLETED	0	2026-08-28 20:39:36.044	2026-08-28 20:39:36.140	2026-08-28 20:40:19.343	41s	2	6 GB	774.1 MB	7.8 GB	93.5%	1.3%	1.4 GB	98.5 MB
1709	45/b644a7	BGC_ANALYSIS:ANTISMASH_ANALYSIS:ANTISMASH (Pantoea_dispersa_Z19-39)	COMPLETED	0	2026-08-28 20:39:29.789	2026-08-28 20:39:29.885	2026-08-28 20:40:19.725	47.5s	2	6 GB	771.1 MB	7.8 GB	90.4%	1.3%	1.7 GB	106 MB
1729	7c/704c09	BGC_ANALYSIS:ANTISMASH_ANALYSIS:ANTISMASH (Pantoea_piersonii_F11_7S_D1_EB1)	COMPLETED	0	2026-08-28 20:39:43.266	2026-08-28 20:39:43.362	2026-08-28 20:40:23.839	38.1s	2	6 GB	759.8 MB	7.8 GB	97.8%	1.3%	1.3 GB	92.6 MB
1712	63/f729b1	BGC_ANALYSIS:ANTISMASH_ANALYSIS:ANTISMASH (Pantoea_dispersa_Z4-12)	COMPLETED	0	2026-08-28 20:39:51.594	2026-08-28 20:39:51.692	2026-08-28 20:40:29.525	35.6s	2	6 GB	838.9 MB	7.8 GB	97.8%	1.4%	1.2 GB	94.5 MB
1732	c8/5b0e6b	BGC_ANALYSIS:ANTISMASH_ANALYSIS:ANTISMASH (Pantoea_piersonii_F9_5S_D1_EB2)	COMPLETED	0	2026-08-28 20:39:51.283	2026-08-28 20:39:51.380	2026-08-28 20:40:31.270	37.7s	2	6 GB	752.1 MB	7.8 GB	96.9%	1.3%	1.4 GB	93 MB
1733	6e/7b5877	BGC_ANALYSIS:ANTISMASH_ANALYSIS:ANTISMASH (Pantoea_piersonii_F9_5S_D1_P_1)	COMPLETED	0	2026-08-28 20:39:58.923	2026-08-28 20:39:59.019	2026-08-28 20:40:38.560	36.8s	2	6 GB	738.3 MB	7.8 GB	98.5%	1.2%	1.3 GB	92.5 MB
1736	31/2624e2	BGC_ANALYSIS:ANTISMASH_ANALYSIS:ANTISMASH (Pantoea_piersonii_F9_6S_D2_B_3)	COMPLETED	0	2026-08-28 20:40:00.758	2026-08-28 20:40:00.855	2026-08-28 20:40:40.797	37.4s	2	6 GB	731.5 MB	7.8 GB	99.1%	1.2%	1.4 GB	93.5 MB
1717	d7/ebe382	BGC_ANALYSIS:ANTISMASH_ANALYSIS:ANTISMASH (Pantoea_eucalypti_FUA1457)	COMPLETED	0	2026-08-28 20:40:19.347	2026-08-28 20:40:19.443	2026-08-28 20:40:46.232	24.7s	2	6 GB	831.2 MB	7.8 GB	120.1%	1.4%	912 MB	85.1 MB
1718	0b/4a6b90	BGC_ANALYSIS:ANTISMASH_ANALYSIS:ANTISMASH (Pantoea_eucalypti_GY78_10)	COMPLETED	0	2026-08-28 20:40:23.842	2026-08-28 20:40:23.939	2026-08-28 20:40:49.258	23.2s	2	6 GB	782.9 MB	7.8 GB	126.3%	1.4%	872 MB	81.8 MB
1711	18/a38120	BGC_ANALYSIS:ANTISMASH_ANALYSIS:ANTISMASH (Pantoea_dispersa_Z4-11)	COMPLETED	0	2026-08-28 20:39:56.915	2026-08-28 20:39:57.012	2026-08-28 20:40:50.559	51s	2	6 GB	754.4 MB	7.8 GB	97.1%	1.2%	2.1 GB	117.4 MB
1719	25/b9ca5b	BGC_ANALYSIS:ANTISMASH_ANALYSIS:ANTISMASH (Pantoea_eucalypti_TE3523)	COMPLETED	0	2026-08-28 20:40:29.528	2026-08-28 20:40:29.625	2026-08-28 20:40:54.717	23s	2	6 GB	752.3 MB	7.8 GB	120.9%	1.3%	833.2 MB	76.1 MB
1738	1e/f1edb1	BGC_ANALYSIS:ANTISMASH_ANALYSIS:ANTISMASH (Pantoea_piersonii_F9_6S_D2_EB1)	COMPLETED	0	2026-08-28 20:40:19.729	2026-08-28 20:40:19.825	2026-08-28 20:40:57.759	35.9s	2	6 GB	744.7 MB	7.8 GB	97.8%	1.2%	1.4 GB	93.6 MB
1715	ad/e2c8c5	BGC_ANALYSIS:ANTISMASH_ANALYSIS:ANTISMASH (Pantoea_eucalypti_21GA0511)	COMPLETED	0	2026-08-28 20:40:31.274	2026-08-28 20:40:31.370	2026-08-28 20:41:08.330	34.8s	2	6 GB	695.6 MB	7.7 GB	97.2%	1.3%	1.3 GB	93.8 MB
1722	69/5c45de	BGC_ANALYSIS:ANTISMASH_ANALYSIS:ANTISMASH (Pantoea_piersonii_F10_5S_D1_EB5)	COMPLETED	0	2026-08-28 20:40:38.564	2026-08-28 20:40:38.660	2026-08-28 20:41:15.650	34.6s	2	6 GB	738.5 MB	7.8 GB	98.0%	1.2%	1.3 GB	92.5 MB
1725	85/0793b5	BGC_ANALYSIS:ANTISMASH_ANALYSIS:ANTISMASH (Pantoea_piersonii_F10_5S_D1_EP5)	COMPLETED	0	2026-08-28 20:40:40.801	2026-08-28 20:40:40.897	2026-08-28 20:41:17.663	34.6s	2	6 GB	738.9 MB	7.8 GB	97.9%	1.2%	1.3 GB	92.5 MB
1748	f3/c1a31e	BGC_ANALYSIS:ANTISMASH_ANALYSIS:ANTISMASH (Pantoea_sp._22096)	COMPLETED	0	2026-08-28 20:40:50.564	2026-08-28 20:40:50.659	2026-08-28 20:41:19.961	27.2s	2	6 GB	730.6 MB	7.8 GB	106.1%	1.2%	1 GB	84.1 MB
1743	50/f9f6e7	BGC_ANALYSIS:ANTISMASH_ANALYSIS:ANTISMASH (Pantoea_piersonii_F9_8S_D1_EB1)	COMPLETED	0	2026-08-28 20:40:46.236	2026-08-28 20:40:46.333	2026-08-28 20:41:23.357	34.8s	2	6 GB	743.5 MB	7.8 GB	96.2%	1.2%	1.4 GB	93.1 MB
1745	2b/ae1108	BGC_ANALYSIS:ANTISMASH_ANALYSIS:ANTISMASH (Pantoea_piersonii_F9_8S_D1_EB3)	COMPLETED	0	2026-08-28 20:40:49.261	2026-08-28 20:40:49.358	2026-08-28 20:41:26.193	34.7s	2	6 GB	732.9 MB	7.8 GB	96.7%	1.2%	1.4 GB	93.1 MB
1750	20/9fa733	BGC_ANALYSIS:ANTISMASH_ANALYSIS:ANTISMASH (Pantoea_sp._BS_4)	COMPLETED	0	2026-08-28 20:40:54.720	2026-08-28 20:40:54.818	2026-08-28 20:41:30.568	33.8s	2	6 GB	708.1 MB	7.8 GB	94.3%	1.2%	1.3 GB	91.8 MB
1726	43/58393d	BGC_ANALYSIS:ANTISMASH_ANALYSIS:ANTISMASH (Pantoea_piersonii_F10_5S_D1_EP6)	COMPLETED	0	2026-08-28 20:40:57.762	2026-08-28 20:40:57.859	2026-08-28 20:41:35.014	35.1s	2	6 GB	745.1 MB	7.8 GB	96.5%	1.2%	1.4 GB	93.1 MB
1749	f9/565618	BGC_ANALYSIS:ANTISMASH_ANALYSIS:ANTISMASH (Pantoea_sp._BS_1)	COMPLETED	0	2026-08-28 20:41:08.333	2026-08-28 20:41:08.430	2026-08-28 20:41:40.622	30s	2	6 GB	714.1 MB	7.8 GB	100.3%	1.2%	1.1 GB	87.9 MB
1731	2e/5c64b6	BGC_ANALYSIS:ANTISMASH_ANALYSIS:ANTISMASH (Pantoea_piersonii_F9_5S_D1_EB1)	COMPLETED	0	2026-08-28 20:41:17.665	2026-08-28 20:41:17.763	2026-08-28 20:41:54.406	34.6s	2	6 GB	750.1 MB	7.8 GB	97.5%	1.2%	1.3 GB	92.5 MB
1735	a0/9b2643	BGC_ANALYSIS:ANTISMASH_ANALYSIS:ANTISMASH (Pantoea_piersonii_F9_6S_D2_B_1)	COMPLETED	0	2026-08-28 20:41:15.653	2026-08-28 20:41:15.750	2026-08-28 20:41:54.454	36.7s	2	6 GB	735.6 MB	7.8 GB	96.8%	1.2%	1.5 GB	95.6 MB
1739	2e/8d1f3b	BGC_ANALYSIS:ANTISMASH_ANALYSIS:ANTISMASH (Pantoea_piersonii_F9_6S_D2_EB2)	COMPLETED	0	2026-08-28 20:41:19.965	2026-08-28 20:41:20.061	2026-08-28 20:41:57.451	35.3s	2	6 GB	735.7 MB	7.8 GB	96.4%	1.2%	1.4 GB	94.1 MB
1737	12/026969	BGC_ANALYSIS:ANTISMASH_ANALYSIS:ANTISMASH (Pantoea_piersonii_F9_6S_D2_B_5)	COMPLETED	0	2026-08-28 20:41:23.360	2026-08-28 20:41:23.457	2026-08-28 20:42:01.017	35.5s	2	6 GB	738.5 MB	7.8 GB	96.5%	1.2%	1.4 GB	94.6 MB
1753	a5/b0131f	BGC_ANALYSIS:ANTISMASH_ANALYSIS:ANTISMASH (Pantoea_sp._E2023-21)	COMPLETED	0	2026-08-28 20:41:35.016	2026-08-28 20:41:35.114	2026-08-28 20:42:02.423	25.2s	2	6 GB	787.7 MB	7.8 GB	124.3%	1.3%	907.8 MB	87 MB
1734	7d/e21504	BGC_ANALYSIS:ANTISMASH_ANALYSIS:ANTISMASH (Pantoea_piersonii_F9_6S_D1_EB1)	COMPLETED	0	2026-08-28 20:41:26.197	2026-08-28 20:41:26.293	2026-08-28 20:42:02.771	34.3s	2	6 GB	743.1 MB	7.8 GB	96.8%	1.3%	1.4 GB	93.1 MB
1741	a4/d2c272	BGC_ANALYSIS:ANTISMASH_ANALYSIS:ANTISMASH (Pantoea_piersonii_F9_6S_D3_P_4)	COMPLETED	0	2026-08-28 20:41:30.573	2026-08-28 20:41:30.668	2026-08-28 20:42:07.417	34.7s	2	6 GB	742.2 MB	7.8 GB	95.9%	1.2%	1.4 GB	93.1 MB
1740	d5/8b3469	BGC_ANALYSIS:ANTISMASH_ANALYSIS:ANTISMASH (Pantoea_piersonii_F9_6S_D2_EB3)	COMPLETED	0	2026-08-28 20:41:40.625	2026-08-28 20:41:40.722	2026-08-28 20:42:19.862	37s	2	6 GB	733.6 MB	7.8 GB	96.6%	1.2%	1.4 GB	94.1 MB
1744	a7/9e4b0d	BGC_ANALYSIS:ANTISMASH_ANALYSIS:ANTISMASH (Pantoea_piersonii_F9_8S_D1_EB2)	COMPLETED	0	2026-08-28 20:41:54.457	2026-08-28 20:41:54.554	2026-08-28 20:42:32.404	35.8s	2	6 GB	764.5 MB	7.8 GB	96.0%	1.3%	1.4 GB	93.6 MB
1762	f3/0e87da	BGC_ANALYSIS:ANTISMASH_ANALYSIS:ANTISMASH (Pantoea_vagans_ET90)	COMPLETED	0	2026-08-28 20:41:57.454	2026-08-28 20:41:57.552	2026-08-28 20:42:33.076	33.6s	2	6 GB	676 MB	7.7 GB	96.9%	1.2%	1.2 GB	93.3 MB
1758	fe/9d1e60	BGC_ANALYSIS:ANTISMASH_ANALYSIS:ANTISMASH (Pantoea_stewartii_subsp._indologenes_21GA0713)	COMPLETED	0	2026-08-28 20:42:01.020	2026-08-28 20:42:01.117	2026-08-28 20:42:39.687	36.5s	2	6 GB	719.2 MB	7.8 GB	95.5%	1.3%	1.4 GB	96.1 MB
1747	7f/7803b5	BGC_ANALYSIS:ANTISMASH_ANALYSIS:ANTISMASH (Pantoea_piersonii_F9_8S_D1_EB5)	COMPLETED	0	2026-08-28 20:42:02.426	2026-08-28 20:42:02.523	2026-08-28 20:42:40.489	35.9s	2	6 GB	751.1 MB	7.8 GB	98.7%	1.3%	1.4 GB	93.1 MB
1742	3b/fb5392	BGC_ANALYSIS:ANTISMASH_ANALYSIS:ANTISMASH (Pantoea_piersonii_F9_6S_D3_P_5)	COMPLETED	0	2026-08-28 20:42:02.774	2026-08-28 20:42:02.871	2026-08-28 20:42:40.932	36s	2	6 GB	760.4 MB	7.8 GB	99.0%	1.3%	1.4 GB	93 MB
1746	40/723bd8	BGC_ANALYSIS:ANTISMASH_ANALYSIS:ANTISMASH (Pantoea_piersonii_F9_8S_D1_EB4)	COMPLETED	0	2026-08-28 20:42:07.421	2026-08-28 20:42:07.517	2026-08-28 20:42:45.230	35.2s	2	6 GB	750.9 MB	7.8 GB	97.2%	1.3%	1.3 GB	92.5 MB
1755	11/82468f	BGC_ANALYSIS:ANTISMASH_ANALYSIS:ANTISMASH (Pantoea_sp._PA1)	COMPLETED	0	2026-08-28 20:41:54.410	2026-08-28 20:41:54.454	2026-08-28 20:42:57.383	1m 1s	2	6 GB	4.7 GB	7.7 GB	106.7%	5.1%	9.8 GB	88.7 MB
1751	bc/858697	BGC_ANALYSIS:ANTISMASH_ANALYSIS:ANTISMASH (Pantoea_sp._C2G6)	COMPLETED	0	2026-08-28 20:42:19.866	2026-08-28 20:42:19.962	2026-08-28 20:42:57.928	35.8s	2	6 GB	722.7 MB	7.8 GB	95.0%	1.3%	1.4 GB	91.5 MB
1754	fa/a1efc9	BGC_ANALYSIS:ANTISMASH_ANALYSIS:ANTISMASH (Pantoea_sp._Lu_F5_004)	COMPLETED	0	2026-08-28 20:42:39.698	2026-08-28 20:42:39.789	2026-08-28 20:43:06.257	24.4s	2	6 GB	626.2 MB	7.9 GB	124.2%	1.0%	827.2 MB	62.6 MB
1756	58/ae3d16	BGC_ANALYSIS:ANTISMASH_ANALYSIS:ANTISMASH (Pantoea_sp._PGP6)	COMPLETED	0	2026-08-28 20:42:40.934	2026-08-28 20:42:41.032	2026-08-28 20:43:08.312	25.3s	2	6 GB	626.8 MB	7.9 GB	123.2%	1.0%	880.3 MB	64.1 MB
1760	99/3c8b69	BGC_ANALYSIS:ANTISMASH_ANALYSIS:ANTISMASH (Pantoea_tagorei_MR1)	COMPLETED	0	2026-08-28 20:42:33.080	2026-08-28 20:42:33.176	2026-08-28 20:43:10.327	35.1s	2	6 GB	768.5 MB	7.8 GB	95.1%	1.3%	1.4 GB	97.3 MB
1752	4c/4ef476	BGC_ANALYSIS:ANTISMASH_ANALYSIS:ANTISMASH (Pantoea_sp._C8B4)	COMPLETED	0	2026-08-28 20:42:32.409	2026-08-28 20:42:32.504	2026-08-28 20:43:10.390	35.8s	2	6 GB	724 MB	7.8 GB	94.0%	1.3%	1.5 GB	93.9 MB
1757	3e/bde4ce	BGC_ANALYSIS:ANTISMASH_ANALYSIS:ANTISMASH (Pantoea_sp._PvP021)	COMPLETED	0	2026-08-28 20:42:40.496	2026-08-28 20:42:40.589	2026-08-28 20:43:12.615	30s	2	6 GB	733.9 MB	7.8 GB	101.6%	1.3%	1.2 GB	91.7 MB
1759	74/e6bf33	BGC_ANALYSIS:ANTISMASH_ANALYSIS:ANTISMASH (Pantoea_stewartii_subsp._indologenes_21GA0717)	COMPLETED	0	2026-08-28 20:42:45.234	2026-08-28 20:42:45.330	2026-08-28 20:43:19.536	32.2s	2	6 GB	711.3 MB	7.8 GB	94.6%	1.3%	1.4 GB	97.1 MB
1761	d4/a8d64b	BGC_ANALYSIS:ANTISMASH_ANALYSIS:ANTISMASH (Pantoea_trifolii_C2B11)	COMPLETED	0	2026-08-28 20:42:57.386	2026-08-28 20:42:57.484	2026-08-28 20:43:38.724	39s	2	6 GB	796.1 MB	7.8 GB	95.3%	1.3%	2 GB	115.1 MB
1764	f6/223431	BGC_ANALYSIS:CLUSTERING:BIGSCAPE (Pantoea)	COMPLETED	0	2026-08-28 20:43:39.347	2026-08-28 20:43:39.425	2026-08-28 20:44:47.585	1m 4s	8	32 GB	13.8 GB	35.3 GB	516.9%	24.4%	2.2 GB	134.5 MB
1766	81/0b4335	BGC_ANALYSIS:CLUSTERING:EXTRACT_CLUSTERING_STATS (Pantoea)	COMPLETED	0	2026-08-28 20:44:47.612	2026-08-28 20:44:47.686	2026-08-28 20:44:48.988	44ms	1	2 GB	3.2 MB	4.6 MB	88.9%	0.0%	844.6 KB	1 KB
1763	4a/abcf04	BGC_ANALYSIS:TABULATE_REGIONS (Pantoea)	COMPLETED	0	2026-08-28 20:43:39.140	2026-08-28 20:43:39.225	2026-08-28 20:46:23.854	2m 37s	1	2 GB	88.6 MB	92.6 MB	99.4%	0.1%	13.5 GB	54.3 KB
1765	b7/bd57f3	BGC_ANALYSIS:COUNT_REGIONS (Pantoea)	COMPLETED	0	2026-08-28 20:43:39.228	2026-08-28 20:43:39.325	2026-08-28 20:46:23.990	2m 37s	1	2 GB	102 MB	106.1 MB	99.8%	0.2%	13.5 GB	240 KB
1768	d9/b7a4b4	BGC_ANALYSIS:AGGREGATE_TAXONOMY (Aggregating BGC statistics by taxonomy)	COMPLETED	0	2026-08-28 20:46:24.013	2026-08-28 20:46:24.090	2026-08-28 20:46:25.718	131ms	1	2 GB	15.5 MB	21.2 MB	98.7%	0.0%	2.8 MB	1.3 MB
1771	be/013b0b	BGC_ANALYSIS:PHYLOGENY:GENBANK_TO_FASTA (85 genomes)	COMPLETED	0	2026-08-28 20:46:24.077	2026-08-28 20:46:24.191	2026-08-28 20:46:47.346	21.3s	1	2 GB	98.5 MB	2.3 GB	104.3%	0.1%	739.4 MB	407.4 MB
1769	43/fff9d5	BGC_ANALYSIS:PHYLOGENY:GENBANK_TO_FASTA (100 genomes)	COMPLETED	0	2026-08-28 20:46:24.073	2026-08-28 20:46:24.190	2026-08-28 20:46:51.200	25.4s	1	2 GB	92.1 MB	2.3 GB	101.1%	0.2%	888.5 MB	480.8 MB
1770	62/5cc1da	BGC_ANALYSIS:PHYLOGENY:GENBANK_TO_FASTA (100 genomes)	COMPLETED	0	2026-08-28 20:46:24.081	2026-08-28 20:46:24.191	2026-08-28 20:46:52.481	26.7s	1	2 GB	92.6 MB	2.3 GB	101.3%	0.1%	880.7 MB	486.5 MB
1767	eb/0b2fa3	BGC_ANALYSIS:CLUSTERING:EXTRACT_GCF_REPRESENTATIVES (Pantoea)	COMPLETED	0	2026-08-28 20:46:23.953	2026-08-28 20:46:23.991	2026-08-28 20:49:20.481	2m 48s	1	2 GB	186.6 MB	2.4 GB	100.3%	0.3%	13.6 GB	439.3 KB
1772	f0/c96543	BGC_ANALYSIS:PHYLOGENY:GTDBTK_CLASSIFY (Pantoea)	COMPLETED	0	2026-08-28 20:46:52.541	2026-08-28 20:46:52.581	2026-08-28 22:17:29.895	1h 30m 35s	8	48 GB	104.3 GB	221.9 GB	175.1%	168.7%	232 GB	11 GB
1774	c5/f39145	BGC_ANALYSIS:COLLECT_VERSIONS (versions)	COMPLETED	0	2026-08-28 22:17:33.392	2026-08-28 22:17:33.440	2026-08-28 22:17:51.865	11.5s	1	2 GB	208.5 MB	2.5 GB	109.6%	0.3%	110.4 MB	2.7 KB
1773	d7/596782	BGC_ANALYSIS:GCF_BIOSYNTHETIC_TREE (Pantoea)	COMPLETED	0	2026-08-28 22:17:33.461	2026-08-28 22:17:33.540	2026-08-28 22:19:25.191	1m 42s	4	8 GB	189.7 MB	2.5 GB	103.5%	0.2%	10.3 GB	5.1 MB
1775	a2/ea908d	BGC_ANALYSIS:VISUALIZE_RESULTS (Pantoea)	COMPLETED	0	2026-08-28 22:19:25.271	2026-08-28 22:19:25.292	2026-08-28 22:19:30.351	4s	4	8 GB	136.9 MB	2.3 GB	123.9%	0.2%	59 MB	9.4 MB
