task_id	hash	name	status	exit	submit	start	complete	realtime	cpus	memory	peak_rss	peak_vmem	%cpu	%mem	rchar	wchar
4	87/56c98c	BGC_ANALYSIS:ANTISMASH_ANALYSIS:GET_ANTISMASH_VERSION	COMPLETED	0	2026-08-30 18:30:02.591	2026-08-30 18:30:02.621	2026-08-30 18:30:06.481	2.6s	1	1 GB	164.5 MB	2.4 GB	114.8%	0.3%	36.1 MB	308 B
2	8b/11c962	DOWNLOAD_GENOMES:DOWNLOAD_TAXONKIT_DB (NCBI taxonomy)	COMPLETED	0	2026-08-30 18:30:32.696	2026-08-30 18:30:32.791	2026-08-30 18:31:15.668	41.4s	1	2 GB	13.9 MB	19.4 MB	11.0%	0.0%	147.3 MB	606 MB
1	1e/8c8240	BGC_ANALYSIS:CLUSTERING:DOWNLOAD_PFAM (Pfam database)	COMPLETED	0	2026-08-30 18:30:41.565	2026-08-30 18:30:41.628	2026-08-30 18:36:04.399	5m 21s	1	2 GB	13.9 MB	19.4 MB	14.6%	0.0%	2.9 GB	4.9 GB
6	65/d19dca	DOWNLOAD_GENOMES:NCBI_DATASETS_DOWNLOAD (Erwiniaceae)	COMPLETED	0	2026-08-30 18:30:02.610	2026-08-30 18:30:02.625	2026-08-30 18:41:57.791	11m 54s	4	8 GB	23.8 MB	1.2 GB	77.8%	0.0%	8 GB	23.8 GB
7	8f/98ea67	DOWNLOAD_GENOMES:CREATE_NAME_MAP (Erwiniaceae)	COMPLETED	0	2026-08-30 18:41:57.988	2026-08-30 18:41:57.992	2026-08-30 18:41:59.525	81ms	1	2 GB	11.1 MB	15.3 MB	66.2%	0.0%	1.2 MB	143.3 KB
14	6d/2cf19e	DOWNLOAD_GENOMES:RENAME_GENOMES (100 genomes)	COMPLETED	0	2026-08-30 18:41:59.587	2026-08-30 18:41:59.628	2026-08-30 18:42:04.621	1.9s	1	2 GB	14.9 MB	18.6 MB	76.7%	0.0%	526.9 MB	525.8 MB
9	6b/daed49	DOWNLOAD_GENOMES:RENAME_GENOMES (100 genomes)	COMPLETED	0	2026-08-30 18:41:59.669	2026-08-30 18:41:59.749	2026-08-30 18:42:05.665	2.7s	1	2 GB	14.9 MB	18.6 MB	71.4%	0.0%	709.7 MB	708.6 MB
11	4d/6e5c02	DOWNLOAD_GENOMES:RENAME_GENOMES (100 genomes)	COMPLETED	0	2026-08-30 18:41:59.643	2026-08-30 18:41:59.746	2026-08-30 18:42:05.820	3s	1	2 GB	15 MB	18.6 MB	76.5%	0.0%	735.9 MB	734.8 MB
12	27/bcf410	DOWNLOAD_GENOMES:RENAME_GENOMES (100 genomes)	COMPLETED	0	2026-08-30 18:41:59.570	2026-08-30 18:41:59.626	2026-08-30 18:42:05.989	3.3s	1	2 GB	15 MB	18.6 MB	70.7%	0.0%	787.5 MB	786.4 MB
21	72/aeb4e5	DOWNLOAD_GENOMES:RENAME_GENOMES (100 genomes)	COMPLETED	0	2026-08-30 18:41:59.700	2026-08-30 18:41:59.757	2026-08-30 18:42:06.198	3.2s	1	2 GB	14.9 MB	18.6 MB	72.8%	0.0%	758.5 MB	757.4 MB
20	2d/a17cbe	DOWNLOAD_GENOMES:RENAME_GENOMES (100 genomes)	COMPLETED	0	2026-08-30 18:41:59.599	2026-08-30 18:41:59.630	2026-08-30 18:42:06.786	3.9s	1	2 GB	14.8 MB	18.6 MB	68.5%	0.0%	843.1 MB	842 MB
16	a7/b265b8	DOWNLOAD_GENOMES:RENAME_GENOMES (100 genomes)	COMPLETED	0	2026-08-30 18:41:59.632	2026-08-30 18:41:59.728	2026-08-30 18:42:06.930	3.8s	1	2 GB	14.9 MB	18.6 MB	67.4%	0.0%	785.4 MB	784.3 MB
13	37/8ca281	DOWNLOAD_GENOMES:RENAME_GENOMES (100 genomes)	COMPLETED	0	2026-08-30 18:41:59.612	2026-08-30 18:41:59.630	2026-08-30 18:42:07.114	4.2s	1	2 GB	14.9 MB	18.6 MB	66.4%	0.0%	973.8 MB	972.7 MB
19	19/2850dd	DOWNLOAD_GENOMES:RENAME_GENOMES (100 genomes)	COMPLETED	0	2026-08-30 18:41:59.690	2026-08-30 18:41:59.749	2026-08-30 18:42:07.651	4.2s	1	2 GB	14.8 MB	18.6 MB	65.9%	0.0%	881.2 MB	880.1 MB
17	f9/1e2df6	DOWNLOAD_GENOMES:RENAME_GENOMES (100 genomes)	COMPLETED	0	2026-08-30 18:41:59.654	2026-08-30 18:41:59.748	2026-08-30 18:42:07.523	4.6s	1	2 GB	15 MB	18.6 MB	62.3%	0.0%	851.3 MB	850.2 MB
22	14/859265	DOWNLOAD_GENOMES:RENAME_GENOMES (100 genomes)	COMPLETED	0	2026-08-30 18:41:59.729	2026-08-30 18:41:59.834	2026-08-30 18:42:07.651	4.5s	1	2 GB	15 MB	18.6 MB	63.3%	0.0%	837.2 MB	836.1 MB
30	d5/cae36c	DOWNLOAD_GENOMES:RENAME_GENOMES (100 genomes)	COMPLETED	0	2026-08-30 18:41:59.776	2026-08-30 18:41:59.836	2026-08-30 18:42:08.062	4.8s	1	2 GB	15 MB	18.6 MB	66.7%	0.0%	1001.4 MB	1000.3 MB
8	ac/734291	DOWNLOAD_GENOMES:EXTRACT_TAXONOMY (Extracting taxonomy from NCBI metadata)	COMPLETED	0	2026-08-30 18:41:57.981	2026-08-30 18:41:57.991	2026-08-30 18:42:08.144	8.6s	1	2 GB	846.2 MB	2 GB	121.9%	1.4%	522 MB	2.6 MB
24	6b/110728	DOWNLOAD_GENOMES:RENAME_GENOMES (100 genomes)	COMPLETED	0	2026-08-30 18:41:59.622	2026-08-30 18:41:59.632	2026-08-30 18:42:08.230	5.2s	1	2 GB	14.6 MB	18.6 MB	63.3%	0.0%	1 GB	1 GB
10	f6/70111c	DOWNLOAD_GENOMES:RENAME_GENOMES (100 genomes)	COMPLETED	0	2026-08-30 18:41:59.717	2026-08-30 18:41:59.758	2026-08-30 18:42:08.682	5.1s	1	2 GB	15 MB	18.6 MB	63.0%	0.0%	941.7 MB	940.6 MB
26	e5/e88443	DOWNLOAD_GENOMES:RENAME_GENOMES (100 genomes)	COMPLETED	0	2026-08-30 18:41:59.764	2026-08-30 18:41:59.835	2026-08-30 18:42:08.563	5.7s	1	2 GB	14.9 MB	18.6 MB	64.4%	0.0%	1.1 GB	1.1 GB
36	54/9c8b88	DOWNLOAD_GENOMES:RENAME_GENOMES (60 genomes)	COMPLETED	0	2026-08-30 18:42:07.868	2026-08-30 18:42:07.962	2026-08-30 18:42:15.772	1.1s	1	2 GB	14.8 MB	18.6 MB	69.2%	0.0%	266.9 MB	265.8 MB
35	42/ea3ab8	DOWNLOAD_GENOMES:RENAME_GENOMES (100 genomes)	COMPLETED	0	2026-08-30 18:42:08.244	2026-08-30 18:42:08.338	2026-08-30 18:42:18.062	3.1s	1	2 GB	15 MB	18.6 MB	84.9%	0.0%	453.4 MB	452.3 MB
25	4a/94ebae	DOWNLOAD_GENOMES:RENAME_GENOMES (100 genomes)	COMPLETED	0	2026-08-30 18:42:07.795	2026-08-30 18:42:07.850	2026-08-30 18:42:28.745	13.6s	1	2 GB	15.1 MB	18.6 MB	119.8%	0.0%	653.9 MB	652.8 MB
23	4d/c8b45a	DOWNLOAD_GENOMES:RENAME_GENOMES (100 genomes)	COMPLETED	0	2026-08-30 18:42:06.149	2026-08-30 18:42:06.350	2026-08-30 18:42:33.060	18.1s	1	2 GB	14.8 MB	18.6 MB	116.0%	0.0%	837.1 MB	836 MB
31	ca/081040	DOWNLOAD_GENOMES:RENAME_GENOMES (100 genomes)	COMPLETED	0	2026-08-30 18:42:06.045	2026-08-30 18:42:06.108	2026-08-30 18:42:34.475	19.6s	1	2 GB	14.9 MB	18.6 MB	113.2%	0.0%	1011.5 MB	1010.4 MB
18	dd/619185	DOWNLOAD_GENOMES:RENAME_GENOMES (100 genomes)	COMPLETED	0	2026-08-30 18:42:05.947	2026-08-30 18:42:05.970	2026-08-30 18:42:35.081	20.1s	1	2 GB	14.8 MB	18.6 MB	111.2%	0.0%	830.4 MB	829.4 MB
15	7b/751c78	DOWNLOAD_GENOMES:RENAME_GENOMES (100 genomes)	COMPLETED	0	2026-08-30 18:42:04.677	2026-08-30 18:42:04.720	2026-08-30 18:42:37.084	22.6s	1	2 GB	14.9 MB	18.6 MB	106.6%	0.0%	899.5 MB	898.4 MB
27	8b/49c45e	DOWNLOAD_GENOMES:RENAME_GENOMES (100 genomes)	COMPLETED	0	2026-08-30 18:42:07.111	2026-08-30 18:42:07.229	2026-08-30 18:42:37.239	22.1s	1	2 GB	15 MB	18.6 MB	110.9%	0.0%	907.1 MB	906 MB
34	e1/2e24f6	DOWNLOAD_GENOMES:RENAME_GENOMES (100 genomes)	COMPLETED	0	2026-08-30 18:42:08.209	2026-08-30 18:42:08.302	2026-08-30 18:42:37.841	22.8s	1	2 GB	14.8 MB	18.6 MB	109.8%	0.0%	983.5 MB	982.4 MB
32	6f/36954a	DOWNLOAD_GENOMES:RENAME_GENOMES (100 genomes)	COMPLETED	0	2026-08-30 18:42:07.185	2026-08-30 18:42:07.230	2026-08-30 18:42:39.761	24.8s	1	2 GB	15 MB	18.6 MB	110.8%	0.0%	1.1 GB	1.1 GB
29	cc/30e06a	DOWNLOAD_GENOMES:RENAME_GENOMES (100 genomes)	COMPLETED	0	2026-08-30 18:42:06.402	2026-08-30 18:42:06.453	2026-08-30 18:42:45.348	30.3s	1	2 GB	15.1 MB	18.6 MB	110.3%	0.0%	1.1 GB	1.1 GB
28	83/045ae6	DOWNLOAD_GENOMES:RENAME_GENOMES (100 genomes)	COMPLETED	0	2026-08-30 18:42:07.844	2026-08-30 18:42:07.950	2026-08-30 18:42:45.827	30.8s	1	2 GB	15.1 MB	18.6 MB	109.1%	0.0%	1 GB	1 GB
33	28/8702e4	DOWNLOAD_GENOMES:RENAME_GENOMES (100 genomes)	COMPLETED	0	2026-08-30 18:42:08.130	2026-08-30 18:42:08.301	2026-08-30 18:42:46.093	31s	1	2 GB	14.6 MB	18.6 MB	109.7%	0.0%	1.1 GB	1.1 GB
39	45/b18893	BGC_ANALYSIS:ANTISMASH_ANALYSIS:ANTISMASH (Erwinia_amylovora_1280)	COMPLETED	0	2026-08-30 18:42:18.086	2026-08-30 18:42:18.162	2026-08-30 18:43:17.992	55.7s	2	6 GB	458.8 MB	7.6 GB	112.8%	0.7%	1.6 GB	57.8 MB
43	69/8355df	BGC_ANALYSIS:ANTISMASH_ANALYSIS:ANTISMASH (Erwinia_amylovora_1477-1)	COMPLETED	0	2026-08-30 18:42:08.831	2026-08-30 18:42:08.883	2026-08-30 18:43:19.040	1m 5s	2	6 GB	465.7 MB	7.6 GB	91.9%	0.7%	1.7 GB	60.3 MB
48	51/d2597a	BGC_ANALYSIS:ANTISMASH_ANALYSIS:ANTISMASH (Erwinia_amylovora_1581)	COMPLETED	0	2026-08-30 18:42:39.787	2026-08-30 18:42:39.865	2026-08-30 18:43:23.984	39.6s	2	6 GB	476.3 MB	7.7 GB	106.5%	0.7%	1.6 GB	58.4 MB
38	b5/c8f6df	BGC_ANALYSIS:ANTISMASH_ANALYSIS:ANTISMASH (Erwinia_amylovora_1279)	COMPLETED	0	2026-08-30 18:42:37.373	2026-08-30 18:42:37.440	2026-08-30 18:43:24.556	40.7s	2	6 GB	461.3 MB	7.7 GB	105.2%	0.7%	1.7 GB	59.4 MB
51	3f/15154a	BGC_ANALYSIS:ANTISMASH_ANALYSIS:ANTISMASH (Erwinia_amylovora_1609)	COMPLETED	0	2026-08-30 18:42:35.163	2026-08-30 18:42:35.181	2026-08-30 18:43:25.612	43.3s	2	6 GB	459.5 MB	7.7 GB	104.3%	0.7%	1.8 GB	61.4 MB
41	d9/389a54	BGC_ANALYSIS:ANTISMASH_ANALYSIS:ANTISMASH (Erwinia_amylovora_1400-2)	COMPLETED	0	2026-08-30 18:42:33.346	2026-08-30 18:42:33.474	2026-08-30 18:43:35.849	54.9s	2	6 GB	465.4 MB	7.7 GB	103.5%	0.7%	2.3 GB	74.6 MB
42	1e/cb0f3e	BGC_ANALYSIS:ANTISMASH_ANALYSIS:ANTISMASH (Erwinia_amylovora_1476)	COMPLETED	0	2026-08-30 18:43:19.049	2026-08-30 18:43:19.140	2026-08-30 18:43:59.716	38.1s	2	6 GB	460.3 MB	7.7 GB	103.5%	0.7%	1.7 GB	60.9 MB
45	07/bb3c0b	BGC_ANALYSIS:ANTISMASH_ANALYSIS:ANTISMASH (Erwinia_amylovora_1480-3)	COMPLETED	0	2026-08-30 18:43:17.999	2026-08-30 18:43:18.092	2026-08-30 18:44:00.697	40.4s	2	6 GB	469.3 MB	7.7 GB	102.4%	0.7%	1.9 GB	64.7 MB
54	11/d84f1a	BGC_ANALYSIS:ANTISMASH_ANALYSIS:ANTISMASH (Erwinia_amylovora_1617)	COMPLETED	0	2026-08-30 18:43:24.564	2026-08-30 18:43:24.657	2026-08-30 18:44:06.503	39.7s	2	6 GB	465 MB	7.7 GB	104.7%	0.7%	1.9 GB	63.8 MB
49	2a/b6f151	BGC_ANALYSIS:ANTISMASH_ANALYSIS:ANTISMASH (Erwinia_amylovora_1598)	COMPLETED	0	2026-08-30 18:43:25.620	2026-08-30 18:43:25.712	2026-08-30 18:44:06.783	38.9s	2	6 GB	465.3 MB	7.7 GB	105.4%	0.7%	1.8 GB	63.3 MB
44	21/f8f40b	BGC_ANALYSIS:ANTISMASH_ANALYSIS:ANTISMASH (Erwinia_amylovora_1478-2)	COMPLETED	0	2026-08-30 18:43:35.856	2026-08-30 18:43:35.949	2026-08-30 18:44:19.304	41.3s	2	6 GB	471.3 MB	7.7 GB	104.9%	0.7%	2 GB	67.1 MB
52	0a/e82273	BGC_ANALYSIS:ANTISMASH_ANALYSIS:ANTISMASH (Erwinia_amylovora_1611_BCEa29)	COMPLETED	0	2026-08-30 18:43:23.992	2026-08-30 18:43:24.084	2026-08-30 18:44:23.764	57.6s	2	6 GB	476.5 MB	7.7 GB	107.3%	0.7%	3 GB	90.3 MB
46	67/7ab44b	BGC_ANALYSIS:ANTISMASH_ANALYSIS:ANTISMASH (Erwinia_amylovora_1482)	COMPLETED	0	2026-08-30 18:43:59.721	2026-08-30 18:43:59.816	2026-08-30 18:44:39.770	38s	2	6 GB	459.8 MB	7.7 GB	104.2%	0.7%	1.8 GB	61.8 MB
40	b7/4a8643	BGC_ANALYSIS:ANTISMASH_ANALYSIS:ANTISMASH (Erwinia_amylovora_1400-1)	COMPLETED	0	2026-08-30 18:44:00.703	2026-08-30 18:44:00.798	2026-08-30 18:44:40.030	37.3s	2	6 GB	480.3 MB	7.8 GB	102.7%	0.7%	1.7 GB	59.4 MB
61	65/aaf000	BGC_ANALYSIS:ANTISMASH_ANALYSIS:ANTISMASH (Erwinia_amylovora_20070245)	COMPLETED	0	2026-08-30 18:44:06.789	2026-08-30 18:44:06.884	2026-08-30 18:44:43.269	34.3s	2	6 GB	466.1 MB	7.8 GB	104.1%	0.7%	1.6 GB	56.4 MB
47	63/6e1a62	BGC_ANALYSIS:ANTISMASH_ANALYSIS:ANTISMASH (Erwinia_amylovora_1486)	COMPLETED	0	2026-08-30 18:44:06.508	2026-08-30 18:44:06.603	2026-08-30 18:44:49.333	40.7s	2	6 GB	478.1 MB	7.7 GB	105.0%	0.7%	2 GB	66.3 MB
50	5f/6e709a	BGC_ANALYSIS:ANTISMASH_ANALYSIS:ANTISMASH (Erwinia_amylovora_1602)	COMPLETED	0	2026-08-30 18:44:19.312	2026-08-30 18:44:19.404	2026-08-30 18:44:59.246	37.8s	2	6 GB	467.1 MB	7.7 GB	104.2%	0.7%	1.8 GB	62.9 MB
53	a1/a37d9a	BGC_ANALYSIS:ANTISMASH_ANALYSIS:ANTISMASH (Erwinia_amylovora_1612)	COMPLETED	0	2026-08-30 18:44:23.769	2026-08-30 18:44:23.865	2026-08-30 18:45:08.600	42.8s	2	6 GB	470.9 MB	7.7 GB	105.2%	0.7%	2.2 GB	71.8 MB
58	99/3b5576	BGC_ANALYSIS:ANTISMASH_ANALYSIS:ANTISMASH (Erwinia_amylovora_1686)	COMPLETED	0	2026-08-30 18:44:39.775	2026-08-30 18:44:39.871	2026-08-30 18:45:15.612	33.8s	2	6 GB	470.5 MB	7.8 GB	105.4%	0.7%	1.7 GB	58.8 MB
55	38/a53352	BGC_ANALYSIS:ANTISMASH_ANALYSIS:ANTISMASH (Erwinia_amylovora_1619)	COMPLETED	0	2026-08-30 18:44:40.037	2026-08-30 18:44:40.130	2026-08-30 18:45:16.045	34s	2	6 GB	474.1 MB	7.7 GB	104.0%	0.7%	1.7 GB	59 MB
62	4b/2ea814	BGC_ANALYSIS:ANTISMASH_ANALYSIS:ANTISMASH (Erwinia_amylovora_20070270)	COMPLETED	0	2026-08-30 18:44:43.275	2026-08-30 18:44:43.369	2026-08-30 18:45:18.345	33s	2	6 GB	465.6 MB	7.8 GB	104.2%	0.7%	1.6 GB	58.3 MB
63	f4/9280ed	BGC_ANALYSIS:ANTISMASH_ANALYSIS:ANTISMASH (Erwinia_amylovora_214_07)	COMPLETED	0	2026-08-30 18:44:49.340	2026-08-30 18:44:49.433	2026-08-30 18:45:27.491	36.2s	2	6 GB	472.7 MB	7.7 GB	103.4%	0.7%	1.8 GB	63.3 MB
64	98/cbce8e	BGC_ANALYSIS:ANTISMASH_ANALYSIS:ANTISMASH (Erwinia_amylovora_241_07)	COMPLETED	0	2026-08-30 18:44:59.252	2026-08-30 18:44:59.346	2026-08-30 18:45:35.720	34.7s	2	6 GB	476.2 MB	7.8 GB	103.0%	0.7%	1.7 GB	60.3 MB
60	c7/b5ab9c	BGC_ANALYSIS:ANTISMASH_ANALYSIS:ANTISMASH (Erwinia_amylovora_20070126)	COMPLETED	0	2026-08-30 18:45:08.606	2026-08-30 18:45:08.700	2026-08-30 18:45:43.139	32.7s	2	6 GB	481.1 MB	7.7 GB	102.4%	0.7%	1.6 GB	57.7 MB
56	56/f3a9b7	BGC_ANALYSIS:ANTISMASH_ANALYSIS:ANTISMASH (Erwinia_amylovora_1668)	COMPLETED	0	2026-08-30 18:45:16.049	2026-08-30 18:45:16.145	2026-08-30 18:45:50.584	32.8s	2	6 GB	469.4 MB	7.7 GB	104.4%	0.7%	1.6 GB	57.9 MB
68	73/d2a316	BGC_ANALYSIS:ANTISMASH_ANALYSIS:ANTISMASH (Erwinia_amylovora_3477-1)	COMPLETED	0	2026-08-30 18:45:15.617	2026-08-30 18:45:15.712	2026-08-30 18:45:51.601	34.2s	2	6 GB	468.1 MB	7.8 GB	102.7%	0.7%	1.7 GB	59.4 MB
72	65/8deee2	BGC_ANALYSIS:ANTISMASH_ANALYSIS:ANTISMASH (Erwinia_amylovora_46-4-2)	COMPLETED	0	2026-08-30 18:45:18.350	2026-08-30 18:45:18.445	2026-08-30 18:45:54.987	34.9s	2	6 GB	461.9 MB	7.7 GB	103.2%	0.7%	1.7 GB	60.4 MB
67	c2/b766cb	BGC_ANALYSIS:ANTISMASH_ANALYSIS:ANTISMASH (Erwinia_amylovora_3446-1)	COMPLETED	0	2026-08-30 18:45:27.496	2026-08-30 18:45:27.591	2026-08-30 18:46:05.524	36.2s	2	6 GB	470.3 MB	7.8 GB	104.8%	0.7%	1.8 GB	63.6 MB
37	2b/0d4fb0	BGC_ANALYSIS:ANTISMASH_ANALYSIS:ANTISMASH (Candidatus_Erwinia_dacicola_EdB2)	COMPLETED	0	2026-08-30 18:42:45.852	2026-08-30 18:42:45.928	2026-08-30 18:46:10.042	3m 21s	2	6 GB	718.8 MB	7.8 GB	104.2%	1.3%	13.3 GB	353.5 MB
65	5c/fd0f9b	BGC_ANALYSIS:ANTISMASH_ANALYSIS:ANTISMASH (Erwinia_amylovora_2558)	COMPLETED	0	2026-08-30 18:45:35.726	2026-08-30 18:45:35.821	2026-08-30 18:46:11.765	34.2s	2	6 GB	473.8 MB	7.7 GB	103.4%	0.7%	1.7 GB	59.9 MB
76	de/3298e1	BGC_ANALYSIS:ANTISMASH_ANALYSIS:ANTISMASH (Erwinia_amylovora_CFBP_7130)	COMPLETED	0	2026-08-30 18:45:43.144	2026-08-30 18:45:43.240	2026-08-30 18:46:22.497	37.5s	2	6 GB	467.4 MB	7.7 GB	103.6%	0.7%	1.9 GB	65 MB
59	62/8d3565	BGC_ANALYSIS:ANTISMASH_ANALYSIS:ANTISMASH (Erwinia_amylovora_20060013)	COMPLETED	0	2026-08-30 18:45:50.588	2026-08-30 18:45:50.684	2026-08-30 18:46:26.229	33.7s	2	6 GB	451.1 MB	7.6 GB	102.3%	0.7%	1.6 GB	58.4 MB
70	b6/bcbf4d	BGC_ANALYSIS:ANTISMASH_ANALYSIS:ANTISMASH (Erwinia_amylovora_39-I-II)	COMPLETED	0	2026-08-30 18:45:51.610	2026-08-30 18:45:51.701	2026-08-30 18:46:27.356	33.9s	2	6 GB	469.5 MB	7.7 GB	104.2%	0.7%	1.7 GB	59.5 MB
71	e6/2a6255	BGC_ANALYSIS:ANTISMASH_ANALYSIS:ANTISMASH (Erwinia_amylovora_39-M1-II)	COMPLETED	0	2026-08-30 18:45:54.991	2026-08-30 18:45:55.088	2026-08-30 18:46:31.929	35.1s	2	6 GB	472.1 MB	7.7 GB	103.6%	0.7%	1.7 GB	60.8 MB
57	b1/bd56e2	BGC_ANALYSIS:ANTISMASH_ANALYSIS:ANTISMASH (Erwinia_amylovora_1680)	COMPLETED	0	2026-08-30 18:46:05.529	2026-08-30 18:46:05.624	2026-08-30 18:46:43.163	35.8s	2	6 GB	461.4 MB	7.7 GB	102.8%	0.7%	1.8 GB	61.8 MB
66	5e/440665	BGC_ANALYSIS:ANTISMASH_ANALYSIS:ANTISMASH (Erwinia_amylovora_2570)	COMPLETED	0	2026-08-30 18:46:10.046	2026-08-30 18:46:10.142	2026-08-30 18:46:46.789	34.8s	2	6 GB	473.6 MB	7.7 GB	103.0%	0.7%	1.7 GB	60.4 MB
83	09/6dae02	BGC_ANALYSIS:ANTISMASH_ANALYSIS:ANTISMASH (Erwinia_amylovora_Ea04-03)	COMPLETED	0	2026-08-30 18:46:11.770	2026-08-30 18:46:11.865	2026-08-30 18:46:56.953	43.3s	2	6 GB	471.1 MB	7.7 GB	105.4%	0.7%	2.2 GB	73.4 MB
69	ea/495e6b	BGC_ANALYSIS:ANTISMASH_ANALYSIS:ANTISMASH (Erwinia_amylovora_3515-1)	COMPLETED	0	2026-08-30 18:46:22.500	2026-08-30 18:46:22.596	2026-08-30 18:46:58.390	34s	2	6 GB	470 MB	7.8 GB	104.1%	0.7%	1.7 GB	59.9 MB
73	9b/e74ecb	BGC_ANALYSIS:ANTISMASH_ANALYSIS:ANTISMASH (Erwinia_amylovora_BCEa23A)	COMPLETED	0	2026-08-30 18:46:31.933	2026-08-30 18:46:32.029	2026-08-30 18:47:11.446	37.6s	2	6 GB	471.3 MB	7.7 GB	104.2%	0.7%	1.9 GB	64.7 MB
78	f1/4ef48a	BGC_ANALYSIS:ANTISMASH_ANALYSIS:ANTISMASH (Erwinia_amylovora_E2005A)	COMPLETED	0	2026-08-30 18:46:43.166	2026-08-30 18:46:43.263	2026-08-30 18:47:18.752	33.8s	2	6 GB	469.9 MB	7.6 GB	104.7%	0.7%	1.7 GB	59.4 MB
93	5d/d9abea	BGC_ANALYSIS:ANTISMASH_ANALYSIS:ANTISMASH (Erwinia_amylovora_Ea169)	COMPLETED	0	2026-08-30 18:46:46.794	2026-08-30 18:46:46.889	2026-08-30 18:47:22.916	34.3s	2	6 GB	471.3 MB	7.8 GB	104.4%	0.7%	1.7 GB	60.4 MB
87	6c/987c2e	BGC_ANALYSIS:ANTISMASH_ANALYSIS:ANTISMASH (Erwinia_amylovora_Ea1-98)	COMPLETED	0	2026-08-30 18:46:27.360	2026-08-30 18:46:27.456	2026-08-30 18:47:24.689	55.5s	2	6 GB	470.9 MB	7.6 GB	106.7%	0.7%	3 GB	93 MB
86	24/765c33	BGC_ANALYSIS:ANTISMASH_ANALYSIS:ANTISMASH (Erwinia_amylovora_Ea1-97)	COMPLETED	0	2026-08-30 18:46:26.233	2026-08-30 18:46:26.329	2026-08-30 18:47:27.896	59.8s	2	6 GB	512.2 MB	7.7 GB	106.4%	0.8%	3.3 GB	99.2 MB
2781	16/1638f6	BGC_ANALYSIS:ANTISMASH_ANALYSIS:ANTISMASH (Pantoea_agglomerans_C4.1V)	COMPLETED	0	2026-08-30 18:47:11.450	2026-08-30 18:47:11.546	2026-08-30 18:47:31.908	18.6s	2	6 GB	789.2 MB	7.8 GB	129.5%	1.3%	861.2 MB	60.4 MB
74	8a/42bfba	BGC_ANALYSIS:ANTISMASH_ANALYSIS:ANTISMASH (Erwinia_amylovora_CFBP_1995)	COMPLETED	0	2026-08-30 18:46:58.394	2026-08-30 18:46:58.490	2026-08-30 18:47:38.991	38.8s	2	6 GB	470.6 MB	7.6 GB	105.7%	0.7%	2 GB	66.9 MB
77	be/8c023f	BGC_ANALYSIS:ANTISMASH_ANALYSIS:ANTISMASH (Erwinia_amylovora_CFBP_7131)	COMPLETED	0	2026-08-30 18:46:56.957	2026-08-30 18:46:57.053	2026-08-30 18:48:02.825	1m 4s	2	6 GB	474.4 MB	7.6 GB	108.4%	0.7%	3.6 GB	106.8 MB
81	68/c6ece1	BGC_ANALYSIS:ANTISMASH_ANALYSIS:ANTISMASH (Erwinia_amylovora_Ea02-03)	COMPLETED	0	2026-08-30 18:47:22.920	2026-08-30 18:47:23.016	2026-08-30 18:48:04.613	39.7s	2	6 GB	466.9 MB	7.7 GB	104.8%	0.7%	2 GB	67.9 MB
79	7e/b17c53	BGC_ANALYSIS:ANTISMASH_ANALYSIS:ANTISMASH (Erwinia_amylovora_E2006P)	COMPLETED	0	2026-08-30 18:47:27.900	2026-08-30 18:47:27.997	2026-08-30 18:48:06.421	36.7s	2	6 GB	468.5 MB	7.7 GB	104.7%	0.7%	1.9 GB	64.9 MB
80	f5/0f3782	BGC_ANALYSIS:ANTISMASH_ANALYSIS:ANTISMASH (Erwinia_amylovora_Ea01-03)	COMPLETED	0	2026-08-30 18:47:24.694	2026-08-30 18:47:24.789	2026-08-30 18:48:13.572	47s	2	6 GB	471.2 MB	7.6 GB	105.9%	0.7%	2.5 GB	80.9 MB
82	1a/9a82d1	BGC_ANALYSIS:ANTISMASH_ANALYSIS:ANTISMASH (Erwinia_amylovora_Ea03-03)	COMPLETED	0	2026-08-30 18:47:31.913	2026-08-30 18:47:32.008	2026-08-30 18:48:13.871	40s	2	6 GB	479.2 MB	7.7 GB	105.2%	0.7%	2 GB	68.6 MB
75	2c/486813	BGC_ANALYSIS:ANTISMASH_ANALYSIS:ANTISMASH (Erwinia_amylovora_CFBP_2313)	COMPLETED	0	2026-08-30 18:47:18.755	2026-08-30 18:47:18.852	2026-08-30 18:48:15.364	54.7s	2	6 GB	488.7 MB	7.7 GB	108.0%	0.8%	3 GB	91.6 MB
84	32/df311e	BGC_ANALYSIS:ANTISMASH_ANALYSIS:ANTISMASH (Erwinia_amylovora_Ea1-00)	COMPLETED	0	2026-08-30 18:47:38.995	2026-08-30 18:47:39.091	2026-08-30 18:48:18.777	37.9s	2	6 GB	468.5 MB	7.8 GB	104.8%	0.7%	1.9 GB	65.6 MB
97	29/c0ea3b	BGC_ANALYSIS:ANTISMASH_ANALYSIS:ANTISMASH (Erwinia_amylovora_Ea29-7)	COMPLETED	0	2026-08-30 18:48:04.616	2026-08-30 18:48:04.718	2026-08-30 18:48:39.464	33.1s	2	6 GB	468.8 MB	7.7 GB	103.7%	0.7%	1.5 GB	55.9 MB
90	d2/5d7e3e	BGC_ANALYSIS:ANTISMASH_ANALYSIS:ANTISMASH (Erwinia_amylovora_Ea123-5-51)	COMPLETED	0	2026-08-30 18:48:06.425	2026-08-30 18:48:06.521	2026-08-30 18:48:45.044	36.8s	2	6 GB	484.7 MB	7.7 GB	105.4%	0.7%	1.8 GB	62.6 MB
85	ba/3dd874	BGC_ANALYSIS:ANTISMASH_ANALYSIS:ANTISMASH (Erwinia_amylovora_Ea1-95)	COMPLETED	0	2026-08-30 18:48:02.829	2026-08-30 18:48:02.925	2026-08-30 18:48:48.061	43.4s	2	6 GB	473.3 MB	7.7 GB	105.8%	0.7%	2.2 GB	71.7 MB
88	07/de5378	BGC_ANALYSIS:ANTISMASH_ANALYSIS:ANTISMASH (Erwinia_amylovora_Ea116-5-29)	COMPLETED	0	2026-08-30 18:48:13.576	2026-08-30 18:48:13.672	2026-08-30 18:48:48.257	32.8s	2	6 GB	455.3 MB	7.7 GB	103.4%	0.7%	1.6 GB	56.4 MB
89	77/2b8417	BGC_ANALYSIS:ANTISMASH_ANALYSIS:ANTISMASH (Erwinia_amylovora_Ea12)	COMPLETED	0	2026-08-30 18:48:15.367	2026-08-30 18:48:15.464	2026-08-30 18:48:54.034	36.8s	2	6 GB	480.4 MB	7.8 GB	103.8%	0.7%	1.8 GB	62.7 MB
91	be/da8ae7	BGC_ANALYSIS:ANTISMASH_ANALYSIS:ANTISMASH (Erwinia_amylovora_Ea160-3-51)	COMPLETED	0	2026-08-30 18:48:18.782	2026-08-30 18:48:18.877	2026-08-30 18:48:55.339	34.6s	2	6 GB	471 MB	7.7 GB	104.2%	0.7%	1.7 GB	58.9 MB
92	39/827ce0	BGC_ANALYSIS:ANTISMASH_ANALYSIS:ANTISMASH (Erwinia_amylovora_Ea160-4-51)	COMPLETED	0	2026-08-30 18:48:39.469	2026-08-30 18:48:39.565	2026-08-30 18:49:20.419	39.1s	2	6 GB	478.1 MB	7.8 GB	104.8%	0.7%	1.9 GB	65.5 MB
94	58/c75ae8	BGC_ANALYSIS:ANTISMASH_ANALYSIS:ANTISMASH (Erwinia_amylovora_Ea17-1-1)	COMPLETED	0	2026-08-30 18:48:45.049	2026-08-30 18:48:45.144	2026-08-30 18:49:24.456	37.4s	2	6 GB	466.5 MB	7.6 GB	103.9%	0.7%	1.8 GB	62.8 MB
98	a3/c24a02	BGC_ANALYSIS:ANTISMASH_ANALYSIS:ANTISMASH (Erwinia_amylovora_Ea3-97)	COMPLETED	0	2026-08-30 18:48:13.876	2026-08-30 18:48:13.971	2026-08-30 18:49:26.067	1m 10s	2	6 GB	486.7 MB	7.7 GB	108.3%	0.7%	3.9 GB	112.9 MB
95	35/bb065f	BGC_ANALYSIS:ANTISMASH_ANALYSIS:ANTISMASH (Erwinia_amylovora_Ea2-95)	COMPLETED	0	2026-08-30 18:48:48.066	2026-08-30 18:48:48.161	2026-08-30 18:49:29.116	39.2s	2	6 GB	481.1 MB	7.7 GB	102.9%	0.7%	1.8 GB	63.6 MB
101	ad/e41536	BGC_ANALYSIS:ANTISMASH_ANALYSIS:ANTISMASH (Erwinia_amylovora_Ea367)	COMPLETED	0	2026-08-30 18:48:55.344	2026-08-30 18:48:55.439	2026-08-30 18:49:34.485	37.2s	2	6 GB	469.3 MB	7.8 GB	105.4%	0.7%	1.8 GB	61.8 MB
100	ed/04f0b5	BGC_ANALYSIS:ANTISMASH_ANALYSIS:ANTISMASH (Erwinia_amylovora_Ea321_2)	COMPLETED	0	2026-08-30 18:48:54.038	2026-08-30 18:48:54.134	2026-08-30 18:49:35.599	39.6s	2	6 GB	468.9 MB	7.7 GB	104.4%	0.7%	1.9 GB	65.3 MB
96	06/941e32	BGC_ANALYSIS:ANTISMASH_ANALYSIS:ANTISMASH (Erwinia_amylovora_Ea2-97)	COMPLETED	0	2026-08-30 18:48:48.262	2026-08-30 18:48:48.358	2026-08-30 18:49:43.109	52.9s	2	6 GB	473.7 MB	7.6 GB	104.9%	0.7%	2.7 GB	84.3 MB
102	64/40d9ab	BGC_ANALYSIS:ANTISMASH_ANALYSIS:ANTISMASH (Erwinia_amylovora_Ea3a-H1-II)	COMPLETED	0	2026-08-30 18:49:20.423	2026-08-30 18:49:20.519	2026-08-30 18:49:56.661	34.3s	2	6 GB	460.3 MB	7.6 GB	102.1%	0.7%	1.5 GB	55.9 MB
99	06/1ed544	BGC_ANALYSIS:ANTISMASH_ANALYSIS:ANTISMASH (Erwinia_amylovora_Ea315-1)	COMPLETED	0	2026-08-30 18:49:26.071	2026-08-30 18:49:26.167	2026-08-30 18:50:04.530	36.5s	2	6 GB	461.2 MB	7.7 GB	104.5%	0.7%	1.7 GB	59.9 MB
105	c5/ae471a	BGC_ANALYSIS:ANTISMASH_ANALYSIS:ANTISMASH (Erwinia_amylovora_Ea433)	COMPLETED	0	2026-08-30 18:49:34.489	2026-08-30 18:49:34.585	2026-08-30 18:50:12.958	36.6s	2	6 GB	473.4 MB	7.7 GB	104.7%	0.7%	1.7 GB	59.9 MB
116	a9/9612a8	BGC_ANALYSIS:ANTISMASH_ANALYSIS:ANTISMASH (Erwinia_amylovora_Ea92-1-1)	COMPLETED	0	2026-08-30 18:49:35.604	2026-08-30 18:49:35.699	2026-08-30 18:50:13.445	35.9s	2	6 GB	459.2 MB	7.7 GB	104.5%	0.7%	1.7 GB	58.9 MB
103	c6/cf45eb	BGC_ANALYSIS:ANTISMASH_ANALYSIS:ANTISMASH (Erwinia_amylovora_Ea4-96)	COMPLETED	0	2026-08-30 18:49:24.460	2026-08-30 18:49:24.556	2026-08-30 18:50:17.041	50.7s	2	6 GB	473.6 MB	7.7 GB	104.8%	0.7%	2.5 GB	80.3 MB
106	52/aebeaa	BGC_ANALYSIS:ANTISMASH_ANALYSIS:ANTISMASH (Erwinia_amylovora_Ea435)	COMPLETED	0	2026-08-30 18:49:43.115	2026-08-30 18:49:43.209	2026-08-30 18:50:18.970	33.9s	2	6 GB	468.1 MB	7.7 GB	102.7%	0.7%	1.5 GB	55.9 MB
104	c0/9ec420	BGC_ANALYSIS:ANTISMASH_ANALYSIS:ANTISMASH (Erwinia_amylovora_Ea4-97)	COMPLETED	0	2026-08-30 18:49:29.121	2026-08-30 18:49:29.216	2026-08-30 18:50:19.558	48.5s	2	6 GB	486.9 MB	7.7 GB	104.8%	0.8%	2.5 GB	78 MB
109	82/22f8c6	BGC_ANALYSIS:ANTISMASH_ANALYSIS:ANTISMASH (Erwinia_amylovora_Ea5-97)	COMPLETED	0	2026-08-30 18:50:04.536	2026-08-30 18:50:04.631	2026-08-30 18:50:44.434	38s	2	6 GB	467.8 MB	7.7 GB	104.2%	0.7%	1.8 GB	61.8 MB
107	67/9be56c	BGC_ANALYSIS:ANTISMASH_ANALYSIS:ANTISMASH (Erwinia_amylovora_Ea440)	COMPLETED	0	2026-08-30 18:50:13.449	2026-08-30 18:50:13.545	2026-08-30 18:50:51.391	36.1s	2	6 GB	469.7 MB	7.7 GB	104.7%	0.7%	1.7 GB	59.8 MB
113	f4/559c14	BGC_ANALYSIS:ANTISMASH_ANALYSIS:ANTISMASH (Erwinia_amylovora_Ea650)	COMPLETED	0	2026-08-30 18:50:12.974	2026-08-30 18:50:13.058	2026-08-30 18:50:53.541	38.6s	2	6 GB	465.2 MB	7.7 GB	104.1%	0.7%	1.9 GB	63.8 MB
120	1e/dbf59e	BGC_ANALYSIS:ANTISMASH_ANALYSIS:ANTISMASH (Erwinia_amylovora_EaD-7)	COMPLETED	0	2026-08-30 18:50:17.045	2026-08-30 18:50:17.141	2026-08-30 18:50:54.242	35.3s	2	6 GB	481.8 MB	7.8 GB	103.4%	0.7%	1.6 GB	58.3 MB
123	e5/1dbafe	BGC_ANALYSIS:ANTISMASH_ANALYSIS:ANTISMASH (Erwinia_amylovora_EaLevo2)	COMPLETED	0	2026-08-30 18:50:19.562	2026-08-30 18:50:19.658	2026-08-30 18:51:02.261	40.8s	2	6 GB	476.2 MB	7.7 GB	103.8%	0.7%	1.9 GB	65.1 MB
114	a3/52166d	BGC_ANALYSIS:ANTISMASH_ANALYSIS:ANTISMASH (Erwinia_amylovora_Ea7-96)	COMPLETED	0	2026-08-30 18:50:18.974	2026-08-30 18:50:19.074	2026-08-30 18:51:06.593	45.7s	2	6 GB	468.1 MB	7.7 GB	105.8%	0.7%	2.2 GB	72.7 MB
110	ad/54bf6f	BGC_ANALYSIS:ANTISMASH_ANALYSIS:ANTISMASH (Erwinia_amylovora_Ea6-4)	COMPLETED	0	2026-08-30 18:50:44.438	2026-08-30 18:50:44.534	2026-08-30 18:51:22.540	36.2s	2	6 GB	483.1 MB	7.8 GB	104.0%	0.7%	1.7 GB	59.4 MB
118	f4/d0def1	BGC_ANALYSIS:ANTISMASH_ANALYSIS:ANTISMASH (Erwinia_amylovora_EaA-11)	COMPLETED	0	2026-08-30 18:49:56.666	2026-08-30 18:49:56.761	2026-08-30 18:51:28.510	1m 30s	2	6 GB	510.9 MB	7.7 GB	110.4%	0.8%	5 GB	140.9 MB
112	19/72c217	BGC_ANALYSIS:ANTISMASH_ANALYSIS:ANTISMASH (Erwinia_amylovora_Ea6-97)	COMPLETED	0	2026-08-30 18:50:51.395	2026-08-30 18:50:51.492	2026-08-30 18:51:30.451	37.1s	2	6 GB	480.1 MB	7.8 GB	105.1%	0.7%	1.8 GB	61.3 MB
126	6c/718e63	BGC_ANALYSIS:ANTISMASH_ANALYSIS:ANTISMASH (Erwinia_amylovora_IVIA2303)	COMPLETED	0	2026-08-30 18:50:53.546	2026-08-30 18:50:53.641	2026-08-30 18:51:34.428	39s	2	6 GB	476.1 MB	7.7 GB	104.6%	0.7%	1.9 GB	64.3 MB
108	47/026a6e	BGC_ANALYSIS:ANTISMASH_ANALYSIS:ANTISMASH (Erwinia_amylovora_Ea464)	COMPLETED	0	2026-08-30 18:50:54.246	2026-08-30 18:50:54.342	2026-08-30 18:51:36.850	40.7s	2	6 GB	480.2 MB	7.7 GB	105.0%	0.7%	2 GB	66.8 MB
115	75/2c6faf	BGC_ANALYSIS:ANTISMASH_ANALYSIS:ANTISMASH (Erwinia_amylovora_Ea8-96)	COMPLETED	0	2026-08-30 18:51:06.598	2026-08-30 18:51:06.693	2026-08-30 18:51:55.506	47s	2	6 GB	475.5 MB	7.7 GB	105.2%	0.7%	2.3 GB	76.4 MB
111	45/3976c0	BGC_ANALYSIS:ANTISMASH_ANALYSIS:ANTISMASH (Erwinia_amylovora_Ea6-96)	COMPLETED	0	2026-08-30 18:51:02.264	2026-08-30 18:51:02.360	2026-08-30 18:51:55.983	51.7s	2	6 GB	471.4 MB	7.7 GB	105.8%	0.7%	2.6 GB	82.7 MB
117	1b/5f359f	BGC_ANALYSIS:ANTISMASH_ANALYSIS:ANTISMASH (Erwinia_amylovora_Ea92-1-2)	COMPLETED	0	2026-08-30 18:51:22.545	2026-08-30 18:51:22.640	2026-08-30 18:51:59.116	34.7s	2	6 GB	475.4 MB	7.7 GB	103.2%	0.7%	1.6 GB	57.4 MB
135	d5/ec0b77	BGC_ANALYSIS:ANTISMASH_ANALYSIS:ANTISMASH (Pantoea_sp._LS15)	COMPLETED	0	2026-08-30 18:51:28.515	2026-08-30 18:51:28.610	2026-08-30 18:52:02.015	31.5s	2	6 GB	675.3 MB	7.7 GB	96.2%	1.2%	1.4 GB	71.3 MB
141	a1/b1897b	BGC_ANALYSIS:ANTISMASH_ANALYSIS:ANTISMASH (Buchnera_aphidicola_str._Ak_Acyrthosiphon_kondoi_Ak)	COMPLETED	0	2026-08-30 18:51:55.511	2026-08-30 18:51:55.606	2026-08-30 18:52:03.188	5.8s	2	6 GB	214.3 MB	2.7 GB	108.2%	0.3%	287.9 MB	8.8 MB
140	36/9cd5ae	BGC_ANALYSIS:ANTISMASH_ANALYSIS:ANTISMASH (Buchnera_aphidicola_str._APS_Acyrthosiphon_pisum_APS)	COMPLETED	0	2026-08-30 18:52:02.042	2026-08-30 18:52:02.115	2026-08-30 18:52:10.033	6.1s	2	6 GB	214.6 MB	2.7 GB	105.8%	0.3%	287.4 MB	8.8 MB
124	5b/459f45	BGC_ANALYSIS:ANTISMASH_ANALYSIS:ANTISMASH (Erwinia_amylovora_Fb-97b)	COMPLETED	0	2026-08-30 18:51:34.433	2026-08-30 18:51:34.528	2026-08-30 18:52:12.823	36.4s	2	6 GB	462.2 MB	7.8 GB	104.1%	0.7%	1.7 GB	59.8 MB
121	a2/2a46fe	BGC_ANALYSIS:ANTISMASH_ANALYSIS:ANTISMASH (Erwinia_amylovora_EaG5)	COMPLETED	0	2026-08-30 18:51:36.854	2026-08-30 18:51:36.950	2026-08-30 18:52:17.119	38.3s	2	6 GB	470.5 MB	7.7 GB	103.8%	0.7%	1.8 GB	63.1 MB
122	d8/3162b5	BGC_ANALYSIS:ANTISMASH_ANALYSIS:ANTISMASH (Erwinia_amylovora_EaIF)	COMPLETED	0	2026-08-30 18:51:30.455	2026-08-30 18:51:30.552	2026-08-30 18:52:17.668	45.3s	2	6 GB	471.4 MB	7.8 GB	104.6%	0.7%	2.3 GB	74 MB
143	63/7aaafa	BGC_ANALYSIS:ANTISMASH_ANALYSIS:ANTISMASH (Buchnera_aphidicola_str._F009_Myzus_persicae_F009)	COMPLETED	0	2026-08-30 18:52:17.671	2026-08-30 18:52:17.767	2026-08-30 18:52:25.253	5.6s	2	6 GB	210.2 MB	2.7 GB	108.7%	0.3%	270.1 MB	8.3 MB
138	1b/1feff2	BGC_ANALYSIS:ANTISMASH_ANALYSIS:ANTISMASH (Buchnera_aphidicola_Cinara_tujafilina_BCtu)	COMPLETED	0	2026-08-30 18:52:25.258	2026-08-30 18:52:25.353	2026-08-30 18:52:31.583	4.3s	2	6 GB	198.1 MB	2.7 GB	115.8%	0.3%	214.1 MB	3.8 MB
119	8e/29b57b	BGC_ANALYSIS:ANTISMASH_ANALYSIS:ANTISMASH (Erwinia_amylovora_EaB-110)	COMPLETED	0	2026-08-30 18:51:55.987	2026-08-30 18:51:56.083	2026-08-30 18:52:33.456	35.6s	2	6 GB	465.4 MB	7.7 GB	102.3%	0.7%	1.7 GB	58.9 MB
128	0a/8895df	BGC_ANALYSIS:ANTISMASH_ANALYSIS:ANTISMASH (Erwinia_amylovora_O-RG-21)	COMPLETED	0	2026-08-30 18:52:03.193	2026-08-30 18:52:03.288	2026-08-30 18:52:38.711	33.5s	2	6 GB	472.3 MB	7.7 GB	103.3%	0.7%	1.5 GB	55.9 MB
142	bb/a36885	BGC_ANALYSIS:ANTISMASH_ANALYSIS:ANTISMASH (Buchnera_aphidicola_str._Bp_Baizongia_pistaciae)	COMPLETED	0	2026-08-30 18:52:31.589	2026-08-30 18:52:31.684	2026-08-30 18:52:38.745	5.3s	2	6 GB	211 MB	2.7 GB	108.9%	0.3%	258.8 MB	8.1 MB
125	63/d506db	BGC_ANALYSIS:ANTISMASH_ANALYSIS:ANTISMASH (Erwinia_amylovora_IH-3-1)	COMPLETED	0	2026-08-30 18:51:59.121	2026-08-30 18:51:59.216	2026-08-30 18:52:44.135	43.1s	2	6 GB	472.1 MB	7.7 GB	103.3%	0.7%	2.2 GB	71.4 MB
153	1b/3746ec	BGC_ANALYSIS:ANTISMASH_ANALYSIS:ANTISMASH (Buchnera_aphidicola_str._Ua_Uroleucon_ambrosiae_Ua)	COMPLETED	0	2026-08-30 18:52:38.750	2026-08-30 18:52:38.846	2026-08-30 18:52:46.312	5.7s	2	6 GB	213.9 MB	2.7 GB	105.2%	0.3%	284.3 MB	8.5 MB
133	4f/6fe17e	BGC_ANALYSIS:ANTISMASH_ANALYSIS:ANTISMASH (Pantoea_sp._EKM20T)	COMPLETED	0	2026-08-30 18:52:12.827	2026-08-30 18:52:12.923	2026-08-30 18:52:46.339	31.7s	2	6 GB	710.4 MB	7.8 GB	94.3%	1.3%	1.4 GB	72.5 MB
127	a1/18b1d2	BGC_ANALYSIS:ANTISMASH_ANALYSIS:ANTISMASH (Erwinia_amylovora_LA472)	COMPLETED	0	2026-08-30 18:52:10.038	2026-08-30 18:52:10.133	2026-08-30 18:52:47.466	35.5s	2	6 GB	477.6 MB	7.8 GB	103.1%	0.7%	1.7 GB	59.3 MB
130	a5/8245ba	BGC_ANALYSIS:ANTISMASH_ANALYSIS:ANTISMASH (Erwinia_rhapontici_H1)	COMPLETED	0	2026-08-30 18:52:17.124	2026-08-30 18:52:17.220	2026-08-30 18:52:48.284	29.3s	2	6 GB	790.9 MB	7.8 GB	96.0%	1.3%	1.2 GB	69.7 MB
149	99/49fe67	BGC_ANALYSIS:ANTISMASH_ANALYSIS:ANTISMASH (Buchnera_aphidicola_str._Sg_Schizaphis_graminum_Sg_ex_Schizaphis_graminum)	COMPLETED	0	2026-08-30 18:52:44.139	2026-08-30 18:52:44.235	2026-08-30 18:52:51.044	4.9s	2	6 GB	204.7 MB	2.7 GB	104.0%	0.3%	239.9 MB	5.1 MB
137	ef/80c12a	BGC_ANALYSIS:ANTISMASH_ANALYSIS:ANTISMASH (Buchnera_aphidicola_BCc)	COMPLETED	0	2026-08-30 18:52:46.316	2026-08-30 18:52:46.339	2026-08-30 18:52:52.737	4.6s	2	6 GB	201.9 MB	2.7 GB	109.2%	0.3%	237.5 MB	6.1 MB
147	1e/ad8135	BGC_ANALYSIS:ANTISMASH_ANALYSIS:ANTISMASH (Buchnera_aphidicola_str._LL01_Acyrthosiphon_pisum_LL01)	COMPLETED	0	2026-08-30 18:52:48.288	2026-08-30 18:52:48.384	2026-08-30 18:52:55.077	4.9s	2	6 GB	208.1 MB	2.7 GB	106.5%	0.3%	238.8 MB	5.2 MB
144	b6/158fd4	BGC_ANALYSIS:ANTISMASH_ANALYSIS:ANTISMASH (Buchnera_aphidicola_str._G002_Myzus_persicae_G002)	COMPLETED	0	2026-08-30 18:52:51.048	2026-08-30 18:52:51.144	2026-08-30 18:52:58.676	5.7s	2	6 GB	209.7 MB	2.7 GB	105.0%	0.3%	269.9 MB	8.3 MB
139	9b/797abb	BGC_ANALYSIS:ANTISMASH_ANALYSIS:ANTISMASH (Buchnera_aphidicola_str._5A_Acyrthosiphon_pisum_5A)	COMPLETED	0	2026-08-30 18:52:52.741	2026-08-30 18:52:52.838	2026-08-30 18:52:59.744	4.9s	2	6 GB	208.6 MB	2.7 GB	107.1%	0.3%	242.8 MB	5.2 MB
148	04/49bb02	BGC_ANALYSIS:ANTISMASH_ANALYSIS:ANTISMASH (Buchnera_aphidicola_str._LSR1_Acyrthosiphon_pisum)	COMPLETED	0	2026-08-30 18:52:55.081	2026-08-30 18:52:55.176	2026-08-30 18:53:02.029	5.1s	2	6 GB	203.6 MB	2.7 GB	106.1%	0.3%	243.2 MB	5.3 MB
152	ff/898839	BGC_ANALYSIS:ANTISMASH_ANALYSIS:ANTISMASH (Buchnera_aphidicola_str._USDA_Myzus_persicae_USDA)	COMPLETED	0	2026-08-30 18:52:58.680	2026-08-30 18:52:58.776	2026-08-30 18:53:05.943	5.4s	2	6 GB	211.2 MB	2.7 GB	107.8%	0.3%	270.2 MB	8.3 MB
146	4e/d94873	BGC_ANALYSIS:ANTISMASH_ANALYSIS:ANTISMASH (Buchnera_aphidicola_str._JF99_Acyrthosiphon_pisum_JF99)	COMPLETED	0	2026-08-30 18:52:59.748	2026-08-30 18:52:59.844	2026-08-30 18:53:06.551	5s	2	6 GB	208.9 MB	2.7 GB	107.1%	0.3%	242.2 MB	5.2 MB
150	e5/011ef9	BGC_ANALYSIS:ANTISMASH_ANALYSIS:ANTISMASH (Buchnera_aphidicola_str._TLW03_Acyrthosiphon_pisum_TLW03)	COMPLETED	0	2026-08-30 18:53:02.033	2026-08-30 18:53:02.129	2026-08-30 18:53:08.812	4.9s	2	6 GB	208.8 MB	2.7 GB	106.2%	0.3%	238.3 MB	5.2 MB
136	9d/e0d75b	BGC_ANALYSIS:ANTISMASH_ANALYSIS:ANTISMASH (Pantoea_sp._LS15_2)	COMPLETED	0	2026-08-30 18:52:38.714	2026-08-30 18:52:38.746	2026-08-30 18:53:11.586	30.9s	2	6 GB	674.7 MB	7.7 GB	93.4%	1.2%	1.4 GB	71.4 MB
145	2f/33fc24	BGC_ANALYSIS:ANTISMASH_ANALYSIS:ANTISMASH (Buchnera_aphidicola_str._JF98_Acyrthosiphon_pisum_JF98)	COMPLETED	0	2026-08-30 18:53:05.947	2026-08-30 18:53:06.043	2026-08-30 18:53:12.372	4.5s	2	6 GB	199 MB	2.7 GB	109.7%	0.3%	218 MB	4.8 MB
129	27/232495	BGC_ANALYSIS:ANTISMASH_ANALYSIS:ANTISMASH (Erwinia_amylovora_P-C-3b)	COMPLETED	0	2026-08-30 18:52:33.462	2026-08-30 18:52:33.558	2026-08-30 18:53:13.683	38.3s	2	6 GB	487.8 MB	7.7 GB	101.2%	0.8%	1.9 GB	63.8 MB
154	51/92348d	BGC_ANALYSIS:ANTISMASH_ANALYSIS:ANTISMASH (Buchnera_aphidicola_str._W106_Myzus_persicae_W106)	COMPLETED	0	2026-08-30 18:53:08.816	2026-08-30 18:53:08.912	2026-08-30 18:53:15.963	5.4s	2	6 GB	211.2 MB	2.7 GB	104.6%	0.3%	270 MB	8.3 MB
132	8f/89eeca	BGC_ANALYSIS:ANTISMASH_ANALYSIS:ANTISMASH (Pantoea_sp._EKM10T)	COMPLETED	0	2026-08-30 18:52:47.470	2026-08-30 18:52:47.566	2026-08-30 18:53:16.044	26.8s	2	6 GB	669 MB	7.7 GB	93.7%	1.2%	1.2 GB	64.5 MB
134	5e/cc1ede	BGC_ANALYSIS:ANTISMASH_ANALYSIS:ANTISMASH (Pantoea_sp._EKM22T)	COMPLETED	0	2026-08-30 18:52:46.343	2026-08-30 18:52:46.439	2026-08-30 18:53:17.691	29.6s	2	6 GB	721.6 MB	7.8 GB	93.3%	1.3%	1.3 GB	69.4 MB
155	49/8fa137	BGC_ANALYSIS:ANTISMASH_ANALYSIS:ANTISMASH (Candidatus_Pantoea_carbekii_GCA_000478905.1)	COMPLETED	0	2026-08-30 18:53:12.376	2026-08-30 18:53:12.472	2026-08-30 18:53:20.065	5.8s	2	6 GB	214 MB	2.7 GB	102.5%	0.3%	277.5 MB	7.7 MB
151	64/29890a	BGC_ANALYSIS:ANTISMASH_ANALYSIS:ANTISMASH (Buchnera_aphidicola_str._Tuc7_Acyrthosiphon_pisum_Tuc7)	COMPLETED	0	2026-08-30 18:53:13.687	2026-08-30 18:53:13.783	2026-08-30 18:53:20.425	4.9s	2	6 GB	209.2 MB	2.7 GB	104.8%	0.3%	242.8 MB	5.2 MB
156	c0/06f168	BGC_ANALYSIS:ANTISMASH_ANALYSIS:ANTISMASH (Erwinia_amylovora_01SFR-BO)	COMPLETED	0	2026-08-30 18:53:16.048	2026-08-30 18:53:16.144	2026-08-30 18:53:37.978	20.1s	2	6 GB	502.7 MB	7.2 GB	102.4%	0.9%	879 MB	47.9 MB
161	7b/27ff52	BGC_ANALYSIS:ANTISMASH_ANALYSIS:ANTISMASH (Erwinia_amylovora_Ea266)	COMPLETED	0	2026-08-30 18:53:06.555	2026-08-30 18:53:06.651	2026-08-30 18:53:38.053	29.6s	2	6 GB	595.4 MB	7.7 GB	95.3%	1.0%	1.4 GB	60.4 MB
157	e0/3eaff2	BGC_ANALYSIS:ANTISMASH_ANALYSIS:ANTISMASH (Erwinia_amylovora_ACW56400)	COMPLETED	0	2026-08-30 18:53:15.967	2026-08-30 18:53:16.044	2026-08-30 18:53:40.766	23s	2	6 GB	563.7 MB	7.3 GB	97.7%	1.0%	1011.2 MB	51.6 MB
158	ac/a6e70c	BGC_ANALYSIS:ANTISMASH_ANALYSIS:ANTISMASH (Erwinia_amylovora_ATCC_49946)	COMPLETED	0	2026-08-30 18:53:17.695	2026-08-30 18:53:17.791	2026-08-30 18:53:42.078	22.5s	2	6 GB	910.7 MB	7.9 GB	119.1%	1.5%	718.9 MB	57 MB
165	2f/6864c7	BGC_ANALYSIS:ANTISMASH_ANALYSIS:ANTISMASH (Erwinia_amylovora_LA636)	COMPLETED	0	2026-08-30 18:53:20.069	2026-08-30 18:53:20.165	2026-08-30 18:53:42.682	20.7s	2	6 GB	672.5 MB	7.7 GB	109.0%	1.1%	811.9 MB	45.3 MB
160	c8/fd7fb2	BGC_ANALYSIS:ANTISMASH_ANALYSIS:ANTISMASH (Erwinia_amylovora_CFBP_2585)	COMPLETED	0	2026-08-30 18:53:20.428	2026-08-30 18:53:20.525	2026-08-30 18:53:43.425	21.1s	2	6 GB	648.6 MB	7.7 GB	104.8%	1.1%	923.9 MB	49.2 MB
131	3e/4a947b	BGC_ANALYSIS:ANTISMASH_ANALYSIS:ANTISMASH (Pantoea_agglomerans_KM1)	COMPLETED	0	2026-08-30 18:53:11.591	2026-08-30 18:53:11.686	2026-08-30 18:53:43.848	30.4s	2	6 GB	670.5 MB	7.7 GB	95.7%	1.2%	1.4 GB	71.5 MB
159	e1/5b7573	BGC_ANALYSIS:ANTISMASH_ANALYSIS:ANTISMASH (Erwinia_amylovora_CFBP1430_CFPB1430)	COMPLETED	0	2026-08-30 18:53:37.982	2026-08-30 18:53:38.053	2026-08-30 18:53:57.327	17.5s	2	6 GB	776.7 MB	7.8 GB	131.0%	1.3%	681.7 MB	48.1 MB
175	de/3f3c8a	BGC_ANALYSIS:ANTISMASH_ANALYSIS:ANTISMASH (Erwinia_pyrifoliae_Ep1_96)	COMPLETED	0	2026-08-30 18:53:38.056	2026-08-30 18:53:38.153	2026-08-30 18:53:57.654	17.7s	2	6 GB	758.4 MB	7.8 GB	127.8%	1.3%	764.4 MB	47.5 MB
177	ad/3e0b5b	BGC_ANALYSIS:ANTISMASH_ANALYSIS:ANTISMASH (Erwinia_tasmaniensis_Et1_99)	COMPLETED	0	2026-08-30 18:53:42.693	2026-08-30 18:53:42.782	2026-08-30 18:54:02.628	18.2s	2	6 GB	783.5 MB	7.8 GB	125.0%	1.3%	790.9 MB	49.4 MB
171	31/aa1385	BGC_ANALYSIS:ANTISMASH_ANALYSIS:ANTISMASH (Erwinia_billingiae_Eb661)	COMPLETED	0	2026-08-30 18:53:43.428	2026-08-30 18:53:43.525	2026-08-30 18:54:04.995	19.8s	2	6 GB	863.5 MB	7.9 GB	135.3%	1.4%	900.6 MB	59.3 MB
164	30/786428	BGC_ANALYSIS:ANTISMASH_ANALYSIS:ANTISMASH (Erwinia_amylovora_LA635)	COMPLETED	0	2026-08-30 18:53:43.851	2026-08-30 18:53:43.948	2026-08-30 18:54:06.708	21s	2	6 GB	662.6 MB	7.7 GB	105.0%	1.1%	811.9 MB	45.3 MB
168	0f/2b4ccb	BGC_ANALYSIS:ANTISMASH_ANALYSIS:ANTISMASH (Erwinia_amylovora_NBRC_12687___CFBP_1232_NBRC_12687)	COMPLETED	0	2026-08-30 18:53:40.769	2026-08-30 18:53:40.866	2026-08-30 18:54:12.401	29.9s	2	6 GB	600.8 MB	7.7 GB	92.9%	1.0%	1.3 GB	57.3 MB
163	00/8ae944	BGC_ANALYSIS:ANTISMASH_ANALYSIS:ANTISMASH (Erwinia_amylovora_Ea644)	COMPLETED	0	2026-08-30 18:53:42.082	2026-08-30 18:53:42.178	2026-08-30 18:54:14.531	30.7s	2	6 GB	498.6 MB	7.2 GB	95.9%	0.8%	1.3 GB	59 MB
181	e3/9e68bb	BGC_ANALYSIS:ANTISMASH_ANALYSIS:ANTISMASH (Pantoea_agglomerans_4)	COMPLETED	0	2026-08-30 18:53:57.658	2026-08-30 18:53:57.754	2026-08-30 18:54:18.963	19.3s	2	6 GB	767.8 MB	7.8 GB	128.8%	1.2%	847.6 MB	57.2 MB
166	7d/684c18	BGC_ANALYSIS:ANTISMASH_ANALYSIS:ANTISMASH (Erwinia_amylovora_LA637)	COMPLETED	0	2026-08-30 18:53:57.330	2026-08-30 18:53:57.428	2026-08-30 18:54:19.989	20.7s	2	6 GB	684.4 MB	7.7 GB	104.0%	1.1%	842.9 MB	46.7 MB
162	7b/9b01cc	BGC_ANALYSIS:ANTISMASH_ANALYSIS:ANTISMASH (Erwinia_amylovora_Ea356_Ea_356)	COMPLETED	0	2026-08-30 18:54:06.713	2026-08-30 18:54:06.809	2026-08-30 18:54:30.719	22.1s	2	6 GB	616.2 MB	7.7 GB	98.2%	1.0%	920.6 MB	49 MB
167	1c/e2e2d8	BGC_ANALYSIS:ANTISMASH_ANALYSIS:ANTISMASH (Erwinia_amylovora_MR1)	COMPLETED	0	2026-08-30 18:54:02.632	2026-08-30 18:54:02.728	2026-08-30 18:54:33.776	29.3s	2	6 GB	486.5 MB	7.2 GB	95.0%	0.8%	1.2 GB	58.4 MB
174	aa/98916a	BGC_ANALYSIS:ANTISMASH_ANALYSIS:ANTISMASH (Erwinia_pyrifoliae_DSM_12163)	COMPLETED	0	2026-08-30 18:54:19.994	2026-08-30 18:54:20.090	2026-08-30 18:54:40.698	18.8s	2	6 GB	829.3 MB	7.9 GB	127.1%	1.3%	776.5 MB	52.3 MB
169	7d/237995	BGC_ANALYSIS:ANTISMASH_ANALYSIS:ANTISMASH (Erwinia_amylovora_NBRC_12687___CFBP_1232_type_strain:_CFBP_1232)	COMPLETED	0	2026-08-30 18:54:14.537	2026-08-30 18:54:14.631	2026-08-30 18:54:49.090	32.7s	2	6 GB	596.1 MB	7.7 GB	95.3%	1.0%	1.4 GB	61 MB
180	67/6eac5a	BGC_ANALYSIS:ANTISMASH_ANALYSIS:ANTISMASH (Pantoea_agglomerans_190)	COMPLETED	0	2026-08-30 18:54:33.781	2026-08-30 18:54:33.876	2026-08-30 18:54:58.847	22.9s	2	6 GB	752.7 MB	7.8 GB	120.2%	1.3%	881.2 MB	55.3 MB
170	18/aa9263	BGC_ANALYSIS:ANTISMASH_ANALYSIS:ANTISMASH (Erwinia_amylovora_UPN527)	COMPLETED	0	2026-08-30 18:54:40.703	2026-08-30 18:54:40.798	2026-08-30 18:55:06.268	23.4s	2	6 GB	630.9 MB	7.7 GB	102.0%	1.0%	855.5 MB	47.1 MB
179	ff/e81059	BGC_ANALYSIS:ANTISMASH_ANALYSIS:ANTISMASH (Erwinia_typographi_M043b)	COMPLETED	0	2026-08-30 18:54:04.999	2026-08-30 18:54:05.096	2026-08-30 18:55:09.960	1m 3s	2	6 GB	745.7 MB	7.8 GB	97.0%	1.3%	3.1 GB	120.4 MB
176	d5/f41ebe	BGC_ANALYSIS:ANTISMASH_ANALYSIS:ANTISMASH (Erwinia_sp._9145)	COMPLETED	0	2026-08-30 18:54:12.405	2026-08-30 18:54:12.501	2026-08-30 18:55:28.345	1m 14s	2	6 GB	4.7 GB	7.5 GB	127.1%	6.1%	19.8 GB	31.1 MB
173	08/3444cf	BGC_ANALYSIS:ANTISMASH_ANALYSIS:ANTISMASH (Erwinia_oleae_DAPP-PG531)	COMPLETED	0	2026-08-30 18:54:18.968	2026-08-30 18:54:19.063	2026-08-30 18:55:42.806	1m 22s	2	6 GB	483.4 MB	7.6 GB	105.9%	0.7%	3.9 GB	119.6 MB
195	ec/279c0c	BGC_ANALYSIS:ANTISMASH_ANALYSIS:ANTISMASH (Pantoea_ananatis_BRT175)	COMPLETED	0	2026-08-30 18:55:09.966	2026-08-30 18:55:10.060	2026-08-30 18:55:44.277	32.2s	2	6 GB	658.9 MB	7.7 GB	96.6%	1.1%	1.4 GB	71.6 MB
172	42/323b27	BGC_ANALYSIS:ANTISMASH_ANALYSIS:ANTISMASH (Erwinia_mallotivora_BT-MARDI)	COMPLETED	0	2026-08-30 18:54:58.851	2026-08-30 18:54:58.947	2026-08-30 18:55:45.222	44.1s	2	6 GB	655.7 MB	7.7 GB	97.6%	1.0%	2 GB	85.2 MB
182	34/e4d26a	BGC_ANALYSIS:ANTISMASH_ANALYSIS:ANTISMASH (Pantoea_agglomerans_DAPP-PG734)	COMPLETED	0	2026-08-30 18:54:30.724	2026-08-30 18:54:30.819	2026-08-30 18:55:55.522	1m 23s	2	6 GB	538.3 MB	7.7 GB	106.7%	0.8%	4 GB	124.7 MB
178	97/b654b7	BGC_ANALYSIS:ANTISMASH_ANALYSIS:ANTISMASH (Erwinia_tracheiphila_PSU-1)	COMPLETED	0	2026-08-30 18:55:28.349	2026-08-30 18:55:28.444	2026-08-30 18:55:57.552	27.3s	2	6 GB	692.8 MB	7.7 GB	102.2%	1.2%	1.2 GB	61.4 MB
192	53/0e1374	BGC_ANALYSIS:ANTISMASH_ANALYSIS:ANTISMASH (Pantoea_ananatis_B1-9)	COMPLETED	0	2026-08-30 18:54:49.094	2026-08-30 18:54:49.190	2026-08-30 18:56:04.587	1m 13s	2	6 GB	4.6 GB	7.8 GB	111.0%	5.5%	10.8 GB	68.3 MB
189	3e/7a5916	BGC_ANALYSIS:ANTISMASH_ANALYSIS:ANTISMASH (Pantoea_agglomerans_Sl1_M5)	COMPLETED	0	2026-08-30 18:55:44.281	2026-08-30 18:55:44.377	2026-08-30 18:56:22.473	36.3s	2	6 GB	509.6 MB	7.7 GB	103.6%	0.8%	1.5 GB	60.9 MB
193	08/00e564	BGC_ANALYSIS:ANTISMASH_ANALYSIS:ANTISMASH (Pantoea_ananatis_B1-9_2)	COMPLETED	0	2026-08-30 18:55:06.273	2026-08-30 18:55:06.369	2026-08-30 18:56:28.064	1m 19s	2	6 GB	4.7 GB	7.7 GB	110.4%	7.8%	11.3 GB	79.5 MB
188	27/9cca10	BGC_ANALYSIS:ANTISMASH_ANALYSIS:ANTISMASH (Pantoea_agglomerans_RIT273)	COMPLETED	0	2026-08-30 18:55:55.525	2026-08-30 18:55:55.622	2026-08-30 18:56:28.388	30.7s	2	6 GB	722.4 MB	7.8 GB	96.3%	1.3%	1.2 GB	68.8 MB
191	91/bbe065	BGC_ANALYSIS:ANTISMASH_ANALYSIS:ANTISMASH (Pantoea_ananatis_AJ13355)	COMPLETED	0	2026-08-30 18:55:45.225	2026-08-30 18:55:45.322	2026-08-30 18:56:37.446	50.4s	2	6 GB	4.7 GB	7.8 GB	119.7%	7.2%	7.9 GB	55 MB
198	53/f3aaa8	BGC_ANALYSIS:ANTISMASH_ANALYSIS:ANTISMASH (Pantoea_ananatis_LMG_2665)	COMPLETED	0	2026-08-30 18:55:42.811	2026-08-30 18:55:42.906	2026-08-30 18:56:50.232	1m 6s	2	6 GB	4.6 GB	7.8 GB	110.9%	6.0%	10.4 GB	57 MB
194	e8/0f3ee7	BGC_ANALYSIS:ANTISMASH_ANALYSIS:ANTISMASH (Pantoea_ananatis_BD442)	COMPLETED	0	2026-08-30 18:55:57.559	2026-08-30 18:55:57.652	2026-08-30 18:56:50.796	51s	2	6 GB	4.7 GB	7.8 GB	116.8%	5.6%	10.2 GB	47.6 MB
186	53/406912	BGC_ANALYSIS:ANTISMASH_ANALYSIS:ANTISMASH (Pantoea_agglomerans_LMAE-2)	COMPLETED	0	2026-08-30 18:56:04.591	2026-08-30 18:56:04.687	2026-08-30 18:56:55.025	48.5s	2	6 GB	700.8 MB	7.8 GB	95.8%	1.3%	2.3 GB	94.9 MB
184	5b/6794a0	BGC_ANALYSIS:ANTISMASH_ANALYSIS:ANTISMASH (Pantoea_agglomerans_GB1)	COMPLETED	0	2026-08-30 18:56:28.069	2026-08-30 18:56:28.165	2026-08-30 18:56:59.614	29.5s	2	6 GB	648.3 MB	7.7 GB	95.9%	1.0%	1.2 GB	66.8 MB
183	a3/4b1582	BGC_ANALYSIS:ANTISMASH_ANALYSIS:ANTISMASH (Pantoea_agglomerans_Eh318)	COMPLETED	0	2026-08-30 18:56:28.392	2026-08-30 18:56:28.488	2026-08-30 18:57:01.069	30.6s	2	6 GB	707.8 MB	7.8 GB	96.6%	1.3%	1.3 GB	70.3 MB
185	c4/d4a795	BGC_ANALYSIS:ANTISMASH_ANALYSIS:ANTISMASH (Pantoea_agglomerans_IG1)	COMPLETED	0	2026-08-30 18:56:37.450	2026-08-30 18:56:37.546	2026-08-30 18:57:08.060	28.4s	2	6 GB	508.1 MB	7.7 GB	98.3%	0.8%	1.1 GB	50.7 MB
201	da/4115ad	BGC_ANALYSIS:ANTISMASH_ANALYSIS:ANTISMASH (Pantoea_ananatis_PA13)	COMPLETED	0	2026-08-30 18:56:22.480	2026-08-30 18:56:22.573	2026-08-30 18:57:12.840	48s	2	6 GB	4.7 GB	7.8 GB	128.4%	6.2%	14.3 GB	52.2 MB
187	f3/61410f	BGC_ANALYSIS:ANTISMASH_ANALYSIS:ANTISMASH (Pantoea_agglomerans_MP2)	COMPLETED	0	2026-08-30 18:56:50.236	2026-08-30 18:56:50.332	2026-08-30 18:57:17.517	25.4s	2	6 GB	671.8 MB	7.7 GB	95.7%	1.1%	1 GB	61.8 MB
210	15/d68807	BGC_ANALYSIS:ANTISMASH_ANALYSIS:ANTISMASH (Pantoea_sp._9140)	COMPLETED	0	2026-08-30 18:56:59.618	2026-08-30 18:56:59.714	2026-08-30 18:57:23.149	21.7s	2	6 GB	624.5 MB	7.8 GB	126.0%	1.0%	809.4 MB	43.6 MB
190	cc/832f95	BGC_ANALYSIS:ANTISMASH_ANALYSIS:ANTISMASH (Pantoea_agglomerans_Tx10)	COMPLETED	0	2026-08-30 18:56:55.028	2026-08-30 18:56:55.125	2026-08-30 18:57:24.658	27.5s	2	6 GB	675 MB	7.8 GB	96.6%	1.2%	1.1 GB	64.5 MB
202	a0/d08488	BGC_ANALYSIS:ANTISMASH_ANALYSIS:ANTISMASH (Pantoea_ananatis_PA4)	COMPLETED	0	2026-08-30 18:57:12.844	2026-08-30 18:57:12.941	2026-08-30 18:57:41.041	26.2s	2	6 GB	549.6 MB	7.9 GB	115.5%	0.7%	1.1 GB	53.2 MB
216	30/238392	BGC_ANALYSIS:ANTISMASH_ANALYSIS:ANTISMASH (Pantoea_sp._IMH)	COMPLETED	0	2026-08-30 18:57:24.662	2026-08-30 18:57:24.759	2026-08-30 18:57:47.433	20.5s	2	6 GB	502.5 MB	7.7 GB	110.0%	0.7%	812.5 MB	39.3 MB
197	c3/41f025	BGC_ANALYSIS:ANTISMASH_ANALYSIS:ANTISMASH (Pantoea_ananatis_LMG_20103)	COMPLETED	0	2026-08-30 18:57:08.064	2026-08-30 18:57:08.159	2026-08-30 18:57:51.834	41.8s	2	6 GB	4.7 GB	7.4 GB	129.7%	5.7%	9.4 GB	34.5 MB
211	4a/0a7d00	BGC_ANALYSIS:ANTISMASH_ANALYSIS:ANTISMASH (Pantoea_sp._A4)	COMPLETED	0	2026-08-30 18:57:01.073	2026-08-30 18:57:01.170	2026-08-30 18:57:53.420	50.3s	2	6 GB	497.1 MB	7.8 GB	101.5%	0.7%	2.2 GB	79.8 MB
204	5f/c9593f	BGC_ANALYSIS:ANTISMASH_ANALYSIS:ANTISMASH (Pantoea_ananatis_Sd-1)	COMPLETED	0	2026-08-30 18:57:41.046	2026-08-30 18:57:41.141	2026-08-30 18:58:25.942	42.8s	2	6 GB	513.1 MB	7.8 GB	107.0%	0.8%	2 GB	73 MB
221	81/8445ac	BGC_ANALYSIS:ANTISMASH_ANALYSIS:ANTISMASH (Pantoea_sp._aB)	COMPLETED	0	2026-08-30 18:57:53.423	2026-08-30 18:57:53.520	2026-08-30 18:58:25.993	30.4s	2	6 GB	730.4 MB	7.8 GB	97.4%	1.3%	1.3 GB	70.9 MB
196	ee/321d8c	BGC_ANALYSIS:ANTISMASH_ANALYSIS:ANTISMASH (Pantoea_ananatis_DAR_76143_DAR76143)	COMPLETED	0	2026-08-30 18:56:50.800	2026-08-30 18:56:50.896	2026-08-30 18:58:34.833	1m 42s	2	6 GB	4.7 GB	7.7 GB	112.1%	5.5%	16.4 GB	107.2 MB
199	ff/9b4005	BGC_ANALYSIS:ANTISMASH_ANALYSIS:ANTISMASH (Pantoea_ananatis_LMG_2665_2)	COMPLETED	0	2026-08-30 18:57:47.439	2026-08-30 18:57:47.534	2026-08-30 18:58:46.317	57s	2	6 GB	4.7 GB	7.9 GB	115.3%	7.2%	10.2 GB	52 MB
200	e9/9125d1	BGC_ANALYSIS:ANTISMASH_ANALYSIS:ANTISMASH (Pantoea_ananatis_LMG_5342)	COMPLETED	0	2026-08-30 18:57:51.839	2026-08-30 18:57:51.934	2026-08-30 18:58:49.103	55.3s	2	6 GB	4.7 GB	7.9 GB	129.1%	4.7%	16.4 GB	59.6 MB
209	28/09df0c	BGC_ANALYSIS:ANTISMASH_ANALYSIS:ANTISMASH (Pantoea_sp._3.5.1)	COMPLETED	0	2026-08-30 18:58:25.947	2026-08-30 18:58:25.994	2026-08-30 18:58:51.889	23.6s	2	6 GB	579.9 MB	7.3 GB	107.0%	1.0%	1 GB	65.5 MB
203	78/4c17b5	BGC_ANALYSIS:ANTISMASH_ANALYSIS:ANTISMASH (Pantoea_ananatis_PaMB1)	COMPLETED	0	2026-08-30 18:57:23.152	2026-08-30 18:57:23.249	2026-08-30 18:58:57.190	1m 32s	2	6 GB	4.7 GB	7.8 GB	106.0%	3.7%	12.1 GB	121.8 MB
205	36/d1699c	BGC_ANALYSIS:ANTISMASH_ANALYSIS:ANTISMASH (Pantoea_dispersa_EGD-AAK13_2)	COMPLETED	0	2026-08-30 18:58:25.998	2026-08-30 18:58:26.093	2026-08-30 18:59:01.833	33.5s	2	6 GB	668.4 MB	7.7 GB	94.2%	1.2%	1.5 GB	73.3 MB
207	c5/18f8a0	BGC_ANALYSIS:ANTISMASH_ANALYSIS:ANTISMASH (Pantoea_rwandensis_ND04)	COMPLETED	0	2026-08-30 18:58:46.321	2026-08-30 18:58:46.417	2026-08-30 18:59:02.674	14.4s	2	6 GB	630.7 MB	7.3 GB	137.2%	1.0%	695.4 MB	30.9 MB
229	b9/8c8b7c	BGC_ANALYSIS:ANTISMASH_ANALYSIS:ANTISMASH (Tatumella_morbirosei_LMG_23360)	COMPLETED	0	2026-08-30 18:58:51.893	2026-08-30 18:58:51.989	2026-08-30 18:59:13.886	19.9s	2	6 GB	664.8 MB	7.7 GB	107.5%	1.1%	792.2 MB	52.1 MB
208	0a/9af14a	BGC_ANALYSIS:ANTISMASH_ANALYSIS:ANTISMASH (Pantoea_septica_FF5)	COMPLETED	0	2026-08-30 18:58:49.108	2026-08-30 18:58:49.203	2026-08-30 18:59:23.058	32.1s	2	6 GB	474.8 MB	7.8 GB	100.8%	0.7%	1.4 GB	56.6 MB
213	9a/ebfe7f	BGC_ANALYSIS:ANTISMASH_ANALYSIS:ANTISMASH (Pantoea_sp._At-9b)	COMPLETED	0	2026-08-30 18:59:02.679	2026-08-30 18:59:02.774	2026-08-30 18:59:31.319	26.5s	2	6 GB	899.3 MB	7.9 GB	123.8%	1.5%	1.1 GB	78.1 MB
217	24/e9076e	BGC_ANALYSIS:ANTISMASH_ANALYSIS:ANTISMASH (Pantoea_sp._MBLJ3)	COMPLETED	0	2026-08-30 18:59:01.838	2026-08-30 18:59:01.933	2026-08-30 18:59:32.790	28.9s	2	6 GB	530.5 MB	7.8 GB	106.9%	0.9%	1.3 GB	54.5 MB
212	5a/230591	BGC_ANALYSIS:ANTISMASH_ANALYSIS:ANTISMASH (Pantoea_sp._AS-PWVM4)	COMPLETED	0	2026-08-30 18:58:57.195	2026-08-30 18:58:57.290	2026-08-30 18:59:33.961	34.7s	2	6 GB	662.9 MB	7.7 GB	93.4%	1.1%	1.6 GB	71.7 MB
220	80/aebd6e	BGC_ANALYSIS:ANTISMASH_ANALYSIS:ANTISMASH (Pantoea_sp._YR343)	COMPLETED	0	2026-08-30 18:59:23.063	2026-08-30 18:59:23.159	2026-08-30 18:59:46.131	21.2s	2	6 GB	825.4 MB	7.8 GB	127.8%	1.4%	925.1 MB	65.6 MB
219	01/ec194c	BGC_ANALYSIS:ANTISMASH_ANALYSIS:ANTISMASH (Pantoea_sp._Sc1)	COMPLETED	0	2026-08-30 18:59:32.796	2026-08-30 18:59:32.890	2026-08-30 18:59:53.491	18.7s	2	6 GB	742.4 MB	7.8 GB	124.7%	1.3%	796.8 MB	49.9 MB
234	83/cbb1d6	BGC_ANALYSIS:ANTISMASH_ANALYSIS:ANTISMASH (Wigglesworthia_glossinidia_endosymbiont_of_Glossina_brevipalpis_GCA_000008885.1)	COMPLETED	0	2026-08-30 18:59:46.136	2026-08-30 18:59:46.231	2026-08-30 18:59:53.660	5.6s	2	6 GB	215.2 MB	2.7 GB	109.6%	0.3%	251.5 MB	8.2 MB
206	84/169e22	BGC_ANALYSIS:ANTISMASH_ANALYSIS:ANTISMASH (Pantoea_rodasii_ND03)	COMPLETED	0	2026-08-30 18:58:34.837	2026-08-30 18:58:34.934	2026-08-30 18:59:59.308	1m 22s	2	6 GB	759.5 MB	7.8 GB	98.3%	1.3%	4.5 GB	155.1 MB
224	b1/3c320d	BGC_ANALYSIS:ANTISMASH_ANALYSIS:ANTISMASH (Pantoea_stewartii_subsp._indologenes_LMG_2632)	COMPLETED	0	2026-08-30 18:59:33.965	2026-08-30 18:59:34.061	2026-08-30 19:00:05.257	29.2s	2	6 GB	653.2 MB	7.7 GB	96.1%	1.0%	1.4 GB	69.1 MB
218	5d/88984c	BGC_ANALYSIS:ANTISMASH_ANALYSIS:ANTISMASH (Pantoea_sp._NGS-ED-1003)	COMPLETED	0	2026-08-30 18:59:31.324	2026-08-30 18:59:31.419	2026-08-30 19:00:10.765	37.5s	2	6 GB	502.5 MB	7.8 GB	103.9%	0.8%	1.7 GB	66 MB
215	64/380453	BGC_ANALYSIS:ANTISMASH_ANALYSIS:ANTISMASH (Pantoea_sp._GM01)	COMPLETED	0	2026-08-30 18:59:13.891	2026-08-30 18:59:13.986	2026-08-30 19:00:11.545	55.7s	2	6 GB	721.9 MB	7.8 GB	96.9%	1.3%	2.9 GB	111.3 MB
235	c4/c56b9d	BGC_ANALYSIS:ANTISMASH_ANALYSIS:ANTISMASH (Wigglesworthia_glossinidia_endosymbiont_of_Glossina_morsitans_morsitans_Yale_colony_WGM)	COMPLETED	0	2026-08-30 19:00:10.770	2026-08-30 19:00:10.865	2026-08-30 19:00:18.448	5.6s	2	6 GB	208.2 MB	2.7 GB	106.7%	0.3%	253.2 MB	6.2 MB
233	a1/5f7bb6	BGC_ANALYSIS:ANTISMASH_ANALYSIS:ANTISMASH (Tatumella_sp._UCD-D_suzukii)	COMPLETED	0	2026-08-30 18:59:53.665	2026-08-30 18:59:53.760	2026-08-30 19:00:21.595	26s	2	6 GB	466.3 MB	7.7 GB	102.2%	0.7%	1.2 GB	46.2 MB
228	65/270e3f	BGC_ANALYSIS:ANTISMASH_ANALYSIS:ANTISMASH (Phaseolibacter_flectens_ATCC_12775)	COMPLETED	0	2026-08-30 18:59:59.313	2026-08-30 18:59:59.409	2026-08-30 19:00:23.840	22.5s	2	6 GB	476.7 MB	7.7 GB	102.8%	0.7%	989.3 MB	36.5 MB
222	22/fa120a	BGC_ANALYSIS:ANTISMASH_ANALYSIS:ANTISMASH (Pantoea_stewartii_M009)	COMPLETED	0	2026-08-30 18:59:53.495	2026-08-30 18:59:53.591	2026-08-30 19:00:28.887	33.5s	2	6 GB	665.8 MB	7.7 GB	94.0%	1.2%	1.6 GB	75.6 MB
244	ee/c5148e	BGC_ANALYSIS:ANTISMASH_ANALYSIS:ANTISMASH (Candidatus_Pantoea_edessiphila_SoEO)	COMPLETED	0	2026-08-30 19:00:28.891	2026-08-30 19:00:28.987	2026-08-30 19:00:39.816	8.8s	2	6 GB	214.4 MB	2.7 GB	107.4%	0.3%	451.2 MB	14.6 MB
226	e9/16abc2	BGC_ANALYSIS:ANTISMASH_ANALYSIS:ANTISMASH (Pantoea_vagans_C9-1)	COMPLETED	0	2026-08-30 19:00:21.599	2026-08-30 19:00:21.695	2026-08-30 19:00:43.395	19.9s	2	6 GB	805.5 MB	7.8 GB	128.5%	1.3%	852.2 MB	55.7 MB
225	ad/6a304d	BGC_ANALYSIS:ANTISMASH_ANALYSIS:ANTISMASH (Pantoea_stewartii_subsp._stewartii_DC283)	COMPLETED	0	2026-08-30 19:00:05.262	2026-08-30 19:00:05.358	2026-08-30 19:00:46.263	39.1s	2	6 GB	664.9 MB	7.8 GB	98.7%	1.1%	2 GB	89.4 MB
240	81/7647be	BGC_ANALYSIS:ANTISMASH_ANALYSIS:ANTISMASH (Candidatus_Pantoea_astica_UBA6564)	COMPLETED	0	2026-08-30 19:00:11.551	2026-08-30 19:00:11.645	2026-08-30 19:00:46.900	33.3s	2	6 GB	465.4 MB	7.7 GB	101.6%	0.7%	1.5 GB	60 MB
227	99/09a34b	BGC_ANALYSIS:ANTISMASH_ANALYSIS:ANTISMASH (Pantoea_vagans_MP7)	COMPLETED	0	2026-08-30 19:00:39.821	2026-08-30 19:00:39.917	2026-08-30 19:01:03.274	21.5s	2	6 GB	668.6 MB	7.7 GB	102.8%	1.1%	891.8 MB	55.9 MB
230	09/fbbf62	BGC_ANALYSIS:ANTISMASH_ANALYSIS:ANTISMASH (Tatumella_ptyseos_ATCC_33301)	COMPLETED	0	2026-08-30 19:00:23.844	2026-08-30 19:00:23.940	2026-08-30 19:01:08.140	42.2s	2	6 GB	464.9 MB	7.6 GB	105.6%	0.7%	2.2 GB	71.6 MB
214	21/f0a6ef	BGC_ANALYSIS:ANTISMASH_ANALYSIS:ANTISMASH (Pantoea_sp._B40)	COMPLETED	0	2026-08-30 18:57:17.520	2026-08-30 18:57:17.617	2026-08-30 19:01:12.218	3m 52s	2	6 GB	507.3 MB	7.6 GB	112.4%	1.0%	13.5 GB	348.7 MB
223	17/bb1faa	BGC_ANALYSIS:ANTISMASH_ANALYSIS:ANTISMASH (Pantoea_stewartii_M073a)	COMPLETED	0	2026-08-30 19:00:46.904	2026-08-30 19:00:47.001	2026-08-30 19:01:17.404	28.6s	2	6 GB	677.2 MB	7.7 GB	96.7%	1.1%	1.3 GB	68 MB
231	1b/b0074c	BGC_ANALYSIS:ANTISMASH_ANALYSIS:ANTISMASH (Tatumella_ptyseos_ATCC_33301_2)	COMPLETED	0	2026-08-30 19:00:46.266	2026-08-30 19:00:46.364	2026-08-30 19:01:20.033	31.8s	2	6 GB	603.3 MB	7.7 GB	99.1%	1.0%	1.7 GB	67.3 MB
247	5b/d64438	BGC_ANALYSIS:ANTISMASH_ANALYSIS:ANTISMASH (Erwinia_amylovora_CA3R)	COMPLETED	0	2026-08-30 19:00:43.399	2026-08-30 19:00:43.495	2026-08-30 19:01:21.568	36.3s	2	6 GB	516.6 MB	7.8 GB	108.7%	0.7%	1.7 GB	61.9 MB
238	42/dd615b	BGC_ANALYSIS:ANTISMASH_ANALYSIS:ANTISMASH (Buchnera_aphidicola_Schizaphis_graminum_LNK)	COMPLETED	0	2026-08-30 19:01:20.036	2026-08-30 19:01:20.133	2026-08-30 19:01:28.172	6.2s	2	6 GB	214 MB	2.7 GB	106.3%	0.3%	289.5 MB	9.5 MB
250	fb/cd5d2c	BGC_ANALYSIS:ANTISMASH_ANALYSIS:ANTISMASH (Erwinia_amylovora_CTMF03-1)	COMPLETED	0	2026-08-30 19:01:03.277	2026-08-30 19:01:03.374	2026-08-30 19:01:33.830	28.6s	2	6 GB	507.2 MB	7.8 GB	107.7%	0.7%	1.2 GB	48.3 MB
236	34/304a74	BGC_ANALYSIS:ANTISMASH_ANALYSIS:ANTISMASH (Winslowiella_toletana_DAPP-PG_735)	COMPLETED	0	2026-08-30 19:01:12.222	2026-08-30 19:01:12.318	2026-08-30 19:01:41.856	27.7s	2	6 GB	566.8 MB	7.9 GB	113.3%	0.9%	1.2 GB	55.6 MB
257	bb/0eb08a	BGC_ANALYSIS:ANTISMASH_ANALYSIS:ANTISMASH (Erwinia_amylovora_MASHBO)	COMPLETED	0	2026-08-30 19:01:21.572	2026-08-30 19:01:21.668	2026-08-30 19:01:43.658	20.2s	2	6 GB	526.4 MB	7.8 GB	115.9%	0.7%	777.3 MB	37.5 MB
232	ed/db2971	BGC_ANALYSIS:ANTISMASH_ANALYSIS:ANTISMASH (Tatumella_saanichensis_NML_06-3099)	COMPLETED	0	2026-08-30 19:01:08.144	2026-08-30 19:01:08.240	2026-08-30 19:01:44.570	34.4s	2	6 GB	450.4 MB	7.7 GB	102.5%	0.7%	1.7 GB	56.6 MB
251	7d/675c22	BGC_ANALYSIS:ANTISMASH_ANALYSIS:ANTISMASH (Erwinia_amylovora_CTST01-1)	COMPLETED	0	2026-08-30 19:01:17.409	2026-08-30 19:01:17.505	2026-08-30 19:01:48.596	29.3s	2	6 GB	511.9 MB	7.8 GB	106.5%	0.7%	1.3 GB	49.9 MB
248	98/26dde1	BGC_ANALYSIS:ANTISMASH_ANALYSIS:ANTISMASH (Erwinia_amylovora_CTBT1-1)	COMPLETED	0	2026-08-30 19:01:28.175	2026-08-30 19:01:28.272	2026-08-30 19:01:48.946	18.8s	2	6 GB	590.5 MB	7.8 GB	127.1%	0.9%	687.2 MB	35.7 MB
237	a2/690a9e	BGC_ANALYSIS:ANTISMASH_ANALYSIS:ANTISMASH (Buchnera_aphidicola_Melanaphis_sacchari_LSU)	COMPLETED	0	2026-08-30 19:01:43.662	2026-08-30 19:01:43.758	2026-08-30 19:01:51.955	6.4s	2	6 GB	211.4 MB	2.7 GB	102.8%	0.3%	288.4 MB	9.3 MB
245	9c/437ba1	BGC_ANALYSIS:ANTISMASH_ANALYSIS:ANTISMASH (Candidatus_Pantoea_edessiphila_SoET)	COMPLETED	0	2026-08-30 19:01:48.601	2026-08-30 19:01:48.696	2026-08-30 19:01:59.033	8.5s	2	6 GB	207.7 MB	2.7 GB	104.0%	0.3%	432.3 MB	14.2 MB
258	d6/ad662b	BGC_ANALYSIS:ANTISMASH_ANALYSIS:ANTISMASH (Erwinia_amylovora_NHSB01-1)	COMPLETED	0	2026-08-30 19:01:33.834	2026-08-30 19:01:33.931	2026-08-30 19:02:01.643	25.9s	2	6 GB	517.9 MB	7.8 GB	109.3%	0.7%	1.1 GB	44.9 MB
242	fe/044727	BGC_ANALYSIS:ANTISMASH_ANALYSIS:ANTISMASH (Candidatus_Pantoea_edessiphila_SoEE)	COMPLETED	0	2026-08-30 19:01:51.958	2026-08-30 19:01:52.055	2026-08-30 19:02:02.632	8.7s	2	6 GB	206.7 MB	2.7 GB	106.4%	0.3%	455.6 MB	14.9 MB
243	88/5c486f	BGC_ANALYSIS:ANTISMASH_ANALYSIS:ANTISMASH (Candidatus_Pantoea_edessiphila_SoEL)	COMPLETED	0	2026-08-30 19:01:59.037	2026-08-30 19:01:59.133	2026-08-30 19:02:09.708	8.7s	2	6 GB	203.2 MB	2.7 GB	107.0%	0.3%	454.5 MB	14.8 MB
241	db/56baef	BGC_ANALYSIS:ANTISMASH_ANALYSIS:ANTISMASH (Candidatus_Pantoea_borealis_UBA6694)	COMPLETED	0	2026-08-30 19:01:41.859	2026-08-30 19:01:41.955	2026-08-30 19:02:13.768	29.9s	2	6 GB	493.6 MB	7.7 GB	101.1%	0.8%	1.4 GB	52.2 MB
261	15/f13c49	BGC_ANALYSIS:ANTISMASH_ANALYSIS:ANTISMASH (Erwinia_amylovora_OR6)	COMPLETED	0	2026-08-30 19:01:48.950	2026-08-30 19:01:49.046	2026-08-30 19:02:19.476	28.6s	2	6 GB	511.1 MB	7.7 GB	109.7%	0.8%	1.3 GB	49.6 MB
259	1e/be37b0	BGC_ANALYSIS:ANTISMASH_ANALYSIS:ANTISMASH (Erwinia_amylovora_NHWL02-2)	COMPLETED	0	2026-08-30 19:01:44.574	2026-08-30 19:01:44.669	2026-08-30 19:02:20.560	33.9s	2	6 GB	492.8 MB	7.7 GB	105.7%	0.7%	1.5 GB	56.3 MB
249	f8/ac4535	BGC_ANALYSIS:ANTISMASH_ANALYSIS:ANTISMASH (Erwinia_amylovora_CTBT3-1)	COMPLETED	0	2026-08-30 19:02:01.648	2026-08-30 19:02:01.743	2026-08-30 19:02:22.272	18.7s	2	6 GB	589.8 MB	7.8 GB	128.5%	0.9%	688.2 MB	35.7 MB
246	1b/ce7f30	BGC_ANALYSIS:ANTISMASH_ANALYSIS:ANTISMASH (Candidatus_Pantoea_rara_UBA5707)	COMPLETED	0	2026-08-30 19:02:02.636	2026-08-30 19:02:02.732	2026-08-30 19:02:27.526	23s	2	6 GB	530.2 MB	7.8 GB	108.0%	0.7%	970.6 MB	44 MB
265	2e/cd9e5c	BGC_ANALYSIS:ANTISMASH_ANALYSIS:ANTISMASH (Erwinia_amylovora_VTDMSF02)	COMPLETED	0	2026-08-30 19:02:13.773	2026-08-30 19:02:13.868	2026-08-30 19:02:34.456	18.7s	2	6 GB	594.4 MB	7.8 GB	128.2%	0.9%	662.1 MB	34.8 MB
252	a9/67270f	BGC_ANALYSIS:ANTISMASH_ANALYSIS:ANTISMASH (Erwinia_amylovora_E-2)	COMPLETED	0	2026-08-30 19:02:19.490	2026-08-30 19:02:19.630	2026-08-30 19:02:38.328	16.9s	2	6 GB	733.7 MB	7.8 GB	126.5%	1.2%	674.9 MB	45 MB
263	07/1bec9a	BGC_ANALYSIS:ANTISMASH_ANALYSIS:ANTISMASH (Erwinia_amylovora_UT5P4)	COMPLETED	0	2026-08-30 19:02:09.712	2026-08-30 19:02:09.808	2026-08-30 19:02:39.001	27.4s	2	6 GB	514.2 MB	7.8 GB	107.4%	0.7%	1.1 GB	45.7 MB
269	fe/4954ed	BGC_ANALYSIS:ANTISMASH_ANALYSIS:ANTISMASH (Erwinia_pyrifoliae_EpK1_15)	COMPLETED	0	2026-08-30 19:02:27.530	2026-08-30 19:02:27.627	2026-08-30 19:02:46.970	17.4s	2	6 GB	745.9 MB	7.8 GB	126.1%	1.3%	702.9 MB	47.6 MB
264	e1/3d77a3	BGC_ANALYSIS:ANTISMASH_ANALYSIS:ANTISMASH (Erwinia_amylovora_VTBL01-1)	COMPLETED	0	2026-08-30 19:02:22.275	2026-08-30 19:02:22.372	2026-08-30 19:02:50.632	26.5s	2	6 GB	517.6 MB	7.8 GB	109.6%	0.7%	1.1 GB	45.3 MB
268	8e/dd59a3	BGC_ANALYSIS:ANTISMASH_ANALYSIS:ANTISMASH (Erwinia_billingiae_UBA5038)	COMPLETED	0	2026-08-30 19:02:20.567	2026-08-30 19:02:20.660	2026-08-30 19:02:57.669	35.3s	2	6 GB	495.6 MB	7.8 GB	101.7%	0.7%	1.6 GB	63.2 MB
253	7c/26a1ac	BGC_ANALYSIS:ANTISMASH_ANALYSIS:ANTISMASH (Erwinia_amylovora_EA110)	COMPLETED	0	2026-08-30 19:02:34.459	2026-08-30 19:02:34.555	2026-08-30 19:03:03.579	27.1s	2	6 GB	515.5 MB	7.8 GB	108.2%	0.8%	1.1 GB	46.3 MB
255	b6/6e0d56	BGC_ANALYSIS:ANTISMASH_ANALYSIS:ANTISMASH (Erwinia_amylovora_MAGFLF_2)	COMPLETED	0	2026-08-30 19:02:46.974	2026-08-30 19:02:47.070	2026-08-30 19:03:07.572	18.7s	2	6 GB	589.3 MB	7.8 GB	129.3%	0.9%	656.8 MB	34.6 MB
256	68/4f77a5	BGC_ANALYSIS:ANTISMASH_ANALYSIS:ANTISMASH (Erwinia_amylovora_MANB02-1)	COMPLETED	0	2026-08-30 19:02:39.004	2026-08-30 19:02:39.100	2026-08-30 19:03:11.499	30.5s	2	6 GB	477.1 MB	7.7 GB	102.2%	0.7%	1.3 GB	49.3 MB
254	d7/15880d	BGC_ANALYSIS:ANTISMASH_ANALYSIS:ANTISMASH (Erwinia_amylovora_LA092)	COMPLETED	0	2026-08-30 19:02:50.635	2026-08-30 19:02:50.732	2026-08-30 19:03:19.265	26.7s	2	6 GB	523.3 MB	7.8 GB	112.0%	0.8%	1.1 GB	46.9 MB
272	3d/ea1fd0	BGC_ANALYSIS:ANTISMASH_ANALYSIS:ANTISMASH (Erwinia_sp._OLCASP19)	COMPLETED	0	2026-08-30 19:02:38.332	2026-08-30 19:02:38.428	2026-08-30 19:03:24.078	43.8s	2	6 GB	638.9 MB	7.7 GB	97.4%	1.0%	2.3 GB	85.3 MB
262	44/3bb65e	BGC_ANALYSIS:ANTISMASH_ANALYSIS:ANTISMASH (Erwinia_amylovora_RISTBO01-2)	COMPLETED	0	2026-08-30 19:03:03.583	2026-08-30 19:03:03.679	2026-08-30 19:03:24.598	18.9s	2	6 GB	578.8 MB	7.8 GB	128.7%	0.9%	687.6 MB	35.7 MB
260	01/acfd2b	BGC_ANALYSIS:ANTISMASH_ANALYSIS:ANTISMASH (Erwinia_amylovora_OR1)	COMPLETED	0	2026-08-30 19:02:57.673	2026-08-30 19:02:57.769	2026-08-30 19:03:28.865	29.2s	2	6 GB	510.8 MB	7.7 GB	113.3%	0.7%	1.3 GB	50.9 MB
239	cc/4cf638	BGC_ANALYSIS:ANTISMASH_ANALYSIS:ANTISMASH (Candidatus_Erwinia_dacicola_Oroville)	COMPLETED	0	2026-08-30 19:00:18.453	2026-08-30 19:00:18.548	2026-08-30 19:03:36.590	3m 16s	2	6 GB	649.1 MB	7.7 GB	104.3%	1.0%	12.8 GB	333.2 MB
266	52/9fc9b5	BGC_ANALYSIS:ANTISMASH_ANALYSIS:ANTISMASH (Erwinia_amylovora_WSDA87-73)	COMPLETED	0	2026-08-30 19:03:07.576	2026-08-30 19:03:07.672	2026-08-30 19:03:36.775	27.4s	2	6 GB	512.8 MB	7.8 GB	109.2%	0.8%	1.2 GB	47.3 MB
275	77/a67ef2	BGC_ANALYSIS:ANTISMASH_ANALYSIS:ANTISMASH (Erwinia_sp._OLMDSP33)	COMPLETED	0	2026-08-30 19:03:11.503	2026-08-30 19:03:11.599	2026-08-30 19:03:55.870	42.5s	2	6 GB	642.4 MB	7.7 GB	98.2%	1.0%	2.3 GB	84.4 MB
267	f8/4422e5	BGC_ANALYSIS:ANTISMASH_ANALYSIS:ANTISMASH (Erwinia_billingiae_MYb121)	COMPLETED	0	2026-08-30 19:03:24.081	2026-08-30 19:03:24.178	2026-08-30 19:03:56.225	30.2s	2	6 GB	732.8 MB	7.8 GB	96.5%	1.3%	1.3 GB	70.6 MB
271	ac/129d91	BGC_ANALYSIS:ANTISMASH_ANALYSIS:ANTISMASH (Erwinia_sp._OAMSP11)	COMPLETED	0	2026-08-30 19:03:24.602	2026-08-30 19:03:24.698	2026-08-30 19:04:09.026	42.5s	2	6 GB	607.3 MB	7.7 GB	99.2%	1.0%	2.3 GB	85.9 MB
270	93/aa0d7c	BGC_ANALYSIS:ANTISMASH_ANALYSIS:ANTISMASH (Erwinia_sp._B116)	COMPLETED	0	2026-08-30 19:03:19.268	2026-08-30 19:03:19.365	2026-08-30 19:04:11.181	49.8s	2	6 GB	692 MB	7.7 GB	98.6%	1.3%	2.7 GB	102.5 MB
273	29/d3e9b9	BGC_ANALYSIS:ANTISMASH_ANALYSIS:ANTISMASH (Erwinia_sp._OLFS4)	COMPLETED	0	2026-08-30 19:03:28.868	2026-08-30 19:03:28.965	2026-08-30 19:04:11.637	40.8s	2	6 GB	605 MB	7.7 GB	98.6%	1.0%	2.2 GB	82.9 MB
276	56/d2b65a	BGC_ANALYSIS:ANTISMASH_ANALYSIS:ANTISMASH (Erwinia_sp._OLMTSP26)	COMPLETED	0	2026-08-30 19:03:36.778	2026-08-30 19:03:36.875	2026-08-30 19:04:21.107	42.4s	2	6 GB	604.5 MB	7.7 GB	99.1%	1.0%	2.3 GB	85.5 MB
279	e1/8a8dab	BGC_ANALYSIS:ANTISMASH_ANALYSIS:ANTISMASH (Mixta_calida_DSM_22759)	COMPLETED	0	2026-08-30 19:04:21.111	2026-08-30 19:04:21.207	2026-08-30 19:04:37.003	14.1s	2	6 GB	620.4 MB	7.3 GB	137.6%	1.0%	696.4 MB	31.1 MB
292	27/961219	BGC_ANALYSIS:ANTISMASH_ANALYSIS:ANTISMASH (Pantoea_ananatis_PNA_11-1)	COMPLETED	0	2026-08-30 19:04:11.185	2026-08-30 19:04:11.280	2026-08-30 19:04:43.237	30.2s	2	6 GB	723.8 MB	7.8 GB	95.9%	1.3%	1.3 GB	65.2 MB
293	bb/d02c57	BGC_ANALYSIS:ANTISMASH_ANALYSIS:ANTISMASH (Pantoea_ananatis_PNA_14-1)	COMPLETED	0	2026-08-30 19:04:11.640	2026-08-30 19:04:11.737	2026-08-30 19:04:45.621	32.1s	2	6 GB	732.5 MB	7.8 GB	97.3%	1.3%	1.5 GB	70.5 MB
291	6d/296f0d	BGC_ANALYSIS:ANTISMASH_ANALYSIS:ANTISMASH (Pantoea_ananatis_PNA_07-1)	COMPLETED	0	2026-08-30 19:03:56.229	2026-08-30 19:03:56.326	2026-08-30 19:04:49.982	51.9s	2	6 GB	4.7 GB	7.7 GB	110.1%	4.7%	9.8 GB	63.2 MB
280	d0/9ab836	BGC_ANALYSIS:ANTISMASH_ANALYSIS:ANTISMASH (Mixta_gaviniae_DSM_22758)	COMPLETED	0	2026-08-30 19:04:43.241	2026-08-30 19:04:43.337	2026-08-30 19:04:59.252	14s	2	6 GB	627.8 MB	7.4 GB	140.7%	1.0%	719.6 MB	32.1 MB
285	35/560363	BGC_ANALYSIS:ANTISMASH_ANALYSIS:ANTISMASH (Pantoea_ananatis_ARC310)	COMPLETED	0	2026-08-30 19:03:36.594	2026-08-30 19:03:36.690	2026-08-30 19:05:00.623	1m 22s	2	6 GB	707.2 MB	7.8 GB	101.3%	1.3%	4.9 GB	156 MB
278	c4/1ee029	BGC_ANALYSIS:ANTISMASH_ANALYSIS:ANTISMASH (Erwinia_sp._OLTSP20)	COMPLETED	0	2026-08-30 19:04:09.029	2026-08-30 19:04:09.126	2026-08-30 19:05:01.386	50.5s	2	6 GB	588.7 MB	7.7 GB	100.0%	1.0%	2.9 GB	97.9 MB
295	60/4b65b5	BGC_ANALYSIS:ANTISMASH_ANALYSIS:ANTISMASH (Pantoea_ananatis_PNA_200-3)	COMPLETED	0	2026-08-30 19:04:45.625	2026-08-30 19:04:45.721	2026-08-30 19:05:15.707	28.1s	2	6 GB	665 MB	7.7 GB	99.2%	1.2%	1.2 GB	68.6 MB
299	ca/419b5c	BGC_ANALYSIS:ANTISMASH_ANALYSIS:ANTISMASH (Pantoea_ananatis_PNA_99-7)	COMPLETED	0	2026-08-30 19:04:49.986	2026-08-30 19:04:50.082	2026-08-30 19:05:18.350	26.4s	2	6 GB	738.1 MB	7.8 GB	103.7%	1.3%	1.2 GB	67.2 MB
294	64/3eeef7	BGC_ANALYSIS:ANTISMASH_ANALYSIS:ANTISMASH (Pantoea_ananatis_PNA_15-1)	COMPLETED	0	2026-08-30 19:04:37.007	2026-08-30 19:04:37.103	2026-08-30 19:05:29.836	50.8s	2	6 GB	4.8 GB	7.8 GB	112.1%	3.4%	10.3 GB	67.5 MB
281	c7/37cf71	BGC_ANALYSIS:ANTISMASH_ANALYSIS:ANTISMASH (Mixta_theicola_QC88-366)	COMPLETED	0	2026-08-30 19:04:59.255	2026-08-30 19:04:59.352	2026-08-30 19:05:33.868	32.7s	2	6 GB	692.4 MB	7.7 GB	95.5%	1.2%	1.6 GB	71.8 MB
282	b6/9bda46	BGC_ANALYSIS:ANTISMASH_ANALYSIS:ANTISMASH (Pantoea_agglomerans_PNG_92-11)	COMPLETED	0	2026-08-30 19:05:00.626	2026-08-30 19:05:00.724	2026-08-30 19:05:34.172	31.6s	2	6 GB	679.5 MB	7.7 GB	96.3%	1.2%	1.5 GB	70.5 MB
274	df/9c88e2	BGC_ANALYSIS:ANTISMASH_ANALYSIS:ANTISMASH (Erwinia_sp._OLMDLW33)	COMPLETED	0	2026-08-30 19:03:55.873	2026-08-30 19:03:55.970	2026-08-30 19:05:39.997	1m 42s	2	6 GB	545.7 MB	7.3 GB	100.6%	1.0%	6 GB	187.5 MB
277	db/7c21d4	BGC_ANALYSIS:ANTISMASH_ANALYSIS:ANTISMASH (Erwinia_sp._OLSSP12)	COMPLETED	0	2026-08-30 19:05:01.394	2026-08-30 19:05:01.486	2026-08-30 19:05:47.801	44.4s	2	6 GB	636 MB	7.7 GB	98.0%	1.0%	2.4 GB	87.4 MB
289	75/cae421	BGC_ANALYSIS:ANTISMASH_ANALYSIS:ANTISMASH (Pantoea_ananatis_PANS_99-23)	COMPLETED	0	2026-08-30 19:05:34.175	2026-08-30 19:05:34.273	2026-08-30 19:06:04.826	28.8s	2	6 GB	658.2 MB	7.7 GB	97.6%	1.0%	1.3 GB	68.8 MB
287	ca/1c57b1	BGC_ANALYSIS:ANTISMASH_ANALYSIS:ANTISMASH (Pantoea_ananatis_PANS_01-2)	COMPLETED	0	2026-08-30 19:05:15.710	2026-08-30 19:05:15.808	2026-08-30 19:06:08.593	50.9s	2	6 GB	4.8 GB	7.7 GB	112.1%	6.9%	10.2 GB	66.2 MB
283	61/45c178	BGC_ANALYSIS:ANTISMASH_ANALYSIS:ANTISMASH (Pantoea_allii_PNA_200-10)	COMPLETED	0	2026-08-30 19:05:40.001	2026-08-30 19:05:40.098	2026-08-30 19:06:09.394	27.3s	2	6 GB	675.8 MB	7.7 GB	94.3%	1.2%	1.2 GB	63.2 MB
284	09/415a78	BGC_ANALYSIS:ANTISMASH_ANALYSIS:ANTISMASH (Pantoea_ananatis_ARC272)	COMPLETED	0	2026-08-30 19:05:33.873	2026-08-30 19:05:33.968	2026-08-30 19:06:32.636	56.9s	2	6 GB	666.9 MB	7.7 GB	100.8%	1.2%	3.2 GB	113.1 MB
288	9d/e234b0	BGC_ANALYSIS:ANTISMASH_ANALYSIS:ANTISMASH (Pantoea_ananatis_PANS_04-2)	COMPLETED	0	2026-08-30 19:05:18.353	2026-08-30 19:05:18.450	2026-08-30 19:06:34.388	1m 14s	2	6 GB	4.8 GB	7.8 GB	123.6%	6.8%	22.4 GB	72.8 MB
309	b1/cf703d	BGC_ANALYSIS:ANTISMASH_ANALYSIS:ANTISMASH (Pantoea_sp._ARC270)	COMPLETED	0	2026-08-30 19:05:47.804	2026-08-30 19:05:47.901	2026-08-30 19:06:35.135	45.3s	2	6 GB	667.8 MB	7.7 GB	97.7%	1.2%	2.3 GB	90.6 MB
286	e4/03c544	BGC_ANALYSIS:ANTISMASH_ANALYSIS:ANTISMASH (Pantoea_ananatis_ARC311)	COMPLETED	0	2026-08-30 19:05:29.839	2026-08-30 19:05:29.936	2026-08-30 19:06:39.339	1m 8s	2	6 GB	683.6 MB	7.8 GB	99.2%	1.1%	3.8 GB	128.7 MB
310	11/85832a	BGC_ANALYSIS:ANTISMASH_ANALYSIS:ANTISMASH (Pantoea_sp._BRM17)	COMPLETED	0	2026-08-30 19:06:35.140	2026-08-30 19:06:35.235	2026-08-30 19:06:54.739	17.6s	2	6 GB	843 MB	7.9 GB	121.2%	1.3%	605.1 MB	52.9 MB
300	e3/fb8d41	BGC_ANALYSIS:ANTISMASH_ANALYSIS:ANTISMASH (Pantoea_ananatis_SGAir0210)	COMPLETED	0	2026-08-30 19:06:34.391	2026-08-30 19:06:34.487	2026-08-30 19:06:55.391	18.9s	2	6 GB	766.9 MB	7.8 GB	137.2%	1.3%	803.6 MB	55.9 MB
296	e5/2427d8	BGC_ANALYSIS:ANTISMASH_ANALYSIS:ANTISMASH (Pantoea_ananatis_PNA_200-7)	COMPLETED	0	2026-08-30 19:06:09.397	2026-08-30 19:06:09.495	2026-08-30 19:07:08.196	56.8s	2	6 GB	4.7 GB	7.8 GB	109.1%	7.7%	9.8 GB	61.5 MB
314	d8/6bb910	BGC_ANALYSIS:ANTISMASH_ANALYSIS:ANTISMASH (Pantoea_sp._JKS000250)	COMPLETED	0	2026-08-30 19:06:54.751	2026-08-30 19:06:54.839	2026-08-30 19:07:15.924	18.9s	2	6 GB	726.6 MB	7.7 GB	126.4%	1.2%	830.6 MB	52.9 MB
290	28/6870c1	BGC_ANALYSIS:ANTISMASH_ANALYSIS:ANTISMASH (Pantoea_ananatis_PANS_99-3)	COMPLETED	0	2026-08-30 19:06:04.829	2026-08-30 19:06:04.926	2026-08-30 19:07:16.586	1m 10s	2	6 GB	4.7 GB	7.3 GB	113.4%	6.7%	18.7 GB	70.9 MB
297	d6/f93eb1	BGC_ANALYSIS:ANTISMASH_ANALYSIS:ANTISMASH (Pantoea_ananatis_PNA_97-1R)	COMPLETED	0	2026-08-30 19:06:32.642	2026-08-30 19:06:32.736	2026-08-30 19:07:20.483	45.8s	2	6 GB	4.7 GB	7.9 GB	125.1%	5.7%	9.9 GB	59.2 MB
298	9c/b2fe7d	BGC_ANALYSIS:ANTISMASH_ANALYSIS:ANTISMASH (Pantoea_ananatis_PNA_98-11)	COMPLETED	0	2026-08-30 19:06:08.596	2026-08-30 19:06:08.694	2026-08-30 19:07:21.867	1m 11s	2	6 GB	4.8 GB	8.1 GB	115.5%	4.9%	19 GB	71.6 MB
316	2b/fe8334	BGC_ANALYSIS:ANTISMASH_ANALYSIS:ANTISMASH (Pantoea_sp._RIT413)	COMPLETED	0	2026-08-30 19:06:55.396	2026-08-30 19:06:55.491	2026-08-30 19:07:23.735	26.2s	2	6 GB	449.6 MB	5.1 GB	95.8%	0.7%	1.2 GB	58.5 MB
301	a6/65580c	BGC_ANALYSIS:ANTISMASH_ANALYSIS:ANTISMASH (Pantoea_coffeiphila_342)	COMPLETED	0	2026-08-30 19:06:39.343	2026-08-30 19:06:39.439	2026-08-30 19:07:25.484	44.1s	2	6 GB	740.2 MB	7.8 GB	94.0%	1.3%	1.8 GB	90.5 MB
322	11/e378dc	BGC_ANALYSIS:ANTISMASH_ANALYSIS:ANTISMASH (Pantoea_sp._UBA4549_UBA4549)	COMPLETED	0	2026-08-30 19:07:23.738	2026-08-30 19:07:23.834	2026-08-30 19:07:49.367	23.7s	2	6 GB	465.7 MB	7.7 GB	102.3%	0.7%	978.3 MB	40.9 MB
302	f7/8b0179	BGC_ANALYSIS:ANTISMASH_ANALYSIS:ANTISMASH (Pantoea_dispersa_UBA3148)	COMPLETED	0	2026-08-30 19:07:16.590	2026-08-30 19:07:16.686	2026-08-30 19:07:52.007	33.5s	2	6 GB	488.2 MB	7.8 GB	100.9%	0.7%	1.4 GB	58.2 MB
303	e7/f77ab5	BGC_ANALYSIS:ANTISMASH_ANALYSIS:ANTISMASH (Pantoea_endophytica_596)	COMPLETED	0	2026-08-30 19:07:21.870	2026-08-30 19:07:21.967	2026-08-30 19:07:56.340	32.4s	2	6 GB	740.1 MB	7.8 GB	97.6%	1.3%	1.4 GB	73.4 MB
305	1a/5d3cfc	BGC_ANALYSIS:ANTISMASH_ANALYSIS:ANTISMASH (Pantoea_rodasii_DSM_26611)	COMPLETED	0	2026-08-30 19:07:20.486	2026-08-30 19:07:20.582	2026-08-30 19:07:57.021	34.5s	2	6 GB	731.1 MB	7.8 GB	98.5%	1.3%	1.5 GB	81.1 MB
311	f2/567a56	BGC_ANALYSIS:ANTISMASH_ANALYSIS:ANTISMASH (Pantoea_sp._ICBG_1758)	COMPLETED	0	2026-08-30 19:07:49.372	2026-08-30 19:07:49.467	2026-08-30 19:08:13.568	22.3s	2	6 GB	726.3 MB	7.8 GB	103.9%	1.2%	1001.6 MB	55.2 MB
304	b1/fab34a	BGC_ANALYSIS:ANTISMASH_ANALYSIS:ANTISMASH (Pantoea_graminicola_ARC607)	COMPLETED	0	2026-08-30 19:07:08.200	2026-08-30 19:07:08.296	2026-08-30 19:08:27.993	1m 18s	2	6 GB	707.9 MB	7.8 GB	99.7%	1.3%	4.4 GB	142.1 MB
307	42/4a4f18	BGC_ANALYSIS:ANTISMASH_ANALYSIS:ANTISMASH (Pantoea_sp._AG1095)	COMPLETED	0	2026-08-30 19:07:57.024	2026-08-30 19:07:57.120	2026-08-30 19:08:28.249	29.2s	2	6 GB	717.1 MB	7.8 GB	97.3%	1.3%	1.2 GB	63.3 MB
306	6b/a1e1ef	BGC_ANALYSIS:ANTISMASH_ANALYSIS:ANTISMASH (Pantoea_septica_UBA7459)	COMPLETED	0	2026-08-30 19:07:25.488	2026-08-30 19:07:25.584	2026-08-30 19:08:29.822	1m 2s	2	6 GB	494.7 MB	7.7 GB	107.2%	0.8%	3.3 GB	100.2 MB
326	9c/98a5b6	BGC_ANALYSIS:ANTISMASH_ANALYSIS:ANTISMASH (Pantoea_sp._UBA5923_UBA5923)	COMPLETED	0	2026-08-30 19:07:56.343	2026-08-30 19:07:56.441	2026-08-30 19:08:46.665	48.4s	2	6 GB	505.9 MB	7.7 GB	105.3%	0.8%	2.4 GB	78.6 MB
325	a8/58397f	BGC_ANALYSIS:ANTISMASH_ANALYSIS:ANTISMASH (Pantoea_sp._UBA5037_UBA5037)	COMPLETED	0	2026-08-30 19:07:52.010	2026-08-30 19:07:52.107	2026-08-30 19:08:49.492	55.6s	2	6 GB	475.3 MB	7.6 GB	105.4%	0.7%	2.9 GB	92 MB
313	23/cf8167	BGC_ANALYSIS:ANTISMASH_ANALYSIS:ANTISMASH (Pantoea_sp._ICBG_985)	COMPLETED	0	2026-08-30 19:08:28.252	2026-08-30 19:08:28.349	2026-08-30 19:08:56.834	26.7s	2	6 GB	670.3 MB	7.7 GB	101.2%	1.1%	1.1 GB	65.6 MB
312	5b/17ca22	BGC_ANALYSIS:ANTISMASH_ANALYSIS:ANTISMASH (Pantoea_sp._ICBG_828)	COMPLETED	0	2026-08-30 19:08:27.997	2026-08-30 19:08:28.093	2026-08-30 19:08:58.340	28.5s	2	6 GB	668.9 MB	7.7 GB	99.5%	1.1%	1.2 GB	68.5 MB
320	a4/276a7f	BGC_ANALYSIS:ANTISMASH_ANALYSIS:ANTISMASH (Pantoea_sp._UBA3896_UBA3896)	COMPLETED	0	2026-08-30 19:08:46.669	2026-08-30 19:08:46.766	2026-08-30 19:09:09.687	21.2s	2	6 GB	494.9 MB	7.8 GB	105.0%	0.7%	844.7 MB	39.2 MB
321	a7/e9aba5	BGC_ANALYSIS:ANTISMASH_ANALYSIS:ANTISMASH (Pantoea_sp._UBA4389_UBA4389)	COMPLETED	0	2026-08-30 19:08:49.496	2026-08-30 19:08:49.592	2026-08-30 19:09:16.068	24.7s	2	6 GB	504.9 MB	7.8 GB	102.9%	0.8%	997.3 MB	45.3 MB
337	94/117c34	BGC_ANALYSIS:ANTISMASH_ANALYSIS:ANTISMASH (Buchnera_aphidicola_Acyrthosiphon_lactucae_Ala)	COMPLETED	0	2026-08-30 19:09:09.691	2026-08-30 19:09:09.787	2026-08-30 19:09:17.766	6.2s	2	6 GB	213 MB	2.7 GB	109.2%	0.3%	289.4 MB	9.4 MB
318	2b/d038b3	BGC_ANALYSIS:ANTISMASH_ANALYSIS:ANTISMASH (Pantoea_sp._UBA3038_UBA3038)	COMPLETED	0	2026-08-30 19:07:15.928	2026-08-30 19:07:16.024	2026-08-30 19:09:22.018	2m 4s	2	6 GB	466.4 MB	7.6 GB	114.0%	0.7%	7.2 GB	187 MB
339	f1/94952e	BGC_ANALYSIS:ANTISMASH_ANALYSIS:ANTISMASH (Buchnera_aphidicola_Aphis_craccivora_Acr)	COMPLETED	0	2026-08-30 19:09:22.021	2026-08-30 19:09:22.118	2026-08-30 19:09:29.998	6s	2	6 GB	214.1 MB	2.7 GB	105.9%	0.3%	289.7 MB	9.4 MB
317	dd/d3d2ab	BGC_ANALYSIS:ANTISMASH_ANALYSIS:ANTISMASH (Pantoea_sp._UBA2708_UBA2708)	COMPLETED	0	2026-08-30 19:09:16.072	2026-08-30 19:09:16.169	2026-08-30 19:09:42.869	24.8s	2	6 GB	498.2 MB	7.7 GB	107.7%	0.7%	1.1 GB	45.1 MB
319	26/a4e0a2	BGC_ANALYSIS:ANTISMASH_ANALYSIS:ANTISMASH (Pantoea_sp._UBA3041_UBA3041)	COMPLETED	0	2026-08-30 19:08:29.827	2026-08-30 19:08:29.922	2026-08-30 19:09:47.354	1m 16s	2	6 GB	509.9 MB	7.7 GB	110.0%	0.8%	4.2 GB	120.2 MB
324	8e/765332	BGC_ANALYSIS:ANTISMASH_ANALYSIS:ANTISMASH (Pantoea_sp._UBA5035_UBA5035)	COMPLETED	0	2026-08-30 19:09:17.769	2026-08-30 19:09:17.867	2026-08-30 19:09:48.660	29s	2	6 GB	477.1 MB	7.7 GB	100.7%	0.7%	1.3 GB	52.8 MB
308	58/7d31a8	BGC_ANALYSIS:ANTISMASH_ANALYSIS:ANTISMASH (Pantoea_sp._AG702)	COMPLETED	0	2026-08-30 19:08:56.838	2026-08-30 19:08:56.935	2026-08-30 19:09:48.833	50.2s	2	6 GB	4.8 GB	7.8 GB	110.6%	6.5%	9.8 GB	60.2 MB
315	e6/97fd35	BGC_ANALYSIS:ANTISMASH_ANALYSIS:ANTISMASH (Pantoea_sp._PNA_03-3)	COMPLETED	0	2026-08-30 19:08:58.344	2026-08-30 19:08:58.440	2026-08-30 19:09:52.402	52.2s	2	6 GB	4.8 GB	7.9 GB	111.8%	7.2%	10.8 GB	62 MB
341	bd/ae3620	BGC_ANALYSIS:ANTISMASH_ANALYSIS:ANTISMASH (Buchnera_aphidicola_Aphis_nasturtii_Ana)	COMPLETED	0	2026-08-30 19:09:47.358	2026-08-30 19:09:47.454	2026-08-30 19:09:55.643	6.3s	2	6 GB	212.5 MB	2.7 GB	104.1%	0.3%	289.4 MB	9.4 MB
345	83/904ec3	BGC_ANALYSIS:ANTISMASH_ANALYSIS:ANTISMASH (Buchnera_aphidicola_Brevicoryne_brassicae_Bbr)	COMPLETED	0	2026-08-30 19:09:48.837	2026-08-30 19:09:48.933	2026-08-30 19:09:57.365	6.4s	2	6 GB	215.1 MB	2.7 GB	104.9%	0.3%	291.1 MB	9.5 MB
331	bc/af6efd	BGC_ANALYSIS:ANTISMASH_ANALYSIS:ANTISMASH (Pantoea_sp._UBA7232_UBA7232)	COMPLETED	0	2026-08-30 19:09:52.405	2026-08-30 19:09:52.502	2026-08-30 19:10:17.298	22.8s	2	6 GB	491.2 MB	7.8 GB	104.4%	0.7%	972.8 MB	40.6 MB
330	48/bb8565	BGC_ANALYSIS:ANTISMASH_ANALYSIS:ANTISMASH (Pantoea_sp._UBA6567_UBA6567)	COMPLETED	0	2026-08-30 19:09:55.647	2026-08-30 19:09:55.744	2026-08-30 19:10:18.144	20.3s	2	6 GB	521.3 MB	7.8 GB	113.7%	0.7%	884.8 MB	39.9 MB
328	3a/58a477	BGC_ANALYSIS:ANTISMASH_ANALYSIS:ANTISMASH (Pantoea_sp._UBA5960_UBA5960)	COMPLETED	0	2026-08-30 19:09:57.369	2026-08-30 19:09:57.466	2026-08-30 19:10:27.210	27.8s	2	6 GB	467.6 MB	7.7 GB	102.6%	0.7%	1.3 GB	48.4 MB
351	4d/1d255f	BGC_ANALYSIS:ANTISMASH_ANALYSIS:ANTISMASH (Buchnera_aphidicola_Macrosiphum_gaurae_Mga)	COMPLETED	0	2026-08-30 19:10:27.214	2026-08-30 19:10:27.310	2026-08-30 19:10:35.700	6.4s	2	6 GB	216.7 MB	2.7 GB	108.5%	0.3%	290.3 MB	9.5 MB
334	e1/fe3df6	BGC_ANALYSIS:ANTISMASH_ANALYSIS:ANTISMASH (Pantoea_vagans_PV989)	COMPLETED	0	2026-08-30 19:10:18.148	2026-08-30 19:10:18.244	2026-08-30 19:10:39.418	19.3s	2	6 GB	791.3 MB	7.8 GB	133.9%	1.3%	854.9 MB	57.3 MB
352	6f/20a86b	BGC_ANALYSIS:ANTISMASH_ANALYSIS:ANTISMASH (Buchnera_aphidicola_Melaphis_rhois_Mrh)	COMPLETED	0	2026-08-30 19:10:39.422	2026-08-30 19:10:39.518	2026-08-30 19:10:46.488	5.1s	2	6 GB	215.4 MB	2.7 GB	111.0%	0.4%	236.9 MB	5.2 MB
327	54/61411e	BGC_ANALYSIS:ANTISMASH_ANALYSIS:ANTISMASH (Pantoea_sp._UBA5931_UBA5931)	COMPLETED	0	2026-08-30 19:08:13.572	2026-08-30 19:08:13.668	2026-08-30 19:10:46.671	2m 31s	2	6 GB	517.6 MB	7.7 GB	114.4%	0.8%	8.4 GB	222.5 MB
338	d4/89cb70	BGC_ANALYSIS:ANTISMASH_ANALYSIS:ANTISMASH (Buchnera_aphidicola_Anoecia_oenotherae_Aoe)	COMPLETED	0	2026-08-30 19:10:46.675	2026-08-30 19:10:46.772	2026-08-30 19:10:53.351	4.7s	2	6 GB	201.4 MB	2.7 GB	111.5%	0.3%	226.1 MB	4.6 MB
343	84/47d452	BGC_ANALYSIS:ANTISMASH_ANALYSIS:ANTISMASH (Buchnera_aphidicola_Artemisaphis_artemisicola_Aar)	COMPLETED	0	2026-08-30 19:10:53.354	2026-08-30 19:10:53.451	2026-08-30 19:11:01.226	5.9s	2	6 GB	216.7 MB	2.7 GB	108.4%	0.3%	268.3 MB	8.8 MB
336	fb/b211f6	BGC_ANALYSIS:ANTISMASH_ANALYSIS:ANTISMASH (Pantoea_vagans_UBA6713)	COMPLETED	0	2026-08-30 19:10:35.703	2026-08-30 19:10:35.800	2026-08-30 19:11:07.647	30.1s	2	6 GB	500.7 MB	7.8 GB	105.8%	0.7%	1.2 GB	54.7 MB
340	14/95cc0e	BGC_ANALYSIS:ANTISMASH_ANALYSIS:ANTISMASH (Buchnera_aphidicola_Aphis_helianthi_Ahe)	COMPLETED	0	2026-08-30 19:11:01.231	2026-08-30 19:11:01.326	2026-08-30 19:11:09.220	6s	2	6 GB	214.6 MB	2.7 GB	109.3%	0.3%	290.2 MB	9.4 MB
344	3c/36e069	BGC_ANALYSIS:ANTISMASH_ANALYSIS:ANTISMASH (Buchnera_aphidicola_Brachycaudus_cardui_Bca)	COMPLETED	0	2026-08-30 19:11:07.651	2026-08-30 19:11:07.747	2026-08-30 19:11:15.628	6s	2	6 GB	212.9 MB	2.7 GB	110.5%	0.3%	291.3 MB	9.6 MB
323	6e/eee9a4	BGC_ANALYSIS:ANTISMASH_ANALYSIS:ANTISMASH (Pantoea_sp._UBA4570_UBA4570)	COMPLETED	0	2026-08-30 19:09:30.002	2026-08-30 19:09:30.098	2026-08-30 19:11:16.149	1m 44s	2	6 GB	472.3 MB	7.6 GB	111.7%	0.7%	5.7 GB	160.9 MB
342	0d/e61e99	BGC_ANALYSIS:ANTISMASH_ANALYSIS:ANTISMASH (Buchnera_aphidicola_Aphis_nerii_Ane)	COMPLETED	0	2026-08-30 19:11:09.224	2026-08-30 19:11:09.321	2026-08-30 19:11:17.145	6s	2	6 GB	214.1 MB	2.7 GB	112.5%	0.3%	289.4 MB	9.4 MB
347	a7/8d7e3f	BGC_ANALYSIS:ANTISMASH_ANALYSIS:ANTISMASH (Buchnera_aphidicola_Hyperomyzus_lactucae_Hla)	COMPLETED	0	2026-08-30 19:11:15.632	2026-08-30 19:11:15.728	2026-08-30 19:11:23.490	6s	2	6 GB	211.4 MB	2.7 GB	109.8%	0.3%	291.2 MB	9.5 MB
348	fb/d1df0e	BGC_ANALYSIS:ANTISMASH_ANALYSIS:ANTISMASH (Buchnera_aphidicola_Lipaphis_pseudobrassicae_Lps)	COMPLETED	0	2026-08-30 19:11:16.153	2026-08-30 19:11:16.250	2026-08-30 19:11:24.078	6.1s	2	6 GB	212.3 MB	2.7 GB	110.0%	0.3%	290.3 MB	9.6 MB
346	71/821496	BGC_ANALYSIS:ANTISMASH_ANALYSIS:ANTISMASH (Buchnera_aphidicola_Hyadaphis_tataricae_Hta)	COMPLETED	0	2026-08-30 19:11:17.149	2026-08-30 19:11:17.245	2026-08-30 19:11:24.982	6s	2	6 GB	215.4 MB	2.7 GB	110.0%	0.3%	289.1 MB	9.3 MB
349	f4/9815fd	BGC_ANALYSIS:ANTISMASH_ANALYSIS:ANTISMASH (Buchnera_aphidicola_Macrosiphoniella_sanborni_Msa)	COMPLETED	0	2026-08-30 19:11:24.082	2026-08-30 19:11:24.178	2026-08-30 19:11:31.814	5.8s	2	6 GB	213.3 MB	2.7 GB	111.0%	0.3%	285.9 MB	9.1 MB
350	89/2b63e3	BGC_ANALYSIS:ANTISMASH_ANALYSIS:ANTISMASH (Buchnera_aphidicola_Macrosiphum_euphorbiae_Meu)	COMPLETED	0	2026-08-30 19:11:24.986	2026-08-30 19:11:25.082	2026-08-30 19:11:31.993	5.1s	2	6 GB	209.1 MB	2.7 GB	111.7%	0.3%	245.1 MB	5.5 MB
332	0e/49d479	BGC_ANALYSIS:ANTISMASH_ANALYSIS:ANTISMASH (Pantoea_sp._UBA7401_UBA7401)	COMPLETED	0	2026-08-30 19:09:42.872	2026-08-30 19:09:42.969	2026-08-30 19:11:37.205	1m 52s	2	6 GB	472.9 MB	7.6 GB	111.4%	0.7%	6.4 GB	173.2 MB
353	50/b455de	BGC_ANALYSIS:ANTISMASH_ANALYSIS:ANTISMASH (Buchnera_aphidicola_Muscaphis_stroyani_Mst)	COMPLETED	0	2026-08-30 19:11:31.817	2026-08-30 19:11:31.915	2026-08-30 19:11:39.739	6s	2	6 GB	211.9 MB	2.7 GB	109.3%	0.3%	285.4 MB	9.2 MB
356	53/be6e35	BGC_ANALYSIS:ANTISMASH_ANALYSIS:ANTISMASH (Buchnera_aphidicola_Rhopalosiphum_padi_Rpa)	COMPLETED	0	2026-08-30 19:11:31.998	2026-08-30 19:11:32.093	2026-08-30 19:11:40.228	6.3s	2	6 GB	214.6 MB	2.7 GB	108.3%	0.3%	291.1 MB	9.5 MB
329	78/66a1a4	BGC_ANALYSIS:ANTISMASH_ANALYSIS:ANTISMASH (Pantoea_sp._UBA6551_UBA6551)	COMPLETED	0	2026-08-30 19:09:48.663	2026-08-30 19:09:48.761	2026-08-30 19:11:41.993	1m 51s	2	6 GB	510.7 MB	7.7 GB	113.0%	0.8%	6.3 GB	170 MB
363	15/347305	BGC_ANALYSIS:ANTISMASH_ANALYSIS:ANTISMASH (Candidatus_Pantoea_soli_DSM_32899)	COMPLETED	0	2026-08-30 19:11:23.493	2026-08-30 19:11:23.590	2026-08-30 19:11:43.863	18.5s	2	6 GB	738.6 MB	7.8 GB	127.1%	1.2%	847.7 MB	55.2 MB
354	1c/6770ac	BGC_ANALYSIS:ANTISMASH_ANALYSIS:ANTISMASH (Buchnera_aphidicola_Nipponaphis_monzeni_Nmo)	COMPLETED	0	2026-08-30 19:11:37.209	2026-08-30 19:11:37.306	2026-08-30 19:11:44.599	5.4s	2	6 GB	429.4 MB	7.2 GB	110.1%	0.7%	269.2 MB	7.7 MB
357	73/bcf049	BGC_ANALYSIS:ANTISMASH_ANALYSIS:ANTISMASH (Buchnera_aphidicola_Sarucallis_kahawaluokalani_Ska)	COMPLETED	0	2026-08-30 19:11:40.232	2026-08-30 19:11:40.329	2026-08-30 19:11:46.612	4.5s	2	6 GB	203.3 MB	2.7 GB	111.2%	0.3%	218.3 MB	4.1 MB
358	bc/33e820	BGC_ANALYSIS:ANTISMASH_ANALYSIS:ANTISMASH (Buchnera_aphidicola_Sitobion_avenae_Sav)	COMPLETED	0	2026-08-30 19:11:39.743	2026-08-30 19:11:39.839	2026-08-30 19:11:47.403	5.8s	2	6 GB	216.2 MB	2.7 GB	107.3%	0.3%	288.9 MB	9.4 MB
355	6d/14a81a	BGC_ANALYSIS:ANTISMASH_ANALYSIS:ANTISMASH (Buchnera_aphidicola_Rhopalosiphum_maidis_BTI)	COMPLETED	0	2026-08-30 19:11:41.996	2026-08-30 19:11:42.093	2026-08-30 19:11:48.713	4.9s	2	6 GB	204.7 MB	2.7 GB	108.4%	0.3%	243.4 MB	5.5 MB
361	ac/3bcfbf	BGC_ANALYSIS:ANTISMASH_ANALYSIS:ANTISMASH (Buchnera_aphidicola_Therioaphis_trifolii_Tma)	COMPLETED	0	2026-08-30 19:11:43.867	2026-08-30 19:11:43.964	2026-08-30 19:11:50.225	4.6s	2	6 GB	197.7 MB	2.7 GB	110.9%	0.3%	218.3 MB	4.1 MB
359	0d/38c96e	BGC_ANALYSIS:ANTISMASH_ANALYSIS:ANTISMASH (Buchnera_aphidicola_Stegophylla_sp._Ssp)	COMPLETED	0	2026-08-30 19:11:44.602	2026-08-30 19:11:44.700	2026-08-30 19:11:50.499	4s	2	6 GB	426.1 MB	7.2 GB	115.1%	0.7%	212.7 MB	3.8 MB
360	e0/896849	BGC_ANALYSIS:ANTISMASH_ANALYSIS:ANTISMASH (Buchnera_aphidicola_Thelaxes_californica_Tca)	COMPLETED	0	2026-08-30 19:11:48.717	2026-08-30 19:11:48.813	2026-08-30 19:11:56.056	5.5s	2	6 GB	211.2 MB	2.7 GB	108.2%	0.3%	272.3 MB	8 MB
561	71/cdc2cf	BGC_ANALYSIS:ANTISMASH_ANALYSIS:ANTISMASH (Erwinia_pyrifoliae_CP201264)	COMPLETED	0	2026-08-30 19:11:46.616	2026-08-30 19:11:46.713	2026-08-30 19:12:05.924	17.5s	2	6 GB	788.7 MB	7.8 GB	126.0%	1.3%	740.8 MB	50.7 MB
375	4b/e04282	BGC_ANALYSIS:ANTISMASH_ANALYSIS:ANTISMASH (Erwinia_tracheiphila_MDcuke)	COMPLETED	0	2026-08-30 19:11:50.229	2026-08-30 19:11:50.326	2026-08-30 19:12:11.035	19s	2	6 GB	913.3 MB	7.9 GB	126.4%	1.5%	824.1 MB	60.6 MB
333	71/c64907	BGC_ANALYSIS:ANTISMASH_ANALYSIS:ANTISMASH (Pantoea_sp._UBA7604_UBA7604)	COMPLETED	0	2026-08-30 19:10:17.301	2026-08-30 19:10:17.399	2026-08-30 19:12:18.520	1m 59s	2	6 GB	510.8 MB	7.7 GB	112.0%	0.8%	6.8 GB	184.9 MB
364	ac/3d3ee6	BGC_ANALYSIS:ANTISMASH_ANALYSIS:ANTISMASH (Curtobacterium_plantarum_LMG_16222)	COMPLETED	0	2026-08-30 19:11:50.502	2026-08-30 19:11:50.602	2026-08-30 19:12:20.375	28.1s	2	6 GB	681.4 MB	7.7 GB	96.2%	1.3%	1.2 GB	67.7 MB
377	1d/1e94f4	BGC_ANALYSIS:ANTISMASH_ANALYSIS:ANTISMASH (Mixta_calida_DE0300)	COMPLETED	0	2026-08-30 19:11:47.406	2026-08-30 19:11:47.503	2026-08-30 19:12:25.700	36.5s	2	6 GB	471.4 MB	7.6 GB	100.8%	0.7%	1.8 GB	64.7 MB
370	e8/d48d5d	BGC_ANALYSIS:ANTISMASH_ANALYSIS:ANTISMASH (Erwinia_rhapontici_BIGb0435)	COMPLETED	0	2026-08-30 19:11:56.060	2026-08-30 19:11:56.157	2026-08-30 19:12:27.793	29.6s	2	6 GB	706.8 MB	7.8 GB	97.5%	1.3%	1.3 GB	67.2 MB
365	65/11da71	BGC_ANALYSIS:ANTISMASH_ANALYSIS:ANTISMASH (Erwinia_amylovora_Ea321)	COMPLETED	0	2026-08-30 19:12:05.928	2026-08-30 19:12:06.024	2026-08-30 19:12:33.798	25.8s	2	6 GB	606.5 MB	7.7 GB	102.3%	1.0%	1.2 GB	57.5 MB
335	1f/f0a613	BGC_ANALYSIS:ANTISMASH_ANALYSIS:ANTISMASH (Pantoea_vagans_UBA6298)	COMPLETED	0	2026-08-30 19:10:46.491	2026-08-30 19:10:46.589	2026-08-30 19:12:47.851	1m 59s	2	6 GB	525 MB	7.7 GB	113.0%	0.8%	6.7 GB	183.8 MB
366	05/263482	BGC_ANALYSIS:ANTISMASH_ANALYSIS:ANTISMASH (Erwinia_amylovora_HKN06P1)	COMPLETED	0	2026-08-30 19:12:18.524	2026-08-30 19:12:18.620	2026-08-30 19:12:48.128	27.7s	2	6 GB	533.7 MB	7.3 GB	96.0%	1.0%	1.2 GB	58 MB
362	d1/2edc15	BGC_ANALYSIS:ANTISMASH_ANALYSIS:ANTISMASH (Candidatus_Pantoea_deserta_RIT388)	COMPLETED	0	2026-08-30 19:12:11.039	2026-08-30 19:12:11.134	2026-08-30 19:12:53.208	40.1s	2	6 GB	726.8 MB	7.8 GB	96.5%	1.3%	2 GB	87.2 MB
384	a7/07a88b	BGC_ANALYSIS:ANTISMASH_ANALYSIS:ANTISMASH (Pantoea_agglomerans_CFBP13516)	COMPLETED	0	2026-08-30 19:12:48.131	2026-08-30 19:12:48.228	2026-08-30 19:13:10.341	20.1s	2	6 GB	826.6 MB	7.8 GB	125.9%	1.3%	919.8 MB	64 MB
367	cf/38ef7c	BGC_ANALYSIS:ANTISMASH_ANALYSIS:ANTISMASH (Erwinia_persicina_B64)	COMPLETED	0	2026-08-30 19:12:27.797	2026-08-30 19:12:27.898	2026-08-30 19:13:18.745	49s	2	6 GB	4.7 GB	7.8 GB	132.1%	5.6%	13.6 GB	60.5 MB
371	a5/d2ab16	BGC_ANALYSIS:ANTISMASH_ANALYSIS:ANTISMASH (Erwinia_sp._198)	COMPLETED	0	2026-08-30 19:12:47.855	2026-08-30 19:12:47.951	2026-08-30 19:13:19.442	29.5s	2	6 GB	652.5 MB	7.7 GB	94.3%	1.0%	1.3 GB	67.2 MB
368	fb/3a8922	BGC_ANALYSIS:ANTISMASH_ANALYSIS:ANTISMASH (Erwinia_persicina_CFBP13511)	COMPLETED	0	2026-08-30 19:12:20.379	2026-08-30 19:12:20.476	2026-08-30 19:13:19.819	57.6s	2	6 GB	749.4 MB	7.8 GB	97.4%	1.3%	3 GB	114.5 MB
381	b4/c19ad0	BGC_ANALYSIS:ANTISMASH_ANALYSIS:ANTISMASH (Pantoea_agglomerans_Bl3)	COMPLETED	0	2026-08-30 19:12:53.212	2026-08-30 19:12:53.308	2026-08-30 19:13:20.501	25.4s	2	6 GB	657.3 MB	7.7 GB	103.8%	1.0%	1.2 GB	67.4 MB
369	66/87e095	BGC_ANALYSIS:ANTISMASH_ANALYSIS:ANTISMASH (Erwinia_psidii_IBSBF_435)	COMPLETED	0	2026-08-30 19:12:25.704	2026-08-30 19:12:25.800	2026-08-30 19:13:25.836	58.1s	2	6 GB	4.8 GB	7.7 GB	109.4%	7.6%	11.6 GB	71.5 MB
373	6e/b6bb9e	BGC_ANALYSIS:ANTISMASH_ANALYSIS:ANTISMASH (Erwinia_sp._QL-Z3)	COMPLETED	0	2026-08-30 19:13:25.841	2026-08-30 19:13:25.936	2026-08-30 19:13:46.798	18.7s	2	6 GB	846.3 MB	7.8 GB	137.6%	1.4%	847.5 MB	59.2 MB
388	19/faf82e	BGC_ANALYSIS:ANTISMASH_ANALYSIS:ANTISMASH (Pantoea_agglomerans_ES418)	COMPLETED	0	2026-08-30 19:13:10.345	2026-08-30 19:13:10.441	2026-08-30 19:13:49.536	37.3s	2	6 GB	746.4 MB	7.8 GB	96.3%	1.3%	1.7 GB	82.4 MB
372	67/5896cf	BGC_ANALYSIS:ANTISMASH_ANALYSIS:ANTISMASH (Erwinia_sp._JUb26)	COMPLETED	0	2026-08-30 19:13:19.445	2026-08-30 19:13:19.542	2026-08-30 19:13:52.875	31.6s	2	6 GB	709.1 MB	7.8 GB	96.2%	1.3%	1.2 GB	66.6 MB
379	e6/d55384	BGC_ANALYSIS:ANTISMASH_ANALYSIS:ANTISMASH (Pantoea_agglomerans_BD_1212)	COMPLETED	0	2026-08-30 19:13:18.748	2026-08-30 19:13:18.845	2026-08-30 19:14:15.017	54.4s	2	6 GB	496.7 MB	7.7 GB	105.5%	0.7%	2.8 GB	92.9 MB
382	5a/54ddfa	BGC_ANALYSIS:ANTISMASH_ANALYSIS:ANTISMASH (Pantoea_agglomerans_Bl3_2)	COMPLETED	0	2026-08-30 19:13:49.541	2026-08-30 19:13:49.636	2026-08-30 19:14:16.013	24.5s	2	6 GB	711.6 MB	7.8 GB	106.4%	1.3%	1.1 GB	65.9 MB
378	8f/88d1e6	BGC_ANALYSIS:ANTISMASH_ANALYSIS:ANTISMASH (Mixta_tenebrionis_BIT-26)	COMPLETED	0	2026-08-30 19:13:52.879	2026-08-30 19:13:52.975	2026-08-30 19:14:28.340	33.6s	2	6 GB	653.6 MB	7.7 GB	98.1%	1.1%	1.6 GB	74.8 MB
383	f1/faed80	BGC_ANALYSIS:ANTISMASH_ANALYSIS:ANTISMASH (Pantoea_agglomerans_CFBP13505)	COMPLETED	0	2026-08-30 19:14:15.021	2026-08-30 19:14:15.117	2026-08-30 19:14:37.206	20.3s	2	6 GB	794.1 MB	7.8 GB	129.4%	1.4%	876.7 MB	61.1 MB
389	26/0cc04a	BGC_ANALYSIS:ANTISMASH_ANALYSIS:ANTISMASH (Pantoea_agglomerans_L15)	COMPLETED	0	2026-08-30 19:14:16.016	2026-08-30 19:14:16.112	2026-08-30 19:14:37.828	19.9s	2	6 GB	768.1 MB	7.8 GB	130.6%	1.3%	854.9 MB	57.6 MB
395	54/fdf05e	BGC_ANALYSIS:ANTISMASH_ANALYSIS:ANTISMASH (Pantoea_ananatis_PANS_02-01)	COMPLETED	0	2026-08-30 19:13:19.822	2026-08-30 19:13:19.920	2026-08-30 19:14:39.409	1m 18s	2	6 GB	4.7 GB	7.8 GB	120.9%	4.1%	24.5 GB	71 MB
386	9d/ae7140	BGC_ANALYSIS:ANTISMASH_ANALYSIS:ANTISMASH (Pantoea_agglomerans_CFSAN047153)	COMPLETED	0	2026-08-30 19:14:28.344	2026-08-30 19:14:28.441	2026-08-30 19:14:50.080	19.7s	2	6 GB	819 MB	7.9 GB	124.4%	1.3%	912.6 MB	61.4 MB
394	24/2d4bd6	BGC_ANALYSIS:ANTISMASH_ANALYSIS:ANTISMASH (Pantoea_ananatis_NN08200)	COMPLETED	0	2026-08-30 19:14:37.210	2026-08-30 19:14:37.307	2026-08-30 19:14:58.474	19.4s	2	6 GB	850.1 MB	7.9 GB	133.9%	1.3%	872.9 MB	60.7 MB
380	b4/06d539	BGC_ANALYSIS:ANTISMASH_ANALYSIS:ANTISMASH (Pantoea_agglomerans_BD_1274)	COMPLETED	0	2026-08-30 19:13:20.505	2026-08-30 19:13:20.601	2026-08-30 19:15:05.463	1m 43s	2	6 GB	508.9 MB	7.7 GB	109.1%	0.8%	5.7 GB	163.7 MB
374	27/bbba2b	BGC_ANALYSIS:ANTISMASH_ANALYSIS:ANTISMASH (Erwinia_sp._UBA8792)	COMPLETED	0	2026-08-30 19:12:33.801	2026-08-30 19:12:33.898	2026-08-30 19:15:12.699	2m 37s	2	6 GB	622.3 MB	7.7 GB	104.3%	1.0%	10.1 GB	270.9 MB
390	27/73e449	BGC_ANALYSIS:ANTISMASH_ANALYSIS:ANTISMASH (Pantoea_agglomerans_TH81)	COMPLETED	0	2026-08-30 19:14:58.478	2026-08-30 19:14:58.574	2026-08-30 19:15:20.104	19.6s	2	6 GB	797.1 MB	7.8 GB	127.7%	1.3%	861.2 MB	58.7 MB
385	38/d1c28b	BGC_ANALYSIS:ANTISMASH_ANALYSIS:ANTISMASH (Pantoea_agglomerans_CFBP13532)	COMPLETED	0	2026-08-30 19:14:39.413	2026-08-30 19:14:39.510	2026-08-30 19:15:21.441	40s	2	6 GB	754.8 MB	7.8 GB	96.0%	1.3%	1.9 GB	85.6 MB
391	62/bf9267	BGC_ANALYSIS:ANTISMASH_ANALYSIS:ANTISMASH (Pantoea_ananatis_DE0584)	COMPLETED	0	2026-08-30 19:14:50.084	2026-08-30 19:14:50.180	2026-08-30 19:15:24.290	32.1s	2	6 GB	486.3 MB	7.7 GB	102.5%	0.8%	1.4 GB	58.4 MB
392	44/d038c1	BGC_ANALYSIS:ANTISMASH_ANALYSIS:ANTISMASH (Pantoea_ananatis_DZ-12)	COMPLETED	0	2026-08-30 19:14:37.831	2026-08-30 19:14:37.929	2026-08-30 19:15:24.495	44.7s	2	6 GB	4.7 GB	7.8 GB	127.1%	5.6%	10 GB	61.1 MB
387	63/414b98	BGC_ANALYSIS:ANTISMASH_ANALYSIS:ANTISMASH (Pantoea_agglomerans_CFSAN047154)	COMPLETED	0	2026-08-30 19:15:05.467	2026-08-30 19:15:05.563	2026-08-30 19:15:27.413	20s	2	6 GB	821.9 MB	7.8 GB	124.9%	1.4%	912.5 MB	61.4 MB
403	d3/e133ee	BGC_ANALYSIS:ANTISMASH_ANALYSIS:ANTISMASH (Pantoea_dispersa_C34)	COMPLETED	0	2026-08-30 19:15:24.293	2026-08-30 19:15:24.391	2026-08-30 19:15:45.799	19.6s	2	6 GB	834.6 MB	7.9 GB	127.3%	1.4%	896.2 MB	61 MB
376	14/962241	BGC_ANALYSIS:ANTISMASH_ANALYSIS:ANTISMASH (Erwiniaceae_bacterium_UBA11982)	COMPLETED	0	2026-08-30 19:13:46.802	2026-08-30 19:13:46.897	2026-08-30 19:15:46.925	1m 58s	2	6 GB	597.4 MB	7.7 GB	104.5%	1.0%	7.6 GB	207.7 MB
398	e2/5f80bd	BGC_ANALYSIS:ANTISMASH_ANALYSIS:ANTISMASH (Pantoea_ananatis_PNA_86-1)	COMPLETED	0	2026-08-30 19:15:27.416	2026-08-30 19:15:27.513	2026-08-30 19:15:56.573	27.3s	2	6 GB	662.4 MB	7.7 GB	96.2%	1.1%	1.2 GB	61.5 MB
400	04/ec9420	BGC_ANALYSIS:ANTISMASH_ANALYSIS:ANTISMASH (Pantoea_anthophila_LMG_2558)	COMPLETED	0	2026-08-30 19:15:21.445	2026-08-30 19:15:21.541	2026-08-30 19:15:59.323	36s	2	6 GB	684.1 MB	7.7 GB	96.2%	1.2%	1.8 GB	79.6 MB
399	1e/5d4fc4	BGC_ANALYSIS:ANTISMASH_ANALYSIS:ANTISMASH (Pantoea_ananatis_UBA12293)	COMPLETED	0	2026-08-30 19:15:20.108	2026-08-30 19:15:20.204	2026-08-30 19:16:05.195	43s	2	6 GB	678.6 MB	7.7 GB	95.1%	1.3%	2.2 GB	89.8 MB
393	31/527da9	BGC_ANALYSIS:ANTISMASH_ANALYSIS:ANTISMASH (Pantoea_ananatis_F-C2)	COMPLETED	0	2026-08-30 19:15:12.703	2026-08-30 19:15:12.799	2026-08-30 19:16:05.968	51.2s	2	6 GB	4.7 GB	7.7 GB	110.8%	4.7%	10.3 GB	67 MB
402	d6/9974d1	BGC_ANALYSIS:ANTISMASH_ANALYSIS:ANTISMASH (Pantoea_deleyi_LMG_24200_2)	COMPLETED	0	2026-08-30 19:15:24.499	2026-08-30 19:15:24.595	2026-08-30 19:16:06.927	40.5s	2	6 GB	687.4 MB	7.7 GB	97.6%	1.2%	2.1 GB	87.4 MB
396	99/e26893	BGC_ANALYSIS:ANTISMASH_ANALYSIS:ANTISMASH (Pantoea_ananatis_PANS_200-1)	COMPLETED	0	2026-08-30 19:15:46.928	2026-08-30 19:15:47.026	2026-08-30 19:16:11.930	23.2s	2	6 GB	701.9 MB	7.7 GB	103.7%	1.2%	1007.7 MB	56.7 MB
411	94/c4cdbb	BGC_ANALYSIS:ANTISMASH_ANALYSIS:ANTISMASH (Pantoea_sp._M_8)	COMPLETED	0	2026-08-30 19:15:45.803	2026-08-30 19:15:45.899	2026-08-30 19:16:14.556	27s	2	6 GB	675.1 MB	7.7 GB	94.0%	1.2%	1.2 GB	64.9 MB
401	e5/299d57	BGC_ANALYSIS:ANTISMASH_ANALYSIS:ANTISMASH (Pantoea_beijingensis_LMG_27579)	COMPLETED	0	2026-08-30 19:15:56.576	2026-08-30 19:15:56.674	2026-08-30 19:16:28.410	29.9s	2	6 GB	601.8 MB	7.7 GB	94.3%	1.0%	1.5 GB	66.4 MB
407	b9/61b032	BGC_ANALYSIS:ANTISMASH_ANALYSIS:ANTISMASH (Pantoea_piersonii_IIIF1SW-P2)	COMPLETED	0	2026-08-30 19:15:59.327	2026-08-30 19:15:59.424	2026-08-30 19:16:30.494	29.3s	2	6 GB	732.2 MB	7.8 GB	97.6%	1.3%	1.3 GB	69.5 MB
405	d0/3525aa	BGC_ANALYSIS:ANTISMASH_ANALYSIS:ANTISMASH (Pantoea_dispersa_bio)	COMPLETED	0	2026-08-30 19:16:05.199	2026-08-30 19:16:05.295	2026-08-30 19:16:35.834	28.8s	2	6 GB	733.5 MB	7.8 GB	98.2%	1.3%	1.3 GB	70 MB
417	26/638e49	BGC_ANALYSIS:ANTISMASH_ANALYSIS:ANTISMASH (Pantoea_sp._SJZ147)	COMPLETED	0	2026-08-30 19:16:06.931	2026-08-30 19:16:07.027	2026-08-30 19:16:38.101	29.3s	2	6 GB	682.2 MB	7.7 GB	93.7%	1.2%	1.4 GB	66.5 MB
413	2a/4d1adb	BGC_ANALYSIS:ANTISMASH_ANALYSIS:ANTISMASH (Pantoea_sp._PMG_056)	COMPLETED	0	2026-08-30 19:16:05.971	2026-08-30 19:16:06.068	2026-08-30 19:16:48.906	41s	2	6 GB	663.2 MB	7.7 GB	97.0%	1.1%	2.1 GB	88.5 MB
418	f2/1a6c2f	BGC_ANALYSIS:ANTISMASH_ANALYSIS:ANTISMASH (Pantoea_sp._SO10)	COMPLETED	0	2026-08-30 19:16:28.416	2026-08-30 19:16:28.510	2026-08-30 19:16:51.020	20.7s	2	6 GB	790.6 MB	7.8 GB	130.3%	1.4%	880.4 MB	59.9 MB
406	c2/aa2beb	BGC_ANALYSIS:ANTISMASH_ANALYSIS:ANTISMASH (Pantoea_eucalypti_LMG_24197)	COMPLETED	0	2026-08-30 19:16:11.933	2026-08-30 19:16:12.031	2026-08-30 19:16:55.964	41.8s	2	6 GB	682.8 MB	7.7 GB	98.2%	1.2%	2.2 GB	91 MB
415	e3/b13ad2	BGC_ANALYSIS:ANTISMASH_ANALYSIS:ANTISMASH (Pantoea_sp._PSNIH1_DE0017)	COMPLETED	0	2026-08-30 19:16:48.909	2026-08-30 19:16:49.006	2026-08-30 19:17:11.650	20.8s	2	6 GB	512.5 MB	7.8 GB	114.9%	0.7%	965.5 MB	41.6 MB
412	b6/2aa451	BGC_ANALYSIS:ANTISMASH_ANALYSIS:ANTISMASH (Pantoea_sp._M_9)	COMPLETED	0	2026-08-30 19:16:51.024	2026-08-30 19:16:51.120	2026-08-30 19:17:19.313	26.3s	2	6 GB	637.8 MB	7.7 GB	97.7%	1.0%	1.2 GB	58.7 MB
414	73/fc4dd4	BGC_ANALYSIS:ANTISMASH_ANALYSIS:ANTISMASH (Pantoea_sp._PNA_14-12)	COMPLETED	0	2026-08-30 19:16:35.838	2026-08-30 19:16:35.934	2026-08-30 19:17:32.618	54.8s	2	6 GB	4.8 GB	8 GB	123.7%	8.1%	16.2 GB	56.3 MB
397	54/bb555d	BGC_ANALYSIS:ANTISMASH_ANALYSIS:ANTISMASH (Pantoea_ananatis_PNA_07-10)	COMPLETED	0	2026-08-30 19:16:55.968	2026-08-30 19:16:56.065	2026-08-30 19:17:48.834	50.7s	2	6 GB	4.8 GB	8 GB	111.7%	6.6%	10.7 GB	59.2 MB
409	ab/ee639e	BGC_ANALYSIS:ANTISMASH_ANALYSIS:ANTISMASH (Pantoea_sp._3_1284)	COMPLETED	0	2026-08-30 19:17:48.838	2026-08-30 19:17:48.934	2026-08-30 19:18:24.595	33.8s	2	6 GB	643.5 MB	7.7 GB	98.0%	1.0%	1.7 GB	72.9 MB
408	91/93d953	BGC_ANALYSIS:ANTISMASH_ANALYSIS:ANTISMASH (Pantoea_piersonii_ISS-IIIF5SW)	COMPLETED	0	2026-08-30 19:17:11.654	2026-08-30 19:17:11.749	2026-08-30 19:18:25.763	1m 12s	2	6 GB	486.2 MB	7.7 GB	107.5%	0.7%	3.9 GB	120 MB
416	34/a6bb34	BGC_ANALYSIS:ANTISMASH_ANALYSIS:ANTISMASH (Pantoea_sp._R102)	COMPLETED	0	2026-08-30 19:16:38.105	2026-08-30 19:16:38.201	2026-08-30 19:18:33.791	1m 54s	2	6 GB	708.9 MB	7.8 GB	103.2%	1.3%	7 GB	208.3 MB
404	1d/36b93b	BGC_ANALYSIS:ANTISMASH_ANALYSIS:ANTISMASH (Pantoea_dispersa_PD_192)	COMPLETED	0	2026-08-30 19:17:32.621	2026-08-30 19:17:32.718	2026-08-30 19:18:41.651	1m 7s	2	6 GB	723.7 MB	7.8 GB	102.3%	1.3%	3.9 GB	132.5 MB
419	9d/eac0fb	BGC_ANALYSIS:ANTISMASH_ANALYSIS:ANTISMASH (Pantoea_sp._UBA10657)	COMPLETED	0	2026-08-30 19:16:14.560	2026-08-30 19:16:14.657	2026-08-30 19:18:49.220	2m 33s	2	6 GB	661.4 MB	7.7 GB	105.3%	1.1%	10 GB	273.5 MB
432	81/bc13da	BGC_ANALYSIS:ANTISMASH_ANALYSIS:ANTISMASH (Pantoea_sp._VH_8)	COMPLETED	0	2026-08-30 19:18:24.600	2026-08-30 19:18:24.695	2026-08-30 19:19:04.597	38.1s	2	6 GB	706.1 MB	7.8 GB	96.4%	1.3%	1.9 GB	84.8 MB
420	3b/2a1679	BGC_ANALYSIS:ANTISMASH_ANALYSIS:ANTISMASH (Pantoea_sp._UBA11287)	COMPLETED	0	2026-08-30 19:18:33.795	2026-08-30 19:18:33.891	2026-08-30 19:19:08.076	32.4s	2	6 GB	637 MB	7.7 GB	95.7%	1.0%	1.6 GB	68.6 MB
434	c7/9086aa	BGC_ANALYSIS:ANTISMASH_ANALYSIS:ANTISMASH (Pantoea_sp._paga)	COMPLETED	0	2026-08-30 19:18:41.655	2026-08-30 19:18:41.751	2026-08-30 19:19:14.875	31.3s	2	6 GB	720.1 MB	7.8 GB	98.9%	1.3%	1.4 GB	72.7 MB
410	eb/600b55	BGC_ANALYSIS:ANTISMASH_ANALYSIS:ANTISMASH (Pantoea_sp._CCBC3-3-1)	COMPLETED	0	2026-08-30 19:18:49.224	2026-08-30 19:18:49.320	2026-08-30 19:19:16.381	25.2s	2	6 GB	657.6 MB	7.9 GB	127.9%	1.1%	874.8 MB	47.2 MB
422	0f/39e82a	BGC_ANALYSIS:ANTISMASH_ANALYSIS:ANTISMASH (Pantoea_sp._UBA12230)	COMPLETED	0	2026-08-30 19:16:30.497	2026-08-30 19:16:30.595	2026-08-30 19:19:18.664	2m 46s	2	6 GB	643 MB	7.7 GB	105.1%	1.0%	11 GB	293.9 MB
421	46/ef0e78	BGC_ANALYSIS:ANTISMASH_ANALYSIS:ANTISMASH (Pantoea_sp._UBA11431)	COMPLETED	0	2026-08-30 19:17:19.316	2026-08-30 19:17:19.413	2026-08-30 19:19:32.216	2m 11s	2	6 GB	681.5 MB	7.8 GB	105.0%	1.2%	8.5 GB	240.6 MB
435	23/b02c56	BGC_ANALYSIS:ANTISMASH_ANALYSIS:ANTISMASH (Pantoea_vagans_ET-90)	COMPLETED	0	2026-08-30 19:19:04.601	2026-08-30 19:19:04.698	2026-08-30 19:19:38.868	32.3s	2	6 GB	708.1 MB	7.8 GB	96.6%	1.3%	1.5 GB	74.4 MB
426	8a/547b79	BGC_ANALYSIS:ANTISMASH_ANALYSIS:ANTISMASH (Pantoea_sp._VH_16)	COMPLETED	0	2026-08-30 19:19:16.385	2026-08-30 19:19:16.481	2026-08-30 19:19:54.488	36.2s	2	6 GB	720.3 MB	7.8 GB	95.4%	1.3%	1.7 GB	80.8 MB
431	27/db38db	BGC_ANALYSIS:ANTISMASH_ANALYSIS:ANTISMASH (Pantoea_sp._VH_4)	COMPLETED	0	2026-08-30 19:19:18.667	2026-08-30 19:19:18.764	2026-08-30 19:19:57.343	36.7s	2	6 GB	696.2 MB	7.8 GB	96.0%	1.2%	1.8 GB	83 MB
441	d8/6ba1db	BGC_ANALYSIS:ANTISMASH_ANALYSIS:ANTISMASH (Pantoea_agglomerans_GD03966)	COMPLETED	0	2026-08-30 19:19:38.872	2026-08-30 19:19:38.968	2026-08-30 19:20:07.745	26.8s	2	6 GB	652 MB	7.7 GB	97.7%	1.0%	1.2 GB	66.9 MB
440	b4/470c9e	BGC_ANALYSIS:ANTISMASH_ANALYSIS:ANTISMASH (Erwiniaceae_bacterium_L1_55_4)	COMPLETED	0	2026-08-30 19:19:32.219	2026-08-30 19:19:32.316	2026-08-30 19:20:10.352	36.2s	2	6 GB	700.9 MB	7.8 GB	96.0%	1.3%	1.7 GB	81.4 MB
429	2b/acf915	BGC_ANALYSIS:ANTISMASH_ANALYSIS:ANTISMASH (Pantoea_sp._VH_25)	COMPLETED	0	2026-08-30 19:19:57.347	2026-08-30 19:19:57.443	2026-08-30 19:20:36.152	36.9s	2	6 GB	716.4 MB	7.8 GB	95.9%	1.3%	1.8 GB	82.8 MB
437	bd/60199f	BGC_ANALYSIS:ANTISMASH_ANALYSIS:ANTISMASH (Erwinia_sp._V90_4)	COMPLETED	0	2026-08-30 19:19:54.492	2026-08-30 19:19:54.588	2026-08-30 19:20:41.699	45.3s	2	6 GB	714.3 MB	7.8 GB	96.4%	1.3%	2.2 GB	96.5 MB
428	90/23def0	BGC_ANALYSIS:ANTISMASH_ANALYSIS:ANTISMASH (Pantoea_sp._VH_24)	COMPLETED	0	2026-08-30 19:20:07.748	2026-08-30 19:20:07.844	2026-08-30 19:20:45.729	36.1s	2	6 GB	719.3 MB	7.8 GB	94.6%	1.3%	1.8 GB	80.8 MB
444	2c/3e1164	BGC_ANALYSIS:ANTISMASH_ANALYSIS:ANTISMASH (Pantoea_ananatis_02-12_2)	COMPLETED	0	2026-08-30 19:20:10.356	2026-08-30 19:20:10.453	2026-08-30 19:21:03.722	51.5s	2	6 GB	4.6 GB	7.7 GB	119.3%	5.5%	10.3 GB	53.1 MB
443	78/89d55e	BGC_ANALYSIS:ANTISMASH_ANALYSIS:ANTISMASH (Pantoea_ananatis_01-1)	COMPLETED	0	2026-08-30 19:20:41.702	2026-08-30 19:20:41.799	2026-08-30 19:21:14.010	30.3s	2	6 GB	501.3 MB	7.7 GB	104.2%	0.8%	1.3 GB	56.6 MB
423	69/c0e0af	BGC_ANALYSIS:ANTISMASH_ANALYSIS:ANTISMASH (Pantoea_sp._UBA8265)	COMPLETED	0	2026-08-30 19:18:25.767	2026-08-30 19:18:25.864	2026-08-30 19:21:14.431	2m 47s	2	6 GB	673.6 MB	7.7 GB	105.0%	1.2%	10.9 GB	298.9 MB
430	ca/adbb89	BGC_ANALYSIS:ANTISMASH_ANALYSIS:ANTISMASH (Pantoea_sp._VH_3)	COMPLETED	0	2026-08-30 19:20:36.156	2026-08-30 19:20:36.253	2026-08-30 19:21:18.745	40.5s	2	6 GB	691.2 MB	7.8 GB	96.4%	1.2%	2.1 GB	89.1 MB
433	d6/ff60a6	BGC_ANALYSIS:ANTISMASH_ANALYSIS:ANTISMASH (Pantoea_sp._YU22)	COMPLETED	0	2026-08-30 19:20:45.732	2026-08-30 19:20:45.829	2026-08-30 19:21:22.246	34.6s	2	6 GB	708.1 MB	7.8 GB	97.5%	1.3%	1.6 GB	76.9 MB
446	54/72b7df	BGC_ANALYSIS:ANTISMASH_ANALYSIS:ANTISMASH (Pantoea_ananatis_03-2)	COMPLETED	0	2026-08-30 19:21:03.726	2026-08-30 19:21:03.822	2026-08-30 19:21:37.747	32.1s	2	6 GB	521 MB	7.8 GB	106.6%	0.8%	1.5 GB	60.3 MB
425	ce/1fd6f8	BGC_ANALYSIS:ANTISMASH_ANALYSIS:ANTISMASH (Pantoea_sp._UBA9284)	COMPLETED	0	2026-08-30 19:19:14.878	2026-08-30 19:19:14.975	2026-08-30 19:21:41.609	2m 25s	2	6 GB	543.6 MB	7.3 GB	104.5%	1.0%	9.6 GB	259.6 MB
424	ae/d20a40	BGC_ANALYSIS:ANTISMASH_ANALYSIS:ANTISMASH (Pantoea_sp._UBA8679)	COMPLETED	0	2026-08-30 19:19:08.080	2026-08-30 19:19:08.176	2026-08-30 19:21:42.202	2m 32s	2	6 GB	669.5 MB	7.7 GB	104.3%	1.1%	9.9 GB	272.1 MB
427	5f/4d7225	BGC_ANALYSIS:ANTISMASH_ANALYSIS:ANTISMASH (Pantoea_sp._VH_18)	COMPLETED	0	2026-08-30 19:21:14.435	2026-08-30 19:21:14.532	2026-08-30 19:21:52.218	35.9s	2	6 GB	698.6 MB	7.8 GB	94.3%	1.3%	1.7 GB	79.9 MB
439	e5/562202	BGC_ANALYSIS:ANTISMASH_ANALYSIS:ANTISMASH (Erwiniaceae_bacterium_L1_54_6)	COMPLETED	0	2026-08-30 19:21:22.249	2026-08-30 19:21:22.347	2026-08-30 19:22:00.644	36.5s	2	6 GB	743.8 MB	7.8 GB	100.6%	1.3%	1.6 GB	90.3 MB
436	56/863d10	BGC_ANALYSIS:ANTISMASH_ANALYSIS:ANTISMASH (Pantoea_vagans_LMG_24199)	COMPLETED	0	2026-08-30 19:21:41.612	2026-08-30 19:21:41.709	2026-08-30 19:22:02.475	19s	2	6 GB	805.5 MB	7.8 GB	130.2%	1.3%	826.8 MB	56.4 MB
438	51/76c589	BGC_ANALYSIS:ANTISMASH_ANALYSIS:ANTISMASH (Erwiniaceae_bacterium_L1_54_3)	COMPLETED	0	2026-08-30 19:21:18.748	2026-08-30 19:21:18.845	2026-08-30 19:22:04.530	43.7s	2	6 GB	755.1 MB	7.8 GB	95.1%	1.3%	2 GB	97 MB
448	64/24e8e2	BGC_ANALYSIS:ANTISMASH_ANALYSIS:ANTISMASH (Pantoea_ananatis_06-4)	COMPLETED	0	2026-08-30 19:21:14.013	2026-08-30 19:21:14.110	2026-08-30 19:22:07.478	51.6s	2	6 GB	4.6 GB	7.7 GB	114.3%	3.8%	10.2 GB	52.3 MB
442	9c/5d8a15	BGC_ANALYSIS:ANTISMASH_ANALYSIS:ANTISMASH (Pantoea_agglomerans_RIT-To-3)	COMPLETED	0	2026-08-30 19:21:37.751	2026-08-30 19:21:37.847	2026-08-30 19:22:19.291	39.5s	2	6 GB	510.1 MB	7.8 GB	102.9%	0.9%	1.8 GB	69.4 MB
458	21/aa80ce	BGC_ANALYSIS:ANTISMASH_ANALYSIS:ANTISMASH (Pantoea_ananatis_11-1)	COMPLETED	0	2026-08-30 19:22:02.479	2026-08-30 19:22:02.575	2026-08-30 19:22:36.526	32.1s	2	6 GB	493.3 MB	7.8 GB	103.2%	0.7%	1.3 GB	56.7 MB
453	24/bd1f9c	BGC_ANALYSIS:ANTISMASH_ANALYSIS:ANTISMASH (Pantoea_ananatis_1-10)	COMPLETED	0	2026-08-30 19:22:07.482	2026-08-30 19:22:07.579	2026-08-30 19:22:37.261	27.6s	2	6 GB	540.7 MB	7.8 GB	111.2%	0.7%	1.2 GB	54.1 MB
445	8c/847a12	BGC_ANALYSIS:ANTISMASH_ANALYSIS:ANTISMASH (Pantoea_ananatis_03-1)	COMPLETED	0	2026-08-30 19:21:42.206	2026-08-30 19:21:42.302	2026-08-30 19:22:37.955	53.9s	2	6 GB	4.6 GB	7.8 GB	113.2%	7.9%	10.4 GB	55.4 MB
449	7a/6aa85d	BGC_ANALYSIS:ANTISMASH_ANALYSIS:ANTISMASH (Pantoea_ananatis_07-1)	COMPLETED	0	2026-08-30 19:21:52.221	2026-08-30 19:21:52.318	2026-08-30 19:22:51.686	57.5s	2	6 GB	4.6 GB	7.8 GB	110.7%	5.5%	10.5 GB	58.5 MB
450	ae/c92f59	BGC_ANALYSIS:ANTISMASH_ANALYSIS:ANTISMASH (Pantoea_ananatis_07-10)	COMPLETED	0	2026-08-30 19:22:00.648	2026-08-30 19:22:00.745	2026-08-30 19:22:55.147	52.6s	2	6 GB	4.6 GB	7.8 GB	113.2%	7.7%	10.2 GB	52.5 MB
447	10/b18d68	BGC_ANALYSIS:ANTISMASH_ANALYSIS:ANTISMASH (Pantoea_ananatis_05-1)	COMPLETED	0	2026-08-30 19:22:04.537	2026-08-30 19:22:04.630	2026-08-30 19:23:09.849	1m 3s	2	6 GB	4.7 GB	7.9 GB	110.6%	7.3%	11.1 GB	63.7 MB
464	2c/5f7712	BGC_ANALYSIS:ANTISMASH_ANALYSIS:ANTISMASH (Pantoea_ananatis_18-2)	COMPLETED	0	2026-08-30 19:22:19.295	2026-08-30 19:22:19.392	2026-08-30 19:23:12.900	51.6s	2	6 GB	4.7 GB	7.8 GB	117.6%	5.7%	10.2 GB	52.1 MB
452	68/341e84	BGC_ANALYSIS:ANTISMASH_ANALYSIS:ANTISMASH (Pantoea_ananatis_08-1)	COMPLETED	0	2026-08-30 19:22:36.531	2026-08-30 19:22:36.626	2026-08-30 19:23:34.351	56s	2	6 GB	4.7 GB	7.8 GB	114.0%	6.0%	10.3 GB	53.7 MB
466	0b/2fe7a7	BGC_ANALYSIS:ANTISMASH_ANALYSIS:ANTISMASH (Pantoea_ananatis_18-7S)	COMPLETED	0	2026-08-30 19:22:37.264	2026-08-30 19:22:37.361	2026-08-30 19:23:34.499	55.2s	2	6 GB	4.7 GB	7.7 GB	114.3%	5.5%	10.3 GB	53.6 MB
454	1c/13447d	BGC_ANALYSIS:ANTISMASH_ANALYSIS:ANTISMASH (Pantoea_ananatis_1-2)	COMPLETED	0	2026-08-30 19:22:37.959	2026-08-30 19:22:38.056	2026-08-30 19:23:35.857	55.9s	2	6 GB	4.7 GB	7.8 GB	114.7%	8.0%	10.3 GB	54.7 MB
465	13/35f8da	BGC_ANALYSIS:ANTISMASH_ANALYSIS:ANTISMASH (Pantoea_ananatis_18-6S)	COMPLETED	0	2026-08-30 19:22:55.150	2026-08-30 19:22:55.247	2026-08-30 19:23:37.100	39.9s	2	6 GB	491.8 MB	7.7 GB	102.4%	0.7%	1.8 GB	67.7 MB
460	d9/1868c2	BGC_ANALYSIS:ANTISMASH_ANALYSIS:ANTISMASH (Pantoea_ananatis_15-1)	COMPLETED	0	2026-08-30 19:22:51.689	2026-08-30 19:22:51.786	2026-08-30 19:23:50.240	56.8s	2	6 GB	4.6 GB	7.7 GB	111.0%	3.0%	10.4 GB	56.8 MB
456	52/74e5a0	BGC_ANALYSIS:ANTISMASH_ANALYSIS:ANTISMASH (Pantoea_ananatis_1-6)	COMPLETED	0	2026-08-30 19:23:12.904	2026-08-30 19:23:13.000	2026-08-30 19:24:06.941	52s	2	6 GB	4.6 GB	7.8 GB	115.0%	3.7%	10.2 GB	50.8 MB
463	05/6ca520	BGC_ANALYSIS:ANTISMASH_ANALYSIS:ANTISMASH (Pantoea_ananatis_18-10S)	COMPLETED	0	2026-08-30 19:23:37.103	2026-08-30 19:23:37.200	2026-08-30 19:24:17.565	38.8s	2	6 GB	503.1 MB	7.8 GB	100.6%	0.8%	1.7 GB	66.7 MB
457	d3/19ccf8	BGC_ANALYSIS:ANTISMASH_ANALYSIS:ANTISMASH (Pantoea_ananatis_1-8)	COMPLETED	0	2026-08-30 19:23:50.245	2026-08-30 19:23:50.341	2026-08-30 19:24:25.736	33.5s	2	6 GB	497.5 MB	7.8 GB	104.5%	0.7%	1.4 GB	59.9 MB
459	06/5e7c4f	BGC_ANALYSIS:ANTISMASH_ANALYSIS:ANTISMASH (Pantoea_ananatis_13-1)	COMPLETED	0	2026-08-30 19:23:34.356	2026-08-30 19:23:34.451	2026-08-30 19:24:30.580	54.2s	2	6 GB	4.7 GB	7.8 GB	111.3%	5.2%	9.1 GB	55 MB
461	ed/f7fa7b	BGC_ANALYSIS:ANTISMASH_ANALYSIS:ANTISMASH (Pantoea_ananatis_15-3)	COMPLETED	0	2026-08-30 19:24:06.946	2026-08-30 19:24:07.041	2026-08-30 19:24:40.188	31.2s	2	6 GB	499 MB	7.8 GB	102.5%	0.7%	1.3 GB	56.8 MB
451	6e/b1db33	BGC_ANALYSIS:ANTISMASH_ANALYSIS:ANTISMASH (Pantoea_ananatis_07-14)	COMPLETED	0	2026-08-30 19:23:34.505	2026-08-30 19:23:34.599	2026-08-30 19:24:41.609	1m 5s	2	6 GB	3.3 GB	7.7 GB	119.1%	5.3%	18.8 GB	57.4 MB
472	90/96ab3e	BGC_ANALYSIS:ANTISMASH_ANALYSIS:ANTISMASH (Pantoea_ananatis_2-5)	COMPLETED	0	2026-08-30 19:23:35.861	2026-08-30 19:23:35.957	2026-08-30 19:24:49.517	1m 12s	2	6 GB	4.7 GB	7.9 GB	127.5%	3.1%	23.4 GB	55.4 MB
469	f6/343c7c	BGC_ANALYSIS:ANTISMASH_ANALYSIS:ANTISMASH (Pantoea_ananatis_19-20)	COMPLETED	0	2026-08-30 19:23:09.854	2026-08-30 19:23:09.949	2026-08-30 19:24:49.518	1m 38s	2	6 GB	4.6 GB	7.7 GB	110.1%	5.5%	12.3 GB	119.6 MB
462	2d/60e241	BGC_ANALYSIS:ANTISMASH_ANALYSIS:ANTISMASH (Pantoea_ananatis_18-10)	COMPLETED	0	2026-08-30 19:24:30.585	2026-08-30 19:24:30.680	2026-08-30 19:25:07.659	35.1s	2	6 GB	514.4 MB	7.8 GB	102.7%	0.7%	1.5 GB	62.6 MB
467	c2/a45f8b	BGC_ANALYSIS:ANTISMASH_ANALYSIS:ANTISMASH (Pantoea_ananatis_18-8S)	COMPLETED	0	2026-08-30 19:24:40.192	2026-08-30 19:24:40.287	2026-08-30 19:25:19.471	37.3s	2	6 GB	486.1 MB	7.8 GB	102.7%	0.7%	1.7 GB	66.2 MB
468	48/955166	BGC_ANALYSIS:ANTISMASH_ANALYSIS:ANTISMASH (Pantoea_ananatis_19-13)	COMPLETED	0	2026-08-30 19:24:17.569	2026-08-30 19:24:17.665	2026-08-30 19:25:19.749	59.9s	2	6 GB	4.6 GB	7.8 GB	110.2%	5.5%	10.7 GB	63.7 MB
455	9e/5d9793	BGC_ANALYSIS:ANTISMASH_ANALYSIS:ANTISMASH (Pantoea_ananatis_1-5)	COMPLETED	0	2026-08-30 19:24:25.741	2026-08-30 19:24:25.836	2026-08-30 19:25:20.346	52.7s	2	6 GB	4.6 GB	7.8 GB	113.3%	7.9%	10.3 GB	52.3 MB
488	ea/002619	BGC_ANALYSIS:ANTISMASH_ANALYSIS:ANTISMASH (Pantoea_ananatis_98-3)	COMPLETED	0	2026-08-30 19:25:07.664	2026-08-30 19:25:07.759	2026-08-30 19:25:41.174	31.5s	2	6 GB	521.2 MB	7.8 GB	105.4%	0.7%	1.4 GB	58.8 MB
484	4e/0cf523	BGC_ANALYSIS:ANTISMASH_ANALYSIS:ANTISMASH (Pantoea_ananatis_98-1)	COMPLETED	0	2026-08-30 19:24:41.613	2026-08-30 19:24:41.709	2026-08-30 19:25:43.531	60s	2	6 GB	4.6 GB	7.7 GB	109.8%	7.2%	10.6 GB	61.6 MB
477	5a/b609c2	BGC_ANALYSIS:ANTISMASH_ANALYSIS:ANTISMASH (Pantoea_ananatis_200-12)	COMPLETED	0	2026-08-30 19:24:49.522	2026-08-30 19:24:49.618	2026-08-30 19:25:45.963	54.5s	2	6 GB	4.7 GB	7.8 GB	111.3%	7.4%	10.4 GB	56.7 MB
480	39/a9c750	BGC_ANALYSIS:ANTISMASH_ANALYSIS:ANTISMASH (Pantoea_ananatis_92-7)	COMPLETED	0	2026-08-30 19:24:49.527	2026-08-30 19:24:49.619	2026-08-30 19:25:46.316	54.9s	2	6 GB	4.6 GB	7.8 GB	110.4%	3.1%	10.4 GB	56.9 MB
475	5c/2dfc16	BGC_ANALYSIS:ANTISMASH_ANALYSIS:ANTISMASH (Pantoea_ananatis_200-1)	COMPLETED	0	2026-08-30 19:25:19.475	2026-08-30 19:25:19.572	2026-08-30 19:25:50.536	29s	2	6 GB	510.4 MB	7.8 GB	104.2%	0.7%	1.2 GB	52.8 MB
487	b5/1de105	BGC_ANALYSIS:ANTISMASH_ANALYSIS:ANTISMASH (Pantoea_ananatis_98-2)	COMPLETED	0	2026-08-30 19:25:19.753	2026-08-30 19:25:19.850	2026-08-30 19:26:33.561	1m 12s	2	6 GB	4.7 GB	8 GB	115.8%	3.1%	19 GB	63.2 MB
479	5a/0dcae0	BGC_ANALYSIS:ANTISMASH_ANALYSIS:ANTISMASH (Pantoea_ananatis_4-2)	COMPLETED	0	2026-08-30 19:25:20.350	2026-08-30 19:25:20.446	2026-08-30 19:26:38.899	1m 16s	2	6 GB	4.8 GB	7.8 GB	123.4%	4.0%	23.4 GB	58.8 MB
476	b2/7f9022	BGC_ANALYSIS:ANTISMASH_ANALYSIS:ANTISMASH (Pantoea_ananatis_200-10)	COMPLETED	0	2026-08-30 19:25:43.535	2026-08-30 19:25:43.632	2026-08-30 19:26:43.183	57.8s	2	6 GB	3.2 GB	7.8 GB	111.1%	3.1%	10.5 GB	58.3 MB
490	b5/cb4320	BGC_ANALYSIS:ANTISMASH_ANALYSIS:ANTISMASH (Pantoea_ananatis_98-8)	COMPLETED	0	2026-08-30 19:25:45.967	2026-08-30 19:25:46.063	2026-08-30 19:26:54.269	1m 6s	2	6 GB	4.6 GB	7.8 GB	110.0%	6.6%	10.4 GB	56.4 MB
474	1e/f391d0	BGC_ANALYSIS:ANTISMASH_ANALYSIS:ANTISMASH (Pantoea_ananatis_2-7)	COMPLETED	0	2026-08-30 19:25:50.540	2026-08-30 19:25:50.635	2026-08-30 19:27:17.095	1m 24s	2	6 GB	4.7 GB	7.8 GB	121.1%	7.2%	23.5 GB	55.9 MB
493	52/f4a8d3	BGC_ANALYSIS:ANTISMASH_ANALYSIS:ANTISMASH (Pantoea_ananatis_99-11)	COMPLETED	0	2026-08-30 19:25:46.321	2026-08-30 19:25:46.416	2026-08-30 19:27:20.486	1m 32s	2	6 GB	4.7 GB	8 GB	118.1%	6.1%	23.4 GB	67.5 MB
470	44/e2151d	BGC_ANALYSIS:ANTISMASH_ANALYSIS:ANTISMASH (Pantoea_ananatis_19-8)	COMPLETED	0	2026-08-30 19:25:41.178	2026-08-30 19:25:41.274	2026-08-30 19:27:34.738	1m 52s	2	6 GB	4.6 GB	7.7 GB	109.5%	4.9%	13 GB	123.5 MB
497	82/dbef34	BGC_ANALYSIS:ANTISMASH_ANALYSIS:ANTISMASH (Pantoea_ananatis_99-2)	COMPLETED	0	2026-08-30 19:26:38.904	2026-08-30 19:26:38.999	2026-08-30 19:27:36.015	54.8s	2	6 GB	3.2 GB	7.8 GB	115.6%	4.2%	10.4 GB	56 MB
473	a4/1d7db5	BGC_ANALYSIS:ANTISMASH_ANALYSIS:ANTISMASH (Pantoea_ananatis_2-6)	COMPLETED	0	2026-08-30 19:26:33.565	2026-08-30 19:26:33.661	2026-08-30 19:27:37.154	1m 1s	2	6 GB	4.7 GB	7.8 GB	111.0%	7.1%	10.5 GB	59.6 MB
478	da/4f8ebd	BGC_ANALYSIS:ANTISMASH_ANALYSIS:ANTISMASH (Pantoea_ananatis_200-2)	COMPLETED	0	2026-08-30 19:26:43.188	2026-08-30 19:26:43.284	2026-08-30 19:28:01.503	1m 16s	2	6 GB	4.7 GB	7.8 GB	121.8%	5.5%	23 GB	57 MB
498	97/8fee88	BGC_ANALYSIS:ANTISMASH_ANALYSIS:ANTISMASH (Pantoea_ananatis_99-23)	COMPLETED	0	2026-08-30 19:27:36.018	2026-08-30 19:27:36.115	2026-08-30 19:28:07.815	30s	2	6 GB	495.8 MB	7.8 GB	105.7%	0.7%	1.2 GB	54.9 MB
471	dd/7974d0	BGC_ANALYSIS:ANTISMASH_ANALYSIS:ANTISMASH (Pantoea_ananatis_2-1)	COMPLETED	0	2026-08-30 19:26:54.273	2026-08-30 19:26:54.369	2026-08-30 19:28:13.524	1m 17s	2	6 GB	4.7 GB	7.7 GB	122.2%	6.9%	23.9 GB	59.6 MB
481	7b/3fe1a0	BGC_ANALYSIS:ANTISMASH_ANALYSIS:ANTISMASH (Pantoea_ananatis_97-11)	COMPLETED	0	2026-08-30 19:27:17.099	2026-08-30 19:27:17.196	2026-08-30 19:28:14.219	55.1s	2	6 GB	4.6 GB	7.8 GB	111.4%	7.9%	10.3 GB	55.7 MB
483	92/6579b8	BGC_ANALYSIS:ANTISMASH_ANALYSIS:ANTISMASH (Pantoea_ananatis_97-3)	COMPLETED	0	2026-08-30 19:27:20.490	2026-08-30 19:27:20.586	2026-08-30 19:28:18.381	55.9s	2	6 GB	4.7 GB	7.8 GB	112.6%	5.2%	10.8 GB	55.2 MB
482	bf/a664e9	BGC_ANALYSIS:ANTISMASH_ANALYSIS:ANTISMASH (Pantoea_ananatis_97-2)	COMPLETED	0	2026-08-30 19:27:34.741	2026-08-30 19:27:34.837	2026-08-30 19:28:30.064	53.6s	2	6 GB	4.6 GB	7.8 GB	114.5%	2.9%	10.7 GB	53.1 MB
495	f0/c0a814	BGC_ANALYSIS:ANTISMASH_ANALYSIS:ANTISMASH (Pantoea_ananatis_99-14)	COMPLETED	0	2026-08-30 19:27:37.158	2026-08-30 19:27:37.254	2026-08-30 19:28:32.303	53.3s	2	6 GB	3.2 GB	7.8 GB	114.6%	3.1%	10.8 GB	54.4 MB
500	9a/053d30	BGC_ANALYSIS:ANTISMASH_ANALYSIS:ANTISMASH (Pantoea_ananatis_99-25)	COMPLETED	0	2026-08-30 19:28:07.819	2026-08-30 19:28:07.915	2026-08-30 19:29:03.484	53.7s	2	6 GB	4.7 GB	7.8 GB	111.9%	4.9%	10.3 GB	53 MB
485	59/428f22	BGC_ANALYSIS:ANTISMASH_ANALYSIS:ANTISMASH (Pantoea_ananatis_98-11)	COMPLETED	0	2026-08-30 19:28:01.508	2026-08-30 19:28:01.602	2026-08-30 19:29:10.017	1m 6s	2	6 GB	4.7 GB	7.8 GB	117.6%	3.2%	18.4 GB	61 MB
486	1c/3be6b7	BGC_ANALYSIS:ANTISMASH_ANALYSIS:ANTISMASH (Pantoea_ananatis_98-12)	COMPLETED	0	2026-08-30 19:28:13.562	2026-08-30 19:28:13.625	2026-08-30 19:29:11.747	56.3s	2	6 GB	4.7 GB	7.9 GB	111.9%	5.3%	10.4 GB	57.8 MB
489	14/fdd057	BGC_ANALYSIS:ANTISMASH_ANALYSIS:ANTISMASH (Pantoea_ananatis_98-7)	COMPLETED	0	2026-08-30 19:28:14.222	2026-08-30 19:28:14.319	2026-08-30 19:29:14.418	58.3s	2	6 GB	4.6 GB	7.8 GB	111.1%	3.1%	10.5 GB	59.9 MB
492	a2/f176cc	BGC_ANALYSIS:ANTISMASH_ANALYSIS:ANTISMASH (Pantoea_ananatis_99-10)	COMPLETED	0	2026-08-30 19:28:18.385	2026-08-30 19:28:18.481	2026-08-30 19:29:21.349	1m 1s	2	6 GB	4.7 GB	7.8 GB	109.7%	5.8%	10.7 GB	63.7 MB
491	0d/94f924	BGC_ANALYSIS:ANTISMASH_ANALYSIS:ANTISMASH (Pantoea_ananatis_99-1)	COMPLETED	0	2026-08-30 19:28:32.309	2026-08-30 19:28:32.404	2026-08-30 19:29:29.885	55.6s	2	6 GB	3.2 GB	7.8 GB	112.8%	4.6%	10.3 GB	54.9 MB
508	8e/c236d5	BGC_ANALYSIS:ANTISMASH_ANALYSIS:ANTISMASH (Pantoea_ananatis_99-6)	COMPLETED	0	2026-08-30 19:28:30.069	2026-08-30 19:28:30.164	2026-08-30 19:29:31.589	59.5s	2	6 GB	4.7 GB	7.8 GB	111.8%	3.9%	10.5 GB	60.1 MB
499	c4/475984	BGC_ANALYSIS:ANTISMASH_ANALYSIS:ANTISMASH (Pantoea_ananatis_99-24)	COMPLETED	0	2026-08-30 19:29:14.427	2026-08-30 19:29:14.519	2026-08-30 19:29:50.343	33.5s	2	6 GB	494.9 MB	7.8 GB	101.4%	0.7%	1.3 GB	57.8 MB
513	83/21201f	BGC_ANALYSIS:ANTISMASH_ANALYSIS:ANTISMASH (Pantoea_ananatis_ATCC_35400)	COMPLETED	0	2026-08-30 19:29:11.755	2026-08-30 19:29:11.847	2026-08-30 19:30:00.548	46.2s	2	6 GB	4.7 GB	7.8 GB	119.4%	3.2%	9.7 GB	59.6 MB
496	eb/6d7089	BGC_ANALYSIS:ANTISMASH_ANALYSIS:ANTISMASH (Pantoea_ananatis_99-14_2)	COMPLETED	0	2026-08-30 19:29:03.488	2026-08-30 19:29:03.584	2026-08-30 19:30:10.314	1m 5s	2	6 GB	4.6 GB	7.7 GB	109.2%	5.5%	10.7 GB	64.7 MB
502	e0/0f3b5a	BGC_ANALYSIS:ANTISMASH_ANALYSIS:ANTISMASH (Pantoea_ananatis_99-29)	COMPLETED	0	2026-08-30 19:29:21.356	2026-08-30 19:29:21.450	2026-08-30 19:30:20.077	56.8s	2	6 GB	4.6 GB	7.8 GB	110.7%	3.0%	10.4 GB	56.2 MB
505	1a/9f14b8	BGC_ANALYSIS:ANTISMASH_ANALYSIS:ANTISMASH (Pantoea_ananatis_99-32)	COMPLETED	0	2026-08-30 19:29:31.593	2026-08-30 19:29:31.689	2026-08-30 19:30:27.197	53.4s	2	6 GB	4.7 GB	7.9 GB	114.7%	4.5%	10.8 GB	54.1 MB
507	9e/ac6146	BGC_ANALYSIS:ANTISMASH_ANALYSIS:ANTISMASH (Pantoea_ananatis_99-5)	COMPLETED	0	2026-08-30 19:30:00.552	2026-08-30 19:30:00.649	2026-08-30 19:30:31.044	28.7s	2	6 GB	510.9 MB	7.8 GB	106.9%	0.7%	1.2 GB	55.1 MB
494	93/468758	BGC_ANALYSIS:ANTISMASH_ANALYSIS:ANTISMASH (Pantoea_ananatis_99-12)	COMPLETED	0	2026-08-30 19:29:10.023	2026-08-30 19:29:10.118	2026-08-30 19:30:36.025	1m 23s	2	6 GB	4.6 GB	7.8 GB	118.0%	4.3%	22.9 GB	67.9 MB
506	45/8b0a7e	BGC_ANALYSIS:ANTISMASH_ANALYSIS:ANTISMASH (Pantoea_ananatis_99-36)	COMPLETED	0	2026-08-30 19:30:20.081	2026-08-30 19:30:20.177	2026-08-30 19:30:51.615	29.4s	2	6 GB	523.1 MB	7.8 GB	108.9%	0.7%	1.3 GB	55.3 MB
501	ef/1bf446	BGC_ANALYSIS:ANTISMASH_ANALYSIS:ANTISMASH (Pantoea_ananatis_99-27)	COMPLETED	0	2026-08-30 19:30:10.318	2026-08-30 19:30:10.415	2026-08-30 19:31:00.373	48s	2	6 GB	3.2 GB	7.8 GB	118.2%	5.3%	10.2 GB	50.1 MB
503	ba/ddac85	BGC_ANALYSIS:ANTISMASH_ANALYSIS:ANTISMASH (Pantoea_ananatis_99-3)	COMPLETED	0	2026-08-30 19:29:50.346	2026-08-30 19:29:50.444	2026-08-30 19:31:01.813	1m 10s	2	6 GB	4.6 GB	7.8 GB	116.8%	6.7%	19.4 GB	61.5 MB
511	fb/d25473	BGC_ANALYSIS:ANTISMASH_ANALYSIS:ANTISMASH (Pantoea_ananatis_99-9)	COMPLETED	0	2026-08-30 19:30:27.201	2026-08-30 19:30:27.298	2026-08-30 19:31:05.984	36.7s	2	6 GB	496.2 MB	7.8 GB	103.8%	0.7%	1.7 GB	65.9 MB
521	71/fae673	BGC_ANALYSIS:ANTISMASH_ANALYSIS:ANTISMASH (Pantoea_eucrina_BAV3128)	COMPLETED	0	2026-08-30 19:31:05.989	2026-08-30 19:31:06.084	2026-08-30 19:31:21.536	13.4s	2	6 GB	623.7 MB	7.4 GB	134.4%	1.0%	689.7 MB	30.9 MB
510	5a/bf7c82	BGC_ANALYSIS:ANTISMASH_ANALYSIS:ANTISMASH (Pantoea_ananatis_99-8)	COMPLETED	0	2026-08-30 19:30:36.032	2026-08-30 19:30:36.125	2026-08-30 19:31:29.596	51.6s	2	6 GB	4.7 GB	7.9 GB	114.7%	4.9%	10.3 GB	54.4 MB
509	51/57498f	BGC_ANALYSIS:ANTISMASH_ANALYSIS:ANTISMASH (Pantoea_ananatis_99-7)	COMPLETED	0	2026-08-30 19:30:31.049	2026-08-30 19:30:31.145	2026-08-30 19:31:30.260	57.2s	2	6 GB	4.6 GB	7.8 GB	111.1%	3.9%	10.5 GB	59.4 MB
518	f9/905905	BGC_ANALYSIS:ANTISMASH_ANALYSIS:ANTISMASH (Pantoea_dispersa_G5483)	COMPLETED	0	2026-08-30 19:31:01.816	2026-08-30 19:31:01.913	2026-08-30 19:31:41.509	37.7s	2	6 GB	725.4 MB	7.8 GB	94.6%	1.3%	1.8 GB	85.4 MB
512	a8/0d69db	BGC_ANALYSIS:ANTISMASH_ANALYSIS:ANTISMASH (Pantoea_ananatis_99-9_2)	COMPLETED	0	2026-08-30 19:30:51.620	2026-08-30 19:30:51.715	2026-08-30 19:31:48.468	54.9s	2	6 GB	4.6 GB	7.8 GB	111.9%	4.2%	10.9 GB	57.7 MB
514	61/bf3bf6	BGC_ANALYSIS:ANTISMASH_ANALYSIS:ANTISMASH (Pantoea_ananatis_GD04167)	COMPLETED	0	2026-08-30 19:31:00.378	2026-08-30 19:31:00.473	2026-08-30 19:31:56.510	54.2s	2	6 GB	4.8 GB	7.8 GB	107.3%	6.4%	10 GB	73.8 MB
515	39/208026	BGC_ANALYSIS:ANTISMASH_ANALYSIS:ANTISMASH (Pantoea_ananatis_LASM19)	COMPLETED	0	2026-08-30 19:31:21.539	2026-08-30 19:31:21.637	2026-08-30 19:32:00.911	37.5s	2	6 GB	745.8 MB	7.8 GB	95.6%	1.3%	1.9 GB	87.8 MB
517	dc/8cda80	BGC_ANALYSIS:ANTISMASH_ANALYSIS:ANTISMASH (Pantoea_brenneri_GD03984)	COMPLETED	0	2026-08-30 19:31:30.264	2026-08-30 19:31:30.361	2026-08-30 19:32:18.808	46.6s	2	6 GB	737.3 MB	7.8 GB	97.4%	1.3%	2.4 GB	97.9 MB
522	e3/5ec377	BGC_ANALYSIS:ANTISMASH_ANALYSIS:ANTISMASH (Pantoea_eucrina_L_E1_T5_bin.25)	COMPLETED	0	2026-08-30 19:31:48.473	2026-08-30 19:31:48.568	2026-08-30 19:32:22.279	31.8s	2	6 GB	597 MB	7.7 GB	95.8%	1.0%	1.6 GB	63.7 MB
531	46/c81e5a	BGC_ANALYSIS:ANTISMASH_ANALYSIS:ANTISMASH (Pantoea_sp._V106_11)	COMPLETED	0	2026-08-30 19:31:29.601	2026-08-30 19:31:29.696	2026-08-30 19:32:24.633	53.1s	2	6 GB	4.7 GB	7.7 GB	109.6%	5.6%	10 GB	72.8 MB
516	84/715c3b	BGC_ANALYSIS:ANTISMASH_ANALYSIS:ANTISMASH (Pantoea_brenneri_GD03661)	COMPLETED	0	2026-08-30 19:31:41.513	2026-08-30 19:31:41.609	2026-08-30 19:32:26.586	43.1s	2	6 GB	752.7 MB	7.8 GB	96.7%	1.3%	2.2 GB	91.6 MB
519	6a/581e6d	BGC_ANALYSIS:ANTISMASH_ANALYSIS:ANTISMASH (Pantoea_dispersa_LASM22)	COMPLETED	0	2026-08-30 19:31:56.514	2026-08-30 19:31:56.611	2026-08-30 19:32:30.165	31.7s	2	6 GB	730 MB	7.8 GB	96.7%	1.3%	1.5 GB	77.2 MB
520	6c/f74bd9	BGC_ANALYSIS:ANTISMASH_ANALYSIS:ANTISMASH (Pantoea_endophytica_RIT-836)	COMPLETED	0	2026-08-30 19:32:00.916	2026-08-30 19:32:01.011	2026-08-30 19:32:34.918	32.1s	2	6 GB	512.4 MB	7.8 GB	105.8%	0.8%	1.2 GB	56.6 MB
535	9a/8c8488	BGC_ANALYSIS:ANTISMASH_ANALYSIS:ANTISMASH (Pantoea_stewartii_ICMP_10132)	COMPLETED	0	2026-08-30 19:32:22.283	2026-08-30 19:32:22.379	2026-08-30 19:32:44.717	20.6s	2	6 GB	857.7 MB	7.9 GB	123.5%	1.5%	977.1 MB	65.1 MB
526	52/88eba4	BGC_ANALYSIS:ANTISMASH_ANALYSIS:ANTISMASH (Pantoea_sp._EA-12)	COMPLETED	0	2026-08-30 19:32:18.813	2026-08-30 19:32:18.908	2026-08-30 19:32:56.721	35.8s	2	6 GB	759 MB	7.8 GB	93.6%	1.3%	1.6 GB	84.5 MB
528	35/de563b	BGC_ANALYSIS:ANTISMASH_ANALYSIS:ANTISMASH (Pantoea_sp._GD03673)	COMPLETED	0	2026-08-30 19:32:26.590	2026-08-30 19:32:26.686	2026-08-30 19:33:00.271	31.8s	2	6 GB	791 MB	7.8 GB	96.5%	1.3%	1.4 GB	73 MB
524	ea/6de2a9	BGC_ANALYSIS:ANTISMASH_ANALYSIS:ANTISMASH (Pantoea_sp._Cr_R14)	COMPLETED	0	2026-08-30 19:32:24.637	2026-08-30 19:32:24.733	2026-08-30 19:33:03.777	37.2s	2	6 GB	648.5 MB	7.7 GB	94.2%	1.0%	1.8 GB	81.5 MB
530	8a/3fce6b	BGC_ANALYSIS:ANTISMASH_ANALYSIS:ANTISMASH (Pantoea_sp._SS70_ss70)	COMPLETED	0	2026-08-30 19:32:44.721	2026-08-30 19:32:44.817	2026-08-30 19:33:06.891	20.3s	2	6 GB	802.2 MB	7.8 GB	127.1%	1.3%	913.3 MB	63.3 MB
527	e4/ea5e58	BGC_ANALYSIS:ANTISMASH_ANALYSIS:ANTISMASH (Pantoea_sp._EABMAA-21)	COMPLETED	0	2026-08-30 19:32:30.170	2026-08-30 19:32:30.265	2026-08-30 19:33:09.444	37.3s	2	6 GB	713.7 MB	7.8 GB	94.3%	1.3%	1.7 GB	84.3 MB
544	41/4234e1	BGC_ANALYSIS:ANTISMASH_ANALYSIS:ANTISMASH (Buchnera_aphidicola_Stegophylla_sp._TES_Ste_2020)	COMPLETED	0	2026-08-30 19:33:03.781	2026-08-30 19:33:03.877	2026-08-30 19:33:10.993	5.3s	2	6 GB	202.2 MB	2.7 GB	110.7%	0.3%	277.5 MB	7.2 MB
541	a0/c9ecc4	BGC_ANALYSIS:ANTISMASH_ANALYSIS:ANTISMASH (Buchnera_aphidicola_Macrosiphum_albifrons_BSU_Mac_2017)	COMPLETED	0	2026-08-30 19:33:09.447	2026-08-30 19:33:09.544	2026-08-30 19:33:18.050	6.5s	2	6 GB	216.6 MB	2.7 GB	104.9%	0.3%	292 MB	10 MB
533	67/fad9e7	BGC_ANALYSIS:ANTISMASH_ANALYSIS:ANTISMASH (Pantoea_sp._X85)	COMPLETED	0	2026-08-30 19:33:00.276	2026-08-30 19:33:00.371	2026-08-30 19:33:21.967	19.8s	2	6 GB	804.9 MB	7.8 GB	133.6%	1.3%	847 MB	60.6 MB
543	74/09bb89	BGC_ANALYSIS:ANTISMASH_ANALYSIS:ANTISMASH (Buchnera_aphidicola_Pemphigus_obesinymphae_NAM_Pem_2020)	COMPLETED	0	2026-08-30 19:33:06.894	2026-08-30 19:33:06.991	2026-08-30 19:33:26.737	17.8s	2	6 GB	199.5 MB	2.7 GB	106.4%	0.3%	1.1 GB	28.5 MB
525	17/34653a	BGC_ANALYSIS:ANTISMASH_ANALYSIS:ANTISMASH (Pantoea_sp._Cr_R21)	COMPLETED	0	2026-08-30 19:32:56.727	2026-08-30 19:32:56.821	2026-08-30 19:33:35.750	37.1s	2	6 GB	684.4 MB	7.7 GB	94.4%	1.3%	1.8 GB	80.4 MB
548	8a/1e6f30	BGC_ANALYSIS:ANTISMASH_ANALYSIS:ANTISMASH (Duffyella_gerundensis_HEN01)	COMPLETED	0	2026-08-30 19:33:21.971	2026-08-30 19:33:22.067	2026-08-30 19:33:42.823	18.8s	2	6 GB	564.1 MB	7.9 GB	124.5%	0.8%	767 MB	39.4 MB
540	41/f15f0a	BGC_ANALYSIS:ANTISMASH_ANALYSIS:ANTISMASH (Buchnera_aphidicola_Chaitophorus_viminalis_NAM_Cha_2020)	COMPLETED	0	2026-08-30 19:33:35.753	2026-08-30 19:33:35.850	2026-08-30 19:33:44.073	6.2s	2	6 GB	193.5 MB	2.7 GB	110.9%	0.3%	327.7 MB	8.9 MB
523	af/ca4da3	BGC_ANALYSIS:ANTISMASH_ANALYSIS:ANTISMASH (Pantoea_sp._Cr_R13)	COMPLETED	0	2026-08-30 19:33:18.053	2026-08-30 19:33:18.150	2026-08-30 19:33:44.253	24.2s	2	6 GB	681.9 MB	7.7 GB	101.2%	1.2%	1 GB	61.5 MB
504	8a/46267e	BGC_ANALYSIS:ANTISMASH_ANALYSIS:ANTISMASH (Pantoea_ananatis_99-31)	COMPLETED	0	2026-08-30 19:29:29.889	2026-08-30 19:29:29.985	2026-08-30 19:33:45.727	4m 14s	2	6 GB	4.7 GB	7.7 GB	115.2%	5.5%	35.6 GB	318.2 MB
534	dc/0d7338	BGC_ANALYSIS:ANTISMASH_ANALYSIS:ANTISMASH (Pantoea_stewartii_C10109_Jinnung)	COMPLETED	0	2026-08-30 19:32:34.922	2026-08-30 19:32:35.018	2026-08-30 19:33:51.360	1m 14s	2	6 GB	4.7 GB	8 GB	127.1%	5.5%	27.7 GB	50.5 MB
545	9c/1089bf	BGC_ANALYSIS:ANTISMASH_ANALYSIS:ANTISMASH (Buchnera_aphidicola_Tabriz.9)	COMPLETED	0	2026-08-30 19:33:10.997	2026-08-30 19:33:11.093	2026-08-30 19:34:00.133	47s	2	6 GB	201.7 MB	2.7 GB	104.7%	0.3%	3 GB	73.5 MB
553	f7/520396	BGC_ANALYSIS:ANTISMASH_ANALYSIS:ANTISMASH (Erwinia_amylovora_Ea102)	COMPLETED	0	2026-08-30 19:33:42.827	2026-08-30 19:33:42.923	2026-08-30 19:34:01.698	17s	2	6 GB	742.3 MB	7.8 GB	131.2%	1.3%	699.3 MB	47.1 MB
550	21/b3ac2d	BGC_ANALYSIS:ANTISMASH_ANALYSIS:ANTISMASH (Erwinia_amylovora_99east-3-1)	COMPLETED	0	2026-08-30 19:33:44.076	2026-08-30 19:33:44.173	2026-08-30 19:34:02.897	17s	2	6 GB	722.5 MB	7.8 GB	131.1%	1.1%	670.6 MB	45.9 MB
555	a9/8aa619	BGC_ANALYSIS:ANTISMASH_ANALYSIS:ANTISMASH (Erwinia_amylovora_Ea915)	COMPLETED	0	2026-08-30 19:33:45.743	2026-08-30 19:33:45.949	2026-08-30 19:34:04.654	17s	2	6 GB	716 MB	7.8 GB	132.1%	1.1%	670.6 MB	45.9 MB
542	4f/04fb9b	BGC_ANALYSIS:ANTISMASH_ANALYSIS:ANTISMASH (Buchnera_aphidicola_Myzus_persicae_BSU_Myz_2018)	COMPLETED	0	2026-08-30 19:34:04.659	2026-08-30 19:34:04.755	2026-08-30 19:34:12.807	6.2s	2	6 GB	213.3 MB	2.7 GB	107.7%	0.3%	292.7 MB	10.1 MB
536	09/b2ae24	BGC_ANALYSIS:ANTISMASH_ANALYSIS:ANTISMASH (Pantoea_trifolii_RIT-To-1)	COMPLETED	0	2026-08-30 19:33:44.257	2026-08-30 19:33:44.353	2026-08-30 19:34:19.070	32.9s	2	6 GB	510.3 MB	7.8 GB	104.0%	0.7%	1.3 GB	58.1 MB
557	3e/e68279	BGC_ANALYSIS:ANTISMASH_ANALYSIS:ANTISMASH (Erwinia_billingiae_LS-1)	COMPLETED	0	2026-08-30 19:33:51.366	2026-08-30 19:33:51.460	2026-08-30 19:34:25.616	32.2s	2	6 GB	725 MB	7.8 GB	104.4%	1.3%	1.6 GB	78.2 MB
539	1c/0323c5	BGC_ANALYSIS:ANTISMASH_ANALYSIS:ANTISMASH (Buchnera_aphidicola_Brevicoryne_brassicae_BSU_Bre_2018)	COMPLETED	0	2026-08-30 19:34:19.075	2026-08-30 19:34:19.170	2026-08-30 19:34:27.318	6.2s	2	6 GB	215.6 MB	2.7 GB	110.4%	0.3%	292.7 MB	10.1 MB
549	79/c8597f	BGC_ANALYSIS:ANTISMASH_ANALYSIS:ANTISMASH (Duffyella_gerundensis_HEP01)	COMPLETED	0	2026-08-30 19:34:27.323	2026-08-30 19:34:27.419	2026-08-30 19:34:48.537	19.2s	2	6 GB	581.3 MB	7.9 GB	122.3%	0.9%	766.7 MB	39.6 MB
559	f6/aaf7b4	BGC_ANALYSIS:ANTISMASH_ANALYSIS:ANTISMASH (Erwinia_psidii_LPF_640)	COMPLETED	0	2026-08-30 19:34:01.703	2026-08-30 19:34:01.798	2026-08-30 19:34:57.330	53.5s	2	6 GB	4.7 GB	7.7 GB	111.4%	5.4%	11.4 GB	67.5 MB
558	93/645979	BGC_ANALYSIS:ANTISMASH_ANALYSIS:ANTISMASH (Erwinia_psidii_LPF_534)	COMPLETED	0	2026-08-30 19:34:00.140	2026-08-30 19:34:00.233	2026-08-30 19:35:00.696	58.4s	2	6 GB	4.7 GB	7.7 GB	108.3%	5.6%	11.7 GB	73.4 MB
537	88/fdbb8e	BGC_ANALYSIS:ANTISMASH_ANALYSIS:ANTISMASH (Buchnera_aphidicola_Acyrthosiphon_caraganae_BSU_Acy_2015)	COMPLETED	0	2026-08-30 19:34:57.334	2026-08-30 19:34:57.430	2026-08-30 19:35:05.223	6.1s	2	6 GB	215.9 MB	2.7 GB	106.3%	0.3%	291.6 MB	10 MB
562	aa/214ad8	BGC_ANALYSIS:ANTISMASH_ANALYSIS:ANTISMASH (Erwinia_sp._INIA01)	COMPLETED	0	2026-08-30 19:34:25.620	2026-08-30 19:34:25.716	2026-08-30 19:35:07.032	39.3s	2	6 GB	733.4 MB	7.8 GB	94.3%	1.3%	1.7 GB	87 MB
560	6c/300256	BGC_ANALYSIS:ANTISMASH_ANALYSIS:ANTISMASH (Erwinia_psidii_LPF_681)	COMPLETED	0	2026-08-30 19:34:02.901	2026-08-30 19:34:02.997	2026-08-30 19:35:11.256	1m 6s	2	6 GB	4.7 GB	7.8 GB	107.8%	5.6%	12.1 GB	85.1 MB
538	8e/8d9f0f	BGC_ANALYSIS:ANTISMASH_ANALYSIS:ANTISMASH (Buchnera_aphidicola_Aphis_craccivora_BSU_Aph_2016)	COMPLETED	0	2026-08-30 19:35:05.227	2026-08-30 19:35:05.324	2026-08-30 19:35:13.389	6.1s	2	6 GB	214.3 MB	2.7 GB	105.3%	0.3%	291.2 MB	10 MB
532	6c/115a67	BGC_ANALYSIS:ANTISMASH_ANALYSIS:ANTISMASH (Pantoea_sp._V108_6)	COMPLETED	0	2026-08-30 19:34:12.811	2026-08-30 19:34:12.907	2026-08-30 19:35:15.793	1m 1s	2	6 GB	4.7 GB	7.7 GB	106.4%	3.1%	10.4 GB	84.1 MB
546	ac/ffef43	BGC_ANALYSIS:ANTISMASH_ANALYSIS:ANTISMASH (Curtobacterium_plantarum_RIT-As-4)	COMPLETED	0	2026-08-30 19:34:48.541	2026-08-30 19:34:48.637	2026-08-30 19:35:18.796	28.3s	2	6 GB	672.9 MB	7.7 GB	95.2%	1.2%	1.2 GB	69 MB
547	33/6f5519	BGC_ANALYSIS:ANTISMASH_ANALYSIS:ANTISMASH (Curtobacterium_plantarum_RIT-PI-Z)	COMPLETED	0	2026-08-30 19:35:00.700	2026-08-30 19:35:00.797	2026-08-30 19:35:32.247	29.6s	2	6 GB	498 MB	7.8 GB	104.2%	0.7%	1.3 GB	54.9 MB
551	f4/4d5a9d	BGC_ANALYSIS:ANTISMASH_ANALYSIS:ANTISMASH (Erwinia_amylovora_CP200242)	COMPLETED	0	2026-08-30 19:35:15.796	2026-08-30 19:35:15.893	2026-08-30 19:35:33.831	16s	2	6 GB	719.1 MB	7.8 GB	133.2%	1.1%	668.5 MB	44.5 MB
552	e4/1a5544	BGC_ANALYSIS:ANTISMASH_ANALYSIS:ANTISMASH (Erwinia_amylovora_Ea101)	COMPLETED	0	2026-08-30 19:35:11.260	2026-08-30 19:35:11.356	2026-08-30 19:35:40.231	27s	2	6 GB	615.5 MB	7.7 GB	97.6%	1.0%	1.2 GB	58.5 MB
529	87/6ddc19	BGC_ANALYSIS:ANTISMASH_ANALYSIS:ANTISMASH (Pantoea_sp._Pa-EAmG)	COMPLETED	0	2026-08-30 19:33:26.741	2026-08-30 19:33:26.837	2026-08-30 19:35:45.133	2m 16s	2	6 GB	694.6 MB	7.8 GB	101.7%	1.2%	8.3 GB	243 MB
554	84/9478e8	BGC_ANALYSIS:ANTISMASH_ANALYSIS:ANTISMASH (Erwinia_amylovora_Ea914)	COMPLETED	0	2026-08-30 19:35:18.800	2026-08-30 19:35:18.896	2026-08-30 19:35:46.156	25.4s	2	6 GB	593.7 MB	7.7 GB	98.3%	1.0%	1.1 GB	55.6 MB
567	42/af1ffd	BGC_ANALYSIS:ANTISMASH_ANALYSIS:ANTISMASH (Pantoea_agglomerans_RIT-PI-T)	COMPLETED	0	2026-08-30 19:35:13.393	2026-08-30 19:35:13.489	2026-08-30 19:35:47.470	32.2s	2	6 GB	489.1 MB	7.7 GB	102.5%	0.7%	1.4 GB	59 MB
569	ec/1b08d4	BGC_ANALYSIS:ANTISMASH_ANALYSIS:ANTISMASH (Pantoea_ananatis_06-1)	COMPLETED	0	2026-08-30 19:35:07.035	2026-08-30 19:35:07.132	2026-08-30 19:36:00.356	51.3s	2	6 GB	4.6 GB	7.8 GB	113.0%	3.0%	10.2 GB	52.5 MB
556	5f/04fee5	BGC_ANALYSIS:ANTISMASH_ANALYSIS:ANTISMASH (Erwinia_amylovora_S618-2-2)	COMPLETED	0	2026-08-30 19:35:33.835	2026-08-30 19:35:33.931	2026-08-30 19:36:03.772	28.1s	2	6 GB	608.1 MB	7.7 GB	96.9%	1.0%	1.2 GB	58.8 MB
563	7a/fef7d7	BGC_ANALYSIS:ANTISMASH_ANALYSIS:ANTISMASH (Pantoea_agglomerans_540Y)	COMPLETED	0	2026-08-30 19:35:47.475	2026-08-30 19:35:47.570	2026-08-30 19:36:09.075	19.7s	2	6 GB	820.7 MB	7.8 GB	120.7%	1.3%	860.1 MB	62.5 MB
564	aa/249915	BGC_ANALYSIS:ANTISMASH_ANALYSIS:ANTISMASH (Pantoea_agglomerans_553Y)	COMPLETED	0	2026-08-30 19:36:03.776	2026-08-30 19:36:03.872	2026-08-30 19:36:24.960	19s	2	6 GB	808.3 MB	7.8 GB	123.3%	1.3%	852.7 MB	61.4 MB
576	3e/de310e	BGC_ANALYSIS:ANTISMASH_ANALYSIS:ANTISMASH (Pantoea_ananatis_18-5)	COMPLETED	0	2026-08-30 19:35:40.235	2026-08-30 19:35:40.331	2026-08-30 19:36:35.100	52.9s	2	6 GB	4.7 GB	7.9 GB	112.9%	5.7%	10.3 GB	53.1 MB
585	8a/535b31	BGC_ANALYSIS:ANTISMASH_ANALYSIS:ANTISMASH (Pantoea_ananatis_3.2.1)	COMPLETED	0	2026-08-30 19:36:09.079	2026-08-30 19:36:09.175	2026-08-30 19:36:40.998	29.9s	2	6 GB	703.7 MB	7.8 GB	96.2%	1.3%	1.3 GB	67.9 MB
582	37/b93ac1	BGC_ANALYSIS:ANTISMASH_ANALYSIS:ANTISMASH (Pantoea_ananatis_200-7)	COMPLETED	0	2026-08-30 19:35:46.160	2026-08-30 19:35:46.257	2026-08-30 19:36:42.943	54.8s	2	6 GB	4.7 GB	7.8 GB	112.8%	5.3%	10.8 GB	54.7 MB
565	ea/493eb7	BGC_ANALYSIS:ANTISMASH_ANALYSIS:ANTISMASH (Pantoea_agglomerans_AB378)	COMPLETED	0	2026-08-30 19:36:35.103	2026-08-30 19:36:35.200	2026-08-30 19:36:55.964	19s	2	6 GB	810.2 MB	7.8 GB	129.4%	1.3%	826.2 MB	57.8 MB
579	67/8b5be4	BGC_ANALYSIS:ANTISMASH_ANALYSIS:ANTISMASH (Pantoea_ananatis_2-8)	COMPLETED	0	2026-08-30 19:35:45.137	2026-08-30 19:35:45.233	2026-08-30 19:36:58.364	1m 11s	2	6 GB	4.7 GB	7.9 GB	124.9%	4.5%	23 GB	55.4 MB
566	92/eaaabc	BGC_ANALYSIS:ANTISMASH_ANALYSIS:ANTISMASH (Pantoea_agglomerans_CB1)	COMPLETED	0	2026-08-30 19:36:00.360	2026-08-30 19:36:00.456	2026-08-30 19:37:00.165	57.8s	2	6 GB	4.8 GB	7.8 GB	130.9%	5.7%	22.4 GB	61 MB
580	f5/b87bce	BGC_ANALYSIS:ANTISMASH_ANALYSIS:ANTISMASH (Pantoea_ananatis_200-11)	COMPLETED	0	2026-08-30 19:36:24.964	2026-08-30 19:36:25.060	2026-08-30 19:37:20.446	53.5s	2	6 GB	3.2 GB	7.8 GB	112.9%	3.1%	10.4 GB	56 MB
588	98/1fb9ee	BGC_ANALYSIS:ANTISMASH_ANALYSIS:ANTISMASH (Pantoea_ananatis_99-22)	COMPLETED	0	2026-08-30 19:36:55.968	2026-08-30 19:36:56.065	2026-08-30 19:37:30.482	32.5s	2	6 GB	496.1 MB	7.8 GB	101.8%	0.7%	1.4 GB	59 MB
589	33/f4b4af	BGC_ANALYSIS:ANTISMASH_ANALYSIS:ANTISMASH (Pantoea_ananatis_99-26)	COMPLETED	0	2026-08-30 19:37:00.169	2026-08-30 19:37:00.265	2026-08-30 19:37:33.584	31.5s	2	6 GB	497.1 MB	7.8 GB	105.2%	0.7%	1.3 GB	57.1 MB
584	1c/0557c8	BGC_ANALYSIS:ANTISMASH_ANALYSIS:ANTISMASH (Pantoea_ananatis_26SR6)	COMPLETED	0	2026-08-30 19:36:42.948	2026-08-30 19:36:43.043	2026-08-30 19:37:35.508	50.5s	2	6 GB	4.8 GB	7.9 GB	111.6%	5.6%	10.1 GB	63.9 MB
570	6c/c3357d	BGC_ANALYSIS:ANTISMASH_ANALYSIS:ANTISMASH (Pantoea_ananatis_07-13)	COMPLETED	0	2026-08-30 19:36:58.367	2026-08-30 19:36:58.465	2026-08-30 19:37:55.933	55.6s	2	6 GB	4.7 GB	7.9 GB	114.1%	7.0%	10.9 GB	57 MB
568	fc/aa35e9	BGC_ANALYSIS:ANTISMASH_ANALYSIS:ANTISMASH (Pantoea_ananatis_02-12)	COMPLETED	0	2026-08-30 19:36:41.002	2026-08-30 19:36:41.098	2026-08-30 19:37:58.234	1m 15s	2	6 GB	4.7 GB	7.9 GB	122.3%	3.3%	23.1 GB	57.8 MB
594	fa/f8c80e	BGC_ANALYSIS:ANTISMASH_ANALYSIS:ANTISMASH (Pantoea_ananatis_HR1-105)	COMPLETED	0	2026-08-30 19:37:33.587	2026-08-30 19:37:33.684	2026-08-30 19:38:04.652	29.2s	2	6 GB	643.7 MB	7.7 GB	96.1%	1.0%	1.3 GB	65.2 MB
571	68/485e07	BGC_ANALYSIS:ANTISMASH_ANALYSIS:ANTISMASH (Pantoea_ananatis_07-7)	COMPLETED	0	2026-08-30 19:37:20.450	2026-08-30 19:37:20.546	2026-08-30 19:38:15.933	53.6s	2	6 GB	4.6 GB	7.8 GB	114.9%	3.0%	10.3 GB	53.5 MB
592	ba/c3024c	BGC_ANALYSIS:ANTISMASH_ANALYSIS:ANTISMASH (Pantoea_ananatis_Cit30-11)	COMPLETED	0	2026-08-30 19:37:30.486	2026-08-30 19:37:30.583	2026-08-30 19:38:24.051	51.7s	2	6 GB	4.7 GB	7.7 GB	110.8%	5.9%	10.2 GB	64.4 MB
575	35/8f29ca	BGC_ANALYSIS:ANTISMASH_ANALYSIS:ANTISMASH (Pantoea_ananatis_18-3S)	COMPLETED	0	2026-08-30 19:37:35.511	2026-08-30 19:37:35.610	2026-08-30 19:38:33.582	56s	2	6 GB	4.6 GB	7.8 GB	113.3%	5.5%	10.4 GB	57.2 MB
573	44/e95795	BGC_ANALYSIS:ANTISMASH_ANALYSIS:ANTISMASH (Pantoea_ananatis_17671)	COMPLETED	0	2026-08-30 19:37:55.936	2026-08-30 19:37:56.033	2026-08-30 19:38:34.847	37.1s	2	6 GB	719.4 MB	7.8 GB	96.1%	1.3%	1.8 GB	81.5 MB
572	d9/6a5528	BGC_ANALYSIS:ANTISMASH_ANALYSIS:ANTISMASH (Pantoea_ananatis_14-2)	COMPLETED	0	2026-08-30 19:38:04.656	2026-08-30 19:38:04.751	2026-08-30 19:38:42.159	35.5s	2	6 GB	492.5 MB	7.8 GB	101.1%	0.7%	1.6 GB	63.1 MB
574	25/81b401	BGC_ANALYSIS:ANTISMASH_ANALYSIS:ANTISMASH (Pantoea_ananatis_18-1)	COMPLETED	0	2026-08-30 19:37:58.237	2026-08-30 19:37:58.334	2026-08-30 19:38:50.284	50.2s	2	6 GB	4.7 GB	7.9 GB	119.9%	5.6%	10.2 GB	52.6 MB
578	46/74593f	BGC_ANALYSIS:ANTISMASH_ANALYSIS:ANTISMASH (Pantoea_ananatis_18-9S)	COMPLETED	0	2026-08-30 19:38:24.055	2026-08-30 19:38:24.152	2026-08-30 19:39:03.859	37.9s	2	6 GB	490.9 MB	7.7 GB	100.9%	0.7%	1.7 GB	66.7 MB
583	71/c29e44	BGC_ANALYSIS:ANTISMASH_ANALYSIS:ANTISMASH (Pantoea_ananatis_200-8)	COMPLETED	0	2026-08-30 19:38:34.850	2026-08-30 19:38:34.947	2026-08-30 19:39:07.289	30.6s	2	6 GB	533.5 MB	7.8 GB	110.2%	0.7%	1.4 GB	58.8 MB
601	da/7504d5	BGC_ANALYSIS:ANTISMASH_ANALYSIS:ANTISMASH (Pantoea_ananatis_JT1-171)	COMPLETED	0	2026-08-30 19:38:33.585	2026-08-30 19:38:33.682	2026-08-30 19:39:08.391	33s	2	6 GB	672.9 MB	7.7 GB	95.0%	1.2%	1.6 GB	73.9 MB
581	fb/a0348b	BGC_ANALYSIS:ANTISMASH_ANALYSIS:ANTISMASH (Pantoea_ananatis_200-3)	COMPLETED	0	2026-08-30 19:38:42.163	2026-08-30 19:38:42.259	2026-08-30 19:39:15.480	31.4s	2	6 GB	524.6 MB	7.8 GB	107.5%	0.7%	1.4 GB	59.3 MB
577	ac/c3d564	BGC_ANALYSIS:ANTISMASH_ANALYSIS:ANTISMASH (Pantoea_ananatis_18-5S)	COMPLETED	0	2026-08-30 19:35:32.250	2026-08-30 19:35:32.348	2026-08-30 19:39:15.972	3m 42s	2	6 GB	4.6 GB	7.7 GB	111.8%	4.9%	19.8 GB	296.7 MB
599	23/8186d1	BGC_ANALYSIS:ANTISMASH_ANALYSIS:ANTISMASH (Pantoea_ananatis_IPG26)	COMPLETED	0	2026-08-30 19:38:15.937	2026-08-30 19:38:16.034	2026-08-30 19:39:16.642	58.8s	2	6 GB	4.6 GB	7.8 GB	111.3%	3.1%	10.6 GB	62.4 MB
605	89/1e6ad8	BGC_ANALYSIS:ANTISMASH_ANALYSIS:ANTISMASH (Pantoea_ananatis_JT1-188)	COMPLETED	0	2026-08-30 19:39:15.483	2026-08-30 19:39:15.580	2026-08-30 19:39:36.641	19.2s	2	6 GB	808.6 MB	7.8 GB	128.1%	1.4%	901.5 MB	61.9 MB
590	3e/082d47	BGC_ANALYSIS:ANTISMASH_ANALYSIS:ANTISMASH (Pantoea_ananatis_99-33)	COMPLETED	0	2026-08-30 19:38:50.287	2026-08-30 19:38:50.384	2026-08-30 19:39:50.853	58.5s	2	6 GB	4.6 GB	7.8 GB	112.6%	7.4%	11.1 GB	62.2 MB
612	f4/fe869f	BGC_ANALYSIS:ANTISMASH_ANALYSIS:ANTISMASH (Pantoea_ananatis_RIT_BS5)	COMPLETED	0	2026-08-30 19:39:16.646	2026-08-30 19:39:16.742	2026-08-30 19:39:55.458	36.9s	2	6 GB	690.8 MB	7.8 GB	95.0%	1.2%	1.7 GB	81.9 MB
593	6a/cd6c60	BGC_ANALYSIS:ANTISMASH_ANALYSIS:ANTISMASH (Pantoea_ananatis_FU-01)	COMPLETED	0	2026-08-30 19:39:15.976	2026-08-30 19:39:16.073	2026-08-30 19:40:00.890	43s	2	6 GB	4.7 GB	7.8 GB	124.9%	3.2%	10.4 GB	55 MB
596	ed/4ba161	BGC_ANALYSIS:ANTISMASH_ANALYSIS:ANTISMASH (Pantoea_ananatis_HR1-30)	COMPLETED	0	2026-08-30 19:39:36.645	2026-08-30 19:39:36.741	2026-08-30 19:40:05.549	26.7s	2	6 GB	668 MB	7.7 GB	97.4%	1.1%	1.2 GB	63.1 MB
587	f5/bedcd8	BGC_ANALYSIS:ANTISMASH_ANALYSIS:ANTISMASH (Pantoea_ananatis_99-18)	COMPLETED	0	2026-08-30 19:39:03.863	2026-08-30 19:39:03.959	2026-08-30 19:40:06.233	1m	2	6 GB	4.6 GB	7.8 GB	109.5%	2.9%	10.7 GB	63.8 MB
586	28/a49bdb	BGC_ANALYSIS:ANTISMASH_ANALYSIS:ANTISMASH (Pantoea_ananatis_4-1)	COMPLETED	0	2026-08-30 19:39:07.293	2026-08-30 19:39:07.389	2026-08-30 19:40:08.048	58.8s	2	6 GB	4.6 GB	7.7 GB	109.2%	3.0%	8.8 GB	66.1 MB
609	67/c71db9	BGC_ANALYSIS:ANTISMASH_ANALYSIS:ANTISMASH (Pantoea_ananatis_JT8-6)	COMPLETED	0	2026-08-30 19:39:55.462	2026-08-30 19:39:55.558	2026-08-30 19:40:15.947	18.5s	2	6 GB	851.3 MB	7.9 GB	130.8%	1.4%	823.5 MB	59 MB
591	f2/053f42	BGC_ANALYSIS:ANTISMASH_ANALYSIS:ANTISMASH (Pantoea_ananatis_99-4)	COMPLETED	0	2026-08-30 19:39:08.395	2026-08-30 19:39:08.491	2026-08-30 19:40:17.717	1m 7s	2	6 GB	4.7 GB	7.8 GB	116.4%	3.2%	19.4 GB	60.5 MB
595	a2/e5b2fe	BGC_ANALYSIS:ANTISMASH_ANALYSIS:ANTISMASH (Pantoea_ananatis_HR1-120)	COMPLETED	0	2026-08-30 19:39:50.857	2026-08-30 19:39:50.954	2026-08-30 19:40:20.111	27.4s	2	6 GB	689.8 MB	7.7 GB	96.4%	1.3%	1.3 GB	63.8 MB
597	85/d8ecb5	BGC_ANALYSIS:ANTISMASH_ANALYSIS:ANTISMASH (Pantoea_ananatis_HR1-67)	COMPLETED	0	2026-08-30 19:40:00.893	2026-08-30 19:40:00.990	2026-08-30 19:40:31.897	29s	2	6 GB	647.9 MB	7.7 GB	95.1%	1.0%	1.3 GB	65.2 MB
598	53/d4e441	BGC_ANALYSIS:ANTISMASH_ANALYSIS:ANTISMASH (Pantoea_ananatis_HR1-86)	COMPLETED	0	2026-08-30 19:40:05.553	2026-08-30 19:40:05.649	2026-08-30 19:40:36.039	28.5s	2	6 GB	664.8 MB	7.7 GB	95.1%	1.1%	1.3 GB	64.3 MB
614	df/90aed0	BGC_ANALYSIS:ANTISMASH_ANALYSIS:ANTISMASH (Pantoea_dispersa_ESL4)	COMPLETED	0	2026-08-30 19:40:15.950	2026-08-30 19:40:16.046	2026-08-30 19:40:37.542	19.6s	2	6 GB	804.5 MB	7.8 GB	131.1%	1.3%	845.8 MB	58.9 MB
602	e4/29ed28	BGC_ANALYSIS:ANTISMASH_ANALYSIS:ANTISMASH (Pantoea_ananatis_JT1-175)	COMPLETED	0	2026-08-30 19:40:08.051	2026-08-30 19:40:08.148	2026-08-30 19:40:38.301	28.2s	2	6 GB	692 MB	7.8 GB	98.9%	1.2%	1.3 GB	65.3 MB
615	08/7a7a44	BGC_ANALYSIS:ANTISMASH_ANALYSIS:ANTISMASH (Pantoea_dispersa_JL.02bL)	COMPLETED	0	2026-08-30 19:40:20.115	2026-08-30 19:40:20.212	2026-08-30 19:40:41.003	19s	2	6 GB	781.3 MB	7.8 GB	130.9%	1.4%	827 MB	58.8 MB
600	31/d38b7d	BGC_ANALYSIS:ANTISMASH_ANALYSIS:ANTISMASH (Pantoea_ananatis_JT1-17)	COMPLETED	0	2026-08-30 19:40:06.237	2026-08-30 19:40:06.333	2026-08-30 19:40:50.615	42.3s	2	6 GB	712.1 MB	7.8 GB	95.4%	1.3%	2.1 GB	88.4 MB
603	ba/63906b	BGC_ANALYSIS:ANTISMASH_ANALYSIS:ANTISMASH (Pantoea_ananatis_JT1-181)	COMPLETED	0	2026-08-30 19:40:17.720	2026-08-30 19:40:17.818	2026-08-30 19:40:58.007	38.4s	2	6 GB	730.9 MB	7.8 GB	96.0%	1.3%	1.8 GB	88.7 MB
622	65/20b187	BGC_ANALYSIS:ANTISMASH_ANALYSIS:ANTISMASH (Pantoea_piersonii_URMC-2103A041)	COMPLETED	0	2026-08-30 19:40:38.305	2026-08-30 19:40:38.400	2026-08-30 19:41:00.500	20.3s	2	6 GB	835.7 MB	7.8 GB	123.5%	1.4%	898 MB	61.8 MB
610	6d/4f1643	BGC_ANALYSIS:ANTISMASH_ANALYSIS:ANTISMASH (Pantoea_ananatis_LA2-28)	COMPLETED	0	2026-08-30 19:40:31.901	2026-08-30 19:40:31.997	2026-08-30 19:41:05.219	31.3s	2	6 GB	656 MB	7.7 GB	94.8%	1.1%	1.5 GB	70.6 MB
626	31/c753fe	BGC_ANALYSIS:ANTISMASH_ANALYSIS:ANTISMASH (Pantoea_sp._GM_Pan_3)	COMPLETED	0	2026-08-30 19:40:41.006	2026-08-30 19:40:41.103	2026-08-30 19:41:06.407	23.5s	2	6 GB	530.8 MB	7.8 GB	112.7%	0.7%	1004.4 MB	46.5 MB
606	6f/ecca6d	BGC_ANALYSIS:ANTISMASH_ANALYSIS:ANTISMASH (Pantoea_ananatis_JT1-190)	COMPLETED	0	2026-08-30 19:40:36.042	2026-08-30 19:40:36.140	2026-08-30 19:41:12.013	34s	2	6 GB	712 MB	7.8 GB	93.9%	1.3%	1.6 GB	74.5 MB
604	a8/44678d	BGC_ANALYSIS:ANTISMASH_ANALYSIS:ANTISMASH (Pantoea_ananatis_JT1-187)	COMPLETED	0	2026-08-30 19:40:37.545	2026-08-30 19:40:37.642	2026-08-30 19:41:13.400	33.9s	2	6 GB	684.6 MB	7.7 GB	94.2%	1.2%	1.6 GB	74.5 MB
619	a7/be2b4b	BGC_ANALYSIS:ANTISMASH_ANALYSIS:ANTISMASH (Pantoea_dispersa_VWJL.P1)	COMPLETED	0	2026-08-30 19:40:58.011	2026-08-30 19:40:58.107	2026-08-30 19:41:18.738	18.8s	2	6 GB	793.8 MB	7.8 GB	130.8%	1.3%	826.5 MB	58.8 MB
620	e4/518508	BGC_ANALYSIS:ANTISMASH_ANALYSIS:ANTISMASH (Pantoea_leporis_R)	COMPLETED	0	2026-08-30 19:40:50.618	2026-08-30 19:40:50.715	2026-08-30 19:41:23.568	30.9s	2	6 GB	538.8 MB	7.8 GB	106.2%	0.8%	1.3 GB	55.9 MB
631	21/aafb2d	BGC_ANALYSIS:ANTISMASH_ANALYSIS:ANTISMASH (Pantoea_sp._LMR881)	COMPLETED	0	2026-08-30 19:41:05.222	2026-08-30 19:41:05.320	2026-08-30 19:41:26.773	19.5s	2	6 GB	802.7 MB	7.8 GB	119.7%	1.3%	861.3 MB	61.9 MB
621	28/14144f	BGC_ANALYSIS:ANTISMASH_ANALYSIS:ANTISMASH (Pantoea_piersonii_GABEKP28)	COMPLETED	0	2026-08-30 19:41:06.411	2026-08-30 19:41:06.507	2026-08-30 19:41:27.732	19.3s	2	6 GB	806.4 MB	7.8 GB	128.0%	1.3%	848.3 MB	58.5 MB
616	2e/d142f3	BGC_ANALYSIS:ANTISMASH_ANALYSIS:ANTISMASH (Pantoea_dispersa_LT3-10)	COMPLETED	0	2026-08-30 19:41:00.503	2026-08-30 19:41:00.600	2026-08-30 19:41:32.510	30.1s	2	6 GB	734.4 MB	7.8 GB	105.7%	1.3%	1.4 GB	71.8 MB
613	65/edd24e	BGC_ANALYSIS:ANTISMASH_ANALYSIS:ANTISMASH (Pantoea_anthophila_CL1)	COMPLETED	0	2026-08-30 19:41:13.403	2026-08-30 19:41:13.500	2026-08-30 19:41:34.162	18.8s	2	6 GB	801 MB	7.8 GB	126.6%	1.3%	826.1 MB	56.1 MB
617	8b/44e150	BGC_ANALYSIS:ANTISMASH_ANALYSIS:ANTISMASH (Pantoea_dispersa_LT3-23)	COMPLETED	0	2026-08-30 19:41:12.017	2026-08-30 19:41:12.113	2026-08-30 19:41:43.645	29.5s	2	6 GB	734.6 MB	7.8 GB	106.4%	1.3%	1.4 GB	72 MB
632	9d/98f960	BGC_ANALYSIS:ANTISMASH_ANALYSIS:ANTISMASH (Pantoea_sp._RG18)	COMPLETED	0	2026-08-30 19:41:23.571	2026-08-30 19:41:23.668	2026-08-30 19:41:53.735	28.1s	2	6 GB	665.2 MB	7.7 GB	98.1%	1.1%	1.2 GB	68.6 MB
611	93/7439b0	BGC_ANALYSIS:ANTISMASH_ANALYSIS:ANTISMASH (Pantoea_ananatis_LT2-192)	COMPLETED	0	2026-08-30 19:41:18.741	2026-08-30 19:41:18.838	2026-08-30 19:41:54.930	34s	2	6 GB	704 MB	7.8 GB	94.2%	1.2%	1.6 GB	75.3 MB
607	46/4de153	BGC_ANALYSIS:ANTISMASH_ANALYSIS:ANTISMASH (Pantoea_ananatis_JT6-12)	COMPLETED	0	2026-08-30 19:41:27.736	2026-08-30 19:41:27.832	2026-08-30 19:42:04.683	35s	2	6 GB	708.8 MB	7.8 GB	95.0%	1.3%	1.7 GB	77.3 MB
608	cb/39b181	BGC_ANALYSIS:ANTISMASH_ANALYSIS:ANTISMASH (Pantoea_ananatis_JT6-7)	COMPLETED	0	2026-08-30 19:41:26.776	2026-08-30 19:41:26.874	2026-08-30 19:42:04.979	36.3s	2	6 GB	709.1 MB	7.8 GB	96.5%	1.3%	1.8 GB	79.2 MB
618	c9/be2899	BGC_ANALYSIS:ANTISMASH_ANALYSIS:ANTISMASH (Pantoea_dispersa_LT3-8)	COMPLETED	0	2026-08-30 19:41:34.165	2026-08-30 19:41:34.262	2026-08-30 19:42:05.277	29.1s	2	6 GB	736.8 MB	7.8 GB	108.3%	1.3%	1.4 GB	71.8 MB
641	72/243e59	BGC_ANALYSIS:ANTISMASH_ANALYSIS:ANTISMASH (Erwinia_amylovora_ATCC_15580)	COMPLETED	0	2026-08-30 19:41:53.738	2026-08-30 19:41:53.835	2026-08-30 19:42:11.619	16s	2	6 GB	735.8 MB	7.8 GB	128.5%	1.2%	664.7 MB	44.5 MB
636	0c/85beff	BGC_ANALYSIS:ANTISMASH_ANALYSIS:ANTISMASH (Pantoea_vagans_Pag_UMAF3084)	COMPLETED	0	2026-08-30 19:41:32.514	2026-08-30 19:41:32.610	2026-08-30 19:42:12.732	38.2s	2	6 GB	776.5 MB	7.8 GB	100.8%	1.3%	1.9 GB	88.7 MB
624	dc/3a1bd6	BGC_ANALYSIS:ANTISMASH_ANALYSIS:ANTISMASH (Pantoea_sp._GM_Pan_1)	COMPLETED	0	2026-08-30 19:41:54.933	2026-08-30 19:41:55.030	2026-08-30 19:42:21.921	25.1s	2	6 GB	518.9 MB	7.8 GB	107.1%	0.7%	1 GB	47.8 MB
623	df/a7a06d	BGC_ANALYSIS:ANTISMASH_ANALYSIS:ANTISMASH (Pantoea_sp._Chal_Metagen_Bin9)	COMPLETED	0	2026-08-30 19:41:43.649	2026-08-30 19:41:43.745	2026-08-30 19:42:22.877	37.2s	2	6 GB	752.3 MB	7.8 GB	96.5%	1.3%	1.6 GB	90.8 MB
625	fc/2f52dd	BGC_ANALYSIS:ANTISMASH_ANALYSIS:ANTISMASH (Pantoea_sp._GM_Pan_2)	COMPLETED	0	2026-08-30 19:42:04.686	2026-08-30 19:42:04.783	2026-08-30 19:42:32.595	26s	2	6 GB	490 MB	7.8 GB	103.0%	0.7%	1.1 GB	48.4 MB
627	63/402e7e	BGC_ANALYSIS:ANTISMASH_ANALYSIS:ANTISMASH (Pantoea_sp._GM_Pan_4)	COMPLETED	0	2026-08-30 19:42:04.982	2026-08-30 19:42:05.079	2026-08-30 19:42:37.541	30.6s	2	6 GB	516.4 MB	7.8 GB	105.0%	0.8%	1.4 GB	57.5 MB
629	08/4c7c66	BGC_ANALYSIS:ANTISMASH_ANALYSIS:ANTISMASH (Pantoea_sp._JK)	COMPLETED	0	2026-08-30 19:42:05.281	2026-08-30 19:42:05.377	2026-08-30 19:42:37.833	30.6s	2	6 GB	715.5 MB	7.8 GB	95.6%	1.3%	1.3 GB	70.8 MB
630	a5/ab1cf1	BGC_ANALYSIS:ANTISMASH_ANALYSIS:ANTISMASH (Pantoea_sp._JV6)	COMPLETED	0	2026-08-30 19:42:12.736	2026-08-30 19:42:12.832	2026-08-30 19:42:44.403	29.7s	2	6 GB	675.4 MB	7.7 GB	95.8%	1.2%	1.3 GB	71.9 MB
628	5c/9fb265	BGC_ANALYSIS:ANTISMASH_ANALYSIS:ANTISMASH (Pantoea_sp._GM_Pan_5)	COMPLETED	0	2026-08-30 19:42:21.924	2026-08-30 19:42:22.021	2026-08-30 19:42:46.680	22.9s	2	6 GB	546.8 MB	7.8 GB	115.3%	0.8%	1 GB	47.3 MB
637	5f/d52582	BGC_ANALYSIS:ANTISMASH_ANALYSIS:ANTISMASH (Buchnera_aphidicola_Hormaphis_cornu_DLS_fromHcor80)	COMPLETED	0	2026-08-30 19:42:46.686	2026-08-30 19:42:46.780	2026-08-30 19:42:53.447	4.9s	2	6 GB	196.4 MB	2.7 GB	110.3%	0.3%	216 MB	5.2 MB
633	6d/a965e4	BGC_ANALYSIS:ANTISMASH_ANALYSIS:ANTISMASH (Pantoea_stewartii_HR3-48)	COMPLETED	0	2026-08-30 19:42:37.544	2026-08-30 19:42:37.641	2026-08-30 19:42:57.433	18s	2	6 GB	816.2 MB	7.8 GB	133.6%	1.3%	802 MB	56.9 MB
634	6c/41d28f	BGC_ANALYSIS:ANTISMASH_ANALYSIS:ANTISMASH (Pantoea_vagans_Mg1)	COMPLETED	0	2026-08-30 19:42:22.881	2026-08-30 19:42:22.977	2026-08-30 19:42:58.514	33.8s	2	6 GB	705.3 MB	7.8 GB	94.0%	1.2%	1.6 GB	78.7 MB
646	97/457fbb	BGC_ANALYSIS:ANTISMASH_ANALYSIS:ANTISMASH (Erwinia_rhapontici_WS3235)	COMPLETED	0	2026-08-30 19:42:37.837	2026-08-30 19:42:37.934	2026-08-30 19:43:00.514	20.8s	2	6 GB	871.2 MB	7.9 GB	135.9%	1.4%	923.7 MB	64.1 MB
647	9d/90f633	BGC_ANALYSIS:ANTISMASH_ANALYSIS:ANTISMASH (Erwinia_sp._S38)	COMPLETED	0	2026-08-30 19:42:11.624	2026-08-30 19:42:11.719	2026-08-30 19:43:00.570	47s	2	6 GB	760.1 MB	7.8 GB	95.3%	1.3%	2.2 GB	100.7 MB
638	0c/4be4e9	BGC_ANALYSIS:ANTISMASH_ANALYSIS:ANTISMASH (Duffyella_gerundensis_A4)	COMPLETED	0	2026-08-30 19:42:44.412	2026-08-30 19:42:44.503	2026-08-30 19:43:04.245	17.9s	2	6 GB	759.5 MB	7.8 GB	125.4%	1.3%	761.4 MB	51.6 MB
643	da/1e4ad5	BGC_ANALYSIS:ANTISMASH_ANALYSIS:ANTISMASH (Erwinia_amylovora_Ea1_79Sm)	COMPLETED	0	2026-08-30 19:42:53.452	2026-08-30 19:42:53.547	2026-08-30 19:43:11.740	16.2s	2	6 GB	725.4 MB	7.8 GB	127.9%	1.2%	670.3 MB	44.6 MB
635	5d/804b20	BGC_ANALYSIS:ANTISMASH_ANALYSIS:ANTISMASH (Pantoea_vagans_Pag_UMAF3067)	COMPLETED	0	2026-08-30 19:42:32.599	2026-08-30 19:42:32.695	2026-08-30 19:43:12.708	38.2s	2	6 GB	779.3 MB	7.8 GB	99.1%	1.3%	1.9 GB	87.2 MB
640	a6/ddb9da	BGC_ANALYSIS:ANTISMASH_ANALYSIS:ANTISMASH (Erwinia_amylovora_19-7)	COMPLETED	0	2026-08-30 19:42:58.517	2026-08-30 19:42:58.614	2026-08-30 19:43:15.396	14.9s	2	6 GB	728.5 MB	7.8 GB	126.7%	1.2%	632.4 MB	43.7 MB
642	bb/49b5c4	BGC_ANALYSIS:ANTISMASH_ANALYSIS:ANTISMASH (Erwinia_amylovora_Ea1189)	COMPLETED	0	2026-08-30 19:43:00.573	2026-08-30 19:43:00.671	2026-08-30 19:43:18.284	15.9s	2	6 GB	724.6 MB	7.8 GB	126.0%	1.2%	665.1 MB	44.3 MB
655	86/fe280e	BGC_ANALYSIS:ANTISMASH_ANALYSIS:ANTISMASH (Pantoea_agglomerans_CFBP13600)	COMPLETED	0	2026-08-30 19:43:00.518	2026-08-30 19:43:00.570	2026-08-30 19:43:22.597	20.2s	2	6 GB	807.4 MB	7.8 GB	125.3%	1.4%	883.3 MB	60.7 MB
639	8e/910314	BGC_ANALYSIS:ANTISMASH_ANALYSIS:ANTISMASH (Erwinia_amylovora_17-2187)	COMPLETED	0	2026-08-30 19:43:11.743	2026-08-30 19:43:11.839	2026-08-30 19:43:30.184	16.2s	2	6 GB	726.4 MB	7.8 GB	129.8%	1.2%	668.4 MB	44.5 MB
645	05/1b0001	BGC_ANALYSIS:ANTISMASH_ANALYSIS:ANTISMASH (Erwinia_billingiae_PBb)	COMPLETED	0	2026-08-30 19:43:04.249	2026-08-30 19:43:04.345	2026-08-30 19:43:37.878	31.5s	2	6 GB	717.8 MB	7.8 GB	96.7%	1.3%	1.3 GB	72.5 MB
651	8b/9ed4cc	BGC_ANALYSIS:ANTISMASH_ANALYSIS:ANTISMASH (Pantoea_agglomerans_ANP8)	COMPLETED	0	2026-08-30 19:42:57.438	2026-08-30 19:42:57.533	2026-08-30 19:43:39.268	39.9s	2	6 GB	662.4 MB	7.8 GB	94.3%	1.1%	1.8 GB	80.7 MB
656	8f/5b911d	BGC_ANALYSIS:ANTISMASH_ANALYSIS:ANTISMASH (Pantoea_agglomerans_CFBP8774)	COMPLETED	0	2026-08-30 19:43:18.288	2026-08-30 19:43:18.384	2026-08-30 19:43:43.092	22.9s	2	6 GB	864.3 MB	7.9 GB	123.6%	1.4%	1002 MB	68.8 MB
654	98/f8dc15	BGC_ANALYSIS:ANTISMASH_ANALYSIS:ANTISMASH (Pantoea_agglomerans_CFBP13593)	COMPLETED	0	2026-08-30 19:43:22.602	2026-08-30 19:43:22.698	2026-08-30 19:43:45.193	20.5s	2	6 GB	830.8 MB	7.8 GB	124.6%	1.4%	893 MB	63 MB
653	e6/acd916	BGC_ANALYSIS:ANTISMASH_ANALYSIS:ANTISMASH (Pantoea_agglomerans_CFBP13583)	COMPLETED	0	2026-08-30 19:43:30.188	2026-08-30 19:43:30.284	2026-08-30 19:43:55.537	23.4s	2	6 GB	752.5 MB	7.8 GB	108.8%	1.3%	1 GB	61.2 MB
649	f9/6bc557	BGC_ANALYSIS:ANTISMASH_ANALYSIS:ANTISMASH (Erwinia_sp._TH29)	COMPLETED	0	2026-08-30 19:43:15.400	2026-08-30 19:43:15.496	2026-08-30 19:44:03.356	46s	2	6 GB	745.2 MB	7.8 GB	96.4%	1.3%	1.4 GB	84.1 MB
644	6d/9352cb	BGC_ANALYSIS:ANTISMASH_ANALYSIS:ANTISMASH (Erwinia_aphidicola_18B1)	COMPLETED	0	2026-08-30 19:43:43.096	2026-08-30 19:43:43.192	2026-08-30 19:44:03.636	18.5s	2	6 GB	878.1 MB	7.9 GB	127.0%	1.4%	824.6 MB	60.4 MB
659	fb/62249f	BGC_ANALYSIS:ANTISMASH_ANALYSIS:ANTISMASH (Pantoea_agglomerans_NC)	COMPLETED	0	2026-08-30 19:43:39.272	2026-08-30 19:43:39.369	2026-08-30 19:44:07.434	26.1s	2	6 GB	655.2 MB	7.7 GB	94.7%	1.0%	1.1 GB	61.7 MB
652	b7/f2020a	BGC_ANALYSIS:ANTISMASH_ANALYSIS:ANTISMASH (Pantoea_agglomerans_AR1a)	COMPLETED	0	2026-08-30 19:43:12.712	2026-08-30 19:43:12.809	2026-08-30 19:44:13.510	58.7s	2	6 GB	4.8 GB	7.8 GB	129.8%	7.8%	22.4 GB	61.7 MB
657	9d/4984a6	BGC_ANALYSIS:ANTISMASH_ANALYSIS:ANTISMASH (Pantoea_agglomerans_Eh_335)	COMPLETED	0	2026-08-30 19:43:45.197	2026-08-30 19:43:45.293	2026-08-30 19:44:22.990	35.6s	2	6 GB	669.6 MB	7.7 GB	94.1%	1.2%	1.5 GB	76.9 MB
648	f5/e1b85a	BGC_ANALYSIS:ANTISMASH_ANALYSIS:ANTISMASH (Erwinia_sp._S43)	COMPLETED	0	2026-08-30 19:43:37.882	2026-08-30 19:43:37.979	2026-08-30 19:44:25.492	45.5s	2	6 GB	733.5 MB	7.8 GB	94.1%	1.3%	2.1 GB	95.8 MB
669	23/273ac7	BGC_ANALYSIS:ANTISMASH_ANALYSIS:ANTISMASH (Pantoea_ananatis_PANS_200_1)	COMPLETED	0	2026-08-30 19:44:07.438	2026-08-30 19:44:07.535	2026-08-30 19:44:34.624	25.2s	2	6 GB	519.3 MB	7.8 GB	114.1%	0.7%	1014.7 MB	48.4 MB
661	04/5f45f6	BGC_ANALYSIS:ANTISMASH_ANALYSIS:ANTISMASH (Pantoea_ananatis_LCFJ-001)	COMPLETED	0	2026-08-30 19:44:13.515	2026-08-30 19:44:13.610	2026-08-30 19:44:34.807	19.3s	2	6 GB	617.2 MB	7.5 GB	130.6%	0.9%	715.9 MB	30.9 MB
678	b2/13cc8b	BGC_ANALYSIS:ANTISMASH_ANALYSIS:ANTISMASH (Pantoea_ananatis_PANS_99_22)	COMPLETED	0	2026-08-30 19:44:34.811	2026-08-30 19:44:34.907	2026-08-30 19:45:03.399	26.7s	2	6 GB	537.2 MB	7.8 GB	111.8%	0.7%	1.1 GB	52.7 MB
672	96/4a0089	BGC_ANALYSIS:ANTISMASH_ANALYSIS:ANTISMASH (Pantoea_ananatis_PANS_2_5)	COMPLETED	0	2026-08-30 19:44:03.359	2026-08-30 19:44:03.456	2026-08-30 19:45:15.074	1m 10s	2	6 GB	4.7 GB	7.9 GB	129.9%	3.2%	22.9 GB	54.3 MB
670	3a/7e621b	BGC_ANALYSIS:ANTISMASH_ANALYSIS:ANTISMASH (Pantoea_ananatis_PANS_200_2)	COMPLETED	0	2026-08-30 19:44:03.640	2026-08-30 19:44:03.736	2026-08-30 19:45:16.557	1m 11s	2	6 GB	4.7 GB	8 GB	124.6%	3.2%	22.3 GB	51.6 MB
673	fd/9d8d5c	BGC_ANALYSIS:ANTISMASH_ANALYSIS:ANTISMASH (Pantoea_ananatis_PANS_2_6)	COMPLETED	0	2026-08-30 19:44:34.628	2026-08-30 19:44:34.724	2026-08-30 19:45:30.935	54.5s	2	6 GB	4.7 GB	7.8 GB	116.8%	5.2%	10.7 GB	53.6 MB
674	ca/73f8d4	BGC_ANALYSIS:ANTISMASH_ANALYSIS:ANTISMASH (Pantoea_ananatis_PANS_2_7)	COMPLETED	0	2026-08-30 19:44:22.994	2026-08-30 19:44:23.091	2026-08-30 19:45:36.545	1m 11s	2	6 GB	4.7 GB	7.8 GB	126.3%	4.7%	23.4 GB	54.4 MB
671	0d/bb5fb8	BGC_ANALYSIS:ANTISMASH_ANALYSIS:ANTISMASH (Pantoea_ananatis_PANS_2_1)	COMPLETED	0	2026-08-30 19:44:25.496	2026-08-30 19:44:25.593	2026-08-30 19:45:44.837	1m 17s	2	6 GB	4.7 GB	7.9 GB	123.4%	3.8%	24.3 GB	57.2 MB
666	14/fa5080	BGC_ANALYSIS:ANTISMASH_ANALYSIS:ANTISMASH (Pantoea_ananatis_PANS_1_6)	COMPLETED	0	2026-08-30 19:45:03.404	2026-08-30 19:45:03.499	2026-08-30 19:45:57.455	51.9s	2	6 GB	4.6 GB	7.8 GB	113.2%	4.8%	10.1 GB	49.3 MB
679	d2/3ec9ab	BGC_ANALYSIS:ANTISMASH_ANALYSIS:ANTISMASH (Pantoea_ananatis_PANS_99_23)	COMPLETED	0	2026-08-30 19:45:30.938	2026-08-30 19:45:31.035	2026-08-30 19:46:02.111	29.1s	2	6 GB	504.2 MB	7.8 GB	103.3%	0.7%	1.1 GB	52.4 MB
662	f9/46d258	BGC_ANALYSIS:ANTISMASH_ANALYSIS:ANTISMASH (Pantoea_ananatis_OC5a)	COMPLETED	0	2026-08-30 19:45:16.561	2026-08-30 19:45:16.657	2026-08-30 19:46:04.777	46.3s	2	6 GB	4.7 GB	7.8 GB	125.5%	4.2%	9.4 GB	59 MB
660	34/786fc5	BGC_ANALYSIS:ANTISMASH_ANALYSIS:ANTISMASH (Pantoea_agglomerans_R6)	COMPLETED	0	2026-08-30 19:43:55.541	2026-08-30 19:43:55.638	2026-08-30 19:46:06.534	2m 9s	2	6 GB	726.4 MB	7.8 GB	102.1%	1.3%	7.5 GB	221.5 MB
681	0b/ec4c55	BGC_ANALYSIS:ANTISMASH_ANALYSIS:ANTISMASH (Pantoea_ananatis_PANS_99_26)	COMPLETED	0	2026-08-30 19:45:44.841	2026-08-30 19:45:44.937	2026-08-30 19:46:16.010	29s	2	6 GB	520.6 MB	7.8 GB	104.6%	0.7%	1.1 GB	52.6 MB
668	ee/b17486	BGC_ANALYSIS:ANTISMASH_ANALYSIS:ANTISMASH (Pantoea_ananatis_PANS_1_9)	COMPLETED	0	2026-08-30 19:46:04.781	2026-08-30 19:46:04.877	2026-08-30 19:46:32.160	25.6s	2	6 GB	539.4 MB	7.8 GB	112.4%	0.7%	1.1 GB	51.1 MB
677	29/a4ab37	BGC_ANALYSIS:ANTISMASH_ANALYSIS:ANTISMASH (Pantoea_ananatis_PANS_99_11)	COMPLETED	0	2026-08-30 19:45:15.080	2026-08-30 19:45:15.174	2026-08-30 19:46:35.721	1m 19s	2	6 GB	4.7 GB	7.8 GB	123.4%	6.8%	24.1 GB	61.2 MB
663	68/7b1865	BGC_ANALYSIS:ANTISMASH_ANALYSIS:ANTISMASH (Pantoea_ananatis_PANS_1_10)	COMPLETED	0	2026-08-30 19:46:06.538	2026-08-30 19:46:06.634	2026-08-30 19:46:36.223	27.9s	2	6 GB	511.9 MB	7.8 GB	105.5%	0.7%	1.1 GB	52.1 MB
675	ec/419036	BGC_ANALYSIS:ANTISMASH_ANALYSIS:ANTISMASH (Pantoea_ananatis_PANS_2_8)	COMPLETED	0	2026-08-30 19:45:36.549	2026-08-30 19:45:36.645	2026-08-30 19:46:49.521	1m 11s	2	6 GB	4.7 GB	7.8 GB	124.5%	4.7%	22.9 GB	54.4 MB
665	a0/50ab18	BGC_ANALYSIS:ANTISMASH_ANALYSIS:ANTISMASH (Pantoea_ananatis_PANS_1_5)	COMPLETED	0	2026-08-30 19:46:02.115	2026-08-30 19:46:02.211	2026-08-30 19:46:54.493	50.3s	2	6 GB	4.6 GB	7.8 GB	113.6%	3.0%	10.1 GB	48.8 MB
667	6c/435d4d	BGC_ANALYSIS:ANTISMASH_ANALYSIS:ANTISMASH (Pantoea_ananatis_PANS_1_8)	COMPLETED	0	2026-08-30 19:46:36.226	2026-08-30 19:46:36.323	2026-08-30 19:47:07.641	29.4s	2	6 GB	531.2 MB	7.8 GB	108.2%	0.7%	1.2 GB	55.1 MB
684	00/f365d8	BGC_ANALYSIS:ANTISMASH_ANALYSIS:ANTISMASH (Pantoea_ananatis_PANS_99_32)	COMPLETED	0	2026-08-30 19:46:16.013	2026-08-30 19:46:16.111	2026-08-30 19:47:07.890	49.8s	2	6 GB	4.7 GB	7.9 GB	117.4%	4.4%	10.6 GB	51.1 MB
676	d1/c87f2f	BGC_ANALYSIS:ANTISMASH_ANALYSIS:ANTISMASH (Pantoea_ananatis_PANS_4_2)	COMPLETED	0	2026-08-30 19:45:57.459	2026-08-30 19:45:57.555	2026-08-30 19:47:11.171	1m 12s	2	6 GB	3.3 GB	7.8 GB	123.5%	5.5%	23.2 GB	54.9 MB
680	50/c73635	BGC_ANALYSIS:ANTISMASH_ANALYSIS:ANTISMASH (Pantoea_ananatis_PANS_99_25)	COMPLETED	0	2026-08-30 19:46:32.163	2026-08-30 19:46:32.261	2026-08-30 19:47:24.277	50.4s	2	6 GB	4.6 GB	7.8 GB	116.5%	3.0%	10.2 GB	51.5 MB
658	85/777fad	BGC_ANALYSIS:ANTISMASH_ANALYSIS:ANTISMASH (Pantoea_agglomerans_MM2021_7)	COMPLETED	0	2026-08-30 19:46:49.524	2026-08-30 19:46:49.621	2026-08-30 19:47:24.614	33.1s	2	6 GB	691.9 MB	7.7 GB	94.3%	1.2%	1.4 GB	72.5 MB
650	31/408e03	BGC_ANALYSIS:ANTISMASH_ANALYSIS:ANTISMASH (Mixta_mediterraneensis_Marseille-Q2057)	COMPLETED	0	2026-08-30 19:46:54.497	2026-08-30 19:46:54.593	2026-08-30 19:47:27.565	30.9s	2	6 GB	703.9 MB	7.8 GB	96.8%	1.3%	1.4 GB	69.3 MB
682	3b/8aeed6	BGC_ANALYSIS:ANTISMASH_ANALYSIS:ANTISMASH (Pantoea_ananatis_PANS_99_29)	COMPLETED	0	2026-08-30 19:46:35.724	2026-08-30 19:46:35.821	2026-08-30 19:47:31.639	53.9s	2	6 GB	4.6 GB	7.8 GB	113.2%	3.5%	10.3 GB	53.8 MB
689	25/25bebc	BGC_ANALYSIS:ANTISMASH_ANALYSIS:ANTISMASH (Pantoea_ananatis_PANS_99_9)	COMPLETED	0	2026-08-30 19:47:24.281	2026-08-30 19:47:24.377	2026-08-30 19:47:57.832	31.6s	2	6 GB	530.2 MB	7.8 GB	105.5%	0.8%	1.4 GB	58.7 MB
664	6f/65ba52	BGC_ANALYSIS:ANTISMASH_ANALYSIS:ANTISMASH (Pantoea_ananatis_PANS_1_2)	COMPLETED	0	2026-08-30 19:47:07.644	2026-08-30 19:47:07.741	2026-08-30 19:48:01.556	52s	2	6 GB	4.7 GB	7.8 GB	114.1%	5.2%	10.3 GB	53.2 MB
685	a5/c3a010	BGC_ANALYSIS:ANTISMASH_ANALYSIS:ANTISMASH (Pantoea_ananatis_PANS_99_33)	COMPLETED	0	2026-08-30 19:47:07.893	2026-08-30 19:47:07.990	2026-08-30 19:48:03.193	53.4s	2	6 GB	3.1 GB	7.8 GB	113.0%	4.6%	10.9 GB	56.3 MB
695	0d/6ff45f	BGC_ANALYSIS:ANTISMASH_ANALYSIS:ANTISMASH (Pantoea_ananatis_PNA_07_1)	COMPLETED	0	2026-08-30 19:47:11.174	2026-08-30 19:47:11.272	2026-08-30 19:48:05.370	52.2s	2	6 GB	4.7 GB	7.9 GB	113.9%	4.6%	10.3 GB	53.6 MB
697	c2/af31f7	BGC_ANALYSIS:ANTISMASH_ANALYSIS:ANTISMASH (Pantoea_ananatis_PNA_07_13)	COMPLETED	0	2026-08-30 19:47:24.618	2026-08-30 19:47:24.715	2026-08-30 19:48:18.608	52.1s	2	6 GB	4.6 GB	7.8 GB	113.7%	3.0%	10.7 GB	52.1 MB
701	68/884a84	BGC_ANALYSIS:ANTISMASH_ANALYSIS:ANTISMASH (Pantoea_ananatis_PNA_07_7)	COMPLETED	0	2026-08-30 19:47:31.643	2026-08-30 19:47:31.739	2026-08-30 19:48:24.917	51.1s	2	6 GB	4.6 GB	7.8 GB	114.0%	2.9%	10.2 GB	51.1 MB
686	6c/64e2b3	BGC_ANALYSIS:ANTISMASH_ANALYSIS:ANTISMASH (Pantoea_ananatis_PANS_99_36)	COMPLETED	0	2026-08-30 19:47:57.836	2026-08-30 19:47:57.932	2026-08-30 19:48:29.133	29.4s	2	6 GB	485.7 MB	7.8 GB	102.1%	0.7%	1.2 GB	54.3 MB
688	72/7c5231	BGC_ANALYSIS:ANTISMASH_ANALYSIS:ANTISMASH (Pantoea_ananatis_PANS_99_5)	COMPLETED	0	2026-08-30 19:48:03.197	2026-08-30 19:48:03.293	2026-08-30 19:48:33.285	28.2s	2	6 GB	538 MB	7.8 GB	112.7%	0.7%	1.2 GB	54.7 MB
691	e3/f7cd33	BGC_ANALYSIS:ANTISMASH_ANALYSIS:ANTISMASH (Pantoea_ananatis_PNA_03_1)	COMPLETED	0	2026-08-30 19:48:05.373	2026-08-30 19:48:05.470	2026-08-30 19:48:59.740	52.3s	2	6 GB	4.7 GB	7.8 GB	117.5%	4.4%	10.3 GB	53.4 MB
692	7e/17a3e2	BGC_ANALYSIS:ANTISMASH_ANALYSIS:ANTISMASH (Pantoea_ananatis_PNA_03_2)	COMPLETED	0	2026-08-30 19:48:29.138	2026-08-30 19:48:29.233	2026-08-30 19:49:00.996	29.7s	2	6 GB	532.9 MB	7.8 GB	106.9%	0.7%	1.3 GB	56.4 MB
687	7b/def289	BGC_ANALYSIS:ANTISMASH_ANALYSIS:ANTISMASH (Pantoea_ananatis_PANS_99_4)	COMPLETED	0	2026-08-30 19:48:01.561	2026-08-30 19:48:01.656	2026-08-30 19:49:07.536	1m 4s	2	6 GB	3.2 GB	7.8 GB	120.1%	4.9%	19.2 GB	55.6 MB
693	ea/2adde8	BGC_ANALYSIS:ANTISMASH_ANALYSIS:ANTISMASH (Pantoea_ananatis_PNA_05_1)	COMPLETED	0	2026-08-30 19:48:18.611	2026-08-30 19:48:18.708	2026-08-30 19:49:15.668	55s	2	6 GB	4.6 GB	7.8 GB	112.0%	4.6%	10.8 GB	55.9 MB
690	6b/4e9856	BGC_ANALYSIS:ANTISMASH_ANALYSIS:ANTISMASH (Pantoea_ananatis_PNA_02_12)	COMPLETED	0	2026-08-30 19:48:24.920	2026-08-30 19:48:25.017	2026-08-30 19:49:20.126	53.3s	2	6 GB	4.7 GB	7.8 GB	114.0%	5.4%	10.2 GB	51.6 MB
696	fb/4b0090	BGC_ANALYSIS:ANTISMASH_ANALYSIS:ANTISMASH (Pantoea_ananatis_PNA_07_10)	COMPLETED	0	2026-08-30 19:48:33.289	2026-08-30 19:48:33.386	2026-08-30 19:49:24.767	49.3s	2	6 GB	4.6 GB	7.9 GB	117.8%	3.4%	10.1 GB	49.2 MB
712	34/5c511f	BGC_ANALYSIS:ANTISMASH_ANALYSIS:ANTISMASH (Pantoea_sp._Edef_Edef)	COMPLETED	0	2026-08-30 19:49:20.132	2026-08-30 19:49:20.227	2026-08-30 19:49:33.459	11s	2	6 GB	206.7 MB	2.7 GB	103.6%	0.3%	556.9 MB	17.3 MB
705	76/932314	BGC_ANALYSIS:ANTISMASH_ANALYSIS:ANTISMASH (Pantoea_ananatis_ku-pa)	COMPLETED	0	2026-08-30 19:48:59.743	2026-08-30 19:48:59.841	2026-08-30 19:49:36.218	34.7s	2	6 GB	712.1 MB	7.8 GB	95.6%	1.3%	1.6 GB	75.7 MB
707	44/847220	BGC_ANALYSIS:ANTISMASH_ANALYSIS:ANTISMASH (Pantoea_cypripedii_WS4375)	COMPLETED	0	2026-08-30 19:49:07.539	2026-08-30 19:49:07.635	2026-08-30 19:49:36.682	27.2s	2	6 GB	876.4 MB	7.9 GB	123.4%	1.5%	1.1 GB	77.8 MB
683	8d/157890	BGC_ANALYSIS:ANTISMASH_ANALYSIS:ANTISMASH (Pantoea_ananatis_PANS_99_31)	COMPLETED	0	2026-08-30 19:47:27.569	2026-08-30 19:47:27.664	2026-08-30 19:49:49.697	2m 20s	2	6 GB	4.7 GB	7.8 GB	114.8%	4.0%	27.7 GB	152 MB
694	7b/7486dd	BGC_ANALYSIS:ANTISMASH_ANALYSIS:ANTISMASH (Pantoea_ananatis_PNA_06_4)	COMPLETED	0	2026-08-30 19:49:01.000	2026-08-30 19:49:01.097	2026-08-30 19:49:55.866	53s	2	6 GB	4.6 GB	7.8 GB	116.0%	5.5%	10.3 GB	53.2 MB
699	e2/20d981	BGC_ANALYSIS:ANTISMASH_ANALYSIS:ANTISMASH (Pantoea_ananatis_PNA_07_22)	COMPLETED	0	2026-08-30 19:49:33.462	2026-08-30 19:49:33.558	2026-08-30 19:50:10.780	35.4s	2	6 GB	491.3 MB	7.8 GB	103.2%	0.7%	1.6 GB	63.3 MB
706	97/0e3030	BGC_ANALYSIS:ANTISMASH_ANALYSIS:ANTISMASH (Pantoea_coffeiphila_1480)	COMPLETED	0	2026-08-30 19:49:36.685	2026-08-30 19:49:36.782	2026-08-30 19:50:12.643	34.1s	2	6 GB	834.6 MB	7.8 GB	98.9%	1.3%	1.4 GB	77.5 MB
700	bf/b0e998	BGC_ANALYSIS:ANTISMASH_ANALYSIS:ANTISMASH (Pantoea_ananatis_PNA_07_5)	COMPLETED	0	2026-08-30 19:49:24.771	2026-08-30 19:49:24.868	2026-08-30 19:50:17.249	50.2s	2	6 GB	4.7 GB	7.9 GB	118.1%	4.2%	10.2 GB	52.2 MB
704	d3/c4d066	BGC_ANALYSIS:ANTISMASH_ANALYSIS:ANTISMASH (Pantoea_ananatis_UFMG54)	COMPLETED	0	2026-08-30 19:49:49.701	2026-08-30 19:49:49.797	2026-08-30 19:50:19.776	28s	2	6 GB	489.7 MB	7.8 GB	102.1%	0.7%	1.2 GB	53.8 MB
698	18/71c111	BGC_ANALYSIS:ANTISMASH_ANALYSIS:ANTISMASH (Pantoea_ananatis_PNA_07_14)	COMPLETED	0	2026-08-30 19:49:15.671	2026-08-30 19:49:15.768	2026-08-30 19:50:20.544	1m 3s	2	6 GB	4.7 GB	7.8 GB	119.1%	3.2%	18.2 GB	54.5 MB
711	cf/0cf6e0	BGC_ANALYSIS:ANTISMASH_ANALYSIS:ANTISMASH (Pantoea_sp._Brub_Brub)	COMPLETED	0	2026-08-30 19:50:12.661	2026-08-30 19:50:12.750	2026-08-30 19:50:26.936	12.5s	2	6 GB	204.8 MB	2.7 GB	103.3%	0.3%	702 MB	20.9 MB
709	f6/963a54	BGC_ANALYSIS:ANTISMASH_ANALYSIS:ANTISMASH (Pantoea_eucrina_OB49)	COMPLETED	0	2026-08-30 19:49:55.870	2026-08-30 19:49:55.966	2026-08-30 19:50:27.134	29.3s	2	6 GB	653.9 MB	7.7 GB	94.1%	1.0%	1.4 GB	65 MB
702	50/a43b26	BGC_ANALYSIS:ANTISMASH_ANALYSIS:ANTISMASH (Pantoea_ananatis_PNA_08_1)	COMPLETED	0	2026-08-30 19:49:36.221	2026-08-30 19:49:36.318	2026-08-30 19:50:28.994	51s	2	6 GB	4.6 GB	7.8 GB	113.4%	5.3%	10.2 GB	51.7 MB
714	df/9587d2	BGC_ANALYSIS:ANTISMASH_ANALYSIS:ANTISMASH (Pantoea_sp._PNT01)	COMPLETED	0	2026-08-30 19:50:19.779	2026-08-30 19:50:19.876	2026-08-30 19:50:44.235	22.6s	2	6 GB	736.1 MB	7.8 GB	102.7%	1.3%	964.7 MB	58 MB
710	c6/11d02e	BGC_ANALYSIS:ANTISMASH_ANALYSIS:ANTISMASH (Pantoea_sp._1B4)	COMPLETED	0	2026-08-30 19:50:26.940	2026-08-30 19:50:27.036	2026-08-30 19:50:48.474	19.6s	2	6 GB	812.7 MB	7.8 GB	124.0%	1.3%	850.2 MB	60 MB
715	f7/9a9c9b	BGC_ANALYSIS:ANTISMASH_ANALYSIS:ANTISMASH (Pantoea_sp._PNT02)	COMPLETED	0	2026-08-30 19:50:20.548	2026-08-30 19:50:20.644	2026-08-30 19:50:49.978	27.6s	2	6 GB	687.1 MB	7.7 GB	99.3%	1.2%	1.1 GB	67.4 MB
708	d5/f0f274	BGC_ANALYSIS:ANTISMASH_ANALYSIS:ANTISMASH (Pantoea_endophytica_HN-23)	COMPLETED	0	2026-08-30 19:50:10.783	2026-08-30 19:50:10.881	2026-08-30 19:50:53.203	40.6s	2	6 GB	497.9 MB	7.7 GB	100.8%	0.7%	1.8 GB	69.4 MB
716	4d/13e9b9	BGC_ANALYSIS:ANTISMASH_ANALYSIS:ANTISMASH (Pantoea_sp._PNT03)	COMPLETED	0	2026-08-30 19:50:27.138	2026-08-30 19:50:27.234	2026-08-30 19:50:53.526	24.4s	2	6 GB	683.1 MB	7.7 GB	105.4%	1.1%	1 GB	62.7 MB
727	fc/a69595	BGC_ANALYSIS:ANTISMASH_ANALYSIS:ANTISMASH (Pantoea_stewartii_subsp._indologenes_PANS_07-12)	COMPLETED	0	2026-08-30 19:50:28.997	2026-08-30 19:50:29.097	2026-08-30 19:51:02.380	31.4s	2	6 GB	494.5 MB	7.8 GB	102.2%	0.7%	1.3 GB	57.5 MB
703	1a/815206	BGC_ANALYSIS:ANTISMASH_ANALYSIS:ANTISMASH (Pantoea_ananatis_PNA_11_1)	COMPLETED	0	2026-08-30 19:50:44.238	2026-08-30 19:50:44.334	2026-08-30 19:51:14.354	28.2s	2	6 GB	495.6 MB	7.7 GB	102.3%	0.7%	1.1 GB	52.3 MB
731	f5/4d1792	BGC_ANALYSIS:ANTISMASH_ANALYSIS:ANTISMASH (Pantoea_stewartii_subsp._indologenes_PANS_99-15)	COMPLETED	0	2026-08-30 19:50:53.207	2026-08-30 19:50:53.304	2026-08-30 19:51:25.356	30.2s	2	6 GB	494.4 MB	7.8 GB	104.3%	0.7%	1.3 GB	56.3 MB
719	27/d675a4	BGC_ANALYSIS:ANTISMASH_ANALYSIS:ANTISMASH (Pantoea_sp._S62)	COMPLETED	0	2026-08-30 19:50:48.478	2026-08-30 19:50:48.574	2026-08-30 19:51:26.223	35.9s	2	6 GB	639.4 MB	7.7 GB	94.0%	1.0%	1.7 GB	76.7 MB
739	05/90a45c	BGC_ANALYSIS:ANTISMASH_ANALYSIS:ANTISMASH (Buchnera_aphidicola_Aphis_urticata_AURT-53B)	COMPLETED	0	2026-08-30 19:51:26.227	2026-08-30 19:51:26.323	2026-08-30 19:51:34.018	5.9s	2	6 GB	216.8 MB	2.7 GB	108.8%	0.3%	288.6 MB	9.4 MB
729	97/6c9fd5	BGC_ANALYSIS:ANTISMASH_ANALYSIS:ANTISMASH (Pantoea_stewartii_subsp._indologenes_PANS_07-4)	COMPLETED	0	2026-08-30 19:51:02.384	2026-08-30 19:51:02.480	2026-08-30 19:51:34.409	30.1s	2	6 GB	520.3 MB	7.8 GB	106.7%	0.7%	1.3 GB	56.6 MB
717	22/351676	BGC_ANALYSIS:ANTISMASH_ANALYSIS:ANTISMASH (Pantoea_sp._Pent_Pent)	COMPLETED	0	2026-08-30 19:50:53.529	2026-08-30 19:50:53.627	2026-08-30 19:51:35.918	40.4s	2	6 GB	653.9 MB	7.7 GB	97.1%	1.0%	2.1 GB	85.6 MB
720	3a/cf0a14	BGC_ANALYSIS:ANTISMASH_ANALYSIS:ANTISMASH (Pantoea_sp._SM3640)	COMPLETED	0	2026-08-30 19:51:25.360	2026-08-30 19:51:25.457	2026-08-30 19:51:41.273	13.9s	2	6 GB	568.3 MB	7.3 GB	136.2%	1.0%	668 MB	29.1 MB
740	a8/bc4e09	BGC_ANALYSIS:ANTISMASH_ANALYSIS:ANTISMASH (Buchnera_aphidicola_Microlophium_carnosum_MCAR-56B)	COMPLETED	0	2026-08-30 19:51:35.921	2026-08-30 19:51:36.018	2026-08-30 19:51:44.329	6.4s	2	6 GB	216.1 MB	2.7 GB	101.4%	0.3%	287.8 MB	9.4 MB
721	cd/dd9c20	BGC_ANALYSIS:ANTISMASH_ANALYSIS:ANTISMASH (Pantoea_stewartii_subsp._indologenes_NCPPB_1562)	COMPLETED	0	2026-08-30 19:51:14.358	2026-08-30 19:51:14.454	2026-08-30 19:51:44.364	28.1s	2	6 GB	518.5 MB	7.8 GB	108.3%	0.7%	1.2 GB	54.3 MB
742	dc/bde087	BGC_ANALYSIS:ANTISMASH_ANALYSIS:ANTISMASH (Buchnera_aphidicola_Periphyllus_aceris_PERIS-14B)	COMPLETED	0	2026-08-30 19:51:41.277	2026-08-30 19:51:41.373	2026-08-30 19:51:50.409	7s	2	6 GB	191 MB	2.7 GB	107.0%	0.3%	387.9 MB	10.3 MB
713	5b/6edee1	BGC_ANALYSIS:ANTISMASH_ANALYSIS:ANTISMASH (Pantoea_sp._Morm_Morm)	COMPLETED	0	2026-08-30 19:50:17.254	2026-08-30 19:50:17.349	2026-08-30 19:52:03.160	1m 44s	2	6 GB	796.6 MB	7.8 GB	99.6%	1.3%	6.1 GB	193.9 MB
723	49/4550b5	BGC_ANALYSIS:ANTISMASH_ANALYSIS:ANTISMASH (Pantoea_stewartii_subsp._indologenes_NCPPB_2275)	COMPLETED	0	2026-08-30 19:51:34.413	2026-08-30 19:51:34.509	2026-08-30 19:52:04.726	28.4s	2	6 GB	498.9 MB	7.8 GB	103.6%	0.7%	1.2 GB	52.9 MB
722	4a/32273c	BGC_ANALYSIS:ANTISMASH_ANALYSIS:ANTISMASH (Pantoea_stewartii_subsp._indologenes_NCPPB_1877)	COMPLETED	0	2026-08-30 19:51:34.022	2026-08-30 19:51:34.118	2026-08-30 19:52:05.414	29.6s	2	6 GB	489.8 MB	7.8 GB	102.7%	0.7%	1.3 GB	54.9 MB
718	8b/4f0384	BGC_ANALYSIS:ANTISMASH_ANALYSIS:ANTISMASH (Pantoea_sp._S61)	COMPLETED	0	2026-08-30 19:50:49.982	2026-08-30 19:50:50.078	2026-08-30 19:52:06.510	1m 15s	2	6 GB	4.7 GB	7.9 GB	109.8%	4.2%	16.7 GB	101.2 MB
724	3a/48660b	BGC_ANALYSIS:ANTISMASH_ANALYSIS:ANTISMASH (Pantoea_stewartii_subsp._indologenes_NCPPB_2281)	COMPLETED	0	2026-08-30 19:51:44.367	2026-08-30 19:51:44.465	2026-08-30 19:52:13.065	26.8s	2	6 GB	529.5 MB	7.8 GB	109.9%	0.7%	1.2 GB	52.3 MB
725	c0/0b066f	BGC_ANALYSIS:ANTISMASH_ANALYSIS:ANTISMASH (Pantoea_stewartii_subsp._indologenes_NCPPB_2282)	COMPLETED	0	2026-08-30 19:51:44.332	2026-08-30 19:51:44.364	2026-08-30 19:52:14.464	28.3s	2	6 GB	522.1 MB	7.8 GB	106.3%	0.7%	1.2 GB	53.8 MB
737	8c/d1f721	BGC_ANALYSIS:ANTISMASH_ANALYSIS:ANTISMASH (Buchnera_aphidicola_Aphis_fabae_Afa-UT1)	COMPLETED	0	2026-08-30 19:52:14.468	2026-08-30 19:52:14.564	2026-08-30 19:52:21.835	5.5s	2	6 GB	206.6 MB	2.7 GB	105.9%	0.3%	244.8 MB	5.5 MB
726	ea/ccef3e	BGC_ANALYSIS:ANTISMASH_ANALYSIS:ANTISMASH (Pantoea_stewartii_subsp._indologenes_PANS_07-10)	COMPLETED	0	2026-08-30 19:51:50.412	2026-08-30 19:51:50.509	2026-08-30 19:52:23.180	30.7s	2	6 GB	496.4 MB	7.8 GB	104.3%	0.7%	1.3 GB	57.4 MB
736	4e/998bde	BGC_ANALYSIS:ANTISMASH_ANALYSIS:ANTISMASH (Winslowiella_toletana_WS4403)	COMPLETED	0	2026-08-30 19:52:05.417	2026-08-30 19:52:05.515	2026-08-30 19:52:26.720	19.6s	2	6 GB	893.2 MB	7.9 GB	135.5%	1.5%	883.3 MB	61.7 MB
738	59/52aa1b	BGC_ANALYSIS:ANTISMASH_ANALYSIS:ANTISMASH (Buchnera_aphidicola_Aphis_gossypii_Ago-UT1)	COMPLETED	0	2026-08-30 19:52:21.838	2026-08-30 19:52:21.935	2026-08-30 19:52:28.855	5.1s	2	6 GB	209.5 MB	2.7 GB	106.4%	0.3%	243.9 MB	5.5 MB
730	cf/467d43	BGC_ANALYSIS:ANTISMASH_ANALYSIS:ANTISMASH (Pantoea_stewartii_subsp._indologenes_PANS_07-6)	COMPLETED	0	2026-08-30 19:52:03.164	2026-08-30 19:52:03.260	2026-08-30 19:52:36.708	31.7s	2	6 GB	490.7 MB	7.7 GB	101.2%	0.7%	1.3 GB	57.5 MB
728	39/b6cfe3	BGC_ANALYSIS:ANTISMASH_ANALYSIS:ANTISMASH (Pantoea_stewartii_subsp._indologenes_PANS_07-14)	COMPLETED	0	2026-08-30 19:52:06.513	2026-08-30 19:52:06.610	2026-08-30 19:52:37.282	29s	2	6 GB	506 MB	7.8 GB	100.8%	0.7%	1.2 GB	53.6 MB
747	1d/920735	BGC_ANALYSIS:ANTISMASH_ANALYSIS:ANTISMASH (Candidatus_Pantoea_gossypiicola_B_8)	COMPLETED	0	2026-08-30 19:52:04.730	2026-08-30 19:52:04.826	2026-08-30 19:52:43.318	36.8s	2	6 GB	690.6 MB	7.8 GB	93.1%	1.2%	1.7 GB	80 MB
735	fe/37c4f3	BGC_ANALYSIS:ANTISMASH_ANALYSIS:ANTISMASH (Pantoea_stewartii_subsp._indologenes_PNA_15-2)	COMPLETED	0	2026-08-30 19:52:23.184	2026-08-30 19:52:23.281	2026-08-30 19:52:50.817	25.7s	2	6 GB	529.1 MB	7.8 GB	109.6%	0.7%	1.1 GB	49.1 MB
741	20/be4d44	BGC_ANALYSIS:ANTISMASH_ANALYSIS:ANTISMASH (Buchnera_aphidicola_Periphyllus_acericola_PCOLA-89B)	COMPLETED	0	2026-08-30 19:52:43.322	2026-08-30 19:52:43.418	2026-08-30 19:52:52.730	7.5s	2	6 GB	197 MB	2.7 GB	105.6%	0.3%	387.3 MB	10.2 MB
755	14/f85e32	BGC_ANALYSIS:ANTISMASH_ANALYSIS:ANTISMASH (Mixta_intestinalis_SRCM103226)	COMPLETED	0	2026-08-30 19:52:36.711	2026-08-30 19:52:36.808	2026-08-30 19:52:57.347	18.5s	2	6 GB	773.5 MB	7.8 GB	130.0%	1.3%	802.6 MB	53.4 MB
732	b7/d98e11	BGC_ANALYSIS:ANTISMASH_ANALYSIS:ANTISMASH (Pantoea_stewartii_subsp._indologenes_PNA_14-11)	COMPLETED	0	2026-08-30 19:52:13.068	2026-08-30 19:52:13.166	2026-08-30 19:53:12.663	57.6s	2	6 GB	4.7 GB	7.8 GB	121.3%	3.3%	16.3 GB	50.1 MB
757	31/b049ab	BGC_ANALYSIS:ANTISMASH_ANALYSIS:ANTISMASH (Pantoea_agglomerans_ASB05)	COMPLETED	0	2026-08-30 19:52:57.351	2026-08-30 19:52:57.447	2026-08-30 19:53:19.057	19.7s	2	6 GB	809.4 MB	7.8 GB	127.6%	1.3%	856.1 MB	57.6 MB
758	f0/c16c97	BGC_ANALYSIS:ANTISMASH_ANALYSIS:ANTISMASH (Pantoea_agglomerans_B1)	COMPLETED	0	2026-08-30 19:52:50.821	2026-08-30 19:52:50.918	2026-08-30 19:53:22.021	29s	2	6 GB	744.3 MB	7.8 GB	102.2%	1.3%	1.3 GB	71.7 MB
733	93/c110b7	BGC_ANALYSIS:ANTISMASH_ANALYSIS:ANTISMASH (Pantoea_stewartii_subsp._indologenes_PNA_14-12)	COMPLETED	0	2026-08-30 19:52:26.723	2026-08-30 19:52:26.820	2026-08-30 19:53:23.829	55.2s	2	6 GB	3.2 GB	7.8 GB	124.6%	3.0%	16.2 GB	49.6 MB
745	28/aefe38	BGC_ANALYSIS:ANTISMASH_ANALYSIS:ANTISMASH (Candidatus_Pantoea_communis_Al-1710)	COMPLETED	0	2026-08-30 19:52:37.285	2026-08-30 19:52:37.382	2026-08-30 19:53:24.425	45.1s	2	6 GB	781.6 MB	7.8 GB	93.6%	1.3%	2.1 GB	97.4 MB
759	db/22c482	BGC_ANALYSIS:ANTISMASH_ANALYSIS:ANTISMASH (Pantoea_agglomerans_B3)	COMPLETED	0	2026-08-30 19:52:52.733	2026-08-30 19:52:52.830	2026-08-30 19:53:25.250	30.4s	2	6 GB	750.7 MB	7.8 GB	99.1%	1.3%	1.4 GB	74.2 MB
743	af/d2a54b	BGC_ANALYSIS:ANTISMASH_ANALYSIS:ANTISMASH (Buchnera_aphidicola_Periphyllus_lyropictus_PLYR-94B)	COMPLETED	0	2026-08-30 19:53:19.062	2026-08-30 19:53:19.157	2026-08-30 19:53:26.865	5.8s	2	6 GB	188.8 MB	2.7 GB	103.4%	0.3%	305.7 MB	8.3 MB
734	04/5a8584	BGC_ANALYSIS:ANTISMASH_ANALYSIS:ANTISMASH (Pantoea_stewartii_subsp._indologenes_PNA_14-9)	COMPLETED	0	2026-08-30 19:52:28.859	2026-08-30 19:52:28.955	2026-08-30 19:53:27.434	56.7s	2	6 GB	4.7 GB	8 GB	122.1%	5.1%	16.3 GB	50.1 MB
744	bc/4dd472	BGC_ANALYSIS:ANTISMASH_ANALYSIS:ANTISMASH (Buchnera_aphidicola_Uroleucon_sonchi_UsonBac)	COMPLETED	0	2026-08-30 19:53:25.253	2026-08-30 19:53:25.350	2026-08-30 19:53:32.217	5.1s	2	6 GB	208.8 MB	2.7 GB	101.6%	0.3%	239.8 MB	5.3 MB
760	ff/5b3976	BGC_ANALYSIS:ANTISMASH_ANALYSIS:ANTISMASH (Pantoea_agglomerans_BAV_2934)	COMPLETED	0	2026-08-30 19:53:22.025	2026-08-30 19:53:22.121	2026-08-30 19:53:44.322	20.5s	2	6 GB	605.6 MB	7.9 GB	126.1%	1.0%	861.6 MB	45.2 MB
746	f5/d19868	BGC_ANALYSIS:ANTISMASH_ANALYSIS:ANTISMASH (Candidatus_Pantoea_formicae_Acro-805)	COMPLETED	0	2026-08-30 19:53:12.667	2026-08-30 19:53:12.763	2026-08-30 19:53:50.667	36s	2	6 GB	767 MB	7.8 GB	97.9%	1.3%	1.5 GB	83.7 MB
761	7f/355f0c	BGC_ANALYSIS:ANTISMASH_ANALYSIS:ANTISMASH (Pantoea_agglomerans_C1)	COMPLETED	0	2026-08-30 19:53:26.868	2026-08-30 19:53:26.966	2026-08-30 19:53:51.399	22.7s	2	6 GB	736.3 MB	7.8 GB	110.3%	1.3%	981.3 MB	60.7 MB
766	b8/71f0c6	BGC_ANALYSIS:ANTISMASH_ANALYSIS:ANTISMASH (Pantoea_agglomerans_T2)	COMPLETED	0	2026-08-30 19:53:24.429	2026-08-30 19:53:24.525	2026-08-30 19:53:54.143	27.8s	2	6 GB	655.3 MB	7.7 GB	98.0%	1.1%	1.2 GB	66.4 MB
763	95/e71880	BGC_ANALYSIS:ANTISMASH_ANALYSIS:ANTISMASH (Pantoea_agglomerans_R5)	COMPLETED	0	2026-08-30 19:53:27.438	2026-08-30 19:53:27.534	2026-08-30 19:53:57.711	28.5s	2	6 GB	709.1 MB	7.8 GB	94.4%	1.3%	1.2 GB	66.1 MB
748	44/4a324b	BGC_ANALYSIS:ANTISMASH_ANALYSIS:ANTISMASH (Candidatus_Pantoea_multigeneris_Acro-835)	COMPLETED	0	2026-08-30 19:53:23.833	2026-08-30 19:53:23.929	2026-08-30 19:53:58.635	33s	2	6 GB	715.6 MB	7.8 GB	96.5%	1.3%	1.3 GB	74.2 MB
764	0a/b67a67	BGC_ANALYSIS:ANTISMASH_ANALYSIS:ANTISMASH (Pantoea_agglomerans_RIT710)	COMPLETED	0	2026-08-30 19:53:32.221	2026-08-30 19:53:32.318	2026-08-30 19:54:02.619	28.3s	2	6 GB	699.3 MB	7.8 GB	94.1%	1.3%	1.2 GB	65.8 MB
749	94/1a0f26	BGC_ANALYSIS:ANTISMASH_ANALYSIS:ANTISMASH (Erwinia_billingiae_TH88)	COMPLETED	0	2026-08-30 19:53:51.402	2026-08-30 19:53:51.499	2026-08-30 19:54:11.990	18.7s	2	6 GB	806.7 MB	7.8 GB	134.2%	1.3%	829.7 MB	57 MB
771	95/b6f4ef	BGC_ANALYSIS:ANTISMASH_ANALYSIS:ANTISMASH (Pantoea_agglomerans_UAEU18)	COMPLETED	0	2026-08-30 19:53:50.670	2026-08-30 19:53:50.767	2026-08-30 19:54:12.330	19.8s	2	6 GB	800.5 MB	7.8 GB	129.5%	1.3%	845.4 MB	57 MB
767	e8/da7a20	BGC_ANALYSIS:ANTISMASH_ANALYSIS:ANTISMASH (Pantoea_agglomerans_T3)	COMPLETED	0	2026-08-30 19:53:54.147	2026-08-30 19:53:54.243	2026-08-30 19:54:22.241	26.3s	2	6 GB	696.9 MB	7.8 GB	100.5%	1.2%	1.1 GB	63.1 MB
750	33/8fe75a	BGC_ANALYSIS:ANTISMASH_ANALYSIS:ANTISMASH (Erwinia_endophytica_A41C3)	COMPLETED	0	2026-08-30 19:53:44.325	2026-08-30 19:53:44.422	2026-08-30 19:54:25.172	39s	2	6 GB	663.2 MB	7.7 GB	95.1%	1.1%	1.9 GB	78.8 MB
751	1a/2ff7e8	BGC_ANALYSIS:ANTISMASH_ANALYSIS:ANTISMASH (Erwinia_rhapontici_CGMCC1.6978)	COMPLETED	0	2026-08-30 19:53:57.715	2026-08-30 19:53:57.811	2026-08-30 19:54:32.974	33.4s	2	6 GB	519.6 MB	7.8 GB	105.2%	0.7%	1.4 GB	61.4 MB
756	c6/f908c6	BGC_ANALYSIS:ANTISMASH_ANALYSIS:ANTISMASH (Pantoea_agglomerans_A2)	COMPLETED	0	2026-08-30 19:54:12.334	2026-08-30 19:54:12.430	2026-08-30 19:54:39.811	25.5s	2	6 GB	635.9 MB	7.7 GB	99.6%	1.0%	1.1 GB	64 MB
778	7a/c8bb3d	BGC_ANALYSIS:ANTISMASH_ANALYSIS:ANTISMASH (Pantoea_dispersa_625)	COMPLETED	0	2026-08-30 19:54:11.993	2026-08-30 19:54:12.091	2026-08-30 19:54:39.979	26s	2	6 GB	676.1 MB	7.7 GB	99.4%	1.2%	1.1 GB	64.2 MB
775	62/c2443c	BGC_ANALYSIS:ANTISMASH_ANALYSIS:ANTISMASH (Pantoea_ananatis_Weeds_Lee_18a)	COMPLETED	0	2026-08-30 19:54:02.622	2026-08-30 19:54:02.719	2026-08-30 19:54:40.489	35.7s	2	6 GB	723.6 MB	7.8 GB	95.9%	1.3%	1.7 GB	80.4 MB
779	fd/cbdeea	BGC_ANALYSIS:ANTISMASH_ANALYSIS:ANTISMASH (Pantoea_dispersa_BJQ0007)	COMPLETED	0	2026-08-30 19:54:25.177	2026-08-30 19:54:25.272	2026-08-30 19:54:44.991	18s	2	6 GB	792.6 MB	7.8 GB	127.6%	1.3%	814.4 MB	54 MB
752	d2/31ffed	BGC_ANALYSIS:ANTISMASH_ANALYSIS:ANTISMASH (Erwinia_sorbitola_J316)	COMPLETED	0	2026-08-30 19:54:22.244	2026-08-30 19:54:22.342	2026-08-30 19:54:51.202	27.2s	2	6 GB	671.9 MB	7.7 GB	100.1%	1.1%	1.2 GB	64.8 MB
753	ab/b2b34c	BGC_ANALYSIS:ANTISMASH_ANALYSIS:ANTISMASH (Erwinia_sorbitola_J780)	COMPLETED	0	2026-08-30 19:54:39.814	2026-08-30 19:54:39.911	2026-08-30 19:55:00.592	18.9s	2	6 GB	807.9 MB	7.8 GB	134.6%	1.3%	801.8 MB	55 MB
762	87/195169	BGC_ANALYSIS:ANTISMASH_ANALYSIS:ANTISMASH (Pantoea_agglomerans_R1)	COMPLETED	0	2026-08-30 19:54:40.492	2026-08-30 19:54:40.589	2026-08-30 19:55:01.562	19.2s	2	6 GB	805.9 MB	7.8 GB	131.5%	1.3%	825.7 MB	58.3 MB
765	c7/521396	BGC_ANALYSIS:ANTISMASH_ANALYSIS:ANTISMASH (Pantoea_agglomerans_T1)	COMPLETED	0	2026-08-30 19:54:39.982	2026-08-30 19:54:40.079	2026-08-30 19:55:04.059	22.2s	2	6 GB	697.3 MB	7.7 GB	108.2%	1.2%	960.4 MB	57.3 MB
774	f5/a29be3	BGC_ANALYSIS:ANTISMASH_ANALYSIS:ANTISMASH (Pantoea_ananatis_MMB-1)	COMPLETED	0	2026-08-30 19:53:58.639	2026-08-30 19:53:58.735	2026-08-30 19:55:06.559	1m 6s	2	6 GB	4.8 GB	8 GB	122.5%	5.3%	22.2 GB	60.2 MB
784	80/faed05	BGC_ANALYSIS:ANTISMASH_ANALYSIS:ANTISMASH (Pantoea_sp._Acro-807)	COMPLETED	0	2026-08-30 19:54:44.995	2026-08-30 19:54:45.091	2026-08-30 19:55:09.014	22.1s	2	6 GB	666.3 MB	7.7 GB	98.5%	1.1%	978 MB	53.1 MB
770	b3/d6ee99	BGC_ANALYSIS:ANTISMASH_ANALYSIS:ANTISMASH (Pantoea_agglomerans_T6)	COMPLETED	0	2026-08-30 19:54:51.206	2026-08-30 19:54:51.302	2026-08-30 19:55:20.333	26.8s	2	6 GB	706 MB	7.8 GB	96.7%	1.2%	1 GB	61.4 MB
754	ed/2b1712	BGC_ANALYSIS:ANTISMASH_ANALYSIS:ANTISMASH (Mixta_calida_B021323)	COMPLETED	0	2026-08-30 19:54:32.978	2026-08-30 19:54:33.075	2026-08-30 19:55:20.551	45.7s	2	6 GB	654.8 MB	7.7 GB	95.9%	1.0%	2.4 GB	92.9 MB
769	fc/662b6a	BGC_ANALYSIS:ANTISMASH_ANALYSIS:ANTISMASH (Pantoea_agglomerans_T5)	COMPLETED	0	2026-08-30 19:55:01.566	2026-08-30 19:55:01.662	2026-08-30 19:55:28.613	25.1s	2	6 GB	705.5 MB	7.7 GB	104.3%	1.2%	1.1 GB	63.3 MB
768	6d/e5689b	BGC_ANALYSIS:ANTISMASH_ANALYSIS:ANTISMASH (Pantoea_agglomerans_T4)	COMPLETED	0	2026-08-30 19:55:00.596	2026-08-30 19:55:00.691	2026-08-30 19:55:28.870	26.5s	2	6 GB	758 MB	7.8 GB	107.0%	1.3%	1.2 GB	67.2 MB
777	83/0a9b9d	BGC_ANALYSIS:ANTISMASH_ANALYSIS:ANTISMASH (Pantoea_cypripedii_NE1)	COMPLETED	0	2026-08-30 19:55:09.018	2026-08-30 19:55:09.114	2026-08-30 19:55:34.387	23.4s	2	6 GB	870.5 MB	7.9 GB	129.4%	1.5%	1 GB	76.3 MB
781	41/18947e	BGC_ANALYSIS:ANTISMASH_ANALYSIS:ANTISMASH (Pantoea_eucalypti_LMG_24197_2)	COMPLETED	0	2026-08-30 19:55:20.554	2026-08-30 19:55:20.652	2026-08-30 19:55:41.482	19s	2	6 GB	810.6 MB	7.8 GB	128.8%	1.3%	842.2 MB	56.7 MB
776	93/06ee14	BGC_ANALYSIS:ANTISMASH_ANALYSIS:ANTISMASH (Pantoea_anthophila_EKM101A)	COMPLETED	0	2026-08-30 19:55:20.336	2026-08-30 19:55:20.434	2026-08-30 19:55:51.888	29.6s	2	6 GB	508.6 MB	7.7 GB	109.4%	0.7%	1.3 GB	55.9 MB
773	85/8ac499	BGC_ANALYSIS:ANTISMASH_ANALYSIS:ANTISMASH (Pantoea_ananatis_BAV_3296)	COMPLETED	0	2026-08-30 19:55:04.063	2026-08-30 19:55:04.159	2026-08-30 19:55:52.971	47.1s	2	6 GB	487.6 MB	7.7 GB	102.4%	0.7%	2.4 GB	80.5 MB
791	67/db3d33	BGC_ANALYSIS:ANTISMASH_ANALYSIS:ANTISMASH (Pantoea_sp._B_9)	COMPLETED	0	2026-08-30 19:55:28.873	2026-08-30 19:55:28.971	2026-08-30 19:55:58.090	27.2s	2	6 GB	706.9 MB	7.8 GB	104.5%	1.3%	1.2 GB	67.4 MB
792	cf/faac63	BGC_ANALYSIS:ANTISMASH_ANALYSIS:ANTISMASH (Pantoea_sp._Bo_10)	COMPLETED	0	2026-08-30 19:55:41.486	2026-08-30 19:55:41.582	2026-08-30 19:56:03.566	20s	2	6 GB	557.5 MB	7.3 GB	100.1%	1.0%	901.3 MB	50.5 MB
783	81/486e17	BGC_ANALYSIS:ANTISMASH_ANALYSIS:ANTISMASH (Pantoea_sp._Aalb)	COMPLETED	0	2026-08-30 19:55:52.974	2026-08-30 19:55:53.071	2026-08-30 19:56:03.905	9.1s	2	6 GB	225.5 MB	2.7 GB	104.7%	0.3%	441.3 MB	16.8 MB
789	91/1d46b7	BGC_ANALYSIS:ANTISMASH_ANALYSIS:ANTISMASH (Pantoea_sp._B_10)	COMPLETED	0	2026-08-30 19:55:28.617	2026-08-30 19:55:28.713	2026-08-30 19:56:09.155	38.5s	2	6 GB	704.3 MB	7.8 GB	94.6%	1.2%	1.8 GB	84.3 MB
790	30/41d15c	BGC_ANALYSIS:ANTISMASH_ANALYSIS:ANTISMASH (Pantoea_sp._B_2)	COMPLETED	0	2026-08-30 19:55:34.390	2026-08-30 19:55:34.488	2026-08-30 19:56:13.493	37s	2	6 GB	709.1 MB	7.8 GB	94.8%	1.3%	1.8 GB	81.9 MB
785	be/10d3c3	BGC_ANALYSIS:ANTISMASH_ANALYSIS:ANTISMASH (Pantoea_sp._Ap-870)	COMPLETED	0	2026-08-30 19:55:58.094	2026-08-30 19:55:58.191	2026-08-30 19:56:27.837	27.7s	2	6 GB	719 MB	7.8 GB	98.9%	1.3%	1.2 GB	66.9 MB
798	d8/3acf51	BGC_ANALYSIS:ANTISMASH_ANALYSIS:ANTISMASH (Pantoea_sp._Bo_21)	COMPLETED	0	2026-08-30 19:55:51.891	2026-08-30 19:55:51.988	2026-08-30 19:56:31.024	37.3s	2	6 GB	717.4 MB	7.8 GB	95.2%	1.3%	1.8 GB	82.4 MB
786	30/8cc116	BGC_ANALYSIS:ANTISMASH_ANALYSIS:ANTISMASH (Pantoea_sp._Ap-959)	COMPLETED	0	2026-08-30 19:56:03.909	2026-08-30 19:56:04.005	2026-08-30 19:56:33.818	27.8s	2	6 GB	728.1 MB	7.8 GB	99.6%	1.3%	1.2 GB	68.3 MB
782	94/380bef	BGC_ANALYSIS:ANTISMASH_ANALYSIS:ANTISMASH (Pantoea_phytobeneficialis_MSR2)	COMPLETED	0	2026-08-30 19:56:09.158	2026-08-30 19:56:09.256	2026-08-30 19:56:33.825	22.6s	2	6 GB	822.1 MB	7.8 GB	128.8%	1.4%	1008.4 MB	68.6 MB
788	bf/76adb2	BGC_ANALYSIS:ANTISMASH_ANALYSIS:ANTISMASH (Pantoea_sp._BAV_3049)	COMPLETED	0	2026-08-30 19:56:27.840	2026-08-30 19:56:27.938	2026-08-30 19:56:54.542	24.9s	2	6 GB	657.1 MB	7.9 GB	130.5%	1.2%	1.1 GB	52.9 MB
780	61/6319eb	BGC_ANALYSIS:ANTISMASH_ANALYSIS:ANTISMASH (Pantoea_dispersa_CCUG_25232T)	COMPLETED	0	2026-08-30 19:56:13.496	2026-08-30 19:56:13.593	2026-08-30 19:56:56.969	41.6s	2	6 GB	748.1 MB	7.8 GB	96.1%	1.3%	2 GB	88.2 MB
809	e9/a0a496	BGC_ANALYSIS:ANTISMASH_ANALYSIS:ANTISMASH (Pantoea_sp._EKM103V)	COMPLETED	0	2026-08-30 19:56:33.821	2026-08-30 19:56:33.825	2026-08-30 19:57:05.511	29.9s	2	6 GB	716.7 MB	7.8 GB	98.8%	1.3%	1.4 GB	69.3 MB
2213	4b/132aaf	BGC_ANALYSIS:ANTISMASH_ANALYSIS:ANTISMASH (Erwinia_aeris_ACCC_02193)	COMPLETED	0	2026-08-30 19:56:33.828	2026-08-30 19:56:33.925	2026-08-30 19:57:06.252	30.6s	2	6 GB	715.8 MB	7.8 GB	94.2%	1.3%	1.4 GB	73.7 MB
787	d6/65fa8e	BGC_ANALYSIS:ANTISMASH_ANALYSIS:ANTISMASH (Pantoea_sp._Ap-967)	COMPLETED	0	2026-08-30 19:56:03.569	2026-08-30 19:56:03.667	2026-08-30 19:57:06.841	1m 1s	2	6 GB	959.4 MB	7.9 GB	95.0%	1.3%	2.6 GB	114.9 MB
794	f4/4ad6aa	BGC_ANALYSIS:ANTISMASH_ANALYSIS:ANTISMASH (Pantoea_sp._Bo_13)	COMPLETED	0	2026-08-30 19:56:31.027	2026-08-30 19:56:31.124	2026-08-30 19:57:10.226	37.3s	2	6 GB	719.2 MB	7.8 GB	94.3%	1.3%	1.8 GB	82.4 MB
796	94/e7fb35	BGC_ANALYSIS:ANTISMASH_ANALYSIS:ANTISMASH (Pantoea_sp._Bo_19)	COMPLETED	0	2026-08-30 19:56:54.546	2026-08-30 19:56:54.642	2026-08-30 19:57:32.272	35.8s	2	6 GB	698 MB	7.8 GB	94.9%	1.3%	1.7 GB	80.4 MB
793	ef/c5b0bd	BGC_ANALYSIS:ANTISMASH_ANALYSIS:ANTISMASH (Pantoea_sp._Bo_11)	COMPLETED	0	2026-08-30 19:56:56.972	2026-08-30 19:56:57.069	2026-08-30 19:57:32.829	34s	2	6 GB	699.1 MB	7.8 GB	94.4%	1.3%	1.6 GB	77.8 MB
810	6e/fc6162	BGC_ANALYSIS:ANTISMASH_ANALYSIS:ANTISMASH (Pantoea_sp._EKM21T)	COMPLETED	0	2026-08-30 19:57:05.515	2026-08-30 19:57:05.612	2026-08-30 19:57:35.072	27.7s	2	6 GB	701.2 MB	7.8 GB	95.1%	1.3%	1.2 GB	66.4 MB
795	e2/d9d91e	BGC_ANALYSIS:ANTISMASH_ANALYSIS:ANTISMASH (Pantoea_sp._Bo_14)	COMPLETED	0	2026-08-30 19:57:06.256	2026-08-30 19:57:06.352	2026-08-30 19:57:41.566	33.4s	2	6 GB	692.8 MB	7.8 GB	95.3%	1.3%	1.6 GB	76.8 MB
813	60/0297e8	BGC_ANALYSIS:ANTISMASH_ANALYSIS:ANTISMASH (Pantoea_sp._F_11)	COMPLETED	0	2026-08-30 19:57:06.844	2026-08-30 19:57:06.941	2026-08-30 19:57:41.808	33.1s	2	6 GB	698.4 MB	7.8 GB	94.9%	1.3%	1.6 GB	76.3 MB
799	9d/0fb0c2	BGC_ANALYSIS:ANTISMASH_ANALYSIS:ANTISMASH (Pantoea_sp._Bo_3)	COMPLETED	0	2026-08-30 19:57:10.229	2026-08-30 19:57:10.326	2026-08-30 19:57:49.659	37.5s	2	6 GB	705 MB	7.8 GB	94.9%	1.2%	1.8 GB	82.9 MB
814	06/35a404	BGC_ANALYSIS:ANTISMASH_ANALYSIS:ANTISMASH (Pantoea_sp._F_12)	COMPLETED	0	2026-08-30 19:57:32.275	2026-08-30 19:57:32.372	2026-08-30 19:58:07.736	33.6s	2	6 GB	691.1 MB	7.8 GB	95.2%	1.3%	1.6 GB	76.3 MB
818	2f/302185	BGC_ANALYSIS:ANTISMASH_ANALYSIS:ANTISMASH (Pantoea_sp._F_17)	COMPLETED	0	2026-08-30 19:57:35.075	2026-08-30 19:57:35.173	2026-08-30 19:58:09.661	32.7s	2	6 GB	710.3 MB	7.8 GB	95.2%	1.3%	1.5 GB	75.3 MB
800	61/5849ba	BGC_ANALYSIS:ANTISMASH_ANALYSIS:ANTISMASH (Pantoea_sp._Bo_34a)	COMPLETED	0	2026-08-30 19:57:32.833	2026-08-30 19:57:32.929	2026-08-30 19:58:11.433	36.7s	2	6 GB	722.2 MB	7.8 GB	95.5%	1.3%	1.8 GB	81.9 MB
801	81/4014ff	BGC_ANALYSIS:ANTISMASH_ANALYSIS:ANTISMASH (Pantoea_sp._Bo_39)	COMPLETED	0	2026-08-30 19:57:41.570	2026-08-30 19:57:41.666	2026-08-30 19:58:19.951	36.4s	2	6 GB	720.6 MB	7.8 GB	94.8%	1.3%	1.8 GB	81.4 MB
797	3e/d4d1bb	BGC_ANALYSIS:ANTISMASH_ANALYSIS:ANTISMASH (Pantoea_sp._Bo_2)	COMPLETED	0	2026-08-30 19:57:41.811	2026-08-30 19:57:41.907	2026-08-30 19:58:20.965	37.2s	2	6 GB	719.2 MB	7.8 GB	95.0%	1.3%	1.8 GB	82.4 MB
806	9b/75a321	BGC_ANALYSIS:ANTISMASH_ANALYSIS:ANTISMASH (Pantoea_sp._Cy-639)	COMPLETED	0	2026-08-30 19:57:49.662	2026-08-30 19:57:49.760	2026-08-30 19:58:36.736	45.1s	2	6 GB	694 MB	7.8 GB	96.3%	1.3%	1.7 GB	83.1 MB
808	c7/74cd4f	BGC_ANALYSIS:ANTISMASH_ANALYSIS:ANTISMASH (Pantoea_sp._EKM101V)	COMPLETED	0	2026-08-30 19:58:07.739	2026-08-30 19:58:07.835	2026-08-30 19:58:38.922	29.2s	2	6 GB	655.6 MB	7.7 GB	95.2%	1.1%	1.3 GB	67.8 MB
816	6a/340eee	BGC_ANALYSIS:ANTISMASH_ANALYSIS:ANTISMASH (Pantoea_sp._F_15)	COMPLETED	0	2026-08-30 19:58:09.664	2026-08-30 19:58:09.761	2026-08-30 19:58:44.534	32.9s	2	6 GB	691.1 MB	7.8 GB	94.7%	1.3%	1.5 GB	75.8 MB
802	63/a57f44	BGC_ANALYSIS:ANTISMASH_ANALYSIS:ANTISMASH (Pantoea_sp._Bo_40)	COMPLETED	0	2026-08-30 19:58:11.436	2026-08-30 19:58:11.533	2026-08-30 19:58:50.244	36.8s	2	6 GB	702 MB	7.8 GB	94.8%	1.2%	1.8 GB	81.9 MB
820	78/460b8b	BGC_ANALYSIS:ANTISMASH_ANALYSIS:ANTISMASH (Pantoea_sp._F_5)	COMPLETED	0	2026-08-30 19:58:20.969	2026-08-30 19:58:21.065	2026-08-30 19:58:55.489	32.7s	2	6 GB	714.8 MB	7.8 GB	94.4%	1.3%	1.5 GB	75.3 MB
803	15/ecfac6	BGC_ANALYSIS:ANTISMASH_ANALYSIS:ANTISMASH (Pantoea_sp._Bo_46)	COMPLETED	0	2026-08-30 19:58:19.954	2026-08-30 19:58:20.052	2026-08-30 19:58:59.167	37.3s	2	6 GB	724.8 MB	7.8 GB	95.4%	1.3%	1.8 GB	82.9 MB
829	a1/7c2eaa	BGC_ANALYSIS:ANTISMASH_ANALYSIS:ANTISMASH (Pantoea_sp._Nvir)	COMPLETED	0	2026-08-30 19:58:50.248	2026-08-30 19:58:50.344	2026-08-30 19:59:02.057	9.8s	2	6 GB	223.8 MB	2.7 GB	101.9%	0.3%	475.9 MB	19.3 MB
823	8d/95be78	BGC_ANALYSIS:ANTISMASH_ANALYSIS:ANTISMASH (Pantoea_sp._M_10)	COMPLETED	0	2026-08-30 19:58:38.925	2026-08-30 19:58:39.021	2026-08-30 19:59:04.894	24.1s	2	6 GB	660.1 MB	7.7 GB	100.9%	1.1%	1 GB	61.4 MB
828	82/b17f5c	BGC_ANALYSIS:ANTISMASH_ANALYSIS:ANTISMASH (Pantoea_sp._Mhis)	COMPLETED	0	2026-08-30 19:58:55.493	2026-08-30 19:58:55.590	2026-08-30 19:59:07.592	10.2s	2	6 GB	205.7 MB	2.7 GB	104.7%	0.3%	562.1 MB	18.5 MB
811	6d/87c134	BGC_ANALYSIS:ANTISMASH_ANALYSIS:ANTISMASH (Pantoea_sp._Eser)	COMPLETED	0	2026-08-30 19:58:44.537	2026-08-30 19:58:44.634	2026-08-30 19:59:09.488	22.9s	2	6 GB	637.7 MB	7.7 GB	99.8%	1.0%	1.1 GB	57.5 MB
804	79/44ad53	BGC_ANALYSIS:ANTISMASH_ANALYSIS:ANTISMASH (Pantoea_sp._Bo_5)	COMPLETED	0	2026-08-30 19:58:36.739	2026-08-30 19:58:36.836	2026-08-30 19:59:15.673	37.1s	2	6 GB	712.4 MB	7.8 GB	94.9%	1.3%	1.8 GB	82.4 MB
805	aa/b98cc7	BGC_ANALYSIS:ANTISMASH_ANALYSIS:ANTISMASH (Pantoea_sp._Bo_7)	COMPLETED	0	2026-08-30 19:58:59.171	2026-08-30 19:58:59.267	2026-08-30 19:59:21.008	20s	2	6 GB	505 MB	7.2 GB	99.2%	0.9%	901.4 MB	50.5 MB
807	15/504e57	BGC_ANALYSIS:ANTISMASH_ANALYSIS:ANTISMASH (Pantoea_sp._Cy-640)	COMPLETED	0	2026-08-30 19:59:07.595	2026-08-30 19:59:07.692	2026-08-30 19:59:36.353	26.8s	2	6 GB	673.5 MB	7.7 GB	95.1%	1.2%	1.2 GB	67.8 MB
815	34/3ecece	BGC_ANALYSIS:ANTISMASH_ANALYSIS:ANTISMASH (Pantoea_sp._F_14)	COMPLETED	0	2026-08-30 19:59:02.060	2026-08-30 19:59:02.157	2026-08-30 19:59:37.149	33.2s	2	6 GB	708.4 MB	7.8 GB	95.0%	1.3%	1.6 GB	76.3 MB
825	7e/82eec7	BGC_ANALYSIS:ANTISMASH_ANALYSIS:ANTISMASH (Pantoea_sp._M_4)	COMPLETED	0	2026-08-30 19:59:04.898	2026-08-30 19:59:04.994	2026-08-30 19:59:45.397	38.5s	2	6 GB	717.5 MB	7.8 GB	95.4%	1.3%	1.9 GB	85.3 MB
812	0b/f72694	BGC_ANALYSIS:ANTISMASH_ANALYSIS:ANTISMASH (Pantoea_sp._FN_2b)	COMPLETED	0	2026-08-30 19:59:15.677	2026-08-30 19:59:15.774	2026-08-30 19:59:54.987	37.3s	2	6 GB	704.6 MB	7.8 GB	95.0%	1.2%	1.8 GB	82.8 MB
819	d7/dc0af5	BGC_ANALYSIS:ANTISMASH_ANALYSIS:ANTISMASH (Pantoea_sp._F_18)	COMPLETED	0	2026-08-30 19:59:21.012	2026-08-30 19:59:21.108	2026-08-30 19:59:55.948	32.9s	2	6 GB	711.9 MB	7.8 GB	95.1%	1.3%	1.6 GB	76.3 MB
833	ab/37b62e	BGC_ANALYSIS:ANTISMASH_ANALYSIS:ANTISMASH (Pantoea_sp._Tr-811)	COMPLETED	0	2026-08-30 19:59:09.491	2026-08-30 19:59:09.589	2026-08-30 20:00:04.563	53.1s	2	6 GB	799.3 MB	7.8 GB	94.5%	1.3%	2.1 GB	103.1 MB
831	4f/e24bf6	BGC_ANALYSIS:ANTISMASH_ANALYSIS:ANTISMASH (Pantoea_sp._SoEX)	COMPLETED	0	2026-08-30 20:00:04.566	2026-08-30 20:00:04.663	2026-08-30 20:00:15.272	8.8s	2	6 GB	204.8 MB	2.7 GB	107.3%	0.3%	454.3 MB	14.8 MB
824	08/97f5c6	BGC_ANALYSIS:ANTISMASH_ANALYSIS:ANTISMASH (Pantoea_sp._M_3)	COMPLETED	0	2026-08-30 19:59:36.357	2026-08-30 19:59:36.454	2026-08-30 20:00:16.716	38.4s	2	6 GB	720.5 MB	7.8 GB	96.2%	1.3%	1.9 GB	84.8 MB
838	4e/bb7860	BGC_ANALYSIS:ANTISMASH_ANALYSIS:ANTISMASH (Candidatus_Pantoea_bituminis_EnvD)	COMPLETED	0	2026-08-30 19:59:54.991	2026-08-30 19:59:55.087	2026-08-30 20:00:19.320	22.5s	2	6 GB	621.4 MB	7.8 GB	125.7%	1.0%	892.1 MB	48 MB
830	21/6c0adc	BGC_ANALYSIS:ANTISMASH_ANALYSIS:ANTISMASH (Pantoea_sp._Seng)	COMPLETED	0	2026-08-30 19:59:45.401	2026-08-30 19:59:45.497	2026-08-30 20:00:26.149	38.7s	2	6 GB	705.7 MB	7.8 GB	93.3%	1.3%	1.8 GB	82.4 MB
832	06/0aa52d	BGC_ANALYSIS:ANTISMASH_ANALYSIS:ANTISMASH (Pantoea_sp._Taur)	COMPLETED	0	2026-08-30 19:59:55.951	2026-08-30 19:59:56.048	2026-08-30 20:00:39.390	41.6s	2	6 GB	745.8 MB	7.8 GB	94.8%	1.3%	2 GB	91.6 MB
821	34/0ea405	BGC_ANALYSIS:ANTISMASH_ANALYSIS:ANTISMASH (Pantoea_sp._F_7)	COMPLETED	0	2026-08-30 20:00:16.719	2026-08-30 20:00:16.817	2026-08-30 20:00:51.240	32.6s	2	6 GB	714.2 MB	7.8 GB	95.4%	1.3%	1.5 GB	75.3 MB
817	a7/127e08	BGC_ANALYSIS:ANTISMASH_ANALYSIS:ANTISMASH (Pantoea_sp._F_16)	COMPLETED	0	2026-08-30 20:00:15.275	2026-08-30 20:00:15.372	2026-08-30 20:00:51.338	34.1s	2	6 GB	700.4 MB	7.8 GB	95.9%	1.3%	1.6 GB	78 MB
827	76/733750	BGC_ANALYSIS:ANTISMASH_ANALYSIS:ANTISMASH (Pantoea_sp._M_6)	COMPLETED	0	2026-08-30 20:00:26.154	2026-08-30 20:00:26.249	2026-08-30 20:00:55.419	27.3s	2	6 GB	703.6 MB	7.8 GB	95.2%	1.3%	1.2 GB	64.5 MB
822	f5/44cd4e	BGC_ANALYSIS:ANTISMASH_ANALYSIS:ANTISMASH (Pantoea_sp._M_1)	COMPLETED	0	2026-08-30 20:00:19.323	2026-08-30 20:00:19.420	2026-08-30 20:00:57.319	36.1s	2	6 GB	695.4 MB	7.8 GB	94.6%	1.3%	1.8 GB	80.8 MB
849	62/736416	BGC_ANALYSIS:ANTISMASH_ANALYSIS:ANTISMASH (Erwinia_sp._E602)	COMPLETED	0	2026-08-30 20:00:39.394	2026-08-30 20:00:39.490	2026-08-30 20:01:00.015	18.6s	2	6 GB	847.7 MB	7.9 GB	134.0%	1.4%	848.8 MB	59.6 MB
826	55/f3b644	BGC_ANALYSIS:ANTISMASH_ANALYSIS:ANTISMASH (Pantoea_sp._M_5)	COMPLETED	0	2026-08-30 19:59:37.152	2026-08-30 19:59:37.249	2026-08-30 20:01:27.361	1m 48s	2	6 GB	797.8 MB	7.8 GB	101.7%	1.3%	6.5 GB	205.2 MB
836	e6/814df7	BGC_ANALYSIS:ANTISMASH_ANALYSIS:ANTISMASH (Pantoea_stewartii_subsp._stewartii_MS1)	COMPLETED	0	2026-08-30 20:00:55.451	2026-08-30 20:00:55.520	2026-08-30 20:01:29.704	32.3s	2	6 GB	501.5 MB	7.8 GB	103.1%	0.7%	1.4 GB	59 MB
853	dd/7d9a35	BGC_ANALYSIS:ANTISMASH_ANALYSIS:ANTISMASH (Pantoea_agglomerans_OVA06A)	COMPLETED	0	2026-08-30 20:01:00.019	2026-08-30 20:01:00.115	2026-08-30 20:01:30.597	28.6s	2	6 GB	530.4 MB	7.8 GB	111.3%	0.7%	1.2 GB	53.8 MB
837	43/3b7e03	BGC_ANALYSIS:ANTISMASH_ANALYSIS:ANTISMASH (Buchnera_aphidicola_Tabriz.4)	COMPLETED	0	2026-08-30 20:00:57.322	2026-08-30 20:00:57.419	2026-08-30 20:01:43.663	44.4s	2	6 GB	196.4 MB	2.7 GB	105.9%	0.3%	2.9 GB	71.2 MB
834	86/9d5ad1	BGC_ANALYSIS:ANTISMASH_ANALYSIS:ANTISMASH (Pantoea_stewartii_ZJ-FGZX1)	COMPLETED	0	2026-08-30 20:00:51.244	2026-08-30 20:00:51.338	2026-08-30 20:01:45.083	51.8s	2	6 GB	4.8 GB	8.2 GB	135.8%	3.3%	15.5 GB	59.2 MB
850	cb/705333	BGC_ANALYSIS:ANTISMASH_ANALYSIS:ANTISMASH (Pantoea_agglomerans_33.1)	COMPLETED	0	2026-08-30 20:01:27.364	2026-08-30 20:01:27.461	2026-08-30 20:01:48.734	19.4s	2	6 GB	816.3 MB	7.8 GB	132.2%	1.3%	879 MB	58.5 MB
852	34/c650be	BGC_ANALYSIS:ANTISMASH_ANALYSIS:ANTISMASH (Pantoea_agglomerans_KNU001)	COMPLETED	0	2026-08-30 20:01:29.707	2026-08-30 20:01:29.804	2026-08-30 20:02:01.554	30s	2	6 GB	667.5 MB	7.7 GB	97.8%	1.2%	1.4 GB	70.6 MB
839	bc/4a4449	BGC_ANALYSIS:ANTISMASH_ANALYSIS:ANTISMASH (Candidatus_Pantoea_haifensis_EnvH)	COMPLETED	0	2026-08-30 20:01:43.667	2026-08-30 20:01:43.763	2026-08-30 20:02:06.854	21.3s	2	6 GB	585.9 MB	7.9 GB	125.2%	0.9%	897.7 MB	43.5 MB
842	d0/d26be8	BGC_ANALYSIS:ANTISMASH_ANALYSIS:ANTISMASH (Erwinia_amylovora_MLI217-18)	COMPLETED	0	2026-08-30 20:01:30.601	2026-08-30 20:01:30.697	2026-08-30 20:02:07.075	34.6s	2	6 GB	632.1 MB	7.7 GB	96.4%	1.0%	1.6 GB	68.6 MB
835	86/3be174	BGC_ANALYSIS:ANTISMASH_ANALYSIS:ANTISMASH (Pantoea_stewartii_subsp._stewartii_CCUG_26359)	COMPLETED	0	2026-08-30 20:00:51.341	2026-08-30 20:00:51.438	2026-08-30 20:02:15.129	1m 22s	2	6 GB	751.6 MB	7.8 GB	100.5%	1.3%	4.8 GB	158.1 MB
841	38/7785ec	BGC_ANALYSIS:ANTISMASH_ANALYSIS:ANTISMASH (Erwinia_amylovora_MLI200-18)	COMPLETED	0	2026-08-30 20:01:45.086	2026-08-30 20:01:45.183	2026-08-30 20:02:22.204	35.2s	2	6 GB	618.3 MB	7.7 GB	97.9%	1.0%	1.7 GB	70.6 MB
840	e9/69f14b	BGC_ANALYSIS:ANTISMASH_ANALYSIS:ANTISMASH (Erwinia_amylovora_MLI181-18)	COMPLETED	0	2026-08-30 20:01:48.738	2026-08-30 20:01:48.835	2026-08-30 20:02:23.722	33.1s	2	6 GB	651.5 MB	7.7 GB	96.5%	1.0%	1.6 GB	66.7 MB
844	20/af14e8	BGC_ANALYSIS:ANTISMASH_ANALYSIS:ANTISMASH (Erwinia_persicina_Cp2)	COMPLETED	0	2026-08-30 20:02:07.079	2026-08-30 20:02:07.175	2026-08-30 20:02:27.864	18.8s	2	6 GB	823.5 MB	7.8 GB	135.4%	1.3%	811.9 MB	56.3 MB
843	29/9a6fc1	BGC_ANALYSIS:ANTISMASH_ANALYSIS:ANTISMASH (Erwinia_amylovora_MLI90-17)	COMPLETED	0	2026-08-30 20:02:01.557	2026-08-30 20:02:01.654	2026-08-30 20:02:37.426	33.9s	2	6 GB	641.4 MB	7.7 GB	96.9%	1.0%	1.6 GB	68.1 MB
848	53/ea69e8	BGC_ANALYSIS:ANTISMASH_ANALYSIS:ANTISMASH (Erwinia_rhapontici_MAFF_311155)	COMPLETED	0	2026-08-30 20:02:15.133	2026-08-30 20:02:15.229	2026-08-30 20:02:37.758	20.7s	2	6 GB	878.9 MB	7.9 GB	134.3%	1.4%	869.6 MB	61.3 MB
846	f1/3e8bc7	BGC_ANALYSIS:ANTISMASH_ANALYSIS:ANTISMASH (Erwinia_rhapontici_MAFF_311153)	COMPLETED	0	2026-08-30 20:02:23.726	2026-08-30 20:02:23.822	2026-08-30 20:02:45.361	19.5s	2	6 GB	812.9 MB	7.8 GB	136.4%	1.4%	869.5 MB	58.7 MB
847	66/bdab31	BGC_ANALYSIS:ANTISMASH_ANALYSIS:ANTISMASH (Erwinia_rhapontici_MAFF_311154)	COMPLETED	0	2026-08-30 20:02:27.867	2026-08-30 20:02:27.964	2026-08-30 20:02:50.560	20.5s	2	6 GB	874.5 MB	7.9 GB	133.3%	1.4%	885.3 MB	60.9 MB
851	3b/ef549b	BGC_ANALYSIS:ANTISMASH_ANALYSIS:ANTISMASH (Pantoea_agglomerans_FDAARGOS_1447)	COMPLETED	0	2026-08-30 20:02:37.761	2026-08-30 20:02:37.858	2026-08-30 20:02:58.699	18.9s	2	6 GB	804.6 MB	7.8 GB	130.7%	1.3%	811.7 MB	55.1 MB
772	a5/661533	BGC_ANALYSIS:ANTISMASH_ANALYSIS:ANTISMASH (Pantoea_agglomerans_VRA_MhP_f)	COMPLETED	0	2026-08-30 19:55:06.562	2026-08-30 19:55:06.659	2026-08-30 20:03:07.427	7m 59s	2	6 GB	891.9 MB	8 GB	104.0%	1.6%	32.2 GB	825.4 MB
855	d6/21321a	BGC_ANALYSIS:ANTISMASH_ANALYSIS:ANTISMASH (Pantoea_allii_BD_381)	COMPLETED	0	2026-08-30 20:02:06.858	2026-08-30 20:02:06.954	2026-08-30 20:03:07.911	59.1s	2	6 GB	4.7 GB	7.8 GB	107.5%	5.0%	11.7 GB	77.8 MB
845	00/3b6fdf	BGC_ANALYSIS:ANTISMASH_ANALYSIS:ANTISMASH (Erwinia_phyllosphaerae_CMYE1)	COMPLETED	0	2026-08-30 20:02:37.430	2026-08-30 20:02:37.526	2026-08-30 20:03:11.867	32.3s	2	6 GB	646.9 MB	7.7 GB	96.2%	1.0%	1.3 GB	67.7 MB
854	a5/80a0d2	BGC_ANALYSIS:ANTISMASH_ANALYSIS:ANTISMASH (Pantoea_alfalfae_CQ10)	COMPLETED	0	2026-08-30 20:02:50.564	2026-08-30 20:02:50.660	2026-08-30 20:03:13.266	20.6s	2	6 GB	795.4 MB	7.8 GB	122.0%	1.3%	942 MB	58.7 MB
868	9a/e30068	BGC_ANALYSIS:ANTISMASH_ANALYSIS:ANTISMASH (Pantoea_ananatis_PNA_18_10S)	COMPLETED	0	2026-08-30 20:02:45.364	2026-08-30 20:02:45.462	2026-08-30 20:03:18.624	31.2s	2	6 GB	525.1 MB	7.8 GB	103.0%	0.9%	1.3 GB	56.8 MB
861	13/47c678	BGC_ANALYSIS:ANTISMASH_ANALYSIS:ANTISMASH (Pantoea_allii_BD_389)	COMPLETED	0	2026-08-30 20:02:22.208	2026-08-30 20:02:22.304	2026-08-30 20:03:23.263	59.1s	2	6 GB	4.7 GB	7.8 GB	108.7%	5.2%	11.7 GB	77.8 MB
862	f3/e8085b	BGC_ANALYSIS:ANTISMASH_ANALYSIS:ANTISMASH (Pantoea_ananatis_PNA_13_1)	COMPLETED	0	2026-08-30 20:02:58.702	2026-08-30 20:02:58.800	2026-08-30 20:03:51.511	50.9s	2	6 GB	4.6 GB	7.8 GB	113.4%	5.5%	9 GB	52.5 MB
858	f0/1eff1e	BGC_ANALYSIS:ANTISMASH_ANALYSIS:ANTISMASH (Pantoea_allii_BD_386)	COMPLETED	0	2026-08-30 20:03:07.430	2026-08-30 20:03:07.526	2026-08-30 20:04:07.709	58.4s	2	6 GB	4.7 GB	7.8 GB	108.2%	3.1%	11.5 GB	74.2 MB
857	91/d36ccb	BGC_ANALYSIS:ANTISMASH_ANALYSIS:ANTISMASH (Pantoea_allii_BD_383)	COMPLETED	0	2026-08-30 20:03:11.870	2026-08-30 20:03:11.967	2026-08-30 20:04:12.592	58.8s	2	6 GB	4.7 GB	7.8 GB	107.8%	3.1%	11.6 GB	76.3 MB
860	44/bacea4	BGC_ANALYSIS:ANTISMASH_ANALYSIS:ANTISMASH (Pantoea_allii_BD_388)	COMPLETED	0	2026-08-30 20:03:13.269	2026-08-30 20:03:13.366	2026-08-30 20:04:14.601	59.3s	2	6 GB	4.7 GB	7.8 GB	107.5%	5.6%	11.6 GB	76.2 MB
864	0b/4360a9	BGC_ANALYSIS:ANTISMASH_ANALYSIS:ANTISMASH (Pantoea_ananatis_PNA_15_1)	COMPLETED	0	2026-08-30 20:03:23.267	2026-08-30 20:03:23.363	2026-08-30 20:04:18.137	52.8s	2	6 GB	4.7 GB	7.8 GB	112.5%	4.3%	10.2 GB	53 MB
859	8e/a03d03	BGC_ANALYSIS:ANTISMASH_ANALYSIS:ANTISMASH (Pantoea_allii_BD_387)	COMPLETED	0	2026-08-30 20:03:18.627	2026-08-30 20:03:18.725	2026-08-30 20:04:20.097	59.4s	2	6 GB	4.7 GB	7.8 GB	107.8%	5.6%	11.6 GB	75.7 MB
877	fe/6bd383	BGC_ANALYSIS:ANTISMASH_ANALYSIS:ANTISMASH (Pantoea_ananatis_PNA_200_10)	COMPLETED	0	2026-08-30 20:03:51.516	2026-08-30 20:03:51.611	2026-08-30 20:04:46.210	52.8s	2	6 GB	4.6 GB	7.8 GB	115.5%	5.5%	10.2 GB	52.9 MB
863	ef/927d4d	BGC_ANALYSIS:ANTISMASH_ANALYSIS:ANTISMASH (Pantoea_ananatis_PNA_14_2)	COMPLETED	0	2026-08-30 20:04:12.596	2026-08-30 20:04:12.692	2026-08-30 20:04:48.060	33.4s	2	6 GB	495.9 MB	7.7 GB	102.0%	0.8%	1.4 GB	58.8 MB
880	2a/b1eb40	BGC_ANALYSIS:ANTISMASH_ANALYSIS:ANTISMASH (Pantoea_ananatis_PNA_200_3)	COMPLETED	0	2026-08-30 20:04:18.141	2026-08-30 20:04:18.237	2026-08-30 20:04:49.674	29.5s	2	6 GB	539.6 MB	7.8 GB	109.3%	0.7%	1.3 GB	56.4 MB
866	ad/fd37b3	BGC_ANALYSIS:ANTISMASH_ANALYSIS:ANTISMASH (Pantoea_ananatis_PNA_18_1)	COMPLETED	0	2026-08-30 20:04:14.605	2026-08-30 20:04:14.700	2026-08-30 20:05:04.413	47.8s	2	6 GB	3.1 GB	7.9 GB	123.3%	5.3%	10.2 GB	51.6 MB
856	97/92412b	BGC_ANALYSIS:ANTISMASH_ANALYSIS:ANTISMASH (Pantoea_allii_BD_382)	COMPLETED	0	2026-08-30 20:04:07.713	2026-08-30 20:04:07.809	2026-08-30 20:05:08.977	59.3s	2	6 GB	4.7 GB	7.7 GB	109.9%	5.6%	11.6 GB	76.8 MB
865	5d/635fe9	BGC_ANALYSIS:ANTISMASH_ANALYSIS:ANTISMASH (Pantoea_ananatis_PNA_15_3)	COMPLETED	0	2026-08-30 20:04:46.213	2026-08-30 20:04:46.310	2026-08-30 20:05:14.040	25.8s	2	6 GB	551.4 MB	7.9 GB	113.1%	0.8%	1.1 GB	51.6 MB
870	3c/38331c	BGC_ANALYSIS:ANTISMASH_ANALYSIS:ANTISMASH (Pantoea_ananatis_PNA_18_3S)	COMPLETED	0	2026-08-30 20:04:20.100	2026-08-30 20:04:20.197	2026-08-30 20:05:15.253	53.2s	2	6 GB	4.6 GB	7.8 GB	113.0%	3.0%	10.3 GB	52.8 MB
872	67/a07aaa	BGC_ANALYSIS:ANTISMASH_ANALYSIS:ANTISMASH (Pantoea_ananatis_PNA_18_5S)	COMPLETED	0	2026-08-30 20:03:07.915	2026-08-30 20:03:08.011	2026-08-30 20:05:18.853	2m 9s	2	6 GB	4.6 GB	7.7 GB	108.8%	3.5%	14.2 GB	162.3 MB
867	9f/cc775c	BGC_ANALYSIS:ANTISMASH_ANALYSIS:ANTISMASH (Pantoea_ananatis_PNA_18_10)	COMPLETED	0	2026-08-30 20:04:48.063	2026-08-30 20:04:48.160	2026-08-30 20:05:23.337	33.4s	2	6 GB	498 MB	7.7 GB	102.9%	0.7%	1.4 GB	60.6 MB
881	15/fa6432	BGC_ANALYSIS:ANTISMASH_ANALYSIS:ANTISMASH (Pantoea_ananatis_PNA_200_7)	COMPLETED	0	2026-08-30 20:04:49.677	2026-08-30 20:04:49.775	2026-08-30 20:05:46.477	54.9s	2	6 GB	4.6 GB	7.8 GB	113.3%	5.5%	10.8 GB	53.6 MB
873	9c/e87896	BGC_ANALYSIS:ANTISMASH_ANALYSIS:ANTISMASH (Pantoea_ananatis_PNA_18_6S)	COMPLETED	0	2026-08-30 20:05:14.045	2026-08-30 20:05:14.140	2026-08-30 20:05:49.055	33s	2	6 GB	513.2 MB	7.8 GB	105.2%	0.7%	1.4 GB	59.8 MB
871	86/76543d	BGC_ANALYSIS:ANTISMASH_ANALYSIS:ANTISMASH (Pantoea_ananatis_PNA_18_5)	COMPLETED	0	2026-08-30 20:05:04.418	2026-08-30 20:05:04.513	2026-08-30 20:05:57.689	51.4s	2	6 GB	3.3 GB	7.8 GB	112.8%	4.7%	10.3 GB	52.6 MB
869	40/7befa6	BGC_ANALYSIS:ANTISMASH_ANALYSIS:ANTISMASH (Pantoea_ananatis_PNA_18_2)	COMPLETED	0	2026-08-30 20:05:08.981	2026-08-30 20:05:09.078	2026-08-30 20:06:00.154	49.2s	2	6 GB	4.7 GB	7.9 GB	120.9%	5.9%	10.2 GB	51.1 MB
874	7c/90c51a	BGC_ANALYSIS:ANTISMASH_ANALYSIS:ANTISMASH (Pantoea_ananatis_PNA_18_7S)	COMPLETED	0	2026-08-30 20:05:15.256	2026-08-30 20:05:15.352	2026-08-30 20:06:09.065	51.7s	2	6 GB	4.7 GB	7.8 GB	113.7%	6.4%	10.2 GB	52.1 MB
879	50/1eb371	BGC_ANALYSIS:ANTISMASH_ANALYSIS:ANTISMASH (Pantoea_ananatis_PNA_200_12)	COMPLETED	0	2026-08-30 20:05:23.340	2026-08-30 20:05:23.438	2026-08-30 20:06:19.365	53.9s	2	6 GB	4.7 GB	7.8 GB	113.6%	5.1%	10.3 GB	54.3 MB
875	2c/b2d714	BGC_ANALYSIS:ANTISMASH_ANALYSIS:ANTISMASH (Pantoea_ananatis_PNA_18_8S)	COMPLETED	0	2026-08-30 20:05:49.058	2026-08-30 20:05:49.156	2026-08-30 20:06:22.287	31.2s	2	6 GB	517.5 MB	7.8 GB	100.5%	0.7%	1.3 GB	56.4 MB
886	82/c02e7e	BGC_ANALYSIS:ANTISMASH_ANALYSIS:ANTISMASH (Pantoea_ananatis_PNA_98_2)	COMPLETED	0	2026-08-30 20:05:18.856	2026-08-30 20:05:18.953	2026-08-30 20:06:25.879	1m 5s	2	6 GB	4.7 GB	7.8 GB	118.5%	5.5%	18.7 GB	56.7 MB
878	83/115b1f	BGC_ANALYSIS:ANTISMASH_ANALYSIS:ANTISMASH (Pantoea_ananatis_PNA_200_11)	COMPLETED	0	2026-08-30 20:05:46.480	2026-08-30 20:05:46.576	2026-08-30 20:06:39.747	51.2s	2	6 GB	3.1 GB	7.8 GB	114.0%	4.1%	10.3 GB	53.6 MB
892	15/a627c7	BGC_ANALYSIS:ANTISMASH_ANALYSIS:ANTISMASH (Pantoea_ananatis_PNA_99_2)	COMPLETED	0	2026-08-30 20:05:57.692	2026-08-30 20:05:57.790	2026-08-30 20:06:53.013	53.6s	2	6 GB	4.6 GB	7.8 GB	113.3%	6.4%	10.3 GB	54.5 MB
882	39/002478	BGC_ANALYSIS:ANTISMASH_ANALYSIS:ANTISMASH (Pantoea_ananatis_PNA_200_8)	COMPLETED	0	2026-08-30 20:06:22.290	2026-08-30 20:06:22.387	2026-08-30 20:06:53.086	28.7s	2	6 GB	544.4 MB	7.8 GB	108.0%	0.8%	1.3 GB	56.4 MB
890	b7/82a2bf	BGC_ANALYSIS:ANTISMASH_ANALYSIS:ANTISMASH (Pantoea_ananatis_PNA_99_1)	COMPLETED	0	2026-08-30 20:06:00.157	2026-08-30 20:06:00.254	2026-08-30 20:06:56.022	54s	2	6 GB	4.7 GB	7.7 GB	112.9%	7.1%	10.3 GB	53.9 MB
884	b1/698a9d	BGC_ANALYSIS:ANTISMASH_ANALYSIS:ANTISMASH (Pantoea_ananatis_PNA_97_11)	COMPLETED	0	2026-08-30 20:06:19.373	2026-08-30 20:06:19.465	2026-08-30 20:07:16.446	55.2s	2	6 GB	4.6 GB	7.8 GB	112.9%	2.9%	10.4 GB	56.6 MB
885	93/41bb40	BGC_ANALYSIS:ANTISMASH_ANALYSIS:ANTISMASH (Pantoea_ananatis_PNA_97_3)	COMPLETED	0	2026-08-30 20:06:25.883	2026-08-30 20:06:25.979	2026-08-30 20:07:22.716	54.7s	2	6 GB	4.6 GB	7.8 GB	112.0%	2.9%	10.8 GB	54.1 MB
883	48/d4c2a1	BGC_ANALYSIS:ANTISMASH_ANALYSIS:ANTISMASH (Pantoea_ananatis_PNA_92_7)	COMPLETED	0	2026-08-30 20:06:39.751	2026-08-30 20:06:39.848	2026-08-30 20:07:34.557	52.7s	2	6 GB	4.6 GB	7.8 GB	114.0%	5.5%	10.3 GB	53 MB
907	3d/5e59cd	BGC_ANALYSIS:ANTISMASH_ANALYSIS:ANTISMASH (Pantoea_jilinensis_D25)	COMPLETED	0	2026-08-30 20:07:22.723	2026-08-30 20:07:22.816	2026-08-30 20:07:43.090	18.1s	2	6 GB	797.8 MB	7.8 GB	129.9%	1.3%	804.1 MB	54.5 MB
891	9d/5db486	BGC_ANALYSIS:ANTISMASH_ANALYSIS:ANTISMASH (Pantoea_ananatis_PNA_99_14)	COMPLETED	0	2026-08-30 20:06:53.091	2026-08-30 20:06:53.187	2026-08-30 20:07:48.089	53s	2	6 GB	4.6 GB	7.8 GB	114.0%	5.5%	10.8 GB	53.8 MB
876	90/3df147	BGC_ANALYSIS:ANTISMASH_ANALYSIS:ANTISMASH (Pantoea_ananatis_PNA_18_9S)	COMPLETED	0	2026-08-30 20:06:09.069	2026-08-30 20:06:09.165	2026-08-30 20:07:48.598	1m 37s	2	6 GB	4.6 GB	7.7 GB	110.2%	7.5%	9.8 GB	128 MB
893	ef/27d3f1	BGC_ANALYSIS:ANTISMASH_ANALYSIS:ANTISMASH (Pantoea_ananatis_PNA_99_3)	COMPLETED	0	2026-08-30 20:06:56.025	2026-08-30 20:06:56.122	2026-08-30 20:08:02.999	1m 5s	2	6 GB	4.6 GB	7.8 GB	118.6%	6.4%	18.7 GB	56.5 MB
900	3b/146896	BGC_ANALYSIS:ANTISMASH_ANALYSIS:ANTISMASH (Pantoea_dispersa_GCA_018798925.1)	COMPLETED	0	2026-08-30 20:07:48.094	2026-08-30 20:07:48.190	2026-08-30 20:08:09.122	19s	2	6 GB	605.2 MB	7.5 GB	126.3%	0.8%	705.1 MB	30.5 MB
887	76/1c881f	BGC_ANALYSIS:ANTISMASH_ANALYSIS:ANTISMASH (Pantoea_ananatis_PNA_98_3)	COMPLETED	0	2026-08-30 20:06:53.016	2026-08-30 20:06:53.087	2026-08-30 20:08:11.907	1m 17s	2	6 GB	491 MB	7.8 GB	108.5%	0.7%	4.2 GB	128.8 MB
903	b1/28cd65	BGC_ANALYSIS:ANTISMASH_ANALYSIS:ANTISMASH (Pantoea_dispersa_JGM112)	COMPLETED	0	2026-08-30 20:07:16.457	2026-08-30 20:07:16.547	2026-08-30 20:08:20.205	1m 2s	2	6 GB	716 MB	7.8 GB	99.4%	1.3%	3.3 GB	120.7 MB
912	98/a39ff9	BGC_ANALYSIS:ANTISMASH_ANALYSIS:ANTISMASH (Pantoea_sp._B270)	COMPLETED	0	2026-08-30 20:08:03.002	2026-08-30 20:08:03.098	2026-08-30 20:08:25.297	20.3s	2	6 GB	772.9 MB	7.8 GB	118.9%	1.4%	903.4 MB	60.3 MB
898	ea/ef6149	BGC_ANALYSIS:ANTISMASH_ANALYSIS:ANTISMASH (Pantoea_ananatis_TZ39)	COMPLETED	0	2026-08-30 20:08:09.126	2026-08-30 20:08:09.223	2026-08-30 20:08:29.834	18.7s	2	6 GB	781 MB	7.8 GB	127.2%	1.3%	830.5 MB	57 MB
896	39/0d09fa	BGC_ANALYSIS:ANTISMASH_ANALYSIS:ANTISMASH (Pantoea_ananatis_PNA_99_8)	COMPLETED	0	2026-08-30 20:07:34.561	2026-08-30 20:07:34.657	2026-08-30 20:08:30.343	53.8s	2	6 GB	4.6 GB	7.8 GB	114.3%	3.0%	10.4 GB	55.3 MB
888	f3/324132	BGC_ANALYSIS:ANTISMASH_ANALYSIS:ANTISMASH (Pantoea_ananatis_PNA_98_7)	COMPLETED	0	2026-08-30 20:07:48.601	2026-08-30 20:07:48.699	2026-08-30 20:08:45.079	54.4s	2	6 GB	4.6 GB	7.8 GB	112.8%	3.0%	10.4 GB	57.4 MB
899	22/de847e	BGC_ANALYSIS:ANTISMASH_ANALYSIS:ANTISMASH (Pantoea_dispersa_AHKW2b)	COMPLETED	0	2026-08-30 20:08:25.301	2026-08-30 20:08:25.397	2026-08-30 20:08:47.602	20.3s	2	6 GB	829.3 MB	7.8 GB	125.8%	1.4%	932 MB	62.9 MB
914	02/9b8a67	BGC_ANALYSIS:ANTISMASH_ANALYSIS:ANTISMASH (Pantoea_sp._DY-17)	COMPLETED	0	2026-08-30 20:08:29.838	2026-08-30 20:08:29.934	2026-08-30 20:08:56.065	24.1s	2	6 GB	762.7 MB	7.8 GB	107.9%	1.3%	1008.5 MB	63.4 MB
908	40/681550	BGC_ANALYSIS:ANTISMASH_ANALYSIS:ANTISMASH (Pantoea_piersonii_MAG-3F-S5P)	COMPLETED	0	2026-08-30 20:07:43.093	2026-08-30 20:07:43.189	2026-08-30 20:08:57.166	1m 12s	2	6 GB	728.4 MB	7.8 GB	98.8%	1.2%	4 GB	135.7 MB
895	7e/565a89	BGC_ANALYSIS:ANTISMASH_ANALYSIS:ANTISMASH (Pantoea_ananatis_PNA_99_7)	COMPLETED	0	2026-08-30 20:08:11.911	2026-08-30 20:08:12.007	2026-08-30 20:09:08.402	54.4s	2	6 GB	4.6 GB	7.8 GB	113.2%	4.9%	10.4 GB	56.8 MB
901	16/6fb6d7	BGC_ANALYSIS:ANTISMASH_ANALYSIS:ANTISMASH (Pantoea_dispersa_GCA_018798945.1)	COMPLETED	0	2026-08-30 20:08:56.068	2026-08-30 20:08:56.165	2026-08-30 20:09:15.767	17.7s	2	6 GB	612.8 MB	7.5 GB	127.3%	0.9%	707.2 MB	30.3 MB
897	13/69d8e9	BGC_ANALYSIS:ANTISMASH_ANALYSIS:ANTISMASH (Pantoea_ananatis_PNA_99_9)	COMPLETED	0	2026-08-30 20:08:20.208	2026-08-30 20:08:20.305	2026-08-30 20:09:16.677	54.6s	2	6 GB	4.7 GB	7.8 GB	112.5%	5.5%	10.8 GB	55.8 MB
911	bc/88d37b	BGC_ANALYSIS:ANTISMASH_ANALYSIS:ANTISMASH (Pantoea_septica_N25)	COMPLETED	0	2026-08-30 20:08:47.605	2026-08-30 20:08:47.702	2026-08-30 20:09:25.143	35.6s	2	6 GB	731.3 MB	7.8 GB	95.5%	1.3%	1.7 GB	76.1 MB
894	40/430d27	BGC_ANALYSIS:ANTISMASH_ANALYSIS:ANTISMASH (Pantoea_ananatis_PNA_99_6)	COMPLETED	0	2026-08-30 20:08:30.346	2026-08-30 20:08:30.444	2026-08-30 20:09:27.455	55.1s	2	6 GB	4.6 GB	7.8 GB	113.4%	5.6%	10.5 GB	58.6 MB
917	3f/20d1e3	BGC_ANALYSIS:ANTISMASH_ANALYSIS:ANTISMASH (Pantoea_sp._JGM49)	COMPLETED	0	2026-08-30 20:08:57.169	2026-08-30 20:08:57.266	2026-08-30 20:09:35.683	36.5s	2	6 GB	687.4 MB	7.8 GB	92.4%	1.2%	1.6 GB	81.7 MB
904	ba/bdf3d8	BGC_ANALYSIS:ANTISMASH_ANALYSIS:ANTISMASH (Pantoea_dispersa_Lsch)	COMPLETED	0	2026-08-30 20:09:15.772	2026-08-30 20:09:15.866	2026-08-30 20:09:36.513	18.9s	2	6 GB	822.4 MB	7.8 GB	128.8%	1.3%	845 MB	57.8 MB
889	c4/552426	BGC_ANALYSIS:ANTISMASH_ANALYSIS:ANTISMASH (Pantoea_ananatis_PNA_98_8)	COMPLETED	0	2026-08-30 20:08:45.082	2026-08-30 20:08:45.180	2026-08-30 20:09:40.237	53.3s	2	6 GB	4.7 GB	7.8 GB	114.3%	7.8%	10.8 GB	54.9 MB
906	85/b14b33	BGC_ANALYSIS:ANTISMASH_ANALYSIS:ANTISMASH (Pantoea_eucrina_XL123)	COMPLETED	0	2026-08-30 20:09:27.459	2026-08-30 20:09:27.555	2026-08-30 20:09:45.390	15.8s	2	6 GB	726.7 MB	7.8 GB	120.1%	1.2%	706.6 MB	45.9 MB
902	b4/768442	BGC_ANALYSIS:ANTISMASH_ANALYSIS:ANTISMASH (Pantoea_dispersa_JGM106)	COMPLETED	0	2026-08-30 20:09:08.405	2026-08-30 20:09:08.502	2026-08-30 20:09:59.421	49s	2	6 GB	704.9 MB	7.8 GB	96.8%	1.2%	2.5 GB	98.2 MB
913	c2/4d21dd	BGC_ANALYSIS:ANTISMASH_ANALYSIS:ANTISMASH (Pantoea_sp._DY-15)	COMPLETED	0	2026-08-30 20:09:36.516	2026-08-30 20:09:36.614	2026-08-30 20:10:04.777	26.3s	2	6 GB	739.7 MB	7.8 GB	105.0%	1.3%	1.1 GB	67.4 MB
905	88/804356	BGC_ANALYSIS:ANTISMASH_ANALYSIS:ANTISMASH (Pantoea_dispersa_MAG-3F-S4P)	COMPLETED	0	2026-08-30 20:09:16.682	2026-08-30 20:09:16.777	2026-08-30 20:10:09.067	50.5s	2	6 GB	749.1 MB	7.8 GB	96.1%	1.3%	2.6 GB	103 MB
916	bc/6cae59	BGC_ANALYSIS:ANTISMASH_ANALYSIS:ANTISMASH (Pantoea_sp._GbtcB22)	COMPLETED	0	2026-08-30 20:09:40.241	2026-08-30 20:09:40.337	2026-08-30 20:10:13.428	31.2s	2	6 GB	550.9 MB	7.8 GB	112.4%	0.9%	1.3 GB	58 MB
927	41/4486fa	BGC_ANALYSIS:ANTISMASH_ANALYSIS:ANTISMASH (Rosenbergiella_epipactidis_2.1A)	COMPLETED	0	2026-08-30 20:10:04.780	2026-08-30 20:10:04.877	2026-08-30 20:10:27.710	20.9s	2	6 GB	607.3 MB	7.7 GB	97.2%	1.0%	898.5 MB	45.8 MB
915	03/8d1758	BGC_ANALYSIS:ANTISMASH_ANALYSIS:ANTISMASH (Pantoea_sp._DY-5)	COMPLETED	0	2026-08-30 20:09:59.424	2026-08-30 20:09:59.521	2026-08-30 20:10:28.940	27.6s	2	6 GB	756.7 MB	7.8 GB	102.4%	1.3%	1.2 GB	70 MB
918	65/f6bdc6	BGC_ANALYSIS:ANTISMASH_ANALYSIS:ANTISMASH (Pantoea_sp._L2_019_000G1_dasL2_019_000G1_concoct_45)	COMPLETED	0	2026-08-30 20:09:45.394	2026-08-30 20:09:45.490	2026-08-30 20:10:30.583	43.2s	2	6 GB	673.2 MB	7.7 GB	98.1%	1.2%	2.2 GB	91 MB
925	d7/056c28	BGC_ANALYSIS:ANTISMASH_ANALYSIS:ANTISMASH (Rosenbergiella_australiborealis_CdVSA20.1)	COMPLETED	0	2026-08-30 20:10:09.071	2026-08-30 20:10:09.167	2026-08-30 20:10:36.331	25.2s	2	6 GB	453.1 MB	7.2 GB	97.4%	0.7%	1.2 GB	52.6 MB
909	0e/b914a4	BGC_ANALYSIS:ANTISMASH_ANALYSIS:ANTISMASH (Pantoea_piersonii_MAG-3F-S7P)	COMPLETED	0	2026-08-30 20:09:25.147	2026-08-30 20:09:25.243	2026-08-30 20:10:48.871	1m 22s	2	6 GB	737.6 MB	7.8 GB	100.2%	1.3%	4.8 GB	154.6 MB
910	ab/0ceeba	BGC_ANALYSIS:ANTISMASH_ANALYSIS:ANTISMASH (Pantoea_piersonii_MAG-3F-S8P)	COMPLETED	0	2026-08-30 20:09:35.686	2026-08-30 20:09:35.782	2026-08-30 20:10:51.758	1m 14s	2	6 GB	738.2 MB	7.8 GB	100.1%	1.2%	4.3 GB	143.1 MB
929	4f/2c77bc	BGC_ANALYSIS:ANTISMASH_ANALYSIS:ANTISMASH (Rosenbergiella_nectarea_subsp._apis_B1A)	COMPLETED	0	2026-08-30 20:10:30.587	2026-08-30 20:10:30.683	2026-08-30 20:11:01.300	28.9s	2	6 GB	593.6 MB	7.7 GB	99.3%	1.0%	1.4 GB	59.1 MB
928	b2/e56411	BGC_ANALYSIS:ANTISMASH_ANALYSIS:ANTISMASH (Rosenbergiella_gaditana_S61)	COMPLETED	0	2026-08-30 20:10:28.944	2026-08-30 20:10:29.040	2026-08-30 20:11:02.288	31.4s	2	6 GB	584.6 MB	7.7 GB	96.9%	1.0%	1.6 GB	62.8 MB
919	be/a15acb	BGC_ANALYSIS:ANTISMASH_ANALYSIS:ANTISMASH (Pantoea_sp._L3_072_000G1_dasL3_072_000G1_metabat.metabat.30)	COMPLETED	0	2026-08-30 20:10:13.431	2026-08-30 20:10:13.528	2026-08-30 20:11:04.594	49.1s	2	6 GB	671.2 MB	7.7 GB	98.6%	1.2%	2.7 GB	102.6 MB
924	03/50f57a	BGC_ANALYSIS:ANTISMASH_ANALYSIS:ANTISMASH (Pantoea_sp._alder81)	COMPLETED	0	2026-08-30 20:10:36.335	2026-08-30 20:10:36.431	2026-08-30 20:11:11.764	33.5s	2	6 GB	770 MB	7.8 GB	100.2%	1.3%	1.5 GB	80.2 MB
921	60/faacd1	BGC_ANALYSIS:ANTISMASH_ANALYSIS:ANTISMASH (Pantoea_sp._OVA07A)	COMPLETED	0	2026-08-30 20:10:48.874	2026-08-30 20:10:48.971	2026-08-30 20:11:14.620	23.8s	2	6 GB	521.9 MB	7.8 GB	114.7%	0.7%	1 GB	49.2 MB
923	88/e82eca	BGC_ANALYSIS:ANTISMASH_ANALYSIS:ANTISMASH (Pantoea_sp._alder70)	COMPLETED	0	2026-08-30 20:10:27.713	2026-08-30 20:10:27.810	2026-08-30 20:11:16.570	47s	2	6 GB	758.7 MB	7.8 GB	96.2%	1.3%	2.3 GB	101.9 MB
937	db/89ab4c	BGC_ANALYSIS:ANTISMASH_ANALYSIS:ANTISMASH (Buchnera_aphidicola_Aphis_gossypii_KR)	COMPLETED	0	2026-08-30 20:11:11.768	2026-08-30 20:11:11.864	2026-08-30 20:11:18.729	5.1s	2	6 GB	204.8 MB	2.7 GB	107.1%	0.3%	243.7 MB	5.5 MB
931	26/24a900	BGC_ANALYSIS:ANTISMASH_ANALYSIS:ANTISMASH (Tatumella_sp._JGM118)	COMPLETED	0	2026-08-30 20:10:51.761	2026-08-30 20:10:51.858	2026-08-30 20:11:20.879	27.2s	2	6 GB	595 MB	7.7 GB	96.7%	1.0%	1.3 GB	60.1 MB
939	c9/b6fb06	BGC_ANALYSIS:ANTISMASH_ANALYSIS:ANTISMASH (Buchnera_aphidicola_Periphyllus_lyropictus_Pl-LLN)	COMPLETED	0	2026-08-30 20:11:18.733	2026-08-30 20:11:18.829	2026-08-30 20:11:25.319	4.7s	2	6 GB	200.3 MB	2.7 GB	106.5%	0.3%	220.6 MB	4.4 MB
926	f6/d3c0a7	BGC_ANALYSIS:ANTISMASH_ANALYSIS:ANTISMASH (Rosenbergiella_collisarenosi_8.8A)	COMPLETED	0	2026-08-30 20:11:04.597	2026-08-30 20:11:04.694	2026-08-30 20:11:29.682	23.2s	2	6 GB	606.5 MB	7.7 GB	96.2%	1.0%	1 GB	51.2 MB
933	97/b5579e	BGC_ANALYSIS:ANTISMASH_ANALYSIS:ANTISMASH (Tatumella_sp._JGM16)	COMPLETED	0	2026-08-30 20:11:01.303	2026-08-30 20:11:01.400	2026-08-30 20:11:35.370	32.2s	2	6 GB	615.9 MB	7.7 GB	95.3%	1.0%	1.7 GB	67.1 MB
936	21/16371d	BGC_ANALYSIS:ANTISMASH_ANALYSIS:ANTISMASH (Tatumella_sp._JGM94)	COMPLETED	0	2026-08-30 20:11:14.623	2026-08-30 20:11:14.721	2026-08-30 20:11:45.391	28.9s	2	6 GB	633.1 MB	7.7 GB	94.5%	1.0%	1.4 GB	61.8 MB
920	27/301656	BGC_ANALYSIS:ANTISMASH_ANALYSIS:ANTISMASH (Pantoea_sp._MAG-2F-S5P-2)	COMPLETED	0	2026-08-30 20:11:02.291	2026-08-30 20:11:02.389	2026-08-30 20:11:48.083	43.9s	2	6 GB	764.4 MB	7.8 GB	96.6%	1.3%	2.3 GB	94.4 MB
930	7e/063711	BGC_ANALYSIS:ANTISMASH_ANALYSIS:ANTISMASH (Tatumella_sp._JGM100)	COMPLETED	0	2026-08-30 20:11:20.883	2026-08-30 20:11:20.979	2026-08-30 20:11:51.644	28.8s	2	6 GB	589.9 MB	7.7 GB	96.1%	1.0%	1.4 GB	61.6 MB
934	f6/d32629	BGC_ANALYSIS:ANTISMASH_ANALYSIS:ANTISMASH (Tatumella_sp._JGM82)	COMPLETED	0	2026-08-30 20:11:25.322	2026-08-30 20:11:25.419	2026-08-30 20:11:57.567	30.3s	2	6 GB	597.1 MB	7.7 GB	96.1%	1.0%	1.5 GB	64.1 MB
932	d2/bc55d2	BGC_ANALYSIS:ANTISMASH_ANALYSIS:ANTISMASH (Tatumella_sp._JGM130)	COMPLETED	0	2026-08-30 20:11:16.573	2026-08-30 20:11:16.674	2026-08-30 20:12:00.239	41.7s	2	6 GB	586.7 MB	7.7 GB	97.8%	1.0%	2.3 GB	83.3 MB
922	ba/866c4f	BGC_ANALYSIS:ANTISMASH_ANALYSIS:ANTISMASH (Pantoea_sp._alder69)	COMPLETED	0	2026-08-30 20:11:29.686	2026-08-30 20:11:29.782	2026-08-30 20:12:05.100	33.5s	2	6 GB	730.3 MB	7.8 GB	97.4%	1.3%	1.4 GB	79.2 MB
940	11/2fea90	BGC_ANALYSIS:ANTISMASH_ANALYSIS:ANTISMASH (Buchnera_aphidicola_Sipha_maydis_Sm_Midelt)	COMPLETED	0	2026-08-30 20:12:00.243	2026-08-30 20:12:00.339	2026-08-30 20:12:06.904	4.7s	2	6 GB	199.9 MB	2.7 GB	110.7%	0.3%	221.7 MB	4.5 MB
935	4a/5b6f1f	BGC_ANALYSIS:ANTISMASH_ANALYSIS:ANTISMASH (Tatumella_sp._JGM91)	COMPLETED	0	2026-08-30 20:11:35.373	2026-08-30 20:11:35.470	2026-08-30 20:12:08.631	31.2s	2	6 GB	589.7 MB	7.7 GB	96.2%	1.0%	1.6 GB	64.6 MB
948	5f/26f76e	BGC_ANALYSIS:ANTISMASH_ANALYSIS:ANTISMASH (Erwinia_amylovora_57668_ID1772_6-Ea_05_27_S46_L001)	COMPLETED	0	2026-08-30 20:11:45.394	2026-08-30 20:11:45.492	2026-08-30 20:12:11.883	24.6s	2	6 GB	569 MB	7.3 GB	102.6%	1.0%	1.1 GB	55.8 MB
938	9a/8fab37	BGC_ANALYSIS:ANTISMASH_ANALYSIS:ANTISMASH (Buchnera_aphidicola_Ceratovacuna_japonica_CjNOSY1)	COMPLETED	0	2026-08-30 20:12:06.908	2026-08-30 20:12:07.004	2026-08-30 20:12:14.146	5.3s	2	6 GB	202.8 MB	2.7 GB	109.9%	0.3%	261.8 MB	6.9 MB
943	62/cf5578	BGC_ANALYSIS:ANTISMASH_ANALYSIS:ANTISMASH (Erwinia_amylovora_57663_ID1772_1-Ea_05_07_S41_L001)	COMPLETED	0	2026-08-30 20:11:48.086	2026-08-30 20:11:48.184	2026-08-30 20:12:14.695	24.7s	2	6 GB	566.1 MB	7.3 GB	103.1%	1.0%	1.1 GB	55.2 MB
941	b8/326a39	BGC_ANALYSIS:ANTISMASH_ANALYSIS:ANTISMASH (Buchnera_aphidicola_Sitobion_miscanthi_LF)	COMPLETED	0	2026-08-30 20:12:08.634	2026-08-30 20:12:08.731	2026-08-30 20:12:15.869	5.4s	2	6 GB	205.2 MB	2.7 GB	104.9%	0.3%	246.2 MB	5.5 MB
952	8d/0eddab	BGC_ANALYSIS:ANTISMASH_ANALYSIS:ANTISMASH (Erwinia_amylovora_57672_ID1772_10-Ea_08_15_S50_L001)	COMPLETED	0	2026-08-30 20:11:51.648	2026-08-30 20:11:51.744	2026-08-30 20:12:18.925	25.3s	2	6 GB	567 MB	7.3 GB	101.7%	1.0%	1.1 GB	56.5 MB
942	8b/85aaee	BGC_ANALYSIS:ANTISMASH_ANALYSIS:ANTISMASH (Buchnera_aphidicola_Sitobion_miscanthi_Langfang-1)	COMPLETED	0	2026-08-30 20:12:14.148	2026-08-30 20:12:14.246	2026-08-30 20:12:22.375	6.4s	2	6 GB	214.1 MB	2.7 GB	104.9%	0.3%	310 MB	10 MB
956	92/92db18	BGC_ANALYSIS:ANTISMASH_ANALYSIS:ANTISMASH (Erwinia_amylovora_57676_ID1772_14-Ea_08_36_S54_L001)	COMPLETED	0	2026-08-30 20:11:57.571	2026-08-30 20:11:57.667	2026-08-30 20:12:23.125	23.5s	2	6 GB	576.8 MB	7.3 GB	102.9%	1.0%	1 GB	54 MB
944	af/172c1b	BGC_ANALYSIS:ANTISMASH_ANALYSIS:ANTISMASH (Erwinia_amylovora_57664_ID1772_2-Ea_05_09_S42_L001)	COMPLETED	0	2026-08-30 20:12:05.104	2026-08-30 20:12:05.200	2026-08-30 20:12:30.798	23.7s	2	6 GB	484.7 MB	7.2 GB	101.9%	0.7%	1 GB	54 MB
957	eb/91eeed	BGC_ANALYSIS:ANTISMASH_ANALYSIS:ANTISMASH (Erwinia_amylovora_57677_ID1772_15-Ea_10_04_S55_L001)	COMPLETED	0	2026-08-30 20:12:11.886	2026-08-30 20:12:11.984	2026-08-30 20:12:37.501	23.7s	2	6 GB	659 MB	7.7 GB	100.4%	1.0%	1020.8 MB	52.7 MB
959	8d/86c238	BGC_ANALYSIS:ANTISMASH_ANALYSIS:ANTISMASH (Erwinia_amylovora_57679_ID1772_17-Ea_11_13_S57_L001)	COMPLETED	0	2026-08-30 20:12:14.698	2026-08-30 20:12:14.795	2026-08-30 20:12:40.143	23.6s	2	6 GB	563.7 MB	7.3 GB	102.5%	1.0%	1 GB	53.6 MB
945	47/064fef	BGC_ANALYSIS:ANTISMASH_ANALYSIS:ANTISMASH (Erwinia_amylovora_57665_ID1772_3-Ea_05_20_S43_L001)	COMPLETED	0	2026-08-30 20:12:15.873	2026-08-30 20:12:15.969	2026-08-30 20:12:42.686	24.8s	2	6 GB	652.5 MB	7.7 GB	99.7%	1.0%	1 GB	54.8 MB
958	f1/24017f	BGC_ANALYSIS:ANTISMASH_ANALYSIS:ANTISMASH (Erwinia_amylovora_57678_ID1772_16-Ea_11_12_S56_L001)	COMPLETED	0	2026-08-30 20:12:18.928	2026-08-30 20:12:19.025	2026-08-30 20:12:44.281	23.4s	2	6 GB	560.3 MB	7.3 GB	103.5%	1.0%	1 GB	53.6 MB
965	47/71070c	BGC_ANALYSIS:ANTISMASH_ANALYSIS:ANTISMASH (Erwinia_amylovora_57685_ID1772_23-Ea_12_13_S63_L001)	COMPLETED	0	2026-08-30 20:12:22.378	2026-08-30 20:12:22.475	2026-08-30 20:12:48.087	23.8s	2	6 GB	647.7 MB	7.7 GB	100.9%	1.1%	1020.7 MB	52.7 MB
947	aa/401b15	BGC_ANALYSIS:ANTISMASH_ANALYSIS:ANTISMASH (Erwinia_amylovora_57667_ID1772_5-Ea_05_26_S45_L001)	COMPLETED	0	2026-08-30 20:12:23.129	2026-08-30 20:12:23.225	2026-08-30 20:12:49.439	24.3s	2	6 GB	663.7 MB	7.7 GB	103.8%	1.0%	1.1 GB	54.6 MB
963	85/162727	BGC_ANALYSIS:ANTISMASH_ANALYSIS:ANTISMASH (Erwinia_amylovora_57683_ID1772_21-Ea_12_11_S61_L001)	COMPLETED	0	2026-08-30 20:12:30.801	2026-08-30 20:12:30.898	2026-08-30 20:12:57.091	24.3s	2	6 GB	561.2 MB	7.3 GB	100.4%	1.0%	1 GB	54.5 MB
960	0f/ce90a8	BGC_ANALYSIS:ANTISMASH_ANALYSIS:ANTISMASH (Erwinia_amylovora_57680_ID1772_18-Ea_12_06_S58_L001)	COMPLETED	0	2026-08-30 20:12:37.504	2026-08-30 20:12:37.601	2026-08-30 20:13:03.883	24.5s	2	6 GB	572.2 MB	7.3 GB	101.8%	1.0%	1 GB	54.6 MB
946	fe/ebf5b1	BGC_ANALYSIS:ANTISMASH_ANALYSIS:ANTISMASH (Erwinia_amylovora_57666_ID1772_4-Ea_05_21_S44_L001)	COMPLETED	0	2026-08-30 20:12:40.152	2026-08-30 20:12:40.244	2026-08-30 20:13:06.711	24.7s	2	6 GB	491.6 MB	7.2 GB	102.6%	0.8%	1.1 GB	55.5 MB
949	e5/e8c1b6	BGC_ANALYSIS:ANTISMASH_ANALYSIS:ANTISMASH (Erwinia_amylovora_57669_ID1772_7-Ea_06_13_S47_L001)	COMPLETED	0	2026-08-30 20:12:42.689	2026-08-30 20:12:42.787	2026-08-30 20:13:09.968	25.3s	2	6 GB	660.5 MB	7.7 GB	101.8%	1.0%	1.1 GB	55.9 MB
951	27/c41eb5	BGC_ANALYSIS:ANTISMASH_ANALYSIS:ANTISMASH (Erwinia_amylovora_57671_ID1772_9-Ea_08_07_S49_L001)	COMPLETED	0	2026-08-30 20:12:44.285	2026-08-30 20:12:44.381	2026-08-30 20:13:11.184	24.9s	2	6 GB	571.2 MB	7.3 GB	102.9%	1.0%	1.1 GB	55.5 MB
953	79/572636	BGC_ANALYSIS:ANTISMASH_ANALYSIS:ANTISMASH (Erwinia_amylovora_57673_ID1772_11-Ea_08_18_S51_L001)	COMPLETED	0	2026-08-30 20:12:48.090	2026-08-30 20:12:48.188	2026-08-30 20:13:14.078	24s	2	6 GB	565.4 MB	7.3 GB	99.7%	1.0%	1 GB	53.7 MB
967	8f/91cde3	BGC_ANALYSIS:ANTISMASH_ANALYSIS:ANTISMASH (Erwinia_amylovora_57687_ID1772_25-Ea_12_15_S65_L001)	COMPLETED	0	2026-08-30 20:12:49.442	2026-08-30 20:12:49.539	2026-08-30 20:13:14.816	23.3s	2	6 GB	657.9 MB	7.7 GB	103.0%	1.0%	1020.7 MB	52.8 MB
955	a3/ae0697	BGC_ANALYSIS:ANTISMASH_ANALYSIS:ANTISMASH (Erwinia_amylovora_57675_ID1772_13-Ea_08_34_S53_L001)	COMPLETED	0	2026-08-30 20:12:57.094	2026-08-30 20:12:57.191	2026-08-30 20:13:23.930	24.8s	2	6 GB	652.5 MB	7.7 GB	102.1%	1.0%	1.1 GB	55.5 MB
950	45/647499	BGC_ANALYSIS:ANTISMASH_ANALYSIS:ANTISMASH (Erwinia_amylovora_57670_ID1772_8-Ea_07_08_S48_L001)	COMPLETED	0	2026-08-30 20:13:03.886	2026-08-30 20:13:03.983	2026-08-30 20:13:31.673	25.8s	2	6 GB	605.5 MB	7.7 GB	102.3%	1.0%	1.1 GB	56.2 MB
954	4c/0c44d9	BGC_ANALYSIS:ANTISMASH_ANALYSIS:ANTISMASH (Erwinia_amylovora_57674_ID1772_12-Ea_08_33_S52_L001)	COMPLETED	0	2026-08-30 20:13:06.713	2026-08-30 20:13:06.811	2026-08-30 20:13:32.901	24.3s	2	6 GB	564.7 MB	7.3 GB	100.9%	1.0%	1 GB	54.5 MB
962	a5/518ef0	BGC_ANALYSIS:ANTISMASH_ANALYSIS:ANTISMASH (Erwinia_amylovora_57682_ID1772_20-Ea_12_10_S60_L001)	COMPLETED	0	2026-08-30 20:13:09.972	2026-08-30 20:13:10.069	2026-08-30 20:13:35.602	23.7s	2	6 GB	485.1 MB	7.2 GB	102.6%	0.7%	1 GB	53.9 MB
964	56/3f4292	BGC_ANALYSIS:ANTISMASH_ANALYSIS:ANTISMASH (Erwinia_amylovora_57684_ID1772_22-Ea_12_12_S62_L001)	COMPLETED	0	2026-08-30 20:13:11.187	2026-08-30 20:13:11.285	2026-08-30 20:13:38.267	25s	2	6 GB	565.7 MB	7.3 GB	103.3%	1.0%	1.1 GB	56.3 MB
961	b0/7dbd5b	BGC_ANALYSIS:ANTISMASH_ANALYSIS:ANTISMASH (Erwinia_amylovora_57681_ID1772_19-Ea_12_08_S59_L001)	COMPLETED	0	2026-08-30 20:13:14.082	2026-08-30 20:13:14.178	2026-08-30 20:13:39.978	24s	2	6 GB	566.2 MB	7.3 GB	101.6%	1.0%	1 GB	54.1 MB
980	44/2cc0d8	BGC_ANALYSIS:ANTISMASH_ANALYSIS:ANTISMASH (Erwinia_amylovora_57700_ID1772_38-Ea_17_03_S78_L001)	COMPLETED	0	2026-08-30 20:13:14.820	2026-08-30 20:13:14.916	2026-08-30 20:13:41.551	24.7s	2	6 GB	656.6 MB	7.7 GB	102.1%	1.0%	1.1 GB	55.5 MB
968	72/ac425e	BGC_ANALYSIS:ANTISMASH_ANALYSIS:ANTISMASH (Erwinia_amylovora_57688_ID1772_26-Ea_12_16_S66_L001)	COMPLETED	0	2026-08-30 20:13:23.933	2026-08-30 20:13:24.030	2026-08-30 20:13:50.358	24.4s	2	6 GB	658.3 MB	7.7 GB	101.9%	1.0%	1.1 GB	55.1 MB
966	e2/21ba4a	BGC_ANALYSIS:ANTISMASH_ANALYSIS:ANTISMASH (Erwinia_amylovora_57686_ID1772_24-Ea_12_14_S64_L001)	COMPLETED	0	2026-08-30 20:13:31.676	2026-08-30 20:13:31.773	2026-08-30 20:13:57.184	23.6s	2	6 GB	655.3 MB	7.7 GB	100.5%	1.0%	1000.3 MB	52.3 MB
985	20/f3a0d7	BGC_ANALYSIS:ANTISMASH_ANALYSIS:ANTISMASH (Erwinia_amylovora_CP201142)	COMPLETED	0	2026-08-30 20:13:41.554	2026-08-30 20:13:41.651	2026-08-30 20:13:57.932	14.4s	2	6 GB	545.6 MB	7.3 GB	133.2%	1.0%	629 MB	27.3 MB
970	ad/0a1c8e	BGC_ANALYSIS:ANTISMASH_ANALYSIS:ANTISMASH (Erwinia_amylovora_57690_ID1772_28-Ea_12_19_S68_L001)	COMPLETED	0	2026-08-30 20:13:32.905	2026-08-30 20:13:33.001	2026-08-30 20:13:58.991	24.2s	2	6 GB	570.5 MB	7.3 GB	101.2%	1.0%	1 GB	54 MB
969	d6/65102f	BGC_ANALYSIS:ANTISMASH_ANALYSIS:ANTISMASH (Erwinia_amylovora_57689_ID1772_27-Ea_12_18_S67_L001)	COMPLETED	0	2026-08-30 20:13:35.605	2026-08-30 20:13:35.702	2026-08-30 20:14:01.931	24.4s	2	6 GB	649.2 MB	7.7 GB	100.3%	1.1%	1 GB	53.5 MB
971	34/098bc8	BGC_ANALYSIS:ANTISMASH_ANALYSIS:ANTISMASH (Erwinia_amylovora_57691_ID1772_29-Ea_13_12_S69_L001)	COMPLETED	0	2026-08-30 20:13:38.270	2026-08-30 20:13:38.367	2026-08-30 20:14:03.939	23.7s	2	6 GB	593.4 MB	7.7 GB	104.3%	1.0%	1021.7 MB	52.7 MB
972	3f/4d13c9	BGC_ANALYSIS:ANTISMASH_ANALYSIS:ANTISMASH (Erwinia_amylovora_57692_ID1772_30-Ea_14_03_S70_L001)	COMPLETED	0	2026-08-30 20:13:39.981	2026-08-30 20:13:40.078	2026-08-30 20:14:06.600	24.7s	2	6 GB	564.8 MB	7.3 GB	102.5%	1.0%	1.1 GB	55 MB
977	71/5890ec	BGC_ANALYSIS:ANTISMASH_ANALYSIS:ANTISMASH (Erwinia_amylovora_57697_ID1772_35-Ea_15_08_S75_L001)	COMPLETED	0	2026-08-30 20:13:50.362	2026-08-30 20:13:50.458	2026-08-30 20:14:17.847	25.4s	2	6 GB	562 MB	7.3 GB	100.4%	1.0%	1.1 GB	55.7 MB
988	47/c63ef0	BGC_ANALYSIS:ANTISMASH_ANALYSIS:ANTISMASH (Erwinia_amylovora_CP201324)	COMPLETED	0	2026-08-30 20:14:03.943	2026-08-30 20:14:04.039	2026-08-30 20:14:19.939	13.9s	2	6 GB	560.7 MB	7.3 GB	134.5%	1.0%	628.9 MB	27.3 MB
976	63/ef6292	BGC_ANALYSIS:ANTISMASH_ANALYSIS:ANTISMASH (Erwinia_amylovora_57696_ID1772_34-Ea_15_04_S74_L001)	COMPLETED	0	2026-08-30 20:13:57.187	2026-08-30 20:13:57.284	2026-08-30 20:14:23.111	24s	2	6 GB	483.8 MB	7.2 GB	100.5%	0.7%	1 GB	53.7 MB
974	be/a8e78b	BGC_ANALYSIS:ANTISMASH_ANALYSIS:ANTISMASH (Erwinia_amylovora_57694_ID1772_32-Ea_14_12_S72_L001)	COMPLETED	0	2026-08-30 20:13:57.934	2026-08-30 20:13:58.032	2026-08-30 20:14:23.952	24.1s	2	6 GB	482.8 MB	7.2 GB	100.3%	0.7%	1 GB	53.7 MB
975	f7/31d505	BGC_ANALYSIS:ANTISMASH_ANALYSIS:ANTISMASH (Erwinia_amylovora_57695_ID1772_33-Ea_15_03_S73_L001)	COMPLETED	0	2026-08-30 20:13:58.994	2026-08-30 20:13:59.091	2026-08-30 20:14:25.564	24.7s	2	6 GB	568.6 MB	7.3 GB	102.3%	1.0%	1.1 GB	54.2 MB
978	89/f8759b	BGC_ANALYSIS:ANTISMASH_ANALYSIS:ANTISMASH (Erwinia_amylovora_57698_ID1772_36-Ea_15_14_S76_L001)	COMPLETED	0	2026-08-30 20:14:01.934	2026-08-30 20:14:02.031	2026-08-30 20:14:28.331	24.4s	2	6 GB	648.2 MB	7.7 GB	100.8%	1.0%	1 GB	54.4 MB
973	88/c76e46	BGC_ANALYSIS:ANTISMASH_ANALYSIS:ANTISMASH (Erwinia_amylovora_57693_ID1772_31-Ea_14_11_S71_L001)	COMPLETED	0	2026-08-30 20:14:06.605	2026-08-30 20:14:06.701	2026-08-30 20:14:33.495	24.9s	2	6 GB	562.7 MB	7.3 GB	103.0%	1.0%	1.1 GB	54.7 MB
983	16/2f9fcc	BGC_ANALYSIS:ANTISMASH_ANALYSIS:ANTISMASH (Erwinia_amylovora_CP20086202)	COMPLETED	0	2026-08-30 20:14:25.568	2026-08-30 20:14:25.664	2026-08-30 20:14:41.761	14.3s	2	6 GB	630.5 MB	7.3 GB	135.8%	1.2%	628.9 MB	27.3 MB
979	a8/edcaaf	BGC_ANALYSIS:ANTISMASH_ANALYSIS:ANTISMASH (Erwinia_amylovora_57699_ID1772_37-Ea_17_01_S77_L001)	COMPLETED	0	2026-08-30 20:14:17.850	2026-08-30 20:14:17.947	2026-08-30 20:14:45.375	25.7s	2	6 GB	570.7 MB	7.3 GB	100.4%	1.0%	1.1 GB	56.4 MB
981	76/e72187	BGC_ANALYSIS:ANTISMASH_ANALYSIS:ANTISMASH (Erwinia_amylovora_57702_ID1772_40-Ea_18_11_S80_L001)	COMPLETED	0	2026-08-30 20:14:19.942	2026-08-30 20:14:20.039	2026-08-30 20:14:45.379	23.6s	2	6 GB	604.3 MB	7.7 GB	102.2%	1.0%	1020.4 MB	52.8 MB
982	7f/83753c	BGC_ANALYSIS:ANTISMASH_ANALYSIS:ANTISMASH (Erwinia_amylovora_57703_ID1772_41-Ea_19_10_S81_L001)	COMPLETED	0	2026-08-30 20:14:23.955	2026-08-30 20:14:24.053	2026-08-30 20:14:50.995	25.1s	2	6 GB	646.7 MB	7.7 GB	102.1%	1.0%	1.1 GB	55.5 MB
991	f5/ad3dd8	BGC_ANALYSIS:ANTISMASH_ANALYSIS:ANTISMASH (Erwinia_aphidicola_X001)	COMPLETED	0	2026-08-30 20:14:33.499	2026-08-30 20:14:33.595	2026-08-30 20:14:54.268	18.7s	2	6 GB	784.1 MB	7.8 GB	133.7%	1.4%	853.8 MB	57.8 MB
997	ee/f69ac3	BGC_ANALYSIS:ANTISMASH_ANALYSIS:ANTISMASH (Erwinia_mallotivora_EP61)	COMPLETED	0	2026-08-30 20:14:23.114	2026-08-30 20:14:23.211	2026-08-30 20:14:59.251	34.2s	2	6 GB	502.6 MB	7.8 GB	101.4%	0.7%	1.4 GB	59.8 MB
984	00/6ab2b5	BGC_ANALYSIS:ANTISMASH_ANALYSIS:ANTISMASH (Erwinia_amylovora_CP200930)	COMPLETED	0	2026-08-30 20:14:45.382	2026-08-30 20:14:45.480	2026-08-30 20:15:01.444	14.1s	2	6 GB	561.7 MB	7.3 GB	134.3%	1.0%	629 MB	27.3 MB
986	28/42a648	BGC_ANALYSIS:ANTISMASH_ANALYSIS:ANTISMASH (Erwinia_amylovora_CP20130202)	COMPLETED	0	2026-08-30 20:14:45.379	2026-08-30 20:14:45.479	2026-08-30 20:15:01.729	14.4s	2	6 GB	561.3 MB	7.3 GB	134.1%	1.0%	628.9 MB	27.3 MB
1000	4b/617056	BGC_ANALYSIS:ANTISMASH_ANALYSIS:ANTISMASH (Erwinia_persicina_SR15)	COMPLETED	0	2026-08-30 20:14:41.764	2026-08-30 20:14:41.860	2026-08-30 20:15:03.125	19.5s	2	6 GB	800.8 MB	7.8 GB	136.4%	1.4%	829.9 MB	59.2 MB
994	81/d23632	BGC_ANALYSIS:ANTISMASH_ANALYSIS:ANTISMASH (Erwinia_mallotivora_EP39)	COMPLETED	0	2026-08-30 20:14:28.335	2026-08-30 20:14:28.432	2026-08-30 20:15:03.676	33.2s	2	6 GB	490 MB	7.8 GB	102.3%	0.7%	1.3 GB	57.5 MB
1003	f9/f4e0d2	BGC_ANALYSIS:ANTISMASH_ANALYSIS:ANTISMASH (Erwinia_pyrifoliae_CP20113301)	COMPLETED	0	2026-08-30 20:14:50.998	2026-08-30 20:14:51.096	2026-08-30 20:15:10.989	18.1s	2	6 GB	774.6 MB	7.8 GB	121.6%	1.3%	736.3 MB	50.3 MB
987	80/22cec0	BGC_ANALYSIS:ANTISMASH_ANALYSIS:ANTISMASH (Erwinia_amylovora_CP20130204)	COMPLETED	0	2026-08-30 20:15:01.732	2026-08-30 20:15:01.829	2026-08-30 20:15:17.128	13.4s	2	6 GB	560.5 MB	7.3 GB	132.6%	1.0%	602 MB	26.9 MB
1005	20/e859d4	BGC_ANALYSIS:ANTISMASH_ANALYSIS:ANTISMASH (Erwinia_pyrifoliae_CP20126903)	COMPLETED	0	2026-08-30 20:15:01.448	2026-08-30 20:15:01.550	2026-08-30 20:15:21.171	17.7s	2	6 GB	772.4 MB	7.8 GB	122.0%	1.3%	769.9 MB	52.1 MB
1002	0b/966da5	BGC_ANALYSIS:ANTISMASH_ANALYSIS:ANTISMASH (Erwinia_persicina_ZSR3)	COMPLETED	0	2026-08-30 20:15:03.679	2026-08-30 20:15:03.776	2026-08-30 20:15:23.956	18.2s	2	6 GB	809.2 MB	7.8 GB	131.5%	1.3%	793.1 MB	54.1 MB
989	b2/8ada22	BGC_ANALYSIS:ANTISMASH_ANALYSIS:ANTISMASH (Erwinia_amylovora_CP20140001)	COMPLETED	0	2026-08-30 20:15:17.130	2026-08-30 20:15:17.227	2026-08-30 20:15:33.274	14s	2	6 GB	561.3 MB	7.3 GB	135.1%	1.0%	628.7 MB	27.3 MB
1010	a0/51c28c	BGC_ANALYSIS:ANTISMASH_ANALYSIS:ANTISMASH (Pantoea_agglomerans_CCNPK_873)	COMPLETED	0	2026-08-30 20:15:10.992	2026-08-30 20:15:11.089	2026-08-30 20:15:36.902	23.8s	2	6 GB	748 MB	7.8 GB	103.6%	1.3%	985.5 MB	59.6 MB
990	9a/affa6b	BGC_ANALYSIS:ANTISMASH_ANALYSIS:ANTISMASH (Erwinia_amylovora_CP20161301)	COMPLETED	0	2026-08-30 20:15:21.174	2026-08-30 20:15:21.271	2026-08-30 20:15:37.203	14.1s	2	6 GB	560.6 MB	7.3 GB	135.6%	1.0%	628.7 MB	27.3 MB
1001	65/d092e4	BGC_ANALYSIS:ANTISMASH_ANALYSIS:ANTISMASH (Erwinia_persicina_SR16)	COMPLETED	0	2026-08-30 20:14:59.254	2026-08-30 20:14:59.351	2026-08-30 20:15:40.761	39.4s	2	6 GB	662.6 MB	7.7 GB	92.6%	1.2%	1.7 GB	82.1 MB
1011	80/36fccd	BGC_ANALYSIS:ANTISMASH_ANALYSIS:ANTISMASH (Pantoea_agglomerans_CHTF15)	COMPLETED	0	2026-08-30 20:15:23.959	2026-08-30 20:15:24.056	2026-08-30 20:15:45.534	19.6s	2	6 GB	789.5 MB	7.8 GB	126.4%	1.4%	852.9 MB	58.8 MB
998	a3/6b3280	BGC_ANALYSIS:ANTISMASH_ANALYSIS:ANTISMASH (Erwinia_persicina_SR13)	COMPLETED	0	2026-08-30 20:14:54.273	2026-08-30 20:14:54.368	2026-08-30 20:16:01.818	1m 6s	2	6 GB	4.7 GB	7.8 GB	114.7%	4.8%	18.3 GB	70.4 MB
1013	c7/40beee	BGC_ANALYSIS:ANTISMASH_ANALYSIS:ANTISMASH (Pantoea_agglomerans_ICMP_1087)	COMPLETED	0	2026-08-30 20:15:33.278	2026-08-30 20:15:33.374	2026-08-30 20:16:03.975	28.5s	2	6 GB	687.8 MB	7.8 GB	105.6%	1.1%	1.3 GB	69.5 MB
995	2a/39f853	BGC_ANALYSIS:ANTISMASH_ANALYSIS:ANTISMASH (Erwinia_mallotivora_EP45)	COMPLETED	0	2026-08-30 20:15:37.207	2026-08-30 20:15:37.303	2026-08-30 20:16:14.489	35.4s	2	6 GB	494.5 MB	7.8 GB	100.2%	0.7%	1.5 GB	60.7 MB
1015	84/6bbb5d	BGC_ANALYSIS:ANTISMASH_ANALYSIS:ANTISMASH (Pantoea_ananatis_JBR-LB3-16)	COMPLETED	0	2026-08-30 20:15:36.905	2026-08-30 20:15:37.002	2026-08-30 20:16:22.125	43.3s	2	6 GB	4.8 GB	7.8 GB	128.2%	4.4%	9.4 GB	57.6 MB
992	60/fc5b50	BGC_ANALYSIS:ANTISMASH_ANALYSIS:ANTISMASH (Erwinia_mallotivora_EP17)	COMPLETED	0	2026-08-30 20:15:40.763	2026-08-30 20:15:40.860	2026-08-30 20:16:22.759	40.1s	2	6 GB	494.3 MB	7.7 GB	102.9%	0.7%	1.8 GB	69 MB
1017	f2/d3add8	BGC_ANALYSIS:ANTISMASH_ANALYSIS:ANTISMASH (Pantoea_brenneri_6775)	COMPLETED	0	2026-08-30 20:15:45.538	2026-08-30 20:15:45.634	2026-08-30 20:16:28.804	41.3s	2	6 GB	716 MB	7.8 GB	95.0%	1.2%	2 GB	87.7 MB
1020	33/821961	BGC_ANALYSIS:ANTISMASH_ANALYSIS:ANTISMASH (Pantoea_dispersa_MSC14)	COMPLETED	0	2026-08-30 20:16:01.821	2026-08-30 20:16:01.918	2026-08-30 20:16:37.149	33.5s	2	6 GB	495 MB	7.8 GB	104.3%	0.7%	1.5 GB	59.1 MB
993	ed/d81128	BGC_ANALYSIS:ANTISMASH_ANALYSIS:ANTISMASH (Erwinia_mallotivora_EP21)	COMPLETED	0	2026-08-30 20:16:03.978	2026-08-30 20:16:04.076	2026-08-30 20:16:39.682	33.9s	2	6 GB	487 MB	7.7 GB	102.9%	0.7%	1.4 GB	59.6 MB
1009	aa/84fbe0	BGC_ANALYSIS:ANTISMASH_ANALYSIS:ANTISMASH (Mixta_sp._UJ_SKK_1.1)	COMPLETED	0	2026-08-30 20:15:03.128	2026-08-30 20:15:03.226	2026-08-30 20:16:41.343	1m 36s	2	6 GB	656.7 MB	7.7 GB	101.1%	1.0%	5.7 GB	173.5 MB
1004	72/f38331	BGC_ANALYSIS:ANTISMASH_ANALYSIS:ANTISMASH (Erwinia_pyrifoliae_CP201179)	COMPLETED	0	2026-08-30 20:16:22.762	2026-08-30 20:16:22.858	2026-08-30 20:16:41.544	16.9s	2	6 GB	763.3 MB	7.8 GB	130.5%	1.3%	713 MB	49.6 MB
1018	10/e3462a	BGC_ANALYSIS:ANTISMASH_ANALYSIS:ANTISMASH (Pantoea_dispersa_EGD-AAK13)	COMPLETED	0	2026-08-30 20:16:14.492	2026-08-30 20:16:14.590	2026-08-30 20:16:48.300	31.9s	2	6 GB	749.1 MB	7.8 GB	96.1%	1.3%	1.4 GB	77.5 MB
996	c1/b1e064	BGC_ANALYSIS:ANTISMASH_ANALYSIS:ANTISMASH (Erwinia_mallotivora_EP60)	COMPLETED	0	2026-08-30 20:16:22.128	2026-08-30 20:16:22.225	2026-08-30 20:16:58.305	34.3s	2	6 GB	505.5 MB	7.8 GB	101.8%	0.7%	1.4 GB	59.8 MB
1006	37/0b3f91	BGC_ANALYSIS:ANTISMASH_ANALYSIS:ANTISMASH (Erwinia_pyrifoliae_CP201486)	COMPLETED	0	2026-08-30 20:16:39.685	2026-08-30 20:16:39.782	2026-08-30 20:16:58.734	17.2s	2	6 GB	764.2 MB	7.8 GB	128.4%	1.3%	713.3 MB	49.5 MB
1012	e4/3062a3	BGC_ANALYSIS:ANTISMASH_ANALYSIS:ANTISMASH (Pantoea_agglomerans_CPHN_2)	COMPLETED	0	2026-08-30 20:16:48.303	2026-08-30 20:16:48.400	2026-08-30 20:17:09.036	18.6s	2	6 GB	780.2 MB	7.8 GB	130.1%	1.3%	781.5 MB	56.3 MB
1007	c2/d231cb	BGC_ANALYSIS:ANTISMASH_ANALYSIS:ANTISMASH (Erwinia_rhapontici_BIGb0389)	COMPLETED	0	2026-08-30 20:16:41.547	2026-08-30 20:16:41.646	2026-08-30 20:17:13.764	30.3s	2	6 GB	773.4 MB	7.8 GB	99.3%	1.3%	1.3 GB	72.6 MB
1028	8d/ac8e6d	BGC_ANALYSIS:ANTISMASH_ANALYSIS:ANTISMASH (Pantoea_sp._Ft-CA_14)	COMPLETED	0	2026-08-30 20:16:41.346	2026-08-30 20:16:41.444	2026-08-30 20:17:14.431	31.2s	2	6 GB	495 MB	7.8 GB	99.5%	0.7%	1.3 GB	55.6 MB
1014	49/526b5d	BGC_ANALYSIS:ANTISMASH_ANALYSIS:ANTISMASH (Pantoea_alhagi_NX-11)	COMPLETED	0	2026-08-30 20:16:58.737	2026-08-30 20:16:58.834	2026-08-30 20:17:14.434	13.6s	2	6 GB	617.3 MB	7.3 GB	133.4%	1.0%	680.9 MB	31.4 MB
1016	dc/598bfb	BGC_ANALYSIS:ANTISMASH_ANALYSIS:ANTISMASH (Pantoea_ananatis_Lstri)	COMPLETED	0	2026-08-30 20:16:58.309	2026-08-30 20:16:58.406	2026-08-30 20:17:18.508	18.1s	2	6 GB	857.3 MB	7.9 GB	130.1%	1.3%	817.6 MB	57.3 MB
1008	f5/a6f3a3	BGC_ANALYSIS:ANTISMASH_ANALYSIS:ANTISMASH (Mixta_hanseatica_X22927)	COMPLETED	0	2026-08-30 20:16:37.153	2026-08-30 20:16:37.249	2026-08-30 20:17:26.422	47.3s	2	6 GB	4.8 GB	8.1 GB	128.7%	8.2%	13.4 GB	54.5 MB
1022	5d/2f8a89	BGC_ANALYSIS:ANTISMASH_ANALYSIS:ANTISMASH (Pantoea_sp._B550)	COMPLETED	0	2026-08-30 20:17:09.040	2026-08-30 20:17:09.136	2026-08-30 20:17:30.325	19.2s	2	6 GB	794.8 MB	7.8 GB	125.9%	1.3%	804.6 MB	55.9 MB
1023	5c/b36e39	BGC_ANALYSIS:ANTISMASH_ANALYSIS:ANTISMASH (Pantoea_sp._B566)	COMPLETED	0	2026-08-30 20:17:13.768	2026-08-30 20:17:13.865	2026-08-30 20:17:35.335	19.7s	2	6 GB	841.9 MB	7.9 GB	132.3%	1.4%	846.6 MB	59.8 MB
1019	5c/91de56	BGC_ANALYSIS:ANTISMASH_ANALYSIS:ANTISMASH (Pantoea_dispersa_ML.8a3)	COMPLETED	0	2026-08-30 20:17:14.435	2026-08-30 20:17:14.534	2026-08-30 20:17:35.402	19s	2	6 GB	811.5 MB	7.8 GB	129.7%	1.3%	817.8 MB	57.8 MB
999	fc/8578dc	BGC_ANALYSIS:ANTISMASH_ANALYSIS:ANTISMASH (Erwinia_persicina_SR14)	COMPLETED	0	2026-08-30 20:16:28.807	2026-08-30 20:16:28.904	2026-08-30 20:17:36.705	1m 6s	2	6 GB	4.7 GB	7.8 GB	112.9%	6.8%	18.4 GB	70.9 MB
1021	99/2db982	BGC_ANALYSIS:ANTISMASH_ANALYSIS:ANTISMASH (Pantoea_eucrina_YYCK_506)	COMPLETED	0	2026-08-30 20:17:26.426	2026-08-30 20:17:26.522	2026-08-30 20:17:48.903	20.4s	2	6 GB	665 MB	7.7 GB	97.8%	1.0%	901.6 MB	49.2 MB
1027	98/312062	BGC_ANALYSIS:ANTISMASH_ANALYSIS:ANTISMASH (Pantoea_sp._Ft+CA_17)	COMPLETED	0	2026-08-30 20:17:18.511	2026-08-30 20:17:18.609	2026-08-30 20:17:51.805	31.2s	2	6 GB	503.2 MB	7.8 GB	99.2%	0.7%	1.3 GB	55.8 MB
1024	13/c46d15	BGC_ANALYSIS:ANTISMASH_ANALYSIS:ANTISMASH (Pantoea_sp._B623)	COMPLETED	0	2026-08-30 20:17:30.329	2026-08-30 20:17:30.425	2026-08-30 20:17:52.576	20.2s	2	6 GB	806.8 MB	7.8 GB	133.5%	1.4%	872.5 MB	60.8 MB
1032	a0/9354fe	BGC_ANALYSIS:ANTISMASH_ANALYSIS:ANTISMASH (Pantoea_trifolii_MMK2)	COMPLETED	0	2026-08-30 20:17:35.405	2026-08-30 20:17:35.502	2026-08-30 20:17:58.146	20.9s	2	6 GB	820.4 MB	7.8 GB	129.6%	1.3%	877.2 MB	61.4 MB
1029	a7/f332f2	BGC_ANALYSIS:ANTISMASH_ANALYSIS:ANTISMASH (Pantoea_sp._SOD02)	COMPLETED	0	2026-08-30 20:17:36.708	2026-08-30 20:17:36.805	2026-08-30 20:17:59.422	20.8s	2	6 GB	798.2 MB	7.8 GB	126.9%	1.3%	871.8 MB	61.8 MB
1026	ef/612574	BGC_ANALYSIS:ANTISMASH_ANALYSIS:ANTISMASH (Pantoea_sp._Fr-CA_6)	COMPLETED	0	2026-08-30 20:17:35.347	2026-08-30 20:17:35.403	2026-08-30 20:18:08.606	31.4s	2	6 GB	497 MB	7.8 GB	101.4%	0.7%	1.4 GB	57.4 MB
1041	9d/241f22	BGC_ANALYSIS:ANTISMASH_ANALYSIS:ANTISMASH (Erwinia_pyri_DE2)	COMPLETED	0	2026-08-30 20:17:59.426	2026-08-30 20:17:59.522	2026-08-30 20:18:20.212	18.9s	2	6 GB	828.4 MB	7.9 GB	135.6%	1.3%	889.1 MB	60.2 MB
1025	04/f6ad3f	BGC_ANALYSIS:ANTISMASH_ANALYSIS:ANTISMASH (Pantoea_sp._Fr+CA_20)	COMPLETED	0	2026-08-30 20:17:14.437	2026-08-30 20:17:14.534	2026-08-30 20:18:20.674	1m 4s	2	6 GB	4.6 GB	7.7 GB	108.8%	3.3%	11.9 GB	68.7 MB
1033	38/dcf24e	BGC_ANALYSIS:ANTISMASH_ANALYSIS:ANTISMASH (Pantoea_trifolii_MMK3)	COMPLETED	0	2026-08-30 20:17:58.149	2026-08-30 20:17:58.246	2026-08-30 20:18:20.754	20.7s	2	6 GB	815.9 MB	7.8 GB	128.3%	1.3%	877.7 MB	61.4 MB
1030	7e/6d4173	BGC_ANALYSIS:ANTISMASH_ANALYSIS:ANTISMASH (Pantoea_sp._XY16)	COMPLETED	0	2026-08-30 20:17:51.809	2026-08-30 20:17:51.905	2026-08-30 20:18:22.300	28.5s	2	6 GB	697.6 MB	7.8 GB	91.5%	1.3%	1.2 GB	67.5 MB
1031	ea/5ccaa5	BGC_ANALYSIS:ANTISMASH_ANALYSIS:ANTISMASH (Pantoea_stewartii_ST25)	COMPLETED	0	2026-08-30 20:17:52.579	2026-08-30 20:17:52.677	2026-08-30 20:18:24.763	30.1s	2	6 GB	693 MB	7.8 GB	96.0%	1.3%	1.4 GB	71.9 MB
1037	f8/c1b28c	BGC_ANALYSIS:ANTISMASH_ANALYSIS:ANTISMASH (Buchnera_aphidicola_Sipha_maydis_LE2927)	COMPLETED	0	2026-08-30 20:18:20.216	2026-08-30 20:18:20.312	2026-08-30 20:18:26.670	4.6s	2	6 GB	199.7 MB	2.7 GB	107.6%	0.3%	222.1 MB	4.5 MB
1034	19/8eb5d1	BGC_ANALYSIS:ANTISMASH_ANALYSIS:ANTISMASH (Rosenbergiella_epipactidis_YCCK_550)	COMPLETED	0	2026-08-30 20:18:08.608	2026-08-30 20:18:08.705	2026-08-30 20:18:31.307	20.6s	2	6 GB	644.8 MB	7.7 GB	97.1%	1.0%	867.6 MB	44.1 MB
1040	4e/b03904	BGC_ANALYSIS:ANTISMASH_ANALYSIS:ANTISMASH (Duffyella_gerundensis_CTOTU46774)	COMPLETED	0	2026-08-30 20:17:48.907	2026-08-30 20:17:49.003	2026-08-30 20:18:44.517	53.6s	2	6 GB	522.4 MB	7.7 GB	100.9%	0.8%	2.5 GB	82.5 MB
1035	79/15ef7f	BGC_ANALYSIS:ANTISMASH_ANALYSIS:ANTISMASH (Winslowiella_arboricola_BAC_15a-03b)	COMPLETED	0	2026-08-30 20:18:20.677	2026-08-30 20:18:20.754	2026-08-30 20:18:53.564	31s	2	6 GB	748.2 MB	7.8 GB	96.3%	1.3%	1.1 GB	70.2 MB
1036	a6/310161	BGC_ANALYSIS:ANTISMASH_ANALYSIS:ANTISMASH (Winslowiella_arboricola_Til_1)	COMPLETED	0	2026-08-30 20:18:22.304	2026-08-30 20:18:22.400	2026-08-30 20:19:09.718	45.6s	2	6 GB	701.5 MB	7.8 GB	93.8%	1.2%	2 GB	90.8 MB
1045	14/d90a9a	BGC_ANALYSIS:ANTISMASH_ANALYSIS:ANTISMASH (Erwinia_sp._PsM31)	COMPLETED	0	2026-08-30 20:18:44.520	2026-08-30 20:18:44.617	2026-08-30 20:19:27.286	40.7s	2	6 GB	700.4 MB	7.8 GB	95.9%	1.3%	2 GB	87.5 MB
1038	53/1bc88d	BGC_ANALYSIS:ANTISMASH_ANALYSIS:ANTISMASH (Candidatus_Pantoea_bathycoeliae_BD_Bin1)	COMPLETED	0	2026-08-30 20:18:31.310	2026-08-30 20:18:31.407	2026-08-30 20:19:30.943	57.5s	2	6 GB	512.7 MB	7.7 GB	110.6%	0.7%	3.1 GB	90.5 MB
1039	91/828d87	BGC_ANALYSIS:ANTISMASH_ANALYSIS:ANTISMASH (Curtobacterium_plantarum_CC49)	COMPLETED	0	2026-08-30 20:19:09.722	2026-08-30 20:19:09.819	2026-08-30 20:19:37.505	25.7s	2	6 GB	743.5 MB	7.8 GB	102.9%	1.3%	1.1 GB	62.6 MB
1055	4e/c1278c	BGC_ANALYSIS:ANTISMASH_ANALYSIS:ANTISMASH (Mixta_calida_CTOTU48073)	COMPLETED	0	2026-08-30 20:18:26.673	2026-08-30 20:18:26.771	2026-08-30 20:19:38.592	1m 10s	2	6 GB	493.2 MB	7.7 GB	108.1%	0.7%	3.7 GB	111.5 MB
1046	3b/3008da	BGC_ANALYSIS:ANTISMASH_ANALYSIS:ANTISMASH (Erwinia_wuhanensis_BC051422)	COMPLETED	0	2026-08-30 20:19:30.946	2026-08-30 20:19:31.043	2026-08-30 20:19:58.123	25.3s	2	6 GB	683.5 MB	7.7 GB	99.5%	1.2%	1 GB	61.8 MB
1049	04/ada86b	BGC_ANALYSIS:ANTISMASH_ANALYSIS:ANTISMASH (Mixta_calida_CTOTU47165)	COMPLETED	0	2026-08-30 20:19:38.595	2026-08-30 20:19:38.692	2026-08-30 20:20:25.551	45s	2	6 GB	489.9 MB	7.7 GB	106.6%	0.7%	2.3 GB	77.4 MB
1056	94/490227	BGC_ANALYSIS:ANTISMASH_ANALYSIS:ANTISMASH (Mixta_mediterraneensis_JHMAG-1)	COMPLETED	0	2026-08-30 20:19:58.127	2026-08-30 20:19:58.224	2026-08-30 20:20:57.824	57.6s	2	6 GB	747.2 MB	7.8 GB	101.0%	1.2%	3.2 GB	116.1 MB
1043	a2/6502d6	BGC_ANALYSIS:ANTISMASH_ANALYSIS:ANTISMASH (Erwinia_sp._CTOTU46998)	COMPLETED	0	2026-08-30 20:18:24.767	2026-08-30 20:18:24.863	2026-08-30 20:21:10.726	2m 44s	2	6 GB	510.5 MB	7.7 GB	114.9%	0.9%	9.3 GB	245.6 MB
1050	86/ad4282	BGC_ANALYSIS:ANTISMASH_ANALYSIS:ANTISMASH (Mixta_calida_CTOTU47345)	COMPLETED	0	2026-08-30 20:18:20.757	2026-08-30 20:18:20.854	2026-08-30 20:21:26.342	3m 4s	2	6 GB	511.2 MB	7.7 GB	115.1%	1.0%	10.7 GB	277.4 MB
1068	d9/3b09d7	BGC_ANALYSIS:ANTISMASH_ANALYSIS:ANTISMASH (Pantoea_agglomerans_ISF_438)	COMPLETED	0	2026-08-30 20:21:26.345	2026-08-30 20:21:26.441	2026-08-30 20:21:48.119	19.7s	2	6 GB	606.8 MB	7.8 GB	131.0%	1.0%	792.2 MB	43.9 MB
1048	08/3868a3	BGC_ANALYSIS:ANTISMASH_ANALYSIS:ANTISMASH (Mixta_calida_CTOTU46787)	COMPLETED	0	2026-08-30 20:21:10.729	2026-08-30 20:21:10.827	2026-08-30 20:21:56.304	43.6s	2	6 GB	482.6 MB	7.7 GB	106.2%	0.7%	2.2 GB	75 MB
1060	af/e82ea4	BGC_ANALYSIS:ANTISMASH_ANALYSIS:ANTISMASH (Pantoea_agglomerans_AJ2b)	COMPLETED	0	2026-08-30 20:20:57.828	2026-08-30 20:20:57.925	2026-08-30 20:21:59.739	60s	2	6 GB	4.7 GB	7.8 GB	133.3%	7.3%	22.9 GB	65.2 MB
1042	ee/b4c0f1	BGC_ANALYSIS:ANTISMASH_ANALYSIS:ANTISMASH (Erwinia_sp._CTOTU46754)	COMPLETED	0	2026-08-30 20:19:27.290	2026-08-30 20:19:27.386	2026-08-30 20:22:00.596	2m 31s	2	6 GB	506.9 MB	7.7 GB	114.6%	0.8%	8.7 GB	230.4 MB
1066	2e/797397	BGC_ANALYSIS:ANTISMASH_ANALYSIS:ANTISMASH (Pantoea_agglomerans_DSM_3493_2)	COMPLETED	0	2026-08-30 20:21:56.308	2026-08-30 20:21:56.404	2026-08-30 20:22:25.785	27.6s	2	6 GB	718.5 MB	7.8 GB	96.4%	1.3%	1.1 GB	64.1 MB
1057	40/f2e8b4	BGC_ANALYSIS:ANTISMASH_ANALYSIS:ANTISMASH (Mixta_sp._BE291)	COMPLETED	0	2026-08-30 20:22:00.599	2026-08-30 20:22:00.696	2026-08-30 20:22:28.899	26.2s	2	6 GB	665.8 MB	7.7 GB	96.7%	1.2%	1.1 GB	60.1 MB
1044	c7/ab6b1e	BGC_ANALYSIS:ANTISMASH_ANALYSIS:ANTISMASH (Erwinia_sp._CTOTU47564)	COMPLETED	0	2026-08-30 20:18:53.568	2026-08-30 20:18:53.664	2026-08-30 20:22:34.862	3m 39s	2	6 GB	529.4 MB	7.7 GB	115.2%	1.0%	12.9 GB	334.2 MB
1054	1f/c9ec1f	BGC_ANALYSIS:ANTISMASH_ANALYSIS:ANTISMASH (Mixta_calida_CTOTU47990)	COMPLETED	0	2026-08-30 20:21:59.741	2026-08-30 20:21:59.839	2026-08-30 20:22:44.917	43.2s	2	6 GB	475.6 MB	7.7 GB	103.4%	0.7%	2.2 GB	73.2 MB
1070	e2/37a719	BGC_ANALYSIS:ANTISMASH_ANALYSIS:ANTISMASH (Pantoea_agglomerans_NBBC-01)	COMPLETED	0	2026-08-30 20:22:25.788	2026-08-30 20:22:25.885	2026-08-30 20:22:47.595	19.9s	2	6 GB	777.3 MB	7.8 GB	130.3%	1.3%	904.2 MB	61.1 MB
1063	4c/69fca2	BGC_ANALYSIS:ANTISMASH_ANALYSIS:ANTISMASH (Pantoea_agglomerans_BH6c)	COMPLETED	0	2026-08-30 20:21:48.123	2026-08-30 20:21:48.219	2026-08-30 20:22:50.526	1m	2	6 GB	4.7 GB	7.8 GB	131.9%	7.1%	23.8 GB	64.5 MB
1051	f5/76550c	BGC_ANALYSIS:ANTISMASH_ANALYSIS:ANTISMASH (Mixta_calida_CTOTU47587)	COMPLETED	0	2026-08-30 20:22:28.902	2026-08-30 20:22:28.999	2026-08-30 20:23:05.621	34.9s	2	6 GB	476.4 MB	7.7 GB	101.6%	0.7%	1.7 GB	60.8 MB
1059	48/53e180	BGC_ANALYSIS:ANTISMASH_ANALYSIS:ANTISMASH (Pantoea_agglomerans_9Rz4)	COMPLETED	0	2026-08-30 20:22:44.920	2026-08-30 20:22:45.018	2026-08-30 20:23:11.106	24.3s	2	6 GB	801 MB	7.8 GB	119.9%	1.3%	975.8 MB	63.4 MB
1058	bc/fcd43e	BGC_ANALYSIS:ANTISMASH_ANALYSIS:ANTISMASH (Mixta_theicola_NBRC_110557)	COMPLETED	0	2026-08-30 20:22:47.598	2026-08-30 20:22:47.696	2026-08-30 20:23:14.812	25.3s	2	6 GB	661.8 MB	7.7 GB	97.0%	1.0%	1.1 GB	57.5 MB
1061	43/e04b62	BGC_ANALYSIS:ANTISMASH_ANALYSIS:ANTISMASH (Pantoea_agglomerans_AR24)	COMPLETED	0	2026-08-30 20:23:05.624	2026-08-30 20:23:05.721	2026-08-30 20:23:27.480	19.8s	2	6 GB	817.2 MB	7.8 GB	131.3%	1.3%	870.9 MB	61 MB
1076	7f/346331	BGC_ANALYSIS:ANTISMASH_ANALYSIS:ANTISMASH (Pantoea_agglomerans_W2I1)	COMPLETED	0	2026-08-30 20:23:11.109	2026-08-30 20:23:11.206	2026-08-30 20:23:32.850	19.7s	2	6 GB	785.9 MB	7.8 GB	131.9%	1.3%	866.5 MB	58.5 MB
1072	d4/5dd6ea	BGC_ANALYSIS:ANTISMASH_ANALYSIS:ANTISMASH (Pantoea_agglomerans_PvP026)	COMPLETED	0	2026-08-30 20:23:14.815	2026-08-30 20:23:14.912	2026-08-30 20:23:36.977	20.1s	2	6 GB	815.2 MB	7.8 GB	129.7%	1.3%	910.9 MB	60.7 MB
1077	c0/eede3a	BGC_ANALYSIS:ANTISMASH_ANALYSIS:ANTISMASH (Pantoea_agglomerans_subsp._jekyllhydei_SeqCode_AR5)	COMPLETED	0	2026-08-30 20:22:50.530	2026-08-30 20:22:50.626	2026-08-30 20:23:48.766	56.2s	2	6 GB	4.8 GB	8.1 GB	133.1%	3.4%	19.1 GB	62 MB
1062	0b/1c23bf	BGC_ANALYSIS:ANTISMASH_ANALYSIS:ANTISMASH (Pantoea_agglomerans_AR8b)	COMPLETED	0	2026-08-30 20:23:27.484	2026-08-30 20:23:27.580	2026-08-30 20:23:49.698	20.2s	2	6 GB	800.5 MB	7.8 GB	128.2%	1.3%	861.2 MB	60 MB
1086	2a/2576fe	BGC_ANALYSIS:ANTISMASH_ANALYSIS:ANTISMASH (Pantoea_ananatis_SORGH_AS_0197)	COMPLETED	0	2026-08-30 20:23:49.701	2026-08-30 20:23:49.798	2026-08-30 20:24:12.284	20.5s	2	6 GB	832.6 MB	7.9 GB	131.2%	1.4%	897.3 MB	59.9 MB
1067	b8/de9ea4	BGC_ANALYSIS:ANTISMASH_ANALYSIS:ANTISMASH (Pantoea_agglomerans_FC61912-B)	COMPLETED	0	2026-08-30 20:23:48.770	2026-08-30 20:23:48.866	2026-08-30 20:24:12.362	21.6s	2	6 GB	821.7 MB	7.8 GB	124.2%	1.3%	955.7 MB	64.7 MB
1047	24/4786ee	BGC_ANALYSIS:ANTISMASH_ANALYSIS:ANTISMASH (Mixta_calida_CTOTU46717)	COMPLETED	0	2026-08-30 20:19:37.508	2026-08-30 20:19:37.605	2026-08-30 20:24:18.476	4m 39s	2	6 GB	549.4 MB	7.7 GB	113.6%	1.0%	16.8 GB	425.6 MB
1052	11/287dc9	BGC_ANALYSIS:ANTISMASH_ANALYSIS:ANTISMASH (Mixta_calida_CTOTU47719)	COMPLETED	0	2026-08-30 20:20:25.555	2026-08-30 20:20:25.651	2026-08-30 20:24:26.220	3m 59s	2	6 GB	524.6 MB	7.7 GB	114.0%	1.0%	14.2 GB	360.7 MB
1083	95/021a39	BGC_ANALYSIS:ANTISMASH_ANALYSIS:ANTISMASH (Pantoea_ananatis_B13)	COMPLETED	0	2026-08-30 20:23:32.853	2026-08-30 20:23:32.950	2026-08-30 20:24:29.326	54.5s	2	6 GB	4.8 GB	7.7 GB	108.6%	7.5%	10 GB	70.5 MB
1069	55/6e87e6	BGC_ANALYSIS:ANTISMASH_ANALYSIS:ANTISMASH (Pantoea_agglomerans_MMD61212-C)	COMPLETED	0	2026-08-30 20:24:12.365	2026-08-30 20:24:12.462	2026-08-30 20:24:33.268	19.1s	2	6 GB	799.9 MB	7.8 GB	131.5%	1.3%	861.3 MB	60 MB
1064	d6/c4f9be	BGC_ANALYSIS:ANTISMASH_ANALYSIS:ANTISMASH (Pantoea_agglomerans_CTOTU46734)	COMPLETED	0	2026-08-30 20:24:12.287	2026-08-30 20:24:12.363	2026-08-30 20:24:42.750	28.6s	2	6 GB	484.9 MB	7.8 GB	102.7%	0.7%	1.2 GB	53.4 MB
1080	23/efee71	BGC_ANALYSIS:ANTISMASH_ANALYSIS:ANTISMASH (Pantoea_allii_BAV3077)	COMPLETED	0	2026-08-30 20:24:26.223	2026-08-30 20:24:26.320	2026-08-30 20:24:43.116	14.9s	2	6 GB	663.4 MB	7.4 GB	141.8%	1.1%	768.2 MB	35.9 MB
1088	df/7a69b7	BGC_ANALYSIS:ANTISMASH_ANALYSIS:ANTISMASH (Pantoea_ananatis_ZM-BH-PB4)	COMPLETED	0	2026-08-30 20:24:29.330	2026-08-30 20:24:29.427	2026-08-30 20:24:49.392	18.2s	2	6 GB	729.2 MB	7.8 GB	123.3%	1.3%	834.4 MB	57.1 MB
1073	15/b2458f	BGC_ANALYSIS:ANTISMASH_ANALYSIS:ANTISMASH (Pantoea_agglomerans_ROTS050421)	COMPLETED	0	2026-08-30 20:24:33.272	2026-08-30 20:24:33.368	2026-08-30 20:24:55.885	20.7s	2	6 GB	789.9 MB	7.8 GB	127.3%	1.3%	902.4 MB	62.4 MB
1078	f6/20bbea	BGC_ANALYSIS:ANTISMASH_ANALYSIS:ANTISMASH (Pantoea_allii_BAV3048)	COMPLETED	0	2026-08-30 20:24:18.480	2026-08-30 20:24:18.576	2026-08-30 20:25:01.068	40.6s	2	6 GB	712.1 MB	7.8 GB	94.2%	1.2%	2 GB	87.4 MB
1079	8c/3c9019	BGC_ANALYSIS:ANTISMASH_ANALYSIS:ANTISMASH (Pantoea_allii_BAV3055)	COMPLETED	0	2026-08-30 20:24:42.753	2026-08-30 20:24:42.851	2026-08-30 20:25:16.681	31.9s	2	6 GB	737.9 MB	7.8 GB	96.2%	1.2%	1.4 GB	74.2 MB
1071	58/116834	BGC_ANALYSIS:ANTISMASH_ANALYSIS:ANTISMASH (Pantoea_agglomerans_Pan8)	COMPLETED	0	2026-08-30 20:24:55.890	2026-08-30 20:24:55.985	2026-08-30 20:25:28.609	30.7s	2	6 GB	702.5 MB	7.8 GB	95.0%	1.3%	1.4 GB	71.4 MB
1075	89/bd8f4f	BGC_ANALYSIS:ANTISMASH_ANALYSIS:ANTISMASH (Pantoea_agglomerans_T88c)	COMPLETED	0	2026-08-30 20:24:43.126	2026-08-30 20:24:43.216	2026-08-30 20:25:42.232	57.1s	2	6 GB	4.8 GB	8.2 GB	131.7%	3.7%	19.1 GB	64 MB
1053	5e/85a164	BGC_ANALYSIS:ANTISMASH_ANALYSIS:ANTISMASH (Mixta_calida_CTOTU47914)	COMPLETED	0	2026-08-30 20:22:34.865	2026-08-30 20:22:34.962	2026-08-30 20:25:47.139	3m 10s	2	6 GB	512.2 MB	7.7 GB	113.6%	1.0%	10.9 GB	282.6 MB
1074	f4/5ad1de	BGC_ANALYSIS:ANTISMASH_ANALYSIS:ANTISMASH (Pantoea_agglomerans_SUH1)	COMPLETED	0	2026-08-30 20:24:49.401	2026-08-30 20:24:49.493	2026-08-30 20:25:55.108	1m 4s	2	6 GB	4.8 GB	7.8 GB	131.1%	4.7%	22.9 GB	64.6 MB
1081	09/84f16b	BGC_ANALYSIS:ANTISMASH_ANALYSIS:ANTISMASH (Pantoea_ananatis_13.3)	COMPLETED	0	2026-08-30 20:25:01.071	2026-08-30 20:25:01.168	2026-08-30 20:25:59.502	56.3s	2	6 GB	4.7 GB	7.8 GB	108.9%	7.1%	9.8 GB	69.9 MB
1082	8d/39b407	BGC_ANALYSIS:ANTISMASH_ANALYSIS:ANTISMASH (Pantoea_ananatis_4.2)	COMPLETED	0	2026-08-30 20:25:16.684	2026-08-30 20:25:16.782	2026-08-30 20:26:16.810	58.1s	2	6 GB	4.8 GB	7.9 GB	108.8%	5.2%	10 GB	76 MB
1101	63/9c3159	BGC_ANALYSIS:ANTISMASH_ANALYSIS:ANTISMASH (Pantoea_phytobeneficialis_PF55)	COMPLETED	0	2026-08-30 20:25:47.142	2026-08-30 20:25:47.239	2026-08-30 20:26:34.180	44.9s	2	6 GB	742 MB	7.8 GB	94.2%	1.3%	2.1 GB	98.4 MB
1087	ae/693247	BGC_ANALYSIS:ANTISMASH_ANALYSIS:ANTISMASH (Pantoea_ananatis_SORGH_AS_0213)	COMPLETED	0	2026-08-30 20:25:59.506	2026-08-30 20:25:59.602	2026-08-30 20:26:36.156	34.6s	2	6 GB	730 MB	7.8 GB	97.6%	1.2%	1.5 GB	75.2 MB
1089	d0/7bc8b1	BGC_ANALYSIS:ANTISMASH_ANALYSIS:ANTISMASH (Pantoea_anthophila_SORGH_AS_0797)	COMPLETED	0	2026-08-30 20:26:34.184	2026-08-30 20:26:34.281	2026-08-30 20:26:56.036	19.9s	2	6 GB	774.8 MB	7.8 GB	128.2%	1.3%	860.9 MB	56.5 MB
1090	0b/ed6f8d	BGC_ANALYSIS:ANTISMASH_ANALYSIS:ANTISMASH (Pantoea_anthophila_UI705)	COMPLETED	0	2026-08-30 20:26:56.039	2026-08-30 20:26:56.136	2026-08-30 20:27:13.182	15.3s	2	6 GB	634.7 MB	7.4 GB	141.9%	1.0%	741.6 MB	34.2 MB
1085	8d/06d14a	BGC_ANALYSIS:ANTISMASH_ANALYSIS:ANTISMASH (Pantoea_ananatis_BAV3127)	COMPLETED	0	2026-08-30 20:26:16.814	2026-08-30 20:26:16.910	2026-08-30 20:27:14.503	55.7s	2	6 GB	4.9 GB	8.2 GB	135.3%	3.5%	21.4 GB	59.1 MB
1084	f5/7f4f8c	BGC_ANALYSIS:ANTISMASH_ANALYSIS:ANTISMASH (Pantoea_ananatis_BAV3096)	COMPLETED	0	2026-08-30 20:25:55.111	2026-08-30 20:25:55.208	2026-08-30 20:27:20.117	1m 23s	2	6 GB	4.8 GB	7.8 GB	117.9%	5.1%	22.7 GB	88.9 MB
1099	e6/038ded	BGC_ANALYSIS:ANTISMASH_ANALYSIS:ANTISMASH (Pantoea_eucrina_CTOTU47818)	COMPLETED	0	2026-08-30 20:25:42.237	2026-08-30 20:25:42.332	2026-08-30 20:27:35.412	1m 51s	2	6 GB	516.9 MB	7.7 GB	113.3%	0.8%	6.1 GB	166.1 MB
1093	39/ee1e94	BGC_ANALYSIS:ANTISMASH_ANALYSIS:ANTISMASH (Pantoea_dispersa_SORGH_AS_1094)	COMPLETED	0	2026-08-30 20:27:35.415	2026-08-30 20:27:35.513	2026-08-30 20:27:56.901	19.5s	2	6 GB	794.3 MB	7.8 GB	130.0%	1.3%	864.5 MB	59 MB
1091	b1/ae451b	BGC_ANALYSIS:ANTISMASH_ANALYSIS:ANTISMASH (Pantoea_brenneri_CTOTU46732)	COMPLETED	0	2026-08-30 20:27:14.506	2026-08-30 20:27:14.603	2026-08-30 20:28:06.733	50.3s	2	6 GB	541.2 MB	7.7 GB	107.4%	0.8%	2.4 GB	83.6 MB
1065	58/f8214d	BGC_ANALYSIS:ANTISMASH_ANALYSIS:ANTISMASH (Pantoea_agglomerans_CTOTU46772)	COMPLETED	0	2026-08-30 20:23:36.981	2026-08-30 20:23:37.077	2026-08-30 20:28:37.489	4m 58s	2	6 GB	593.4 MB	7.7 GB	113.3%	1.0%	17.5 GB	454.8 MB
1098	ad/ddf863	BGC_ANALYSIS:ANTISMASH_ANALYSIS:ANTISMASH (Pantoea_eucrina_CTOTU47420)	COMPLETED	0	2026-08-30 20:25:28.612	2026-08-30 20:25:28.709	2026-08-30 20:28:46.604	3m 16s	2	6 GB	533.5 MB	7.7 GB	114.9%	1.0%	11.5 GB	295.4 MB
1102	38/77d09a	BGC_ANALYSIS:ANTISMASH_ANALYSIS:ANTISMASH (Pantoea_piersonii_CTOTU47726)	COMPLETED	0	2026-08-30 20:26:36.160	2026-08-30 20:26:36.256	2026-08-30 20:28:47.756	2m 10s	2	6 GB	539.8 MB	7.7 GB	112.5%	0.8%	7.3 GB	200.3 MB
1095	11/941646	BGC_ANALYSIS:ANTISMASH_ANALYSIS:ANTISMASH (Pantoea_eucalypti_BAV3111)	COMPLETED	0	2026-08-30 20:28:06.737	2026-08-30 20:28:06.833	2026-08-30 20:29:18.167	1m 9s	2	6 GB	733.6 MB	7.8 GB	100.7%	1.3%	4 GB	135.1 MB
1094	73/1272bb	BGC_ANALYSIS:ANTISMASH_ANALYSIS:ANTISMASH (Pantoea_endophytica_CTOTU47575)	COMPLETED	0	2026-08-30 20:27:56.905	2026-08-30 20:27:57.002	2026-08-30 20:29:27.354	1m 28s	2	6 GB	555.3 MB	7.7 GB	111.2%	1.1%	4.7 GB	141.9 MB
1114	68/118d3e	BGC_ANALYSIS:ANTISMASH_ANALYSIS:ANTISMASH (Pantoea_sp._Lij88)	COMPLETED	0	2026-08-30 20:29:18.171	2026-08-30 20:29:18.267	2026-08-30 20:29:39.033	18.9s	2	6 GB	805.3 MB	7.8 GB	133.2%	1.3%	823.6 MB	57.5 MB
1110	e5/53c956	BGC_ANALYSIS:ANTISMASH_ANALYSIS:ANTISMASH (Pantoea_septica_CTOTU47044)	COMPLETED	0	2026-08-30 20:28:46.607	2026-08-30 20:28:46.703	2026-08-30 20:29:43.611	55s	2	6 GB	488.1 MB	7.7 GB	105.4%	0.7%	2.9 GB	94 MB
1116	a9/be2bc3	BGC_ANALYSIS:ANTISMASH_ANALYSIS:ANTISMASH (Pantoea_sp._QMID2)	COMPLETED	0	2026-08-30 20:29:43.615	2026-08-30 20:29:43.711	2026-08-30 20:30:12.757	27.2s	2	6 GB	722.7 MB	7.8 GB	98.2%	1.3%	1.1 GB	63 MB
1105	d3/edb15d	BGC_ANALYSIS:ANTISMASH_ANALYSIS:ANTISMASH (Pantoea_septica_CTOTU46803)	COMPLETED	0	2026-08-30 20:27:13.185	2026-08-30 20:27:13.282	2026-08-30 20:30:18.303	3m 3s	2	6 GB	515.9 MB	7.7 GB	114.6%	1.0%	10.8 GB	279.6 MB
1096	2d/f6daa1	BGC_ANALYSIS:ANTISMASH_ANALYSIS:ANTISMASH (Pantoea_eucalypti_CTOTU46720)	COMPLETED	0	2026-08-30 20:29:39.038	2026-08-30 20:29:39.133	2026-08-30 20:30:18.683	37.8s	2	6 GB	492.9 MB	7.7 GB	106.1%	0.7%	1.8 GB	68.3 MB
1111	53/eeac92	BGC_ANALYSIS:ANTISMASH_ANALYSIS:ANTISMASH (Pantoea_sp._CTOTU46764_CTOTU46764)	COMPLETED	0	2026-08-30 20:29:27.357	2026-08-30 20:29:27.454	2026-08-30 20:30:33.951	1m 5s	2	6 GB	490.3 MB	7.7 GB	107.0%	0.7%	3.3 GB	105.6 MB
1109	7e/7c074b	BGC_ANALYSIS:ANTISMASH_ANALYSIS:ANTISMASH (Pantoea_septica_CTOTU46987)	COMPLETED	0	2026-08-30 20:28:47.759	2026-08-30 20:28:47.856	2026-08-30 20:30:33.949	1m 44s	2	6 GB	501.8 MB	7.6 GB	112.2%	0.8%	5.9 GB	164.4 MB
1115	d9/26df33	BGC_ANALYSIS:ANTISMASH_ANALYSIS:ANTISMASH (Pantoea_sp._QMID1)	COMPLETED	0	2026-08-30 20:30:12.761	2026-08-30 20:30:12.857	2026-08-30 20:30:42.820	28.1s	2	6 GB	770.9 MB	7.8 GB	98.4%	1.3%	1.2 GB	63.4 MB
1117	01/98fcc3	BGC_ANALYSIS:ANTISMASH_ANALYSIS:ANTISMASH (Pantoea_sp._QMID3)	COMPLETED	0	2026-08-30 20:30:42.824	2026-08-30 20:30:42.920	2026-08-30 20:31:12.889	28s	2	6 GB	742.1 MB	7.8 GB	98.6%	1.2%	1.2 GB	63.5 MB
1092	6e/c338fe	BGC_ANALYSIS:ANTISMASH_ANALYSIS:ANTISMASH (Pantoea_dispersa_CTOTU47074)	COMPLETED	0	2026-08-30 20:27:20.121	2026-08-30 20:27:20.217	2026-08-30 20:31:30.874	4m 9s	2	6 GB	547.5 MB	7.7 GB	114.9%	1.0%	14.7 GB	376.2 MB
1103	a6/a5e06d	BGC_ANALYSIS:ANTISMASH_ANALYSIS:ANTISMASH (Pantoea_piersonii_CTOTU47921)	COMPLETED	0	2026-08-30 20:30:33.956	2026-08-30 20:30:34.052	2026-08-30 20:31:46.427	1m 11s	2	6 GB	494.2 MB	7.7 GB	107.2%	0.7%	3.7 GB	115.6 MB
1100	31/b490ba	BGC_ANALYSIS:ANTISMASH_ANALYSIS:ANTISMASH (Pantoea_eucrina_CTOTU47867)	COMPLETED	0	2026-08-30 20:30:18.686	2026-08-30 20:30:18.782	2026-08-30 20:31:49.112	1m 28s	2	6 GB	525.8 MB	7.7 GB	111.9%	0.8%	4.9 GB	138.9 MB
1128	53/0193de	BGC_ANALYSIS:ANTISMASH_ANALYSIS:ANTISMASH (Pantoea_stewartii_subsp._stewartii_49472_2__18)	COMPLETED	0	2026-08-30 20:31:46.430	2026-08-30 20:31:46.527	2026-08-30 20:32:14.307	26s	2	6 GB	571.4 MB	7.9 GB	121.8%	1.0%	1.2 GB	57.7 MB
1108	93/28e0ef	BGC_ANALYSIS:ANTISMASH_ANALYSIS:ANTISMASH (Pantoea_septica_CTOTU46979)	COMPLETED	0	2026-08-30 20:31:49.115	2026-08-30 20:31:49.212	2026-08-30 20:32:32.477	41.4s	2	6 GB	528 MB	7.7 GB	106.1%	0.7%	2.1 GB	72.8 MB
1126	05/e6e095	BGC_ANALYSIS:ANTISMASH_ANALYSIS:ANTISMASH (Pantoea_stewartii_subsp._stewartii_34258_2_15)	COMPLETED	0	2026-08-30 20:32:14.311	2026-08-30 20:32:14.407	2026-08-30 20:32:41.897	25.6s	2	6 GB	624 MB	7.8 GB	125.0%	1.1%	1.1 GB	54 MB
1106	3b/cf0415	BGC_ANALYSIS:ANTISMASH_ANALYSIS:ANTISMASH (Pantoea_septica_CTOTU46921)	COMPLETED	0	2026-08-30 20:31:30.877	2026-08-30 20:31:30.974	2026-08-30 20:32:53.187	1m 20s	2	6 GB	497.1 MB	7.6 GB	110.1%	0.7%	4.4 GB	129.5 MB
1121	81/729bad	BGC_ANALYSIS:ANTISMASH_ANALYSIS:ANTISMASH (Pantoea_sp._SORGH_AS_0659)	COMPLETED	0	2026-08-30 20:32:32.481	2026-08-30 20:32:32.578	2026-08-30 20:32:54.873	20.4s	2	6 GB	840.3 MB	7.9 GB	129.8%	1.4%	903.8 MB	62.2 MB
1122	68/68dfeb	BGC_ANALYSIS:ANTISMASH_ANALYSIS:ANTISMASH (Pantoea_stewartii_RON18713)	COMPLETED	0	2026-08-30 20:32:54.876	2026-08-30 20:32:54.973	2026-08-30 20:33:15.391	18.5s	2	6 GB	797.1 MB	7.8 GB	131.1%	1.3%	765.1 MB	54 MB
1130	55/d75ab4	BGC_ANALYSIS:ANTISMASH_ANALYSIS:ANTISMASH (Pantoea_stewartii_subsp._stewartii_CREA_DC_1788)	COMPLETED	0	2026-08-30 20:32:53.190	2026-08-30 20:32:53.288	2026-08-30 20:33:37.036	41.9s	2	6 GB	494.1 MB	7.8 GB	107.8%	0.7%	2.2 GB	76.9 MB
1119	b6/777873	BGC_ANALYSIS:ANTISMASH_ANALYSIS:ANTISMASH (Pantoea_sp._SHSU.bins.162)	COMPLETED	0	2026-08-30 20:30:33.952	2026-08-30 20:30:34.052	2026-08-30 20:33:49.560	3m 14s	2	6 GB	506.8 MB	7.7 GB	116.6%	0.9%	11 GB	286.6 MB
1133	47/a32db6	BGC_ANALYSIS:ANTISMASH_ANALYSIS:ANTISMASH (Pantoea_vagans_CTOTU47047)	COMPLETED	0	2026-08-30 20:33:15.394	2026-08-30 20:33:15.491	2026-08-30 20:33:50.776	33.4s	2	6 GB	509 MB	7.8 GB	109.5%	0.7%	1.4 GB	60.8 MB
1134	61/4eddec	BGC_ANALYSIS:ANTISMASH_ANALYSIS:ANTISMASH (Pantoea_vagans_CTOTU47068)	COMPLETED	0	2026-08-30 20:33:50.779	2026-08-30 20:33:50.877	2026-08-30 20:34:20.276	27.5s	2	6 GB	494.3 MB	7.8 GB	106.4%	0.7%	1.1 GB	51.5 MB
1136	d2/be8941	BGC_ANALYSIS:ANTISMASH_ANALYSIS:ANTISMASH (Wigglesworthia_glossinidia_MAG-1)	COMPLETED	0	2026-08-30 20:34:20.280	2026-08-30 20:34:20.376	2026-08-30 20:34:30.119	7.9s	2	6 GB	199.2 MB	2.7 GB	108.7%	0.3%	419.2 MB	12.5 MB
1104	38/5390b6	BGC_ANALYSIS:ANTISMASH_ANALYSIS:ANTISMASH (Pantoea_septica_CTOTU46749)	COMPLETED	0	2026-08-30 20:31:12.893	2026-08-30 20:31:12.989	2026-08-30 20:34:47.098	3m 32s	2	6 GB	529.5 MB	7.7 GB	114.7%	1.0%	12.5 GB	325.1 MB
1097	6e/7a2d94	BGC_ANALYSIS:ANTISMASH_ANALYSIS:ANTISMASH (Pantoea_eucalypti_CTOTU47461)	COMPLETED	0	2026-08-30 20:30:18.307	2026-08-30 20:30:18.404	2026-08-30 20:34:54.454	4m 34s	2	6 GB	550 MB	7.7 GB	114.9%	1.0%	16.3 GB	418.4 MB
1118	d2/3262bc	BGC_ANALYSIS:ANTISMASH_ANALYSIS:ANTISMASH (Pantoea_sp._QMID4)	COMPLETED	0	2026-08-30 20:34:30.122	2026-08-30 20:34:30.219	2026-08-30 20:34:58.858	26.8s	2	6 GB	657.5 MB	7.7 GB	98.9%	1.1%	1.1 GB	63 MB
1107	c5/04cf9e	BGC_ANALYSIS:ANTISMASH_ANALYSIS:ANTISMASH (Pantoea_septica_CTOTU46924)	COMPLETED	0	2026-08-30 20:28:37.493	2026-08-30 20:28:37.590	2026-08-30 20:35:04.065	6m 25s	2	6 GB	598.3 MB	7.7 GB	113.1%	1.0%	23.7 GB	595.3 MB
1112	a9/0fc2d2	BGC_ANALYSIS:ANTISMASH_ANALYSIS:ANTISMASH (Pantoea_sp._CTOTU46904)	COMPLETED	0	2026-08-30 20:33:49.563	2026-08-30 20:33:49.660	2026-08-30 20:35:04.886	1m 13s	2	6 GB	489 MB	7.7 GB	109.9%	0.7%	4.1 GB	119.3 MB
1123	36/508caa	BGC_ANALYSIS:ANTISMASH_ANALYSIS:ANTISMASH (Pantoea_stewartii_subsp._indologenes_LMG_2630)	COMPLETED	0	2026-08-30 20:34:47.100	2026-08-30 20:34:47.198	2026-08-30 20:35:08.631	19.6s	2	6 GB	632.2 MB	7.9 GB	130.3%	1.0%	794.6 MB	43 MB
1124	31/4661a0	BGC_ANALYSIS:ANTISMASH_ANALYSIS:ANTISMASH (Pantoea_stewartii_subsp._indologenes_LMG_2671)	COMPLETED	0	2026-08-30 20:34:54.457	2026-08-30 20:34:54.554	2026-08-30 20:35:17.207	20.9s	2	6 GB	636.3 MB	7.9 GB	128.2%	1.1%	807.2 MB	43.5 MB
1139	84/9a7d7b	BGC_ANALYSIS:ANTISMASH_ANALYSIS:ANTISMASH (Candidatus_Pantoea_rara_Lu_Sq_004)	COMPLETED	0	2026-08-30 20:35:04.069	2026-08-30 20:35:04.165	2026-08-30 20:35:25.981	20s	2	6 GB	599.3 MB	7.9 GB	126.7%	0.9%	777.3 MB	41.3 MB
1142	fc/bdc329	BGC_ANALYSIS:ANTISMASH_ANALYSIS:ANTISMASH (Duffyella_sp._Ts4)	COMPLETED	0	2026-08-30 20:34:58.862	2026-08-30 20:34:58.958	2026-08-30 20:35:33.305	32.4s	2	6 GB	485.6 MB	7.8 GB	103.0%	0.7%	1.4 GB	56.2 MB
1127	14/94b4fa	BGC_ANALYSIS:ANTISMASH_ANALYSIS:ANTISMASH (Pantoea_stewartii_subsp._stewartii_34596_1_15)	COMPLETED	0	2026-08-30 20:35:04.890	2026-08-30 20:35:04.986	2026-08-30 20:35:35.717	28.9s	2	6 GB	528.7 MB	7.8 GB	111.9%	0.9%	1.3 GB	56.4 MB
1129	4e/084a90	BGC_ANALYSIS:ANTISMASH_ANALYSIS:ANTISMASH (Pantoea_stewartii_subsp._stewartii_49474_1__18)	COMPLETED	0	2026-08-30 20:35:08.635	2026-08-30 20:35:08.731	2026-08-30 20:35:37.476	26.9s	2	6 GB	643.5 MB	7.9 GB	124.0%	1.2%	1.2 GB	55.4 MB
1145	11/78251a	BGC_ANALYSIS:ANTISMASH_ANALYSIS:ANTISMASH (Erwinia_amylovora_A2)	COMPLETED	0	2026-08-30 20:35:37.479	2026-08-30 20:35:37.576	2026-08-30 20:35:56.349	16.9s	2	6 GB	723.9 MB	7.8 GB	132.8%	1.2%	697.1 MB	47.3 MB
1147	30/a527c3	BGC_ANALYSIS:ANTISMASH_ANALYSIS:ANTISMASH (Erwinia_amylovora_CPBF2032)	COMPLETED	0	2026-08-30 20:35:25.984	2026-08-30 20:35:26.081	2026-08-30 20:36:00.933	32.9s	2	6 GB	675.2 MB	7.7 GB	98.2%	1.1%	1.5 GB	67.9 MB
1125	7d/e4f811	BGC_ANALYSIS:ANTISMASH_ANALYSIS:ANTISMASH (Pantoea_stewartii_subsp._indologenes_SCHI0154.S.1)	COMPLETED	0	2026-08-30 20:35:33.309	2026-08-30 20:35:33.406	2026-08-30 20:36:03.991	28.7s	2	6 GB	670.7 MB	7.7 GB	95.3%	1.2%	1.3 GB	69.1 MB
1135	c7/a39846	BGC_ANALYSIS:ANTISMASH_ANALYSIS:ANTISMASH (Tatumella_ptyseos_Sample4_4)	COMPLETED	0	2026-08-30 20:35:56.352	2026-08-30 20:35:56.449	2026-08-30 20:36:12.603	14.3s	2	6 GB	695.3 MB	7.7 GB	125.6%	1.1%	591.8 MB	39.6 MB
1131	d5/3f3e3b	BGC_ANALYSIS:ANTISMASH_ANALYSIS:ANTISMASH (Pantoea_stewartii_subsp._stewartii_IPV-BO_2766)	COMPLETED	0	2026-08-30 20:35:35.720	2026-08-30 20:35:35.817	2026-08-30 20:36:16.808	39.2s	2	6 GB	638.3 MB	7.9 GB	124.3%	1.0%	2 GB	77.5 MB
1120	e1/291c40	BGC_ANALYSIS:ANTISMASH_ANALYSIS:ANTISMASH (Pantoea_sp._SHSU.bins.380)	COMPLETED	0	2026-08-30 20:32:41.900	2026-08-30 20:32:41.997	2026-08-30 20:36:20.708	3m 37s	2	6 GB	496.6 MB	7.6 GB	113.8%	0.9%	13 GB	327.5 MB
1113	dc/b5b439	BGC_ANALYSIS:ANTISMASH_ANALYSIS:ANTISMASH (Pantoea_sp._CTOTU46950_CTOTU46950)	COMPLETED	0	2026-08-30 20:33:37.040	2026-08-30 20:33:37.136	2026-08-30 20:36:33.585	2m 55s	2	6 GB	556.7 MB	7.8 GB	116.4%	0.9%	9.8 GB	258.1 MB
1154	38/451430	BGC_ANALYSIS:ANTISMASH_ANALYSIS:ANTISMASH (Erwinia_amylovora_CPBF2080)	COMPLETED	0	2026-08-30 20:36:00.937	2026-08-30 20:36:01.033	2026-08-30 20:36:34.972	32.1s	2	6 GB	612.9 MB	7.7 GB	99.0%	1.0%	1.5 GB	67.4 MB
1137	98/4da0c2	BGC_ANALYSIS:ANTISMASH_ANALYSIS:ANTISMASH (Candidatus_Pantoea_formicae_C8B2)	COMPLETED	0	2026-08-30 20:36:03.995	2026-08-30 20:36:04.092	2026-08-30 20:36:44.618	38.7s	2	6 GB	783.9 MB	7.8 GB	93.9%	1.3%	1.8 GB	89.9 MB
1152	5e/75b25d	BGC_ANALYSIS:ANTISMASH_ANALYSIS:ANTISMASH (Erwinia_amylovora_CPBF2078)	COMPLETED	0	2026-08-30 20:36:12.607	2026-08-30 20:36:12.703	2026-08-30 20:36:46.716	32.1s	2	6 GB	630.4 MB	7.7 GB	97.6%	1.0%	1.5 GB	67.9 MB
1141	d3/791ffa	BGC_ANALYSIS:ANTISMASH_ANALYSIS:ANTISMASH (Duffyella_gerundensis_Ts1)	COMPLETED	0	2026-08-30 20:36:16.811	2026-08-30 20:36:16.908	2026-08-30 20:36:47.875	29.1s	2	6 GB	519.8 MB	7.8 GB	105.3%	0.7%	1.3 GB	52.4 MB
1153	68/0c4fd1	BGC_ANALYSIS:ANTISMASH_ANALYSIS:ANTISMASH (Erwinia_amylovora_CPBF2079)	COMPLETED	0	2026-08-30 20:36:20.711	2026-08-30 20:36:20.808	2026-08-30 20:36:54.885	32.3s	2	6 GB	669.5 MB	7.7 GB	97.9%	1.1%	1.5 GB	67.9 MB
1143	9d/50a143	BGC_ANALYSIS:ANTISMASH_ANALYSIS:ANTISMASH (Erwinia_amylovora_1-c)	COMPLETED	0	2026-08-30 20:36:44.622	2026-08-30 20:36:44.718	2026-08-30 20:37:01.995	15.5s	2	6 GB	726.1 MB	7.8 GB	133.8%	1.1%	671.2 MB	46.3 MB
1156	1c/78ec26	BGC_ANALYSIS:ANTISMASH_ANALYSIS:ANTISMASH (Erwinia_amylovora_CPBF2082)	COMPLETED	0	2026-08-30 20:36:33.588	2026-08-30 20:36:33.685	2026-08-30 20:37:07.741	32.3s	2	6 GB	653 MB	7.7 GB	97.1%	1.0%	1.5 GB	67.9 MB
1160	4e/bd8415	BGC_ANALYSIS:ANTISMASH_ANALYSIS:ANTISMASH (Erwinia_amylovora_CPBF2089)	COMPLETED	0	2026-08-30 20:36:34.975	2026-08-30 20:36:35.071	2026-08-30 20:37:10.692	33.9s	2	6 GB	635.1 MB	7.7 GB	96.6%	1.0%	1.6 GB	70.3 MB
1144	e8/39a71e	BGC_ANALYSIS:ANTISMASH_ANALYSIS:ANTISMASH (Erwinia_amylovora_A1)	COMPLETED	0	2026-08-30 20:37:01.998	2026-08-30 20:37:02.096	2026-08-30 20:37:19.965	16s	2	6 GB	728.8 MB	7.8 GB	131.4%	1.3%	697.1 MB	47.3 MB
1140	36/848c28	BGC_ANALYSIS:ANTISMASH_ANALYSIS:ANTISMASH (Duffyella_gerundensis_TDW_P5a)	COMPLETED	0	2026-08-30 20:36:47.878	2026-08-30 20:36:47.975	2026-08-30 20:37:20.599	30.9s	2	6 GB	697.4 MB	7.7 GB	96.7%	1.2%	1.4 GB	70.7 MB
1146	62/c7cb01	BGC_ANALYSIS:ANTISMASH_ANALYSIS:ANTISMASH (Erwinia_amylovora_CPBF2031)	COMPLETED	0	2026-08-30 20:36:46.721	2026-08-30 20:36:46.816	2026-08-30 20:37:20.938	32.4s	2	6 GB	626.2 MB	7.7 GB	96.8%	1.0%	1.5 GB	67.9 MB
1167	e5/87a778	BGC_ANALYSIS:ANTISMASH_ANALYSIS:ANTISMASH (Erwinia_amylovora_DG2-P)	COMPLETED	0	2026-08-30 20:37:20.941	2026-08-30 20:37:21.039	2026-08-30 20:37:38.900	16.2s	2	6 GB	731.8 MB	7.8 GB	134.1%	1.2%	673.6 MB	46.4 MB
1149	7c/9e15f5	BGC_ANALYSIS:ANTISMASH_ANALYSIS:ANTISMASH (Erwinia_amylovora_CPBF2075)	COMPLETED	0	2026-08-30 20:37:07.744	2026-08-30 20:37:07.841	2026-08-30 20:37:42.338	32.7s	2	6 GB	679.6 MB	7.7 GB	97.7%	1.1%	1.5 GB	67.9 MB
1148	4f/1b090f	BGC_ANALYSIS:ANTISMASH_ANALYSIS:ANTISMASH (Erwinia_amylovora_CPBF2074)	COMPLETED	0	2026-08-30 20:37:10.694	2026-08-30 20:37:10.792	2026-08-30 20:37:46.653	34s	2	6 GB	646.6 MB	7.7 GB	96.6%	1.0%	1.6 GB	70.3 MB
1138	4c/ec0e28	BGC_ANALYSIS:ANTISMASH_ANALYSIS:ANTISMASH (Candidatus_Pantoea_formicae_C8D10)	COMPLETED	0	2026-08-30 20:36:54.890	2026-08-30 20:36:54.985	2026-08-30 20:37:48.841	51.9s	2	6 GB	826.1 MB	7.8 GB	94.3%	1.3%	2.5 GB	109.8 MB
1151	c4/dd426c	BGC_ANALYSIS:ANTISMASH_ANALYSIS:ANTISMASH (Erwinia_amylovora_CPBF2077)	COMPLETED	0	2026-08-30 20:37:19.969	2026-08-30 20:37:20.065	2026-08-30 20:37:54.442	32.6s	2	6 GB	625.5 MB	7.7 GB	96.7%	1.0%	1.5 GB	67.9 MB
1150	e0/59c1df	BGC_ANALYSIS:ANTISMASH_ANALYSIS:ANTISMASH (Erwinia_amylovora_CPBF2076)	COMPLETED	0	2026-08-30 20:37:20.602	2026-08-30 20:37:20.699	2026-08-30 20:37:54.911	32.5s	2	6 GB	622.1 MB	7.7 GB	96.7%	1.0%	1.5 GB	67.9 MB
1155	20/cac9cb	BGC_ANALYSIS:ANTISMASH_ANALYSIS:ANTISMASH (Erwinia_amylovora_CPBF2081)	COMPLETED	0	2026-08-30 20:37:38.904	2026-08-30 20:37:39.000	2026-08-30 20:38:12.144	31.3s	2	6 GB	600 MB	7.7 GB	98.7%	1.0%	1.5 GB	66.9 MB
1157	d4/ad23d4	BGC_ANALYSIS:ANTISMASH_ANALYSIS:ANTISMASH (Erwinia_amylovora_CPBF2083)	COMPLETED	0	2026-08-30 20:37:42.341	2026-08-30 20:37:42.438	2026-08-30 20:38:16.345	32s	2	6 GB	654.4 MB	7.7 GB	96.9%	1.0%	1.5 GB	67.4 MB
1163	70/9e6f05	BGC_ANALYSIS:ANTISMASH_ANALYSIS:ANTISMASH (Erwinia_amylovora_CPBF2092)	COMPLETED	0	2026-08-30 20:37:46.656	2026-08-30 20:37:46.753	2026-08-30 20:38:20.564	32s	2	6 GB	609.8 MB	7.7 GB	97.1%	1.0%	1.5 GB	67.9 MB
1159	a5/b13667	BGC_ANALYSIS:ANTISMASH_ANALYSIS:ANTISMASH (Erwinia_amylovora_CPBF2088)	COMPLETED	0	2026-08-30 20:37:48.846	2026-08-30 20:37:48.941	2026-08-30 20:38:22.946	32.1s	2	6 GB	653.1 MB	7.7 GB	96.6%	1.0%	1.5 GB	67.9 MB
1178	a4/80da3b	BGC_ANALYSIS:ANTISMASH_ANALYSIS:ANTISMASH (Erwinia_artemisiae_DT-104)	COMPLETED	0	2026-08-30 20:37:54.914	2026-08-30 20:37:55.011	2026-08-30 20:38:24.315	27.4s	2	6 GB	671.7 MB	7.7 GB	96.9%	1.2%	1.2 GB	66.7 MB
1161	ec/69fa65	BGC_ANALYSIS:ANTISMASH_ANALYSIS:ANTISMASH (Erwinia_amylovora_CPBF2090)	COMPLETED	0	2026-08-30 20:37:54.446	2026-08-30 20:37:54.542	2026-08-30 20:38:28.482	32.1s	2	6 GB	653 MB	7.7 GB	96.6%	1.0%	1.5 GB	67.9 MB
1132	3d/2e2487	BGC_ANALYSIS:ANTISMASH_ANALYSIS:ANTISMASH (Pantoea_vagans_CTOTU47005)	COMPLETED	0	2026-08-30 20:35:17.211	2026-08-30 20:35:17.308	2026-08-30 20:38:42.036	3m 23s	2	6 GB	519.3 MB	7.7 GB	114.3%	1.0%	11.9 GB	309.8 MB
1169	0c/bd827d	BGC_ANALYSIS:ANTISMASH_ANALYSIS:ANTISMASH (Erwinia_amylovora_Ea09KZ)	COMPLETED	0	2026-08-30 20:38:22.950	2026-08-30 20:38:23.046	2026-08-30 20:38:42.966	18.1s	2	6 GB	591.8 MB	7.8 GB	128.6%	0.9%	654.1 MB	34.7 MB
1162	07/3c7323	BGC_ANALYSIS:ANTISMASH_ANALYSIS:ANTISMASH (Erwinia_amylovora_CPBF2091)	COMPLETED	0	2026-08-30 20:38:12.147	2026-08-30 20:38:12.245	2026-08-30 20:38:46.314	32.2s	2	6 GB	646.3 MB	7.7 GB	95.6%	1.0%	1.5 GB	67.4 MB
1179	15/b4aa5c	BGC_ANALYSIS:ANTISMASH_ANALYSIS:ANTISMASH (Erwinia_persicina_BST187_2)	COMPLETED	0	2026-08-30 20:38:28.485	2026-08-30 20:38:28.582	2026-08-30 20:38:50.246	19.9s	2	6 GB	821.3 MB	7.8 GB	132.4%	1.4%	819.6 MB	58.8 MB
1158	13/1924a3	BGC_ANALYSIS:ANTISMASH_ANALYSIS:ANTISMASH (Erwinia_amylovora_CPBF2084)	COMPLETED	0	2026-08-30 20:38:16.348	2026-08-30 20:38:16.445	2026-08-30 20:38:50.936	32.7s	2	6 GB	653.6 MB	7.7 GB	96.1%	1.0%	1.5 GB	67.9 MB
1165	94/d69406	BGC_ANALYSIS:ANTISMASH_ANALYSIS:ANTISMASH (Erwinia_amylovora_CPBF2094)	COMPLETED	0	2026-08-30 20:38:20.567	2026-08-30 20:38:20.665	2026-08-30 20:38:54.787	32.3s	2	6 GB	612.2 MB	7.7 GB	95.8%	1.0%	1.5 GB	67.4 MB
1181	4c/fb39da	BGC_ANALYSIS:ANTISMASH_ANALYSIS:ANTISMASH (Erwinia_sp._E_sp_B01_9)	COMPLETED	0	2026-08-30 20:38:42.970	2026-08-30 20:38:43.066	2026-08-30 20:38:59.543	14.6s	2	6 GB	671 MB	7.4 GB	137.1%	1.1%	716.7 MB	35.2 MB
1171	6b/ff2c78	BGC_ANALYSIS:ANTISMASH_ANALYSIS:ANTISMASH (Erwinia_amylovora_JD3-4-P)	COMPLETED	0	2026-08-30 20:38:42.040	2026-08-30 20:38:42.136	2026-08-30 20:39:00.236	16.2s	2	6 GB	723.1 MB	7.8 GB	130.1%	1.2%	673.6 MB	46.4 MB
1164	b8/51b885	BGC_ANALYSIS:ANTISMASH_ANALYSIS:ANTISMASH (Erwinia_amylovora_CPBF2093)	COMPLETED	0	2026-08-30 20:38:24.318	2026-08-30 20:38:24.415	2026-08-30 20:39:00.749	34.5s	2	6 GB	600.5 MB	7.7 GB	95.3%	1.0%	1.6 GB	69.8 MB
1170	c4/619fb1	BGC_ANALYSIS:ANTISMASH_ANALYSIS:ANTISMASH (Erwinia_amylovora_Ik2)	COMPLETED	0	2026-08-30 20:38:46.317	2026-08-30 20:38:46.414	2026-08-30 20:39:04.392	16.2s	2	6 GB	727 MB	7.8 GB	130.2%	1.1%	671 MB	46.3 MB
1172	b6/6649d7	BGC_ANALYSIS:ANTISMASH_ANALYSIS:ANTISMASH (Erwinia_amylovora_JL2-1-P)	COMPLETED	0	2026-08-30 20:38:50.939	2026-08-30 20:38:51.036	2026-08-30 20:39:09.801	16.8s	2	6 GB	715.8 MB	7.8 GB	130.5%	1.1%	673.6 MB	46.4 MB
1187	92/c52ef3	BGC_ANALYSIS:ANTISMASH_ANALYSIS:ANTISMASH (Pantoea_agglomerans_Lu_R6_006)	COMPLETED	0	2026-08-30 20:38:50.249	2026-08-30 20:38:50.346	2026-08-30 20:39:10.677	18.5s	2	6 GB	594.5 MB	7.5 GB	125.2%	0.8%	667.6 MB	28.2 MB
1173	c0/5654fa	BGC_ANALYSIS:ANTISMASH_ANALYSIS:ANTISMASH (Erwinia_amylovora_Ol.kora_1)	COMPLETED	0	2026-08-30 20:39:00.239	2026-08-30 20:39:00.336	2026-08-30 20:39:19.168	16.8s	2	6 GB	695.2 MB	7.7 GB	127.1%	1.1%	671.1 MB	46.3 MB
1183	97/412cc9	BGC_ANALYSIS:ANTISMASH_ANALYSIS:ANTISMASH (Pantoea_agglomerans_Da.Et.T.T001)	COMPLETED	0	2026-08-30 20:38:54.790	2026-08-30 20:38:54.887	2026-08-30 20:39:22.671	25.9s	2	6 GB	528.1 MB	7.8 GB	107.2%	0.8%	1 GB	49 MB
1166	b7/819e02	BGC_ANALYSIS:ANTISMASH_ANALYSIS:ANTISMASH (Erwinia_amylovora_Chk.st_1)	COMPLETED	0	2026-08-30 20:39:04.395	2026-08-30 20:39:04.491	2026-08-30 20:39:22.914	16.3s	2	6 GB	725.4 MB	7.8 GB	128.0%	1.1%	670.8 MB	46.3 MB
1188	28/7301ae	BGC_ANALYSIS:ANTISMASH_ANALYSIS:ANTISMASH (Pantoea_agglomerans_RK79)	COMPLETED	0	2026-08-30 20:39:00.752	2026-08-30 20:39:00.849	2026-08-30 20:39:23.349	20.3s	2	6 GB	779.2 MB	7.8 GB	125.9%	1.3%	857 MB	60 MB
1168	bd/1d6fe9	BGC_ANALYSIS:ANTISMASH_ANALYSIS:ANTISMASH (Erwinia_amylovora_Ea08KZ)	COMPLETED	0	2026-08-30 20:39:09.804	2026-08-30 20:39:09.901	2026-08-30 20:39:29.972	18.2s	2	6 GB	592.3 MB	7.8 GB	123.3%	0.9%	654.3 MB	34.7 MB
1185	e9/5212d6	BGC_ANALYSIS:ANTISMASH_ANALYSIS:ANTISMASH (Pantoea_agglomerans_GMG952)	COMPLETED	0	2026-08-30 20:38:59.546	2026-08-30 20:38:59.643	2026-08-30 20:39:36.918	35.4s	2	6 GB	722 MB	7.8 GB	92.4%	1.2%	1.5 GB	77.9 MB
1175	25/8516fb	BGC_ANALYSIS:ANTISMASH_ANALYSIS:ANTISMASH (Erwinia_amylovora_WJ-AP-3)	COMPLETED	0	2026-08-30 20:39:19.171	2026-08-30 20:39:19.268	2026-08-30 20:39:37.102	16s	2	6 GB	723.9 MB	7.8 GB	130.8%	1.2%	673.6 MB	46.4 MB
1174	56/0626eb	BGC_ANALYSIS:ANTISMASH_ANALYSIS:ANTISMASH (Erwinia_amylovora_Ol.kora_4)	COMPLETED	0	2026-08-30 20:39:22.675	2026-08-30 20:39:22.771	2026-08-30 20:39:40.554	16s	2	6 GB	722.4 MB	7.8 GB	130.8%	1.1%	671.2 MB	46.3 MB
1177	a4/dd3a80	BGC_ANALYSIS:ANTISMASH_ANALYSIS:ANTISMASH (Erwinia_aphidicola_W10_2)	COMPLETED	0	2026-08-30 20:39:23.353	2026-08-30 20:39:23.449	2026-08-30 20:39:43.525	18.3s	2	6 GB	803.9 MB	7.8 GB	131.3%	1.3%	752.2 MB	55 MB
1176	d9/02b97e	BGC_ANALYSIS:ANTISMASH_ANALYSIS:ANTISMASH (Erwinia_amylovora_ts3128-Tc)	COMPLETED	0	2026-08-30 20:39:29.976	2026-08-30 20:39:30.072	2026-08-30 20:39:58.985	27s	2	6 GB	663.7 MB	7.7 GB	95.6%	1.0%	1.1 GB	57.5 MB
1193	f0/4ab3ee	BGC_ANALYSIS:ANTISMASH_ANALYSIS:ANTISMASH (Pantoea_ananatis_20NY0487)	COMPLETED	0	2026-08-30 20:39:10.681	2026-08-30 20:39:10.778	2026-08-30 20:40:04.284	51.6s	2	6 GB	4.8 GB	7.9 GB	110.9%	4.0%	9.9 GB	70.7 MB
1196	14/50510d	BGC_ANALYSIS:ANTISMASH_ANALYSIS:ANTISMASH (Pantoea_ananatis_21GA0712)	COMPLETED	0	2026-08-30 20:39:22.917	2026-08-30 20:39:23.014	2026-08-30 20:40:04.357	39.5s	2	6 GB	711.9 MB	7.8 GB	93.1%	1.3%	1.9 GB	89.5 MB
1200	43/89da35	BGC_ANALYSIS:ANTISMASH_ANALYSIS:ANTISMASH (Pantoea_eucalypti_21GA0511)	COMPLETED	0	2026-08-30 20:39:40.558	2026-08-30 20:39:40.654	2026-08-30 20:40:11.226	28.9s	2	6 GB	666.9 MB	7.7 GB	94.3%	1.1%	1.3 GB	70.8 MB
1182	17/0a8172	BGC_ANALYSIS:ANTISMASH_ANALYSIS:ANTISMASH (Mixta_calida_BB1613)	COMPLETED	0	2026-08-30 20:39:37.105	2026-08-30 20:39:37.202	2026-08-30 20:40:14.085	35s	2	6 GB	730.5 MB	7.8 GB	95.2%	1.2%	1.7 GB	80.5 MB
1201	0d/9d5142	BGC_ANALYSIS:ANTISMASH_ANALYSIS:ANTISMASH (Pantoea_eucalypti_21PA0039)	COMPLETED	0	2026-08-30 20:39:43.528	2026-08-30 20:39:43.625	2026-08-30 20:40:14.415	28.9s	2	6 GB	727.3 MB	7.8 GB	94.3%	1.3%	1.3 GB	70.7 MB
1202	da/13274c	BGC_ANALYSIS:ANTISMASH_ANALYSIS:ANTISMASH (Pantoea_eucalypti_FUA1457)	COMPLETED	0	2026-08-30 20:39:58.990	2026-08-30 20:39:59.086	2026-08-30 20:40:20.441	19.4s	2	6 GB	829.3 MB	7.8 GB	121.7%	1.4%	885.1 MB	61.6 MB
1195	f5/069ab7	BGC_ANALYSIS:ANTISMASH_ANALYSIS:ANTISMASH (Pantoea_ananatis_20WA0254)	COMPLETED	0	2026-08-30 20:39:36.921	2026-08-30 20:39:37.018	2026-08-30 20:40:28.560	49.6s	2	6 GB	4.8 GB	7.7 GB	109.7%	6.9%	9.8 GB	68.1 MB
1198	d9/a55f61	BGC_ANALYSIS:ANTISMASH_ANALYSIS:ANTISMASH (Pantoea_ananatis_NCHU4578)	COMPLETED	0	2026-08-30 20:40:04.287	2026-08-30 20:40:04.357	2026-08-30 20:40:35.299	29.2s	2	6 GB	717.4 MB	7.7 GB	94.3%	1.2%	1.3 GB	71 MB
1205	61/b3b201	BGC_ANALYSIS:ANTISMASH_ANALYSIS:ANTISMASH (Pantoea_piersonii_F10_5S_D1_EB5)	COMPLETED	0	2026-08-30 20:40:04.360	2026-08-30 20:40:04.457	2026-08-30 20:40:35.587	29.5s	2	6 GB	728.4 MB	7.8 GB	98.0%	1.2%	1.3 GB	69.4 MB
1184	fa/52fa32	BGC_ANALYSIS:ANTISMASH_ANALYSIS:ANTISMASH (Pantoea_agglomerans_Et)	COMPLETED	0	2026-08-30 20:40:14.089	2026-08-30 20:40:14.186	2026-08-30 20:40:39.934	23.9s	2	6 GB	728.8 MB	7.8 GB	99.1%	1.3%	1 GB	64.4 MB
1186	59/90efb2	BGC_ANALYSIS:ANTISMASH_ANALYSIS:ANTISMASH (Pantoea_agglomerans_LS1)	COMPLETED	0	2026-08-30 20:40:20.445	2026-08-30 20:40:20.541	2026-08-30 20:40:41.205	18.7s	2	6 GB	807.8 MB	7.8 GB	128.8%	1.3%	826.7 MB	58.5 MB
1180	d4/e314b3	BGC_ANALYSIS:ANTISMASH_ANALYSIS:ANTISMASH (Erwinia_sp._1181_3)	COMPLETED	0	2026-08-30 20:40:11.229	2026-08-30 20:40:11.326	2026-08-30 20:40:46.519	33.2s	2	6 GB	729.3 MB	7.8 GB	94.5%	1.2%	1.4 GB	72.9 MB
1191	81/ac7819	BGC_ANALYSIS:ANTISMASH_ANALYSIS:ANTISMASH (Pantoea_ananatis_20ID0081)	COMPLETED	0	2026-08-30 20:40:14.418	2026-08-30 20:40:14.515	2026-08-30 20:40:50.879	34.4s	2	6 GB	723.6 MB	7.8 GB	93.8%	1.3%	1.6 GB	80.5 MB
1210	94/ce9eda	BGC_ANALYSIS:ANTISMASH_ANALYSIS:ANTISMASH (Pantoea_piersonii_F10_5S_D1_P5)	COMPLETED	0	2026-08-30 20:40:28.563	2026-08-30 20:40:28.660	2026-08-30 20:41:00.283	29.8s	2	6 GB	745.2 MB	7.8 GB	96.7%	1.3%	1.3 GB	69.9 MB
1211	2a/8365f5	BGC_ANALYSIS:ANTISMASH_ANALYSIS:ANTISMASH (Pantoea_piersonii_F9_1S_D4_P_1)	COMPLETED	0	2026-08-30 20:40:35.302	2026-08-30 20:40:35.399	2026-08-30 20:41:08.309	31s	2	6 GB	753.7 MB	7.8 GB	97.0%	1.3%	1.4 GB	72.3 MB
1190	34/a5748e	BGC_ANALYSIS:ANTISMASH_ANALYSIS:ANTISMASH (Pantoea_agglomerans_TDW_P5c)	COMPLETED	0	2026-08-30 20:40:35.590	2026-08-30 20:40:35.688	2026-08-30 20:41:08.769	31.2s	2	6 GB	696.4 MB	7.7 GB	93.9%	1.2%	1.4 GB	73 MB
1212	e5/bc7f40	BGC_ANALYSIS:ANTISMASH_ANALYSIS:ANTISMASH (Pantoea_piersonii_F9_5S_D1_EB1)	COMPLETED	0	2026-08-30 20:40:39.937	2026-08-30 20:40:40.035	2026-08-30 20:41:11.143	29.2s	2	6 GB	757.6 MB	7.8 GB	97.4%	1.3%	1.3 GB	69.4 MB
1189	54/321fd6	BGC_ANALYSIS:ANTISMASH_ANALYSIS:ANTISMASH (Pantoea_agglomerans_RK84)	COMPLETED	0	2026-08-30 20:40:50.882	2026-08-30 20:40:50.980	2026-08-30 20:41:11.308	18.5s	2	6 GB	801.2 MB	7.8 GB	129.5%	1.3%	821.3 MB	57.9 MB
1217	52/9ae5b5	BGC_ANALYSIS:ANTISMASH_ANALYSIS:ANTISMASH (Pantoea_piersonii_F9_6S_D2_EB3)	COMPLETED	0	2026-08-30 20:40:41.209	2026-08-30 20:40:41.305	2026-08-30 20:41:13.317	30s	2	6 GB	751.4 MB	7.8 GB	96.7%	1.3%	1.4 GB	70.9 MB
1197	42/1534cf	BGC_ANALYSIS:ANTISMASH_ANALYSIS:ANTISMASH (Pantoea_ananatis_HQ01)	COMPLETED	0	2026-08-30 20:41:08.312	2026-08-30 20:41:08.410	2026-08-30 20:41:29.682	19.5s	2	6 GB	831.3 MB	7.8 GB	130.3%	1.4%	881.1 MB	61.7 MB
2309	24/05ff66	BGC_ANALYSIS:ANTISMASH_ANALYSIS:ANTISMASH (Erwinia_papayae_JGD233)	COMPLETED	0	2026-08-30 20:41:13.320	2026-08-30 20:41:13.422	2026-08-30 20:41:35.280	19.9s	2	6 GB	867 MB	7.9 GB	135.8%	1.4%	870.3 MB	61.2 MB
1219	80/2acd1b	BGC_ANALYSIS:ANTISMASH_ANALYSIS:ANTISMASH (Pantoea_piersonii_F9_6S_D3_P_5)	COMPLETED	0	2026-08-30 20:41:08.773	2026-08-30 20:41:08.869	2026-08-30 20:41:41.272	30.6s	2	6 GB	708.8 MB	7.8 GB	96.8%	1.2%	1.3 GB	69.9 MB
1222	eb/a8ccae	BGC_ANALYSIS:ANTISMASH_ANALYSIS:ANTISMASH (Pantoea_piersonii_F9_8S_D1_EB4)	COMPLETED	0	2026-08-30 20:41:11.146	2026-08-30 20:41:11.243	2026-08-30 20:41:43.638	30.6s	2	6 GB	745.9 MB	7.8 GB	96.9%	1.3%	1.3 GB	69.4 MB
1199	87/da9e89	BGC_ANALYSIS:ANTISMASH_ANALYSIS:ANTISMASH (Pantoea_ananatis_NCHU4618)	COMPLETED	0	2026-08-30 20:41:11.311	2026-08-30 20:41:11.408	2026-08-30 20:41:44.293	31s	2	6 GB	737.2 MB	7.8 GB	94.1%	1.3%	1.3 GB	72.5 MB
1194	6e/364fb3	BGC_ANALYSIS:ANTISMASH_ANALYSIS:ANTISMASH (Pantoea_ananatis_20PA0260)	COMPLETED	0	2026-08-30 20:40:46.521	2026-08-30 20:40:46.619	2026-08-30 20:41:46.267	57.7s	2	6 GB	4.7 GB	7.8 GB	106.3%	4.6%	10.1 GB	78.6 MB
1203	b7/1ff7a6	BGC_ANALYSIS:ANTISMASH_ANALYSIS:ANTISMASH (Pantoea_phosphatilytica_RHCKP32)	COMPLETED	0	2026-08-30 20:41:29.688	2026-08-30 20:41:29.782	2026-08-30 20:41:52.653	20.9s	2	6 GB	746.7 MB	7.8 GB	107.6%	1.3%	945.3 MB	58 MB
1224	44/832792	BGC_ANALYSIS:ANTISMASH_ANALYSIS:ANTISMASH (Pantoea_sp._22096)	COMPLETED	0	2026-08-30 20:41:41.276	2026-08-30 20:41:41.372	2026-08-30 20:42:06.386	23.1s	2	6 GB	754.8 MB	7.8 GB	106.0%	1.3%	1 GB	61.9 MB
1207	87/76c637	BGC_ANALYSIS:ANTISMASH_ANALYSIS:ANTISMASH (Pantoea_piersonii_F10_5S_D1_EP4)	COMPLETED	0	2026-08-30 20:41:35.283	2026-08-30 20:41:35.379	2026-08-30 20:42:06.487	29.3s	2	6 GB	751.1 MB	7.8 GB	96.1%	1.3%	1.3 GB	69.4 MB
1192	1f/25ef62	BGC_ANALYSIS:ANTISMASH_ANALYSIS:ANTISMASH (Pantoea_ananatis_20NY0427)	COMPLETED	0	2026-08-30 20:41:00.286	2026-08-30 20:41:00.383	2026-08-30 20:42:08.877	1m 7s	2	6 GB	4.8 GB	7.8 GB	104.2%	5.5%	10.7 GB	94.4 MB
1223	ef/18ecda	BGC_ANALYSIS:ANTISMASH_ANALYSIS:ANTISMASH (Pantoea_piersonii_F9_8S_D1_EB5)	COMPLETED	0	2026-08-30 20:41:44.296	2026-08-30 20:41:44.393	2026-08-30 20:42:16.098	30s	2	6 GB	751 MB	7.8 GB	96.8%	1.3%	1.3 GB	69.9 MB
1204	83/dd1390	BGC_ANALYSIS:ANTISMASH_ANALYSIS:ANTISMASH (Pantoea_phyllosphaerae_RRHST58)	COMPLETED	0	2026-08-30 20:41:43.641	2026-08-30 20:41:43.739	2026-08-30 20:42:16.606	31.2s	2	6 GB	731.3 MB	7.8 GB	95.1%	1.3%	1.4 GB	71.9 MB
1206	0f/1f4664	BGC_ANALYSIS:ANTISMASH_ANALYSIS:ANTISMASH (Pantoea_piersonii_F10_5S_D1_EP3)	COMPLETED	0	2026-08-30 20:41:46.271	2026-08-30 20:41:46.367	2026-08-30 20:42:17.773	29.6s	2	6 GB	743.2 MB	7.8 GB	96.4%	1.2%	1.3 GB	69.4 MB
1209	d3/30e2cd	BGC_ANALYSIS:ANTISMASH_ANALYSIS:ANTISMASH (Pantoea_piersonii_F10_5S_D1_P4)	COMPLETED	0	2026-08-30 20:41:52.657	2026-08-30 20:41:52.753	2026-08-30 20:42:24.179	29.4s	2	6 GB	758.8 MB	7.8 GB	97.9%	1.3%	1.3 GB	69.4 MB
1225	35/304352	BGC_ANALYSIS:ANTISMASH_ANALYSIS:ANTISMASH (Pantoea_sp._BS_1)	COMPLETED	0	2026-08-30 20:42:06.389	2026-08-30 20:42:06.485	2026-08-30 20:42:33.464	25.3s	2	6 GB	744.7 MB	7.8 GB	100.4%	1.3%	1.1 GB	65.3 MB
1228	bc/13dd2d	BGC_ANALYSIS:ANTISMASH_ANALYSIS:ANTISMASH (Pantoea_sp._C8B4)	COMPLETED	0	2026-08-30 20:42:06.490	2026-08-30 20:42:06.587	2026-08-30 20:42:39.692	31.4s	2	6 GB	704.9 MB	7.8 GB	95.0%	1.2%	1.4 GB	71.7 MB
1227	ce/af3878	BGC_ANALYSIS:ANTISMASH_ANALYSIS:ANTISMASH (Pantoea_sp._C2G6)	COMPLETED	0	2026-08-30 20:42:08.880	2026-08-30 20:42:08.977	2026-08-30 20:42:41.079	30.3s	2	6 GB	676.4 MB	7.7 GB	95.4%	1.2%	1.4 GB	69.8 MB
1226	91/82141b	BGC_ANALYSIS:ANTISMASH_ANALYSIS:ANTISMASH (Pantoea_sp._BS_4)	COMPLETED	0	2026-08-30 20:42:16.102	2026-08-30 20:42:16.197	2026-08-30 20:42:46.599	28.6s	2	6 GB	680.5 MB	7.7 GB	94.3%	1.2%	1.3 GB	69.2 MB
1208	4a/6febce	BGC_ANALYSIS:ANTISMASH_ANALYSIS:ANTISMASH (Pantoea_piersonii_F10_5S_D1_EP6)	COMPLETED	0	2026-08-30 20:42:16.609	2026-08-30 20:42:16.706	2026-08-30 20:42:47.950	29.4s	2	6 GB	746.9 MB	7.8 GB	96.9%	1.3%	1.3 GB	69.9 MB
1232	0e/fa5622	BGC_ANALYSIS:ANTISMASH_ANALYSIS:ANTISMASH (Pantoea_stewartii_subsp._indologenes_21GA0713)	COMPLETED	0	2026-08-30 20:42:17.776	2026-08-30 20:42:17.873	2026-08-30 20:42:49.493	29.8s	2	6 GB	669 MB	7.7 GB	94.1%	1.2%	1.3 GB	72.5 MB
1216	e1/d580d7	BGC_ANALYSIS:ANTISMASH_ANALYSIS:ANTISMASH (Pantoea_piersonii_F9_6S_D2_EB2)	COMPLETED	0	2026-08-30 20:42:24.183	2026-08-30 20:42:24.279	2026-08-30 20:42:56.653	30.5s	2	6 GB	744.9 MB	7.8 GB	96.5%	1.3%	1.4 GB	70.9 MB
1237	1e/b236ea	BGC_ANALYSIS:ANTISMASH_ANALYSIS:ANTISMASH (Erwinia_aphidicola_B01_10)	COMPLETED	0	2026-08-30 20:42:41.082	2026-08-30 20:42:41.179	2026-08-30 20:43:00.948	18s	2	6 GB	822.8 MB	7.8 GB	135.3%	1.3%	774.9 MB	55.9 MB
1236	20/db05ae	BGC_ANALYSIS:ANTISMASH_ANALYSIS:ANTISMASH (Pantoea_vagans_ET90)	COMPLETED	0	2026-08-30 20:42:33.467	2026-08-30 20:42:33.564	2026-08-30 20:43:03.672	28.3s	2	6 GB	680.1 MB	7.7 GB	96.1%	1.2%	1.2 GB	69.6 MB
1239	dd/0ef409	BGC_ANALYSIS:ANTISMASH_ANALYSIS:ANTISMASH (Erwinia_aphidicola_B01_4)	COMPLETED	0	2026-08-30 20:42:46.602	2026-08-30 20:42:46.699	2026-08-30 20:43:04.285	15.8s	2	6 GB	656.9 MB	7.4 GB	140.5%	1.0%	734.2 MB	34.7 MB
1241	15/0e4580	BGC_ANALYSIS:ANTISMASH_ANALYSIS:ANTISMASH (Erwinia_aphidicola_B01_7)	COMPLETED	0	2026-08-30 20:42:47.953	2026-08-30 20:42:48.050	2026-08-30 20:43:05.355	15.5s	2	6 GB	655.9 MB	7.4 GB	139.2%	1.0%	734.7 MB	34.7 MB
1214	62/f9c19b	BGC_ANALYSIS:ANTISMASH_ANALYSIS:ANTISMASH (Pantoea_piersonii_F9_6S_D2_B_1)	COMPLETED	0	2026-08-30 20:42:39.696	2026-08-30 20:42:39.792	2026-08-30 20:43:13.963	32.3s	2	6 GB	756.7 MB	7.8 GB	95.9%	1.3%	1.4 GB	72.4 MB
1243	78/53e752	BGC_ANALYSIS:ANTISMASH_ANALYSIS:ANTISMASH (Erwinia_aphidicola_B03_10)	COMPLETED	0	2026-08-30 20:43:03.675	2026-08-30 20:43:03.773	2026-08-30 20:43:20.724	15.2s	2	6 GB	656.6 MB	7.4 GB	140.7%	1.0%	731.4 MB	34.7 MB
1215	65/538b57	BGC_ANALYSIS:ANTISMASH_ANALYSIS:ANTISMASH (Pantoea_piersonii_F9_6S_D2_B_5)	COMPLETED	0	2026-08-30 20:42:49.496	2026-08-30 20:42:49.593	2026-08-30 20:43:22.563	31.2s	2	6 GB	753.2 MB	7.8 GB	96.5%	1.3%	1.4 GB	71.4 MB
1213	80/7595ba	BGC_ANALYSIS:ANTISMASH_ANALYSIS:ANTISMASH (Pantoea_piersonii_F9_6S_D1_EB1)	COMPLETED	0	2026-08-30 20:42:56.657	2026-08-30 20:42:56.753	2026-08-30 20:43:29.188	30.3s	2	6 GB	741.9 MB	7.8 GB	95.8%	1.2%	1.3 GB	69.9 MB
1218	9d/468589	BGC_ANALYSIS:ANTISMASH_ANALYSIS:ANTISMASH (Pantoea_piersonii_F9_6S_D3_P_4)	COMPLETED	0	2026-08-30 20:43:00.951	2026-08-30 20:43:01.049	2026-08-30 20:43:32.950	29.9s	2	6 GB	702.8 MB	7.7 GB	95.1%	1.2%	1.3 GB	69.9 MB
1220	6b/66323b	BGC_ANALYSIS:ANTISMASH_ANALYSIS:ANTISMASH (Pantoea_piersonii_F9_8S_D1_EB1)	COMPLETED	0	2026-08-30 20:43:04.289	2026-08-30 20:43:04.386	2026-08-30 20:43:35.941	29.8s	2	6 GB	750.2 MB	7.8 GB	96.9%	1.3%	1.3 GB	69.9 MB
1229	12/d74142	BGC_ANALYSIS:ANTISMASH_ANALYSIS:ANTISMASH (Pantoea_sp._E2023-21)	COMPLETED	0	2026-08-30 20:43:13.967	2026-08-30 20:43:14.063	2026-08-30 20:43:36.818	20.8s	2	6 GB	778.8 MB	7.8 GB	127.2%	1.3%	880 MB	62.6 MB
1221	a0/f00c83	BGC_ANALYSIS:ANTISMASH_ANALYSIS:ANTISMASH (Pantoea_piersonii_F9_8S_D1_EB2)	COMPLETED	0	2026-08-30 20:43:05.358	2026-08-30 20:43:05.455	2026-08-30 20:43:37.688	30.5s	2	6 GB	761.7 MB	7.8 GB	96.1%	1.3%	1.4 GB	70.4 MB
1231	eb/22f1af	BGC_ANALYSIS:ANTISMASH_ANALYSIS:ANTISMASH (Pantoea_sp._PGP6)	COMPLETED	0	2026-08-30 20:43:20.727	2026-08-30 20:43:20.825	2026-08-30 20:43:43.920	21.4s	2	6 GB	626.5 MB	7.9 GB	124.6%	1.0%	859.2 MB	44.9 MB
1230	d7/f3f67b	BGC_ANALYSIS:ANTISMASH_ANALYSIS:ANTISMASH (Pantoea_sp._Lu_F5_004)	COMPLETED	0	2026-08-30 20:43:22.567	2026-08-30 20:43:22.666	2026-08-30 20:43:45.170	20.7s	2	6 GB	625.4 MB	7.9 GB	125.8%	1.0%	806.5 MB	43.7 MB
1248	5d/1af315	BGC_ANALYSIS:ANTISMASH_ANALYSIS:ANTISMASH (Erwinia_aphidicola_B03_6)	COMPLETED	0	2026-08-30 20:43:37.691	2026-08-30 20:43:37.788	2026-08-30 20:43:54.229	14.5s	2	6 GB	653.7 MB	7.4 GB	137.0%	1.0%	707.1 MB	33.9 MB
1238	21/53ff53	BGC_ANALYSIS:ANTISMASH_ANALYSIS:ANTISMASH (Erwinia_aphidicola_B01_2)	COMPLETED	0	2026-08-30 20:43:36.822	2026-08-30 20:43:36.919	2026-08-30 20:43:56.608	17.8s	2	6 GB	830.2 MB	7.8 GB	132.1%	1.3%	761.8 MB	55.8 MB
1233	75/6d359f	BGC_ANALYSIS:ANTISMASH_ANALYSIS:ANTISMASH (Pantoea_stewartii_subsp._indologenes_21GA0717)	COMPLETED	0	2026-08-30 20:43:29.192	2026-08-30 20:43:29.288	2026-08-30 20:44:02.652	31.6s	2	6 GB	724.5 MB	7.8 GB	93.2%	1.3%	1.4 GB	73.4 MB
1240	db/96abea	BGC_ANALYSIS:ANTISMASH_ANALYSIS:ANTISMASH (Erwinia_aphidicola_B01_5)	COMPLETED	0	2026-08-30 20:43:43.923	2026-08-30 20:43:44.020	2026-08-30 20:44:04.206	18.4s	2	6 GB	827.2 MB	7.8 GB	134.0%	1.4%	772.5 MB	56.5 MB
1242	db/ed1549	BGC_ANALYSIS:ANTISMASH_ANALYSIS:ANTISMASH (Erwinia_aphidicola_B01_8)	COMPLETED	0	2026-08-30 20:43:45.174	2026-08-30 20:43:45.271	2026-08-30 20:44:05.308	18.2s	2	6 GB	830.2 MB	7.9 GB	133.4%	1.3%	768.8 MB	56.4 MB
1234	4b/0628ad	BGC_ANALYSIS:ANTISMASH_ANALYSIS:ANTISMASH (Pantoea_tagorei_MR1)	COMPLETED	0	2026-08-30 20:43:32.954	2026-08-30 20:43:33.050	2026-08-30 20:44:06.510	31.5s	2	6 GB	778.2 MB	7.8 GB	94.0%	1.3%	1.4 GB	74.4 MB
1252	7a/124727	BGC_ANALYSIS:ANTISMASH_ANALYSIS:ANTISMASH (Erwinia_aphidicola_B04_3)	COMPLETED	0	2026-08-30 20:43:54.231	2026-08-30 20:43:54.328	2026-08-30 20:44:11.929	15.7s	2	6 GB	626.3 MB	7.4 GB	136.2%	1.1%	730.4 MB	34.6 MB
1256	6c/96f564	BGC_ANALYSIS:ANTISMASH_ANALYSIS:ANTISMASH (Erwinia_aphidicola_B06_3)	COMPLETED	0	2026-08-30 20:43:56.611	2026-08-30 20:43:56.708	2026-08-30 20:44:14.439	15.7s	2	6 GB	633.5 MB	7.4 GB	133.6%	1.1%	714.9 MB	33.9 MB
1249	94/ac4d3c	BGC_ANALYSIS:ANTISMASH_ANALYSIS:ANTISMASH (Erwinia_aphidicola_B03_7)	COMPLETED	0	2026-08-30 20:44:02.655	2026-08-30 20:44:02.752	2026-08-30 20:44:20.894	16.2s	2	6 GB	623.3 MB	7.4 GB	135.0%	1.1%	722.6 MB	34.2 MB
1235	09/8417f7	BGC_ANALYSIS:ANTISMASH_ANALYSIS:ANTISMASH (Pantoea_trifolii_C2B11)	COMPLETED	0	2026-08-30 20:43:35.945	2026-08-30 20:43:36.041	2026-08-30 20:44:21.877	43.8s	2	6 GB	791 MB	7.8 GB	92.6%	1.3%	2 GB	90 MB
1251	bb/e10798	BGC_ANALYSIS:ANTISMASH_ANALYSIS:ANTISMASH (Erwinia_aphidicola_B03_9)	COMPLETED	0	2026-08-30 20:44:04.209	2026-08-30 20:44:04.307	2026-08-30 20:44:22.448	16.2s	2	6 GB	627 MB	7.4 GB	138.9%	1.1%	734.1 MB	34.7 MB
1259	81/7729e2	BGC_ANALYSIS:ANTISMASH_ANALYSIS:ANTISMASH (Erwinia_aphidicola_B06_6)	COMPLETED	0	2026-08-30 20:44:05.311	2026-08-30 20:44:05.409	2026-08-30 20:44:23.071	15.7s	2	6 GB	625.3 MB	7.4 GB	136.8%	1.1%	710.3 MB	33.9 MB
1255	2b/4318d5	BGC_ANALYSIS:ANTISMASH_ANALYSIS:ANTISMASH (Erwinia_aphidicola_B06_2)	COMPLETED	0	2026-08-30 20:44:06.516	2026-08-30 20:44:06.610	2026-08-30 20:44:24.390	15.9s	2	6 GB	637.9 MB	7.4 GB	135.9%	1.1%	711.3 MB	33.9 MB
1246	7c/32b53a	BGC_ANALYSIS:ANTISMASH_ANALYSIS:ANTISMASH (Erwinia_aphidicola_B03_4)	COMPLETED	0	2026-08-30 20:44:11.932	2026-08-30 20:44:12.030	2026-08-30 20:44:33.279	19.3s	2	6 GB	835.3 MB	7.8 GB	129.9%	1.4%	774.8 MB	56.4 MB
1244	2a/907d77	BGC_ANALYSIS:ANTISMASH_ANALYSIS:ANTISMASH (Erwinia_aphidicola_B03_2)	COMPLETED	0	2026-08-30 20:44:14.443	2026-08-30 20:44:14.539	2026-08-30 20:44:35.680	19s	2	6 GB	825.1 MB	7.8 GB	132.9%	1.3%	772 MB	55.9 MB
1245	cc/cb5520	BGC_ANALYSIS:ANTISMASH_ANALYSIS:ANTISMASH (Erwinia_aphidicola_B03_3)	COMPLETED	0	2026-08-30 20:44:20.897	2026-08-30 20:44:20.994	2026-08-30 20:44:39.028	16.2s	2	6 GB	656.6 MB	7.4 GB	139.7%	1.0%	732.6 MB	34.7 MB
1257	ff/e94d0d	BGC_ANALYSIS:ANTISMASH_ANALYSIS:ANTISMASH (Erwinia_aphidicola_B06_4)	COMPLETED	0	2026-08-30 20:44:21.880	2026-08-30 20:44:21.977	2026-08-30 20:44:40.183	16.4s	2	6 GB	652.3 MB	7.4 GB	136.2%	1.0%	714.6 MB	33.9 MB
1258	69/d7618b	BGC_ANALYSIS:ANTISMASH_ANALYSIS:ANTISMASH (Erwinia_aphidicola_B06_5)	COMPLETED	0	2026-08-30 20:44:23.074	2026-08-30 20:44:23.171	2026-08-30 20:44:41.246	16.3s	2	6 GB	653.6 MB	7.4 GB	134.7%	1.0%	715.5 MB	34 MB
1269	49/9a5163	BGC_ANALYSIS:ANTISMASH_ANALYSIS:ANTISMASH (Erwinia_aphidicola_B10_2)	COMPLETED	0	2026-08-30 20:44:22.452	2026-08-30 20:44:22.548	2026-08-30 20:44:43.103	18.8s	2	6 GB	823.7 MB	7.8 GB	130.1%	1.3%	754.4 MB	54.8 MB
1261	29/334f86	BGC_ANALYSIS:ANTISMASH_ANALYSIS:ANTISMASH (Erwinia_aphidicola_B07_5)	COMPLETED	0	2026-08-30 20:44:24.394	2026-08-30 20:44:24.494	2026-08-30 20:44:45.399	19.1s	2	6 GB	826.4 MB	7.8 GB	127.9%	1.3%	753.4 MB	55 MB
1268	09/e1f5c2	BGC_ANALYSIS:ANTISMASH_ANALYSIS:ANTISMASH (Erwinia_aphidicola_B09_9)	COMPLETED	0	2026-08-30 20:44:33.283	2026-08-30 20:44:33.380	2026-08-30 20:44:54.964	19.4s	2	6 GB	844.9 MB	7.8 GB	129.7%	1.4%	779.8 MB	57.3 MB
1247	1b/3832ed	BGC_ANALYSIS:ANTISMASH_ANALYSIS:ANTISMASH (Erwinia_aphidicola_B03_5)	COMPLETED	0	2026-08-30 20:44:35.683	2026-08-30 20:44:35.781	2026-08-30 20:44:57.204	19.2s	2	6 GB	839 MB	7.9 GB	131.7%	1.4%	754.8 MB	56.3 MB
1250	3f/abeb2a	BGC_ANALYSIS:ANTISMASH_ANALYSIS:ANTISMASH (Erwinia_aphidicola_B03_8)	COMPLETED	0	2026-08-30 20:44:40.187	2026-08-30 20:44:40.283	2026-08-30 20:44:58.613	16.5s	2	6 GB	657 MB	7.4 GB	141.9%	1.0%	733.1 MB	34.7 MB
1254	ab/c8bd74	BGC_ANALYSIS:ANTISMASH_ANALYSIS:ANTISMASH (Erwinia_aphidicola_B06_1)	COMPLETED	0	2026-08-30 20:44:41.253	2026-08-30 20:44:41.346	2026-08-30 20:44:59.661	16.5s	2	6 GB	656.9 MB	7.4 GB	138.5%	1.0%	712.1 MB	33.9 MB
1275	08/3ce325	BGC_ANALYSIS:ANTISMASH_ANALYSIS:ANTISMASH (Erwinia_aphidicola_N2_2)	COMPLETED	0	2026-08-30 20:44:39.031	2026-08-30 20:44:39.128	2026-08-30 20:45:00.209	19.2s	2	6 GB	832.2 MB	7.8 GB	136.5%	1.3%	768.7 MB	55.7 MB
1253	77/036a29	BGC_ANALYSIS:ANTISMASH_ANALYSIS:ANTISMASH (Erwinia_aphidicola_B05_2)	COMPLETED	0	2026-08-30 20:44:43.106	2026-08-30 20:44:43.203	2026-08-30 20:45:01.594	16.6s	2	6 GB	633.7 MB	7.4 GB	140.3%	1.1%	734.3 MB	34.7 MB
1263	9c/bb62b8	BGC_ANALYSIS:ANTISMASH_ANALYSIS:ANTISMASH (Erwinia_aphidicola_B09_2)	COMPLETED	0	2026-08-30 20:44:45.405	2026-08-30 20:44:45.499	2026-08-30 20:45:03.483	16.2s	2	6 GB	664.4 MB	7.4 GB	135.5%	1.0%	733.2 MB	34.8 MB
1262	e8/8f42c8	BGC_ANALYSIS:ANTISMASH_ANALYSIS:ANTISMASH (Erwinia_aphidicola_B09_1)	COMPLETED	0	2026-08-30 20:44:54.970	2026-08-30 20:44:55.064	2026-08-30 20:45:13.050	15.7s	2	6 GB	642.5 MB	7.4 GB	133.9%	1.1%	736.1 MB	35.1 MB
1276	02/69e854	BGC_ANALYSIS:ANTISMASH_ANALYSIS:ANTISMASH (Erwinia_aphidicola_N2_3)	COMPLETED	0	2026-08-30 20:44:57.208	2026-08-30 20:44:57.304	2026-08-30 20:45:14.947	15.6s	2	6 GB	658.3 MB	7.4 GB	137.7%	1.1%	726.3 MB	34.2 MB
1260	00/b72384	BGC_ANALYSIS:ANTISMASH_ANALYSIS:ANTISMASH (Erwinia_aphidicola_B06_8)	COMPLETED	0	2026-08-30 20:45:00.212	2026-08-30 20:45:00.309	2026-08-30 20:45:17.666	15.5s	2	6 GB	655.1 MB	7.4 GB	136.4%	1.0%	709 MB	33.8 MB
1264	1a/667b66	BGC_ANALYSIS:ANTISMASH_ANALYSIS:ANTISMASH (Erwinia_aphidicola_B09_3)	COMPLETED	0	2026-08-30 20:44:58.616	2026-08-30 20:44:58.713	2026-08-30 20:45:19.724	19.1s	2	6 GB	830.8 MB	7.8 GB	132.0%	1.4%	776.4 MB	56.9 MB
1277	9b/b99615	BGC_ANALYSIS:ANTISMASH_ANALYSIS:ANTISMASH (Erwinia_aphidicola_N2_4)	COMPLETED	0	2026-08-30 20:44:59.664	2026-08-30 20:44:59.761	2026-08-30 20:45:20.700	19.1s	2	6 GB	825.6 MB	7.8 GB	133.6%	1.3%	768.6 MB	55.7 MB
1265	b2/dbc380	BGC_ANALYSIS:ANTISMASH_ANALYSIS:ANTISMASH (Erwinia_aphidicola_B09_4)	COMPLETED	0	2026-08-30 20:45:01.598	2026-08-30 20:45:01.694	2026-08-30 20:45:22.709	19.2s	2	6 GB	833.7 MB	7.8 GB	131.0%	1.4%	775.6 MB	56.9 MB
1267	73/d8ce61	BGC_ANALYSIS:ANTISMASH_ANALYSIS:ANTISMASH (Erwinia_aphidicola_B09_8)	COMPLETED	0	2026-08-30 20:45:03.488	2026-08-30 20:45:03.583	2026-08-30 20:45:24.570	19.2s	2	6 GB	824 MB	7.8 GB	128.9%	1.3%	774.3 MB	56.8 MB
1281	d6/a800b5	BGC_ANALYSIS:ANTISMASH_ANALYSIS:ANTISMASH (Erwinia_aphidicola_W03_1)	COMPLETED	0	2026-08-30 20:45:14.950	2026-08-30 20:45:15.047	2026-08-30 20:45:33.556	16.3s	2	6 GB	624.3 MB	7.4 GB	137.5%	1.1%	737.7 MB	34.7 MB
1266	23/48544e	BGC_ANALYSIS:ANTISMASH_ANALYSIS:ANTISMASH (Erwinia_aphidicola_B09_7)	COMPLETED	0	2026-08-30 20:45:13.057	2026-08-30 20:45:13.150	2026-08-30 20:45:34.589	19.3s	2	6 GB	832.6 MB	7.8 GB	132.0%	1.4%	770.1 MB	56.7 MB
1284	fc/032641	BGC_ANALYSIS:ANTISMASH_ANALYSIS:ANTISMASH (Erwinia_aphidicola_W03_3)	COMPLETED	0	2026-08-30 20:45:17.669	2026-08-30 20:45:17.766	2026-08-30 20:45:35.904	16.1s	2	6 GB	656.3 MB	7.4 GB	139.5%	1.1%	733.1 MB	34.7 MB
1287	b1/e57a97	BGC_ANALYSIS:ANTISMASH_ANALYSIS:ANTISMASH (Erwinia_aphidicola_W03_6)	COMPLETED	0	2026-08-30 20:45:20.703	2026-08-30 20:45:20.800	2026-08-30 20:45:38.672	16.1s	2	6 GB	656.4 MB	7.4 GB	140.7%	1.0%	731.9 MB	34.7 MB
1271	62/816a1b	BGC_ANALYSIS:ANTISMASH_ANALYSIS:ANTISMASH (Erwinia_aphidicola_B10_4)	COMPLETED	0	2026-08-30 20:45:19.728	2026-08-30 20:45:19.825	2026-08-30 20:45:40.348	18.6s	2	6 GB	823.3 MB	7.8 GB	134.0%	1.3%	755.9 MB	55.1 MB
1285	58/74584a	BGC_ANALYSIS:ANTISMASH_ANALYSIS:ANTISMASH (Erwinia_aphidicola_W03_4)	COMPLETED	0	2026-08-30 20:45:24.573	2026-08-30 20:45:24.670	2026-08-30 20:45:42.975	16.3s	2	6 GB	666 MB	7.4 GB	135.6%	1.0%	732.7 MB	34.7 MB
1522	06/e866e1	BGC_ANALYSIS:ANTISMASH_ANALYSIS:ANTISMASH (Pantoea_stewartii_subsp._stewartii_DC283_2)	COMPLETED	0	2026-08-30 20:45:22.712	2026-08-30 20:45:22.810	2026-08-30 20:45:47.566	23s	2	6 GB	855.4 MB	7.9 GB	120.2%	1.4%	1 GB	66.6 MB
1279	a5/554045	BGC_ANALYSIS:ANTISMASH_ANALYSIS:ANTISMASH (Erwinia_aphidicola_N2_6)	COMPLETED	0	2026-08-30 20:45:33.561	2026-08-30 20:45:33.656	2026-08-30 20:45:55.491	19.8s	2	6 GB	824.6 MB	7.8 GB	129.3%	1.3%	805.8 MB	56.7 MB
1291	63/46f758	BGC_ANALYSIS:ANTISMASH_ANALYSIS:ANTISMASH (Erwinia_aphidicola_W04_10)	COMPLETED	0	2026-08-30 20:45:34.592	2026-08-30 20:45:34.689	2026-08-30 20:45:56.120	19.3s	2	6 GB	834.5 MB	7.8 GB	132.6%	1.4%	774.6 MB	56.4 MB
1289	c3/cdc359	BGC_ANALYSIS:ANTISMASH_ANALYSIS:ANTISMASH (Erwinia_aphidicola_W03_8)	COMPLETED	0	2026-08-30 20:45:38.676	2026-08-30 20:45:38.772	2026-08-30 20:45:56.940	16.3s	2	6 GB	656.7 MB	7.4 GB	139.3%	1.0%	732.7 MB	34.7 MB
1270	1c/0426d2	BGC_ANALYSIS:ANTISMASH_ANALYSIS:ANTISMASH (Erwinia_aphidicola_B10_3)	COMPLETED	0	2026-08-30 20:45:35.910	2026-08-30 20:45:36.004	2026-08-30 20:45:57.227	19.1s	2	6 GB	834.9 MB	7.8 GB	131.9%	1.3%	754.5 MB	55.1 MB
1283	ed/20c093	BGC_ANALYSIS:ANTISMASH_ANALYSIS:ANTISMASH (Erwinia_aphidicola_W03_2)	COMPLETED	0	2026-08-30 20:45:42.978	2026-08-30 20:45:43.075	2026-08-30 20:46:01.176	16.3s	2	6 GB	663.1 MB	7.4 GB	137.4%	1.1%	736.1 MB	34.7 MB
1273	6a/773e2e	BGC_ANALYSIS:ANTISMASH_ANALYSIS:ANTISMASH (Erwinia_aphidicola_B10_7)	COMPLETED	0	2026-08-30 20:45:40.351	2026-08-30 20:45:40.448	2026-08-30 20:46:01.438	19.2s	2	6 GB	814.2 MB	7.8 GB	128.2%	1.3%	765.1 MB	55.4 MB
1294	8e/e62b7e	BGC_ANALYSIS:ANTISMASH_ANALYSIS:ANTISMASH (Erwinia_aphidicola_W04_4)	COMPLETED	0	2026-08-30 20:45:47.570	2026-08-30 20:45:47.666	2026-08-30 20:46:08.436	18.6s	2	6 GB	828.8 MB	7.8 GB	127.3%	1.4%	773 MB	56.4 MB
1303	93/93c0e3	BGC_ANALYSIS:ANTISMASH_ANALYSIS:ANTISMASH (Erwinia_aphidicola_W06_6)	COMPLETED	0	2026-08-30 20:45:57.231	2026-08-30 20:45:57.327	2026-08-30 20:46:15.382	16.1s	2	6 GB	651.8 MB	7.4 GB	137.3%	1.0%	714.3 MB	33.9 MB
1296	ed/dd681b	BGC_ANALYSIS:ANTISMASH_ANALYSIS:ANTISMASH (Erwinia_aphidicola_W04_6)	COMPLETED	0	2026-08-30 20:45:55.494	2026-08-30 20:45:55.591	2026-08-30 20:46:16.982	19.5s	2	6 GB	833.4 MB	7.8 GB	135.2%	1.3%	775.2 MB	56.5 MB
1272	aa/76eefd	BGC_ANALYSIS:ANTISMASH_ANALYSIS:ANTISMASH (Erwinia_aphidicola_B10_5)	COMPLETED	0	2026-08-30 20:45:56.123	2026-08-30 20:45:56.220	2026-08-30 20:46:17.293	19.2s	2	6 GB	813.7 MB	7.8 GB	132.8%	1.3%	753.3 MB	55 MB
1274	0f/01a15f	BGC_ANALYSIS:ANTISMASH_ANALYSIS:ANTISMASH (Erwinia_aphidicola_N2_1)	COMPLETED	0	2026-08-30 20:45:56.944	2026-08-30 20:45:57.040	2026-08-30 20:46:17.901	18.9s	2	6 GB	832.8 MB	7.8 GB	134.2%	1.3%	744.7 MB	55.4 MB
1278	dd/b85ab9	BGC_ANALYSIS:ANTISMASH_ANALYSIS:ANTISMASH (Erwinia_aphidicola_N2_5)	COMPLETED	0	2026-08-30 20:46:01.180	2026-08-30 20:46:01.276	2026-08-30 20:46:19.569	16.5s	2	6 GB	638.9 MB	7.4 GB	138.2%	1.1%	725.9 MB	34.2 MB
1280	3a/e8a35e	BGC_ANALYSIS:ANTISMASH_ANALYSIS:ANTISMASH (Erwinia_aphidicola_W01_5)	COMPLETED	0	2026-08-30 20:46:01.441	2026-08-30 20:46:01.537	2026-08-30 20:46:19.680	16.4s	2	6 GB	624.2 MB	7.4 GB	138.9%	1.1%	729.1 MB	34.4 MB
1304	56/33b16a	BGC_ANALYSIS:ANTISMASH_ANALYSIS:ANTISMASH (Erwinia_aphidicola_W06_7)	COMPLETED	0	2026-08-30 20:46:08.439	2026-08-30 20:46:08.535	2026-08-30 20:46:26.948	16.2s	2	6 GB	654.8 MB	7.4 GB	126.9%	1.0%	715.2 MB	33.9 MB
1305	9a/380c3a	BGC_ANALYSIS:ANTISMASH_ANALYSIS:ANTISMASH (Erwinia_aphidicola_W06_8)	COMPLETED	0	2026-08-30 20:46:15.385	2026-08-30 20:46:15.482	2026-08-30 20:46:33.872	16.3s	2	6 GB	654.4 MB	7.4 GB	135.2%	1.0%	715.2 MB	34 MB
1288	a7/001247	BGC_ANALYSIS:ANTISMASH_ANALYSIS:ANTISMASH (Erwinia_aphidicola_W03_7)	COMPLETED	0	2026-08-30 20:46:16.987	2026-08-30 20:46:17.082	2026-08-30 20:46:35.504	16.5s	2	6 GB	661.8 MB	7.4 GB	141.3%	1.1%	733.1 MB	34.7 MB
1286	0b/3579a0	BGC_ANALYSIS:ANTISMASH_ANALYSIS:ANTISMASH (Erwinia_aphidicola_W03_5)	COMPLETED	0	2026-08-30 20:46:17.297	2026-08-30 20:46:17.393	2026-08-30 20:46:35.970	16.6s	2	6 GB	657 MB	7.4 GB	141.3%	1.0%	733.7 MB	34.7 MB
1282	83/2312d1	BGC_ANALYSIS:ANTISMASH_ANALYSIS:ANTISMASH (Erwinia_aphidicola_W03_10)	COMPLETED	0	2026-08-30 20:46:17.903	2026-08-30 20:46:18.001	2026-08-30 20:46:36.524	16.7s	2	6 GB	656.6 MB	7.4 GB	140.6%	1.0%	732.3 MB	34.7 MB
1290	07/6ae83e	BGC_ANALYSIS:ANTISMASH_ANALYSIS:ANTISMASH (Erwinia_aphidicola_W04_1)	COMPLETED	0	2026-08-30 20:46:19.572	2026-08-30 20:46:19.670	2026-08-30 20:46:37.812	16.3s	2	6 GB	640.1 MB	7.4 GB	138.9%	1.1%	727.6 MB	34.3 MB
1292	e2/deaae8	BGC_ANALYSIS:ANTISMASH_ANALYSIS:ANTISMASH (Erwinia_aphidicola_W04_2)	COMPLETED	0	2026-08-30 20:46:19.683	2026-08-30 20:46:19.780	2026-08-30 20:46:37.821	16.2s	2	6 GB	658.4 MB	7.4 GB	140.5%	1.1%	728.8 MB	34.3 MB
1295	e2/5f2dc2	BGC_ANALYSIS:ANTISMASH_ANALYSIS:ANTISMASH (Erwinia_aphidicola_W04_5)	COMPLETED	0	2026-08-30 20:46:26.952	2026-08-30 20:46:27.048	2026-08-30 20:46:47.927	18.6s	2	6 GB	811.4 MB	7.8 GB	125.5%	1.4%	748.5 MB	56.2 MB
1298	68/119f29	BGC_ANALYSIS:ANTISMASH_ANALYSIS:ANTISMASH (Erwinia_aphidicola_W04_9)	COMPLETED	0	2026-08-30 20:46:35.508	2026-08-30 20:46:35.604	2026-08-30 20:46:53.015	15.6s	2	6 GB	664.5 MB	7.4 GB	139.1%	1.0%	731 MB	34.6 MB
1293	79/d5c065	BGC_ANALYSIS:ANTISMASH_ANALYSIS:ANTISMASH (Erwinia_aphidicola_W04_3)	COMPLETED	0	2026-08-30 20:46:33.876	2026-08-30 20:46:33.972	2026-08-30 20:46:55.001	18.9s	2	6 GB	834.2 MB	7.8 GB	132.3%	1.4%	760.4 MB	56.2 MB
1300	46/b89bd8	BGC_ANALYSIS:ANTISMASH_ANALYSIS:ANTISMASH (Erwinia_aphidicola_W06_10)	COMPLETED	0	2026-08-30 20:46:37.816	2026-08-30 20:46:37.821	2026-08-30 20:46:56.456	16.8s	2	6 GB	655.1 MB	7.4 GB	136.8%	1.1%	713.1 MB	33.9 MB
1315	d2/2641e1	BGC_ANALYSIS:ANTISMASH_ANALYSIS:ANTISMASH (Erwinia_aphidicola_W10_1)	COMPLETED	0	2026-08-30 20:46:35.974	2026-08-30 20:46:36.070	2026-08-30 20:46:56.968	19.2s	2	6 GB	817.9 MB	7.8 GB	132.1%	1.3%	755 MB	55 MB
1313	84/35ee56	BGC_ANALYSIS:ANTISMASH_ANALYSIS:ANTISMASH (Erwinia_aphidicola_W09_7)	COMPLETED	0	2026-08-30 20:46:36.527	2026-08-30 20:46:36.624	2026-08-30 20:46:57.734	19.4s	2	6 GB	785.2 MB	7.8 GB	134.5%	1.3%	776.1 MB	56.9 MB
1297	fa/b6f4ce	BGC_ANALYSIS:ANTISMASH_ANALYSIS:ANTISMASH (Erwinia_aphidicola_W04_7)	COMPLETED	0	2026-08-30 20:46:37.825	2026-08-30 20:46:37.926	2026-08-30 20:46:58.867	19.3s	2	6 GB	832.1 MB	7.8 GB	133.1%	1.3%	768.7 MB	56.3 MB
1301	e2/859d6d	BGC_ANALYSIS:ANTISMASH_ANALYSIS:ANTISMASH (Erwinia_aphidicola_W06_2)	COMPLETED	0	2026-08-30 20:46:47.931	2026-08-30 20:46:48.026	2026-08-30 20:47:06.170	15.8s	2	6 GB	659.2 MB	7.4 GB	130.5%	1.1%	713.1 MB	33.9 MB
1299	e1/260db3	BGC_ANALYSIS:ANTISMASH_ANALYSIS:ANTISMASH (Erwinia_aphidicola_W06_1)	COMPLETED	0	2026-08-30 20:46:53.019	2026-08-30 20:46:53.116	2026-08-30 20:47:10.932	15.7s	2	6 GB	652.6 MB	7.4 GB	134.8%	1.0%	710.3 MB	33.9 MB
1302	e5/8d641f	BGC_ANALYSIS:ANTISMASH_ANALYSIS:ANTISMASH (Erwinia_aphidicola_W06_3)	COMPLETED	0	2026-08-30 20:46:56.460	2026-08-30 20:46:56.556	2026-08-30 20:47:14.573	16.2s	2	6 GB	652.6 MB	7.4 GB	136.9%	1.0%	715 MB	33.9 MB
1306	5e/61380f	BGC_ANALYSIS:ANTISMASH_ANALYSIS:ANTISMASH (Erwinia_aphidicola_W06_9)	COMPLETED	0	2026-08-30 20:46:56.971	2026-08-30 20:46:57.068	2026-08-30 20:47:15.203	16.4s	2	6 GB	653.1 MB	7.4 GB	137.6%	1.1%	714.7 MB	34 MB
1307	45/d9564e	BGC_ANALYSIS:ANTISMASH_ANALYSIS:ANTISMASH (Erwinia_aphidicola_W09_1)	COMPLETED	0	2026-08-30 20:46:57.737	2026-08-30 20:46:57.834	2026-08-30 20:47:15.670	16.1s	2	6 GB	658.4 MB	7.4 GB	141.7%	1.0%	733.5 MB	34.9 MB
1311	bd/b2dd1f	BGC_ANALYSIS:ANTISMASH_ANALYSIS:ANTISMASH (Erwinia_aphidicola_W09_5)	COMPLETED	0	2026-08-30 20:46:55.004	2026-08-30 20:46:55.101	2026-08-30 20:47:16.169	19.2s	2	6 GB	833.5 MB	7.8 GB	135.9%	1.4%	776.7 MB	57 MB
1308	70/6ab8ea	BGC_ANALYSIS:ANTISMASH_ANALYSIS:ANTISMASH (Erwinia_aphidicola_W09_2)	COMPLETED	0	2026-08-30 20:46:58.870	2026-08-30 20:46:58.970	2026-08-30 20:47:19.847	19.1s	2	6 GB	838.9 MB	7.8 GB	129.8%	1.4%	785 MB	56.9 MB
1309	db/d60fcb	BGC_ANALYSIS:ANTISMASH_ANALYSIS:ANTISMASH (Erwinia_aphidicola_W09_3)	COMPLETED	0	2026-08-30 20:47:06.174	2026-08-30 20:47:06.273	2026-08-30 20:47:27.658	19.1s	2	6 GB	806.4 MB	7.8 GB	128.8%	1.4%	775.7 MB	57 MB
1312	cf/c2c4b0	BGC_ANALYSIS:ANTISMASH_ANALYSIS:ANTISMASH (Erwinia_aphidicola_W09_6)	COMPLETED	0	2026-08-30 20:47:10.936	2026-08-30 20:47:11.032	2026-08-30 20:47:28.454	15.2s	2	6 GB	658.4 MB	7.4 GB	134.9%	1.0%	731 MB	34.9 MB
1314	55/2208f4	BGC_ANALYSIS:ANTISMASH_ANALYSIS:ANTISMASH (Erwinia_aphidicola_W09_8)	COMPLETED	0	2026-08-30 20:47:14.576	2026-08-30 20:47:14.673	2026-08-30 20:47:35.472	19.1s	2	6 GB	833.6 MB	7.8 GB	132.1%	1.4%	775.1 MB	56.8 MB
1321	6a/1ae518	BGC_ANALYSIS:ANTISMASH_ANALYSIS:ANTISMASH (Erwinia_aphidicola_W10_7)	COMPLETED	0	2026-08-30 20:47:15.206	2026-08-30 20:47:15.303	2026-08-30 20:47:36.555	19.3s	2	6 GB	823.6 MB	7.8 GB	130.0%	1.3%	751.9 MB	54.9 MB
1316	a5/915e32	BGC_ANALYSIS:ANTISMASH_ANALYSIS:ANTISMASH (Erwinia_aphidicola_W10_10)	COMPLETED	0	2026-08-30 20:47:15.673	2026-08-30 20:47:15.770	2026-08-30 20:47:36.891	19.3s	2	6 GB	824.7 MB	7.8 GB	131.9%	1.3%	753 MB	55 MB
1319	3e/7e4daa	BGC_ANALYSIS:ANTISMASH_ANALYSIS:ANTISMASH (Erwinia_aphidicola_W10_5)	COMPLETED	0	2026-08-30 20:47:16.173	2026-08-30 20:47:16.269	2026-08-30 20:47:37.466	19.3s	2	6 GB	821.2 MB	7.8 GB	131.5%	1.3%	755.8 MB	55.1 MB
1327	19/ae1a5c	BGC_ANALYSIS:ANTISMASH_ANALYSIS:ANTISMASH (Erwinia_billingiae_W05_1)	COMPLETED	0	2026-08-30 20:47:19.851	2026-08-30 20:47:19.948	2026-08-30 20:47:37.820	16s	2	6 GB	630.8 MB	7.4 GB	138.3%	1.1%	767.2 MB	35.9 MB
1323	b3/60e85c	BGC_ANALYSIS:ANTISMASH_ANALYSIS:ANTISMASH (Erwinia_aphidicola_W10_9)	COMPLETED	0	2026-08-30 20:47:27.662	2026-08-30 20:47:27.758	2026-08-30 20:47:49.571	19.7s	2	6 GB	820.7 MB	7.8 GB	129.4%	1.3%	755.8 MB	55 MB
1318	b7/597b70	BGC_ANALYSIS:ANTISMASH_ANALYSIS:ANTISMASH (Erwinia_aphidicola_W10_4)	COMPLETED	0	2026-08-30 20:47:28.458	2026-08-30 20:47:28.555	2026-08-30 20:47:50.022	19.3s	2	6 GB	819.5 MB	7.8 GB	129.8%	1.3%	754.4 MB	55 MB
1328	8d/336218	BGC_ANALYSIS:ANTISMASH_ANALYSIS:ANTISMASH (Erwinia_sp._E_sp_B01_1)	COMPLETED	0	2026-08-30 20:47:35.475	2026-08-30 20:47:35.572	2026-08-30 20:47:52.989	15.7s	2	6 GB	671.7 MB	7.4 GB	139.2%	1.0%	760 MB	35.7 MB
1317	ce/c6a8bc	BGC_ANALYSIS:ANTISMASH_ANALYSIS:ANTISMASH (Erwinia_aphidicola_W10_3)	COMPLETED	0	2026-08-30 20:47:37.824	2026-08-30 20:47:37.920	2026-08-30 20:47:55.761	16.1s	2	6 GB	635.5 MB	7.4 GB	135.3%	1.1%	713.7 MB	33.8 MB
1320	f8/340870	BGC_ANALYSIS:ANTISMASH_ANALYSIS:ANTISMASH (Erwinia_aphidicola_W10_6)	COMPLETED	0	2026-08-30 20:47:36.558	2026-08-30 20:47:36.655	2026-08-30 20:47:57.355	18.9s	2	6 GB	818.1 MB	7.8 GB	129.9%	1.3%	753.2 MB	54.9 MB
1337	10/dfbe3d	BGC_ANALYSIS:ANTISMASH_ANALYSIS:ANTISMASH (Buchnera_aphidicola_Formosaphis_micheliae_Formi27)	COMPLETED	0	2026-08-30 20:47:49.575	2026-08-30 20:47:49.671	2026-08-30 20:47:57.367	5.5s	2	6 GB	213.9 MB	2.7 GB	104.2%	0.3%	251.7 MB	8 MB
1310	3c/87c574	BGC_ANALYSIS:ANTISMASH_ANALYSIS:ANTISMASH (Erwinia_aphidicola_W09_4)	COMPLETED	0	2026-08-30 20:47:37.471	2026-08-30 20:47:37.566	2026-08-30 20:47:58.591	19.2s	2	6 GB	851.9 MB	7.8 GB	131.1%	1.4%	779.1 MB	57 MB
1326	d3/54eec8	BGC_ANALYSIS:ANTISMASH_ANALYSIS:ANTISMASH (Erwinia_aphidicola_Z9_3)	COMPLETED	0	2026-08-30 20:47:50.025	2026-08-30 20:47:50.122	2026-08-30 20:48:08.130	15.9s	2	6 GB	630.3 MB	7.4 GB	137.8%	1.1%	738.6 MB	34.9 MB
1331	06/e28f71	BGC_ANALYSIS:ANTISMASH_ANALYSIS:ANTISMASH (Erwinia_sp._E_sp_B04_8)	COMPLETED	0	2026-08-30 20:47:52.993	2026-08-30 20:47:53.089	2026-08-30 20:48:10.865	15.8s	2	6 GB	669.5 MB	7.4 GB	138.4%	1.0%	758.6 MB	35.7 MB
1335	a2/337fcd	BGC_ANALYSIS:ANTISMASH_ANALYSIS:ANTISMASH (Mixta_calida_CTOTU50294)	COMPLETED	0	2026-08-30 20:47:36.894	2026-08-30 20:47:36.991	2026-08-30 20:48:12.790	34s	2	6 GB	485.8 MB	7.8 GB	98.9%	0.7%	1.5 GB	57.7 MB
1329	ae/22046b	BGC_ANALYSIS:ANTISMASH_ANALYSIS:ANTISMASH (Erwinia_sp._E_sp_B01_3)	COMPLETED	0	2026-08-30 20:47:57.369	2026-08-30 20:47:57.467	2026-08-30 20:48:14.350	15.2s	2	6 GB	642.3 MB	7.4 GB	135.5%	1.1%	732.6 MB	35.4 MB
1322	e5/cc0773	BGC_ANALYSIS:ANTISMASH_ANALYSIS:ANTISMASH (Erwinia_aphidicola_W10_8)	COMPLETED	0	2026-08-30 20:47:57.358	2026-08-30 20:47:57.367	2026-08-30 20:48:17.889	18.7s	2	6 GB	830.6 MB	7.8 GB	127.2%	1.4%	755.5 MB	55 MB
1332	cf/37c149	BGC_ANALYSIS:ANTISMASH_ANALYSIS:ANTISMASH (Erwinia_sp._E_sp_B04_9)	COMPLETED	0	2026-08-30 20:48:08.135	2026-08-30 20:48:08.230	2026-08-30 20:48:25.562	15.3s	2	6 GB	645.5 MB	7.4 GB	136.8%	1.1%	756 MB	35.7 MB
1345	b4/f521f3	BGC_ANALYSIS:ANTISMASH_ANALYSIS:ANTISMASH (Erwinia_billingiae_Pa21-15)	COMPLETED	0	2026-08-30 20:47:58.593	2026-08-30 20:47:58.691	2026-08-30 20:48:30.452	29.9s	2	6 GB	830.4 MB	7.8 GB	98.4%	1.3%	1.3 GB	74.7 MB
1334	29/967131	BGC_ANALYSIS:ANTISMASH_ANALYSIS:ANTISMASH (Erwinia_sp._E_sp_W01_6)	COMPLETED	0	2026-08-30 20:48:14.352	2026-08-30 20:48:14.450	2026-08-30 20:48:30.798	14.5s	2	6 GB	636.3 MB	7.4 GB	135.0%	1.1%	709.8 MB	35.1 MB
1347	80/b802ac	BGC_ANALYSIS:ANTISMASH_ANALYSIS:ANTISMASH (Erwinia_sp._HDF1-3R_HDF1-3R)	COMPLETED	0	2026-08-30 20:48:17.892	2026-08-30 20:48:17.990	2026-08-30 20:48:39.530	19.5s	2	6 GB	836.9 MB	7.9 GB	130.1%	1.4%	803.8 MB	57.8 MB
1346	66/817ec0	BGC_ANALYSIS:ANTISMASH_ANALYSIS:ANTISMASH (Erwinia_sp._Eh17-17)	COMPLETED	0	2026-08-30 20:48:10.869	2026-08-30 20:48:10.965	2026-08-30 20:48:43.145	30.3s	2	6 GB	754.6 MB	7.8 GB	96.4%	1.3%	1.3 GB	69.8 MB
1342	de/841723	BGC_ANALYSIS:ANTISMASH_ANALYSIS:ANTISMASH (Erwinia_amylovora_Ea9-2)	COMPLETED	0	2026-08-30 20:48:12.793	2026-08-30 20:48:12.890	2026-08-30 20:48:48.045	33.4s	2	6 GB	685.8 MB	7.7 GB	95.8%	1.1%	1.5 GB	67.6 MB
1333	91/164728	BGC_ANALYSIS:ANTISMASH_ANALYSIS:ANTISMASH (Erwinia_sp._E_sp_W01_1)	COMPLETED	0	2026-08-30 20:48:30.801	2026-08-30 20:48:30.897	2026-08-30 20:48:48.169	15.4s	2	6 GB	642.9 MB	7.4 GB	139.2%	1.1%	751 MB	35.6 MB
1349	b7/8c330d	BGC_ANALYSIS:ANTISMASH_ANALYSIS:ANTISMASH (Pantoea_agglomerans_Pa1-28_2)	COMPLETED	0	2026-08-30 20:48:25.565	2026-08-30 20:48:25.663	2026-08-30 20:48:50.316	22.7s	2	6 GB	819.5 MB	7.8 GB	123.9%	1.3%	1.1 GB	67.2 MB
1325	f5/9446a9	BGC_ANALYSIS:ANTISMASH_ANALYSIS:ANTISMASH (Erwinia_aphidicola_Z9_1)	COMPLETED	0	2026-08-30 20:48:30.455	2026-08-30 20:48:30.552	2026-08-30 20:48:50.374	17.9s	2	6 GB	835.2 MB	7.8 GB	134.0%	1.3%	766.1 MB	56.3 MB
1338	1f/882a37	BGC_ANALYSIS:ANTISMASH_ANALYSIS:ANTISMASH (Buchnera_aphidicola_Formosaphis_micheliae_Formi28)	COMPLETED	0	2026-08-30 20:48:50.320	2026-08-30 20:48:50.374	2026-08-30 20:48:57.941	5.7s	2	6 GB	206.8 MB	2.7 GB	103.4%	0.3%	251.2 MB	8 MB
1330	f0/98cb21	BGC_ANALYSIS:ANTISMASH_ANALYSIS:ANTISMASH (Erwinia_sp._E_sp_B04_7)	COMPLETED	0	2026-08-30 20:48:43.149	2026-08-30 20:48:43.245	2026-08-30 20:49:00.616	15.4s	2	6 GB	669.6 MB	7.4 GB	137.5%	1.0%	754.8 MB	35.7 MB
1324	ec/b61d57	BGC_ANALYSIS:ANTISMASH_ANALYSIS:ANTISMASH (Erwinia_aphidicola_W11_1)	COMPLETED	0	2026-08-30 20:48:39.533	2026-08-30 20:48:39.631	2026-08-30 20:49:00.642	19s	2	6 GB	831.6 MB	7.8 GB	132.9%	1.4%	770.8 MB	56.6 MB
1339	a8/3f4f71	BGC_ANALYSIS:ANTISMASH_ANALYSIS:ANTISMASH (Buchnera_aphidicola_Taiwanaphis_decaspermi_Taide29)	COMPLETED	0	2026-08-30 20:48:57.945	2026-08-30 20:48:58.042	2026-08-30 20:49:05.685	5.6s	2	6 GB	209.3 MB	2.7 GB	105.2%	0.3%	245.6 MB	7.2 MB
1353	55/003b53	BGC_ANALYSIS:ANTISMASH_ANALYSIS:ANTISMASH (Pantoea_agglomerans_Pa17-1_2)	COMPLETED	0	2026-08-30 20:48:48.172	2026-08-30 20:48:48.269	2026-08-30 20:49:10.119	20s	2	6 GB	779.2 MB	7.8 GB	129.1%	1.3%	878.3 MB	60.1 MB
1350	1a/b85b31	BGC_ANALYSIS:ANTISMASH_ANALYSIS:ANTISMASH (Pantoea_agglomerans_Pa13-1)	COMPLETED	0	2026-08-30 20:48:48.049	2026-08-30 20:48:48.145	2026-08-30 20:49:11.135	21.3s	2	6 GB	792.7 MB	7.8 GB	122.9%	1.3%	916.3 MB	60.9 MB
1343	e3/05116f	BGC_ANALYSIS:ANTISMASH_ANALYSIS:ANTISMASH (Erwinia_billingiae_Eb21-1)	COMPLETED	0	2026-08-30 20:48:50.377	2026-08-30 20:48:50.474	2026-08-30 20:49:17.210	24.9s	2	6 GB	775.9 MB	7.8 GB	108.9%	1.3%	1.1 GB	68.8 MB
1341	ba/a933a1	BGC_ANALYSIS:ANTISMASH_ANALYSIS:ANTISMASH (Erwinia_amylovora_Ea45-1)	COMPLETED	0	2026-08-30 20:49:00.646	2026-08-30 20:49:00.742	2026-08-30 20:49:31.525	28.8s	2	6 GB	669.8 MB	7.7 GB	99.0%	1.0%	1.3 GB	62.1 MB
1359	e1/5207c5	BGC_ANALYSIS:ANTISMASH_ANALYSIS:ANTISMASH (Pantoea_agglomerans_Pa21-15_2)	COMPLETED	0	2026-08-30 20:49:10.123	2026-08-30 20:49:10.219	2026-08-30 20:49:32.032	20s	2	6 GB	810.3 MB	7.8 GB	130.9%	1.3%	902.1 MB	60.7 MB
1344	f7/6027e9	BGC_ANALYSIS:ANTISMASH_ANALYSIS:ANTISMASH (Erwinia_billingiae_Eb21-18)	COMPLETED	0	2026-08-30 20:49:00.619	2026-08-30 20:49:00.642	2026-08-30 20:49:32.484	29.8s	2	6 GB	796.1 MB	7.8 GB	95.7%	1.3%	1.3 GB	73.7 MB
1336	75/98f64f	BGC_ANALYSIS:ANTISMASH_ANALYSIS:ANTISMASH (Pantoea_agglomerans_CTOTU50771)	COMPLETED	0	2026-08-30 20:47:55.765	2026-08-30 20:47:55.861	2026-08-30 20:49:32.715	1m 35s	2	6 GB	497.1 MB	7.6 GB	106.8%	0.7%	5.1 GB	148.2 MB
1364	9b/dcc710	BGC_ANALYSIS:ANTISMASH_ANALYSIS:ANTISMASH (Pantoea_agglomerans_Pa21-19)	COMPLETED	0	2026-08-30 20:49:11.138	2026-08-30 20:49:11.235	2026-08-30 20:49:33.851	20.8s	2	6 GB	816.9 MB	7.8 GB	127.2%	1.3%	942.3 MB	63.2 MB
1348	6e/a34679	BGC_ANALYSIS:ANTISMASH_ANALYSIS:ANTISMASH (Pantoea_agglomerans_Pa1-28)	COMPLETED	0	2026-08-30 20:49:17.212	2026-08-30 20:49:17.309	2026-08-30 20:49:42.517	23.3s	2	6 GB	801.4 MB	7.8 GB	122.9%	1.4%	1.1 GB	67.6 MB
1340	c6/43ca39	BGC_ANALYSIS:ANTISMASH_ANALYSIS:ANTISMASH (Duffyella_gerundensis_Eg31-2_2)	COMPLETED	0	2026-08-30 20:49:05.688	2026-08-30 20:49:05.785	2026-08-30 20:49:42.793	35.1s	2	6 GB	699.9 MB	7.8 GB	96.5%	1.2%	1.7 GB	78.5 MB
1354	3e/a3732d	BGC_ANALYSIS:ANTISMASH_ANALYSIS:ANTISMASH (Pantoea_agglomerans_Pa17-5_2)	COMPLETED	0	2026-08-30 20:49:32.035	2026-08-30 20:49:32.132	2026-08-30 20:49:53.393	19.5s	2	6 GB	798.6 MB	7.8 GB	126.9%	1.4%	872.7 MB	60.9 MB
1351	23/6894eb	BGC_ANALYSIS:ANTISMASH_ANALYSIS:ANTISMASH (Pantoea_agglomerans_Pa13-4)	COMPLETED	0	2026-08-30 20:49:32.718	2026-08-30 20:49:32.815	2026-08-30 20:49:54.080	19.5s	2	6 GB	743.6 MB	7.8 GB	131.0%	1.3%	863.9 MB	58.8 MB
1363	1e/47ffd6	BGC_ANALYSIS:ANTISMASH_ANALYSIS:ANTISMASH (Pantoea_agglomerans_Pa21-18)	COMPLETED	0	2026-08-30 20:49:31.529	2026-08-30 20:49:31.625	2026-08-30 20:49:54.769	21.4s	2	6 GB	805.3 MB	7.8 GB	126.3%	1.3%	965.9 MB	62.4 MB
1366	48/33d89a	BGC_ANALYSIS:ANTISMASH_ANALYSIS:ANTISMASH (Pantoea_agglomerans_Pa21-221)	COMPLETED	0	2026-08-30 20:49:32.487	2026-08-30 20:49:32.584	2026-08-30 20:49:55.078	20.8s	2	6 GB	802.5 MB	7.8 GB	127.3%	1.3%	922.7 MB	61.1 MB
1361	e1/fe1892	BGC_ANALYSIS:ANTISMASH_ANALYSIS:ANTISMASH (Pantoea_agglomerans_Pa21-16)	COMPLETED	0	2026-08-30 20:49:33.856	2026-08-30 20:49:33.952	2026-08-30 20:49:56.279	20.5s	2	6 GB	802.3 MB	7.8 GB	125.0%	1.3%	873.9 MB	59.8 MB
1371	a0/620f53	BGC_ANALYSIS:ANTISMASH_ANALYSIS:ANTISMASH (Pantoea_agglomerans_Pa31-4_2)	COMPLETED	0	2026-08-30 20:49:42.797	2026-08-30 20:49:42.893	2026-08-30 20:50:05.291	20.3s	2	6 GB	754.8 MB	7.8 GB	122.6%	1.3%	876.5 MB	61.4 MB
1352	45/682161	BGC_ANALYSIS:ANTISMASH_ANALYSIS:ANTISMASH (Pantoea_agglomerans_Pa13-5)	COMPLETED	0	2026-08-30 20:49:42.520	2026-08-30 20:49:42.618	2026-08-30 20:50:06.566	21.9s	2	6 GB	807.9 MB	7.8 GB	119.2%	1.3%	1003.7 MB	64.8 MB
1356	7e/1b3c30	BGC_ANALYSIS:ANTISMASH_ANALYSIS:ANTISMASH (Pantoea_agglomerans_Pa21-13_2)	COMPLETED	0	2026-08-30 20:49:53.396	2026-08-30 20:49:53.493	2026-08-30 20:50:15.916	20.6s	2	6 GB	799.8 MB	7.8 GB	128.5%	1.3%	874.1 MB	59.8 MB
1369	9d/90d65f	BGC_ANALYSIS:ANTISMASH_ANALYSIS:ANTISMASH (Pantoea_agglomerans_Pa21-5_2)	COMPLETED	0	2026-08-30 20:49:54.082	2026-08-30 20:49:54.180	2026-08-30 20:50:16.402	20.4s	2	6 GB	810.4 MB	7.8 GB	129.0%	1.3%	881.6 MB	60.2 MB
1355	d8/d527fb	BGC_ANALYSIS:ANTISMASH_ANALYSIS:ANTISMASH (Pantoea_agglomerans_Pa21-12)	COMPLETED	0	2026-08-30 20:49:54.772	2026-08-30 20:49:54.869	2026-08-30 20:50:17.120	20.4s	2	6 GB	812.3 MB	7.8 GB	128.9%	1.3%	875.7 MB	59.8 MB
1357	7a/248aca	BGC_ANALYSIS:ANTISMASH_ANALYSIS:ANTISMASH (Pantoea_agglomerans_Pa21-13_3)	COMPLETED	0	2026-08-30 20:49:56.281	2026-08-30 20:49:56.379	2026-08-30 20:50:19.186	21s	2	6 GB	772.3 MB	7.8 GB	127.0%	1.3%	922.6 MB	61.1 MB
1373	a2/82d903	BGC_ANALYSIS:ANTISMASH_ANALYSIS:ANTISMASH (Pantoea_agglomerans_Pa39-10)	COMPLETED	0	2026-08-30 20:49:55.082	2026-08-30 20:49:55.178	2026-08-30 20:50:21.230	24.2s	2	6 GB	819.4 MB	7.8 GB	121.3%	1.3%	1.1 GB	69.6 MB
1367	e1/686821	BGC_ANALYSIS:ANTISMASH_ANALYSIS:ANTISMASH (Pantoea_agglomerans_Pa21-23)	COMPLETED	0	2026-08-30 20:50:05.294	2026-08-30 20:50:05.391	2026-08-30 20:50:27.447	19.8s	2	6 GB	782.2 MB	7.8 GB	125.0%	1.4%	872.3 MB	59.4 MB
1360	01/c3c36d	BGC_ANALYSIS:ANTISMASH_ANALYSIS:ANTISMASH (Pantoea_agglomerans_Pa21-15_3)	COMPLETED	0	2026-08-30 20:50:06.569	2026-08-30 20:50:06.666	2026-08-30 20:50:29.020	20.2s	2	6 GB	800.5 MB	7.8 GB	126.2%	1.4%	902.3 MB	60.7 MB
1358	13/1b99c1	BGC_ANALYSIS:ANTISMASH_ANALYSIS:ANTISMASH (Pantoea_agglomerans_Pa21-13_4)	COMPLETED	0	2026-08-30 20:50:16.405	2026-08-30 20:50:16.503	2026-08-30 20:50:37.727	19.4s	2	6 GB	807.5 MB	7.8 GB	129.8%	1.3%	837.5 MB	57.5 MB
1362	88/4917c7	BGC_ANALYSIS:ANTISMASH_ANALYSIS:ANTISMASH (Pantoea_agglomerans_Pa21-17)	COMPLETED	0	2026-08-30 20:50:15.920	2026-08-30 20:50:16.016	2026-08-30 20:50:40.179	22.3s	2	6 GB	808.8 MB	7.8 GB	125.2%	1.3%	987.8 MB	63.2 MB
1365	ae/4cb262	BGC_ANALYSIS:ANTISMASH_ANALYSIS:ANTISMASH (Pantoea_agglomerans_Pa21-20)	COMPLETED	0	2026-08-30 20:50:19.189	2026-08-30 20:50:19.290	2026-08-30 20:50:41.515	20.4s	2	6 GB	812.3 MB	7.8 GB	128.8%	1.3%	875.7 MB	59.8 MB
1368	e3/4e1857	BGC_ANALYSIS:ANTISMASH_ANALYSIS:ANTISMASH (Pantoea_agglomerans_Pa21-3_2)	COMPLETED	0	2026-08-30 20:50:17.123	2026-08-30 20:50:17.221	2026-08-30 20:50:42.021	22.9s	2	6 GB	848.9 MB	7.9 GB	122.3%	1.4%	1 GB	66.7 MB
1374	8f/db30a2	BGC_ANALYSIS:ANTISMASH_ANALYSIS:ANTISMASH (Pantoea_agglomerans_Pa39-11)	COMPLETED	0	2026-08-30 20:50:29.023	2026-08-30 20:50:29.121	2026-08-30 20:50:50.812	19.6s	2	6 GB	798.3 MB	7.8 GB	126.5%	1.4%	848.7 MB	58.7 MB
1372	df/bf5ebe	BGC_ANALYSIS:ANTISMASH_ANALYSIS:ANTISMASH (Pantoea_agglomerans_Pa31-7)	COMPLETED	0	2026-08-30 20:50:21.233	2026-08-30 20:50:21.331	2026-08-30 20:50:52.017	28.8s	2	6 GB	811 MB	7.8 GB	117.9%	1.3%	1.4 GB	76.6 MB
1370	7e/bf0c12	BGC_ANALYSIS:ANTISMASH_ANALYSIS:ANTISMASH (Pantoea_agglomerans_Pa31-3_2)	COMPLETED	0	2026-08-30 20:50:27.451	2026-08-30 20:50:27.547	2026-08-30 20:50:52.658	23s	2	6 GB	808.7 MB	7.8 GB	119.6%	1.3%	1.1 GB	67.2 MB
1375	04/9d1289	BGC_ANALYSIS:ANTISMASH_ANALYSIS:ANTISMASH (Pantoea_agglomerans_Pa39-11_2)	COMPLETED	0	2026-08-30 20:50:37.730	2026-08-30 20:50:37.827	2026-08-30 20:50:59.556	19.8s	2	6 GB	804.3 MB	7.8 GB	127.6%	1.3%	848.6 MB	58.7 MB
1377	86/bdee0b	BGC_ANALYSIS:ANTISMASH_ANALYSIS:ANTISMASH (Pantoea_agglomerans_Pa39-11_4)	COMPLETED	0	2026-08-30 20:50:41.518	2026-08-30 20:50:41.615	2026-08-30 20:51:03.386	19.9s	2	6 GB	797.8 MB	7.8 GB	126.1%	1.4%	848.8 MB	58.7 MB
1376	04/f73efe	BGC_ANALYSIS:ANTISMASH_ANALYSIS:ANTISMASH (Pantoea_agglomerans_Pa39-11_3)	COMPLETED	0	2026-08-30 20:50:42.025	2026-08-30 20:50:42.122	2026-08-30 20:51:03.817	19.8s	2	6 GB	811.8 MB	7.8 GB	128.1%	1.3%	869.4 MB	59.2 MB
1387	3e/cff921	BGC_ANALYSIS:ANTISMASH_ANALYSIS:ANTISMASH (Pantoea_agglomerans_Pa39-1_2)	COMPLETED	0	2026-08-30 20:50:40.183	2026-08-30 20:50:40.280	2026-08-30 20:51:04.576	22.3s	2	6 GB	812.7 MB	7.8 GB	124.9%	1.4%	998.3 MB	64.3 MB
1388	84/fd3086	BGC_ANALYSIS:ANTISMASH_ANALYSIS:ANTISMASH (Pantoea_agglomerans_Pa39-1_3)	COMPLETED	0	2026-08-30 20:50:52.020	2026-08-30 20:50:52.117	2026-08-30 20:51:15.394	21.2s	2	6 GB	787.7 MB	7.8 GB	122.4%	1.3%	913.9 MB	62 MB
1394	b1/d872dc	BGC_ANALYSIS:ANTISMASH_ANALYSIS:ANTISMASH (Pantoea_agglomerans_Pa39-22)	COMPLETED	0	2026-08-30 20:50:52.661	2026-08-30 20:50:52.758	2026-08-30 20:51:19.855	25.1s	2	6 GB	803.3 MB	7.8 GB	118.8%	1.3%	1.2 GB	69.5 MB
1393	f2/1e83d3	BGC_ANALYSIS:ANTISMASH_ANALYSIS:ANTISMASH (Pantoea_agglomerans_Pa39-21_2)	COMPLETED	0	2026-08-30 20:50:59.560	2026-08-30 20:50:59.656	2026-08-30 20:51:22.810	21.2s	2	6 GB	770.8 MB	7.8 GB	121.5%	1.3%	946 MB	63.6 MB
1378	55/df656e	BGC_ANALYSIS:ANTISMASH_ANALYSIS:ANTISMASH (Pantoea_agglomerans_Pa39-11_5)	COMPLETED	0	2026-08-30 20:51:03.389	2026-08-30 20:51:03.487	2026-08-30 20:51:25.496	20s	2	6 GB	801.2 MB	7.8 GB	129.2%	1.3%	869.5 MB	59.2 MB
1389	3c/b3aab6	BGC_ANALYSIS:ANTISMASH_ANALYSIS:ANTISMASH (Pantoea_agglomerans_Pa39-1_4)	COMPLETED	0	2026-08-30 20:51:04.580	2026-08-30 20:51:04.676	2026-08-30 20:51:27.747	21s	2	6 GB	798.8 MB	7.8 GB	124.4%	1.3%	913.8 MB	62 MB
1379	fd/9b0901	BGC_ANALYSIS:ANTISMASH_ANALYSIS:ANTISMASH (Pantoea_agglomerans_Pa39-13)	COMPLETED	0	2026-08-30 20:51:03.821	2026-08-30 20:51:03.917	2026-08-30 20:51:31.093	25.2s	2	6 GB	763.9 MB	7.8 GB	122.6%	1.3%	1.2 GB	69.2 MB
1396	50/8ed0d4	BGC_ANALYSIS:ANTISMASH_ANALYSIS:ANTISMASH (Pantoea_agglomerans_Pa39-25)	COMPLETED	0	2026-08-30 20:51:15.398	2026-08-30 20:51:15.494	2026-08-30 20:51:38.653	21.1s	2	6 GB	817.8 MB	7.8 GB	121.3%	1.3%	948.6 MB	63.8 MB
1381	d3/d4d0fb	BGC_ANALYSIS:ANTISMASH_ANALYSIS:ANTISMASH (Pantoea_agglomerans_Pa39-14_3)	COMPLETED	0	2026-08-30 20:50:50.815	2026-08-30 20:50:50.912	2026-08-30 20:51:44.768	51.9s	2	6 GB	879 MB	7.9 GB	112.8%	1.5%	2.8 GB	116.1 MB
1380	e8/4d9099	BGC_ANALYSIS:ANTISMASH_ANALYSIS:ANTISMASH (Pantoea_agglomerans_Pa39-14_2)	COMPLETED	0	2026-08-30 20:51:19.859	2026-08-30 20:51:19.955	2026-08-30 20:51:46.622	24.7s	2	6 GB	838 MB	7.9 GB	119.3%	1.3%	1.2 GB	70.2 MB
1398	4b/134203	BGC_ANALYSIS:ANTISMASH_ANALYSIS:ANTISMASH (Pantoea_agglomerans_Pa39-26)	COMPLETED	0	2026-08-30 20:51:22.813	2026-08-30 20:51:22.911	2026-08-30 20:51:46.643	21.9s	2	6 GB	774 MB	7.8 GB	121.9%	1.3%	1023 MB	64.9 MB
1382	fc/218016	BGC_ANALYSIS:ANTISMASH_ANALYSIS:ANTISMASH (Pantoea_agglomerans_Pa39-15)	COMPLETED	0	2026-08-30 20:51:25.500	2026-08-30 20:51:25.596	2026-08-30 20:51:51.572	24.2s	2	6 GB	807.4 MB	7.8 GB	122.9%	1.4%	1.1 GB	67.1 MB
1404	5a/4dcfef	BGC_ANALYSIS:ANTISMASH_ANALYSIS:ANTISMASH (Pantoea_agglomerans_Pa39-H1)	COMPLETED	0	2026-08-30 20:51:31.096	2026-08-30 20:51:31.193	2026-08-30 20:51:52.788	19.6s	2	6 GB	801.4 MB	7.8 GB	127.7%	1.4%	848.7 MB	58.7 MB
1386	a9/288b78	BGC_ANALYSIS:ANTISMASH_ANALYSIS:ANTISMASH (Pantoea_agglomerans_Pa39-18)	COMPLETED	0	2026-08-30 20:51:27.751	2026-08-30 20:51:27.847	2026-08-30 20:51:56.049	26.3s	2	6 GB	823.3 MB	7.8 GB	118.8%	1.3%	1.2 GB	73.9 MB
1390	98/f9ef25	BGC_ANALYSIS:ANTISMASH_ANALYSIS:ANTISMASH (Pantoea_agglomerans_Pa39-2)	COMPLETED	0	2026-08-30 20:51:38.657	2026-08-30 20:51:38.753	2026-08-30 20:52:00.928	20.1s	2	6 GB	776.2 MB	7.8 GB	124.7%	1.3%	868.1 MB	60.7 MB
1391	a8/529666	BGC_ANALYSIS:ANTISMASH_ANALYSIS:ANTISMASH (Pantoea_agglomerans_Pa39-20)	COMPLETED	0	2026-08-30 20:51:46.624	2026-08-30 20:51:46.644	2026-08-30 20:52:09.117	20.6s	2	6 GB	817.4 MB	7.8 GB	126.7%	1.3%	893.5 MB	61.5 MB
1403	bd/ad00fc	BGC_ANALYSIS:ANTISMASH_ANALYSIS:ANTISMASH (Pantoea_agglomerans_Pa39-8_2)	COMPLETED	0	2026-08-30 20:51:44.771	2026-08-30 20:51:44.868	2026-08-30 20:52:10.585	23.7s	2	6 GB	814.7 MB	7.8 GB	120.8%	1.3%	1.1 GB	68.2 MB
1383	15/472a93	BGC_ANALYSIS:ANTISMASH_ANALYSIS:ANTISMASH (Pantoea_agglomerans_Pa39-15_2)	COMPLETED	0	2026-08-30 20:51:46.647	2026-08-30 20:51:46.743	2026-08-30 20:52:12.571	23.9s	2	6 GB	745.4 MB	7.8 GB	120.6%	1.3%	1.1 GB	67.5 MB
1408	c0/33f17d	BGC_ANALYSIS:ANTISMASH_ANALYSIS:ANTISMASH (Pantoea_agglomerans_Pa45-2_2)	COMPLETED	0	2026-08-30 20:51:52.791	2026-08-30 20:51:52.888	2026-08-30 20:52:15.984	21.2s	2	6 GB	784.2 MB	7.8 GB	125.4%	1.3%	912.2 MB	61.7 MB
1411	ee/0ccc4b	BGC_ANALYSIS:ANTISMASH_ANALYSIS:ANTISMASH (Pantoea_agglomerans_Pa47-2)	COMPLETED	0	2026-08-30 20:51:51.576	2026-08-30 20:51:51.672	2026-08-30 20:52:16.490	22.9s	2	6 GB	795.5 MB	7.8 GB	123.9%	1.4%	1 GB	64.8 MB
1395	24/b82478	BGC_ANALYSIS:ANTISMASH_ANALYSIS:ANTISMASH (Pantoea_agglomerans_Pa39-23_2)	COMPLETED	0	2026-08-30 20:51:56.052	2026-08-30 20:51:56.149	2026-08-30 20:52:20.015	21.9s	2	6 GB	813.1 MB	7.8 GB	119.6%	1.3%	995.9 MB	65.3 MB
1384	91/58156f	BGC_ANALYSIS:ANTISMASH_ANALYSIS:ANTISMASH (Pantoea_agglomerans_Pa39-16)	COMPLETED	0	2026-08-30 20:52:00.932	2026-08-30 20:52:01.028	2026-08-30 20:52:28.394	25.2s	2	6 GB	816.4 MB	7.8 GB	116.5%	1.3%	1.2 GB	71 MB
1409	8a/4200ba	BGC_ANALYSIS:ANTISMASH_ANALYSIS:ANTISMASH (Pantoea_agglomerans_Pa46-1)	COMPLETED	0	2026-08-30 20:52:09.121	2026-08-30 20:52:09.217	2026-08-30 20:52:32.907	21.7s	2	6 GB	837.4 MB	7.9 GB	120.4%	1.3%	979 MB	65 MB
1410	09/96498f	BGC_ANALYSIS:ANTISMASH_ANALYSIS:ANTISMASH (Pantoea_agglomerans_Pa47-1)	COMPLETED	0	2026-08-30 20:52:10.588	2026-08-30 20:52:10.685	2026-08-30 20:52:33.824	21.3s	2	6 GB	812 MB	7.8 GB	127.2%	1.3%	964.6 MB	62.3 MB
1385	2d/1cfc54	BGC_ANALYSIS:ANTISMASH_ANALYSIS:ANTISMASH (Pantoea_agglomerans_Pa39-17)	COMPLETED	0	2026-08-30 20:52:12.575	2026-08-30 20:52:12.671	2026-08-30 20:52:35.439	20.9s	2	6 GB	829.5 MB	7.8 GB	124.6%	1.3%	937.3 MB	64.2 MB
1392	33/847bba	BGC_ANALYSIS:ANTISMASH_ANALYSIS:ANTISMASH (Pantoea_agglomerans_Pa39-20_2)	COMPLETED	0	2026-08-30 20:52:15.987	2026-08-30 20:52:16.084	2026-08-30 20:52:38.194	20.3s	2	6 GB	787.5 MB	7.8 GB	129.9%	1.3%	893.5 MB	61.5 MB
1412	79/f90bec	BGC_ANALYSIS:ANTISMASH_ANALYSIS:ANTISMASH (Pantoea_agglomerans_Pa54-1)	COMPLETED	0	2026-08-30 20:52:16.492	2026-08-30 20:52:16.590	2026-08-30 20:52:40.298	21.8s	2	6 GB	784.5 MB	7.8 GB	124.0%	1.3%	950.6 MB	62.8 MB
1416	bb/87fc0d	BGC_ANALYSIS:ANTISMASH_ANALYSIS:ANTISMASH (Pantoea_agglomerans_Pa54-4)	COMPLETED	0	2026-08-30 20:52:20.018	2026-08-30 20:52:20.115	2026-08-30 20:52:43.525	21.5s	2	6 GB	807.5 MB	7.8 GB	125.9%	1.4%	970.8 MB	63.2 MB
1417	6d/1bda6b	BGC_ANALYSIS:ANTISMASH_ANALYSIS:ANTISMASH (Pantoea_agglomerans_Pa54-5)	COMPLETED	0	2026-08-30 20:52:28.398	2026-08-30 20:52:28.494	2026-08-30 20:52:52.588	22s	2	6 GB	789 MB	7.8 GB	121.8%	1.3%	951 MB	62.9 MB
1397	e3/d0db6f	BGC_ANALYSIS:ANTISMASH_ANALYSIS:ANTISMASH (Pantoea_agglomerans_Pa39-26-1)	COMPLETED	0	2026-08-30 20:52:32.910	2026-08-30 20:52:33.008	2026-08-30 20:52:57.000	22.2s	2	6 GB	797.3 MB	7.8 GB	120.2%	1.4%	1023.1 MB	64.9 MB
1399	50/f42bb1	BGC_ANALYSIS:ANTISMASH_ANALYSIS:ANTISMASH (Pantoea_agglomerans_Pa39-27_2)	COMPLETED	0	2026-08-30 20:52:35.443	2026-08-30 20:52:35.540	2026-08-30 20:52:58.211	20.9s	2	6 GB	770.6 MB	7.8 GB	123.3%	1.3%	923.1 MB	62.7 MB
1422	a4/98bab2	BGC_ANALYSIS:ANTISMASH_ANALYSIS:ANTISMASH (Pantoea_agglomerans_Pa9-1_2)	COMPLETED	0	2026-08-30 20:52:38.197	2026-08-30 20:52:38.294	2026-08-30 20:53:00.511	20.4s	2	6 GB	779.1 MB	7.8 GB	124.8%	1.3%	859.8 MB	59.8 MB
1400	d3/ba9fbf	BGC_ANALYSIS:ANTISMASH_ANALYSIS:ANTISMASH (Pantoea_agglomerans_Pa39-29)	COMPLETED	0	2026-08-30 20:52:33.827	2026-08-30 20:52:33.924	2026-08-30 20:53:01.253	25.5s	2	6 GB	844.8 MB	7.9 GB	119.1%	1.4%	1.2 GB	72.2 MB
1423	89/081136	BGC_ANALYSIS:ANTISMASH_ANALYSIS:ANTISMASH (Pantoea_agglomerans_PaEhEh)	COMPLETED	0	2026-08-30 20:52:40.302	2026-08-30 20:52:40.398	2026-08-30 20:53:03.590	21.3s	2	6 GB	807.3 MB	7.8 GB	122.2%	1.3%	954.5 MB	62.9 MB
1401	f4/d43812	BGC_ANALYSIS:ANTISMASH_ANALYSIS:ANTISMASH (Pantoea_agglomerans_Pa39-3_2)	COMPLETED	0	2026-08-30 20:52:43.528	2026-08-30 20:52:43.625	2026-08-30 20:53:09.549	23.9s	2	6 GB	807.7 MB	7.8 GB	119.0%	1.3%	1.1 GB	67.8 MB
1402	c2/d3a93a	BGC_ANALYSIS:ANTISMASH_ANALYSIS:ANTISMASH (Pantoea_agglomerans_Pa39-8)	COMPLETED	0	2026-08-30 20:52:52.592	2026-08-30 20:52:52.688	2026-08-30 20:53:19.112	24.5s	2	6 GB	805.8 MB	7.8 GB	120.9%	1.4%	1.1 GB	68.2 MB
1425	d8/4e69cb	BGC_ANALYSIS:ANTISMASH_ANALYSIS:ANTISMASH (Pantoea_agglomerans_PaJII2)	COMPLETED	0	2026-08-30 20:52:58.214	2026-08-30 20:52:58.311	2026-08-30 20:53:22.002	21.9s	2	6 GB	810.9 MB	7.8 GB	125.3%	1.4%	977.5 MB	63.8 MB
1429	79/7e99be	BGC_ANALYSIS:ANTISMASH_ANALYSIS:ANTISMASH (Pantoea_sp._BRR-3P_BRR-3P)	COMPLETED	0	2026-08-30 20:53:01.257	2026-08-30 20:53:01.353	2026-08-30 20:53:24.497	21.4s	2	6 GB	793.2 MB	7.8 GB	124.2%	1.3%	930.6 MB	64.1 MB
1426	a1/d5820e	BGC_ANALYSIS:ANTISMASH_ANALYSIS:ANTISMASH (Pantoea_ananatis_SMAGNO70)	COMPLETED	0	2026-08-30 20:52:57.003	2026-08-30 20:52:57.101	2026-08-30 20:53:25.984	27.1s	2	6 GB	500.5 MB	7.8 GB	101.7%	0.7%	1.1 GB	50 MB
1405	a5/572c7a	BGC_ANALYSIS:ANTISMASH_ANALYSIS:ANTISMASH (Pantoea_agglomerans_Pa39-WII2)	COMPLETED	0	2026-08-30 20:53:03.593	2026-08-30 20:53:03.690	2026-08-30 20:53:26.571	21s	2	6 GB	784.3 MB	7.8 GB	126.4%	1.3%	902.5 MB	62.2 MB
1406	12/997fc9	BGC_ANALYSIS:ANTISMASH_ANALYSIS:ANTISMASH (Pantoea_agglomerans_Pa45-1)	COMPLETED	0	2026-08-30 20:53:00.514	2026-08-30 20:53:00.612	2026-08-30 20:53:29.561	27.2s	2	6 GB	829.6 MB	7.8 GB	120.4%	1.4%	1.2 GB	74.3 MB
1407	b3/1c595d	BGC_ANALYSIS:ANTISMASH_ANALYSIS:ANTISMASH (Pantoea_agglomerans_Pa45-2)	COMPLETED	0	2026-08-30 20:53:09.552	2026-08-30 20:53:09.649	2026-08-30 20:53:33.386	21.7s	2	6 GB	817.7 MB	7.8 GB	122.4%	1.3%	912.4 MB	61.7 MB
1437	0c/758eac	BGC_ANALYSIS:ANTISMASH_ANALYSIS:ANTISMASH (Buchnera_aphidicola_Aphis_glycines_BAg)	COMPLETED	0	2026-08-30 20:53:25.986	2026-08-30 20:53:26.083	2026-08-30 20:53:34.205	6.2s	2	6 GB	215.8 MB	2.7 GB	102.5%	0.3%	286.5 MB	9.3 MB
1414	a0/2136b9	BGC_ANALYSIS:ANTISMASH_ANALYSIS:ANTISMASH (Pantoea_agglomerans_Pa54-3)	COMPLETED	0	2026-08-30 20:53:26.575	2026-08-30 20:53:26.671	2026-08-30 20:53:50.921	22.3s	2	6 GB	792.2 MB	7.8 GB	124.9%	1.4%	992.4 MB	63.8 MB
1415	bf/349ec0	BGC_ANALYSIS:ANTISMASH_ANALYSIS:ANTISMASH (Pantoea_agglomerans_Pa54-31)	COMPLETED	0	2026-08-30 20:53:29.564	2026-08-30 20:53:29.662	2026-08-30 20:53:53.051	21.4s	2	6 GB	803.9 MB	7.8 GB	128.0%	1.4%	924.2 MB	61.8 MB
1433	d2/37f40c	BGC_ANALYSIS:ANTISMASH_ANALYSIS:ANTISMASH (Pantoea_vagans_Pv39H-1)	COMPLETED	0	2026-08-30 20:53:24.499	2026-08-30 20:53:24.596	2026-08-30 20:53:54.868	28.4s	2	6 GB	735.7 MB	7.8 GB	106.7%	1.2%	1.2 GB	71.6 MB
1413	73/75198d	BGC_ANALYSIS:ANTISMASH_ANALYSIS:ANTISMASH (Pantoea_agglomerans_Pa54-2)	COMPLETED	0	2026-08-30 20:53:34.210	2026-08-30 20:53:34.305	2026-08-30 20:53:57.007	20.7s	2	6 GB	815.4 MB	7.8 GB	130.4%	1.3%	930.1 MB	62.3 MB
1418	8c/b02c78	BGC_ANALYSIS:ANTISMASH_ANALYSIS:ANTISMASH (Pantoea_agglomerans_Pa54-6)	COMPLETED	0	2026-08-30 20:53:33.389	2026-08-30 20:53:33.486	2026-08-30 20:53:57.317	21.9s	2	6 GB	775 MB	7.8 GB	123.7%	1.3%	1013.8 MB	64.4 MB
1439	16/25bfa9	BGC_ANALYSIS:ANTISMASH_ANALYSIS:ANTISMASH (Buchnera_aphidicola_Myzus_persicae_G006)	COMPLETED	0	2026-08-30 20:53:50.925	2026-08-30 20:53:51.021	2026-08-30 20:53:58.148	5.3s	2	6 GB	196.1 MB	2.7 GB	111.4%	0.3%	266.3 MB	7 MB
1442	69/e1e1dc	BGC_ANALYSIS:ANTISMASH_ANALYSIS:ANTISMASH (Candidatus_Pantoea_carbekii_US)	COMPLETED	0	2026-08-30 20:53:54.871	2026-08-30 20:53:54.968	2026-08-30 20:54:04.282	7.6s	2	6 GB	222.1 MB	2.7 GB	105.7%	0.3%	367.1 MB	13.8 MB
1421	97/17fa5d	BGC_ANALYSIS:ANTISMASH_ANALYSIS:ANTISMASH (Pantoea_agglomerans_Pa9-1)	COMPLETED	0	2026-08-30 20:53:53.055	2026-08-30 20:53:53.151	2026-08-30 20:54:15.001	20.1s	2	6 GB	808.1 MB	7.8 GB	129.1%	1.3%	859.4 MB	59.7 MB
1444	ad/9c5aa4	BGC_ANALYSIS:ANTISMASH_ANALYSIS:ANTISMASH (Duffyella_gerundensis_GCA_001517405.1)	COMPLETED	0	2026-08-30 20:53:57.320	2026-08-30 20:53:57.417	2026-08-30 20:54:16.795	17.7s	2	6 GB	737.8 MB	7.8 GB	133.2%	1.3%	783.1 MB	50.3 MB
1419	71/ae4e18	BGC_ANALYSIS:ANTISMASH_ANALYSIS:ANTISMASH (Pantoea_agglomerans_Pa54-7)	COMPLETED	0	2026-08-30 20:53:57.010	2026-08-30 20:53:57.107	2026-08-30 20:54:20.982	22.2s	2	6 GB	770.4 MB	7.8 GB	125.0%	1.3%	1 GB	64.8 MB
1430	1f/1f2bcd	BGC_ANALYSIS:ANTISMASH_ANALYSIS:ANTISMASH (Pantoea_sp._SMAGNO104)	COMPLETED	0	2026-08-30 20:53:19.115	2026-08-30 20:53:19.212	2026-08-30 20:54:23.412	1m 2s	2	6 GB	490.2 MB	7.7 GB	104.8%	0.7%	3 GB	98.9 MB
1424	16/de0b8d	BGC_ANALYSIS:ANTISMASH_ANALYSIS:ANTISMASH (Pantoea_agglomerans_PaHJ)	COMPLETED	0	2026-08-30 20:54:04.286	2026-08-30 20:54:04.383	2026-08-30 20:54:28.154	21.7s	2	6 GB	811.3 MB	7.8 GB	121.7%	1.3%	994.6 MB	65.2 MB
1445	19/ccaa0d	BGC_ANALYSIS:ANTISMASH_ANALYSIS:ANTISMASH (Erwinia_billingiae_OSU19-1)	COMPLETED	0	2026-08-30 20:53:58.150	2026-08-30 20:53:58.248	2026-08-30 20:54:35.610	35.6s	2	6 GB	520.8 MB	7.8 GB	100.4%	0.8%	1.4 GB	64.3 MB
1449	9f/c3e764	BGC_ANALYSIS:ANTISMASH_ANALYSIS:ANTISMASH (Erwinia_tracheiphila_BuffGH)	COMPLETED	0	2026-08-30 20:54:16.798	2026-08-30 20:54:16.895	2026-08-30 20:54:36.607	17.8s	2	6 GB	794.7 MB	7.8 GB	123.6%	1.4%	807 MB	57.2 MB
1428	5e/02b643	BGC_ANALYSIS:ANTISMASH_ANALYSIS:ANTISMASH (Pantoea_eucalypti_Pe21-11)	COMPLETED	0	2026-08-30 20:54:23.415	2026-08-30 20:54:23.512	2026-08-30 20:54:43.934	18.6s	2	6 GB	803.6 MB	7.8 GB	131.0%	1.3%	835.5 MB	57.6 MB
1420	cc/21fc5c	BGC_ANALYSIS:ANTISMASH_ANALYSIS:ANTISMASH (Pantoea_agglomerans_Pa54-8)	COMPLETED	0	2026-08-30 20:54:20.985	2026-08-30 20:54:21.082	2026-08-30 20:54:44.808	21.8s	2	6 GB	786.8 MB	7.8 GB	124.3%	1.4%	1 GB	64.9 MB
1427	a7/65927f	BGC_ANALYSIS:ANTISMASH_ANALYSIS:ANTISMASH (Pantoea_dispersa_SMAGNO54)	COMPLETED	0	2026-08-30 20:54:35.613	2026-08-30 20:54:35.711	2026-08-30 20:55:02.811	25.1s	2	6 GB	538.8 MB	7.8 GB	113.8%	0.8%	1 GB	48.6 MB
1434	de/a6c07e	BGC_ANALYSIS:ANTISMASH_ANALYSIS:ANTISMASH (Pantoea_vagans_Pv39H-3)	COMPLETED	0	2026-08-30 20:54:44.811	2026-08-30 20:54:44.908	2026-08-30 20:55:14.053	27.2s	2	6 GB	760.1 MB	7.8 GB	108.8%	1.3%	1.2 GB	70.7 MB
1455	ba/6ea24d	BGC_ANALYSIS:ANTISMASH_ANALYSIS:ANTISMASH (Pantoea_agglomerans_JM1)	COMPLETED	0	2026-08-30 20:54:43.937	2026-08-30 20:54:44.035	2026-08-30 20:55:16.234	30.2s	2	6 GB	767.7 MB	7.8 GB	98.5%	1.3%	1.3 GB	68.4 MB
1447	8e/bf362b	BGC_ANALYSIS:ANTISMASH_ANALYSIS:ANTISMASH (Erwinia_piriflorinigrans_CFBP_5888)	COMPLETED	0	2026-08-30 20:54:15.005	2026-08-30 20:54:15.101	2026-08-30 20:55:18.052	1m 1s	2	6 GB	4.8 GB	7.7 GB	115.6%	4.1%	16.7 GB	56 MB
1431	1a/bd3bd5	BGC_ANALYSIS:ANTISMASH_ANALYSIS:ANTISMASH (Pantoea_sp._SMAGNO161)	COMPLETED	0	2026-08-30 20:54:36.611	2026-08-30 20:54:36.707	2026-08-30 20:55:19.104	40.4s	2	6 GB	471.5 MB	7.8 GB	104.8%	0.7%	2 GB	68.4 MB
1436	8b/87fda4	BGC_ANALYSIS:ANTISMASH_ANALYSIS:ANTISMASH (Tatumella_terrea_JCM_8887)	COMPLETED	0	2026-08-30 20:55:02.815	2026-08-30 20:55:02.912	2026-08-30 20:55:28.905	24s	2	6 GB	596 MB	7.7 GB	97.5%	1.0%	1.1 GB	54 MB
1438	5c/de97a4	BGC_ANALYSIS:ANTISMASH_ANALYSIS:ANTISMASH (Buchnera_aphidicola_Diuraphis_noxia_GCA_001700895.1)	COMPLETED	0	2026-08-30 20:55:28.908	2026-08-30 20:55:29.006	2026-08-30 20:55:36.435	5.4s	2	6 GB	207.9 MB	2.7 GB	111.8%	0.3%	242.8 MB	5.5 MB
1454	65/e35178	BGC_ANALYSIS:ANTISMASH_ANALYSIS:ANTISMASH (Pantoea_agglomerans_C410P1)	COMPLETED	0	2026-08-30 20:55:16.236	2026-08-30 20:55:16.333	2026-08-30 20:55:38.442	20.3s	2	6 GB	799.8 MB	7.8 GB	129.1%	1.4%	866.7 MB	59.4 MB
1457	08/92a6ad	BGC_ANALYSIS:ANTISMASH_ANALYSIS:ANTISMASH (Pantoea_agglomerans_P10c)	COMPLETED	0	2026-08-30 20:55:18.056	2026-08-30 20:55:18.152	2026-08-30 20:55:47.516	27.4s	2	6 GB	690.2 MB	7.7 GB	95.8%	1.2%	1.1 GB	61.5 MB
1435	d0/52d277	BGC_ANALYSIS:ANTISMASH_ANALYSIS:ANTISMASH (Tatumella_punctata_JCM_8885)	COMPLETED	0	2026-08-30 20:55:14.056	2026-08-30 20:55:14.153	2026-08-30 20:55:52.368	36.4s	2	6 GB	571.3 MB	7.7 GB	98.5%	1.0%	1.9 GB	71.8 MB
1440	c3/269341	BGC_ANALYSIS:ANTISMASH_ANALYSIS:ANTISMASH (Buchnera_aphidicola_Schlechtendalia_chinensis_SC)	COMPLETED	0	2026-08-30 20:55:47.520	2026-08-30 20:55:47.617	2026-08-30 20:55:54.387	4.9s	2	6 GB	203.9 MB	2.7 GB	112.7%	0.3%	233.7 MB	5.1 MB
1465	7d/7e59ce	BGC_ANALYSIS:ANTISMASH_ANALYSIS:ANTISMASH (Pantoea_ananatis_1.38)	COMPLETED	0	2026-08-30 20:55:38.445	2026-08-30 20:55:38.542	2026-08-30 20:56:08.479	28.2s	2	6 GB	481.6 MB	7.8 GB	104.4%	0.7%	1.2 GB	53.4 MB
1467	c2/a2e2c5	BGC_ANALYSIS:ANTISMASH_ANALYSIS:ANTISMASH (Pantoea_ananatis_CFH_7-1)	COMPLETED	0	2026-08-30 20:55:52.372	2026-08-30 20:55:52.468	2026-08-30 20:56:12.565	18.3s	2	6 GB	759.3 MB	7.8 GB	121.9%	1.3%	816.3 MB	54.2 MB
1432	f5/ed4611	BGC_ANALYSIS:ANTISMASH_ANALYSIS:ANTISMASH (Pantoea_stewartii_SMAGNO119)	COMPLETED	0	2026-08-30 20:53:22.006	2026-08-30 20:53:22.102	2026-08-30 20:56:18.313	2m 54s	2	6 GB	489.7 MB	7.6 GB	113.0%	0.7%	9.7 GB	254.9 MB
1448	b3/756acb	BGC_ANALYSIS:ANTISMASH_ANALYSIS:ANTISMASH (Erwinia_sp._Leaf53)	COMPLETED	0	2026-08-30 20:55:54.390	2026-08-30 20:55:54.487	2026-08-30 20:56:27.163	30.8s	2	6 GB	707.3 MB	7.8 GB	95.6%	1.3%	1.3 GB	71 MB
1453	e7/c3769b	BGC_ANALYSIS:ANTISMASH_ANALYSIS:ANTISMASH (Pantoea_agglomerans_3)	COMPLETED	0	2026-08-30 20:56:27.166	2026-08-30 20:56:27.263	2026-08-30 20:56:48.123	19s	2	6 GB	798.6 MB	7.8 GB	132.4%	1.3%	846.5 MB	57 MB
1468	1e/b44fd6	BGC_ANALYSIS:ANTISMASH_ANALYSIS:ANTISMASH (Pantoea_ananatis_NS296)	COMPLETED	0	2026-08-30 20:56:12.569	2026-08-30 20:56:12.666	2026-08-30 20:56:48.719	34.2s	2	6 GB	672.7 MB	7.7 GB	95.6%	1.2%	1.7 GB	77.3 MB
1446	4a/f0b028	BGC_ANALYSIS:ANTISMASH_ANALYSIS:ANTISMASH (Erwinia_persicina_NBRC_102418)	COMPLETED	0	2026-08-30 20:56:08.481	2026-08-30 20:56:08.579	2026-08-30 20:56:52.465	42.1s	2	6 GB	495 MB	7.8 GB	105.8%	0.7%	2 GB	73.1 MB
1443	75/78ea6c	BGC_ANALYSIS:ANTISMASH_ANALYSIS:ANTISMASH (Candidatus_Pantoea_superficialis_UBA648)	COMPLETED	0	2026-08-30 20:55:36.438	2026-08-30 20:55:36.536	2026-08-30 20:56:58.029	1m 20s	2	6 GB	503.6 MB	7.7 GB	111.3%	0.8%	4.5 GB	128.4 MB
1452	0d/131742	BGC_ANALYSIS:ANTISMASH_ANALYSIS:ANTISMASH (Mixta_gaviniae_LMG_25382)	COMPLETED	0	2026-08-30 20:54:28.157	2026-08-30 20:54:28.254	2026-08-30 20:57:20.280	2m 50s	2	6 GB	748.6 MB	7.8 GB	104.1%	1.3%	11 GB	304.9 MB
1472	bc/8b9461	BGC_ANALYSIS:ANTISMASH_ANALYSIS:ANTISMASH (Pantoea_ananatis_RSA47)	COMPLETED	0	2026-08-30 20:56:52.468	2026-08-30 20:56:52.565	2026-08-30 20:57:26.777	32.4s	2	6 GB	671.8 MB	7.7 GB	97.5%	1.2%	1.6 GB	74.8 MB
1450	f8/ebdd07	BGC_ANALYSIS:ANTISMASH_ANALYSIS:ANTISMASH (Izhakiella_australiensis_D4N98)	COMPLETED	0	2026-08-30 20:56:48.722	2026-08-30 20:56:48.819	2026-08-30 20:57:30.603	40s	2	6 GB	714.4 MB	7.8 GB	96.9%	1.3%	1.9 GB	86.4 MB
1471	b0/7ddbdf	BGC_ANALYSIS:ANTISMASH_ANALYSIS:ANTISMASH (Pantoea_ananatis_R100)	COMPLETED	0	2026-08-30 20:56:48.127	2026-08-30 20:56:48.223	2026-08-30 20:57:34.121	44.1s	2	6 GB	4.7 GB	7.8 GB	129.3%	3.3%	9.9 GB	56.6 MB
1469	0e/4bf391	BGC_ANALYSIS:ANTISMASH_ANALYSIS:ANTISMASH (Pantoea_ananatis_NS303)	COMPLETED	0	2026-08-30 20:56:58.032	2026-08-30 20:56:58.130	2026-08-30 20:57:38.152	37.9s	2	6 GB	673.2 MB	7.8 GB	96.5%	1.1%	1.9 GB	82.7 MB
1451	b1/8d3c94	BGC_ANALYSIS:ANTISMASH_ANALYSIS:ANTISMASH (Mixta_calida_LMG_25383)	COMPLETED	0	2026-08-30 20:56:18.317	2026-08-30 20:56:18.413	2026-08-30 20:57:46.691	1m 26s	2	6 GB	673.4 MB	7.8 GB	101.7%	1.1%	5.2 GB	159.8 MB
1460	02/736cf0	BGC_ANALYSIS:ANTISMASH_ANALYSIS:ANTISMASH (Pantoea_agglomerans_pv._betae_4188)	COMPLETED	0	2026-08-30 20:57:30.606	2026-08-30 20:57:30.703	2026-08-30 20:57:52.862	20.2s	2	6 GB	824.4 MB	7.8 GB	128.2%	1.4%	877 MB	61.8 MB
1456	9d/aa40b2	BGC_ANALYSIS:ANTISMASH_ANALYSIS:ANTISMASH (Pantoea_agglomerans_NBRC_102470)	COMPLETED	0	2026-08-30 20:57:26.781	2026-08-30 20:57:26.877	2026-08-30 20:57:56.863	28.1s	2	6 GB	492.4 MB	7.8 GB	103.4%	0.7%	1.2 GB	51.2 MB
1459	ab/9cd7ad	BGC_ANALYSIS:ANTISMASH_ANALYSIS:ANTISMASH (Pantoea_agglomerans_UBA1585)	COMPLETED	0	2026-08-30 20:57:20.283	2026-08-30 20:57:20.380	2026-08-30 20:58:06.636	44.4s	2	6 GB	473 MB	7.6 GB	103.4%	0.7%	2.1 GB	74.7 MB
1461	c1/82a9dc	BGC_ANALYSIS:ANTISMASH_ANALYSIS:ANTISMASH (Pantoea_agglomerans_pv._gypsophilae_824-1)	COMPLETED	0	2026-08-30 20:57:46.694	2026-08-30 20:57:46.791	2026-08-30 20:58:08.824	20.1s	2	6 GB	814.6 MB	7.8 GB	127.2%	1.3%	896.9 MB	62.5 MB
1462	ef/a31e2b	BGC_ANALYSIS:ANTISMASH_ANALYSIS:ANTISMASH (Pantoea_alhagi_LTYR-11Z)	COMPLETED	0	2026-08-30 20:57:52.866	2026-08-30 20:57:52.963	2026-08-30 20:58:11.780	16.9s	2	6 GB	791 MB	7.8 GB	131.7%	1.3%	742.1 MB	50.6 MB
1466	12/ea11a0	BGC_ANALYSIS:ANTISMASH_ANALYSIS:ANTISMASH (Pantoea_ananatis_AMG521)	COMPLETED	0	2026-08-30 20:57:34.124	2026-08-30 20:57:34.221	2026-08-30 20:58:14.255	38.2s	2	6 GB	493.7 MB	7.7 GB	106.4%	0.7%	1.8 GB	68.2 MB
1441	09/9c6e4a	BGC_ANALYSIS:ANTISMASH_ANALYSIS:ANTISMASH (Candidatus_Erwinia_dacicola_IL)	COMPLETED	0	2026-08-30 20:55:19.107	2026-08-30 20:55:19.204	2026-08-30 20:58:32.074	3m 11s	2	6 GB	639 MB	7.7 GB	104.7%	1.0%	12.7 GB	331.2 MB
1458	6a/579e03	BGC_ANALYSIS:ANTISMASH_ANALYSIS:ANTISMASH (Pantoea_agglomerans_P5)	COMPLETED	0	2026-08-30 20:57:38.155	2026-08-30 20:57:38.252	2026-08-30 20:58:34.179	54s	2	6 GB	714.8 MB	7.8 GB	97.6%	1.2%	2.8 GB	109.2 MB
1484	22/35ccb8	BGC_ANALYSIS:ANTISMASH_ANALYSIS:ANTISMASH (Pantoea_dispersa_NS215)	COMPLETED	0	2026-08-30 20:58:11.784	2026-08-30 20:58:11.880	2026-08-30 20:58:45.089	31.4s	2	6 GB	720.6 MB	7.8 GB	97.4%	1.3%	1.4 GB	71.8 MB
1479	89/afc140	BGC_ANALYSIS:ANTISMASH_ANALYSIS:ANTISMASH (Pantoea_brenneri_IF5SW-P1)	COMPLETED	0	2026-08-30 20:57:56.867	2026-08-30 20:57:56.963	2026-08-30 20:58:45.529	46.7s	2	6 GB	494.2 MB	7.7 GB	105.8%	0.7%	2.3 GB	80.5 MB
1473	7b/d3df8f	BGC_ANALYSIS:ANTISMASH_ANALYSIS:ANTISMASH (Pantoea_ananatis_S6)	COMPLETED	0	2026-08-30 20:58:14.257	2026-08-30 20:58:14.355	2026-08-30 20:58:56.115	39.8s	2	6 GB	645.7 MB	7.7 GB	97.6%	1.0%	2 GB	82.6 MB
1464	40/eb7033	BGC_ANALYSIS:ANTISMASH_ANALYSIS:ANTISMASH (Pantoea_allii_LMG_24248_2)	COMPLETED	0	2026-08-30 20:58:08.827	2026-08-30 20:58:08.923	2026-08-30 20:59:16.094	1m 5s	2	6 GB	4.8 GB	7.9 GB	109.6%	6.1%	12 GB	86.3 MB
1463	da/d4abdf	BGC_ANALYSIS:ANTISMASH_ANALYSIS:ANTISMASH (Pantoea_allii_LMG_24248)	COMPLETED	0	2026-08-30 20:58:06.640	2026-08-30 20:58:06.736	2026-08-30 20:59:16.407	1m 8s	2	6 GB	4.7 GB	7.8 GB	107.7%	5.3%	11.7 GB	89.6 MB
1475	5b/30c83e	BGC_ANALYSIS:ANTISMASH_ANALYSIS:ANTISMASH (Pantoea_ananatis_S8)	COMPLETED	0	2026-08-30 20:58:45.092	2026-08-30 20:58:45.189	2026-08-30 20:59:25.438	38.4s	2	6 GB	658.5 MB	7.7 GB	97.3%	1.0%	1.9 GB	79.7 MB
1470	df/7bfde4	BGC_ANALYSIS:ANTISMASH_ANALYSIS:ANTISMASH (Pantoea_ananatis_NS311)	COMPLETED	0	2026-08-30 20:58:32.076	2026-08-30 20:58:32.174	2026-08-30 20:59:37.650	1m 4s	2	6 GB	717.9 MB	7.8 GB	99.9%	1.3%	3.6 GB	123.2 MB
1477	e3/af2bb7	BGC_ANALYSIS:ANTISMASH_ANALYSIS:ANTISMASH (Pantoea_ananatis_YJ76)	COMPLETED	0	2026-08-30 20:58:56.118	2026-08-30 20:58:56.215	2026-08-30 20:59:46.071	47.8s	2	6 GB	4.8 GB	7.8 GB	127.2%	8.2%	10.9 GB	61.1 MB
1474	4b/9be93e	BGC_ANALYSIS:ANTISMASH_ANALYSIS:ANTISMASH (Pantoea_ananatis_S7)	COMPLETED	0	2026-08-30 20:58:34.185	2026-08-30 20:58:34.279	2026-08-30 20:59:46.143	1m 10s	2	6 GB	4.7 GB	7.8 GB	107.5%	3.1%	13.1 GB	88.5 MB
1476	bf/a1240b	BGC_ANALYSIS:ANTISMASH_ANALYSIS:ANTISMASH (Pantoea_ananatis_UBA1895)	COMPLETED	0	2026-08-30 20:59:16.098	2026-08-30 20:59:16.194	2026-08-30 20:59:56.591	38.5s	2	6 GB	495.8 MB	7.8 GB	101.2%	0.7%	1.8 GB	67.8 MB
1487	61/cf485c	BGC_ANALYSIS:ANTISMASH_ANALYSIS:ANTISMASH (Pantoea_dispersa_NS389)	COMPLETED	0	2026-08-30 20:59:25.441	2026-08-30 20:59:25.538	2026-08-30 21:00:02.413	35s	2	6 GB	705.3 MB	7.8 GB	94.4%	1.3%	1.6 GB	76.4 MB
1478	bf/d28325	BGC_ANALYSIS:ANTISMASH_ANALYSIS:ANTISMASH (Pantoea_anthophila_11-2)	COMPLETED	0	2026-08-30 20:59:37.653	2026-08-30 20:59:37.751	2026-08-30 21:00:04.008	24.3s	2	6 GB	683.7 MB	7.7 GB	101.8%	1.2%	1 GB	60.3 MB
1482	98/d00925	BGC_ANALYSIS:ANTISMASH_ANALYSIS:ANTISMASH (Pantoea_cypripedii_LMG_2657)	COMPLETED	0	2026-08-30 20:59:46.074	2026-08-30 20:59:46.143	2026-08-30 21:00:11.999	24s	2	6 GB	871.3 MB	7.9 GB	129.6%	1.4%	1 GB	75.8 MB
1485	16/b356fb	BGC_ANALYSIS:ANTISMASH_ANALYSIS:ANTISMASH (Pantoea_dispersa_NS375)	COMPLETED	0	2026-08-30 20:59:46.146	2026-08-30 20:59:46.243	2026-08-30 21:00:20.240	32.2s	2	6 GB	675.9 MB	7.7 GB	95.5%	1.2%	1.4 GB	72.9 MB
1483	db/19c441	BGC_ANALYSIS:ANTISMASH_ANALYSIS:ANTISMASH (Pantoea_deleyi_LMG_24200)	COMPLETED	0	2026-08-30 20:58:45.533	2026-08-30 20:58:45.629	2026-08-30 21:00:35.458	1m 48s	2	6 GB	719.9 MB	7.8 GB	102.0%	1.3%	6.5 GB	196.5 MB
1488	b7/0b4c84	BGC_ANALYSIS:ANTISMASH_ANALYSIS:ANTISMASH (Pantoea_dispersa_RSA31)	COMPLETED	0	2026-08-30 21:00:04.011	2026-08-30 21:00:04.107	2026-08-30 21:00:43.479	37.4s	2	6 GB	709.8 MB	7.8 GB	99.5%	1.3%	1.9 GB	82.4 MB
1481	4f/a5e932	BGC_ANALYSIS:ANTISMASH_ANALYSIS:ANTISMASH (Pantoea_conspicua_LMG_24534)	COMPLETED	0	2026-08-30 20:59:56.593	2026-08-30 20:59:56.691	2026-08-30 21:00:49.985	51.4s	2	6 GB	694.1 MB	7.8 GB	99.6%	1.2%	2.8 GB	102.1 MB
1496	d6/652a5b	BGC_ANALYSIS:ANTISMASH_ANALYSIS:ANTISMASH (Pantoea_latae_AS1)	COMPLETED	0	2026-08-30 21:00:12.002	2026-08-30 21:00:12.099	2026-08-30 21:00:51.642	37.6s	2	6 GB	681.3 MB	7.8 GB	95.8%	1.1%	1.8 GB	82.1 MB
1497	80/94d617	BGC_ANALYSIS:ANTISMASH_ANALYSIS:ANTISMASH (Pantoea_rodasii_LMG_26273)	COMPLETED	0	2026-08-30 21:00:20.244	2026-08-30 21:00:20.340	2026-08-30 21:01:04.091	41.9s	2	6 GB	766.3 MB	7.8 GB	97.4%	1.3%	2 GB	94.1 MB
1480	27/4bf730	BGC_ANALYSIS:ANTISMASH_ANALYSIS:ANTISMASH (Pantoea_brenneri_LMG_5343)	COMPLETED	0	2026-08-30 21:00:02.417	2026-08-30 21:00:02.513	2026-08-30 21:01:19.396	1m 15s	2	6 GB	747.4 MB	7.8 GB	100.4%	1.3%	4.3 GB	144.3 MB
2059	23/b5d4ac	BGC_ANALYSIS:ANTISMASH_ANALYSIS:ANTISMASH (Pantoea_ananatis_15320)	COMPLETED	0	2026-08-30 21:00:43.482	2026-08-30 21:00:43.579	2026-08-30 21:01:20.062	34.6s	2	6 GB	726.5 MB	7.8 GB	98.7%	1.3%	1.7 GB	81.2 MB
1486	1f/f04b81	BGC_ANALYSIS:ANTISMASH_ANALYSIS:ANTISMASH (Pantoea_dispersa_NS380)	COMPLETED	0	2026-08-30 21:00:35.462	2026-08-30 21:00:35.558	2026-08-30 21:01:20.114	42.8s	2	6 GB	683.4 MB	7.7 GB	97.8%	1.2%	2.3 GB	91.9 MB
1505	f2/280afe	BGC_ANALYSIS:ANTISMASH_ANALYSIS:ANTISMASH (Pantoea_sp._AMG_501)	COMPLETED	0	2026-08-30 21:00:49.988	2026-08-30 21:00:50.085	2026-08-30 21:01:22.298	30.3s	2	6 GB	719.8 MB	7.8 GB	96.9%	1.3%	1.4 GB	73.7 MB
1491	46/b263da	BGC_ANALYSIS:ANTISMASH_ANALYSIS:ANTISMASH (Pantoea_dispersa_SA4)	COMPLETED	0	2026-08-30 21:00:51.645	2026-08-30 21:00:51.742	2026-08-30 21:01:30.781	37.2s	2	6 GB	678 MB	7.7 GB	96.0%	1.2%	1.9 GB	83.2 MB
1492	85/4786cd	BGC_ANALYSIS:ANTISMASH_ANALYSIS:ANTISMASH (Pantoea_dispersa_SA5)	COMPLETED	0	2026-08-30 21:01:04.094	2026-08-30 21:01:04.191	2026-08-30 21:01:49.298	43.3s	2	6 GB	693.8 MB	7.8 GB	97.8%	1.3%	2.3 GB	92.9 MB
1509	72/ae9230	BGC_ANALYSIS:ANTISMASH_ANALYSIS:ANTISMASH (Pantoea_sp._CFSAN033090)	COMPLETED	0	2026-08-30 21:01:19.398	2026-08-30 21:01:19.496	2026-08-30 21:01:54.660	33.4s	2	6 GB	656.8 MB	7.7 GB	97.1%	1.1%	1.6 GB	77.2 MB
1489	b6/1b6d51	BGC_ANALYSIS:ANTISMASH_ANALYSIS:ANTISMASH (Pantoea_dispersa_SA2)	COMPLETED	0	2026-08-30 21:01:22.301	2026-08-30 21:01:22.398	2026-08-30 21:01:59.452	35.3s	2	6 GB	670.9 MB	7.7 GB	97.2%	1.1%	1.7 GB	80.1 MB
1494	6d/6a92f2	BGC_ANALYSIS:ANTISMASH_ANALYSIS:ANTISMASH (Pantoea_eucrina_LMG_5346)	COMPLETED	0	2026-08-30 21:01:20.117	2026-08-30 21:01:20.214	2026-08-30 21:02:05.960	44s	2	6 GB	660.5 MB	7.7 GB	98.0%	1.0%	2.4 GB	88.6 MB
1508	8f/d3d603	BGC_ANALYSIS:ANTISMASH_ANALYSIS:ANTISMASH (Pantoea_sp._BL1)	COMPLETED	0	2026-08-30 21:01:20.065	2026-08-30 21:01:20.115	2026-08-30 21:02:11.845	50s	2	6 GB	704.4 MB	7.8 GB	96.2%	1.3%	2.5 GB	103.4 MB
1490	23/070bc1	BGC_ANALYSIS:ANTISMASH_ANALYSIS:ANTISMASH (Pantoea_dispersa_SA3)	COMPLETED	0	2026-08-30 21:01:30.785	2026-08-30 21:01:30.881	2026-08-30 21:02:14.377	41.7s	2	6 GB	678.3 MB	7.7 GB	96.9%	1.2%	2.2 GB	90.1 MB
1495	16/7e8559	BGC_ANALYSIS:ANTISMASH_ANALYSIS:ANTISMASH (Pantoea_eucrina_Russ)	COMPLETED	0	2026-08-30 21:01:59.456	2026-08-30 21:01:59.552	2026-08-30 21:02:20.974	19.5s	2	6 GB	559.8 MB	7.8 GB	117.7%	0.9%	805.8 MB	38.5 MB
1512	e4/fa1060	BGC_ANALYSIS:ANTISMASH_ANALYSIS:ANTISMASH (Pantoea_sp._RIT-PI-b)	COMPLETED	0	2026-08-30 21:01:49.302	2026-08-30 21:01:49.399	2026-08-30 21:02:25.169	34s	2	6 GB	729.5 MB	7.8 GB	95.9%	1.3%	1.4 GB	74.8 MB
1516	0c/66a34c	BGC_ANALYSIS:ANTISMASH_ANALYSIS:ANTISMASH (Pantoea_stewartii_A206)	COMPLETED	0	2026-08-30 21:02:05.963	2026-08-30 21:02:06.060	2026-08-30 21:02:34.799	27s	2	6 GB	487.2 MB	7.7 GB	102.2%	0.7%	1.1 GB	49.5 MB
1503	d4/18d449	BGC_ANALYSIS:ANTISMASH_ANALYSIS:ANTISMASH (Pantoea_septica_UBA2584)	COMPLETED	0	2026-08-30 21:02:11.848	2026-08-30 21:02:11.945	2026-08-30 21:02:43.882	30.1s	2	6 GB	459.9 MB	7.7 GB	101.4%	0.7%	1.4 GB	54.5 MB
1518	81/23aa68	BGC_ANALYSIS:ANTISMASH_ANALYSIS:ANTISMASH (Pantoea_stewartii_RSA13)	COMPLETED	0	2026-08-30 21:02:14.380	2026-08-30 21:02:14.477	2026-08-30 21:02:51.013	34.8s	2	6 GB	690.1 MB	7.8 GB	94.2%	1.3%	1.7 GB	77.1 MB
1504	5f/b12db8	BGC_ANALYSIS:ANTISMASH_ANALYSIS:ANTISMASH (Pantoea_sp._1.19)	COMPLETED	0	2026-08-30 21:02:25.172	2026-08-30 21:02:25.269	2026-08-30 21:02:55.620	28.5s	2	6 GB	474.8 MB	7.7 GB	108.3%	0.7%	1.3 GB	49.1 MB
1519	12/8f1d79	BGC_ANALYSIS:ANTISMASH_ANALYSIS:ANTISMASH (Pantoea_stewartii_RSA30)	COMPLETED	0	2026-08-30 21:02:20.977	2026-08-30 21:02:21.074	2026-08-30 21:03:01.444	38.4s	2	6 GB	670.1 MB	7.7 GB	96.5%	1.2%	1.9 GB	83.8 MB
1502	d8/2ef32e	BGC_ANALYSIS:ANTISMASH_ANALYSIS:ANTISMASH (Pantoea_septica_UBA2049)	COMPLETED	0	2026-08-30 21:02:34.802	2026-08-30 21:02:34.899	2026-08-30 21:03:08.728	32s	2	6 GB	469.9 MB	7.7 GB	102.1%	0.7%	1.5 GB	56.5 MB
1525	db/a979c9	BGC_ANALYSIS:ANTISMASH_ANALYSIS:ANTISMASH (Pantoea_vagans_ND02)	COMPLETED	0	2026-08-30 21:02:55.623	2026-08-30 21:02:55.720	2026-08-30 21:03:12.232	14.6s	2	6 GB	616.9 MB	7.3 GB	138.3%	1.0%	703.6 MB	31.1 MB
1506	97/d86f85	BGC_ANALYSIS:ANTISMASH_ANALYSIS:ANTISMASH (Pantoea_sp._AV62)	COMPLETED	0	2026-08-30 21:02:43.885	2026-08-30 21:02:43.983	2026-08-30 21:03:24.571	38.7s	2	6 GB	696.7 MB	7.8 GB	96.4%	1.3%	1.9 GB	84.1 MB
1500	f5/77e4cd	BGC_ANALYSIS:ANTISMASH_ANALYSIS:ANTISMASH (Pantoea_septica_UBA1650)	COMPLETED	0	2026-08-30 21:01:54.663	2026-08-30 21:01:54.760	2026-08-30 21:03:33.643	1m 37s	2	6 GB	477.4 MB	7.6 GB	111.1%	0.7%	5.5 GB	152.8 MB
1507	26/b79df3	BGC_ANALYSIS:ANTISMASH_ANALYSIS:ANTISMASH (Pantoea_sp._Ae16)	COMPLETED	0	2026-08-30 21:03:08.732	2026-08-30 21:03:08.828	2026-08-30 21:03:36.166	25.3s	2	6 GB	654 MB	7.7 GB	94.9%	1.0%	1.2 GB	58 MB
1510	9f/b4a7ed	BGC_ANALYSIS:ANTISMASH_ANALYSIS:ANTISMASH (Pantoea_sp._FDAARGOS_194)	COMPLETED	0	2026-08-30 21:03:24.574	2026-08-30 21:03:24.671	2026-08-30 21:03:46.183	19.6s	2	6 GB	757.8 MB	7.8 GB	132.4%	1.3%	905.2 MB	59.2 MB
1498	e7/15a2f9	BGC_ANALYSIS:ANTISMASH_ANALYSIS:ANTISMASH (Pantoea_rwandensis_LMG_26275)	COMPLETED	0	2026-08-30 21:03:01.448	2026-08-30 21:03:01.544	2026-08-30 21:03:47.836	44.4s	2	6 GB	760.9 MB	7.8 GB	95.1%	1.3%	2.1 GB	95.7 MB
1499	d3/101fdb	BGC_ANALYSIS:ANTISMASH_ANALYSIS:ANTISMASH (Pantoea_septica_LMG_5345)	COMPLETED	0	2026-08-30 21:03:12.236	2026-08-30 21:03:12.332	2026-08-30 21:03:57.696	43.5s	2	6 GB	668.9 MB	7.7 GB	96.9%	1.1%	2.3 GB	88.8 MB
1493	9f/14e5cb	BGC_ANALYSIS:ANTISMASH_ANALYSIS:ANTISMASH (Pantoea_dispersa_SUBG008)	COMPLETED	0	2026-08-30 20:59:16.410	2026-08-30 20:59:16.507	2026-08-30 21:04:12.885	4m 54s	2	6 GB	628.5 MB	7.7 GB	111.6%	1.0%	18.6 GB	454.6 MB
1513	14/318e3a	BGC_ANALYSIS:ANTISMASH_ANALYSIS:ANTISMASH (Pantoea_sp._SM3)	COMPLETED	0	2026-08-30 21:03:36.172	2026-08-30 21:03:36.266	2026-08-30 21:04:22.538	44.4s	2	6 GB	702.6 MB	7.8 GB	95.7%	1.3%	2.2 GB	94.1 MB
1511	44/a295a7	BGC_ANALYSIS:ANTISMASH_ANALYSIS:ANTISMASH (Pantoea_sp._OXWO6B1)	COMPLETED	0	2026-08-30 21:03:46.186	2026-08-30 21:03:46.283	2026-08-30 21:04:33.913	45.8s	2	6 GB	4.8 GB	7.9 GB	127.8%	6.5%	10.5 GB	62.6 MB
1531	11/3cfabf	BGC_ANALYSIS:ANTISMASH_ANALYSIS:ANTISMASH (Tatumella_sp._UBA2305_UBA2305)	COMPLETED	0	2026-08-30 21:04:12.888	2026-08-30 21:04:12.985	2026-08-30 21:04:42.432	27.7s	2	6 GB	476.9 MB	7.7 GB	101.5%	0.7%	1.2 GB	48.4 MB
1528	12/52da45	BGC_ANALYSIS:ANTISMASH_ANALYSIS:ANTISMASH (Pantoea_wallisii_LMG_26277)	COMPLETED	0	2026-08-30 21:03:47.839	2026-08-30 21:03:47.936	2026-08-30 21:04:49.559	59.9s	2	6 GB	693.3 MB	7.8 GB	100.4%	1.2%	3.4 GB	118.5 MB
1538	e8/7384ed	BGC_ANALYSIS:ANTISMASH_ANALYSIS:ANTISMASH (Buchnera_aphidicola_Cavariella_theobaldi_Catheobaldi-2779)	COMPLETED	0	2026-08-30 21:04:42.435	2026-08-30 21:04:42.533	2026-08-30 21:04:50.408	6s	2	6 GB	213.3 MB	2.7 GB	112.3%	0.3%	302.6 MB	9 MB
1537	cf/3dbee8	BGC_ANALYSIS:ANTISMASH_ANALYSIS:ANTISMASH (Buchnera_aphidicola_Brachycaudus_tragopogonis_Brtragopogonis-B.tra)	COMPLETED	0	2026-08-30 21:04:50.411	2026-08-30 21:04:50.509	2026-08-30 21:04:58.480	6.1s	2	6 GB	215 MB	2.7 GB	109.1%	0.3%	293.3 MB	9.3 MB
1514	7f/82fe0a	BGC_ANALYSIS:ANTISMASH_ANALYSIS:ANTISMASH (Pantoea_sp._UBA2523_UBA2523)	COMPLETED	0	2026-08-30 21:03:33.654	2026-08-30 21:03:33.743	2026-08-30 21:05:08.788	1m 33s	2	6 GB	480.3 MB	7.6 GB	111.5%	0.7%	5.2 GB	147.1 MB
1535	87/6c6c37	BGC_ANALYSIS:ANTISMASH_ANALYSIS:ANTISMASH (bacteria_symbiont_BFo1_of_Frankliniella_occidentalis_Keele2)	COMPLETED	0	2026-08-30 21:03:57.700	2026-08-30 21:03:57.797	2026-08-30 21:05:09.857	1m 10s	2	6 GB	705.3 MB	7.8 GB	101.3%	1.3%	3.9 GB	133.4 MB
1501	35/322863	BGC_ANALYSIS:ANTISMASH_ANALYSIS:ANTISMASH (Pantoea_septica_UBA1889)	COMPLETED	0	2026-08-30 21:02:51.016	2026-08-30 21:02:51.113	2026-08-30 21:05:10.300	2m 17s	2	6 GB	501.3 MB	7.7 GB	113.9%	0.8%	7.9 GB	209.1 MB
1540	87/6f786d	BGC_ANALYSIS:ANTISMASH_ANALYSIS:ANTISMASH (Buchnera_aphidicola_Drepanosiphum_platanoidis_Drplatanoidis-3702)	COMPLETED	0	2026-08-30 21:05:08.792	2026-08-30 21:05:08.888	2026-08-30 21:05:15.155	4.5s	2	6 GB	198.1 MB	2.7 GB	112.2%	0.3%	218.5 MB	4 MB
1527	e6/87e33b	BGC_ANALYSIS:ANTISMASH_ANALYSIS:ANTISMASH (Pantoea_vagans_ZBG6)	COMPLETED	0	2026-08-30 21:04:33.917	2026-08-30 21:04:34.013	2026-08-30 21:05:16.572	40.6s	2	6 GB	669.8 MB	7.7 GB	98.4%	1.2%	2.1 GB	87.2 MB
1543	36/7feafb	BGC_ANALYSIS:ANTISMASH_ANALYSIS:ANTISMASH (Buchnera_aphidicola_GCA_981690525.1)	COMPLETED	0	2026-08-30 21:05:09.860	2026-08-30 21:05:09.958	2026-08-30 21:05:17.738	6s	2	6 GB	212.9 MB	2.7 GB	109.3%	0.3%	294.5 MB	9.6 MB
1545	2f/15f326	BGC_ANALYSIS:ANTISMASH_ANALYSIS:ANTISMASH (Buchnera_aphidicola_Hyalopterus_amygdali_Hyamygdali-3475)	COMPLETED	0	2026-08-30 21:05:10.303	2026-08-30 21:05:10.401	2026-08-30 21:05:18.151	6s	2	6 GB	209.9 MB	2.7 GB	108.5%	0.3%	291.8 MB	9.3 MB
1515	ef/870883	BGC_ANALYSIS:ANTISMASH_ANALYSIS:ANTISMASH (Pantoea_sp._VS1)	COMPLETED	0	2026-08-30 21:04:22.541	2026-08-30 21:04:22.638	2026-08-30 21:05:20.592	56.2s	2	6 GB	726.4 MB	7.8 GB	99.4%	1.3%	3.1 GB	116.3 MB
1548	c6/65b24c	BGC_ANALYSIS:ANTISMASH_ANALYSIS:ANTISMASH (Buchnera_aphidicola_Neophyllaphis_podocarpi_Nepodocarpi-3733)	COMPLETED	0	2026-08-30 21:05:17.741	2026-08-30 21:05:17.838	2026-08-30 21:05:25.472	5.9s	2	6 GB	213 MB	2.7 GB	107.2%	0.3%	281.3 MB	8.4 MB
1546	95/f74852	BGC_ANALYSIS:ANTISMASH_ANALYSIS:ANTISMASH (Buchnera_aphidicola_Mindarus_abietinus_Miabietinus-3704)	COMPLETED	0	2026-08-30 21:05:18.154	2026-08-30 21:05:18.251	2026-08-30 21:05:26.024	6.1s	2	6 GB	207.1 MB	2.7 GB	108.0%	0.3%	297.4 MB	8.6 MB
1549	e4/9c11fe	BGC_ANALYSIS:ANTISMASH_ANALYSIS:ANTISMASH (Buchnera_aphidicola_Panaphis_juglandis_Pajuglandis-2786)	COMPLETED	0	2026-08-30 21:05:25.475	2026-08-30 21:05:25.572	2026-08-30 21:05:32.004	4.6s	2	6 GB	202.3 MB	2.7 GB	110.0%	0.3%	218.5 MB	4 MB
1517	99/3d3aa6	BGC_ANALYSIS:ANTISMASH_ANALYSIS:ANTISMASH (Pantoea_stewartii_NS381)	COMPLETED	0	2026-08-30 21:04:58.483	2026-08-30 21:04:58.580	2026-08-30 21:05:33.415	33s	2	6 GB	705.8 MB	7.8 GB	94.4%	1.3%	1.5 GB	73.3 MB
1553	89/06c864	BGC_ANALYSIS:ANTISMASH_ANALYSIS:ANTISMASH (Buchnera_aphidicola_Pterocallis_alni_Ptalni-3691)	COMPLETED	0	2026-08-30 21:05:32.007	2026-08-30 21:05:32.103	2026-08-30 21:05:39.008	4.9s	2	6 GB	197.6 MB	2.7 GB	106.1%	0.3%	217.9 MB	3.9 MB
1555	c3/0ce926	BGC_ANALYSIS:ANTISMASH_ANALYSIS:ANTISMASH (Buchnera_aphidicola_Symydobius_americanus_Syamericanus-3610)	COMPLETED	0	2026-08-30 21:05:33.419	2026-08-30 21:05:33.515	2026-08-30 21:05:40.366	4.9s	2	6 GB	201.5 MB	2.7 GB	108.3%	0.3%	222.4 MB	4.2 MB
1524	6d/787fce	BGC_ANALYSIS:ANTISMASH_ANALYSIS:ANTISMASH (Pantoea_vagans_FDAARGOS_160)	COMPLETED	0	2026-08-30 21:05:20.596	2026-08-30 21:05:20.692	2026-08-30 21:05:41.730	19.2s	2	6 GB	812.7 MB	7.8 GB	129.2%	1.3%	845.5 MB	57.3 MB
1521	ca/9f523a	BGC_ANALYSIS:ANTISMASH_ANALYSIS:ANTISMASH (Pantoea_stewartii_S301)	COMPLETED	0	2026-08-30 21:05:16.576	2026-08-30 21:05:16.672	2026-08-30 21:05:45.302	26.8s	2	6 GB	481.1 MB	7.7 GB	103.8%	0.7%	1.2 GB	50.6 MB
1552	44/b7423e	BGC_ANALYSIS:ANTISMASH_ANALYSIS:ANTISMASH (Buchnera_aphidicola_Protaphis_terricola_Prterricola-2569)	COMPLETED	0	2026-08-30 21:05:41.734	2026-08-30 21:05:41.830	2026-08-30 21:05:49.430	5.8s	2	6 GB	212.6 MB	2.7 GB	108.8%	0.3%	288.3 MB	9 MB
1520	04/4b7bd2	BGC_ANALYSIS:ANTISMASH_ANALYSIS:ANTISMASH (Pantoea_stewartii_RSA36)	COMPLETED	0	2026-08-30 21:05:15.159	2026-08-30 21:05:15.255	2026-08-30 21:05:49.442	32.4s	2	6 GB	668.4 MB	7.7 GB	93.5%	1.1%	1.5 GB	73.6 MB
1529	14/348d3b	BGC_ANALYSIS:ANTISMASH_ANALYSIS:ANTISMASH (Tatumella_citrea_ATCC_39140)	COMPLETED	0	2026-08-30 21:05:40.369	2026-08-30 21:05:40.466	2026-08-30 21:06:00.058	17.8s	2	6 GB	808.7 MB	7.8 GB	136.5%	1.3%	765.5 MB	52.3 MB
1526	04/e8a5ee	BGC_ANALYSIS:ANTISMASH_ANALYSIS:ANTISMASH (Pantoea_vagans_TYU1)	COMPLETED	0	2026-08-30 21:05:39.011	2026-08-30 21:05:39.108	2026-08-30 21:06:00.906	20s	2	6 GB	770.6 MB	7.8 GB	130.0%	1.3%	903.2 MB	59.3 MB
1530	ee/7d8b3f	BGC_ANALYSIS:ANTISMASH_ANALYSIS:ANTISMASH (Tatumella_citrea_DSM_13699)	COMPLETED	0	2026-08-30 21:06:00.061	2026-08-30 21:06:00.158	2026-08-30 21:06:20.240	18.1s	2	6 GB	781 MB	7.8 GB	133.8%	1.3%	765.4 MB	52.3 MB
1558	7a/ddca95	BGC_ANALYSIS:ANTISMASH_ANALYSIS:ANTISMASH (Erwinia_billingiae_GCA_977069165.1)	COMPLETED	0	2026-08-30 21:05:49.434	2026-08-30 21:05:49.442	2026-08-30 21:06:36.251	44.8s	2	6 GB	521.1 MB	7.8 GB	105.7%	1.0%	1.9 GB	75.5 MB
1556	b8/1627ce	BGC_ANALYSIS:ANTISMASH_ANALYSIS:ANTISMASH (Buchnera_sp._in:_enterobacteria_GCA_980580585.1)	COMPLETED	0	2026-08-30 21:06:36.254	2026-08-30 21:06:36.351	2026-08-30 21:06:45.559	7.4s	2	6 GB	191.6 MB	2.7 GB	111.8%	0.3%	369.5 MB	9.5 MB
1536	1d/276a30	BGC_ANALYSIS:ANTISMASH_ANALYSIS:ANTISMASH (bacteria_symbiont_BFo1_of_Frankliniella_occidentalis_SwAb130)	COMPLETED	0	2026-08-30 21:05:49.445	2026-08-30 21:05:49.542	2026-08-30 21:06:48.845	57.3s	2	6 GB	693.8 MB	7.8 GB	98.8%	1.2%	2.9 GB	111.6 MB
1542	4d/13cd0b	BGC_ANALYSIS:ANTISMASH_ANALYSIS:ANTISMASH (Buchnera_aphidicola_Eriosoma_lanigerum_Erlanigerum-2421)	COMPLETED	0	2026-08-30 21:06:45.562	2026-08-30 21:06:45.659	2026-08-30 21:06:53.234	5.7s	2	6 GB	210.1 MB	2.7 GB	110.6%	0.3%	280.9 MB	8.6 MB
1541	3d/3c7d82	BGC_ANALYSIS:ANTISMASH_ANALYSIS:ANTISMASH (Buchnera_aphidicola_Eriosoma_grossulariae_Ergrossulariae-3692)	COMPLETED	0	2026-08-30 21:06:48.848	2026-08-30 21:06:48.944	2026-08-30 21:06:56.594	5.8s	2	6 GB	211 MB	2.7 GB	111.7%	0.3%	281.2 MB	8.5 MB
1534	58/0b7287	BGC_ANALYSIS:ANTISMASH_ANALYSIS:ANTISMASH (bacteria_symbiont_BFo1_of_Frankliniella_occidentalis_BFo1)	COMPLETED	0	2026-08-30 21:04:49.562	2026-08-30 21:04:49.659	2026-08-30 21:07:01.057	2m 10s	2	6 GB	730.5 MB	7.8 GB	101.3%	1.3%	7.8 GB	229.5 MB
1539	46/4bbe75	BGC_ANALYSIS:ANTISMASH_ANALYSIS:ANTISMASH (Buchnera_aphidicola_Chaetosiphella_stipae_setosa_Chstipae_setosa-2659)	COMPLETED	0	2026-08-30 21:06:56.597	2026-08-30 21:06:56.694	2026-08-30 21:07:03.261	4.8s	2	6 GB	201.9 MB	2.7 GB	115.0%	0.3%	221.2 MB	4.1 MB
1544	b5/aad7f3	BGC_ANALYSIS:ANTISMASH_ANALYSIS:ANTISMASH (Buchnera_aphidicola_GCA_982737945.1)	COMPLETED	0	2026-08-30 21:07:01.060	2026-08-30 21:07:01.157	2026-08-30 21:07:09.444	6.4s	2	6 GB	199.9 MB	2.7 GB	113.4%	0.3%	327.8 MB	8.5 MB
1547	d0/be29b8	BGC_ANALYSIS:ANTISMASH_ANALYSIS:ANTISMASH (Buchnera_aphidicola_Myzocallis_carpini_Mycarpini-3696)	COMPLETED	0	2026-08-30 21:07:03.264	2026-08-30 21:07:03.361	2026-08-30 21:07:09.911	4.7s	2	6 GB	202.7 MB	2.7 GB	116.7%	0.3%	220.6 MB	4.1 MB
1533	f4/8e8300	BGC_ANALYSIS:ANTISMASH_ANALYSIS:ANTISMASH (Winslowiella_iniecta_B149)	COMPLETED	0	2026-08-30 21:06:00.910	2026-08-30 21:06:01.006	2026-08-30 21:07:14.883	1m 12s	2	6 GB	4.8 GB	7.9 GB	108.7%	7.5%	12 GB	93 MB
1523	bd/37154e	BGC_ANALYSIS:ANTISMASH_ANALYSIS:ANTISMASH (Pantoea_vagans_848_PVAG)	COMPLETED	0	2026-08-30 21:05:26.027	2026-08-30 21:05:26.124	2026-08-30 21:07:31.447	2m 3s	2	6 GB	516.2 MB	7.7 GB	109.0%	0.8%	7 GB	194.4 MB
1568	5f/4fae9a	BGC_ANALYSIS:ANTISMASH_ANALYSIS:ANTISMASH (Erwinia_sp._AC075_GCA_979253995.1)	COMPLETED	0	2026-08-30 21:07:09.447	2026-08-30 21:07:09.544	2026-08-30 21:07:33.778	22.3s	2	6 GB	666.9 MB	7.9 GB	133.7%	1.2%	869.4 MB	46.9 MB
1550	94/b97136	BGC_ANALYSIS:ANTISMASH_ANALYSIS:ANTISMASH (Buchnera_aphidicola_Pemphigus_immunis_Peimmunis-3699)	COMPLETED	0	2026-08-30 21:07:31.451	2026-08-30 21:07:31.547	2026-08-30 21:07:39.251	5.9s	2	6 GB	211 MB	2.7 GB	111.7%	0.3%	299.7 MB	8.9 MB
1554	75/dbf095	BGC_ANALYSIS:ANTISMASH_ANALYSIS:ANTISMASH (Buchnera_aphidicola_Sipha_maydis_Simaydis-3493)	COMPLETED	0	2026-08-30 21:07:33.781	2026-08-30 21:07:33.879	2026-08-30 21:07:40.389	4.7s	2	6 GB	200.1 MB	2.7 GB	113.0%	0.3%	222.3 MB	4.2 MB
1567	89/cf9e76	BGC_ANALYSIS:ANTISMASH_ANALYSIS:ANTISMASH (Erwinia_sp._AC012_GCA_979256375.1)	COMPLETED	0	2026-08-30 21:07:09.914	2026-08-30 21:07:10.012	2026-08-30 21:07:42.646	30.6s	2	6 GB	490.6 MB	7.7 GB	105.0%	0.7%	1.4 GB	57.6 MB
1551	7a/a225a2	BGC_ANALYSIS:ANTISMASH_ANALYSIS:ANTISMASH (Buchnera_aphidicola_Periphyllus_testudinaceus_Petestudinaceus-2671)	COMPLETED	0	2026-08-30 21:07:39.254	2026-08-30 21:07:39.352	2026-08-30 21:07:45.889	4.7s	2	6 GB	201.7 MB	2.7 GB	110.9%	0.3%	222.1 MB	4.1 MB
1563	41/94cc99	BGC_ANALYSIS:ANTISMASH_ANALYSIS:ANTISMASH (Erwinia_rhapontici_GCA_977070065.1)	COMPLETED	0	2026-08-30 21:07:14.887	2026-08-30 21:07:14.983	2026-08-30 21:07:49.875	33.1s	2	6 GB	494 MB	7.8 GB	102.8%	0.7%	1.5 GB	58 MB
1532	31/ebb7f8	BGC_ANALYSIS:ANTISMASH_ANALYSIS:ANTISMASH (Winslowiella_iniecta_B120)	COMPLETED	0	2026-08-30 21:06:53.238	2026-08-30 21:06:53.335	2026-08-30 21:08:02.681	1m 7s	2	6 GB	4.7 GB	7.7 GB	108.9%	3.6%	11.7 GB	84.8 MB
1565	e7/072280	BGC_ANALYSIS:ANTISMASH_ANALYSIS:ANTISMASH (Erwinia_rhapontici_GCA_977070395.1)	COMPLETED	0	2026-08-30 21:07:42.649	2026-08-30 21:07:42.747	2026-08-30 21:08:15.078	30.5s	2	6 GB	489.3 MB	7.8 GB	105.9%	0.7%	1.3 GB	54.6 MB
1576	61/264257	BGC_ANALYSIS:ANTISMASH_ANALYSIS:ANTISMASH (Pantoea_ananatis_GCA_982689715.1)	COMPLETED	0	2026-08-30 21:07:45.892	2026-08-30 21:07:45.990	2026-08-30 21:08:17.029	29s	2	6 GB	488.9 MB	7.8 GB	104.6%	0.7%	1.2 GB	53.6 MB
1560	b9/bc5a07	BGC_ANALYSIS:ANTISMASH_ANALYSIS:ANTISMASH (Erwinia_billingiae_GCA_980579415.1)	COMPLETED	0	2026-08-30 21:06:20.243	2026-08-30 21:06:20.340	2026-08-30 21:08:17.509	1m 55s	2	6 GB	543 MB	7.7 GB	109.4%	1.0%	6.5 GB	185.3 MB
1573	16/23c44b	BGC_ANALYSIS:ANTISMASH_ANALYSIS:ANTISMASH (Pantoea_agglomerans_GCA_977069615.1)	COMPLETED	0	2026-08-30 21:07:49.879	2026-08-30 21:07:49.975	2026-08-30 21:08:30.475	38.6s	2	6 GB	507 MB	7.7 GB	104.1%	0.9%	1.7 GB	69.3 MB
1566	ac/200453	BGC_ANALYSIS:ANTISMASH_ANALYSIS:ANTISMASH (Erwinia_rhapontici_GCA_977070755.1)	COMPLETED	0	2026-08-30 21:08:02.684	2026-08-30 21:08:02.782	2026-08-30 21:08:36.671	32.1s	2	6 GB	489 MB	7.8 GB	105.0%	0.7%	1.4 GB	56.5 MB
1561	f0/28188e	BGC_ANALYSIS:ANTISMASH_ANALYSIS:ANTISMASH (Erwinia_persicina_GCA_969191635.1)	COMPLETED	0	2026-08-30 21:07:40.392	2026-08-30 21:07:40.489	2026-08-30 21:08:57.767	1m 15s	2	6 GB	506.6 MB	7.7 GB	107.4%	0.8%	4 GB	120.8 MB
1564	42/ccc385	BGC_ANALYSIS:ANTISMASH_ANALYSIS:ANTISMASH (Erwinia_rhapontici_GCA_977070105.1)	COMPLETED	0	2026-08-30 21:08:30.477	2026-08-30 21:08:30.575	2026-08-30 21:09:03.679	31.3s	2	6 GB	504.3 MB	7.8 GB	105.7%	0.7%	1.3 GB	57.1 MB
1562	81/41bd73	BGC_ANALYSIS:ANTISMASH_ANALYSIS:ANTISMASH (Erwinia_rhapontici_GCA_977069205.1)	COMPLETED	0	2026-08-30 21:08:17.033	2026-08-30 21:08:17.130	2026-08-30 21:09:09.177	50.3s	2	6 GB	516.6 MB	7.8 GB	105.7%	0.9%	2 GB	80.8 MB
1570	b4/1abe8e	BGC_ANALYSIS:ANTISMASH_ANALYSIS:ANTISMASH (Mixta_calida_FFMG-124-8-21)	COMPLETED	0	2026-08-30 21:08:17.512	2026-08-30 21:08:17.609	2026-08-30 21:09:17.100	57.7s	2	6 GB	485.4 MB	7.7 GB	107.4%	0.7%	3.1 GB	95.1 MB
1559	d7/10af54	BGC_ANALYSIS:ANTISMASH_ANALYSIS:ANTISMASH (Erwinia_billingiae_GCA_977070595.1)	COMPLETED	0	2026-08-30 21:08:15.082	2026-08-30 21:08:15.178	2026-08-30 21:09:17.543	1m 1s	2	6 GB	851.3 MB	7.7 GB	106.1%	1.4%	2.6 GB	92.2 MB
1581	1b/a90e2e	BGC_ANALYSIS:ANTISMASH_ANALYSIS:ANTISMASH (Pantoea_endophytica_GCA_977068135.1)	COMPLETED	0	2026-08-30 21:08:36.675	2026-08-30 21:08:36.771	2026-08-30 21:09:27.056	48.5s	2	6 GB	503.7 MB	7.7 GB	104.6%	0.8%	2.3 GB	82.7 MB
1571	c7/47d99d	BGC_ANALYSIS:ANTISMASH_ANALYSIS:ANTISMASH (Mixta_calida_FFMG-842-06-21)	COMPLETED	0	2026-08-30 21:08:57.770	2026-08-30 21:08:57.867	2026-08-30 21:09:42.009	42.3s	2	6 GB	476.9 MB	7.7 GB	103.9%	0.7%	2.1 GB	70.9 MB
1582	f4/a9195a	BGC_ANALYSIS:ANTISMASH_ANALYSIS:ANTISMASH (Pantoea_endophytica_GCA_977069735.1)	COMPLETED	0	2026-08-30 21:09:03.682	2026-08-30 21:09:03.778	2026-08-30 21:09:55.956	50.3s	2	6 GB	506.6 MB	7.8 GB	104.1%	0.9%	2 GB	80.4 MB
1577	46/7aef2c	BGC_ANALYSIS:ANTISMASH_ANALYSIS:ANTISMASH (Pantoea_ananatis_GCA_987119705.1)	COMPLETED	0	2026-08-30 21:09:17.103	2026-08-30 21:09:17.200	2026-08-30 21:10:02.762	43.7s	2	6 GB	3.2 GB	7.9 GB	127.3%	5.3%	8.9 GB	44.5 MB
1584	c9/568d5f	BGC_ANALYSIS:ANTISMASH_ANALYSIS:ANTISMASH (Pantoea_endophytica_GCA_977069995.1)	COMPLETED	0	2026-08-30 21:09:27.059	2026-08-30 21:09:27.156	2026-08-30 21:10:17.183	48.1s	2	6 GB	522 MB	7.8 GB	105.4%	0.9%	1.9 GB	77.9 MB
1586	fe/0410cc	BGC_ANALYSIS:ANTISMASH_ANALYSIS:ANTISMASH (Pantoea_vagans_GCA_965208375.1)	COMPLETED	0	2026-08-30 21:09:55.959	2026-08-30 21:09:56.057	2026-08-30 21:10:22.303	24.5s	2	6 GB	516.8 MB	7.8 GB	102.8%	0.7%	931.2 MB	45.3 MB
1594	60/6bec85	BGC_ANALYSIS:ANTISMASH_ANALYSIS:ANTISMASH (uncultured_Pantoea_sp._GCA_966185975.1)	COMPLETED	0	2026-08-30 21:09:42.012	2026-08-30 21:09:42.110	2026-08-30 21:10:30.749	46.9s	2	6 GB	474 MB	7.7 GB	106.7%	0.7%	2.5 GB	77.8 MB
1574	5f/91a45c	BGC_ANALYSIS:ANTISMASH_ANALYSIS:ANTISMASH (Pantoea_agglomerans_GCA_977069875.1)	COMPLETED	0	2026-08-30 21:10:17.186	2026-08-30 21:10:17.284	2026-08-30 21:10:51.757	32.7s	2	6 GB	524.5 MB	7.8 GB	109.4%	0.9%	1.4 GB	61.1 MB
1579	a5/013b9d	BGC_ANALYSIS:ANTISMASH_ANALYSIS:ANTISMASH (Pantoea_dispersa_GCA_978246205.1)	COMPLETED	0	2026-08-30 21:10:30.752	2026-08-30 21:10:30.849	2026-08-30 21:10:56.966	24.3s	2	6 GB	551.5 MB	7.9 GB	118.8%	0.8%	1 GB	49 MB
1575	f0/9c7bf1	BGC_ANALYSIS:ANTISMASH_ANALYSIS:ANTISMASH (Pantoea_agglomerans_GCA_977069885.1)	COMPLETED	0	2026-08-30 21:10:22.307	2026-08-30 21:10:22.404	2026-08-30 21:11:04.765	40.5s	2	6 GB	498.8 MB	7.8 GB	105.6%	0.8%	1.8 GB	70.8 MB
1569	e4/3f04cc	BGC_ANALYSIS:ANTISMASH_ANALYSIS:ANTISMASH (Erwinia_sp._V71_GCA_965644245.1)	COMPLETED	0	2026-08-30 21:09:17.546	2026-08-30 21:09:17.643	2026-08-30 21:11:07.313	1m 48s	2	6 GB	517.9 MB	7.7 GB	111.1%	0.8%	5.8 GB	164.4 MB
1557	02/b26e6f	BGC_ANALYSIS:ANTISMASH_ANALYSIS:ANTISMASH (Erwinia_aphidicola_GCA_980572655.1)	COMPLETED	0	2026-08-30 21:05:45.306	2026-08-30 21:05:45.403	2026-08-30 21:11:18.160	5m 31s	2	6 GB	550 MB	7.7 GB	113.0%	1.0%	19.7 GB	498.8 MB
1578	e3/5f5a42	BGC_ANALYSIS:ANTISMASH_ANALYSIS:ANTISMASH (Pantoea_anthophila_GCA_979498125.1)	COMPLETED	0	2026-08-30 21:10:56.969	2026-08-30 21:10:57.066	2026-08-30 21:11:22.656	23.7s	2	6 GB	541 MB	7.8 GB	116.3%	0.8%	978 MB	45.5 MB
1595	9c/954a32	BGC_ANALYSIS:ANTISMASH_ANALYSIS:ANTISMASH (uncultured_Pantoea_sp._GCA_966186295.1)	COMPLETED	0	2026-08-30 21:10:02.765	2026-08-30 21:10:02.862	2026-08-30 21:11:37.900	1m 33s	2	6 GB	530.1 MB	7.7 GB	110.3%	0.8%	5.1 GB	145.7 MB
1572	0c/5b9a18	BGC_ANALYSIS:ANTISMASH_ANALYSIS:ANTISMASH (Mixta_calida_FFZB-23)	COMPLETED	0	2026-08-30 21:10:51.761	2026-08-30 21:10:51.857	2026-08-30 21:11:43.475	49.8s	2	6 GB	481 MB	7.7 GB	104.8%	0.7%	2.6 GB	82.5 MB
1580	ca/0f0e9d	BGC_ANALYSIS:ANTISMASH_ANALYSIS:ANTISMASH (Pantoea_endophytica_GCA_977067835.1)	COMPLETED	0	2026-08-30 21:11:04.768	2026-08-30 21:11:04.865	2026-08-30 21:11:56.466	49.8s	2	6 GB	525.9 MB	7.7 GB	104.5%	0.9%	2.4 GB	85.3 MB
1583	98/baaf27	BGC_ANALYSIS:ANTISMASH_ANALYSIS:ANTISMASH (Pantoea_endophytica_GCA_977069925.1)	COMPLETED	0	2026-08-30 21:11:07.316	2026-08-30 21:11:07.413	2026-08-30 21:11:58.915	49.7s	2	6 GB	528.5 MB	7.8 GB	105.2%	1.0%	2 GB	79.9 MB
1590	3c/37baa2	BGC_ANALYSIS:ANTISMASH_ANALYSIS:ANTISMASH (uncultured_Pantoea_sp._GCA_964277945.1)	COMPLETED	0	2026-08-30 21:11:37.904	2026-08-30 21:11:38.000	2026-08-30 21:12:03.626	23.7s	2	6 GB	462.7 MB	7.7 GB	101.0%	0.7%	988.3 MB	41.2 MB
1589	60/deda18	BGC_ANALYSIS:ANTISMASH_ANALYSIS:ANTISMASH (uncultured_Buchnera_sp._GCA_964657355.1)	COMPLETED	0	2026-08-30 21:09:09.180	2026-08-30 21:09:09.277	2026-08-30 21:12:21.489	3m 10s	2	6 GB	504.3 MB	7.7 GB	113.4%	0.7%	11.1 GB	283.8 MB
1585	1c/cbec52	BGC_ANALYSIS:ANTISMASH_ANALYSIS:ANTISMASH (Pantoea_sp._E956-1_S3)	COMPLETED	0	2026-08-30 21:11:18.163	2026-08-30 21:11:18.259	2026-08-30 21:12:21.751	1m 2s	2	6 GB	4.7 GB	8 GB	118.8%	5.5%	15.4 GB	57.8 MB
1599	1f/d0d5fd	BGC_ANALYSIS:ANTISMASH_ANALYSIS:ANTISMASH (Buchnera_aphidicola_Chaitophorus_sp._3695_Chaitophorus_sp-3695)	COMPLETED	0	2026-08-30 21:12:21.754	2026-08-30 21:12:21.851	2026-08-30 21:12:28.410	4.7s	2	6 GB	196.6 MB	2.7 GB	115.1%	0.3%	222.6 MB	4.2 MB
1592	f5/1e4d27	BGC_ANALYSIS:ANTISMASH_ANALYSIS:ANTISMASH (uncultured_Pantoea_sp._GCA_966185695.1)	COMPLETED	0	2026-08-30 21:11:43.479	2026-08-30 21:11:43.576	2026-08-30 21:12:35.577	50s	2	6 GB	534.1 MB	7.7 GB	104.6%	0.8%	2.4 GB	80.9 MB
1606	d5/b1d1e1	BGC_ANALYSIS:ANTISMASH_ANALYSIS:ANTISMASH (Buchnera_aphidicola_Cinara_piceae_BuCipiceae)	COMPLETED	0	2026-08-30 21:12:28.414	2026-08-30 21:12:28.510	2026-08-30 21:12:36.115	5.7s	2	6 GB	211 MB	2.7 GB	112.2%	0.3%	262.8 MB	7.7 MB
1614	f5/728191	BGC_ANALYSIS:ANTISMASH_ANALYSIS:ANTISMASH (Buchnera_aphidicola_Phyllaphis_fagi_Phfagi-3703)	COMPLETED	0	2026-08-30 21:12:36.118	2026-08-30 21:12:36.215	2026-08-30 21:12:42.583	4.5s	2	6 GB	200 MB	2.7 GB	112.8%	0.3%	216.5 MB	3.9 MB
1601	78/3df6f3	BGC_ANALYSIS:ANTISMASH_ANALYSIS:ANTISMASH (Buchnera_aphidicola_Cinara_cuneomaculata_BuCicuneomaculata)	COMPLETED	0	2026-08-30 21:12:35.581	2026-08-30 21:12:35.677	2026-08-30 21:12:43.187	5.6s	2	6 GB	201.8 MB	2.7 GB	110.6%	0.3%	261.7 MB	7.4 MB
1605	4c/81fd3c	BGC_ANALYSIS:ANTISMASH_ANALYSIS:ANTISMASH (Buchnera_aphidicola_Cinara_laricifoliae_BuCilaricifoliae)	COMPLETED	0	2026-08-30 21:12:42.585	2026-08-30 21:12:42.683	2026-08-30 21:12:50.032	5.5s	2	6 GB	209.3 MB	2.7 GB	112.2%	0.3%	262.3 MB	7.4 MB
1607	47/716e8b	BGC_ANALYSIS:ANTISMASH_ANALYSIS:ANTISMASH (Buchnera_aphidicola_Cinara_pseudotaxifoliae_BuCipseudotaxifoliae)	COMPLETED	0	2026-08-30 21:12:43.191	2026-08-30 21:12:43.287	2026-08-30 21:12:50.735	5.6s	2	6 GB	201.4 MB	2.7 GB	112.4%	0.3%	263.1 MB	7.5 MB
1587	bd/23ece5	BGC_ANALYSIS:ANTISMASH_ANALYSIS:ANTISMASH (Pantoea_vagans_GCA_966185865.1)	COMPLETED	0	2026-08-30 21:12:03.629	2026-08-30 21:12:03.726	2026-08-30 21:12:52.744	47s	2	6 GB	483.4 MB	7.8 GB	104.0%	0.7%	2.3 GB	77.8 MB
1604	e5/6d5293	BGC_ANALYSIS:ANTISMASH_ANALYSIS:ANTISMASH (Buchnera_aphidicola_Cinara_kochiana_kochiana_BuCikochiana)	COMPLETED	0	2026-08-30 21:12:50.035	2026-08-30 21:12:50.132	2026-08-30 21:12:57.286	5.3s	2	6 GB	204.1 MB	2.7 GB	111.4%	0.3%	262.3 MB	7.4 MB
1611	e8/84b28d	BGC_ANALYSIS:ANTISMASH_ANALYSIS:ANTISMASH (Buchnera_aphidicola_GCA_948107705.1)	COMPLETED	0	2026-08-30 21:12:50.738	2026-08-30 21:12:50.835	2026-08-30 21:12:58.514	5.8s	2	6 GB	204.7 MB	2.7 GB	111.0%	0.3%	287.2 MB	7.6 MB
1597	ec/915564	BGC_ANALYSIS:ANTISMASH_ANALYSIS:ANTISMASH (Buchnera_aphidicola_Anoecia_corni_Ancorni-2928)	COMPLETED	0	2026-08-30 21:12:52.748	2026-08-30 21:12:52.850	2026-08-30 21:13:00.247	5.5s	2	6 GB	207.8 MB	2.7 GB	110.8%	0.3%	271.1 MB	7.8 MB
1612	71/3ee3fb	BGC_ANALYSIS:ANTISMASH_ANALYSIS:ANTISMASH (Buchnera_aphidicola_Pemphigus_populi_Pepopuli-3700)	COMPLETED	0	2026-08-30 21:12:57.289	2026-08-30 21:12:57.387	2026-08-30 21:13:04.991	5.8s	2	6 GB	210.7 MB	2.7 GB	112.2%	0.3%	298.8 MB	8.9 MB
1602	6f/e60361	BGC_ANALYSIS:ANTISMASH_ANALYSIS:ANTISMASH (Buchnera_aphidicola_Cinara_curtihirsuta_BuCicurtihirsuta)	COMPLETED	0	2026-08-30 21:12:58.517	2026-08-30 21:12:58.614	2026-08-30 21:13:05.810	5.4s	2	6 GB	208.2 MB	2.7 GB	112.3%	0.3%	262.6 MB	7.4 MB
1609	30/1c3ccc	BGC_ANALYSIS:ANTISMASH_ANALYSIS:ANTISMASH (Buchnera_aphidicola_Cinara_strobi_BuCistrobi)	COMPLETED	0	2026-08-30 21:13:00.250	2026-08-30 21:13:00.347	2026-08-30 21:13:07.758	5.5s	2	6 GB	209.8 MB	2.7 GB	111.5%	0.3%	265.7 MB	9.1 MB
1610	57/582be1	BGC_ANALYSIS:ANTISMASH_ANALYSIS:ANTISMASH (Buchnera_aphidicola_Drepanosiphum_platanoidis_GCA_964020165.1)	COMPLETED	0	2026-08-30 21:13:04.995	2026-08-30 21:13:05.091	2026-08-30 21:13:11.563	4.6s	2	6 GB	198.8 MB	2.7 GB	113.1%	0.3%	216.7 MB	4.1 MB
1615	8f/5affdf	BGC_ANALYSIS:ANTISMASH_ANALYSIS:ANTISMASH (Buchnera_aphidicola_Takecallis_arundicolens_Taarundicolens-3697)	COMPLETED	0	2026-08-30 21:13:05.813	2026-08-30 21:13:05.910	2026-08-30 21:13:12.276	4.5s	2	6 GB	200 MB	2.7 GB	112.2%	0.3%	220.6 MB	4.1 MB
1616	b2/fc1bdb	BGC_ANALYSIS:ANTISMASH_ANALYSIS:ANTISMASH (Buchnera_aphidicola_Tetraneura_ulmi_Teulmi-3693)	COMPLETED	0	2026-08-30 21:13:12.280	2026-08-30 21:13:12.377	2026-08-30 21:13:20.148	5.8s	2	6 GB	208.4 MB	2.7 GB	110.1%	0.3%	274.7 MB	7.9 MB
1626	07/3afd68	BGC_ANALYSIS:ANTISMASH_ANALYSIS:ANTISMASH (Candidatus_Erwinia_haradaeae_ErCipseudotaxifoliae_2)	COMPLETED	0	2026-08-30 21:13:11.567	2026-08-30 21:13:11.663	2026-08-30 21:13:20.251	6.7s	2	6 GB	473.7 MB	7.6 GB	107.8%	0.8%	284.4 MB	12.3 MB
1591	0b/32ded7	BGC_ANALYSIS:ANTISMASH_ANALYSIS:ANTISMASH (uncultured_Pantoea_sp._GCA_965726485.1)	COMPLETED	0	2026-08-30 21:11:58.918	2026-08-30 21:11:59.015	2026-08-30 21:13:27.292	1m 26s	2	6 GB	497.1 MB	7.7 GB	108.8%	0.8%	4.5 GB	134.8 MB
1600	8f/4e785e	BGC_ANALYSIS:ANTISMASH_ANALYSIS:ANTISMASH (Buchnera_aphidicola_Cinara_cf._splendens_pseudotsugae_3390_BuCisplendens_pseudotsugae)	COMPLETED	0	2026-08-30 21:13:20.254	2026-08-30 21:13:20.351	2026-08-30 21:13:27.616	5.4s	2	6 GB	209.5 MB	2.7 GB	112.1%	0.3%	262.8 MB	7.5 MB
1608	1c/2bb79c	BGC_ANALYSIS:ANTISMASH_ANALYSIS:ANTISMASH (Buchnera_aphidicola_Cinara_splendens_BuCisplendens)	COMPLETED	0	2026-08-30 21:13:20.152	2026-08-30 21:13:20.248	2026-08-30 21:13:27.654	5.5s	2	6 GB	209.9 MB	2.7 GB	111.9%	0.3%	262.8 MB	7.5 MB
1598	77/e4f98c	BGC_ANALYSIS:ANTISMASH_ANALYSIS:ANTISMASH (Buchnera_aphidicola_Chaitophorus_populicola_Chpopulicola-3609)	COMPLETED	0	2026-08-30 21:13:27.295	2026-08-30 21:13:27.392	2026-08-30 21:13:33.844	4.7s	2	6 GB	199.1 MB	2.7 GB	109.9%	0.3%	223.2 MB	4.2 MB
1613	66/a7068b	BGC_ANALYSIS:ANTISMASH_ANALYSIS:ANTISMASH (Buchnera_aphidicola_Periphyllus_acericola_GCA_964019855.1)	COMPLETED	0	2026-08-30 21:13:27.657	2026-08-30 21:13:27.754	2026-08-30 21:13:34.187	4.6s	2	6 GB	436.1 MB	7.3 GB	103.1%	0.7%	218.6 MB	4.1 MB
1603	a4/1465fe	BGC_ANALYSIS:ANTISMASH_ANALYSIS:ANTISMASH (Buchnera_aphidicola_Cinara_curvipes_BuCicurvipes)	COMPLETED	0	2026-08-30 21:13:27.619	2026-08-30 21:13:27.654	2026-08-30 21:13:34.903	5.4s	2	6 GB	205.8 MB	2.7 GB	105.7%	0.3%	263.1 MB	7.5 MB
1621	9b/302532	BGC_ANALYSIS:ANTISMASH_ANALYSIS:ANTISMASH (Candidatus_Erwinia_haradaeae_ErCicurtihirsuta)	COMPLETED	0	2026-08-30 21:13:33.847	2026-08-30 21:13:33.944	2026-08-30 21:13:42.314	6.5s	2	6 GB	489.9 MB	7.6 GB	110.4%	0.8%	283.2 MB	12.4 MB
1628	b5/2d57bd	BGC_ANALYSIS:ANTISMASH_ANALYSIS:ANTISMASH (Candidatus_Erwinia_haradaeae_ErCisplendens)	COMPLETED	0	2026-08-30 21:13:34.191	2026-08-30 21:13:34.287	2026-08-30 21:13:42.592	6.5s	2	6 GB	489.6 MB	7.6 GB	111.3%	0.8%	283.3 MB	12.1 MB
1624	16/2aea78	BGC_ANALYSIS:ANTISMASH_ANALYSIS:ANTISMASH (Candidatus_Erwinia_haradaeae_ErCilaricifoliae)	COMPLETED	0	2026-08-30 21:13:34.907	2026-08-30 21:13:35.003	2026-08-30 21:13:43.191	6.5s	2	6 GB	494.3 MB	7.6 GB	107.1%	0.8%	286.2 MB	12.3 MB
1617	ae/222c69	BGC_ANALYSIS:ANTISMASH_ANALYSIS:ANTISMASH (Buchnera_aphidicola_Thelaxes_suberi_Thsuberi-3717)	COMPLETED	0	2026-08-30 21:13:42.317	2026-08-30 21:13:42.414	2026-08-30 21:13:49.945	5.7s	2	6 GB	211.2 MB	2.7 GB	111.9%	0.3%	296.5 MB	8.4 MB
1620	bb/eb414f	BGC_ANALYSIS:ANTISMASH_ANALYSIS:ANTISMASH (Candidatus_Erwinia_haradaeae_ErCicuneomaculata)	COMPLETED	0	2026-08-30 21:13:42.595	2026-08-30 21:13:42.693	2026-08-30 21:13:50.811	6.4s	2	6 GB	492.8 MB	7.6 GB	110.8%	0.8%	283.9 MB	12 MB
1627	6b/dffd8d	BGC_ANALYSIS:ANTISMASH_ANALYSIS:ANTISMASH (Candidatus_Erwinia_haradaeae_ErCipseudotsugae)	COMPLETED	0	2026-08-30 21:13:43.194	2026-08-30 21:13:43.291	2026-08-30 21:13:51.406	6.3s	2	6 GB	495.2 MB	7.6 GB	111.9%	0.8%	283.1 MB	12.1 MB
1618	e4/615664	BGC_ANALYSIS:ANTISMASH_ANALYSIS:ANTISMASH (Buchnera_aphidicola_Tuberolachnus_salignus_GCA_964031235.1)	COMPLETED	0	2026-08-30 21:13:51.409	2026-08-30 21:13:51.506	2026-08-30 21:13:57.775	4.5s	2	6 GB	427.6 MB	7.3 GB	114.8%	0.7%	215.5 MB	3.9 MB
1622	d1/aacd1a	BGC_ANALYSIS:ANTISMASH_ANALYSIS:ANTISMASH (Candidatus_Erwinia_haradaeae_ErCicurvipes)	COMPLETED	0	2026-08-30 21:13:50.814	2026-08-30 21:13:50.911	2026-08-30 21:13:58.925	6.3s	2	6 GB	474.5 MB	7.6 GB	112.1%	0.8%	283.7 MB	12.4 MB
1630	86/fb8a40	BGC_ANALYSIS:ANTISMASH_ANALYSIS:ANTISMASH (Candidatus_Erwinia_impunctatus_GCA_964016415.1)	COMPLETED	0	2026-08-30 21:13:49.948	2026-08-30 21:13:50.045	2026-08-30 21:14:06.483	14.6s	2	6 GB	727.8 MB	7.8 GB	132.5%	1.2%	658.5 MB	43.6 MB
1625	75/f3221b	BGC_ANALYSIS:ANTISMASH_ANALYSIS:ANTISMASH (Candidatus_Erwinia_haradaeae_ErCipiceae)	COMPLETED	0	2026-08-30 21:13:58.928	2026-08-30 21:13:59.024	2026-08-30 21:14:07.228	6.3s	2	6 GB	479.7 MB	7.6 GB	110.2%	0.7%	283.4 MB	12.9 MB
1623	7f/6668ca	BGC_ANALYSIS:ANTISMASH_ANALYSIS:ANTISMASH (Candidatus_Erwinia_haradaeae_ErCikochiana)	COMPLETED	0	2026-08-30 21:14:06.486	2026-08-30 21:14:06.583	2026-08-30 21:14:15.146	6.8s	2	6 GB	475.4 MB	7.6 GB	107.2%	0.8%	284.5 MB	12.5 MB
1633	a2/55f1cb	BGC_ANALYSIS:ANTISMASH_ANALYSIS:ANTISMASH (Erwinia_mediterraneensis_Marseille-P5165)	COMPLETED	0	2026-08-30 21:13:57.778	2026-08-30 21:13:57.875	2026-08-30 21:14:19.031	19.3s	2	6 GB	586.8 MB	7.8 GB	127.7%	0.9%	759.9 MB	39.6 MB
1593	f0/d39851	BGC_ANALYSIS:ANTISMASH_ANALYSIS:ANTISMASH (uncultured_Pantoea_sp._GCA_966185735.1)	COMPLETED	0	2026-08-30 21:11:22.659	2026-08-30 21:11:22.756	2026-08-30 21:14:28.395	3m 4s	2	6 GB	503.1 MB	7.7 GB	114.8%	0.8%	10.3 GB	267.2 MB
1639	f6/6507b0	BGC_ANALYSIS:ANTISMASH_ANALYSIS:ANTISMASH (Pantoea_agglomerans_NCTC10500)	COMPLETED	0	2026-08-30 21:14:15.150	2026-08-30 21:14:15.247	2026-08-30 21:14:35.821	18.7s	2	6 GB	781.5 MB	7.8 GB	129.4%	1.3%	831.6 MB	52.9 MB
1636	66/ca0d9b	BGC_ANALYSIS:ANTISMASH_ANALYSIS:ANTISMASH (Pantoea_agglomerans_GCA_900185875.1)	COMPLETED	0	2026-08-30 21:14:07.231	2026-08-30 21:14:07.328	2026-08-30 21:14:38.456	29.3s	2	6 GB	527.2 MB	7.8 GB	105.5%	0.9%	1.2 GB	53 MB
1640	52/d3fb53	BGC_ANALYSIS:ANTISMASH_ANALYSIS:ANTISMASH (Pantoea_agglomerans_NCTC10601)	COMPLETED	0	2026-08-30 21:14:28.399	2026-08-30 21:14:28.495	2026-08-30 21:14:49.787	19.4s	2	6 GB	722.3 MB	7.8 GB	123.5%	1.3%	884.1 MB	54.9 MB
1588	a6/42338a	BGC_ANALYSIS:ANTISMASH_ANALYSIS:ANTISMASH (Pantoea_wallisii_GCA_966186725.1)	COMPLETED	0	2026-08-30 21:11:56.469	2026-08-30 21:11:56.567	2026-08-30 21:15:00.365	3m 2s	2	6 GB	513.4 MB	7.7 GB	113.8%	0.8%	10.5 GB	269.5 MB
1631	fb/c616a3	BGC_ANALYSIS:ANTISMASH_ANALYSIS:ANTISMASH (Candidatus_Pantoea_floridensis_JKS000234)	COMPLETED	0	2026-08-30 21:14:38.459	2026-08-30 21:14:38.556	2026-08-30 21:15:01.991	21.6s	2	6 GB	790.1 MB	7.8 GB	126.4%	1.3%	965.5 MB	60.5 MB
1649	bc/cfd35a	BGC_ANALYSIS:ANTISMASH_ANALYSIS:ANTISMASH (Pantoea_sp._18059_GCA_902706165.1)	COMPLETED	0	2026-08-30 21:14:49.790	2026-08-30 21:14:49.887	2026-08-30 21:15:18.771	27s	2	6 GB	519.8 MB	7.8 GB	110.0%	0.7%	1.1 GB	49.5 MB
1645	4c/e3b562	BGC_ANALYSIS:ANTISMASH_ANALYSIS:ANTISMASH (Pantoea_brenneri_GCA_963517145.1)	COMPLETED	0	2026-08-30 21:14:19.034	2026-08-30 21:14:19.132	2026-08-30 21:15:23.126	1m 2s	2	6 GB	488.8 MB	7.6 GB	105.9%	0.7%	3.2 GB	102.4 MB
1637	84/e3a6b3	BGC_ANALYSIS:ANTISMASH_ANALYSIS:ANTISMASH (Pantoea_agglomerans_GCA_963528405.1)	COMPLETED	0	2026-08-30 21:15:00.368	2026-08-30 21:15:00.466	2026-08-30 21:15:37.454	35.1s	2	6 GB	485.2 MB	7.8 GB	102.5%	0.7%	1.6 GB	63 MB
1642	46/7182e6	BGC_ANALYSIS:ANTISMASH_ANALYSIS:ANTISMASH (Pantoea_agglomerans_RSO7)	COMPLETED	0	2026-08-30 21:15:18.774	2026-08-30 21:15:18.872	2026-08-30 21:15:49.126	28.3s	2	6 GB	493.6 MB	7.8 GB	104.8%	0.7%	1.2 GB	52.2 MB
1643	b8/45bc5b	BGC_ANALYSIS:ANTISMASH_ANALYSIS:ANTISMASH (Pantoea_ananatis_GCA_963520565.1)	COMPLETED	0	2026-08-30 21:15:23.129	2026-08-30 21:15:23.226	2026-08-30 21:16:01.831	36.8s	2	6 GB	490.7 MB	7.7 GB	104.8%	0.7%	1.8 GB	66.5 MB
1653	88/00cbf8	BGC_ANALYSIS:ANTISMASH_ANALYSIS:ANTISMASH (Pantoea_sp._Marseille-Q5743)	COMPLETED	0	2026-08-30 21:15:37.457	2026-08-30 21:15:37.554	2026-08-30 21:16:07.344	28s	2	6 GB	515.9 MB	7.7 GB	109.8%	0.7%	1.2 GB	54.4 MB
1654	5b/cf6ad3	BGC_ANALYSIS:ANTISMASH_ANALYSIS:ANTISMASH (Pantoea_sp._Nvir_GCA_960934465.1)	COMPLETED	0	2026-08-30 21:16:01.834	2026-08-30 21:16:01.931	2026-08-30 21:16:14.027	10.3s	2	6 GB	220.6 MB	2.7 GB	104.5%	0.3%	520.7 MB	20 MB
1651	c0/aa381b	BGC_ANALYSIS:ANTISMASH_ANALYSIS:ANTISMASH (Pantoea_sp._GL120224-02)	COMPLETED	0	2026-08-30 21:15:49.130	2026-08-30 21:15:49.226	2026-08-30 21:16:21.985	30.9s	2	6 GB	668.3 MB	7.7 GB	97.1%	1.2%	1.4 GB	68.5 MB
1638	dd/ce22f1	BGC_ANALYSIS:ANTISMASH_ANALYSIS:ANTISMASH (Pantoea_agglomerans_GR13)	COMPLETED	0	2026-08-30 21:16:07.347	2026-08-30 21:16:07.445	2026-08-30 21:16:28.175	18.9s	2	6 GB	690.2 MB	7.7 GB	123.0%	1.2%	842.6 MB	52.2 MB
1659	46/49a17f	BGC_ANALYSIS:ANTISMASH_ANALYSIS:ANTISMASH (uncultured_Buchnera_sp._GCA_913776765.1)	COMPLETED	0	2026-08-30 21:16:21.988	2026-08-30 21:16:22.086	2026-08-30 21:16:29.899	5.8s	2	6 GB	196.8 MB	2.7 GB	109.3%	0.3%	267.2 MB	7.1 MB
1655	c9/dcc1bd	BGC_ANALYSIS:ANTISMASH_ANALYSIS:ANTISMASH (Pantoea_sp._Nvir_GCA_963853465.1)	COMPLETED	0	2026-08-30 21:16:28.178	2026-08-30 21:16:28.275	2026-08-30 21:16:48.989	18.8s	2	6 GB	743.5 MB	7.8 GB	132.5%	1.2%	834.2 MB	53.8 MB
1596	01/1f428b	BGC_ANALYSIS:ANTISMASH_ANALYSIS:ANTISMASH (uncultured_Pantoea_sp._GCA_966426255.1)	COMPLETED	0	2026-08-30 21:12:21.492	2026-08-30 21:12:21.589	2026-08-30 21:17:01.673	4m 38s	2	6 GB	522.8 MB	7.6 GB	113.4%	1.0%	16.7 GB	421.4 MB
1661	f9/01152d	BGC_ANALYSIS:ANTISMASH_ANALYSIS:ANTISMASH (uncultured_Erwinia_sp._GCA_913774645.1)	COMPLETED	0	2026-08-30 21:16:29.902	2026-08-30 21:16:29.999	2026-08-30 21:17:03.018	31.1s	2	6 GB	473.5 MB	7.7 GB	101.3%	0.7%	1.3 GB	53.1 MB
1619	f1/c2a12e	BGC_ANALYSIS:ANTISMASH_ANALYSIS:ANTISMASH (Candidatus_Erwinia_dacicola_GCA_937876675.1)	COMPLETED	0	2026-08-30 21:13:07.762	2026-08-30 21:13:07.860	2026-08-30 21:17:12.212	4m 3s	2	6 GB	497.7 MB	7.6 GB	113.2%	0.9%	14.9 GB	374.2 MB
1635	04/2a326d	BGC_ANALYSIS:ANTISMASH_ANALYSIS:ANTISMASH (Pantoea_agglomerans_DAPP-PG734_2)	COMPLETED	0	2026-08-30 21:16:48.993	2026-08-30 21:16:49.089	2026-08-30 21:17:12.578	21.7s	2	6 GB	845.6 MB	7.9 GB	124.8%	1.4%	955.5 MB	66.2 MB
1629	17/217888	BGC_ANALYSIS:ANTISMASH_ANALYSIS:ANTISMASH (Candidatus_Erwinia_haradaeae_ErCisplendens_pseudotsugae)	COMPLETED	0	2026-08-30 21:17:12.582	2026-08-30 21:17:12.678	2026-08-30 21:17:21.041	6.5s	2	6 GB	474.9 MB	7.6 GB	111.2%	0.7%	283.8 MB	12.1 MB
1634	04/443e0c	BGC_ANALYSIS:ANTISMASH_ANALYSIS:ANTISMASH (Mixta_sp._Marseille-Q2659)	COMPLETED	0	2026-08-30 21:16:14.029	2026-08-30 21:16:14.127	2026-08-30 21:17:21.782	1m 6s	2	6 GB	4.6 GB	7.7 GB	113.3%	5.5%	9.7 GB	72.5 MB
1641	3b/c88390	BGC_ANALYSIS:ANTISMASH_ANALYSIS:ANTISMASH (Pantoea_agglomerans_NCTC9381)	COMPLETED	0	2026-08-30 21:17:03.022	2026-08-30 21:17:03.118	2026-08-30 21:17:24.083	19.1s	2	6 GB	829.7 MB	7.8 GB	129.5%	1.4%	813.8 MB	59.1 MB
1652	82/57d2c6	BGC_ANALYSIS:ANTISMASH_ANALYSIS:ANTISMASH (Pantoea_sp._ME81)	COMPLETED	0	2026-08-30 21:15:01.994	2026-08-30 21:15:02.092	2026-08-30 21:17:29.442	2m 25s	2	6 GB	526.4 MB	7.7 GB	112.8%	1.0%	8.2 GB	224.5 MB
1656	85/69e572	BGC_ANALYSIS:ANTISMASH_ANALYSIS:ANTISMASH (Pantoea_vagans_GCA_963524165.1)	COMPLETED	0	2026-08-30 21:17:01.677	2026-08-30 21:17:01.773	2026-08-30 21:17:34.428	30.7s	2	6 GB	482.2 MB	7.7 GB	102.8%	0.7%	1.4 GB	56.5 MB
1646	74/c0c4bf	BGC_ANALYSIS:ANTISMASH_ANALYSIS:ANTISMASH (Pantoea_septica_GCA_902386985.1)	COMPLETED	0	2026-08-30 21:17:24.086	2026-08-30 21:17:24.183	2026-08-30 21:17:47.458	21.5s	2	6 GB	613 MB	7.9 GB	129.1%	1.0%	876 MB	45.1 MB
1632	08/8beaf0	BGC_ANALYSIS:ANTISMASH_ANALYSIS:ANTISMASH (Erwinia_aphidicola_GCA_918698235.1)	COMPLETED	0	2026-08-30 21:17:12.214	2026-08-30 21:17:12.311	2026-08-30 21:17:49.796	35.6s	2	6 GB	750.3 MB	7.8 GB	95.7%	1.3%	1.6 GB	74.2 MB
1644	01/03b9ce	BGC_ANALYSIS:ANTISMASH_ANALYSIS:ANTISMASH (Pantoea_brenneri_GCA_902506485.1)	COMPLETED	0	2026-08-30 21:17:21.044	2026-08-30 21:17:21.141	2026-08-30 21:17:53.027	30.1s	2	6 GB	846.8 MB	7.9 GB	117.0%	1.4%	1.5 GB	74.9 MB
1666	46/e9d3f7	BGC_ANALYSIS:ANTISMASH_ANALYSIS:ANTISMASH (uncultured_Pantoea_sp._GCA_900538665.1)	COMPLETED	0	2026-08-30 21:17:21.784	2026-08-30 21:17:21.882	2026-08-30 21:18:05.181	41.5s	2	6 GB	477.3 MB	7.7 GB	101.0%	0.7%	2 GB	70.6 MB
1658	2d/659734	BGC_ANALYSIS:ANTISMASH_ANALYSIS:ANTISMASH (Tatumella_ptyseos_NCTC11468)	COMPLETED	0	2026-08-30 21:17:53.030	2026-08-30 21:17:53.127	2026-08-30 21:18:07.522	12.6s	2	6 GB	603.3 MB	7.3 GB	132.5%	1.0%	606.8 MB	25.7 MB
1647	0f/5dff52	BGC_ANALYSIS:ANTISMASH_ANALYSIS:ANTISMASH (Pantoea_septica_GCA_943914765.1)	COMPLETED	0	2026-08-30 21:14:35.825	2026-08-30 21:14:35.921	2026-08-30 21:18:18.763	3m 41s	2	6 GB	515.7 MB	7.7 GB	113.5%	1.0%	13 GB	333.8 MB
1667	77/2a537a	BGC_ANALYSIS:ANTISMASH_ANALYSIS:ANTISMASH (uncultured_Pantoea_sp._GCA_900538725.1)	COMPLETED	0	2026-08-30 21:17:34.431	2026-08-30 21:17:34.529	2026-08-30 21:18:18.942	42.6s	2	6 GB	479 MB	7.7 GB	102.3%	0.7%	2.1 GB	72.5 MB
1648	d6/8b84a0	BGC_ANALYSIS:ANTISMASH_ANALYSIS:ANTISMASH (Pantoea_septica_GCA_963524545.1)	COMPLETED	0	2026-08-30 21:17:47.462	2026-08-30 21:17:47.558	2026-08-30 21:18:26.828	37.3s	2	6 GB	475.3 MB	7.8 GB	101.6%	0.7%	1.8 GB	65.3 MB
1672	ae/35c1d9	BGC_ANALYSIS:ANTISMASH_ANALYSIS:ANTISMASH (uncultured_Pantoea_sp._GCA_902485265.1)	COMPLETED	0	2026-08-30 21:17:29.445	2026-08-30 21:17:29.542	2026-08-30 21:18:31.118	59.7s	2	6 GB	4.7 GB	7.8 GB	112.5%	5.3%	10.6 GB	61.4 MB
1675	01/948254	BGC_ANALYSIS:ANTISMASH_ANALYSIS:ANTISMASH (uncultured_Pantoea_sp._GCA_902485385.1)	COMPLETED	0	2026-08-30 21:18:07.526	2026-08-30 21:18:07.622	2026-08-30 21:18:39.241	29.8s	2	6 GB	491 MB	7.8 GB	103.5%	0.7%	1.2 GB	52.3 MB
1657	91/f056a1	BGC_ANALYSIS:ANTISMASH_ANALYSIS:ANTISMASH (Tatumella_ptyseos_GCA_937917055.1)	COMPLETED	0	2026-08-30 21:18:05.185	2026-08-30 21:18:05.281	2026-08-30 21:18:39.708	32.5s	2	6 GB	459.9 MB	7.7 GB	103.1%	0.7%	1.6 GB	54.5 MB
1660	16/d77575	BGC_ANALYSIS:ANTISMASH_ANALYSIS:ANTISMASH (uncultured_Buchnera_sp._GCA_913777495.1)	COMPLETED	0	2026-08-30 21:18:18.767	2026-08-30 21:18:18.863	2026-08-30 21:18:42.299	21.6s	2	6 GB	433.3 MB	7.5 GB	109.9%	0.7%	1.2 GB	30.3 MB
1650	a3/f5bbbc	BGC_ANALYSIS:ANTISMASH_ANALYSIS:ANTISMASH (Pantoea_sp._18069_GCA_902706035.1)	COMPLETED	0	2026-08-30 21:17:49.800	2026-08-30 21:17:49.896	2026-08-30 21:18:50.684	59s	2	6 GB	503.4 MB	7.7 GB	103.4%	0.7%	2.7 GB	93.2 MB
1665	94/48ea1a	BGC_ANALYSIS:ANTISMASH_ANALYSIS:ANTISMASH (uncultured_Erwinia_sp._GCA_963520805.1)	COMPLETED	0	2026-08-30 21:18:31.122	2026-08-30 21:18:31.219	2026-08-30 21:19:08.459	35.3s	2	6 GB	494 MB	7.8 GB	101.7%	0.7%	1.4 GB	62 MB
1663	82/7ea8c5	BGC_ANALYSIS:ANTISMASH_ANALYSIS:ANTISMASH (uncultured_Erwinia_sp._GCA_945290265.1)	COMPLETED	0	2026-08-30 21:18:39.711	2026-08-30 21:18:39.808	2026-08-30 21:19:19.715	38s	2	6 GB	510.4 MB	7.7 GB	105.1%	0.8%	1.8 GB	60.5 MB
1664	81/1691aa	BGC_ANALYSIS:ANTISMASH_ANALYSIS:ANTISMASH (uncultured_Erwinia_sp._GCA_946221915.1)	COMPLETED	0	2026-08-30 21:18:18.946	2026-08-30 21:18:19.042	2026-08-30 21:19:23.127	1m 2s	2	6 GB	534 MB	7.7 GB	105.5%	0.8%	3 GB	99.5 MB
1662	71/cae3ac	BGC_ANALYSIS:ANTISMASH_ANALYSIS:ANTISMASH (uncultured_Erwinia_sp._GCA_913775305.1)	COMPLETED	0	2026-08-30 21:18:26.832	2026-08-30 21:18:26.928	2026-08-30 21:19:33.900	1m 5s	2	6 GB	464.8 MB	7.6 GB	107.6%	0.7%	3.3 GB	100.2 MB
1670	01/129e73	BGC_ANALYSIS:ANTISMASH_ANALYSIS:ANTISMASH (uncultured_Pantoea_sp._GCA_902480395.1)	COMPLETED	0	2026-08-30 21:18:50.694	2026-08-30 21:18:50.784	2026-08-30 21:19:34.789	42s	2	6 GB	479.6 MB	7.7 GB	102.6%	0.7%	2.1 GB	72.5 MB
1673	8f/d1866a	BGC_ANALYSIS:ANTISMASH_ANALYSIS:ANTISMASH (uncultured_Pantoea_sp._GCA_902485285.1)	COMPLETED	0	2026-08-30 21:19:08.462	2026-08-30 21:19:08.559	2026-08-30 21:19:52.351	42s	2	6 GB	480.2 MB	7.8 GB	105.8%	0.7%	2 GB	72.4 MB
1674	36/e1d40d	BGC_ANALYSIS:ANTISMASH_ANALYSIS:ANTISMASH (uncultured_Pantoea_sp._GCA_902485335.1)	COMPLETED	0	2026-08-30 21:19:23.131	2026-08-30 21:19:23.227	2026-08-30 21:20:00.474	35.4s	2	6 GB	475.8 MB	7.8 GB	103.2%	0.7%	1.6 GB	61.6 MB
1678	f1/45b498	BGC_ANALYSIS:ANTISMASH_ANALYSIS:ANTISMASH (uncultured_Pantoea_sp._GCA_913774055.1)	COMPLETED	0	2026-08-30 21:19:34.792	2026-08-30 21:19:34.889	2026-08-30 21:20:00.474	23.6s	2	6 GB	476.1 MB	7.8 GB	104.8%	0.7%	972 MB	43.3 MB
1693	5a/30081d	BGC_ANALYSIS:ANTISMASH_ANALYSIS:ANTISMASH (uncultured_Pantoea_sp._GCA_963520555.1)	COMPLETED	0	2026-08-30 21:20:00.480	2026-08-30 21:20:00.575	2026-08-30 21:20:35.263	32.8s	2	6 GB	463.6 MB	7.7 GB	103.2%	0.7%	1.6 GB	56.6 MB
1684	2f/6d20be	BGC_ANALYSIS:ANTISMASH_ANALYSIS:ANTISMASH (uncultured_Pantoea_sp._GCA_913776085.1)	COMPLETED	0	2026-08-30 21:20:00.477	2026-08-30 21:20:00.574	2026-08-30 21:20:42.308	39.8s	2	6 GB	466.4 MB	7.7 GB	104.1%	0.7%	1.9 GB	68.8 MB
1668	24/8550df	BGC_ANALYSIS:ANTISMASH_ANALYSIS:ANTISMASH (uncultured_Pantoea_sp._GCA_900547325.1)	COMPLETED	0	2026-08-30 21:18:39.245	2026-08-30 21:18:39.342	2026-08-30 21:21:03.878	2m 23s	2	6 GB	510.6 MB	7.7 GB	114.2%	0.8%	8.2 GB	214.3 MB
1694	a2/5322b1	BGC_ANALYSIS:ANTISMASH_ANALYSIS:ANTISMASH (uncultured_Pantoea_sp._GCA_963523335.1)	COMPLETED	0	2026-08-30 21:20:42.311	2026-08-30 21:20:42.408	2026-08-30 21:21:08.004	23.8s	2	6 GB	488.9 MB	7.8 GB	106.8%	0.7%	1 GB	43.6 MB
1685	a6/81e4f2	BGC_ANALYSIS:ANTISMASH_ANALYSIS:ANTISMASH (uncultured_Pantoea_sp._GCA_913776375.1)	COMPLETED	0	2026-08-30 21:20:35.265	2026-08-30 21:20:35.363	2026-08-30 21:21:11.682	34.4s	2	6 GB	485.6 MB	7.7 GB	103.9%	0.7%	1.4 GB	59.9 MB
1682	53/871e1c	BGC_ANALYSIS:ANTISMASH_ANALYSIS:ANTISMASH (uncultured_Pantoea_sp._GCA_913775175.1)	COMPLETED	0	2026-08-30 21:21:03.881	2026-08-30 21:21:03.978	2026-08-30 21:21:32.505	26.7s	2	6 GB	448.7 MB	7.7 GB	105.8%	0.7%	1.4 GB	43.4 MB
1680	9a/c34337	BGC_ANALYSIS:ANTISMASH_ANALYSIS:ANTISMASH (uncultured_Pantoea_sp._GCA_913774525.1)	COMPLETED	0	2026-08-30 21:21:32.509	2026-08-30 21:21:32.605	2026-08-30 21:22:02.377	28s	2	6 GB	481 MB	7.7 GB	105.7%	0.7%	1.1 GB	50.5 MB
1669	3b/befcdf	BGC_ANALYSIS:ANTISMASH_ANALYSIS:ANTISMASH (uncultured_Pantoea_sp._GCA_900556005.1)	COMPLETED	0	2026-08-30 21:18:42.302	2026-08-30 21:18:42.399	2026-08-30 21:22:09.444	3m 25s	2	6 GB	490 MB	7.7 GB	113.8%	0.8%	12.4 GB	309.2 MB
1691	dd/deafec	BGC_ANALYSIS:ANTISMASH_ANALYSIS:ANTISMASH (uncultured_Pantoea_sp._GCA_928890885.1)	COMPLETED	0	2026-08-30 21:22:02.381	2026-08-30 21:22:02.477	2026-08-30 21:22:12.431	8.1s	2	6 GB	474.4 MB	7.3 GB	109.2%	0.7%	299.5 MB	9.8 MB
1696	37/4f0fbc	BGC_ANALYSIS:ANTISMASH_ANALYSIS:ANTISMASH (uncultured_Pantoea_sp._GCA_963530585.1)	COMPLETED	0	2026-08-30 21:21:08.008	2026-08-30 21:21:08.105	2026-08-30 21:22:29.296	1m 19s	2	6 GB	513.9 MB	7.7 GB	112.4%	0.7%	4.4 GB	124.3 MB
1679	2d/9540d9	BGC_ANALYSIS:ANTISMASH_ANALYSIS:ANTISMASH (uncultured_Pantoea_sp._GCA_913774225.1)	COMPLETED	0	2026-08-30 21:22:09.448	2026-08-30 21:22:09.544	2026-08-30 21:22:42.647	31.3s	2	6 GB	489.5 MB	7.8 GB	103.9%	0.7%	1.3 GB	55.6 MB
1671	f3/ee6a49	BGC_ANALYSIS:ANTISMASH_ANALYSIS:ANTISMASH (uncultured_Pantoea_sp._GCA_902482755.1)	COMPLETED	0	2026-08-30 21:19:19.719	2026-08-30 21:19:19.815	2026-08-30 21:22:45.502	3m 24s	2	6 GB	474.7 MB	7.6 GB	114.0%	0.7%	12.4 GB	310 MB
1677	68/c893ab	BGC_ANALYSIS:ANTISMASH_ANALYSIS:ANTISMASH (uncultured_Pantoea_sp._GCA_913773645.1)	COMPLETED	0	2026-08-30 21:19:52.354	2026-08-30 21:19:52.451	2026-08-30 21:23:01.532	3m 7s	2	6 GB	517.3 MB	7.7 GB	115.6%	0.8%	10.9 GB	280.7 MB
1690	18/f047df	BGC_ANALYSIS:ANTISMASH_ANALYSIS:ANTISMASH (uncultured_Pantoea_sp._GCA_913778595.1)	COMPLETED	0	2026-08-30 21:21:11.685	2026-08-30 21:21:11.782	2026-08-30 21:23:12.171	1m 59s	2	6 GB	494.5 MB	7.7 GB	113.9%	0.8%	6.6 GB	178 MB
1689	0a/98d476	BGC_ANALYSIS:ANTISMASH_ANALYSIS:ANTISMASH (uncultured_Pantoea_sp._GCA_913778495.1)	COMPLETED	0	2026-08-30 21:22:45.505	2026-08-30 21:22:45.602	2026-08-30 21:23:19.657	32.2s	2	6 GB	498 MB	7.8 GB	104.3%	0.8%	1.5 GB	55.6 MB
1695	b6/29e472	BGC_ANALYSIS:ANTISMASH_ANALYSIS:ANTISMASH (uncultured_Pantoea_sp._GCA_963528295.1)	COMPLETED	0	2026-08-30 21:23:12.174	2026-08-30 21:23:12.271	2026-08-30 21:23:36.186	22s	2	6 GB	522.3 MB	7.7 GB	115.2%	0.8%	977.5 MB	43.3 MB
1676	7d/d8361d	BGC_ANALYSIS:ANTISMASH_ANALYSIS:ANTISMASH (uncultured_Pantoea_sp._GCA_902489305.1)	COMPLETED	0	2026-08-30 21:19:33.903	2026-08-30 21:19:34.000	2026-08-30 21:23:40.328	4m 4s	2	6 GB	516.3 MB	7.7 GB	114.1%	1.0%	14.6 GB	370 MB
1711	c9/6d8ab6	BGC_ANALYSIS:ANTISMASH_ANALYSIS:ANTISMASH (Buchnera_aphidicola_Neophyllaphis_podocarpi_Neopo25)	COMPLETED	0	2026-08-30 21:23:40.331	2026-08-30 21:23:40.428	2026-08-30 21:23:48.083	5.8s	2	6 GB	212.1 MB	2.7 GB	110.8%	0.3%	280.8 MB	9.1 MB
1692	a7/f00367	BGC_ANALYSIS:ANTISMASH_ANALYSIS:ANTISMASH (uncultured_Pantoea_sp._GCA_937952525.1)	COMPLETED	0	2026-08-30 21:23:01.535	2026-08-30 21:23:01.632	2026-08-30 21:23:48.208	44.7s	2	6 GB	499 MB	7.7 GB	103.1%	0.7%	2.1 GB	76.7 MB
1706	05/af59fa	BGC_ANALYSIS:ANTISMASH_ANALYSIS:ANTISMASH (Buchnera_aphidicola_Kurisakia_onigurumii_Kuron24)	COMPLETED	0	2026-08-30 21:23:48.211	2026-08-30 21:23:48.308	2026-08-30 21:23:55.585	5.4s	2	6 GB	208.4 MB	2.7 GB	112.2%	0.3%	272.7 MB	8.3 MB
1712	0c/6a5733	BGC_ANALYSIS:ANTISMASH_ANALYSIS:ANTISMASH (Buchnera_aphidicola_Neophyllaphis_varicolor_Neova26)	COMPLETED	0	2026-08-30 21:23:48.086	2026-08-30 21:23:48.183	2026-08-30 21:23:55.804	5.8s	2	6 GB	212.1 MB	2.7 GB	110.4%	0.3%	280.7 MB	9.1 MB
1683	4c/4ec054	BGC_ANALYSIS:ANTISMASH_ANALYSIS:ANTISMASH (uncultured_Pantoea_sp._GCA_913775655.1)	COMPLETED	0	2026-08-30 21:23:19.660	2026-08-30 21:23:19.757	2026-08-30 21:24:00.148	38.4s	2	6 GB	469.4 MB	7.7 GB	102.0%	0.7%	1.8 GB	66.9 MB
1710	f3/c1dcb0	BGC_ANALYSIS:ANTISMASH_ANALYSIS:ANTISMASH (Buchnera_aphidicola_Mollitrichosiphum_nigrofasciatum_Molni12)	COMPLETED	0	2026-08-30 21:23:55.588	2026-08-30 21:23:55.686	2026-08-30 21:24:02.802	5.3s	2	6 GB	204.2 MB	2.7 GB	112.8%	0.3%	260.9 MB	7.3 MB
1707	65/113917	BGC_ANALYSIS:ANTISMASH_ANALYSIS:ANTISMASH (Buchnera_aphidicola_Mindarus_japonicus_Minja20)	COMPLETED	0	2026-08-30 21:23:55.807	2026-08-30 21:23:55.904	2026-08-30 21:24:03.289	5.6s	2	6 GB	210.9 MB	2.7 GB	111.3%	0.3%	276.6 MB	8.7 MB
1708	e7/1eee15	BGC_ANALYSIS:ANTISMASH_ANALYSIS:ANTISMASH (Buchnera_aphidicola_Mindarus_keteleerifoliae_Minke18)	COMPLETED	0	2026-08-30 21:24:00.152	2026-08-30 21:24:00.248	2026-08-30 21:24:07.642	5.6s	2	6 GB	206.6 MB	2.7 GB	112.6%	0.3%	275.6 MB	8.7 MB
1709	b9/7ca7a8	BGC_ANALYSIS:ANTISMASH_ANALYSIS:ANTISMASH (Buchnera_aphidicola_Mindarus_keteleerifoliae_Minke19)	COMPLETED	0	2026-08-30 21:24:02.804	2026-08-30 21:24:02.902	2026-08-30 21:24:10.199	5.6s	2	6 GB	210.1 MB	2.7 GB	112.3%	0.3%	275.5 MB	8.7 MB
1701	16/852bba	BGC_ANALYSIS:ANTISMASH_ANALYSIS:ANTISMASH (Buchnera_aphidicola_Ceratoglyphina_bambusae_Cerba01)	COMPLETED	0	2026-08-30 21:24:03.291	2026-08-30 21:24:03.389	2026-08-30 21:24:10.421	5.3s	2	6 GB	208.6 MB	2.7 GB	113.0%	0.3%	262.8 MB	7.4 MB
1705	b9/348669	BGC_ANALYSIS:ANTISMASH_ANALYSIS:ANTISMASH (Buchnera_aphidicola_Kurisakia_onigurumii_Kuron23)	COMPLETED	0	2026-08-30 21:24:07.644	2026-08-30 21:24:07.742	2026-08-30 21:24:14.842	5.3s	2	6 GB	204.1 MB	2.7 GB	113.6%	0.3%	272.6 MB	8.3 MB
1720	56/659695	BGC_ANALYSIS:ANTISMASH_ANALYSIS:ANTISMASH (Buchnera_aphidicola_Takecallis_taiwana_Takta16)	COMPLETED	0	2026-08-30 21:24:10.424	2026-08-30 21:24:10.522	2026-08-30 21:24:16.767	4.5s	2	6 GB	202.2 MB	2.7 GB	115.7%	0.3%	219.2 MB	4.3 MB
1697	eb/a75a05	BGC_ANALYSIS:ANTISMASH_ANALYSIS:ANTISMASH (Buchnera_aphidicola_Aphis_aurantii_Aphau13)	COMPLETED	0	2026-08-30 21:24:10.203	2026-08-30 21:24:10.299	2026-08-30 21:24:18.016	6s	2	6 GB	212.2 MB	2.7 GB	110.1%	0.3%	290.3 MB	9.9 MB
1681	f4/53531d	BGC_ANALYSIS:ANTISMASH_ANALYSIS:ANTISMASH (uncultured_Pantoea_sp._GCA_913774635.1)	COMPLETED	0	2026-08-30 21:23:36.190	2026-08-30 21:23:36.287	2026-08-30 21:24:20.995	42.9s	2	6 GB	478.4 MB	7.8 GB	102.9%	0.7%	2.2 GB	76.6 MB
1704	5b/f93922	BGC_ANALYSIS:ANTISMASH_ANALYSIS:ANTISMASH (Buchnera_aphidicola_Greenidea_ficicola_Grefi11)	COMPLETED	0	2026-08-30 21:24:14.845	2026-08-30 21:24:14.943	2026-08-30 21:24:22.086	5.3s	2	6 GB	204.2 MB	2.7 GB	113.7%	0.3%	260.9 MB	7.2 MB
1715	54/3e069a	BGC_ANALYSIS:ANTISMASH_ANALYSIS:ANTISMASH (Buchnera_aphidicola_Periphyllus_koelreuteriae_Perko21)	COMPLETED	0	2026-08-30 21:24:16.771	2026-08-30 21:24:16.867	2026-08-30 21:24:23.192	4.5s	2	6 GB	200.8 MB	2.7 GB	111.6%	0.3%	220.8 MB	4.4 MB
1718	db/49978b	BGC_ANALYSIS:ANTISMASH_ANALYSIS:ANTISMASH (Buchnera_aphidicola_Pseudoregma_panicola_Psepa07)	COMPLETED	0	2026-08-30 21:24:18.020	2026-08-30 21:24:18.117	2026-08-30 21:24:25.208	5.3s	2	6 GB	204.2 MB	2.7 GB	110.5%	0.3%	261.7 MB	7.3 MB
1703	8b/9a53a8	BGC_ANALYSIS:ANTISMASH_ANALYSIS:ANTISMASH (Buchnera_aphidicola_Chaitoregma_tattakana_Chata04)	COMPLETED	0	2026-08-30 21:24:20.998	2026-08-30 21:24:21.095	2026-08-30 21:24:27.864	5s	2	6 GB	208.4 MB	2.7 GB	110.2%	0.3%	241 MB	6.8 MB
1702	05/59d34b	BGC_ANALYSIS:ANTISMASH_ANALYSIS:ANTISMASH (Buchnera_aphidicola_Ceratovacuna_keduensis_Cerke05)	COMPLETED	0	2026-08-30 21:24:22.090	2026-08-30 21:24:22.187	2026-08-30 21:24:29.342	5.3s	2	6 GB	208.9 MB	2.7 GB	110.8%	0.3%	261.7 MB	7.3 MB
1700	bc/034c7a	BGC_ANALYSIS:ANTISMASH_ANALYSIS:ANTISMASH (Buchnera_aphidicola_Astegopteryx_bambusae_Astba03)	COMPLETED	0	2026-08-30 21:24:23.196	2026-08-30 21:24:23.292	2026-08-30 21:24:30.306	5.3s	2	6 GB	204.9 MB	2.7 GB	109.5%	0.3%	261.5 MB	7.3 MB
1698	67/6227ba	BGC_ANALYSIS:ANTISMASH_ANALYSIS:ANTISMASH (Buchnera_aphidicola_Aphis_aurantii_Aphau14)	COMPLETED	0	2026-08-30 21:24:25.211	2026-08-30 21:24:25.307	2026-08-30 21:24:33.168	6.1s	2	6 GB	212 MB	2.7 GB	107.4%	0.3%	290.4 MB	9.9 MB
1699	dd/428759	BGC_ANALYSIS:ANTISMASH_ANALYSIS:ANTISMASH (Buchnera_aphidicola_Astegopteryx_bambusae_Astba02)	COMPLETED	0	2026-08-30 21:24:27.867	2026-08-30 21:24:27.965	2026-08-30 21:24:34.991	5.2s	2	6 GB	208.7 MB	2.7 GB	110.5%	0.3%	261.6 MB	7.3 MB
1713	9b/c022b7	BGC_ANALYSIS:ANTISMASH_ANALYSIS:ANTISMASH (Buchnera_aphidicola_Nippolachnus_piri_Nippi09)	COMPLETED	0	2026-08-30 21:24:30.309	2026-08-30 21:24:30.406	2026-08-30 21:24:37.382	5.2s	2	6 GB	206.7 MB	2.7 GB	112.0%	0.3%	261.2 MB	7.3 MB
1717	01/4e6e28	BGC_ANALYSIS:ANTISMASH_ANALYSIS:ANTISMASH (Buchnera_aphidicola_Pseudoregma_panicola_Psepa06)	COMPLETED	0	2026-08-30 21:24:34.994	2026-08-30 21:24:35.091	2026-08-30 21:24:42.284	5.3s	2	6 GB	204.7 MB	2.7 GB	112.5%	0.3%	261.7 MB	7.3 MB
1716	ba/7c420a	BGC_ANALYSIS:ANTISMASH_ANALYSIS:ANTISMASH (Buchnera_aphidicola_Periphyllus_koelreuteriae_Perko22)	COMPLETED	0	2026-08-30 21:24:37.385	2026-08-30 21:24:37.482	2026-08-30 21:24:43.891	4.6s	2	6 GB	201.8 MB	2.7 GB	111.9%	0.3%	220.5 MB	4.4 MB
1714	e8/fd087c	BGC_ANALYSIS:ANTISMASH_ANALYSIS:ANTISMASH (Buchnera_aphidicola_Nippolachnus_piri_Nippi10)	COMPLETED	0	2026-08-30 21:24:42.287	2026-08-30 21:24:42.385	2026-08-30 21:24:49.359	5.2s	2	6 GB	206.4 MB	2.7 GB	114.7%	0.3%	261.2 MB	7.3 MB
1719	c2/0f0ef3	BGC_ANALYSIS:ANTISMASH_ANALYSIS:ANTISMASH (Buchnera_aphidicola_Shivaphis_celti_Shice15)	COMPLETED	0	2026-08-30 21:24:43.894	2026-08-30 21:24:43.991	2026-08-30 21:24:50.328	4.5s	2	6 GB	202.1 MB	2.7 GB	113.5%	0.3%	218.8 MB	4.3 MB
1727	c3/a4cdc0	BGC_ANALYSIS:ANTISMASH_ANALYSIS:ANTISMASH (Erwinia_aphidicola_USHLN260)	COMPLETED	0	2026-08-30 21:24:33.171	2026-08-30 21:24:33.268	2026-08-30 21:25:06.376	31.3s	2	6 GB	501.3 MB	7.8 GB	105.4%	0.7%	1.3 GB	56.3 MB
1724	95/1d98f6	BGC_ANALYSIS:ANTISMASH_ANALYSIS:ANTISMASH (Erwinia_aphidicola_EPB1)	COMPLETED	0	2026-08-30 21:24:29.345	2026-08-30 21:24:29.442	2026-08-30 21:25:09.743	38.5s	2	6 GB	725.4 MB	7.8 GB	95.1%	1.3%	1.8 GB	87.5 MB
1734	33/11ca6f	BGC_ANALYSIS:ANTISMASH_ANALYSIS:ANTISMASH (Erwinia_persicina_ML2-2023-5)	COMPLETED	0	2026-08-30 21:24:50.331	2026-08-30 21:24:50.428	2026-08-30 21:25:12.071	19.9s	2	6 GB	824 MB	7.8 GB	137.4%	1.4%	906.4 MB	62.4 MB
1721	a0/6259bd	BGC_ANALYSIS:ANTISMASH_ANALYSIS:ANTISMASH (Buchnera_aphidicola_Takecallis_taiwana_Takta17)	COMPLETED	0	2026-08-30 21:25:06.380	2026-08-30 21:25:06.476	2026-08-30 21:25:13.015	4.6s	2	6 GB	199.2 MB	2.7 GB	113.0%	0.3%	219.2 MB	4.3 MB
1688	6c/63df32	BGC_ANALYSIS:ANTISMASH_ANALYSIS:ANTISMASH (uncultured_Pantoea_sp._GCA_913777825.1)	COMPLETED	0	2026-08-30 21:22:29.299	2026-08-30 21:22:29.397	2026-08-30 21:25:13.586	2m 42s	2	6 GB	474.6 MB	7.6 GB	113.8%	0.7%	9.4 GB	243.6 MB
1722	62/d9c4a7	BGC_ANALYSIS:ANTISMASH_ANALYSIS:ANTISMASH (Buchnera_aphidicola_Tuberolachnus_salignus_Tubsa08)	COMPLETED	0	2026-08-30 21:25:12.074	2026-08-30 21:25:12.171	2026-08-30 21:25:19.145	5.3s	2	6 GB	210.4 MB	2.7 GB	111.2%	0.3%	261.7 MB	7.3 MB
1732	54/9e11d0	BGC_ANALYSIS:ANTISMASH_ANALYSIS:ANTISMASH (Erwinia_billingiae_MYb121_2)	COMPLETED	0	2026-08-30 21:24:49.363	2026-08-30 21:24:49.459	2026-08-30 21:25:21.581	30.3s	2	6 GB	796.8 MB	7.8 GB	97.9%	1.3%	1.3 GB	73.2 MB
1735	4a/bfadf6	BGC_ANALYSIS:ANTISMASH_ANALYSIS:ANTISMASH (Erwinia_psychrophila_CCM_9357)	COMPLETED	0	2026-08-30 21:25:09.745	2026-08-30 21:25:09.843	2026-08-30 21:25:36.381	24.7s	2	6 GB	709.9 MB	7.8 GB	99.2%	1.3%	1.1 GB	61.4 MB
1687	d3/ba8bff	BGC_ANALYSIS:ANTISMASH_ANALYSIS:ANTISMASH (uncultured_Pantoea_sp._GCA_913777425.1)	COMPLETED	0	2026-08-30 21:22:42.650	2026-08-30 21:22:42.747	2026-08-30 21:25:38.616	2m 54s	2	6 GB	477.6 MB	7.6 GB	113.0%	0.7%	10.1 GB	263.6 MB
1742	ee/70e5bf	BGC_ANALYSIS:ANTISMASH_ANALYSIS:ANTISMASH (Pantoea_agglomerans_AS129)	COMPLETED	0	2026-08-30 21:25:13.018	2026-08-30 21:25:13.115	2026-08-30 21:25:39.004	24.2s	2	6 GB	558.5 MB	7.9 GB	113.4%	0.9%	1 GB	49.1 MB
1686	b9/7f4fac	BGC_ANALYSIS:ANTISMASH_ANALYSIS:ANTISMASH (uncultured_Pantoea_sp._GCA_913777075.1)	COMPLETED	0	2026-08-30 21:22:12.433	2026-08-30 21:22:12.531	2026-08-30 21:25:41.341	3m 27s	2	6 GB	526.4 MB	7.7 GB	112.4%	0.9%	12.2 GB	314.3 MB
1737	99/dd0c04	BGC_ANALYSIS:ANTISMASH_ANALYSIS:ANTISMASH (Erwinia_sp._MYb375)	COMPLETED	0	2026-08-30 21:25:13.590	2026-08-30 21:25:13.686	2026-08-30 21:25:42.535	27.1s	2	6 GB	731.8 MB	7.8 GB	102.0%	1.3%	1.1 GB	66 MB
1728	71/c8a478	BGC_ANALYSIS:ANTISMASH_ANALYSIS:ANTISMASH (Erwinia_aphidicola_USHLN281)	COMPLETED	0	2026-08-30 21:25:21.584	2026-08-30 21:25:21.681	2026-08-30 21:25:53.675	30.1s	2	6 GB	505 MB	7.8 GB	105.1%	0.7%	1.2 GB	52.8 MB
1723	ba/e7eea4	BGC_ANALYSIS:ANTISMASH_ANALYSIS:ANTISMASH (Erwinia_amylovora_YKB14808)	COMPLETED	0	2026-08-30 21:25:38.619	2026-08-30 21:25:38.716	2026-08-30 21:25:56.460	16s	2	6 GB	732.7 MB	7.8 GB	132.9%	1.2%	671.7 MB	46.2 MB
1741	8c/2b3ee5	BGC_ANALYSIS:ANTISMASH_ANALYSIS:ANTISMASH (Pantoea_agglomerans_AS085)	COMPLETED	0	2026-08-30 21:25:36.385	2026-08-30 21:25:36.481	2026-08-30 21:26:05.637	27.3s	2	6 GB	502.9 MB	7.7 GB	103.8%	0.7%	1.2 GB	52.4 MB
1725	8b/cb43cc	BGC_ANALYSIS:ANTISMASH_ANALYSIS:ANTISMASH (Erwinia_aphidicola_QCJ2B)	COMPLETED	0	2026-08-30 21:25:19.148	2026-08-30 21:25:19.245	2026-08-30 21:26:06.668	45.5s	2	6 GB	730.2 MB	7.8 GB	94.2%	1.3%	2.2 GB	96.2 MB
1731	28/104e53	BGC_ANALYSIS:ANTISMASH_ANALYSIS:ANTISMASH (Erwinia_aphidicola_USMM130)	COMPLETED	0	2026-08-30 21:25:42.539	2026-08-30 21:25:42.635	2026-08-30 21:26:14.458	30.1s	2	6 GB	504.3 MB	7.8 GB	105.9%	0.7%	1.2 GB	52.8 MB
1730	05/b148f9	BGC_ANALYSIS:ANTISMASH_ANALYSIS:ANTISMASH (Erwinia_aphidicola_USMM128)	COMPLETED	0	2026-08-30 21:25:41.344	2026-08-30 21:25:41.441	2026-08-30 21:26:15.288	32.1s	2	6 GB	513.8 MB	7.8 GB	103.7%	0.7%	1.3 GB	55.3 MB
1733	bb/889001	BGC_ANALYSIS:ANTISMASH_ANALYSIS:ANTISMASH (Erwinia_magellanica_CCM_9358)	COMPLETED	0	2026-08-30 21:25:56.463	2026-08-30 21:25:56.560	2026-08-30 21:26:22.803	24.5s	2	6 GB	750.3 MB	7.8 GB	101.0%	1.3%	1.1 GB	62.5 MB
1726	91/993442	BGC_ANALYSIS:ANTISMASH_ANALYSIS:ANTISMASH (Erwinia_aphidicola_QCJ3A)	COMPLETED	0	2026-08-30 21:25:39.007	2026-08-30 21:25:39.104	2026-08-30 21:26:23.426	42.6s	2	6 GB	657.6 MB	7.7 GB	95.1%	1.0%	2 GB	92.4 MB
1747	42/a05bee	BGC_ANALYSIS:ANTISMASH_ANALYSIS:ANTISMASH (Pantoea_agglomerans_HN003)	COMPLETED	0	2026-08-30 21:25:53.678	2026-08-30 21:25:53.775	2026-08-30 21:26:26.219	30.6s	2	6 GB	491.6 MB	7.8 GB	102.6%	0.7%	1.3 GB	57.1 MB
1740	fa/00f460	BGC_ANALYSIS:ANTISMASH_ANALYSIS:ANTISMASH (Erwinia_sp._SLM-02)	COMPLETED	0	2026-08-30 21:26:14.461	2026-08-30 21:26:14.559	2026-08-30 21:26:40.598	24.2s	2	6 GB	788.3 MB	7.8 GB	113.1%	1.4%	1.1 GB	69.1 MB
1748	d8/970cf4	BGC_ANALYSIS:ANTISMASH_ANALYSIS:ANTISMASH (Pantoea_agglomerans_HN022)	COMPLETED	0	2026-08-30 21:26:15.292	2026-08-30 21:26:15.388	2026-08-30 21:26:42.087	24.9s	2	6 GB	534.2 MB	7.8 GB	108.9%	0.8%	1.1 GB	50.5 MB
1751	20/fa3fe0	BGC_ANALYSIS:ANTISMASH_ANALYSIS:ANTISMASH (Pantoea_ananatis_USHLN279)	COMPLETED	0	2026-08-30 21:26:05.640	2026-08-30 21:26:05.737	2026-08-30 21:26:42.182	34.6s	2	6 GB	494.7 MB	7.8 GB	103.5%	0.8%	1.6 GB	63.4 MB
1729	41/e058fb	BGC_ANALYSIS:ANTISMASH_ANALYSIS:ANTISMASH (Erwinia_aphidicola_USHLN33)	COMPLETED	0	2026-08-30 21:26:06.671	2026-08-30 21:26:06.768	2026-08-30 21:26:45.390	36.9s	2	6 GB	505.2 MB	7.7 GB	104.4%	0.9%	1.6 GB	64.2 MB
1739	3d/76af43	BGC_ANALYSIS:ANTISMASH_ANALYSIS:ANTISMASH (Erwinia_sp._MYb535)	COMPLETED	0	2026-08-30 21:26:23.429	2026-08-30 21:26:23.525	2026-08-30 21:26:50.666	25.2s	2	6 GB	727.4 MB	7.8 GB	102.4%	1.2%	1.1 GB	66 MB
1749	3a/efb03a	BGC_ANALYSIS:ANTISMASH_ANALYSIS:ANTISMASH (Pantoea_ananatis_ARGTr_1-1)	COMPLETED	0	2026-08-30 21:26:22.806	2026-08-30 21:26:22.904	2026-08-30 21:27:07.483	42.7s	2	6 GB	722.3 MB	7.8 GB	102.7%	1.3%	2.3 GB	99.5 MB
1756	c2/5e117e	BGC_ANALYSIS:ANTISMASH_ANALYSIS:ANTISMASH (Pantoea_anthophila_USMM080)	COMPLETED	0	2026-08-30 21:26:42.184	2026-08-30 21:26:42.283	2026-08-30 21:27:07.938	23.8s	2	6 GB	546.8 MB	7.8 GB	115.2%	0.9%	1006.5 MB	46.5 MB
1745	06/e5b481	BGC_ANALYSIS:ANTISMASH_ANALYSIS:ANTISMASH (Pantoea_agglomerans_FJ2)	COMPLETED	0	2026-08-30 21:26:45.393	2026-08-30 21:26:45.490	2026-08-30 21:27:08.482	21.2s	2	6 GB	631.7 MB	7.9 GB	128.1%	1.0%	817.3 MB	44.3 MB
1758	78/199102	BGC_ANALYSIS:ANTISMASH_ANALYSIS:ANTISMASH (Pantoea_anthophila_USMM101)	COMPLETED	0	2026-08-30 21:26:42.091	2026-08-30 21:26:42.182	2026-08-30 21:27:08.739	24.8s	2	6 GB	529.5 MB	7.8 GB	113.1%	0.8%	1 GB	48.2 MB
1743	e7/fdf09a	BGC_ANALYSIS:ANTISMASH_ANALYSIS:ANTISMASH (Pantoea_agglomerans_AS139)	COMPLETED	0	2026-08-30 21:26:40.601	2026-08-30 21:26:40.698	2026-08-30 21:27:11.977	29.6s	2	6 GB	509.4 MB	7.8 GB	103.6%	0.8%	1.2 GB	54 MB
1760	43/7104eb	BGC_ANALYSIS:ANTISMASH_ANALYSIS:ANTISMASH (Pantoea_brenneri_3.5.2)	COMPLETED	0	2026-08-30 21:26:50.670	2026-08-30 21:26:50.766	2026-08-30 21:27:13.872	21.2s	2	6 GB	685.3 MB	7.7 GB	109.8%	1.1%	955 MB	57.1 MB
1761	f1/f13c87	BGC_ANALYSIS:ANTISMASH_ANALYSIS:ANTISMASH (Pantoea_brenneri_3.6.1)	COMPLETED	0	2026-08-30 21:27:07.487	2026-08-30 21:27:07.583	2026-08-30 21:27:32.879	23.5s	2	6 GB	735.2 MB	7.8 GB	109.8%	1.3%	1.1 GB	66.9 MB
1746	27/a2e95f	BGC_ANALYSIS:ANTISMASH_ANALYSIS:ANTISMASH (Pantoea_agglomerans_G129K1-1)	COMPLETED	0	2026-08-30 21:27:07.940	2026-08-30 21:27:08.038	2026-08-30 21:27:33.564	23.7s	2	6 GB	530 MB	7.8 GB	111.2%	0.7%	1010.2 MB	47.9 MB
1736	4f/4743e5	BGC_ANALYSIS:ANTISMASH_ANALYSIS:ANTISMASH (Erwinia_sp._CGal63)	COMPLETED	0	2026-08-30 21:27:08.745	2026-08-30 21:27:08.839	2026-08-30 21:27:33.632	23s	2	6 GB	692.9 MB	7.7 GB	106.7%	1.2%	974.4 MB	59.5 MB
1759	86/531ad3	BGC_ANALYSIS:ANTISMASH_ANALYSIS:ANTISMASH (Pantoea_brenneri_3.1)	COMPLETED	0	2026-08-30 21:27:08.484	2026-08-30 21:27:08.582	2026-08-30 21:27:34.002	23.6s	2	6 GB	733.9 MB	7.8 GB	112.0%	1.3%	1.1 GB	66.9 MB
1768	e0/0532f7	BGC_ANALYSIS:ANTISMASH_ANALYSIS:ANTISMASH (Pantoea_dispersa_SOL3_3)	COMPLETED	0	2026-08-30 21:27:11.980	2026-08-30 21:27:12.077	2026-08-30 21:27:41.737	27.8s	2	6 GB	680.5 MB	7.7 GB	98.0%	1.2%	1.2 GB	68.3 MB
1744	ae/5e6d18	BGC_ANALYSIS:ANTISMASH_ANALYSIS:ANTISMASH (Pantoea_agglomerans_B9)	COMPLETED	0	2026-08-30 21:27:13.875	2026-08-30 21:27:13.972	2026-08-30 21:27:42.041	26s	2	6 GB	719.1 MB	7.8 GB	95.3%	1.3%	1 GB	63.2 MB
1738	76/523c7b	BGC_ANALYSIS:ANTISMASH_ANALYSIS:ANTISMASH (Erwinia_sp._MYb416)	COMPLETED	0	2026-08-30 21:26:26.222	2026-08-30 21:26:26.319	2026-08-30 21:27:52.603	1m 24s	2	6 GB	843.8 MB	7.9 GB	101.2%	1.4%	4.7 GB	162.5 MB
1754	b1/a4d993	BGC_ANALYSIS:ANTISMASH_ANALYSIS:ANTISMASH (Pantoea_ananatis_USHLN35)	COMPLETED	0	2026-08-30 21:27:34.004	2026-08-30 21:27:34.102	2026-08-30 21:28:06.698	30.8s	2	6 GB	511.5 MB	7.8 GB	106.7%	0.8%	1.2 GB	54.8 MB
1757	91/e54696	BGC_ANALYSIS:ANTISMASH_ANALYSIS:ANTISMASH (Pantoea_anthophila_USMM081)	COMPLETED	0	2026-08-30 21:27:41.741	2026-08-30 21:27:41.837	2026-08-30 21:28:06.849	23.1s	2	6 GB	550 MB	7.8 GB	114.9%	0.8%	946.2 MB	44.1 MB
1755	db/6a567d	BGC_ANALYSIS:ANTISMASH_ANALYSIS:ANTISMASH (Pantoea_anthophila_USHLN148)	COMPLETED	0	2026-08-30 21:27:42.045	2026-08-30 21:27:42.141	2026-08-30 21:28:08.380	24.4s	2	6 GB	519.7 MB	7.8 GB	109.7%	0.7%	967.2 MB	45.7 MB
1752	a6/d394f7	BGC_ANALYSIS:ANTISMASH_ANALYSIS:ANTISMASH (Pantoea_ananatis_USHLN280)	COMPLETED	0	2026-08-30 21:27:33.635	2026-08-30 21:27:33.732	2026-08-30 21:28:12.331	37s	2	6 GB	489 MB	7.8 GB	103.9%	0.7%	1.5 GB	63 MB
1763	a3/9e018d	BGC_ANALYSIS:ANTISMASH_ANALYSIS:ANTISMASH (Pantoea_brenneri_IIF5SWP_2)	COMPLETED	0	2026-08-30 21:27:52.606	2026-08-30 21:27:52.703	2026-08-30 21:28:34.819	40s	2	6 GB	716.7 MB	7.8 GB	97.0%	1.3%	1.4 GB	71 MB
1765	2d/755145	BGC_ANALYSIS:ANTISMASH_ANALYSIS:ANTISMASH (Pantoea_dispersa_MLY101)	COMPLETED	0	2026-08-30 21:28:06.702	2026-08-30 21:28:06.798	2026-08-30 21:28:37.229	28.5s	2	6 GB	641.1 MB	7.4 GB	127.1%	1.1%	822.8 MB	58.8 MB
1767	29/060b0f	BGC_ANALYSIS:ANTISMASH_ANALYSIS:ANTISMASH (Pantoea_dispersa_SOL2_3)	COMPLETED	0	2026-08-30 21:28:12.334	2026-08-30 21:28:12.430	2026-08-30 21:28:46.388	30.2s	2	6 GB	732.8 MB	7.8 GB	107.9%	1.2%	1 GB	64.2 MB
1762	f2/dcfb1d	BGC_ANALYSIS:ANTISMASH_ANALYSIS:ANTISMASH (Pantoea_brenneri_IF5SWP_1)	COMPLETED	0	2026-08-30 21:28:08.383	2026-08-30 21:28:08.480	2026-08-30 21:28:51.816	40.5s	2	6 GB	675.4 MB	7.7 GB	99.4%	1.2%	1.5 GB	71.6 MB
1750	93/ebb24e	BGC_ANALYSIS:ANTISMASH_ANALYSIS:ANTISMASH (Pantoea_ananatis_USHLN198)	COMPLETED	0	2026-08-30 21:27:32.882	2026-08-30 21:27:32.979	2026-08-30 21:29:06.056	1m 31s	2	6 GB	4.7 GB	7.9 GB	121.4%	6.9%	22.9 GB	53 MB
1766	b5/5445b2	BGC_ANALYSIS:ANTISMASH_ANALYSIS:ANTISMASH (Pantoea_dispersa_SOL1_9)	COMPLETED	0	2026-08-30 21:28:34.825	2026-08-30 21:28:34.919	2026-08-30 21:29:06.597	29.4s	2	6 GB	711.9 MB	7.8 GB	96.1%	1.3%	1.1 GB	66.7 MB
1753	3b/a509c3	BGC_ANALYSIS:ANTISMASH_ANALYSIS:ANTISMASH (Pantoea_ananatis_USHLN34)	COMPLETED	0	2026-08-30 21:27:33.566	2026-08-30 21:27:33.632	2026-08-30 21:29:07.942	1m 33s	2	6 GB	4.7 GB	8 GB	122.0%	7.6%	23.3 GB	53 MB
1771	64/aa47bd	BGC_ANALYSIS:ANTISMASH_ANALYSIS:ANTISMASH (Pantoea_dispersa_USHLN160)	COMPLETED	0	2026-08-30 21:28:37.236	2026-08-30 21:28:37.334	2026-08-30 21:29:09.656	30.3s	2	6 GB	503.2 MB	7.8 GB	106.4%	0.7%	1.2 GB	53.1 MB
1764	30/341ffa	BGC_ANALYSIS:ANTISMASH_ANALYSIS:ANTISMASH (Pantoea_dispersa_IIIF4SWP_1)	COMPLETED	0	2026-08-30 21:28:06.852	2026-08-30 21:28:06.950	2026-08-30 21:29:12.987	1m 4s	2	6 GB	677.3 MB	7.7 GB	102.7%	1.2%	2.8 GB	104.9 MB
1770	73/71061f	BGC_ANALYSIS:ANTISMASH_ANALYSIS:ANTISMASH (Pantoea_dispersa_USHLN159)	COMPLETED	0	2026-08-30 21:28:51.820	2026-08-30 21:28:51.916	2026-08-30 21:29:23.943	30s	2	6 GB	493.2 MB	7.8 GB	106.9%	0.7%	1.2 GB	53.6 MB
1777	bf/718ecf	BGC_ANALYSIS:ANTISMASH_ANALYSIS:ANTISMASH (Pantoea_dispersa_VD30)	COMPLETED	0	2026-08-30 21:28:46.395	2026-08-30 21:28:46.488	2026-08-30 21:29:30.624	41.9s	2	6 GB	501.2 MB	7.8 GB	104.2%	0.8%	1.9 GB	70.8 MB
1772	3d/8630e8	BGC_ANALYSIS:ANTISMASH_ANALYSIS:ANTISMASH (Pantoea_dispersa_USHLN162)	COMPLETED	0	2026-08-30 21:29:06.060	2026-08-30 21:29:06.156	2026-08-30 21:29:35.722	27.8s	2	6 GB	507.9 MB	7.8 GB	107.0%	0.7%	1.1 GB	51.6 MB
1769	eb/bb9c97	BGC_ANALYSIS:ANTISMASH_ANALYSIS:ANTISMASH (Pantoea_dispersa_USHLN158)	COMPLETED	0	2026-08-30 21:29:06.602	2026-08-30 21:29:06.697	2026-08-30 21:29:36.653	28.1s	2	6 GB	506.1 MB	7.8 GB	105.7%	0.7%	1.2 GB	52.6 MB
1773	0b/b535d1	BGC_ANALYSIS:ANTISMASH_ANALYSIS:ANTISMASH (Pantoea_dispersa_USHLN164)	COMPLETED	0	2026-08-30 21:29:07.948	2026-08-30 21:29:08.042	2026-08-30 21:29:38.036	28.1s	2	6 GB	504.1 MB	7.8 GB	106.2%	0.7%	1.2 GB	52.6 MB
1774	a8/0c5daf	BGC_ANALYSIS:ANTISMASH_ANALYSIS:ANTISMASH (Pantoea_dispersa_USHLN199)	COMPLETED	0	2026-08-30 21:29:12.993	2026-08-30 21:29:13.087	2026-08-30 21:29:43.219	28.2s	2	6 GB	506.1 MB	7.8 GB	105.4%	0.7%	1.2 GB	53.1 MB
1791	4a/c4b85f	BGC_ANALYSIS:ANTISMASH_ANALYSIS:ANTISMASH (Pantoea_sp._RSPAM1)	COMPLETED	0	2026-08-30 21:29:35.729	2026-08-30 21:29:35.822	2026-08-30 21:29:56.759	19.1s	2	6 GB	796 MB	7.8 GB	133.9%	1.3%	840.3 MB	58 MB
1775	50/f314c1	BGC_ANALYSIS:ANTISMASH_ANALYSIS:ANTISMASH (Pantoea_dispersa_USHLN200)	COMPLETED	0	2026-08-30 21:29:30.629	2026-08-30 21:29:30.723	2026-08-30 21:30:00.680	28.1s	2	6 GB	502.3 MB	7.8 GB	105.1%	0.7%	1.1 GB	52.1 MB
1782	54/8d29bb	BGC_ANALYSIS:ANTISMASH_ANALYSIS:ANTISMASH (Pantoea_eucrina_AS126)	COMPLETED	0	2026-08-30 21:29:38.042	2026-08-30 21:29:38.136	2026-08-30 21:30:01.470	21.5s	2	6 GB	514.3 MB	7.7 GB	112.4%	0.7%	958.4 MB	41.2 MB
1780	41/7e3044	BGC_ANALYSIS:ANTISMASH_ANALYSIS:ANTISMASH (Pantoea_eucalypti_HN019)	COMPLETED	0	2026-08-30 21:29:36.660	2026-08-30 21:29:36.753	2026-08-30 21:30:01.511	23s	2	6 GB	547.8 MB	7.9 GB	115.5%	0.7%	982.3 MB	46.9 MB
1779	83/40f4ce	BGC_ANALYSIS:ANTISMASH_ANALYSIS:ANTISMASH (Pantoea_endophytica_USHLN32)	COMPLETED	0	2026-08-30 21:29:43.226	2026-08-30 21:29:43.319	2026-08-30 21:30:14.769	29.6s	2	6 GB	551.6 MB	7.8 GB	110.0%	0.9%	1.1 GB	54.1 MB
1793	6d/d26d9f	BGC_ANALYSIS:ANTISMASH_ANALYSIS:ANTISMASH (Pantoea_sp._USHLN298)	COMPLETED	0	2026-08-30 21:29:56.766	2026-08-30 21:29:56.859	2026-08-30 21:30:24.062	25.3s	2	6 GB	510.5 MB	7.8 GB	105.6%	0.7%	1 GB	48.1 MB
1785	6c/bf8d56	BGC_ANALYSIS:ANTISMASH_ANALYSIS:ANTISMASH (Pantoea_piersonii_IIIF5SWP_1)	COMPLETED	0	2026-08-30 21:29:23.949	2026-08-30 21:29:24.043	2026-08-30 21:30:26.949	1m 1s	2	6 GB	698.4 MB	7.8 GB	97.5%	1.2%	3.3 GB	118.9 MB
1787	ee/7116c1	BGC_ANALYSIS:ANTISMASH_ANALYSIS:ANTISMASH (Pantoea_piersonii_IIIF8SWP_1)	COMPLETED	0	2026-08-30 21:29:09.661	2026-08-30 21:29:09.756	2026-08-30 21:30:28.380	1m 17s	2	6 GB	712 MB	7.8 GB	98.7%	1.3%	4.4 GB	142.4 MB
1783	5c/56f0e4	BGC_ANALYSIS:ANTISMASH_ANALYSIS:ANTISMASH (Pantoea_nemavictus_BIGb0393_2)	COMPLETED	0	2026-08-30 21:30:14.774	2026-08-30 21:30:14.869	2026-08-30 21:30:36.846	20.2s	2	6 GB	782.7 MB	7.8 GB	126.8%	1.3%	873.6 MB	62.8 MB
1795	91/d8bfea	BGC_ANALYSIS:ANTISMASH_ANALYSIS:ANTISMASH (Pantoea_sp._USMM079)	COMPLETED	0	2026-08-30 21:30:01.516	2026-08-30 21:30:01.612	2026-08-30 21:30:48.238	44.8s	2	6 GB	501.4 MB	7.7 GB	105.4%	0.9%	2 GB	77.2 MB
1781	32/4b7e30	BGC_ANALYSIS:ANTISMASH_ANALYSIS:ANTISMASH (Pantoea_eucrina_AS031)	COMPLETED	0	2026-08-30 21:30:24.068	2026-08-30 21:30:24.162	2026-08-30 21:30:48.493	22.5s	2	6 GB	530.1 MB	7.8 GB	109.6%	0.8%	1015.5 MB	43.2 MB
1776	af/80bcd8	BGC_ANALYSIS:ANTISMASH_ANALYSIS:ANTISMASH (Pantoea_dispersa_VD24)	COMPLETED	0	2026-08-30 21:30:01.475	2026-08-30 21:30:01.511	2026-08-30 21:30:52.049	48.7s	2	6 GB	485.6 MB	7.7 GB	104.8%	0.7%	2.4 GB	82.6 MB
1778	04/a9fa74	BGC_ANALYSIS:ANTISMASH_ANALYSIS:ANTISMASH (Pantoea_dispersa_VD33)	COMPLETED	0	2026-08-30 21:30:00.687	2026-08-30 21:30:00.780	2026-08-30 21:30:58.905	56.4s	2	6 GB	538.7 MB	7.7 GB	106.6%	0.9%	2.8 GB	94 MB
1788	8e/803480	BGC_ANALYSIS:ANTISMASH_ANALYSIS:ANTISMASH (Pantoea_sp._AS142)	COMPLETED	0	2026-08-30 21:30:36.852	2026-08-30 21:30:36.947	2026-08-30 21:31:07.263	28.5s	2	6 GB	493.5 MB	7.7 GB	106.4%	0.8%	1.2 GB	52.8 MB
1790	98/83c6df	BGC_ANALYSIS:ANTISMASH_ANALYSIS:ANTISMASH (Pantoea_sp._MBD-2R_MBD-2R)	COMPLETED	0	2026-08-30 21:30:58.910	2026-08-30 21:30:59.006	2026-08-30 21:31:17.817	16.9s	2	6 GB	663.8 MB	7.4 GB	144.8%	1.0%	757.7 MB	35.1 MB
1789	3f/057082	BGC_ANALYSIS:ANTISMASH_ANALYSIS:ANTISMASH (Pantoea_sp._Haah2121)	COMPLETED	0	2026-08-30 21:30:48.245	2026-08-30 21:30:48.339	2026-08-30 21:31:20.439	30.3s	2	6 GB	717.1 MB	7.8 GB	96.0%	1.3%	1.3 GB	70.8 MB
1796	96/cd20d3	BGC_ANALYSIS:ANTISMASH_ANALYSIS:ANTISMASH (Pantoea_vagans_USHLN165)	COMPLETED	0	2026-08-30 21:30:52.055	2026-08-30 21:30:52.149	2026-08-30 21:31:22.715	28.8s	2	6 GB	500.4 MB	7.8 GB	105.2%	0.7%	1.2 GB	54.3 MB
1792	ac/1e62ca	BGC_ANALYSIS:ANTISMASH_ANALYSIS:ANTISMASH (Pantoea_sp._USHLN256)	COMPLETED	0	2026-08-30 21:30:48.501	2026-08-30 21:30:48.593	2026-08-30 21:31:25.425	35s	2	6 GB	511 MB	7.8 GB	104.4%	0.8%	1.4 GB	59.9 MB
1786	7e/6aa5b5	BGC_ANALYSIS:ANTISMASH_ANALYSIS:ANTISMASH (Pantoea_piersonii_IIIF7SWP_2)	COMPLETED	0	2026-08-30 21:30:26.955	2026-08-30 21:30:27.049	2026-08-30 21:31:47.688	1m 19s	2	6 GB	691.7 MB	7.8 GB	100.3%	1.2%	4.5 GB	147.6 MB
1794	0e/943422	BGC_ANALYSIS:ANTISMASH_ANALYSIS:ANTISMASH (Pantoea_sp._USMM078)	COMPLETED	0	2026-08-30 21:31:07.268	2026-08-30 21:31:07.363	2026-08-30 21:31:54.337	45.1s	2	6 GB	501.6 MB	7.7 GB	104.9%	0.9%	2 GB	77.2 MB
1784	8b/ec68e6	BGC_ANALYSIS:ANTISMASH_ANALYSIS:ANTISMASH (Pantoea_piersonii_IIIF1SWP_1)	COMPLETED	0	2026-08-30 21:30:28.387	2026-08-30 21:30:28.480	2026-08-30 21:32:01.011	1m 31s	2	6 GB	742.4 MB	7.8 GB	101.0%	1.3%	5.3 GB	168.9 MB
1807	0c/f70763	BGC_ANALYSIS:ANTISMASH_ANALYSIS:ANTISMASH (Mixta_calida_CTOTU50679)	COMPLETED	0	2026-08-30 21:31:17.823	2026-08-30 21:31:17.917	2026-08-30 21:32:10.871	51.2s	2	6 GB	477.8 MB	7.6 GB	105.5%	0.7%	2.7 GB	84.6 MB
1801	8b/e341e0	BGC_ANALYSIS:ANTISMASH_ANALYSIS:ANTISMASH (Erwinia_sp._MMLR14_017)	COMPLETED	0	2026-08-30 21:31:47.696	2026-08-30 21:31:47.788	2026-08-30 21:32:16.737	27.2s	2	6 GB	677.4 MB	7.7 GB	96.2%	1.2%	1.2 GB	67 MB
1799	12/774967	BGC_ANALYSIS:ANTISMASH_ANALYSIS:ANTISMASH (Buchnera_sp._in:_enterobacteria_SMAG_U30)	COMPLETED	0	2026-08-30 21:32:16.741	2026-08-30 21:32:16.838	2026-08-30 21:32:24.248	5.5s	2	6 GB	203.9 MB	2.7 GB	113.4%	0.3%	274.1 MB	8.5 MB
1800	b7/524f56	BGC_ANALYSIS:ANTISMASH_ANALYSIS:ANTISMASH (Erwinia_sp._HR93)	COMPLETED	0	2026-08-30 21:32:10.876	2026-08-30 21:32:10.971	2026-08-30 21:32:28.163	15.4s	2	6 GB	747 MB	7.8 GB	130.2%	1.3%	691.4 MB	48.3 MB
1797	cb/69ae81	BGC_ANALYSIS:ANTISMASH_ANALYSIS:ANTISMASH (Buchnera_sp._in:_enterobacteria_SMAG_U12441)	COMPLETED	0	2026-08-30 21:32:01.018	2026-08-30 21:32:01.110	2026-08-30 21:32:33.261	30.2s	2	6 GB	194.2 MB	2.7 GB	107.2%	0.3%	2 GB	50.7 MB
1813	3e/857909	BGC_ANALYSIS:ANTISMASH_ANALYSIS:ANTISMASH (Mixta_calida_N4_104_000G1_dasN4_104_000G1_abawaca.4)	COMPLETED	0	2026-08-30 21:31:54.343	2026-08-30 21:31:54.437	2026-08-30 21:32:43.830	47.5s	2	6 GB	760.7 MB	7.8 GB	99.4%	1.3%	2.6 GB	99.5 MB
1810	a0/6be199	BGC_ANALYSIS:ANTISMASH_ANALYSIS:ANTISMASH (Mixta_calida_N2_038_015G1_dasN2_038_015G1_abawaca.19)	COMPLETED	0	2026-08-30 21:31:25.430	2026-08-30 21:31:25.525	2026-08-30 21:32:56.434	1m 29s	2	6 GB	734.2 MB	7.8 GB	101.6%	1.3%	5.4 GB	168.5 MB
1802	3e/4b59a1	BGC_ANALYSIS:ANTISMASH_ANALYSIS:ANTISMASH (Erwiniaceae_bacterium_tyr_p5L)	COMPLETED	0	2026-08-30 21:31:22.726	2026-08-30 21:31:22.815	2026-08-30 21:33:03.870	1m 39s	2	6 GB	484.8 MB	7.7 GB	113.3%	0.8%	6 GB	153.2 MB
1809	56/8ddd24	BGC_ANALYSIS:ANTISMASH_ANALYSIS:ANTISMASH (Mixta_calida_N1_003_018G1_dasN1_003_018G1_abawaca.4)	COMPLETED	0	2026-08-30 21:32:33.266	2026-08-30 21:32:33.361	2026-08-30 21:33:13.088	37.8s	2	6 GB	771.3 MB	7.8 GB	98.2%	1.3%	1.9 GB	83.1 MB
1814	7a/287f04	BGC_ANALYSIS:ANTISMASH_ANALYSIS:ANTISMASH (Mixta_calida_N4_105_010G1_dasN4_105_010G1_maxbin2.maxbin.003)	COMPLETED	0	2026-08-30 21:32:24.252	2026-08-30 21:32:24.348	2026-08-30 21:33:13.627	47.4s	2	6 GB	676.9 MB	7.7 GB	98.7%	1.2%	2.6 GB	97.7 MB
1798	71/614ad1	BGC_ANALYSIS:ANTISMASH_ANALYSIS:ANTISMASH (Buchnera_sp._in:_enterobacteria_SMAG_U13190)	COMPLETED	0	2026-08-30 21:32:43.840	2026-08-30 21:32:43.930	2026-08-30 21:33:19.525	33.8s	2	6 GB	194.5 MB	2.7 GB	106.9%	0.3%	2.2 GB	57.1 MB
1808	d1/c1ae39	BGC_ANALYSIS:ANTISMASH_ANALYSIS:ANTISMASH (Mixta_calida_CTOTU50767)	COMPLETED	0	2026-08-30 21:32:56.440	2026-08-30 21:32:56.534	2026-08-30 21:33:32.686	34.3s	2	6 GB	456.3 MB	7.7 GB	102.0%	0.7%	1.6 GB	59.6 MB
1811	e8/1d65d7	BGC_ANALYSIS:ANTISMASH_ANALYSIS:ANTISMASH (Mixta_calida_N2_039_011G1_dasN2_039_011G1_concoct_29)	COMPLETED	0	2026-08-30 21:33:03.877	2026-08-30 21:33:03.970	2026-08-30 21:33:41.099	35.3s	2	6 GB	657 MB	7.7 GB	95.9%	1.0%	1.7 GB	74.1 MB
1818	8e/fc0752	BGC_ANALYSIS:ANTISMASH_ANALYSIS:ANTISMASH (Pantoea_agglomerans_BIM_B-2003)	COMPLETED	0	2026-08-30 21:33:32.692	2026-08-30 21:33:32.786	2026-08-30 21:33:55.345	20.7s	2	6 GB	813.6 MB	7.8 GB	129.9%	1.3%	897.3 MB	62 MB
1805	23/6a5026	BGC_ANALYSIS:ANTISMASH_ANALYSIS:ANTISMASH (Mixta_calida_CTOTU50269)	COMPLETED	0	2026-08-30 21:33:19.531	2026-08-30 21:33:19.625	2026-08-30 21:34:20.515	59s	2	6 GB	487.5 MB	7.7 GB	108.2%	0.7%	3.2 GB	98.3 MB
1822	4f/f8428d	BGC_ANALYSIS:ANTISMASH_ANALYSIS:ANTISMASH (Pantoea_agglomerans_CTOTU49844)	COMPLETED	0	2026-08-30 21:33:41.106	2026-08-30 21:33:41.199	2026-08-30 21:34:28.749	45.6s	2	6 GB	488.8 MB	7.7 GB	107.3%	0.8%	2.3 GB	78 MB
1830	f7/75e38e	BGC_ANALYSIS:ANTISMASH_ANALYSIS:ANTISMASH (Pantoea_ananatis_CTOTU47720)	COMPLETED	0	2026-08-30 21:33:55.348	2026-08-30 21:33:55.445	2026-08-30 21:34:35.312	38.1s	2	6 GB	482.4 MB	7.8 GB	105.5%	0.7%	1.8 GB	67.9 MB
1819	bc/daa075	BGC_ANALYSIS:ANTISMASH_ANALYSIS:ANTISMASH (Pantoea_agglomerans_CFBP8988)	COMPLETED	0	2026-08-30 21:34:20.520	2026-08-30 21:34:20.615	2026-08-30 21:34:41.698	19.3s	2	6 GB	820.5 MB	7.8 GB	134.0%	1.3%	838.8 MB	59.7 MB
1804	4e/e87dce	BGC_ANALYSIS:ANTISMASH_ANALYSIS:ANTISMASH (Mixta_calida_CTOTU48486)	COMPLETED	0	2026-08-30 21:31:20.445	2026-08-30 21:31:20.539	2026-08-30 21:34:50.527	3m 28s	2	6 GB	522.1 MB	7.7 GB	114.7%	1.0%	12.4 GB	319.2 MB
1817	15/baac1e	BGC_ANALYSIS:ANTISMASH_ANALYSIS:ANTISMASH (Pantoea_agglomerans_1.2.4)	COMPLETED	0	2026-08-30 21:34:35.320	2026-08-30 21:34:35.413	2026-08-30 21:34:56.746	19.3s	2	6 GB	799.4 MB	7.8 GB	131.8%	1.3%	838.8 MB	59.5 MB
1806	4b/7f9d70	BGC_ANALYSIS:ANTISMASH_ANALYSIS:ANTISMASH (Mixta_calida_CTOTU50665)	COMPLETED	0	2026-08-30 21:33:13.633	2026-08-30 21:33:13.728	2026-08-30 21:34:57.460	1m 42s	2	6 GB	518.7 MB	7.7 GB	114.1%	0.7%	5.7 GB	157.2 MB
1824	f7/a15eeb	BGC_ANALYSIS:ANTISMASH_ANALYSIS:ANTISMASH (Pantoea_agglomerans_CTOTU50149)	COMPLETED	0	2026-08-30 21:34:28.755	2026-08-30 21:34:28.849	2026-08-30 21:35:01.788	31s	2	6 GB	480 MB	7.8 GB	102.8%	0.7%	1.3 GB	56.4 MB
1831	7a/602bd4	BGC_ANALYSIS:ANTISMASH_ANALYSIS:ANTISMASH (Pantoea_ananatis_FSL_M9-0540)	COMPLETED	0	2026-08-30 21:34:41.703	2026-08-30 21:34:41.798	2026-08-30 21:35:18.229	34.6s	2	6 GB	494.5 MB	7.7 GB	104.5%	0.7%	1.5 GB	61.8 MB
1803	0e/7811e2	BGC_ANALYSIS:ANTISMASH_ANALYSIS:ANTISMASH (Mixta_calida_CTOTU48269)	COMPLETED	0	2026-08-30 21:33:13.098	2026-08-30 21:33:13.188	2026-08-30 21:35:21.054	2m 6s	2	6 GB	520.9 MB	7.7 GB	113.2%	0.8%	7.3 GB	196 MB
1828	bc/cc351a	BGC_ANALYSIS:ANTISMASH_ANALYSIS:ANTISMASH (Pantoea_agglomerans_FSL_S12-0150)	COMPLETED	0	2026-08-30 21:34:50.533	2026-08-30 21:34:50.627	2026-08-30 21:35:23.925	31.4s	2	6 GB	485.2 MB	7.8 GB	102.6%	0.7%	1.4 GB	57.4 MB
1838	d6/acdf80	BGC_ANALYSIS:ANTISMASH_ANALYSIS:ANTISMASH (Pantoea_brenneri_CTOTU49348)	COMPLETED	0	2026-08-30 21:35:01.793	2026-08-30 21:35:01.889	2026-08-30 21:35:31.441	27.7s	2	6 GB	514 MB	7.8 GB	103.9%	0.7%	1.1 GB	52 MB
1821	bd/4b1bf6	BGC_ANALYSIS:ANTISMASH_ANALYSIS:ANTISMASH (Pantoea_agglomerans_CFBP9000)	COMPLETED	0	2026-08-30 21:35:23.929	2026-08-30 21:35:24.025	2026-08-30 21:35:45.642	19.6s	2	6 GB	771.5 MB	7.8 GB	128.1%	1.3%	827.9 MB	58.7 MB
1836	a6/7af169	BGC_ANALYSIS:ANTISMASH_ANALYSIS:ANTISMASH (Pantoea_anthophila_SHS3or)	COMPLETED	0	2026-08-30 21:35:21.060	2026-08-30 21:35:21.154	2026-08-30 21:35:51.821	28.9s	2	6 GB	774 MB	7.8 GB	95.6%	1.3%	1.2 GB	68.4 MB
1820	e9/4d24cd	BGC_ANALYSIS:ANTISMASH_ANALYSIS:ANTISMASH (Pantoea_agglomerans_CFBP8989)	COMPLETED	0	2026-08-30 21:35:31.444	2026-08-30 21:35:31.541	2026-08-30 21:36:02.345	28.9s	2	6 GB	706.5 MB	7.8 GB	96.1%	1.3%	1.2 GB	68.9 MB
1816	f2/6b4145	BGC_ANALYSIS:ANTISMASH_ANALYSIS:ANTISMASH (Mixta_calida_N5_281_015G1_dasN5_281_015G1_abawaca.4)	COMPLETED	0	2026-08-30 21:35:18.233	2026-08-30 21:35:18.329	2026-08-30 21:36:05.196	45s	2	6 GB	680.9 MB	7.7 GB	97.7%	1.2%	2.4 GB	94.3 MB
1829	d9/42529c	BGC_ANALYSIS:ANTISMASH_ANALYSIS:ANTISMASH (Pantoea_agglomerans_Y03)	COMPLETED	0	2026-08-30 21:35:51.828	2026-08-30 21:35:51.922	2026-08-30 21:36:12.959	19s	2	6 GB	801.1 MB	7.8 GB	132.4%	1.3%	826.8 MB	58.3 MB
1839	c0/ea1a2e	BGC_ANALYSIS:ANTISMASH_ANALYSIS:ANTISMASH (Pantoea_cypripedii_T16)	COMPLETED	0	2026-08-30 21:35:45.647	2026-08-30 21:35:45.742	2026-08-30 21:36:26.379	38.8s	2	6 GB	731.7 MB	7.8 GB	96.0%	1.3%	1.6 GB	92.2 MB
1812	29/f35573	BGC_ANALYSIS:ANTISMASH_ANALYSIS:ANTISMASH (Mixta_calida_N2_093_000G1_dasN2_093_000G1_concoct_5)	COMPLETED	0	2026-08-30 21:32:28.167	2026-08-30 21:32:28.263	2026-08-30 21:36:35.305	4m 5s	2	6 GB	699.5 MB	7.8 GB	104.4%	1.2%	16.1 GB	429.4 MB
1826	f6/b7c804	BGC_ANALYSIS:ANTISMASH_ANALYSIS:ANTISMASH (Pantoea_agglomerans_FSL_M9-0610)	COMPLETED	0	2026-08-30 21:36:05.202	2026-08-30 21:36:05.297	2026-08-30 21:36:38.008	30.8s	2	6 GB	488 MB	7.7 GB	103.5%	0.7%	1.3 GB	55.9 MB
1842	6a/56f883	BGC_ANALYSIS:ANTISMASH_ANALYSIS:ANTISMASH (Pantoea_dispersa_G121)	COMPLETED	0	2026-08-30 21:36:12.964	2026-08-30 21:36:13.059	2026-08-30 21:36:38.148	23.2s	2	6 GB	708.1 MB	7.7 GB	109.6%	1.2%	962.7 MB	61.3 MB
1841	e8/876e04	BGC_ANALYSIS:ANTISMASH_ANALYSIS:ANTISMASH (Pantoea_dispersa_CTOTU50501)	COMPLETED	0	2026-08-30 21:36:02.350	2026-08-30 21:36:02.445	2026-08-30 21:36:39.651	35.3s	2	6 GB	483.7 MB	7.8 GB	102.9%	0.7%	1.6 GB	62.6 MB
1825	86/a6a1ae	BGC_ANALYSIS:ANTISMASH_ANALYSIS:ANTISMASH (Pantoea_agglomerans_FSL_M9-0538)	COMPLETED	0	2026-08-30 21:36:38.152	2026-08-30 21:36:38.248	2026-08-30 21:37:11.330	31.3s	2	6 GB	495.7 MB	7.7 GB	105.7%	0.8%	1.3 GB	57 MB
1834	85/956a8c	BGC_ANALYSIS:ANTISMASH_ANALYSIS:ANTISMASH (Pantoea_anthophila_NC19)	COMPLETED	0	2026-08-30 21:36:39.656	2026-08-30 21:36:39.751	2026-08-30 21:37:13.219	31.6s	2	6 GB	750.7 MB	7.8 GB	96.4%	1.3%	1.4 GB	72.1 MB
1827	3c/f05549	BGC_ANALYSIS:ANTISMASH_ANALYSIS:ANTISMASH (Pantoea_agglomerans_FSL_S12-0126)	COMPLETED	0	2026-08-30 21:36:35.310	2026-08-30 21:36:35.405	2026-08-30 21:37:14.017	36.8s	2	6 GB	491 MB	7.7 GB	102.9%	0.8%	1.7 GB	66.9 MB
1848	e5/a53db9	BGC_ANALYSIS:ANTISMASH_ANALYSIS:ANTISMASH (Pantoea_eucrina_CTOTU47311)	COMPLETED	0	2026-08-30 21:36:38.012	2026-08-30 21:36:38.109	2026-08-30 21:37:15.092	35.2s	2	6 GB	479.1 MB	7.7 GB	104.1%	0.7%	1.8 GB	62.6 MB
1846	74/c7d7c3	BGC_ANALYSIS:ANTISMASH_ANALYSIS:ANTISMASH (Pantoea_eucalypti_CTOTU48822)	COMPLETED	0	2026-08-30 21:37:11.333	2026-08-30 21:37:11.430	2026-08-30 21:37:37.715	24.5s	2	6 GB	515.1 MB	7.8 GB	108.6%	0.7%	1 GB	48.1 MB
1853	23/f3d73c	BGC_ANALYSIS:ANTISMASH_ANALYSIS:ANTISMASH (Pantoea_piersonii_CTOTU47640)	COMPLETED	0	2026-08-30 21:37:14.023	2026-08-30 21:37:14.117	2026-08-30 21:37:43.867	28s	2	6 GB	484.5 MB	7.8 GB	103.6%	0.7%	1.2 GB	52.8 MB
1835	e6/c154f1	BGC_ANALYSIS:ANTISMASH_ANALYSIS:ANTISMASH (Pantoea_anthophila_NC52)	COMPLETED	0	2026-08-30 21:37:15.097	2026-08-30 21:37:15.191	2026-08-30 21:37:48.409	31.4s	2	6 GB	756.5 MB	7.8 GB	96.0%	1.3%	1.4 GB	72.1 MB
1832	64/88b8b4	BGC_ANALYSIS:ANTISMASH_ANALYSIS:ANTISMASH (Pantoea_ananatis_FSL_S12-0132)	COMPLETED	0	2026-08-30 21:37:13.223	2026-08-30 21:37:13.319	2026-08-30 21:37:50.440	35.4s	2	6 GB	492.7 MB	7.8 GB	105.3%	0.7%	1.6 GB	63.7 MB
1854	df/c1cdac	BGC_ANALYSIS:ANTISMASH_ANALYSIS:ANTISMASH (Pantoea_piersonii_CTOTU47942)	COMPLETED	0	2026-08-30 21:37:37.719	2026-08-30 21:37:37.815	2026-08-30 21:38:11.744	32.1s	2	6 GB	481.5 MB	7.8 GB	101.9%	0.7%	1.4 GB	57.6 MB
1856	3e/690426	BGC_ANALYSIS:ANTISMASH_ANALYSIS:ANTISMASH (Pantoea_piersonii_CTOTU50484)	COMPLETED	0	2026-08-30 21:37:43.870	2026-08-30 21:37:43.967	2026-08-30 21:38:11.986	26.2s	2	6 GB	484.2 MB	7.8 GB	103.6%	0.7%	1.1 GB	49.3 MB
1837	60/6ace24	BGC_ANALYSIS:ANTISMASH_ANALYSIS:ANTISMASH (Pantoea_anthophila_Sil_RS_30)	COMPLETED	0	2026-08-30 21:37:50.444	2026-08-30 21:37:50.540	2026-08-30 21:38:17.636	25.2s	2	6 GB	713 MB	7.8 GB	97.7%	1.3%	1.1 GB	62.2 MB
1840	e0/933953	BGC_ANALYSIS:ANTISMASH_ANALYSIS:ANTISMASH (Pantoea_cypripedii_V8)	COMPLETED	0	2026-08-30 21:38:11.989	2026-08-30 21:38:12.086	2026-08-30 21:38:39.764	25.9s	2	6 GB	861.1 MB	7.9 GB	122.8%	1.4%	1.1 GB	80.2 MB
1843	ea/683643	BGC_ANALYSIS:ANTISMASH_ANALYSIS:ANTISMASH (Pantoea_dispersa_S68)	COMPLETED	0	2026-08-30 21:38:17.640	2026-08-30 21:38:17.736	2026-08-30 21:38:50.298	30.7s	2	6 GB	757.2 MB	7.8 GB	97.2%	1.3%	1.3 GB	72.1 MB
1833	75/9b1e63	BGC_ANALYSIS:ANTISMASH_ANALYSIS:ANTISMASH (Pantoea_anthophila_CTOTU48722)	COMPLETED	0	2026-08-30 21:37:48.412	2026-08-30 21:37:48.509	2026-08-30 21:39:24.420	1m 34s	2	6 GB	535.6 MB	7.7 GB	110.4%	0.8%	5.2 GB	150.3 MB
1861	b0/d1c0a7	BGC_ANALYSIS:ANTISMASH_ANALYSIS:ANTISMASH (Pantoea_septica_CTOTU49771)	COMPLETED	0	2026-08-30 21:38:11.747	2026-08-30 21:38:11.844	2026-08-30 21:39:33.538	1m 20s	2	6 GB	489.8 MB	7.6 GB	108.7%	0.7%	4.4 GB	128.9 MB
1847	58/994cba	BGC_ANALYSIS:ANTISMASH_ANALYSIS:ANTISMASH (Pantoea_eucrina_CTOTU47128)	COMPLETED	0	2026-08-30 21:38:39.768	2026-08-30 21:38:39.864	2026-08-30 21:39:54.621	1m 13s	2	6 GB	510.8 MB	7.7 GB	111.1%	0.8%	4.1 GB	116.7 MB
1851	d5/63b340	BGC_ANALYSIS:ANTISMASH_ANALYSIS:ANTISMASH (Pantoea_eucrina_CTOTU49339)	COMPLETED	0	2026-08-30 21:39:33.542	2026-08-30 21:39:33.639	2026-08-30 21:39:58.559	23.1s	2	6 GB	471.3 MB	7.8 GB	106.8%	0.7%	1 GB	42.3 MB
1844	e2/ecf4ca	BGC_ANALYSIS:ANTISMASH_ANALYSIS:ANTISMASH (Pantoea_dispersa_VRL_PAS23b)	COMPLETED	0	2026-08-30 21:39:24.423	2026-08-30 21:39:24.520	2026-08-30 21:40:12.404	46s	2	6 GB	686.4 MB	7.7 GB	98.6%	1.3%	2.4 GB	99.7 MB
1849	1a/e97af7	BGC_ANALYSIS:ANTISMASH_ANALYSIS:ANTISMASH (Pantoea_eucrina_CTOTU48270)	COMPLETED	0	2026-08-30 21:39:54.625	2026-08-30 21:39:54.721	2026-08-30 21:40:24.371	27.8s	2	6 GB	474.2 MB	7.7 GB	105.6%	0.7%	1.3 GB	50.1 MB
1850	ab/c83435	BGC_ANALYSIS:ANTISMASH_ANALYSIS:ANTISMASH (Pantoea_eucrina_CTOTU48970)	COMPLETED	0	2026-08-30 21:39:58.562	2026-08-30 21:39:58.659	2026-08-30 21:40:28.863	28.4s	2	6 GB	483.5 MB	7.8 GB	105.4%	0.7%	1.3 GB	51.6 MB
1852	01/443960	BGC_ANALYSIS:ANTISMASH_ANALYSIS:ANTISMASH (Pantoea_eucrina_OsEp_Plm_30P10)	COMPLETED	0	2026-08-30 21:40:12.408	2026-08-30 21:40:12.504	2026-08-30 21:40:31.120	16.8s	2	6 GB	744.6 MB	7.8 GB	127.1%	1.3%	786.4 MB	51.2 MB
1855	7c/1342fc	BGC_ANALYSIS:ANTISMASH_ANALYSIS:ANTISMASH (Pantoea_piersonii_CTOTU48840)	COMPLETED	0	2026-08-30 21:40:31.124	2026-08-30 21:40:31.220	2026-08-30 21:41:07.841	34.8s	2	6 GB	516.8 MB	7.8 GB	106.9%	1.0%	1.6 GB	63.8 MB
1866	f1/660df3	BGC_ANALYSIS:ANTISMASH_ANALYSIS:ANTISMASH (Pantoea_sp._CTOTU49358)	COMPLETED	0	2026-08-30 21:40:24.374	2026-08-30 21:40:24.471	2026-08-30 21:41:23.352	57s	2	6 GB	487 MB	7.7 GB	107.9%	0.7%	3 GB	95.2 MB
1871	66/42e492	BGC_ANALYSIS:ANTISMASH_ANALYSIS:ANTISMASH (Pantoea_sp._CTOTU50324)	COMPLETED	0	2026-08-30 21:41:07.844	2026-08-30 21:41:07.941	2026-08-30 21:41:35.823	26s	2	6 GB	488.2 MB	7.7 GB	107.1%	0.7%	1.1 GB	49 MB
1845	99/cb31ad	BGC_ANALYSIS:ANTISMASH_ANALYSIS:ANTISMASH (Pantoea_endophytica_CTOTU49164)	COMPLETED	0	2026-08-30 21:36:26.384	2026-08-30 21:36:26.479	2026-08-30 21:41:48.060	5m 20s	2	6 GB	577.3 MB	7.7 GB	114.5%	1.0%	19.1 GB	488.1 MB
1870	eb/df4b2f	BGC_ANALYSIS:ANTISMASH_ANALYSIS:ANTISMASH (Pantoea_sp._CTOTU50049)	COMPLETED	0	2026-08-30 21:41:23.356	2026-08-30 21:41:23.452	2026-08-30 21:41:51.192	25.9s	2	6 GB	489.2 MB	7.8 GB	107.0%	0.7%	1.1 GB	48.7 MB
1857	9e/57a6c1	BGC_ANALYSIS:ANTISMASH_ANALYSIS:ANTISMASH (Pantoea_piersonii_CTOTU50495)	COMPLETED	0	2026-08-30 21:41:51.195	2026-08-30 21:41:51.292	2026-08-30 21:42:33.368	40.3s	2	6 GB	488.5 MB	7.7 GB	108.8%	0.8%	2 GB	70.3 MB
1859	dd/c5ad07	BGC_ANALYSIS:ANTISMASH_ANALYSIS:ANTISMASH (Pantoea_septica_CTOTU49094)	COMPLETED	0	2026-08-30 21:40:28.866	2026-08-30 21:40:28.963	2026-08-30 21:42:43.258	2m 12s	2	6 GB	541.5 MB	7.7 GB	113.7%	0.9%	7.6 GB	207.5 MB
1865	6a/eac75b	BGC_ANALYSIS:ANTISMASH_ANALYSIS:ANTISMASH (Pantoea_sp._CTOTU49201_CTOTU49201)	COMPLETED	0	2026-08-30 21:38:50.301	2026-08-30 21:38:50.398	2026-08-30 21:42:45.528	3m 53s	2	6 GB	538.9 MB	7.7 GB	116.3%	1.0%	13.6 GB	353.1 MB
1815	b1/ad0e5b	BGC_ANALYSIS:ANTISMASH_ANALYSIS:ANTISMASH (Mixta_calida_N4_210_013G1_dasN4_210_013G1_maxbin2.maxbin.010)	COMPLETED	0	2026-08-30 21:34:57.468	2026-08-30 21:34:57.560	2026-08-30 21:42:46.322	7m 47s	2	6 GB	905.7 MB	8 GB	104.7%	1.6%	31.5 GB	811.7 MB
1858	44/30c664	BGC_ANALYSIS:ANTISMASH_ANALYSIS:ANTISMASH (Pantoea_septica_CTOTU46901)	COMPLETED	0	2026-08-30 21:41:35.826	2026-08-30 21:41:35.923	2026-08-30 21:43:00.978	1m 23s	2	6 GB	483.8 MB	7.7 GB	108.6%	0.7%	4.6 GB	136.4 MB
1823	d3/bf0291	BGC_ANALYSIS:ANTISMASH_ANALYSIS:ANTISMASH (Pantoea_agglomerans_CTOTU49883)	COMPLETED	0	2026-08-30 21:34:56.752	2026-08-30 21:34:56.847	2026-08-30 21:43:03.416	8m 5s	2	6 GB	637 MB	7.7 GB	112.6%	1.0%	30.3 GB	758.8 MB
1863	30/40a9a4	BGC_ANALYSIS:ANTISMASH_ANALYSIS:ANTISMASH (Pantoea_septica_CTOTU50841)	COMPLETED	0	2026-08-30 21:42:46.325	2026-08-30 21:42:46.422	2026-08-30 21:43:24.355	36.1s	2	6 GB	480.5 MB	7.7 GB	105.1%	0.8%	1.7 GB	65.2 MB
1860	34/497c94	BGC_ANALYSIS:ANTISMASH_ANALYSIS:ANTISMASH (Pantoea_septica_CTOTU49303)	COMPLETED	0	2026-08-30 21:41:48.064	2026-08-30 21:41:48.160	2026-08-30 21:43:51.209	2m 1s	2	6 GB	485.1 MB	7.6 GB	113.4%	0.7%	7 GB	188 MB
1878	2f/ee6222	BGC_ANALYSIS:ANTISMASH_ANALYSIS:ANTISMASH (Pantoea_sp._N1_011_011G1_dasN1_011_011G1_maxbin2.maxbin.003)	COMPLETED	0	2026-08-30 21:42:43.262	2026-08-30 21:42:43.358	2026-08-30 21:43:59.208	1m 14s	2	6 GB	745 MB	7.8 GB	100.3%	1.3%	4.3 GB	147.4 MB
1862	5d/05f076	BGC_ANALYSIS:ANTISMASH_ANALYSIS:ANTISMASH (Pantoea_septica_CTOTU49985)	COMPLETED	0	2026-08-30 21:42:45.531	2026-08-30 21:42:45.628	2026-08-30 21:44:24.841	1m 37s	2	6 GB	495.3 MB	7.6 GB	110.7%	0.7%	5.5 GB	156.5 MB
1864	6b/2135f3	BGC_ANALYSIS:ANTISMASH_ANALYSIS:ANTISMASH (Pantoea_sp._CTOTU48473)	COMPLETED	0	2026-08-30 21:43:59.212	2026-08-30 21:43:59.308	2026-08-30 21:44:34.528	33.4s	2	6 GB	483.3 MB	7.7 GB	104.0%	0.7%	1.5 GB	61 MB
1879	6e/a3f6f6	BGC_ANALYSIS:ANTISMASH_ANALYSIS:ANTISMASH (Pantoea_sp._N2_038_000G1_dasN2_038_000G1_maxbin2.maxbin.012)	COMPLETED	0	2026-08-30 21:43:00.981	2026-08-30 21:43:01.078	2026-08-30 21:44:43.741	1m 41s	2	6 GB	730 MB	7.8 GB	103.0%	1.3%	6.2 GB	188 MB
1886	98/396fea	BGC_ANALYSIS:ANTISMASH_ANALYSIS:ANTISMASH (Pantoea_sp._N4_155_006G1_dasN4_155_006G1_maxbin2.maxbin.002)	COMPLETED	0	2026-08-30 21:44:24.844	2026-08-30 21:44:24.941	2026-08-30 21:45:02.664	35.9s	2	6 GB	763.6 MB	7.8 GB	97.8%	1.3%	1.8 GB	82.2 MB
1869	40/66baf2	BGC_ANALYSIS:ANTISMASH_ANALYSIS:ANTISMASH (Pantoea_sp._CTOTU50009)	COMPLETED	0	2026-08-30 21:44:34.532	2026-08-30 21:44:34.628	2026-08-30 21:45:08.551	32.1s	2	6 GB	489.9 MB	7.7 GB	105.5%	0.7%	1.5 GB	59.7 MB
1872	09/557da5	BGC_ANALYSIS:ANTISMASH_ANALYSIS:ANTISMASH (Pantoea_sp._CTOTU50332)	COMPLETED	0	2026-08-30 21:42:33.371	2026-08-30 21:42:33.468	2026-08-30 21:45:25.843	2m 51s	2	6 GB	568.7 MB	7.7 GB	115.1%	1.1%	9.6 GB	259.8 MB
1873	1c/5db0f2	BGC_ANALYSIS:ANTISMASH_ANALYSIS:ANTISMASH (Pantoea_sp._CTOTU50483)	COMPLETED	0	2026-08-30 21:45:02.668	2026-08-30 21:45:02.764	2026-08-30 21:45:30.897	26.3s	2	6 GB	479.5 MB	7.7 GB	105.6%	0.7%	1.1 GB	48.9 MB
1877	0c/8922d2	BGC_ANALYSIS:ANTISMASH_ANALYSIS:ANTISMASH (Pantoea_sp._JZ29)	COMPLETED	0	2026-08-30 21:45:30.901	2026-08-30 21:45:30.998	2026-08-30 21:45:52.566	19.7s	2	6 GB	806.4 MB	7.8 GB	133.5%	1.3%	862.8 MB	58.9 MB
1882	a2/9cd0bb	BGC_ANALYSIS:ANTISMASH_ANALYSIS:ANTISMASH (Pantoea_sp._N4_105_000G1_dasN4_105_000G1_maxbin2.maxbin.001)	COMPLETED	0	2026-08-30 21:43:03.419	2026-08-30 21:43:03.516	2026-08-30 21:46:19.616	3m 14s	2	6 GB	808.3 MB	7.9 GB	104.5%	1.3%	12.6 GB	350.2 MB
1874	e5/5c38b4	BGC_ANALYSIS:ANTISMASH_ANALYSIS:ANTISMASH (Pantoea_sp._CTOTU50650)	COMPLETED	0	2026-08-30 21:45:25.847	2026-08-30 21:45:25.943	2026-08-30 21:46:25.557	57.8s	2	6 GB	494.2 MB	7.7 GB	107.9%	0.7%	3.1 GB	98.6 MB
1895	cb/e7d406	BGC_ANALYSIS:ANTISMASH_ANALYSIS:ANTISMASH (Rosenbergiella_sp._YN46)	COMPLETED	0	2026-08-30 21:45:52.570	2026-08-30 21:45:52.666	2026-08-30 21:46:41.436	46.9s	2	6 GB	484.3 MB	7.7 GB	107.0%	0.8%	2.4 GB	82.1 MB
1876	6c/ad3928	BGC_ANALYSIS:ANTISMASH_ANALYSIS:ANTISMASH (Pantoea_sp._JZ2)	COMPLETED	0	2026-08-30 21:46:19.620	2026-08-30 21:46:19.716	2026-08-30 21:46:42.401	20.9s	2	6 GB	866.6 MB	7.9 GB	131.8%	1.4%	948.3 MB	64 MB
1868	d6/63c180	BGC_ANALYSIS:ANTISMASH_ANALYSIS:ANTISMASH (Pantoea_sp._CTOTU49842)	COMPLETED	0	2026-08-30 21:43:51.213	2026-08-30 21:43:51.309	2026-08-30 21:46:45.144	2m 52s	2	6 GB	575.6 MB	7.7 GB	114.9%	1.1%	9.7 GB	268.2 MB
1875	5e/2fb96b	BGC_ANALYSIS:ANTISMASH_ANALYSIS:ANTISMASH (Pantoea_sp._CTOTU50773_CTOTU50773)	COMPLETED	0	2026-08-30 21:45:08.555	2026-08-30 21:45:08.651	2026-08-30 21:47:01.193	1m 51s	2	6 GB	536.4 MB	7.7 GB	113.9%	0.8%	6.1 GB	170.9 MB
1867	f0/4d25e0	BGC_ANALYSIS:ANTISMASH_ANALYSIS:ANTISMASH (Pantoea_sp._CTOTU49800)	COMPLETED	0	2026-08-30 21:43:24.359	2026-08-30 21:43:24.455	2026-08-30 21:47:12.544	3m 46s	2	6 GB	527.6 MB	7.6 GB	115.1%	1.0%	13.5 GB	349.5 MB
1881	76/ecf8f3	BGC_ANALYSIS:ANTISMASH_ANALYSIS:ANTISMASH (Pantoea_sp._N2_066_009G1_dasN2_066_009G1_abawaca.7)	COMPLETED	0	2026-08-30 21:46:42.405	2026-08-30 21:46:42.502	2026-08-30 21:47:27.764	43.5s	2	6 GB	782.4 MB	7.8 GB	98.1%	1.3%	2.2 GB	94.5 MB
1880	71/370e49	BGC_ANALYSIS:ANTISMASH_ANALYSIS:ANTISMASH (Pantoea_sp._N2_039_000G1_dasN2_039_000G1_abawaca.73)	COMPLETED	0	2026-08-30 21:46:41.440	2026-08-30 21:46:41.536	2026-08-30 21:47:28.560	45.2s	2	6 GB	758.3 MB	7.8 GB	98.3%	1.3%	2.4 GB	97.3 MB
1891	ad/42db62	BGC_ANALYSIS:ANTISMASH_ANALYSIS:ANTISMASH (Pantoea_sp._S2_006_009G1_dasS2_006_009G1_abawaca.11)	COMPLETED	0	2026-08-30 21:46:45.147	2026-08-30 21:46:45.245	2026-08-30 21:47:38.079	51.1s	2	6 GB	776 MB	7.8 GB	98.6%	1.3%	2.8 GB	107.2 MB
1887	2e/d14bb5	BGC_ANALYSIS:ANTISMASH_ANALYSIS:ANTISMASH (Pantoea_sp._N5_218_000G1_dasN5_218_000G1_concoct_11)	COMPLETED	0	2026-08-30 21:47:01.197	2026-08-30 21:47:01.293	2026-08-30 21:47:44.961	41.9s	2	6 GB	751.9 MB	7.8 GB	97.9%	1.3%	2.1 GB	91.5 MB
1889	33/6e7c9d	BGC_ANALYSIS:ANTISMASH_ANALYSIS:ANTISMASH (Pantoea_sp._N5_272_005G1_dasN5_272_005G1_maxbin2.maxbin.001)	COMPLETED	0	2026-08-30 21:47:12.548	2026-08-30 21:47:12.644	2026-08-30 21:47:47.922	33.5s	2	6 GB	774.6 MB	7.8 GB	100.1%	1.4%	1.5 GB	81.1 MB
1890	6f/c6e7aa	BGC_ANALYSIS:ANTISMASH_ANALYSIS:ANTISMASH (Pantoea_sp._S18)	COMPLETED	0	2026-08-30 21:47:28.564	2026-08-30 21:47:28.660	2026-08-30 21:47:51.822	21.3s	2	6 GB	843.8 MB	7.8 GB	126.6%	1.4%	925.3 MB	66.1 MB
1884	e0/c2a27c	BGC_ANALYSIS:ANTISMASH_ANALYSIS:ANTISMASH (Pantoea_sp._N4_105_011G1_dasN4_105_011G1_concoct_11)	COMPLETED	0	2026-08-30 21:44:43.744	2026-08-30 21:44:43.841	2026-08-30 21:48:16.604	3m 31s	2	6 GB	774.6 MB	7.8 GB	104.5%	1.3%	13.9 GB	378.2 MB
1892	fa/22451e	BGC_ANALYSIS:ANTISMASH_ANALYSIS:ANTISMASH (Pantoea_sp._T14)	COMPLETED	0	2026-08-30 21:47:44.964	2026-08-30 21:47:45.061	2026-08-30 21:48:16.834	29.8s	2	6 GB	714.3 MB	7.8 GB	96.4%	1.3%	1.3 GB	71.1 MB
1896	39/8f1a62	BGC_ANALYSIS:ANTISMASH_ANALYSIS:ANTISMASH (Winslowiella_toletana_1.2.20)	COMPLETED	0	2026-08-30 21:48:16.607	2026-08-30 21:48:16.704	2026-08-30 21:48:37.688	19.2s	2	6 GB	854.9 MB	7.9 GB	140.3%	1.4%	843 MB	59.9 MB
1893	e2/e96251	BGC_ANALYSIS:ANTISMASH_ANALYSIS:ANTISMASH (Pantoea_stewartii_NC66)	COMPLETED	0	2026-08-30 21:47:51.825	2026-08-30 21:47:51.922	2026-08-30 21:48:46.089	52.3s	2	6 GB	4.7 GB	7.8 GB	113.1%	3.1%	9.8 GB	69.1 MB
1909	09/dae15a	BGC_ANALYSIS:ANTISMASH_ANALYSIS:ANTISMASH (Erwinia_amylovora_XJ19)	COMPLETED	0	2026-08-30 21:48:16.837	2026-08-30 21:48:16.934	2026-08-30 21:48:51.207	32.5s	2	6 GB	492.1 MB	7.8 GB	106.6%	0.7%	1.4 GB	52.8 MB
1894	e1/65d42f	BGC_ANALYSIS:ANTISMASH_ANALYSIS:ANTISMASH (Pantoea_vagans_CTOTU50032)	COMPLETED	0	2026-08-30 21:47:47.926	2026-08-30 21:47:48.022	2026-08-30 21:48:58.352	1m 9s	2	6 GB	495 MB	7.7 GB	107.3%	0.7%	3.6 GB	114 MB
1907	c9/4bac29	BGC_ANALYSIS:ANTISMASH_ANALYSIS:ANTISMASH (Erwinia_amylovora_XJ14)	COMPLETED	0	2026-08-30 21:48:37.691	2026-08-30 21:48:37.788	2026-08-30 21:49:10.685	31s	2	6 GB	479.3 MB	7.8 GB	107.1%	0.7%	1.3 GB	50.8 MB
1885	6e/0c9411	BGC_ANALYSIS:ANTISMASH_ANALYSIS:ANTISMASH (Pantoea_sp._N4_126_007G1_dasN4_126_007G1_concoct_0)	COMPLETED	0	2026-08-30 21:47:38.083	2026-08-30 21:47:38.180	2026-08-30 21:49:10.971	1m 31s	2	6 GB	670.2 MB	7.7 GB	102.5%	1.1%	5.5 GB	166.7 MB
1910	98/6065d1	BGC_ANALYSIS:ANTISMASH_ANALYSIS:ANTISMASH (Erwinia_amylovora_XJ23)	COMPLETED	0	2026-08-30 21:48:46.093	2026-08-30 21:48:46.189	2026-08-30 21:49:23.144	34.9s	2	6 GB	487.6 MB	7.7 GB	107.5%	0.7%	1.6 GB	57.1 MB
1906	0e/c6211c	BGC_ANALYSIS:ANTISMASH_ANALYSIS:ANTISMASH (Erwinia_amylovora_XJ12)	COMPLETED	0	2026-08-30 21:48:51.210	2026-08-30 21:48:51.306	2026-08-30 21:49:26.776	33.6s	2	6 GB	493 MB	7.8 GB	107.2%	0.7%	1.5 GB	55.3 MB
1911	71/6f4d89	BGC_ANALYSIS:ANTISMASH_ANALYSIS:ANTISMASH (Erwinia_amylovora_XJ26)	COMPLETED	0	2026-08-30 21:48:58.356	2026-08-30 21:48:58.453	2026-08-30 21:49:33.419	33.1s	2	6 GB	480.5 MB	7.8 GB	106.7%	0.7%	1.5 GB	54.7 MB
1904	b1/60a138	BGC_ANALYSIS:ANTISMASH_ANALYSIS:ANTISMASH (Erwinia_amylovora_KG03)	COMPLETED	0	2026-08-30 21:49:10.975	2026-08-30 21:49:11.072	2026-08-30 21:49:45.959	33.1s	2	6 GB	487.6 MB	7.8 GB	106.6%	0.7%	1.4 GB	53.8 MB
1899	21/58c909	BGC_ANALYSIS:ANTISMASH_ANALYSIS:ANTISMASH (Erwinia_amylovora_GS05)	COMPLETED	0	2026-08-30 21:49:10.689	2026-08-30 21:49:10.785	2026-08-30 21:49:46.761	34.1s	2	6 GB	493.2 MB	7.8 GB	107.4%	0.7%	1.5 GB	56.3 MB
1908	04/2c6e25	BGC_ANALYSIS:ANTISMASH_ANALYSIS:ANTISMASH (Erwinia_amylovora_XJ15)	COMPLETED	0	2026-08-30 21:49:23.147	2026-08-30 21:49:23.244	2026-08-30 21:49:59.443	34.4s	2	6 GB	482.1 MB	7.8 GB	106.3%	0.7%	1.6 GB	57.3 MB
1915	88/278e2d	BGC_ANALYSIS:ANTISMASH_ANALYSIS:ANTISMASH (Erwinia_amylovora_XJ60)	COMPLETED	0	2026-08-30 21:49:26.780	2026-08-30 21:49:26.877	2026-08-30 21:49:59.946	31.2s	2	6 GB	489.4 MB	7.7 GB	106.1%	0.7%	1.4 GB	52 MB
1902	e6/07abc2	BGC_ANALYSIS:ANTISMASH_ANALYSIS:ANTISMASH (Erwinia_amylovora_KG01)	COMPLETED	0	2026-08-30 21:49:33.422	2026-08-30 21:49:33.520	2026-08-30 21:50:08.658	33.3s	2	6 GB	484 MB	7.8 GB	107.1%	0.7%	1.5 GB	55.8 MB
1898	82/554d82	BGC_ANALYSIS:ANTISMASH_ANALYSIS:ANTISMASH (Erwinia_amylovora_GS01)	COMPLETED	0	2026-08-30 21:49:45.962	2026-08-30 21:49:46.059	2026-08-30 21:50:18.386	30.5s	2	6 GB	497.3 MB	7.8 GB	106.0%	0.7%	1.3 GB	50.6 MB
1917	2c/26e615	BGC_ANALYSIS:ANTISMASH_ANALYSIS:ANTISMASH (Erwinia_aphidicola_JCM_21238_2)	COMPLETED	0	2026-08-30 21:49:59.445	2026-08-30 21:49:59.543	2026-08-30 21:50:27.038	25.7s	2	6 GB	685.2 MB	7.7 GB	107.8%	1.2%	1 GB	60.4 MB
1903	36/c21f90	BGC_ANALYSIS:ANTISMASH_ANALYSIS:ANTISMASH (Erwinia_amylovora_KG02)	COMPLETED	0	2026-08-30 21:49:59.950	2026-08-30 21:50:00.046	2026-08-30 21:50:32.587	30.7s	2	6 GB	501.1 MB	7.8 GB	106.5%	0.7%	1.4 GB	51.7 MB
1925	2b/406436	BGC_ANALYSIS:ANTISMASH_ANALYSIS:ANTISMASH (Pantoea_agglomerans_ELIV)	COMPLETED	0	2026-08-30 21:50:27.042	2026-08-30 21:50:27.138	2026-08-30 21:50:51.821	22.9s	2	6 GB	836.5 MB	7.9 GB	125.2%	1.3%	917 MB	66.1 MB
1900	f4/25b308	BGC_ANALYSIS:ANTISMASH_ANALYSIS:ANTISMASH (Erwinia_amylovora_HZ01)	COMPLETED	0	2026-08-30 21:50:08.661	2026-08-30 21:50:08.758	2026-08-30 21:50:57.233	46.5s	2	6 GB	472.2 MB	7.8 GB	105.8%	0.7%	2.4 GB	76.1 MB
1922	96/1df95c	BGC_ANALYSIS:ANTISMASH_ANALYSIS:ANTISMASH (Pantoea_agglomerans_1L-B-7-B-C1)	COMPLETED	0	2026-08-30 21:50:32.590	2026-08-30 21:50:32.687	2026-08-30 21:50:59.298	24.7s	2	6 GB	739.6 MB	7.8 GB	103.9%	1.3%	1.1 GB	62.6 MB
1901	5f/fee2da	BGC_ANALYSIS:ANTISMASH_ANALYSIS:ANTISMASH (Erwinia_amylovora_HZ02)	COMPLETED	0	2026-08-30 21:50:18.389	2026-08-30 21:50:18.486	2026-08-30 21:51:01.906	41.6s	2	6 GB	464.6 MB	7.7 GB	105.6%	0.7%	2.1 GB	68.9 MB
1897	44/8dc639	BGC_ANALYSIS:ANTISMASH_ANALYSIS:ANTISMASH (Buchnera_sp._in:_enterobacteria_SBL_JL2023_coco_bin.24.orig)	COMPLETED	0	2026-08-30 21:50:57.236	2026-08-30 21:50:57.333	2026-08-30 21:51:06.091	6.9s	2	6 GB	201.6 MB	2.7 GB	108.2%	0.3%	353 MB	11.5 MB
1918	b2/155889	BGC_ANALYSIS:ANTISMASH_ANALYSIS:ANTISMASH (Erwinia_billingiae_SBL_JL2023_fagr_bin.62.orig)	COMPLETED	0	2026-08-30 21:49:46.764	2026-08-30 21:49:46.861	2026-08-30 21:51:15.615	1m 27s	2	6 GB	746.8 MB	7.8 GB	100.9%	1.3%	5.2 GB	173.1 MB
1919	f2/464f03	BGC_ANALYSIS:ANTISMASH_ANALYSIS:ANTISMASH (Erwinia_sp._PME.40.26_001)	COMPLETED	0	2026-08-30 21:50:51.824	2026-08-30 21:50:51.921	2026-08-30 21:51:21.001	27.3s	2	6 GB	774.4 MB	7.8 GB	105.4%	1.3%	1.2 GB	70 MB
1920	4f/1632de	BGC_ANALYSIS:ANTISMASH_ANALYSIS:ANTISMASH (Erwinia_sp._TECH1)	COMPLETED	0	2026-08-30 21:51:06.095	2026-08-30 21:51:06.192	2026-08-30 21:51:25.856	17.8s	2	6 GB	806.1 MB	7.8 GB	134.2%	1.4%	817.8 MB	55 MB
1921	3c/0e877e	BGC_ANALYSIS:ANTISMASH_ANALYSIS:ANTISMASH (Pantoea_agglomerans_1L-A-1-B-C2)	COMPLETED	0	2026-08-30 21:51:01.908	2026-08-30 21:51:02.006	2026-08-30 21:51:28.080	24.2s	2	6 GB	694.1 MB	7.7 GB	98.8%	1.2%	1 GB	60.4 MB
1916	95/3c7f90	BGC_ANALYSIS:ANTISMASH_ANALYSIS:ANTISMASH (Erwinia_amylovora_XJ79)	COMPLETED	0	2026-08-30 21:50:59.305	2026-08-30 21:50:59.399	2026-08-30 21:51:31.885	30.6s	2	6 GB	483.7 MB	7.7 GB	104.5%	0.7%	1.3 GB	50.8 MB
1883	3e/7abe1c	BGC_ANALYSIS:ANTISMASH_ANALYSIS:ANTISMASH (Pantoea_sp._N4_105_010G1_dasN4_105_010G1_abawaca.13)	COMPLETED	0	2026-08-30 21:46:25.561	2026-08-30 21:46:25.657	2026-08-30 21:51:41.469	5m 14s	2	6 GB	897.6 MB	7.9 GB	104.4%	1.6%	20.8 GB	554.6 MB
1923	8e/bf5696	BGC_ANALYSIS:ANTISMASH_ANALYSIS:ANTISMASH (Pantoea_agglomerans_C9II)	COMPLETED	0	2026-08-30 21:51:15.618	2026-08-30 21:51:15.714	2026-08-30 21:51:45.908	28.3s	2	6 GB	769.8 MB	7.8 GB	99.6%	1.3%	1.3 GB	71.2 MB
1930	8a/c97101	BGC_ANALYSIS:ANTISMASH_ANALYSIS:ANTISMASH (Pantoea_agglomerans_TE3500)	COMPLETED	0	2026-08-30 21:51:31.888	2026-08-30 21:51:31.986	2026-08-30 21:51:53.471	19.6s	2	6 GB	780.9 MB	7.8 GB	122.7%	1.3%	889.6 MB	58.8 MB
1913	b4/54a93f	BGC_ANALYSIS:ANTISMASH_ANALYSIS:ANTISMASH (Erwinia_amylovora_XJ35)	COMPLETED	0	2026-08-30 21:51:21.005	2026-08-30 21:51:21.101	2026-08-30 21:51:55.501	32.4s	2	6 GB	483.8 MB	7.7 GB	105.8%	0.7%	1.5 GB	54.8 MB
1926	2c/8b770b	BGC_ANALYSIS:ANTISMASH_ANALYSIS:ANTISMASH (Pantoea_agglomerans_G5_S1_71_S2)	COMPLETED	0	2026-08-30 21:51:28.083	2026-08-30 21:51:28.180	2026-08-30 21:51:58.459	28.4s	2	6 GB	692.3 MB	7.7 GB	95.4%	1.2%	1.2 GB	69.3 MB
1888	74/f2dae4	BGC_ANALYSIS:ANTISMASH_ANALYSIS:ANTISMASH (Pantoea_sp._N5_271_000G1_dasN5_271_000G1_maxbin2.maxbin.005)	COMPLETED	0	2026-08-30 21:47:27.767	2026-08-30 21:47:27.864	2026-08-30 21:52:01.525	4m 32s	2	6 GB	770.4 MB	7.8 GB	104.2%	1.3%	17.9 GB	474.8 MB
1927	e2/1338c0	BGC_ANALYSIS:ANTISMASH_ANALYSIS:ANTISMASH (Pantoea_agglomerans_I53BLB)	COMPLETED	0	2026-08-30 21:51:45.910	2026-08-30 21:51:46.008	2026-08-30 21:52:08.645	20.7s	2	6 GB	780.6 MB	7.8 GB	124.6%	1.3%	873 MB	61.5 MB
1924	23/1f06a8	BGC_ANALYSIS:ANTISMASH_ANALYSIS:ANTISMASH (Pantoea_agglomerans_CNPSo_2602)	COMPLETED	0	2026-08-30 21:51:25.858	2026-08-30 21:51:25.956	2026-08-30 21:52:12.764	45s	2	6 GB	662.3 MB	7.7 GB	96.3%	1.2%	2.3 GB	96.9 MB
1929	eb/60a4a0	BGC_ANALYSIS:ANTISMASH_ANALYSIS:ANTISMASH (Pantoea_agglomerans_TE3475)	COMPLETED	0	2026-08-30 21:51:55.505	2026-08-30 21:51:55.601	2026-08-30 21:52:23.842	26.4s	2	6 GB	727.2 MB	7.8 GB	96.1%	1.3%	1.1 GB	62.3 MB
1914	8c/c1c22a	BGC_ANALYSIS:ANTISMASH_ANALYSIS:ANTISMASH (Erwinia_amylovora_XJ51)	COMPLETED	0	2026-08-30 21:51:53.475	2026-08-30 21:51:53.571	2026-08-30 21:52:27.930	32.5s	2	6 GB	477.9 MB	7.8 GB	105.4%	0.7%	1.5 GB	54.4 MB
1928	cb/f765f2	BGC_ANALYSIS:ANTISMASH_ANALYSIS:ANTISMASH (Pantoea_agglomerans_SO16PY)	COMPLETED	0	2026-08-30 21:51:41.471	2026-08-30 21:51:41.569	2026-08-30 21:52:31.874	48.5s	2	6 GB	740.9 MB	7.8 GB	95.8%	1.3%	2.5 GB	102.7 MB
1912	00/8b137d	BGC_ANALYSIS:ANTISMASH_ANALYSIS:ANTISMASH (Erwinia_amylovora_XJ30)	COMPLETED	0	2026-08-30 21:52:01.528	2026-08-30 21:52:01.625	2026-08-30 21:52:33.654	30s	2	6 GB	494.4 MB	7.8 GB	105.3%	0.7%	1.3 GB	50.8 MB
1905	62/195025	BGC_ANALYSIS:ANTISMASH_ANALYSIS:ANTISMASH (Erwinia_amylovora_XJ10)	COMPLETED	0	2026-08-30 21:51:58.463	2026-08-30 21:51:58.559	2026-08-30 21:52:35.522	35s	2	6 GB	491.1 MB	7.8 GB	105.2%	0.7%	1.6 GB	58.3 MB
1931	32/62d4a0	BGC_ANALYSIS:ANTISMASH_ANALYSIS:ANTISMASH (Pantoea_ananatis_117R1)	COMPLETED	0	2026-08-30 21:52:08.648	2026-08-30 21:52:08.745	2026-08-30 21:52:44.337	33.7s	2	6 GB	775 MB	7.8 GB	96.8%	1.3%	1.5 GB	78.5 MB
1936	3e/f900b6	BGC_ANALYSIS:ANTISMASH_ANALYSIS:ANTISMASH (Pantoea_ananatis_KUK)	COMPLETED	0	2026-08-30 21:52:27.934	2026-08-30 21:52:28.030	2026-08-30 21:53:03.286	33.3s	2	6 GB	693.5 MB	7.8 GB	94.8%	1.3%	1.6 GB	77.3 MB
1946	da/dffa78	BGC_ANALYSIS:ANTISMASH_ANALYSIS:ANTISMASH (Pantoea_anthophila_73_bin.1)	COMPLETED	0	2026-08-30 21:52:35.525	2026-08-30 21:52:35.622	2026-08-30 21:53:03.697	26.3s	2	6 GB	682.3 MB	7.7 GB	100.3%	1.2%	1.1 GB	65.9 MB
1935	9c/e19400	BGC_ANALYSIS:ANTISMASH_ANALYSIS:ANTISMASH (Pantoea_ananatis_J4-2)	COMPLETED	0	2026-08-30 21:52:31.878	2026-08-30 21:52:31.974	2026-08-30 21:53:09.552	35.7s	2	6 GB	800 MB	7.8 GB	95.7%	1.3%	1.7 GB	82.8 MB
1942	80/4326b7	BGC_ANALYSIS:ANTISMASH_ANALYSIS:ANTISMASH (Pantoea_ananatis_Z6-6)	COMPLETED	0	2026-08-30 21:52:33.657	2026-08-30 21:52:33.754	2026-08-30 21:53:13.578	38s	2	6 GB	809.7 MB	7.8 GB	95.0%	1.3%	1.9 GB	87 MB
1948	9b/1d2711	BGC_ANALYSIS:ANTISMASH_ANALYSIS:ANTISMASH (Pantoea_dispersa_255T2)	COMPLETED	0	2026-08-30 21:52:44.341	2026-08-30 21:52:44.438	2026-08-30 21:53:17.681	31.5s	2	6 GB	753.9 MB	7.8 GB	95.1%	1.3%	1.4 GB	73.5 MB
1934	b4/519d8a	BGC_ANALYSIS:ANTISMASH_ANALYSIS:ANTISMASH (Pantoea_ananatis_J15-6)	COMPLETED	0	2026-08-30 21:52:23.845	2026-08-30 21:52:23.942	2026-08-30 21:53:24.330	58.5s	2	6 GB	4.7 GB	7.8 GB	107.1%	5.6%	10.1 GB	78.8 MB
1951	91/4bc468	BGC_ANALYSIS:ANTISMASH_ANALYSIS:ANTISMASH (Pantoea_dispersa_AA14)	COMPLETED	0	2026-08-30 21:53:03.289	2026-08-30 21:53:03.386	2026-08-30 21:53:24.448	19.1s	2	6 GB	806.2 MB	7.8 GB	131.5%	1.3%	817.9 MB	58.7 MB
1932	10/562e19	BGC_ANALYSIS:ANTISMASH_ANALYSIS:ANTISMASH (Pantoea_ananatis_117T1)	COMPLETED	0	2026-08-30 21:52:12.767	2026-08-30 21:52:12.865	2026-08-30 21:53:37.296	1m 23s	2	6 GB	4.9 GB	7.8 GB	123.9%	4.1%	30.9 GB	73.3 MB
1944	11/aac524	BGC_ANALYSIS:ANTISMASH_ANALYSIS:ANTISMASH (Pantoea_ananatis_ZP002)	COMPLETED	0	2026-08-30 21:53:24.451	2026-08-30 21:53:24.549	2026-08-30 21:53:44.372	17.8s	2	6 GB	787.1 MB	7.8 GB	132.0%	1.4%	806.6 MB	58.1 MB
1949	b6/e709bb	BGC_ANALYSIS:ANTISMASH_ANALYSIS:ANTISMASH (Pantoea_dispersa_3121)	COMPLETED	0	2026-08-30 21:53:09.556	2026-08-30 21:53:09.652	2026-08-30 21:53:44.528	33s	2	6 GB	750.3 MB	7.8 GB	95.1%	1.3%	1.4 GB	75 MB
1954	ff/15ef04	BGC_ANALYSIS:ANTISMASH_ANALYSIS:ANTISMASH (Pantoea_dispersa_Z19-2)	COMPLETED	0	2026-08-30 21:53:17.684	2026-08-30 21:53:17.783	2026-08-30 21:53:50.172	30.5s	2	6 GB	744.7 MB	7.8 GB	94.9%	1.2%	1.3 GB	72.1 MB
1940	9d/65e488	BGC_ANALYSIS:ANTISMASH_ANALYSIS:ANTISMASH (Pantoea_ananatis_Z19-37)	COMPLETED	0	2026-08-30 21:53:13.581	2026-08-30 21:53:13.678	2026-08-30 21:53:50.616	34.9s	2	6 GB	798.5 MB	7.8 GB	96.0%	1.3%	1.6 GB	79.4 MB
1933	41/e2af0e	BGC_ANALYSIS:ANTISMASH_ANALYSIS:ANTISMASH (Pantoea_ananatis_141)	COMPLETED	0	2026-08-30 21:53:03.700	2026-08-30 21:53:03.796	2026-08-30 21:53:50.787	45s	2	6 GB	4.6 GB	7.9 GB	124.6%	7.9%	8.9 GB	44.9 MB
1941	7f/89d1a3	BGC_ANALYSIS:ANTISMASH_ANALYSIS:ANTISMASH (Pantoea_ananatis_Z6-1)	COMPLETED	0	2026-08-30 21:53:24.333	2026-08-30 21:53:24.430	2026-08-30 21:54:01.828	35.5s	2	6 GB	752.3 MB	7.8 GB	98.7%	1.2%	1.6 GB	79 MB
1947	fe/44377b	BGC_ANALYSIS:ANTISMASH_ANALYSIS:ANTISMASH (Pantoea_conspicua_C2A7)	COMPLETED	0	2026-08-30 21:53:44.530	2026-08-30 21:53:44.628	2026-08-30 21:54:05.535	19.1s	2	6 GB	808.4 MB	7.8 GB	130.7%	1.4%	842.2 MB	58.8 MB
1962	4b/59d0f5	BGC_ANALYSIS:ANTISMASH_ANALYSIS:ANTISMASH (Pantoea_eucalypti_TE3523)	COMPLETED	0	2026-08-30 21:53:50.790	2026-08-30 21:53:50.887	2026-08-30 21:54:11.411	18.4s	2	6 GB	740.2 MB	7.8 GB	123.1%	1.2%	808.9 MB	54.4 MB
1938	2e/52606b	BGC_ANALYSIS:ANTISMASH_ANALYSIS:ANTISMASH (Pantoea_ananatis_UYCo721)	COMPLETED	0	2026-08-30 21:53:50.620	2026-08-30 21:53:50.716	2026-08-30 21:54:17.937	25.2s	2	6 GB	771.7 MB	7.8 GB	96.3%	1.3%	1 GB	60.7 MB
1960	25/9fc279	BGC_ANALYSIS:ANTISMASH_ANALYSIS:ANTISMASH (Pantoea_dispersa_Z4-25)	COMPLETED	0	2026-08-30 21:53:50.175	2026-08-30 21:53:50.272	2026-08-30 21:54:20.315	28s	2	6 GB	804.3 MB	7.8 GB	96.7%	1.3%	1.2 GB	69.2 MB
1937	7d/e0ea65	BGC_ANALYSIS:ANTISMASH_ANALYSIS:ANTISMASH (Pantoea_ananatis_TE32200)	COMPLETED	0	2026-08-30 21:53:37.299	2026-08-30 21:53:37.396	2026-08-30 21:54:20.377	41.1s	2	6 GB	3.3 GB	7.8 GB	126.2%	3.3%	9.4 GB	57.5 MB
1955	7d/3a9c6c	BGC_ANALYSIS:ANTISMASH_ANALYSIS:ANTISMASH (Pantoea_dispersa_Z19-39)	COMPLETED	0	2026-08-30 21:53:44.375	2026-08-30 21:53:44.472	2026-08-30 21:54:23.225	37s	2	6 GB	751.9 MB	7.8 GB	95.9%	1.2%	1.7 GB	82 MB
1952	21/95c1ee	BGC_ANALYSIS:ANTISMASH_ANALYSIS:ANTISMASH (Pantoea_dispersa_AA6)	COMPLETED	0	2026-08-30 21:54:05.538	2026-08-30 21:54:05.635	2026-08-30 21:54:26.564	19.1s	2	6 GB	800.5 MB	7.8 GB	127.3%	1.4%	832.3 MB	60.1 MB
1945	cf/2f5d69	BGC_ANALYSIS:ANTISMASH_ANALYSIS:ANTISMASH (Pantoea_ananatis_ZZ10-11)	COMPLETED	0	2026-08-30 21:54:11.414	2026-08-30 21:54:11.511	2026-08-30 21:54:48.136	34.6s	2	6 GB	768.2 MB	7.8 GB	95.2%	1.3%	1.7 GB	81.3 MB
1950	d5/905412	BGC_ANALYSIS:ANTISMASH_ANALYSIS:ANTISMASH (Pantoea_dispersa_3122)	COMPLETED	0	2026-08-30 21:54:20.319	2026-08-30 21:54:20.378	2026-08-30 21:54:49.565	27.3s	2	6 GB	678.9 MB	7.7 GB	94.7%	1.1%	1.3 GB	64.3 MB
1943	8f/8f4ad3	BGC_ANALYSIS:ANTISMASH_ANALYSIS:ANTISMASH (Pantoea_ananatis_Z6-7)	COMPLETED	0	2026-08-30 21:54:01.831	2026-08-30 21:54:01.928	2026-08-30 21:54:52.367	48.6s	2	6 GB	779 MB	7.8 GB	97.4%	1.3%	2.6 GB	101.8 MB
1956	83/451d13	BGC_ANALYSIS:ANTISMASH_ANALYSIS:ANTISMASH (Pantoea_dispersa_Z4-10)	COMPLETED	0	2026-08-30 21:54:20.381	2026-08-30 21:54:20.477	2026-08-30 21:54:52.564	30.3s	2	6 GB	807.1 MB	7.8 GB	96.9%	1.3%	1.4 GB	75.4 MB
1939	23/c25d06	BGC_ANALYSIS:ANTISMASH_ANALYSIS:ANTISMASH (Pantoea_ananatis_Z17-1)	COMPLETED	0	2026-08-30 21:54:17.941	2026-08-30 21:54:18.037	2026-08-30 21:54:54.507	34.5s	2	6 GB	791.1 MB	7.8 GB	95.8%	1.4%	1.7 GB	81.4 MB
1968	1c/8b40ab	BGC_ANALYSIS:ANTISMASH_ANALYSIS:ANTISMASH (Pantoea_piersonii_A-29)	COMPLETED	0	2026-08-30 21:54:26.568	2026-08-30 21:54:26.666	2026-08-30 21:54:55.163	26.7s	2	6 GB	655.5 MB	7.7 GB	103.4%	1.1%	1.2 GB	70.6 MB
1953	29/560862	BGC_ANALYSIS:ANTISMASH_ANALYSIS:ANTISMASH (Pantoea_dispersa_LTV3-3)	COMPLETED	0	2026-08-30 21:54:23.229	2026-08-30 21:54:23.325	2026-08-30 21:54:56.005	30.9s	2	6 GB	821.1 MB	7.8 GB	101.9%	1.4%	1.5 GB	78.8 MB
1963	e4/c6dd2a	BGC_ANALYSIS:ANTISMASH_ANALYSIS:ANTISMASH (Pantoea_phosphatilytica_C3D7)	COMPLETED	0	2026-08-30 21:54:55.166	2026-08-30 21:54:55.263	2026-08-30 21:55:14.887	17.8s	2	6 GB	783 MB	7.8 GB	129.6%	1.3%	786.7 MB	54.8 MB
1961	57/aeab01	BGC_ANALYSIS:ANTISMASH_ANALYSIS:ANTISMASH (Pantoea_eucalypti_C10G5)	COMPLETED	0	2026-08-30 21:54:56.010	2026-08-30 21:54:56.105	2026-08-30 21:55:17.032	19s	2	6 GB	794.3 MB	7.8 GB	128.5%	1.3%	836.1 MB	58.4 MB
1959	25/fd50b8	BGC_ANALYSIS:ANTISMASH_ANALYSIS:ANTISMASH (Pantoea_dispersa_Z4-23)	COMPLETED	0	2026-08-30 21:54:48.138	2026-08-30 21:54:48.236	2026-08-30 21:55:20.721	30.7s	2	6 GB	773.3 MB	7.8 GB	96.9%	1.3%	1.4 GB	74.2 MB
1958	e5/7d6c96	BGC_ANALYSIS:ANTISMASH_ANALYSIS:ANTISMASH (Pantoea_dispersa_Z4-12)	COMPLETED	0	2026-08-30 21:54:52.568	2026-08-30 21:54:52.664	2026-08-30 21:55:22.756	28.3s	2	6 GB	801.8 MB	7.8 GB	95.5%	1.4%	1.2 GB	70.2 MB
1972	b0/4182ab	BGC_ANALYSIS:ANTISMASH_ANALYSIS:ANTISMASH (Pantoea_piersonii_A-51)	COMPLETED	0	2026-08-30 21:54:49.567	2026-08-30 21:54:49.665	2026-08-30 21:55:22.771	31.3s	2	6 GB	756.5 MB	7.8 GB	97.9%	1.3%	1.4 GB	75.6 MB
1957	83/88f2ef	BGC_ANALYSIS:ANTISMASH_ANALYSIS:ANTISMASH (Pantoea_dispersa_Z4-11)	COMPLETED	0	2026-08-30 21:54:52.370	2026-08-30 21:54:52.467	2026-08-30 21:55:36.364	42.1s	2	6 GB	789.6 MB	7.8 GB	97.1%	1.3%	2.1 GB	92.7 MB
1978	13/1872b1	BGC_ANALYSIS:ANTISMASH_ANALYSIS:ANTISMASH (Pantoea_piersonii_A-83)	COMPLETED	0	2026-08-30 21:55:14.891	2026-08-30 21:55:14.987	2026-08-30 21:55:48.340	31.5s	2	6 GB	744.9 MB	7.8 GB	99.1%	1.3%	1.4 GB	76.6 MB
1964	a9/f6d1fd	BGC_ANALYSIS:ANTISMASH_ANALYSIS:ANTISMASH (Pantoea_piersonii_78_bin.2)	COMPLETED	0	2026-08-30 21:55:17.035	2026-08-30 21:55:17.132	2026-08-30 21:55:51.517	32.6s	2	6 GB	675.4 MB	7.7 GB	98.4%	1.2%	1.5 GB	76.5 MB
1981	75/98715f	BGC_ANALYSIS:ANTISMASH_ANALYSIS:ANTISMASH (Pantoea_piersonii_F10_5S_D1_EP5)	COMPLETED	0	2026-08-30 21:55:20.725	2026-08-30 21:55:20.821	2026-08-30 21:55:52.000	29.2s	2	6 GB	760.1 MB	7.8 GB	98.0%	1.3%	1.3 GB	69.4 MB
1973	f2/b0c591	BGC_ANALYSIS:ANTISMASH_ANALYSIS:ANTISMASH (Pantoea_piersonii_A-59)	COMPLETED	0	2026-08-30 21:54:54.510	2026-08-30 21:54:54.608	2026-08-30 21:55:53.441	57s	2	6 GB	822.5 MB	7.9 GB	97.0%	1.3%	3.1 GB	121.7 MB
1982	38/0f194a	BGC_ANALYSIS:ANTISMASH_ANALYSIS:ANTISMASH (Pantoea_piersonii_F11_7S_D1_EB1)	COMPLETED	0	2026-08-30 21:55:22.759	2026-08-30 21:55:22.771	2026-08-30 21:55:54.055	29.1s	2	6 GB	760.3 MB	7.8 GB	98.1%	1.3%	1.3 GB	69.4 MB
1965	d3/0feb61	BGC_ANALYSIS:ANTISMASH_ANALYSIS:ANTISMASH (Pantoea_piersonii_A-16)	COMPLETED	0	2026-08-30 21:55:22.775	2026-08-30 21:55:22.871	2026-08-30 21:55:55.392	30.5s	2	6 GB	749.4 MB	7.8 GB	97.0%	1.3%	1.4 GB	76.1 MB
1984	df/1251de	BGC_ANALYSIS:ANTISMASH_ANALYSIS:ANTISMASH (Pantoea_piersonii_F9_5S_D1_P_1)	COMPLETED	0	2026-08-30 21:55:36.367	2026-08-30 21:55:36.465	2026-08-30 21:56:07.579	29.4s	2	6 GB	760.3 MB	7.8 GB	97.1%	1.3%	1.3 GB	69.4 MB
1967	0c/cdc854	BGC_ANALYSIS:ANTISMASH_ANALYSIS:ANTISMASH (Pantoea_piersonii_A-22)	COMPLETED	0	2026-08-30 21:55:48.344	2026-08-30 21:55:48.440	2026-08-30 21:56:17.538	27.3s	2	6 GB	696.5 MB	7.8 GB	100.3%	1.3%	1.2 GB	70.2 MB
1971	af/232d1e	BGC_ANALYSIS:ANTISMASH_ANALYSIS:ANTISMASH (Pantoea_piersonii_A-50)	COMPLETED	0	2026-08-30 21:55:52.004	2026-08-30 21:55:52.100	2026-08-30 21:56:22.099	28.3s	2	6 GB	735.8 MB	7.8 GB	97.6%	1.3%	1.2 GB	71.1 MB
1966	03/134ea7	BGC_ANALYSIS:ANTISMASH_ANALYSIS:ANTISMASH (Pantoea_piersonii_A-20)	COMPLETED	0	2026-08-30 21:55:51.520	2026-08-30 21:55:51.617	2026-08-30 21:56:23.643	30.3s	2	6 GB	674.5 MB	7.7 GB	98.0%	1.2%	1.4 GB	75.6 MB
1969	9f/e71ba8	BGC_ANALYSIS:ANTISMASH_ANALYSIS:ANTISMASH (Pantoea_piersonii_A-4)	COMPLETED	0	2026-08-30 21:55:54.058	2026-08-30 21:55:54.156	2026-08-30 21:56:26.059	30.1s	2	6 GB	713.4 MB	7.8 GB	98.5%	1.3%	1.4 GB	75.1 MB
1974	ea/13e701	BGC_ANALYSIS:ANTISMASH_ANALYSIS:ANTISMASH (Pantoea_piersonii_A-63)	COMPLETED	0	2026-08-30 21:55:53.445	2026-08-30 21:55:53.542	2026-08-30 21:56:30.830	35.4s	2	6 GB	760.3 MB	7.8 GB	100.2%	1.3%	1.8 GB	84.3 MB
1994	4a/a6f279	BGC_ANALYSIS:ANTISMASH_ANALYSIS:ANTISMASH (Pantoea_sp._XAF26B01_ASV70)	COMPLETED	0	2026-08-30 21:56:22.103	2026-08-30 21:56:22.200	2026-08-30 21:56:44.806	20.7s	2	6 GB	848.9 MB	7.9 GB	122.6%	1.5%	895.9 MB	63.9 MB
1976	70/950b54	BGC_ANALYSIS:ANTISMASH_ANALYSIS:ANTISMASH (Pantoea_piersonii_A-75)	COMPLETED	0	2026-08-30 21:56:17.541	2026-08-30 21:56:17.638	2026-08-30 21:56:51.379	32s	2	6 GB	768.4 MB	7.8 GB	94.5%	1.3%	1.4 GB	76.3 MB
1975	5a/b2eacf	BGC_ANALYSIS:ANTISMASH_ANALYSIS:ANTISMASH (Pantoea_piersonii_A-71)	COMPLETED	0	2026-08-30 21:56:23.646	2026-08-30 21:56:23.743	2026-08-30 21:56:52.524	26.9s	2	6 GB	676.5 MB	7.7 GB	101.2%	1.2%	1.2 GB	70.7 MB
1970	53/ff5002	BGC_ANALYSIS:ANTISMASH_ANALYSIS:ANTISMASH (Pantoea_piersonii_A-49)	COMPLETED	0	2026-08-30 21:55:55.395	2026-08-30 21:55:55.492	2026-08-30 21:56:56.336	59s	2	6 GB	804.8 MB	7.8 GB	97.5%	1.3%	3.2 GB	124.5 MB
1979	db/d607f6	BGC_ANALYSIS:ANTISMASH_ANALYSIS:ANTISMASH (Pantoea_piersonii_A-87)	COMPLETED	0	2026-08-30 21:56:26.062	2026-08-30 21:56:26.159	2026-08-30 21:57:00.745	32.9s	2	6 GB	747.6 MB	7.8 GB	94.0%	1.3%	1.5 GB	77.6 MB
1991	19/c264b0	BGC_ANALYSIS:ANTISMASH_ANALYSIS:ANTISMASH (Pantoea_sp._PA1)	COMPLETED	0	2026-08-30 21:56:07.583	2026-08-30 21:56:07.679	2026-08-30 21:57:01.405	52s	2	6 GB	4.7 GB	7.8 GB	107.5%	3.0%	9.8 GB	65.6 MB
1980	ac/0e30cc	BGC_ANALYSIS:ANTISMASH_ANALYSIS:ANTISMASH (Pantoea_piersonii_F10_5S_D1_EB2)	COMPLETED	0	2026-08-30 21:56:30.833	2026-08-30 21:56:30.930	2026-08-30 21:57:02.572	29.8s	2	6 GB	752.2 MB	7.8 GB	96.7%	1.2%	1.3 GB	69.3 MB
1977	34/e296d7	BGC_ANALYSIS:ANTISMASH_ANALYSIS:ANTISMASH (Pantoea_piersonii_A-81)	COMPLETED	0	2026-08-30 21:56:44.809	2026-08-30 21:56:44.907	2026-08-30 21:57:17.393	30.8s	2	6 GB	674.3 MB	7.8 GB	96.7%	1.2%	1.4 GB	75.6 MB
1989	d3/ef3ba4	BGC_ANALYSIS:ANTISMASH_ANALYSIS:ANTISMASH (Pantoea_septica_G5-15)	COMPLETED	0	2026-08-30 21:57:02.576	2026-08-30 21:57:02.672	2026-08-30 21:57:22.845	18.3s	2	6 GB	800.9 MB	7.8 GB	129.2%	1.3%	828.9 MB	58.1 MB
1988	44/2a0b8e	BGC_ANALYSIS:ANTISMASH_ANALYSIS:ANTISMASH (Pantoea_septica_112)	COMPLETED	0	2026-08-30 21:57:01.408	2026-08-30 21:57:01.505	2026-08-30 21:57:22.950	19.6s	2	6 GB	813.8 MB	7.8 GB	124.3%	1.4%	915.8 MB	62.6 MB
1983	05/d034ba	BGC_ANALYSIS:ANTISMASH_ANALYSIS:ANTISMASH (Pantoea_piersonii_F9_5S_D1_EB2)	COMPLETED	0	2026-08-30 21:56:51.382	2026-08-30 21:56:51.479	2026-08-30 21:57:23.117	29.7s	2	6 GB	752.1 MB	7.8 GB	96.0%	1.3%	1.3 GB	69.9 MB
1987	b4/d7369d	BGC_ANALYSIS:ANTISMASH_ANALYSIS:ANTISMASH (Pantoea_piersonii_F9_8S_D1_EB3)	COMPLETED	0	2026-08-30 21:56:52.527	2026-08-30 21:56:52.624	2026-08-30 21:57:24.161	29.6s	2	6 GB	748.3 MB	7.8 GB	96.2%	1.3%	1.3 GB	69.9 MB
1986	ad/20d5aa	BGC_ANALYSIS:ANTISMASH_ANALYSIS:ANTISMASH (Pantoea_piersonii_F9_6S_D2_EB1)	COMPLETED	0	2026-08-30 21:56:56.339	2026-08-30 21:56:56.436	2026-08-30 21:57:28.615	30.4s	2	6 GB	762.4 MB	7.8 GB	97.4%	1.3%	1.4 GB	70.4 MB
1985	38/c4608d	BGC_ANALYSIS:ANTISMASH_ANALYSIS:ANTISMASH (Pantoea_piersonii_F9_6S_D2_B_3)	COMPLETED	0	2026-08-30 21:57:00.748	2026-08-30 21:57:00.845	2026-08-30 21:57:33.064	30.5s	2	6 GB	758.2 MB	7.8 GB	97.3%	1.3%	1.4 GB	70.4 MB
1990	a7/5fe578	BGC_ANALYSIS:ANTISMASH_ANALYSIS:ANTISMASH (Pantoea_sp._C5C10)	COMPLETED	0	2026-08-30 21:57:17.397	2026-08-30 21:57:17.493	2026-08-30 21:57:43.843	24.5s	2	6 GB	855.2 MB	7.9 GB	126.4%	1.4%	1 GB	72.1 MB
1993	59/05f47d	BGC_ANALYSIS:ANTISMASH_ANALYSIS:ANTISMASH (Pantoea_sp._S-LA4)	COMPLETED	0	2026-08-30 21:57:22.849	2026-08-30 21:57:22.945	2026-08-30 21:57:44.837	20.1s	2	6 GB	827.5 MB	7.8 GB	129.5%	1.3%	872.2 MB	61.1 MB
1995	33/d193bb	BGC_ANALYSIS:ANTISMASH_ANALYSIS:ANTISMASH (Pantoea_sp._y20)	COMPLETED	0	2026-08-30 21:57:23.120	2026-08-30 21:57:23.217	2026-08-30 21:57:46.010	20.9s	2	6 GB	850.5 MB	7.9 GB	127.5%	1.4%	901.9 MB	64.4 MB
2001	11/594f96	BGC_ANALYSIS:ANTISMASH_ANALYSIS:ANTISMASH (Erwinia_amylovora_33-1)	COMPLETED	0	2026-08-30 21:57:33.081	2026-08-30 21:57:33.164	2026-08-30 21:57:52.356	17.1s	2	6 GB	713.9 MB	7.7 GB	127.1%	1.2%	703.3 MB	46.3 MB
1992	66/28116a	BGC_ANALYSIS:ANTISMASH_ANALYSIS:ANTISMASH (Pantoea_sp._PvP021)	COMPLETED	0	2026-08-30 21:57:22.953	2026-08-30 21:57:23.050	2026-08-30 21:57:52.691	27.8s	2	6 GB	737.7 MB	7.8 GB	100.3%	1.3%	1.2 GB	67.6 MB
2003	78/119807	BGC_ANALYSIS:ANTISMASH_ANALYSIS:ANTISMASH (Erwinia_amylovora_57704_ID1772_42-Ea_20_04_S82_L001)	COMPLETED	0	2026-08-30 21:57:28.619	2026-08-30 21:57:28.715	2026-08-30 21:57:55.967	25.3s	2	6 GB	565.3 MB	7.3 GB	100.3%	1.0%	1.1 GB	54.7 MB
2007	96/332d55	BGC_ANALYSIS:ANTISMASH_ANALYSIS:ANTISMASH (Erwinia_amylovora_57708_ID1772_46-Ea_20_14_S86_L001)	COMPLETED	0	2026-08-30 21:57:43.850	2026-08-30 21:57:43.943	2026-08-30 21:58:10.164	24.3s	2	6 GB	603.5 MB	7.7 GB	103.6%	1.0%	1.1 GB	54.2 MB
2006	65/4b07d0	BGC_ANALYSIS:ANTISMASH_ANALYSIS:ANTISMASH (Erwinia_amylovora_57707_ID1772_45-Ea_20_13_S85_L001)	COMPLETED	0	2026-08-30 21:57:44.841	2026-08-30 21:57:44.937	2026-08-30 21:58:11.130	24.3s	2	6 GB	569.8 MB	7.3 GB	102.7%	1.0%	1.1 GB	54.2 MB
2012	7d/d4a0a4	BGC_ANALYSIS:ANTISMASH_ANALYSIS:ANTISMASH (Erwinia_amylovora_57713_ID1772_51-Ea_20_27_S91_L001)	COMPLETED	0	2026-08-30 21:57:46.013	2026-08-30 21:57:46.110	2026-08-30 21:58:12.541	24.4s	2	6 GB	566 MB	7.3 GB	101.2%	1.0%	1.1 GB	55 MB
1996	16/e191d8	BGC_ANALYSIS:ANTISMASH_ANALYSIS:ANTISMASH (Pantoea_stewartii_UIA44)	COMPLETED	0	2026-08-30 21:57:24.165	2026-08-30 21:57:24.261	2026-08-30 21:58:12.751	46.6s	2	6 GB	4.6 GB	7.9 GB	125.6%	6.9%	10.3 GB	42.4 MB
2005	d9/58bf84	BGC_ANALYSIS:ANTISMASH_ANALYSIS:ANTISMASH (Erwinia_amylovora_57706_ID1772_44-Ea_20_10_S84_L001)	COMPLETED	0	2026-08-30 21:57:52.359	2026-08-30 21:57:52.457	2026-08-30 21:58:18.456	24.2s	2	6 GB	570 MB	7.3 GB	103.7%	1.0%	1.1 GB	54.2 MB
2014	bc/586f84	BGC_ANALYSIS:ANTISMASH_ANALYSIS:ANTISMASH (Erwinia_amylovora_57715_ID1772_53-Ea_20_31_S93_L001)	COMPLETED	0	2026-08-30 21:57:52.695	2026-08-30 21:57:52.791	2026-08-30 21:58:18.701	24.2s	2	6 GB	493.7 MB	7.2 GB	103.4%	0.8%	1.1 GB	54.3 MB
2013	34/c2caa5	BGC_ANALYSIS:ANTISMASH_ANALYSIS:ANTISMASH (Erwinia_amylovora_57714_ID1772_52-Ea_20_30_S92_L001)	COMPLETED	0	2026-08-30 21:57:55.970	2026-08-30 21:57:56.067	2026-08-30 21:58:21.508	23.7s	2	6 GB	562.6 MB	7.3 GB	100.4%	1.0%	1 GB	54.1 MB
1997	58/771a57	BGC_ANALYSIS:ANTISMASH_ANALYSIS:ANTISMASH (Duffyella_gerundensis_AR)	COMPLETED	0	2026-08-30 21:58:11.132	2026-08-30 21:58:11.230	2026-08-30 21:58:31.062	18.1s	2	6 GB	740 MB	7.8 GB	121.9%	1.3%	778.5 MB	49.8 MB
1999	1f/75c2a0	BGC_ANALYSIS:ANTISMASH_ANALYSIS:ANTISMASH (Erwinia_amylovora_11-7)	COMPLETED	0	2026-08-30 21:58:12.545	2026-08-30 21:58:12.641	2026-08-30 21:58:31.171	16.8s	2	6 GB	737.2 MB	7.8 GB	126.7%	1.3%	701.5 MB	46.1 MB
1998	d5/f5f305	BGC_ANALYSIS:ANTISMASH_ANALYSIS:ANTISMASH (Erwinia_amylovora_1-2)	COMPLETED	0	2026-08-30 21:58:18.704	2026-08-30 21:58:18.801	2026-08-30 21:58:37.781	17s	2	6 GB	709 MB	7.7 GB	126.5%	1.2%	702.4 MB	46.2 MB
2000	76/af161f	BGC_ANALYSIS:ANTISMASH_ANALYSIS:ANTISMASH (Erwinia_amylovora_32-10)	COMPLETED	0	2026-08-30 21:58:18.459	2026-08-30 21:58:18.556	2026-08-30 21:58:38.166	17.6s	2	6 GB	709.4 MB	7.7 GB	128.4%	1.2%	703.8 MB	46.3 MB
2008	46/b394f5	BGC_ANALYSIS:ANTISMASH_ANALYSIS:ANTISMASH (Erwinia_amylovora_57709_ID1772_47-Ea_20_17_S87_L001)	COMPLETED	0	2026-08-30 21:58:10.167	2026-08-30 21:58:10.264	2026-08-30 21:58:39.291	27.3s	2	6 GB	603.1 MB	7.7 GB	101.5%	1.0%	1.1 GB	57 MB
2022	39/6f9466	BGC_ANALYSIS:ANTISMASH_ANALYSIS:ANTISMASH (Erwinia_amylovora_57723_ID1772_61-Ea_20_54_S101_L001)	COMPLETED	0	2026-08-30 21:58:12.754	2026-08-30 21:58:12.851	2026-08-30 21:58:40.197	25.6s	2	6 GB	566.8 MB	7.3 GB	100.7%	1.0%	1.1 GB	54.9 MB
2025	a1/056c85	BGC_ANALYSIS:ANTISMASH_ANALYSIS:ANTISMASH (Erwinia_amylovora_57726_ID1772_64-Ea_20_64_S104_L001)	COMPLETED	0	2026-08-30 21:58:21.511	2026-08-30 21:58:21.609	2026-08-30 21:58:49.740	26.1s	2	6 GB	630.9 MB	7.7 GB	101.8%	1.1%	1.1 GB	55.4 MB
2002	f1/c7702d	BGC_ANALYSIS:ANTISMASH_ANALYSIS:ANTISMASH (Erwinia_amylovora_57701_ID1772_39-Ea_18_05_S79_L001)	COMPLETED	0	2026-08-30 21:58:31.067	2026-08-30 21:58:31.162	2026-08-30 21:58:58.079	24.9s	2	6 GB	652.4 MB	7.7 GB	101.1%	1.0%	1.1 GB	54.7 MB
2009	34/ea4c00	BGC_ANALYSIS:ANTISMASH_ANALYSIS:ANTISMASH (Erwinia_amylovora_57710_ID1772_48-Ea_20_18_S88_L001)	COMPLETED	0	2026-08-30 21:58:31.175	2026-08-30 21:58:31.271	2026-08-30 21:58:58.191	25s	2	6 GB	652.5 MB	7.7 GB	100.3%	1.0%	1.1 GB	54.7 MB
2004	3f/aeac7f	BGC_ANALYSIS:ANTISMASH_ANALYSIS:ANTISMASH (Erwinia_amylovora_57705_ID1772_43-Ea_20_06_S83_L001)	COMPLETED	0	2026-08-30 21:58:37.784	2026-08-30 21:58:37.882	2026-08-30 21:59:04.086	24.4s	2	6 GB	568.9 MB	7.3 GB	102.7%	1.0%	1.1 GB	54.2 MB
2016	60/86bfd0	BGC_ANALYSIS:ANTISMASH_ANALYSIS:ANTISMASH (Erwinia_amylovora_57717_ID1772_55-Ea_20_34_S95_L001)	COMPLETED	0	2026-08-30 21:58:38.169	2026-08-30 21:58:38.266	2026-08-30 21:59:04.446	24.3s	2	6 GB	609.6 MB	7.7 GB	105.0%	1.0%	1.1 GB	54.8 MB
2011	c5/99c858	BGC_ANALYSIS:ANTISMASH_ANALYSIS:ANTISMASH (Erwinia_amylovora_57712_ID1772_50-Ea_20_20_S90_L001)	COMPLETED	0	2026-08-30 21:58:39.293	2026-08-30 21:58:39.391	2026-08-30 21:59:04.853	23.7s	2	6 GB	568.7 MB	7.3 GB	105.0%	1.0%	1 GB	54 MB
2010	ce/c2a416	BGC_ANALYSIS:ANTISMASH_ANALYSIS:ANTISMASH (Erwinia_amylovora_57711_ID1772_49-Ea_20_19_S89_L001)	COMPLETED	0	2026-08-30 21:58:40.200	2026-08-30 21:58:40.302	2026-08-30 21:59:06.699	24.6s	2	6 GB	650.1 MB	7.7 GB	103.3%	1.0%	1.1 GB	55.5 MB
2015	83/5bdc7e	BGC_ANALYSIS:ANTISMASH_ANALYSIS:ANTISMASH (Erwinia_amylovora_57716_ID1772_54-Ea_20_33_S94_L001)	COMPLETED	0	2026-08-30 21:58:49.743	2026-08-30 21:58:49.840	2026-08-30 21:59:15.810	24s	2	6 GB	563.6 MB	7.3 GB	100.1%	1.0%	1 GB	54.5 MB
2027	12/46d887	BGC_ANALYSIS:ANTISMASH_ANALYSIS:ANTISMASH (Erwinia_amylovora_57728_ID1772_66-Ea_20_68_S106_L001)	COMPLETED	0	2026-08-30 21:58:58.083	2026-08-30 21:58:58.179	2026-08-30 21:59:24.529	24.6s	2	6 GB	569.1 MB	7.3 GB	101.5%	1.0%	1.1 GB	55 MB
2017	8e/3fae51	BGC_ANALYSIS:ANTISMASH_ANALYSIS:ANTISMASH (Erwinia_amylovora_57718_ID1772_56-Ea_20_40_S96_L001)	COMPLETED	0	2026-08-30 21:58:58.194	2026-08-30 21:58:58.291	2026-08-30 21:59:25.064	25s	2	6 GB	565.5 MB	7.3 GB	101.8%	1.0%	1.1 GB	55.5 MB
2019	6f/e82480	BGC_ANALYSIS:ANTISMASH_ANALYSIS:ANTISMASH (Erwinia_amylovora_57720_ID1772_58-Ea_20_46_S98_L001)	COMPLETED	0	2026-08-30 21:59:04.088	2026-08-30 21:59:04.186	2026-08-30 21:59:30.387	24.4s	2	6 GB	483.8 MB	7.2 GB	103.3%	0.7%	1.1 GB	54.3 MB
2032	47/70343f	BGC_ANALYSIS:ANTISMASH_ANALYSIS:ANTISMASH (Erwinia_amylovora_57733_ID1772_71-Ea_20_76_S111_L001)	COMPLETED	0	2026-08-30 21:59:04.449	2026-08-30 21:59:04.546	2026-08-30 21:59:30.649	24.3s	2	6 GB	482.3 MB	7.2 GB	102.5%	0.7%	1.1 GB	54.3 MB
2029	96/fd8f20	BGC_ANALYSIS:ANTISMASH_ANALYSIS:ANTISMASH (Erwinia_amylovora_57730_ID1772_68-Ea_20_70_S108_L001)	COMPLETED	0	2026-08-30 21:59:04.856	2026-08-30 21:59:04.953	2026-08-30 21:59:30.659	23.9s	2	6 GB	502.2 MB	7.2 GB	103.8%	0.9%	1 GB	54.5 MB
2020	b4/d0378f	BGC_ANALYSIS:ANTISMASH_ANALYSIS:ANTISMASH (Erwinia_amylovora_57721_ID1772_59-Ea_20_49_S99_L001)	COMPLETED	0	2026-08-30 21:59:06.702	2026-08-30 21:59:06.799	2026-08-30 21:59:34.099	25.6s	2	6 GB	656.9 MB	7.7 GB	100.6%	1.0%	1.1 GB	54.8 MB
2018	95/31a1be	BGC_ANALYSIS:ANTISMASH_ANALYSIS:ANTISMASH (Erwinia_amylovora_57719_ID1772_57-Ea_20_45_S97_L001)	COMPLETED	0	2026-08-30 21:59:15.813	2026-08-30 21:59:15.909	2026-08-30 21:59:41.988	24.1s	2	6 GB	568.8 MB	7.3 GB	100.8%	1.0%	1 GB	53.8 MB
2023	8e/55f350	BGC_ANALYSIS:ANTISMASH_ANALYSIS:ANTISMASH (Erwinia_amylovora_57724_ID1772_62-Ea_20_55_S102_L001)	COMPLETED	0	2026-08-30 21:59:24.534	2026-08-30 21:59:24.629	2026-08-30 21:59:51.836	25.5s	2	6 GB	497.3 MB	7.2 GB	100.1%	0.8%	1.1 GB	56.5 MB
2021	8c/badc80	BGC_ANALYSIS:ANTISMASH_ANALYSIS:ANTISMASH (Erwinia_amylovora_57722_ID1772_60-Ea_20_50_S100_L001)	COMPLETED	0	2026-08-30 21:59:25.067	2026-08-30 21:59:25.164	2026-08-30 21:59:52.295	25.4s	2	6 GB	561.4 MB	7.3 GB	100.3%	1.0%	1.1 GB	55.7 MB
2026	dd/a7369e	BGC_ANALYSIS:ANTISMASH_ANALYSIS:ANTISMASH (Erwinia_amylovora_57727_ID1772_65-Ea_20_65_S105_L001)	COMPLETED	0	2026-08-30 21:59:30.653	2026-08-30 21:59:30.659	2026-08-30 21:59:56.772	24.2s	2	6 GB	602.7 MB	7.7 GB	103.5%	1.0%	1.1 GB	54.3 MB
2024	62/f63730	BGC_ANALYSIS:ANTISMASH_ANALYSIS:ANTISMASH (Erwinia_amylovora_57725_ID1772_63-Ea_20_61_S103_L001)	COMPLETED	0	2026-08-30 21:59:30.390	2026-08-30 21:59:30.487	2026-08-30 21:59:57.213	24.9s	2	6 GB	663.7 MB	7.7 GB	106.1%	1.0%	1.1 GB	55.2 MB
2028	e2/c33762	BGC_ANALYSIS:ANTISMASH_ANALYSIS:ANTISMASH (Erwinia_amylovora_57729_ID1772_67-Ea_20_69_S107_L001)	COMPLETED	0	2026-08-30 21:59:30.663	2026-08-30 21:59:30.759	2026-08-30 21:59:57.231	24.6s	2	6 GB	505.6 MB	7.2 GB	102.7%	0.8%	1.1 GB	55.6 MB
2035	a2/2e75b8	BGC_ANALYSIS:ANTISMASH_ANALYSIS:ANTISMASH (Erwinia_amylovora_57736_ID1772_74-Ea_20_86_S114_L001)	COMPLETED	0	2026-08-30 21:59:34.102	2026-08-30 21:59:34.199	2026-08-30 22:00:02.033	26s	2	6 GB	596.4 MB	7.7 GB	98.8%	1.0%	1.1 GB	55.2 MB
2033	d7/41e9fa	BGC_ANALYSIS:ANTISMASH_ANALYSIS:ANTISMASH (Erwinia_amylovora_57734_ID1772_72-Ea_20_77_S112_L001)	COMPLETED	0	2026-08-30 21:59:41.992	2026-08-30 21:59:42.089	2026-08-30 22:00:08.902	24.9s	2	6 GB	660.5 MB	7.7 GB	101.5%	1.0%	1.1 GB	56 MB
2047	45/fcb074	BGC_ANALYSIS:ANTISMASH_ANALYSIS:ANTISMASH (Erwinia_tracheiphila_BHKY)	COMPLETED	0	2026-08-30 21:59:57.216	2026-08-30 21:59:57.231	2026-08-30 22:00:17.596	18.4s	2	6 GB	918.4 MB	7.9 GB	127.9%	1.5%	773.1 MB	57.8 MB
2031	a4/1c2d42	BGC_ANALYSIS:ANTISMASH_ANALYSIS:ANTISMASH (Erwinia_amylovora_57732_ID1772_70-Ea_20_74_S110_L001)	COMPLETED	0	2026-08-30 21:59:51.839	2026-08-30 21:59:51.937	2026-08-30 22:00:17.908	24.2s	2	6 GB	599.3 MB	7.7 GB	99.9%	1.0%	1.1 GB	54.2 MB
2046	c5/66c31d	BGC_ANALYSIS:ANTISMASH_ANALYSIS:ANTISMASH (Erwinia_rhapontici_BY21311)	COMPLETED	0	2026-08-30 21:59:56.775	2026-08-30 21:59:56.872	2026-08-30 22:00:18.154	19.4s	2	6 GB	876 MB	7.9 GB	138.1%	1.5%	858.9 MB	60.1 MB
2036	af/ce6749	BGC_ANALYSIS:ANTISMASH_ANALYSIS:ANTISMASH (Erwinia_amylovora_57737_ID1772_75-Ea_20_109_S115_L001)	COMPLETED	0	2026-08-30 21:59:52.299	2026-08-30 21:59:52.395	2026-08-30 22:00:18.291	24.1s	2	6 GB	608.7 MB	7.7 GB	101.8%	1.0%	1 GB	53.8 MB
2041	3d/381b6c	BGC_ANALYSIS:ANTISMASH_ANALYSIS:ANTISMASH (Erwinia_amylovora_57742_ID1772_80-Ea_20_151_S120_L001)	COMPLETED	0	2026-08-30 21:59:57.235	2026-08-30 21:59:57.331	2026-08-30 22:00:23.102	23.8s	2	6 GB	601.5 MB	7.7 GB	101.6%	1.0%	1 GB	53.2 MB
2038	0c/d3db55	BGC_ANALYSIS:ANTISMASH_ANALYSIS:ANTISMASH (Erwinia_amylovora_57739_ID1772_77-Ea_20_121_S117_L001)	COMPLETED	0	2026-08-30 22:00:02.037	2026-08-30 22:00:02.133	2026-08-30 22:00:28.900	24.9s	2	6 GB	479.7 MB	7.2 GB	100.7%	0.7%	1.1 GB	54.7 MB
2054	f6/644846	BGC_ANALYSIS:ANTISMASH_ANALYSIS:ANTISMASH (Pantoea_agglomerans_PSV1-7)	COMPLETED	0	2026-08-30 22:00:08.905	2026-08-30 22:00:09.002	2026-08-30 22:00:30.672	19.7s	2	6 GB	814.4 MB	7.8 GB	122.5%	1.3%	893.9 MB	60.2 MB
2044	10/b91ca0	BGC_ANALYSIS:ANTISMASH_ANALYSIS:ANTISMASH (Erwinia_amylovora_7-3)	COMPLETED	0	2026-08-30 22:00:18.293	2026-08-30 22:00:18.391	2026-08-30 22:00:37.164	17s	2	6 GB	756.5 MB	7.8 GB	128.3%	1.3%	708.9 MB	46.8 MB
2048	b2/124889	BGC_ANALYSIS:ANTISMASH_ANALYSIS:ANTISMASH (Erwinia_tracheiphila_BuffGH_2)	COMPLETED	0	2026-08-30 22:00:17.599	2026-08-30 22:00:17.696	2026-08-30 22:00:37.660	18.3s	2	6 GB	925 MB	7.9 GB	126.8%	1.5%	773.1 MB	58.1 MB
2040	da/0fb802	BGC_ANALYSIS:ANTISMASH_ANALYSIS:ANTISMASH (Erwinia_amylovora_57741_ID1772_79-Ea_20_136_S119_L001)	COMPLETED	0	2026-08-30 22:00:18.157	2026-08-30 22:00:18.254	2026-08-30 22:00:43.864	23.8s	2	6 GB	496.9 MB	7.2 GB	102.1%	0.9%	1 GB	53.2 MB
2034	53/bd19a1	BGC_ANALYSIS:ANTISMASH_ANALYSIS:ANTISMASH (Erwinia_amylovora_57735_ID1772_73-Ea_20_84_S113_L001)	COMPLETED	0	2026-08-30 22:00:17.911	2026-08-30 22:00:18.008	2026-08-30 22:00:45.039	25.3s	2	6 GB	606.3 MB	7.7 GB	101.6%	1.0%	1.1 GB	54.7 MB
2042	fb/d08ea9	BGC_ANALYSIS:ANTISMASH_ANALYSIS:ANTISMASH (Erwinia_amylovora_57743_ID1772_81-CP_06_S121_L001)	COMPLETED	0	2026-08-30 22:00:23.106	2026-08-30 22:00:23.202	2026-08-30 22:00:49.803	24.5s	2	6 GB	564.4 MB	7.3 GB	101.9%	1.0%	1 GB	53.7 MB
2030	dd/9fc518	BGC_ANALYSIS:ANTISMASH_ANALYSIS:ANTISMASH (Erwinia_amylovora_57731_ID1772_69-Ea_20_71_S109_L001)	COMPLETED	0	2026-08-30 22:00:28.905	2026-08-30 22:00:29.000	2026-08-30 22:00:55.883	24.8s	2	6 GB	654.4 MB	7.7 GB	100.7%	1.0%	1.1 GB	55 MB
2056	82/ad5b15	BGC_ANALYSIS:ANTISMASH_ANALYSIS:ANTISMASH (Pantoea_agglomerans_ZJU23)	COMPLETED	0	2026-08-30 22:00:37.168	2026-08-30 22:00:37.264	2026-08-30 22:01:01.361	22.2s	2	6 GB	820.6 MB	7.8 GB	125.7%	1.3%	878.6 MB	59.9 MB
2043	69/42e2ae	BGC_ANALYSIS:ANTISMASH_ANALYSIS:ANTISMASH (Erwinia_amylovora_57744_ID1772_82-CP_07_S122_L001)	COMPLETED	0	2026-08-30 22:00:37.664	2026-08-30 22:00:37.760	2026-08-30 22:01:04.847	25.1s	2	6 GB	565.7 MB	7.3 GB	100.9%	1.0%	1.1 GB	55.2 MB
2050	ac/0cebc3	BGC_ANALYSIS:ANTISMASH_ANALYSIS:ANTISMASH (Erwinia_tracheiphila_SCR3)	COMPLETED	0	2026-08-30 22:00:45.042	2026-08-30 22:00:45.139	2026-08-30 22:01:06.924	19.9s	2	6 GB	877.6 MB	7.9 GB	125.0%	1.4%	858.7 MB	60.5 MB
2039	c0/553623	BGC_ANALYSIS:ANTISMASH_ANALYSIS:ANTISMASH (Erwinia_amylovora_57740_ID1772_78-Ea_20_131_S118_L001)	COMPLETED	0	2026-08-30 22:00:43.868	2026-08-30 22:00:43.964	2026-08-30 22:01:09.467	23.7s	2	6 GB	567.1 MB	7.3 GB	103.0%	1.0%	1021.2 MB	52.7 MB
2053	95/d8063a	BGC_ANALYSIS:ANTISMASH_ANALYSIS:ANTISMASH (Pantoea_agglomerans_HJS002)	COMPLETED	0	2026-08-30 22:00:55.886	2026-08-30 22:00:55.983	2026-08-30 22:01:19.687	21.6s	2	6 GB	793.5 MB	7.8 GB	122.9%	1.4%	892 MB	59.5 MB
2049	3b/b602b1	BGC_ANALYSIS:ANTISMASH_ANALYSIS:ANTISMASH (Erwinia_tracheiphila_MDCuke_2)	COMPLETED	0	2026-08-30 22:01:01.364	2026-08-30 22:01:01.462	2026-08-30 22:01:25.019	21.5s	2	6 GB	918.6 MB	7.9 GB	124.3%	1.5%	869.7 MB	61.6 MB
2064	3c/bb99a2	BGC_ANALYSIS:ANTISMASH_ANALYSIS:ANTISMASH (Pantoea_deleyi_LMG24200)	COMPLETED	0	2026-08-30 22:01:06.928	2026-08-30 22:01:07.025	2026-08-30 22:01:31.381	22.3s	2	6 GB	602.8 MB	7.8 GB	124.2%	0.9%	807.7 MB	42.7 MB
2045	af/84af81	BGC_ANALYSIS:ANTISMASH_ANALYSIS:ANTISMASH (Erwinia_pyrifoliae_YKB12328)	COMPLETED	0	2026-08-30 22:01:09.470	2026-08-30 22:01:09.567	2026-08-30 22:01:32.445	21.1s	2	6 GB	656.1 MB	7.7 GB	128.4%	1.0%	725.9 MB	48.2 MB
2067	17/24493f	BGC_ANALYSIS:ANTISMASH_ANALYSIS:ANTISMASH (Pantoea_sp._ACRSB)	COMPLETED	0	2026-08-30 22:01:04.851	2026-08-30 22:01:04.947	2026-08-30 22:01:39.269	32.6s	2	6 GB	647 MB	7.7 GB	100.6%	1.0%	1.3 GB	69.8 MB
2055	ec/3b5fe3	BGC_ANALYSIS:ANTISMASH_ANALYSIS:ANTISMASH (Pantoea_agglomerans_Pa58)	COMPLETED	0	2026-08-30 22:01:19.691	2026-08-30 22:01:19.787	2026-08-30 22:01:43.148	20.6s	2	6 GB	799.2 MB	7.8 GB	128.3%	1.3%	832.4 MB	57.2 MB
2051	02/f6f275	BGC_ANALYSIS:ANTISMASH_ANALYSIS:ANTISMASH (Pantoea_agglomerans_20TX0122)	COMPLETED	0	2026-08-30 22:00:30.676	2026-08-30 22:00:30.772	2026-08-30 22:01:46.783	1m 14s	2	6 GB	4.7 GB	7.8 GB	112.9%	7.9%	19.2 GB	75.2 MB
2061	6b/fb24a1	BGC_ANALYSIS:ANTISMASH_ANALYSIS:ANTISMASH (Pantoea_ananatis_BRT98)	COMPLETED	0	2026-08-30 22:00:49.807	2026-08-30 22:00:49.903	2026-08-30 22:01:51.710	59.8s	2	6 GB	4.7 GB	7.7 GB	109.9%	6.0%	11.6 GB	62.9 MB
2072	57/08bb70	BGC_ANALYSIS:ANTISMASH_ANALYSIS:ANTISMASH (Pantoea_sp._Mb-10)	COMPLETED	0	2026-08-30 22:01:31.384	2026-08-30 22:01:31.481	2026-08-30 22:01:58.463	24.9s	2	6 GB	653.9 MB	7.7 GB	95.2%	1.0%	1.1 GB	58.7 MB
2037	d0/05e917	BGC_ANALYSIS:ANTISMASH_ANALYSIS:ANTISMASH (Erwinia_amylovora_57738_ID1772_76-Ea_20_119_S116_L001)	COMPLETED	0	2026-08-30 22:01:32.449	2026-08-30 22:01:32.545	2026-08-30 22:02:00.236	25.7s	2	6 GB	649.4 MB	7.7 GB	100.6%	1.0%	1.1 GB	55.2 MB
2052	1b/3e0fb0	BGC_ANALYSIS:ANTISMASH_ANALYSIS:ANTISMASH (Pantoea_agglomerans_DBM_3797)	COMPLETED	0	2026-08-30 22:01:39.273	2026-08-30 22:01:39.369	2026-08-30 22:02:00.612	19.3s	2	6 GB	786.5 MB	7.8 GB	128.2%	1.3%	830.5 MB	56.7 MB
2069	04/8ff1ea	BGC_ANALYSIS:ANTISMASH_ANALYSIS:ANTISMASH (Pantoea_sp._ACRSH)	COMPLETED	0	2026-08-30 22:01:25.025	2026-08-30 22:01:25.119	2026-08-30 22:02:07.326	39.9s	2	6 GB	701.1 MB	7.8 GB	95.3%	1.3%	1.9 GB	84.5 MB
2058	e9/b1a6a9	BGC_ANALYSIS:ANTISMASH_ANALYSIS:ANTISMASH (Pantoea_ananatis_140-UN)	COMPLETED	0	2026-08-30 22:01:46.786	2026-08-30 22:01:46.883	2026-08-30 22:02:16.622	27.9s	2	6 GB	665.5 MB	7.7 GB	95.6%	1.2%	1.2 GB	67.2 MB
2063	6d/b9c0d9	BGC_ANALYSIS:ANTISMASH_ANALYSIS:ANTISMASH (Pantoea_beijingensis_JZB2120001)	COMPLETED	0	2026-08-30 22:02:00.616	2026-08-30 22:02:00.712	2026-08-30 22:02:19.841	17.2s	2	6 GB	591.5 MB	7.5 GB	129.1%	0.8%	661.8 MB	28.2 MB
2076	d2/e48b29	BGC_ANALYSIS:ANTISMASH_ANALYSIS:ANTISMASH (Rosenbergiella_australiborealis_S262)	COMPLETED	0	2026-08-30 22:01:43.152	2026-08-30 22:01:43.248	2026-08-30 22:02:20.332	35.2s	2	6 GB	458.8 MB	7.6 GB	102.4%	0.7%	1.8 GB	56.9 MB
2081	b0/6975e6	BGC_ANALYSIS:ANTISMASH_ANALYSIS:ANTISMASH (Rosenbergiella_epipactidis_JB02)	COMPLETED	0	2026-08-30 22:02:07.330	2026-08-30 22:02:07.426	2026-08-30 22:02:41.285	32.1s	2	6 GB	465.8 MB	7.7 GB	102.5%	0.7%	1.5 GB	52.2 MB
2060	10/97d2cb	BGC_ANALYSIS:ANTISMASH_ANALYSIS:ANTISMASH (Pantoea_ananatis_20TX0087)	COMPLETED	0	2026-08-30 22:01:51.713	2026-08-30 22:01:51.811	2026-08-30 22:02:47.799	53.9s	2	6 GB	4.7 GB	7.8 GB	110.0%	3.2%	9.8 GB	70 MB
2070	90/a6541c	BGC_ANALYSIS:ANTISMASH_ANALYSIS:ANTISMASH (Pantoea_sp._MHSD4)	COMPLETED	0	2026-08-30 22:02:19.844	2026-08-30 22:02:19.941	2026-08-30 22:02:50.449	28.5s	2	6 GB	714.7 MB	7.8 GB	100.5%	1.3%	1.2 GB	65.9 MB
2068	5d/10de5c	BGC_ANALYSIS:ANTISMASH_ANALYSIS:ANTISMASH (Pantoea_sp._ACRSC)	COMPLETED	0	2026-08-30 22:02:16.625	2026-08-30 22:02:16.722	2026-08-30 22:02:57.112	38.5s	2	6 GB	712.9 MB	7.8 GB	95.3%	1.3%	1.8 GB	82 MB
2057	8a/e6206b	BGC_ANALYSIS:ANTISMASH_ANALYSIS:ANTISMASH (Pantoea_allii_20TX0020)	COMPLETED	0	2026-08-30 22:01:58.466	2026-08-30 22:01:58.563	2026-08-30 22:02:58.201	57.8s	2	6 GB	4.7 GB	7.8 GB	108.4%	5.5%	11.4 GB	71.3 MB
2065	b7/67cef4	BGC_ANALYSIS:ANTISMASH_ANALYSIS:ANTISMASH (Pantoea_dispersa_C2H3)	COMPLETED	0	2026-08-30 22:02:20.335	2026-08-30 22:02:20.433	2026-08-30 22:02:59.543	37.1s	2	6 GB	709.7 MB	7.8 GB	95.0%	1.3%	1.7 GB	78.6 MB
2062	bf/6e4a47	BGC_ANALYSIS:ANTISMASH_ANALYSIS:ANTISMASH (Pantoea_ananatis_VY148)	COMPLETED	0	2026-08-30 22:02:00.239	2026-08-30 22:02:00.337	2026-08-30 22:03:01.461	59.1s	2	6 GB	4.8 GB	7.8 GB	130.1%	5.6%	22.4 GB	56.5 MB
2071	dc/6d3ed9	BGC_ANALYSIS:ANTISMASH_ANALYSIS:ANTISMASH (Pantoea_sp._MQR6)	COMPLETED	0	2026-08-30 22:02:41.291	2026-08-30 22:02:41.385	2026-08-30 22:03:08.387	25.2s	2	6 GB	563.4 MB	7.9 GB	115.5%	1.0%	1 GB	49.9 MB
2066	a3/5c3cca	BGC_ANALYSIS:ANTISMASH_ANALYSIS:ANTISMASH (Pantoea_dispersa_YSD_J2)	COMPLETED	0	2026-08-30 22:02:47.803	2026-08-30 22:02:47.900	2026-08-30 22:03:09.785	19.9s	2	6 GB	802.1 MB	7.8 GB	124.5%	1.4%	839.7 MB	58.5 MB
2086	6d/92e7e3	BGC_ANALYSIS:ANTISMASH_ANALYSIS:ANTISMASH (Rosenbergiella_epipactidis_S50)	COMPLETED	0	2026-08-30 22:02:50.452	2026-08-30 22:02:50.549	2026-08-30 22:03:16.743	24.1s	2	6 GB	461.2 MB	7.7 GB	100.6%	0.7%	1 GB	39.8 MB
2073	ca/d0024b	BGC_ANALYSIS:ANTISMASH_ANALYSIS:ANTISMASH (Pantoea_sp._Pb-8)	COMPLETED	0	2026-08-30 22:02:59.545	2026-08-30 22:02:59.643	2026-08-30 22:03:25.975	24.5s	2	6 GB	669.8 MB	7.7 GB	99.8%	1.1%	1.1 GB	58.8 MB
2087	83/567efa	BGC_ANALYSIS:ANTISMASH_ANALYSIS:ANTISMASH (Rosenbergiella_epipactidis_S68)	COMPLETED	0	2026-08-30 22:02:58.205	2026-08-30 22:02:58.301	2026-08-30 22:03:27.446	27.3s	2	6 GB	457 MB	7.6 GB	100.8%	0.7%	1.2 GB	45.1 MB
2074	5e/0e7170	BGC_ANALYSIS:ANTISMASH_ANALYSIS:ANTISMASH (Pantoea_sp._Z09)	COMPLETED	0	2026-08-30 22:03:08.391	2026-08-30 22:03:08.488	2026-08-30 22:03:27.858	17.6s	2	6 GB	578.1 MB	7.4 GB	128.7%	0.8%	650.6 MB	27.4 MB
2088	bc/c0da72	BGC_ANALYSIS:ANTISMASH_ANALYSIS:ANTISMASH (Rosenbergiella_epipactidis_subsp._californiensis_FR72)	COMPLETED	0	2026-08-30 22:02:57.115	2026-08-30 22:02:57.212	2026-08-30 22:03:31.030	32.1s	2	6 GB	458.7 MB	7.7 GB	100.0%	0.7%	1.5 GB	51 MB
2091	17/9347b7	BGC_ANALYSIS:ANTISMASH_ANALYSIS:ANTISMASH (Rosenbergiella_nectarea_FNA5)	COMPLETED	0	2026-08-30 22:03:01.464	2026-08-30 22:03:01.561	2026-08-30 22:03:35.223	31.6s	2	6 GB	458.7 MB	7.7 GB	99.8%	0.7%	1.5 GB	51.2 MB
2075	45/5d310c	BGC_ANALYSIS:ANTISMASH_ANALYSIS:ANTISMASH (Pantoea_vagans_MCPNR19-02)	COMPLETED	0	2026-08-30 22:03:25.978	2026-08-30 22:03:26.075	2026-08-30 22:03:41.573	13.6s	2	6 GB	630.8 MB	7.4 GB	136.0%	1.0%	653.6 MB	29.6 MB
2077	0b/18bd5e	BGC_ANALYSIS:ANTISMASH_ANALYSIS:ANTISMASH (Rosenbergiella_australiborealis_S265)	COMPLETED	0	2026-08-30 22:03:16.746	2026-08-30 22:03:16.844	2026-08-30 22:03:50.700	32.2s	2	6 GB	457.6 MB	7.7 GB	102.9%	0.7%	1.6 GB	52.3 MB
2094	8f/9ca18a	BGC_ANALYSIS:ANTISMASH_ANALYSIS:ANTISMASH (Rosenbergiella_nectarea_subsp._apis_B5A)	COMPLETED	0	2026-08-30 22:03:09.788	2026-08-30 22:03:09.885	2026-08-30 22:03:50.796	39s	2	6 GB	466.8 MB	7.7 GB	103.2%	0.7%	1.9 GB	62.9 MB
2082	6c/dc2608	BGC_ANALYSIS:ANTISMASH_ANALYSIS:ANTISMASH (Rosenbergiella_epipactidis_JB21)	COMPLETED	0	2026-08-30 22:03:27.862	2026-08-30 22:03:27.958	2026-08-30 22:03:56.319	26.5s	2	6 GB	466.8 MB	7.7 GB	101.8%	0.7%	1.2 GB	44.1 MB
2093	33/38af69	BGC_ANALYSIS:ANTISMASH_ANALYSIS:ANTISMASH (Rosenbergiella_nectarea_subsp._apis_B3A)	COMPLETED	0	2026-08-30 22:03:27.449	2026-08-30 22:03:27.546	2026-08-30 22:04:01.194	31.9s	2	6 GB	461.9 MB	7.8 GB	99.6%	0.7%	1.5 GB	52.7 MB
2079	0e/f93e45	BGC_ANALYSIS:ANTISMASH_ANALYSIS:ANTISMASH (Rosenbergiella_collisarenosi_S294)	COMPLETED	0	2026-08-30 22:03:31.033	2026-08-30 22:03:31.130	2026-08-30 22:04:03.005	30.1s	2	6 GB	463.9 MB	7.7 GB	101.8%	0.7%	1.4 GB	49.7 MB
2096	b9/0f2eba	BGC_ANALYSIS:ANTISMASH_ANALYSIS:ANTISMASH (Rosenbergiella_nectarea_subsp._apis_S258)	COMPLETED	0	2026-08-30 22:03:35.226	2026-08-30 22:03:35.323	2026-08-30 22:04:08.755	31.5s	2	6 GB	470.6 MB	7.7 GB	102.5%	0.7%	1.5 GB	51.9 MB
2083	be/a2c60e	BGC_ANALYSIS:ANTISMASH_ANALYSIS:ANTISMASH (Rosenbergiella_epipactidis_K265)	COMPLETED	0	2026-08-30 22:03:41.577	2026-08-30 22:03:41.673	2026-08-30 22:04:15.611	32.1s	2	6 GB	456.2 MB	7.7 GB	100.6%	0.7%	1.5 GB	52.8 MB
2080	b4/a087f6	BGC_ANALYSIS:ANTISMASH_ANALYSIS:ANTISMASH (Rosenbergiella_collisarenosi_S99)	COMPLETED	0	2026-08-30 22:03:50.799	2026-08-30 22:03:50.897	2026-08-30 22:04:17.877	25.2s	2	6 GB	467.1 MB	7.7 GB	102.4%	0.7%	1.1 GB	42.7 MB
2084	fa/6b6f81	BGC_ANALYSIS:ANTISMASH_ANALYSIS:ANTISMASH (Rosenbergiella_epipactidis_K371)	COMPLETED	0	2026-08-30 22:03:50.703	2026-08-30 22:03:50.796	2026-08-30 22:04:20.083	27.5s	2	6 GB	459.9 MB	7.7 GB	102.8%	0.7%	1.3 GB	46.3 MB
2078	2f/761c51	BGC_ANALYSIS:ANTISMASH_ANALYSIS:ANTISMASH (Rosenbergiella_collisarenosi_JB25)	COMPLETED	0	2026-08-30 22:03:56.322	2026-08-30 22:03:56.419	2026-08-30 22:04:26.392	28.1s	2	6 GB	463.1 MB	7.7 GB	101.4%	0.7%	1.2 GB	46.3 MB
2085	ec/853bdd	BGC_ANALYSIS:ANTISMASH_ANALYSIS:ANTISMASH (Rosenbergiella_epipactidis_K372)	COMPLETED	0	2026-08-30 22:04:01.197	2026-08-30 22:04:01.295	2026-08-30 22:04:29.099	25.9s	2	6 GB	459.9 MB	7.8 GB	100.9%	0.7%	1.2 GB	44.2 MB
2092	8b/7b20aa	BGC_ANALYSIS:ANTISMASH_ANALYSIS:ANTISMASH (Rosenbergiella_nectarea_FR67)	COMPLETED	0	2026-08-30 22:04:03.009	2026-08-30 22:04:03.106	2026-08-30 22:04:29.651	24.8s	2	6 GB	463.9 MB	7.8 GB	102.4%	0.7%	1.1 GB	42.4 MB
2097	e8/d2f20a	BGC_ANALYSIS:ANTISMASH_ANALYSIS:ANTISMASH (Buchnera_aphidicola_Aphis_craccivore_Ash)	COMPLETED	0	2026-08-30 22:04:26.396	2026-08-30 22:04:26.492	2026-08-30 22:04:34.510	6.1s	2	6 GB	213.9 MB	2.7 GB	105.3%	0.3%	290.3 MB	9.5 MB
2098	e1/448dd1	BGC_ANALYSIS:ANTISMASH_ANALYSIS:ANTISMASH (Buchnera_aphidicola_Aphis_gossypii_PASI)	COMPLETED	0	2026-08-30 22:04:29.654	2026-08-30 22:04:29.751	2026-08-30 22:04:36.866	5.3s	2	6 GB	203.6 MB	2.7 GB	108.4%	0.3%	242.6 MB	5.3 MB
2090	93/6bae4d	BGC_ANALYSIS:ANTISMASH_ANALYSIS:ANTISMASH (Rosenbergiella_metrosideri_JB07)	COMPLETED	0	2026-08-30 22:04:08.759	2026-08-30 22:04:08.855	2026-08-30 22:04:40.501	29.7s	2	6 GB	472.8 MB	7.8 GB	102.9%	0.7%	1.5 GB	51.1 MB
2110	5f/d1d74c	BGC_ANALYSIS:ANTISMASH_ANALYSIS:ANTISMASH (Erwinia_amylovora_TS3128)	COMPLETED	0	2026-08-30 22:04:29.102	2026-08-30 22:04:29.199	2026-08-30 22:04:46.887	15.9s	2	6 GB	725.8 MB	7.8 GB	129.8%	1.2%	664.2 MB	44.4 MB
2089	97/df8925	BGC_ANALYSIS:ANTISMASH_ANALYSIS:ANTISMASH (Rosenbergiella_epipactidis_subsp._japonicus_K24)	COMPLETED	0	2026-08-30 22:04:15.614	2026-08-30 22:04:15.711	2026-08-30 22:04:47.704	30.2s	2	6 GB	459.9 MB	7.7 GB	100.1%	0.7%	1.4 GB	51.2 MB
2112	15/ee062c	BGC_ANALYSIS:ANTISMASH_ANALYSIS:ANTISMASH (Erwinia_aphidicola_JCM_21238)	COMPLETED	0	2026-08-30 22:04:20.087	2026-08-30 22:04:20.183	2026-08-30 22:04:52.573	30.6s	2	6 GB	733.9 MB	7.8 GB	95.8%	1.3%	1.2 GB	69.9 MB
2100	23/5ff3dc	BGC_ANALYSIS:ANTISMASH_ANALYSIS:ANTISMASH (Candidatus_Pantoea_persica_Kerman3)	COMPLETED	0	2026-08-30 22:04:34.513	2026-08-30 22:04:34.611	2026-08-30 22:04:52.726	16.4s	2	6 GB	492.3 MB	7.2 GB	99.6%	0.8%	808.2 MB	39.3 MB
2095	6d/7510eb	BGC_ANALYSIS:ANTISMASH_ANALYSIS:ANTISMASH (Rosenbergiella_nectarea_subsp._apis_S255)	COMPLETED	0	2026-08-30 22:04:17.880	2026-08-30 22:04:17.977	2026-08-30 22:04:54.935	35.1s	2	6 GB	471.9 MB	7.7 GB	100.0%	0.7%	1.7 GB	57.6 MB
2107	44/289b0f	BGC_ANALYSIS:ANTISMASH_ANALYSIS:ANTISMASH (Erwinia_amylovora_FB-207)	COMPLETED	0	2026-08-30 22:04:40.505	2026-08-30 22:04:40.601	2026-08-30 22:04:58.152	15.7s	2	6 GB	710.8 MB	7.8 GB	132.5%	1.1%	669.7 MB	41.8 MB
2099	2c/3f5bca	BGC_ANALYSIS:ANTISMASH_ANALYSIS:ANTISMASH (Buchnera_aphidicola_Pentalonia_nigronervosa_Ba4)	COMPLETED	0	2026-08-30 22:04:52.577	2026-08-30 22:04:52.673	2026-08-30 22:05:00.496	5.9s	2	6 GB	207.7 MB	2.7 GB	104.4%	0.3%	279.7 MB	8.9 MB
2106	06/f56a9f	BGC_ANALYSIS:ANTISMASH_ANALYSIS:ANTISMASH (Erwinia_amylovora_FB-20)	COMPLETED	0	2026-08-30 22:04:47.709	2026-08-30 22:04:47.804	2026-08-30 22:05:05.474	15.9s	2	6 GB	726 MB	7.8 GB	132.9%	1.2%	669.7 MB	41.8 MB
2105	18/413b02	BGC_ANALYSIS:ANTISMASH_ANALYSIS:ANTISMASH (Erwinia_amylovora_245_07)	COMPLETED	0	2026-08-30 22:04:36.870	2026-08-30 22:04:36.966	2026-08-30 22:05:16.075	37.3s	2	6 GB	463.4 MB	7.7 GB	102.2%	0.7%	1.7 GB	59.9 MB
2108	10/627694	BGC_ANALYSIS:ANTISMASH_ANALYSIS:ANTISMASH (Erwinia_amylovora_FB-307)	COMPLETED	0	2026-08-30 22:05:00.499	2026-08-30 22:05:00.596	2026-08-30 22:05:18.290	15.7s	2	6 GB	704.5 MB	7.7 GB	133.9%	1.1%	669.7 MB	41.8 MB
2102	bb/fa61a9	BGC_ANALYSIS:ANTISMASH_ANALYSIS:ANTISMASH (Duffyella_gerundensis_Eg13-3)	COMPLETED	0	2026-08-30 22:04:46.891	2026-08-30 22:04:46.988	2026-08-30 22:05:20.742	31.9s	2	6 GB	486.1 MB	7.8 GB	102.7%	0.7%	1.3 GB	54.1 MB
2109	d7/c444d6	BGC_ANALYSIS:ANTISMASH_ANALYSIS:ANTISMASH (Erwinia_amylovora_FB-86)	COMPLETED	0	2026-08-30 22:05:05.477	2026-08-30 22:05:05.574	2026-08-30 22:05:22.866	15.5s	2	6 GB	704.5 MB	7.8 GB	134.5%	1.1%	669.7 MB	41.8 MB
2101	26/d37b5f	BGC_ANALYSIS:ANTISMASH_ANALYSIS:ANTISMASH (Duffyella_gerundensis_Eg13-2)	COMPLETED	0	2026-08-30 22:04:58.155	2026-08-30 22:04:58.253	2026-08-30 22:05:31.803	31.6s	2	6 GB	471.7 MB	7.7 GB	102.7%	0.7%	1.3 GB	54.6 MB
2104	c3/5066d1	BGC_ANALYSIS:ANTISMASH_ANALYSIS:ANTISMASH (Duffyella_gerundensis_Eg31-5)	COMPLETED	0	2026-08-30 22:04:52.730	2026-08-30 22:04:52.826	2026-08-30 22:05:33.896	39.2s	2	6 GB	500.5 MB	7.8 GB	104.0%	0.7%	1.8 GB	65.7 MB
2127	11/a1f1a9	BGC_ANALYSIS:ANTISMASH_ANALYSIS:ANTISMASH (Pantoea_agglomerans_CFBP8756)	COMPLETED	0	2026-08-30 22:05:22.869	2026-08-30 22:05:22.967	2026-08-30 22:05:44.945	20.1s	2	6 GB	794 MB	7.8 GB	125.9%	1.4%	897.3 MB	62.3 MB
2114	d4/36a93e	BGC_ANALYSIS:ANTISMASH_ANALYSIS:ANTISMASH (Erwinia_persicina_CFBP8767)	COMPLETED	0	2026-08-30 22:04:54.938	2026-08-30 22:04:55.035	2026-08-30 22:05:49.506	52.6s	2	6 GB	756.5 MB	7.8 GB	95.1%	1.3%	2.7 GB	106 MB
2116	be/5bfa72	BGC_ANALYSIS:ANTISMASH_ANALYSIS:ANTISMASH (Erwinia_persicina_CFBP8797)	COMPLETED	0	2026-08-30 22:05:20.745	2026-08-30 22:05:20.842	2026-08-30 22:05:53.024	30.5s	2	6 GB	751.2 MB	7.8 GB	97.7%	1.3%	1.3 GB	69.6 MB
2103	80/de2db2	BGC_ANALYSIS:ANTISMASH_ANALYSIS:ANTISMASH (Duffyella_gerundensis_Eg31-2)	COMPLETED	0	2026-08-30 22:05:18.299	2026-08-30 22:05:18.390	2026-08-30 22:06:03.561	43.3s	2	6 GB	487.6 MB	7.8 GB	103.4%	0.7%	2.2 GB	75.5 MB
2113	4b/453dbf	BGC_ANALYSIS:ANTISMASH_ANALYSIS:ANTISMASH (Erwinia_persicina_CFBP13732)	COMPLETED	0	2026-08-30 22:05:16.079	2026-08-30 22:05:16.175	2026-08-30 22:06:09.385	51.4s	2	6 GB	773.9 MB	7.8 GB	96.4%	1.3%	2.7 GB	105.5 MB
2111	98/913f12	BGC_ANALYSIS:ANTISMASH_ANALYSIS:ANTISMASH (Erwinia_amylovora_TS3238)	COMPLETED	0	2026-08-30 22:05:53.028	2026-08-30 22:05:53.124	2026-08-30 22:06:10.438	15.5s	2	6 GB	658.1 MB	7.7 GB	135.4%	1.1%	669.4 MB	41.8 MB
2115	2c/75cbde	BGC_ANALYSIS:ANTISMASH_ANALYSIS:ANTISMASH (Erwinia_persicina_CFBP8795)	COMPLETED	0	2026-08-30 22:05:31.807	2026-08-30 22:05:31.903	2026-08-30 22:06:12.756	39s	2	6 GB	774 MB	7.8 GB	96.5%	1.4%	1.9 GB	85.9 MB
2128	50/d92460	BGC_ANALYSIS:ANTISMASH_ANALYSIS:ANTISMASH (Pantoea_agglomerans_CFBP8783)	COMPLETED	0	2026-08-30 22:05:33.899	2026-08-30 22:05:33.998	2026-08-30 22:06:13.062	37.3s	2	6 GB	800.7 MB	7.8 GB	94.8%	1.3%	1.8 GB	84.5 MB
2126	a4/e3d3e0	BGC_ANALYSIS:ANTISMASH_ANALYSIS:ANTISMASH (Pantoea_agglomerans_CFBP13731)	COMPLETED	0	2026-08-30 22:05:44.948	2026-08-30 22:05:45.045	2026-08-30 22:06:21.629	34.8s	2	6 GB	760.2 MB	7.8 GB	94.5%	1.3%	1.6 GB	78 MB
2117	b4/d2d6db	BGC_ANALYSIS:ANTISMASH_ANALYSIS:ANTISMASH (Erwinia_persicina_CFBP8803)	COMPLETED	0	2026-08-30 22:05:49.509	2026-08-30 22:05:49.605	2026-08-30 22:06:26.076	34.6s	2	6 GB	784.7 MB	7.8 GB	96.1%	1.3%	1.6 GB	75.7 MB
2120	83/906ba9	BGC_ANALYSIS:ANTISMASH_ANALYSIS:ANTISMASH (Pantoea_agglomerans_62d)	COMPLETED	0	2026-08-30 22:06:10.442	2026-08-30 22:06:10.538	2026-08-30 22:06:35.070	22.7s	2	6 GB	703.7 MB	7.8 GB	100.5%	1.2%	990.1 MB	59.6 MB
2133	dc/e362db	BGC_ANALYSIS:ANTISMASH_ANALYSIS:ANTISMASH (Pantoea_agglomerans_CFBP8792)	COMPLETED	0	2026-08-30 22:06:03.565	2026-08-30 22:06:03.661	2026-08-30 22:06:39.251	33.7s	2	6 GB	789.6 MB	7.8 GB	94.8%	1.4%	1.5 GB	78.4 MB
2118	ec/fdf751	BGC_ANALYSIS:ANTISMASH_ANALYSIS:ANTISMASH (Erwinia_persicina_DOAB1061)	COMPLETED	0	2026-08-30 22:06:12.759	2026-08-30 22:06:12.856	2026-08-30 22:06:44.489	30s	2	6 GB	666.2 MB	7.7 GB	98.1%	1.2%	1.2 GB	68.3 MB
2121	99/facea0	BGC_ANALYSIS:ANTISMASH_ANALYSIS:ANTISMASH (Pantoea_agglomerans_62e)	COMPLETED	0	2026-08-30 22:06:21.632	2026-08-30 22:06:21.730	2026-08-30 22:06:45.473	22s	2	6 GB	695.9 MB	7.7 GB	107.8%	1.2%	969.3 MB	59.2 MB
2119	16/df0ad6	BGC_ANALYSIS:ANTISMASH_ANALYSIS:ANTISMASH (Erwinia_sp._JH02)	COMPLETED	0	2026-08-30 22:06:13.066	2026-08-30 22:06:13.162	2026-08-30 22:06:49.570	34.7s	2	6 GB	799.1 MB	7.8 GB	96.7%	1.3%	1.5 GB	78.9 MB
2125	5c/d3c771	BGC_ANALYSIS:ANTISMASH_ANALYSIS:ANTISMASH (Pantoea_agglomerans_CFBP13709)	COMPLETED	0	2026-08-30 22:06:09.388	2026-08-30 22:06:09.485	2026-08-30 22:07:01.223	49.9s	2	6 GB	789.8 MB	7.8 GB	96.5%	1.4%	2.6 GB	105.3 MB
2123	5f/05e0fb	BGC_ANALYSIS:ANTISMASH_ANALYSIS:ANTISMASH (Pantoea_agglomerans_CFBP13569)	COMPLETED	0	2026-08-30 22:06:39.254	2026-08-30 22:06:39.351	2026-08-30 22:07:04.585	23.4s	2	6 GB	747.1 MB	7.8 GB	108.3%	1.3%	1 GB	62.1 MB
2122	21/ad7097	BGC_ANALYSIS:ANTISMASH_ANALYSIS:ANTISMASH (Pantoea_agglomerans_CFBP13566)	COMPLETED	0	2026-08-30 22:06:26.079	2026-08-30 22:06:26.177	2026-08-30 22:07:06.435	38.4s	2	6 GB	782.9 MB	7.8 GB	94.9%	1.3%	1.9 GB	85.4 MB
2141	f8/64581e	BGC_ANALYSIS:ANTISMASH_ANALYSIS:ANTISMASH (Pantoea_agglomerans_E325-ad2)	COMPLETED	0	2026-08-30 22:06:35.074	2026-08-30 22:06:35.170	2026-08-30 22:07:11.550	34.6s	2	6 GB	490.4 MB	7.7 GB	103.8%	0.7%	1.6 GB	62.1 MB
2129	e4/87c686	BGC_ANALYSIS:ANTISMASH_ANALYSIS:ANTISMASH (Pantoea_agglomerans_CFBP8784)	COMPLETED	0	2026-08-30 22:06:45.477	2026-08-30 22:06:45.574	2026-08-30 22:07:12.824	25.4s	2	6 GB	746.7 MB	7.8 GB	105.0%	1.3%	1.1 GB	64 MB
2124	91/afa3ea	BGC_ANALYSIS:ANTISMASH_ANALYSIS:ANTISMASH (Pantoea_agglomerans_CFBP13616)	COMPLETED	0	2026-08-30 22:06:44.493	2026-08-30 22:06:44.589	2026-08-30 22:07:13.095	26.7s	2	6 GB	772 MB	7.8 GB	96.7%	1.3%	1.1 GB	63.5 MB
2143	fc/775fdf	BGC_ANALYSIS:ANTISMASH_ANALYSIS:ANTISMASH (Pantoea_agglomerans_FJII-L5-SW-P2)	COMPLETED	0	2026-08-30 22:06:49.573	2026-08-30 22:06:49.670	2026-08-30 22:07:20.750	29.2s	2	6 GB	653.1 MB	7.7 GB	92.5%	1.0%	1.3 GB	67 MB
2130	ee/d0ff09	BGC_ANALYSIS:ANTISMASH_ANALYSIS:ANTISMASH (Pantoea_agglomerans_CFBP8785)	COMPLETED	0	2026-08-30 22:07:04.588	2026-08-30 22:07:04.685	2026-08-30 22:07:26.561	20.2s	2	6 GB	799.4 MB	7.8 GB	125.0%	1.4%	882.6 MB	62 MB
2144	d8/0e47ff	BGC_ANALYSIS:ANTISMASH_ANALYSIS:ANTISMASH (Pantoea_agglomerans_MR10)	COMPLETED	0	2026-08-30 22:07:01.226	2026-08-30 22:07:01.323	2026-08-30 22:07:33.606	30.5s	2	6 GB	786.5 MB	7.8 GB	97.0%	1.3%	1.3 GB	69.6 MB
2131	7c/9a6c27	BGC_ANALYSIS:ANTISMASH_ANALYSIS:ANTISMASH (Pantoea_agglomerans_CFBP8786)	COMPLETED	0	2026-08-30 22:07:06.439	2026-08-30 22:07:06.536	2026-08-30 22:07:40.322	31.9s	2	6 GB	756.6 MB	7.8 GB	94.4%	1.3%	1.4 GB	72.9 MB
2132	a6/bca87c	BGC_ANALYSIS:ANTISMASH_ANALYSIS:ANTISMASH (Pantoea_agglomerans_CFBP8791)	COMPLETED	0	2026-08-30 22:07:11.553	2026-08-30 22:07:11.650	2026-08-30 22:07:49.325	35.9s	2	6 GB	736 MB	7.8 GB	94.6%	1.3%	1.7 GB	78.6 MB
2149	d6/ed9574	BGC_ANALYSIS:ANTISMASH_ANALYSIS:ANTISMASH (Pantoea_agglomerans_Pa21-15)	COMPLETED	0	2026-08-30 22:07:12.829	2026-08-30 22:07:12.924	2026-08-30 22:07:49.475	34.7s	2	6 GB	489.2 MB	7.7 GB	100.5%	0.7%	1.6 GB	62 MB
2153	3c/1e4922	BGC_ANALYSIS:ANTISMASH_ANALYSIS:ANTISMASH (Pantoea_agglomerans_Pa31-4)	COMPLETED	0	2026-08-30 22:07:13.099	2026-08-30 22:07:13.195	2026-08-30 22:07:51.062	36s	2	6 GB	504.7 MB	7.8 GB	103.7%	0.7%	1.7 GB	65.2 MB
2151	87/302471	BGC_ANALYSIS:ANTISMASH_ANALYSIS:ANTISMASH (Pantoea_agglomerans_Pa21-5)	COMPLETED	0	2026-08-30 22:07:20.755	2026-08-30 22:07:20.850	2026-08-30 22:07:59.982	37.4s	2	6 GB	495.4 MB	7.7 GB	103.1%	0.8%	1.7 GB	65.3 MB
2135	c0/bea95e	BGC_ANALYSIS:ANTISMASH_ANALYSIS:ANTISMASH (Pantoea_agglomerans_DOAB1048)	COMPLETED	0	2026-08-30 22:07:26.564	2026-08-30 22:07:26.661	2026-08-30 22:08:04.743	36.3s	2	6 GB	694.5 MB	7.8 GB	95.8%	1.3%	1.8 GB	80.1 MB
2137	35/e962a8	BGC_ANALYSIS:ANTISMASH_ANALYSIS:ANTISMASH (Pantoea_agglomerans_E325-705)	COMPLETED	0	2026-08-30 22:07:33.609	2026-08-30 22:07:33.706	2026-08-30 22:08:06.318	30.7s	2	6 GB	490.6 MB	7.8 GB	103.1%	0.7%	1.3 GB	55.8 MB
2134	79/7e8e7b	BGC_ANALYSIS:ANTISMASH_ANALYSIS:ANTISMASH (Pantoea_agglomerans_CFBP8800)	COMPLETED	0	2026-08-30 22:07:40.326	2026-08-30 22:07:40.422	2026-08-30 22:08:14.000	31.7s	2	6 GB	815.1 MB	7.8 GB	98.6%	1.3%	1.4 GB	74 MB
2136	d3/df5419	BGC_ANALYSIS:ANTISMASH_ANALYSIS:ANTISMASH (Pantoea_agglomerans_E325-699)	COMPLETED	0	2026-08-30 22:07:49.478	2026-08-30 22:07:49.575	2026-08-30 22:08:21.250	29.9s	2	6 GB	511.3 MB	7.7 GB	107.1%	0.7%	1.3 GB	55.3 MB
2156	e7/76560a	BGC_ANALYSIS:ANTISMASH_ANALYSIS:ANTISMASH (Pantoea_agglomerans_Pa39-21)	COMPLETED	0	2026-08-30 22:07:51.065	2026-08-30 22:07:51.162	2026-08-30 22:08:25.903	33s	2	6 GB	489.2 MB	7.7 GB	101.9%	0.7%	1.4 GB	59.3 MB
2154	02/53d0d8	BGC_ANALYSIS:ANTISMASH_ANALYSIS:ANTISMASH (Pantoea_agglomerans_Pa39-1)	COMPLETED	0	2026-08-30 22:07:49.328	2026-08-30 22:07:49.425	2026-08-30 22:08:29.031	37.9s	2	6 GB	520.8 MB	7.7 GB	101.8%	0.8%	1.7 GB	66 MB
2139	e4/3a88c6	BGC_ANALYSIS:ANTISMASH_ANALYSIS:ANTISMASH (Pantoea_agglomerans_E325-754)	COMPLETED	0	2026-08-30 22:08:04.746	2026-08-30 22:08:04.844	2026-08-30 22:08:38.672	32s	2	6 GB	506.3 MB	7.8 GB	101.8%	0.7%	1.4 GB	56.8 MB
2138	c3/3cc0b9	BGC_ANALYSIS:ANTISMASH_ANALYSIS:ANTISMASH (Pantoea_agglomerans_E325-750)	COMPLETED	0	2026-08-30 22:07:59.985	2026-08-30 22:08:00.082	2026-08-30 22:08:40.436	38.6s	2	6 GB	510.8 MB	7.7 GB	106.9%	0.8%	1.8 GB	67.9 MB
2147	82/c48a5f	BGC_ANALYSIS:ANTISMASH_ANALYSIS:ANTISMASH (Pantoea_agglomerans_Pa17-5)	COMPLETED	0	2026-08-30 22:08:21.253	2026-08-30 22:08:21.350	2026-08-30 22:08:47.675	24.5s	2	6 GB	566.9 MB	7.9 GB	117.5%	0.9%	1.1 GB	51 MB
2142	f8/62f529	BGC_ANALYSIS:ANTISMASH_ANALYSIS:ANTISMASH (Pantoea_agglomerans_E325)	COMPLETED	0	2026-08-30 22:08:06.321	2026-08-30 22:08:06.418	2026-08-30 22:08:58.420	50.1s	2	6 GB	501.6 MB	7.7 GB	106.6%	0.7%	2.5 GB	85.5 MB
2140	e3/0a2e1b	BGC_ANALYSIS:ANTISMASH_ANALYSIS:ANTISMASH (Pantoea_agglomerans_E325-ad1)	COMPLETED	0	2026-08-30 22:08:14.004	2026-08-30 22:08:14.100	2026-08-30 22:09:02.179	46.2s	2	6 GB	485 MB	7.8 GB	105.7%	0.7%	2.3 GB	80.1 MB
2146	c7/c2c36a	BGC_ANALYSIS:ANTISMASH_ANALYSIS:ANTISMASH (Pantoea_agglomerans_Pa17-1)	COMPLETED	0	2026-08-30 22:08:25.907	2026-08-30 22:08:26.003	2026-08-30 22:09:04.444	36.7s	2	6 GB	495.8 MB	7.7 GB	103.9%	0.8%	1.7 GB	65.3 MB
2148	aa/94ba46	BGC_ANALYSIS:ANTISMASH_ANALYSIS:ANTISMASH (Pantoea_agglomerans_Pa21-13)	COMPLETED	0	2026-08-30 22:08:38.675	2026-08-30 22:08:38.772	2026-08-30 22:09:07.717	27.2s	2	6 GB	526.6 MB	7.8 GB	104.7%	0.8%	1.1 GB	50.8 MB
2166	ff/0ad3f4	BGC_ANALYSIS:ANTISMASH_ANALYSIS:ANTISMASH (Pantoea_ananatis_NRRL_B-14773)	COMPLETED	0	2026-08-30 22:08:29.035	2026-08-30 22:08:29.131	2026-08-30 22:09:07.730	36.8s	2	6 GB	697.6 MB	7.8 GB	94.8%	1.2%	1.7 GB	83.1 MB
2145	6d/5cdd2d	BGC_ANALYSIS:ANTISMASH_ANALYSIS:ANTISMASH (Pantoea_agglomerans_MR19)	COMPLETED	0	2026-08-30 22:08:58.424	2026-08-30 22:08:58.520	2026-08-30 22:09:30.571	30.3s	2	6 GB	709.4 MB	7.7 GB	98.2%	1.3%	1.3 GB	69.6 MB
2150	b5/1fc849	BGC_ANALYSIS:ANTISMASH_ANALYSIS:ANTISMASH (Pantoea_agglomerans_Pa21-3)	COMPLETED	0	2026-08-30 22:09:04.447	2026-08-30 22:09:04.544	2026-08-30 22:09:37.349	30.9s	2	6 GB	491 MB	7.7 GB	102.2%	0.7%	1.3 GB	58 MB
2163	3f/80d213	BGC_ANALYSIS:ANTISMASH_ANALYSIS:ANTISMASH (Pantoea_ananatis_B7)	COMPLETED	0	2026-08-30 22:08:40.439	2026-08-30 22:08:40.536	2026-08-30 22:09:38.416	56.1s	2	6 GB	4.8 GB	7.9 GB	108.7%	5.0%	10.5 GB	74.9 MB
2167	05/676fc3	BGC_ANALYSIS:ANTISMASH_ANALYSIS:ANTISMASH (Pantoea_beijingensis_ES4-1)	COMPLETED	0	2026-08-30 22:09:02.182	2026-08-30 22:09:02.280	2026-08-30 22:09:38.477	34.4s	2	6 GB	480.4 MB	7.8 GB	100.9%	0.7%	1.6 GB	59.3 MB
2157	7f/963ec3	BGC_ANALYSIS:ANTISMASH_ANALYSIS:ANTISMASH (Pantoea_agglomerans_Pa39-23)	COMPLETED	0	2026-08-30 22:09:07.720	2026-08-30 22:09:07.731	2026-08-30 22:09:42.170	32.5s	2	6 GB	491.6 MB	7.8 GB	99.9%	0.7%	1.4 GB	59.8 MB
2162	93/d1e092	BGC_ANALYSIS:ANTISMASH_ANALYSIS:ANTISMASH (Pantoea_allii_DOAB1050)	COMPLETED	0	2026-08-30 22:08:47.678	2026-08-30 22:08:47.775	2026-08-30 22:09:52.143	1m 2s	2	6 GB	4.7 GB	7.7 GB	107.3%	3.2%	11.8 GB	81.3 MB
2170	e1/3a72fe	BGC_ANALYSIS:ANTISMASH_ANALYSIS:ANTISMASH (Pantoea_brenneri_IF5SW-P1_2)	COMPLETED	0	2026-08-30 22:09:07.733	2026-08-30 22:09:07.830	2026-08-30 22:09:54.679	45s	2	6 GB	716.4 MB	7.8 GB	93.9%	1.3%	2.2 GB	93.4 MB
2155	72/635ab5	BGC_ANALYSIS:ANTISMASH_ANALYSIS:ANTISMASH (Pantoea_agglomerans_Pa39-14)	COMPLETED	0	2026-08-30 22:09:37.354	2026-08-30 22:09:37.449	2026-08-30 22:10:17.681	38.3s	2	6 GB	495.8 MB	7.7 GB	105.5%	0.7%	1.8 GB	69.4 MB
2158	fe/df828c	BGC_ANALYSIS:ANTISMASH_ANALYSIS:ANTISMASH (Pantoea_agglomerans_Pa39-27)	COMPLETED	0	2026-08-30 22:09:38.420	2026-08-30 22:09:38.477	2026-08-30 22:10:18.233	37.9s	2	6 GB	478.8 MB	7.7 GB	101.3%	0.7%	1.7 GB	67.3 MB
2169	5b/854a5d	BGC_ANALYSIS:ANTISMASH_ANALYSIS:ANTISMASH (Pantoea_brenneri_IF5SW-B2)	COMPLETED	0	2026-08-30 22:09:30.576	2026-08-30 22:09:30.671	2026-08-30 22:10:18.247	45.4s	2	6 GB	695.4 MB	7.8 GB	95.8%	1.3%	2.3 GB	94.4 MB
2159	fe/95c743	BGC_ANALYSIS:ANTISMASH_ANALYSIS:ANTISMASH (Pantoea_agglomerans_Pa39-3)	COMPLETED	0	2026-08-30 22:09:42.173	2026-08-30 22:09:42.270	2026-08-30 22:10:18.343	34.2s	2	6 GB	490.2 MB	7.8 GB	100.6%	0.7%	1.5 GB	60.8 MB
2152	2a/fb96f3	BGC_ANALYSIS:ANTISMASH_ANALYSIS:ANTISMASH (Pantoea_agglomerans_Pa31-3)	COMPLETED	0	2026-08-30 22:09:38.481	2026-08-30 22:09:38.578	2026-08-30 22:10:18.692	38.3s	2	6 GB	512 MB	7.8 GB	104.3%	0.7%	1.7 GB	67.9 MB
2173	92/50f96e	BGC_ANALYSIS:ANTISMASH_ANALYSIS:ANTISMASH (Pantoea_brenneri_IFACSW-P2)	COMPLETED	0	2026-08-30 22:09:52.146	2026-08-30 22:09:52.243	2026-08-30 22:10:38.692	44.7s	2	6 GB	714.2 MB	7.8 GB	96.2%	1.3%	2.2 GB	93.9 MB
2178	32/acf176	BGC_ANALYSIS:ANTISMASH_ANALYSIS:ANTISMASH (Pantoea_brenneri_IIF5SW-P2)	COMPLETED	0	2026-08-30 22:09:54.682	2026-08-30 22:09:54.778	2026-08-30 22:10:40.680	44s	2	6 GB	696.2 MB	7.8 GB	95.8%	1.3%	2.2 GB	92.9 MB
2161	49/18f77b	BGC_ANALYSIS:ANTISMASH_ANALYSIS:ANTISMASH (Pantoea_agglomerans_Pa39-7)	COMPLETED	0	2026-08-30 22:10:18.251	2026-08-30 22:10:18.343	2026-08-30 22:10:47.437	27.4s	2	6 GB	523.4 MB	7.8 GB	106.4%	0.7%	1.2 GB	53.1 MB
2160	04/cbbc72	BGC_ANALYSIS:ANTISMASH_ANALYSIS:ANTISMASH (Pantoea_agglomerans_Pa39-5)	COMPLETED	0	2026-08-30 22:10:17.684	2026-08-30 22:10:17.781	2026-08-30 22:10:55.031	35.6s	2	6 GB	506.5 MB	7.8 GB	103.7%	0.7%	1.6 GB	64.5 MB
2164	72/d7161c	BGC_ANALYSIS:ANTISMASH_ANALYSIS:ANTISMASH (Pantoea_ananatis_FDAARGOS_680)	COMPLETED	0	2026-08-30 22:10:38.695	2026-08-30 22:10:38.792	2026-08-30 22:10:59.590	19.1s	2	6 GB	855.9 MB	7.9 GB	130.0%	1.4%	901.3 MB	62.1 MB
2180	6e/55f4a4	BGC_ANALYSIS:ANTISMASH_ANALYSIS:ANTISMASH (Pantoea_brenneri_IIF5SW-P4)	COMPLETED	0	2026-08-30 22:10:18.237	2026-08-30 22:10:18.248	2026-08-30 22:11:04.015	44s	2	6 GB	694.6 MB	7.8 GB	95.5%	1.3%	2.2 GB	93.4 MB
2168	a4/92c5fa	BGC_ANALYSIS:ANTISMASH_ANALYSIS:ANTISMASH (Pantoea_brenneri_IF5SW-B1)	COMPLETED	0	2026-08-30 22:10:18.695	2026-08-30 22:10:18.792	2026-08-30 22:11:04.882	44.4s	2	6 GB	695 MB	7.8 GB	94.5%	1.2%	2.2 GB	92.9 MB
2165	db/8a1fe7	BGC_ANALYSIS:ANTISMASH_ANALYSIS:ANTISMASH (Pantoea_ananatis_M232A)	COMPLETED	0	2026-08-30 22:10:18.345	2026-08-30 22:10:18.443	2026-08-30 22:11:15.521	55.3s	2	6 GB	4.8 GB	7.9 GB	108.6%	5.2%	10.5 GB	74 MB
2179	0f/5958dd	BGC_ANALYSIS:ANTISMASH_ANALYSIS:ANTISMASH (Pantoea_brenneri_IIF5SW-P3)	COMPLETED	0	2026-08-30 22:10:40.684	2026-08-30 22:10:40.781	2026-08-30 22:11:27.103	44.5s	2	6 GB	708.2 MB	7.8 GB	95.5%	1.3%	2.2 GB	93.4 MB
2186	83/d6dd3e	BGC_ANALYSIS:ANTISMASH_ANALYSIS:ANTISMASH (Pantoea_nemavictus_BIGb0393)	COMPLETED	0	2026-08-30 22:11:04.885	2026-08-30 22:11:04.982	2026-08-30 22:11:27.114	20.3s	2	6 GB	822 MB	7.8 GB	128.6%	1.4%	868.7 MB	60.4 MB
2171	ce/9da365	BGC_ANALYSIS:ANTISMASH_ANALYSIS:ANTISMASH (Pantoea_brenneri_IF5SW-P2)	COMPLETED	0	2026-08-30 22:10:47.440	2026-08-30 22:10:47.537	2026-08-30 22:11:33.781	44.3s	2	6 GB	716.3 MB	7.8 GB	95.1%	1.3%	2.2 GB	93.4 MB
2184	a1/b9b2f0	BGC_ANALYSIS:ANTISMASH_ANALYSIS:ANTISMASH (Pantoea_eucalypti_Pv21-6)	COMPLETED	0	2026-08-30 22:11:04.019	2026-08-30 22:11:04.115	2026-08-30 22:11:34.876	28.9s	2	6 GB	508.3 MB	7.7 GB	106.5%	0.7%	1.3 GB	55 MB
2174	93/ccae3b	BGC_ANALYSIS:ANTISMASH_ANALYSIS:ANTISMASH (Pantoea_brenneri_IIF5SW-B1)	COMPLETED	0	2026-08-30 22:10:55.036	2026-08-30 22:10:55.131	2026-08-30 22:11:40.971	44s	2	6 GB	700.3 MB	7.8 GB	95.4%	1.3%	2.2 GB	92.9 MB
2181	f1/134bcd	BGC_ANALYSIS:ANTISMASH_ANALYSIS:ANTISMASH (Pantoea_brenneri_IIF5SW-P5)	COMPLETED	0	2026-08-30 22:10:59.594	2026-08-30 22:10:59.690	2026-08-30 22:11:46.037	44.6s	2	6 GB	714.1 MB	7.8 GB	94.4%	1.3%	2.2 GB	92.9 MB
2197	50/14e21e	BGC_ANALYSIS:ANTISMASH_ANALYSIS:ANTISMASH (Buchnera_aphidicola_Chaetogeoica_yunlongensis_R17)	COMPLETED	0	2026-08-30 22:11:40.975	2026-08-30 22:11:41.071	2026-08-30 22:11:47.870	4.8s	2	6 GB	208.1 MB	2.7 GB	110.7%	0.3%	235 MB	5.3 MB
2194	8e/271e42	BGC_ANALYSIS:ANTISMASH_ANALYSIS:ANTISMASH (Pantoea_stewartii_626)	COMPLETED	0	2026-08-30 22:11:33.785	2026-08-30 22:11:33.881	2026-08-30 22:12:00.777	25s	2	6 GB	678.3 MB	7.7 GB	99.6%	1.2%	1.1 GB	63.8 MB
2177	c1/7ab9d2	BGC_ANALYSIS:ANTISMASH_ANALYSIS:ANTISMASH (Pantoea_brenneri_IIF5SW-P1)	COMPLETED	0	2026-08-30 22:11:15.525	2026-08-30 22:11:15.621	2026-08-30 22:12:02.193	44.7s	2	6 GB	716.8 MB	7.8 GB	96.2%	1.3%	2.2 GB	93.9 MB
2172	94/9c41cc	BGC_ANALYSIS:ANTISMASH_ANALYSIS:ANTISMASH (Pantoea_brenneri_IFACSW-B3)	COMPLETED	0	2026-08-30 22:11:27.107	2026-08-30 22:11:27.114	2026-08-30 22:12:13.003	43.9s	2	6 GB	709.4 MB	7.8 GB	96.5%	1.3%	2.2 GB	93.4 MB
2191	53/118b21	BGC_ANALYSIS:ANTISMASH_ANALYSIS:ANTISMASH (Pantoea_sp._B9002)	COMPLETED	0	2026-08-30 22:11:27.117	2026-08-30 22:11:27.214	2026-08-30 22:12:19.300	50.2s	2	6 GB	567.4 MB	7.3 GB	95.5%	1.0%	2.5 GB	104.7 MB
2183	ca/b549e5	BGC_ANALYSIS:ANTISMASH_ANALYSIS:ANTISMASH (Pantoea_dispersa_DSM_30073)	COMPLETED	0	2026-08-30 22:11:47.873	2026-08-30 22:11:47.970	2026-08-30 22:12:20.113	30.4s	2	6 GB	508.5 MB	7.8 GB	109.1%	0.7%	1.3 GB	56.2 MB
2182	b6/ce6a8b	BGC_ANALYSIS:ANTISMASH_ANALYSIS:ANTISMASH (Pantoea_brenneri_IIFCSG-B1)	COMPLETED	0	2026-08-30 22:11:34.879	2026-08-30 22:11:34.976	2026-08-30 22:12:21.341	44.5s	2	6 GB	712.7 MB	7.8 GB	95.9%	1.3%	2.2 GB	93.9 MB
2193	f8/1330ed	BGC_ANALYSIS:ANTISMASH_ANALYSIS:ANTISMASH (Pantoea_sp._WMus005)	COMPLETED	0	2026-08-30 22:12:02.195	2026-08-30 22:12:02.293	2026-08-30 22:12:24.480	20.4s	2	6 GB	687.4 MB	7.7 GB	109.1%	1.2%	916.8 MB	55.9 MB
2185	90/909f5e	BGC_ANALYSIS:ANTISMASH_ANALYSIS:ANTISMASH (Pantoea_hericii_JZB2120024)	COMPLETED	0	2026-08-30 22:12:00.780	2026-08-30 22:12:00.877	2026-08-30 22:12:26.159	23.5s	2	6 GB	505.8 MB	7.8 GB	105.5%	0.7%	980.3 MB	42.8 MB
2176	a6/235f1e	BGC_ANALYSIS:ANTISMASH_ANALYSIS:ANTISMASH (Pantoea_brenneri_IIF5SW-B5)	COMPLETED	0	2026-08-30 22:11:46.040	2026-08-30 22:11:46.137	2026-08-30 22:12:32.401	44.5s	2	6 GB	716.7 MB	7.8 GB	95.4%	1.3%	2.2 GB	93.9 MB
2208	42/f61d21	BGC_ANALYSIS:ANTISMASH_ANALYSIS:ANTISMASH (Buchnera_aphidicola_Nurudea_shiraii_R20)	COMPLETED	0	2026-08-30 22:12:26.162	2026-08-30 22:12:26.259	2026-08-30 22:12:33.298	5s	2	6 GB	206.4 MB	2.7 GB	105.6%	0.3%	236.6 MB	5.4 MB
2192	18/87b5b8	BGC_ANALYSIS:ANTISMASH_ANALYSIS:ANTISMASH (Pantoea_sp._MT58)	COMPLETED	0	2026-08-30 22:12:19.303	2026-08-30 22:12:19.401	2026-08-30 22:12:39.210	18s	2	6 GB	803.4 MB	7.8 GB	130.5%	1.3%	829.9 MB	55.6 MB
2211	0e/8075bd	BGC_ANALYSIS:ANTISMASH_ANALYSIS:ANTISMASH (Buchnera_aphidicola_Schlechtendalia_chinensis_R1)	COMPLETED	0	2026-08-30 22:12:33.301	2026-08-30 22:12:33.398	2026-08-30 22:12:40.124	4.9s	2	6 GB	208.1 MB	2.7 GB	109.9%	0.3%	237.6 MB	5.5 MB
2209	ea/f5efc5	BGC_ANALYSIS:ANTISMASH_ANALYSIS:ANTISMASH (Buchnera_aphidicola_Nurudea_yanoniella_R13)	COMPLETED	0	2026-08-30 22:12:39.214	2026-08-30 22:12:39.310	2026-08-30 22:12:46.223	5.1s	2	6 GB	213.9 MB	2.7 GB	105.3%	0.3%	237.7 MB	5.5 MB
2187	a2/0b2982	BGC_ANALYSIS:ANTISMASH_ANALYSIS:ANTISMASH (Pantoea_piersonii_F3-6B4)	COMPLETED	0	2026-08-30 22:12:13.006	2026-08-30 22:12:13.102	2026-08-30 22:12:46.945	32s	2	6 GB	720.9 MB	7.8 GB	93.5%	1.3%	1.5 GB	73.6 MB
2198	f1/0a97ef	BGC_ANALYSIS:ANTISMASH_ANALYSIS:ANTISMASH (Buchnera_aphidicola_Floraphis_choui_R4)	COMPLETED	0	2026-08-30 22:12:40.128	2026-08-30 22:12:40.224	2026-08-30 22:12:47.227	5.2s	2	6 GB	207.2 MB	2.7 GB	103.8%	0.3%	238.4 MB	5.5 MB
2196	09/3467a6	BGC_ANALYSIS:ANTISMASH_ANALYSIS:ANTISMASH (Paramixta_manurensis_PD-1)	COMPLETED	0	2026-08-30 22:12:32.404	2026-08-30 22:12:32.501	2026-08-30 22:12:51.156	16.8s	2	6 GB	795.6 MB	7.8 GB	132.7%	1.3%	797.4 MB	52.1 MB
2190	79/1d9419	BGC_ANALYSIS:ANTISMASH_ANALYSIS:ANTISMASH (Pantoea_pleuroti_JZB_2120015)	COMPLETED	0	2026-08-30 22:12:24.484	2026-08-30 22:12:24.580	2026-08-30 22:12:54.771	28.4s	2	6 GB	650 MB	7.7 GB	96.6%	1.0%	1.2 GB	67.5 MB
2189	d2/dbfa2b	BGC_ANALYSIS:ANTISMASH_ANALYSIS:ANTISMASH (Pantoea_piersonii_IIIF_BACT_A)	COMPLETED	0	2026-08-30 22:12:21.344	2026-08-30 22:12:21.442	2026-08-30 22:12:55.579	32.4s	2	6 GB	685.8 MB	7.7 GB	94.1%	1.2%	1.5 GB	74.6 MB
2188	26/edde8e	BGC_ANALYSIS:ANTISMASH_ANALYSIS:ANTISMASH (Pantoea_piersonii_F3-6B5)	COMPLETED	0	2026-08-30 22:12:20.116	2026-08-30 22:12:20.213	2026-08-30 22:12:56.149	34.2s	2	6 GB	673.9 MB	7.7 GB	94.0%	1.2%	1.6 GB	77.1 MB
2200	0f/867994	BGC_ANALYSIS:ANTISMASH_ANALYSIS:ANTISMASH (Buchnera_aphidicola_Kaburagia_rhusicola_ensigallis_R7)	COMPLETED	0	2026-08-30 22:12:51.159	2026-08-30 22:12:51.256	2026-08-30 22:12:58.059	4.9s	2	6 GB	209.4 MB	2.7 GB	104.0%	0.3%	237.1 MB	5.5 MB
2203	a9/89f6b9	BGC_ANALYSIS:ANTISMASH_ANALYSIS:ANTISMASH (Buchnera_aphidicola_Meitanaphis_flavogallis_R6)	COMPLETED	0	2026-08-30 22:12:54.775	2026-08-30 22:12:54.870	2026-08-30 22:13:01.569	4.9s	2	6 GB	207.4 MB	2.7 GB	106.9%	0.3%	237 MB	5.5 MB
2204	55/7555e5	BGC_ANALYSIS:ANTISMASH_ANALYSIS:ANTISMASH (Buchnera_aphidicola_Meitanaphis_microgallis_R24)	COMPLETED	0	2026-08-30 22:12:55.582	2026-08-30 22:12:55.680	2026-08-30 22:13:02.463	5s	2	6 GB	219.8 MB	2.7 GB	107.6%	0.3%	237.4 MB	5.5 MB
2199	b8/9d5e81	BGC_ANALYSIS:ANTISMASH_ANALYSIS:ANTISMASH (Buchnera_aphidicola_Floraphis_meitanensis_R23)	COMPLETED	0	2026-08-30 22:12:56.155	2026-08-30 22:12:56.249	2026-08-30 22:13:03.004	4.9s	2	6 GB	207.7 MB	2.7 GB	108.1%	0.3%	238.2 MB	5.5 MB
2201	63/1408b1	BGC_ANALYSIS:ANTISMASH_ANALYSIS:ANTISMASH (Buchnera_aphidicola_Kaburagia_rhusicola_rhusicola_R12)	COMPLETED	0	2026-08-30 22:12:58.063	2026-08-30 22:12:58.162	2026-08-30 22:13:04.911	5s	2	6 GB	208.9 MB	2.7 GB	107.0%	0.3%	237.3 MB	5.5 MB
2202	b7/5dcab3	BGC_ANALYSIS:ANTISMASH_ANALYSIS:ANTISMASH (Buchnera_aphidicola_Meitanaphis_elongallis_R8)	COMPLETED	0	2026-08-30 22:13:03.007	2026-08-30 22:13:03.104	2026-08-30 22:13:09.774	4.9s	2	6 GB	209.1 MB	2.7 GB	107.9%	0.3%	237.2 MB	5.5 MB
2214	4d/553c02	BGC_ANALYSIS:ANTISMASH_ANALYSIS:ANTISMASH (Erwinia_amylovora_CEB_2)	COMPLETED	0	2026-08-30 22:12:46.226	2026-08-30 22:12:46.322	2026-08-30 22:13:11.530	23.4s	2	6 GB	602.6 MB	7.7 GB	101.1%	1.0%	1 GB	55.1 MB
2205	13/b40c39	BGC_ANALYSIS:ANTISMASH_ANALYSIS:ANTISMASH (Buchnera_aphidicola_Melaphis_rhois_R22)	COMPLETED	0	2026-08-30 22:13:04.915	2026-08-30 22:13:05.018	2026-08-30 22:13:11.803	5.1s	2	6 GB	216.5 MB	2.7 GB	107.3%	0.3%	238.7 MB	5.6 MB
2195	1a/f20982	BGC_ANALYSIS:ANTISMASH_ANALYSIS:ANTISMASH (Pantoea_stewartii_NRRL_B-133)	COMPLETED	0	2026-08-30 22:12:46.949	2026-08-30 22:12:47.045	2026-08-30 22:13:14.876	26s	2	6 GB	668.9 MB	7.7 GB	101.0%	1.0%	1.2 GB	67.2 MB
2206	e0/8c4111	BGC_ANALYSIS:ANTISMASH_ANALYSIS:ANTISMASH (Buchnera_aphidicola_Myzus_persicae_Gillespie)	COMPLETED	0	2026-08-30 22:13:11.547	2026-08-30 22:13:11.630	2026-08-30 22:13:19.199	5.8s	2	6 GB	211.6 MB	2.7 GB	107.3%	0.3%	273.1 MB	9.7 MB
2207	75/fd39db	BGC_ANALYSIS:ANTISMASH_ANALYSIS:ANTISMASH (Buchnera_aphidicola_Nurudea_ibofushi_R15)	COMPLETED	0	2026-08-30 22:13:14.879	2026-08-30 22:13:14.976	2026-08-30 22:13:21.815	5.1s	2	6 GB	233.8 MB	2.7 GB	107.4%	0.3%	237.4 MB	5.5 MB
2219	fb/5b51d8	BGC_ANALYSIS:ANTISMASH_ANALYSIS:ANTISMASH (Erwinia_amylovora_E22)	COMPLETED	0	2026-08-30 22:13:09.777	2026-08-30 22:13:09.873	2026-08-30 22:13:25.436	13.8s	2	6 GB	563.2 MB	7.3 GB	132.5%	1.0%	632 MB	28.4 MB
2220	8c/fe706c	BGC_ANALYSIS:ANTISMASH_ANALYSIS:ANTISMASH (Erwinia_amylovora_EaSmR)	COMPLETED	0	2026-08-30 22:13:11.806	2026-08-30 22:13:11.902	2026-08-30 22:13:31.539	17.9s	2	6 GB	589.4 MB	7.8 GB	125.5%	0.9%	653.8 MB	34.4 MB
2217	f3/b199d8	BGC_ANALYSIS:ANTISMASH_ANALYSIS:ANTISMASH (Erwinia_amylovora_CEB_5)	COMPLETED	0	2026-08-30 22:13:01.572	2026-08-30 22:13:01.669	2026-08-30 22:13:32.076	28.6s	2	6 GB	618.6 MB	7.7 GB	96.4%	1.0%	1.3 GB	61.7 MB
2215	33/b4c703	BGC_ANALYSIS:ANTISMASH_ANALYSIS:ANTISMASH (Erwinia_amylovora_CEB_3)	COMPLETED	0	2026-08-30 22:13:02.466	2026-08-30 22:13:02.563	2026-08-30 22:13:32.911	28.7s	2	6 GB	603.2 MB	7.7 GB	95.2%	1.0%	1.3 GB	61.6 MB
2175	fe/45ff32	BGC_ANALYSIS:ANTISMASH_ANALYSIS:ANTISMASH (Pantoea_brenneri_IIF5SW-B2)	COMPLETED	0	2026-08-30 22:12:47.229	2026-08-30 22:12:47.327	2026-08-30 22:13:33.025	43.9s	2	6 GB	716.4 MB	7.8 GB	93.6%	1.3%	2.2 GB	92.4 MB
2210	ab/e4c8dc	BGC_ANALYSIS:ANTISMASH_ANALYSIS:ANTISMASH (Buchnera_aphidicola_Nurudea_yanoniella_R14)	COMPLETED	0	2026-08-30 22:13:33.029	2026-08-30 22:13:33.125	2026-08-30 22:13:39.906	5s	2	6 GB	208.4 MB	2.7 GB	99.0%	0.3%	237 MB	5.4 MB
2221	75/644341	BGC_ANALYSIS:ANTISMASH_ANALYSIS:ANTISMASH (Erwinia_amylovora_Ea_1_79)	COMPLETED	0	2026-08-30 22:13:25.439	2026-08-30 22:13:25.536	2026-08-30 22:13:43.469	15.9s	2	6 GB	740.1 MB	7.8 GB	129.3%	1.3%	674.3 MB	46.3 MB
2223	42/87ccca	BGC_ANALYSIS:ANTISMASH_ANALYSIS:ANTISMASH (Erwinia_amylovora_IA01)	COMPLETED	0	2026-08-30 22:13:31.542	2026-08-30 22:13:31.639	2026-08-30 22:13:49.545	16.2s	2	6 GB	741.7 MB	7.8 GB	131.7%	1.3%	672.1 MB	46.3 MB
2222	0a/f032a6	BGC_ANALYSIS:ANTISMASH_ANALYSIS:ANTISMASH (Erwinia_amylovora_FC01)	COMPLETED	0	2026-08-30 22:13:32.914	2026-08-30 22:13:33.011	2026-08-30 22:13:53.114	18.3s	2	6 GB	756.2 MB	7.8 GB	125.4%	1.3%	774 MB	50.1 MB
2226	35/81fc91	BGC_ANALYSIS:ANTISMASH_ANALYSIS:ANTISMASH (Erwinia_papayae_JGD_233)	COMPLETED	0	2026-08-30 22:13:19.203	2026-08-30 22:13:19.300	2026-08-30 22:13:54.247	33s	2	6 GB	689.8 MB	7.8 GB	95.3%	1.3%	1.4 GB	74.7 MB
2230	f4/b7dfee	BGC_ANALYSIS:ANTISMASH_ANALYSIS:ANTISMASH (Erwinia_sp._STN24)	COMPLETED	0	2026-08-30 22:13:32.079	2026-08-30 22:13:32.176	2026-08-30 22:13:57.743	23.8s	2	6 GB	771.6 MB	7.8 GB	105.8%	1.3%	1 GB	62.8 MB
2212	fc/5110da	BGC_ANALYSIS:ANTISMASH_ANALYSIS:ANTISMASH (Buchnera_aphidicola_Schlechtendalia_peitan_R2)	COMPLETED	0	2026-08-30 22:13:53.118	2026-08-30 22:13:53.214	2026-08-30 22:14:00.004	5s	2	6 GB	211.5 MB	2.7 GB	107.6%	0.3%	239 MB	5.6 MB
2232	46/0f7f13	BGC_ANALYSIS:ANTISMASH_ANALYSIS:ANTISMASH (Erwiniaceae_bacterium_CAU_1747)	COMPLETED	0	2026-08-30 22:13:43.472	2026-08-30 22:13:43.569	2026-08-30 22:14:10.694	25.1s	2	6 GB	675.4 MB	7.7 GB	98.7%	1.2%	1020.6 MB	59.5 MB
2234	ec/69b19c	BGC_ANALYSIS:ANTISMASH_ANALYSIS:ANTISMASH (Mixta_tenebrionis_CGMCC_1.17041)	COMPLETED	0	2026-08-30 22:13:39.910	2026-08-30 22:13:40.006	2026-08-30 22:14:11.470	29.5s	2	6 GB	695.5 MB	7.8 GB	96.7%	1.3%	1.3 GB	69.5 MB
2236	de/e02aea	BGC_ANALYSIS:ANTISMASH_ANALYSIS:ANTISMASH (Pantoea_agglomerans_A2a22Pa19)	COMPLETED	0	2026-08-30 22:13:54.250	2026-08-30 22:13:54.348	2026-08-30 22:14:19.649	23.4s	2	6 GB	857.8 MB	7.9 GB	121.3%	1.4%	930.3 MB	65.4 MB
2224	0c/6fd0f4	BGC_ANALYSIS:ANTISMASH_ANALYSIS:ANTISMASH (Erwinia_amylovora_PBI209)	COMPLETED	0	2026-08-30 22:14:00.007	2026-08-30 22:14:00.104	2026-08-30 22:14:20.257	18.3s	2	6 GB	581.1 MB	7.8 GB	128.6%	0.9%	653.4 MB	34.4 MB
2216	9f/18d452	BGC_ANALYSIS:ANTISMASH_ANALYSIS:ANTISMASH (Erwinia_amylovora_CEB_4)	COMPLETED	0	2026-08-30 22:13:57.746	2026-08-30 22:13:57.842	2026-08-30 22:14:25.439	25.8s	2	6 GB	608.6 MB	7.7 GB	102.8%	1.0%	1.1 GB	58.4 MB
2228	e0/a8ab31	BGC_ANALYSIS:ANTISMASH_ANALYSIS:ANTISMASH (Erwinia_pyrifoliae_YKB12327)	COMPLETED	0	2026-08-30 22:14:19.652	2026-08-30 22:14:19.749	2026-08-30 22:14:38.322	16.8s	2	6 GB	799.1 MB	7.8 GB	126.2%	1.3%	705.2 MB	49.4 MB
2218	63/c22dbc	BGC_ANALYSIS:ANTISMASH_ANALYSIS:ANTISMASH (Erwinia_amylovora_CEB_6)	COMPLETED	0	2026-08-30 22:14:10.699	2026-08-30 22:14:10.795	2026-08-30 22:14:40.494	27.8s	2	6 GB	664.9 MB	7.7 GB	101.1%	1.0%	1.2 GB	61.3 MB
2231	61/4a9f4d	BGC_ANALYSIS:ANTISMASH_ANALYSIS:ANTISMASH (Erwinia_tracheiphila_ICMP_5845)	COMPLETED	0	2026-08-30 22:14:25.442	2026-08-30 22:14:25.539	2026-08-30 22:14:45.455	18s	2	6 GB	900.4 MB	7.9 GB	122.7%	1.5%	759.8 MB	61.3 MB
2227	cd/8f119e	BGC_ANALYSIS:ANTISMASH_ANALYSIS:ANTISMASH (Erwinia_plantamica_OPT-41)	COMPLETED	0	2026-08-30 22:14:11.474	2026-08-30 22:14:11.571	2026-08-30 22:14:46.608	33.2s	2	6 GB	726.6 MB	7.8 GB	94.4%	1.3%	1.5 GB	75.5 MB
2229	8b/f2ccdf	BGC_ANALYSIS:ANTISMASH_ANALYSIS:ANTISMASH (Erwinia_sp._AnSW2-5)	COMPLETED	0	2026-08-30 22:14:20.261	2026-08-30 22:14:20.357	2026-08-30 22:15:04.314	42.1s	2	6 GB	724.1 MB	7.8 GB	95.3%	1.3%	2.1 GB	91.4 MB
2241	cb/d4e740	BGC_ANALYSIS:ANTISMASH_ANALYSIS:ANTISMASH (Pantoea_agglomerans_J35)	COMPLETED	0	2026-08-30 22:14:40.498	2026-08-30 22:14:40.595	2026-08-30 22:15:06.019	23.6s	2	6 GB	758.3 MB	7.8 GB	106.3%	1.3%	1 GB	64.2 MB
2244	79/d5c4ef	BGC_ANALYSIS:ANTISMASH_ANALYSIS:ANTISMASH (Pantoea_agglomerans_NPDC087375)	COMPLETED	0	2026-08-30 22:14:45.459	2026-08-30 22:14:45.555	2026-08-30 22:15:11.940	24.5s	2	6 GB	736.2 MB	7.8 GB	99.8%	1.3%	1 GB	62.7 MB
2246	83/c200b5	BGC_ANALYSIS:ANTISMASH_ANALYSIS:ANTISMASH (Pantoea_agglomerans_NPDC087377)	COMPLETED	0	2026-08-30 22:14:46.611	2026-08-30 22:14:46.708	2026-08-30 22:15:13.579	25s	2	6 GB	735.6 MB	7.8 GB	99.8%	1.3%	1.1 GB	64.4 MB
2225	99/0a56c8	BGC_ANALYSIS:ANTISMASH_ANALYSIS:ANTISMASH (Erwinia_mallotivora_ICMP_5705)	COMPLETED	0	2026-08-30 22:13:21.818	2026-08-30 22:13:21.915	2026-08-30 22:15:14.181	1m 50s	2	6 GB	691.7 MB	7.8 GB	102.5%	1.2%	6.8 GB	202.9 MB
2235	c5/35405b	BGC_ANALYSIS:ANTISMASH_ANALYSIS:ANTISMASH (Pantoea_agglomerans_234_Win.9)	COMPLETED	0	2026-08-30 22:14:38.326	2026-08-30 22:14:38.421	2026-08-30 22:15:16.528	36.2s	2	6 GB	682.4 MB	7.7 GB	94.9%	1.2%	1.8 GB	82.4 MB
2242	f1/78eedd	BGC_ANALYSIS:ANTISMASH_ANALYSIS:ANTISMASH (Pantoea_agglomerans_LMC1-1-1.1)	COMPLETED	0	2026-08-30 22:15:04.318	2026-08-30 22:15:04.414	2026-08-30 22:15:29.603	23.4s	2	6 GB	674.5 MB	7.7 GB	99.6%	1.2%	1019 MB	57.5 MB
2250	a4/986c2c	BGC_ANALYSIS:ANTISMASH_ANALYSIS:ANTISMASH (Pantoea_agglomerans_Pa17-2)	COMPLETED	0	2026-08-30 22:15:13.583	2026-08-30 22:15:13.679	2026-08-30 22:15:35.325	19.8s	2	6 GB	773 MB	7.8 GB	131.8%	1.3%	922 MB	61.4 MB
2243	19/db86e1	BGC_ANALYSIS:ANTISMASH_ANALYSIS:ANTISMASH (Pantoea_agglomerans_LMK1-1-1.1)	COMPLETED	0	2026-08-30 22:15:11.943	2026-08-30 22:15:12.040	2026-08-30 22:15:37.321	23.4s	2	6 GB	678.8 MB	7.7 GB	99.6%	1.1%	1019.1 MB	57.6 MB
2251	f2/667e22	BGC_ANALYSIS:ANTISMASH_ANALYSIS:ANTISMASH (Pantoea_agglomerans_Pa17-3)	COMPLETED	0	2026-08-30 22:15:16.532	2026-08-30 22:15:16.629	2026-08-30 22:15:37.507	19.1s	2	6 GB	812.8 MB	7.8 GB	131.6%	1.3%	840.2 MB	59.2 MB
2240	36/8c8a97	BGC_ANALYSIS:ANTISMASH_ANALYSIS:ANTISMASH (Pantoea_agglomerans_J22c)	COMPLETED	0	2026-08-30 22:15:37.511	2026-08-30 22:15:37.608	2026-08-30 22:15:59.979	20.5s	2	6 GB	824 MB	7.8 GB	130.7%	1.4%	901 MB	62.3 MB
2262	21/0f8916	BGC_ANALYSIS:ANTISMASH_ANALYSIS:ANTISMASH (Pantoea_dispersa_F-22)	COMPLETED	0	2026-08-30 22:15:37.325	2026-08-30 22:15:37.422	2026-08-30 22:16:04.479	25.1s	2	6 GB	754.6 MB	7.8 GB	102.9%	1.3%	1.1 GB	65.4 MB
2248	33/90c186	BGC_ANALYSIS:ANTISMASH_ANALYSIS:ANTISMASH (Pantoea_agglomerans_PAP2)	COMPLETED	0	2026-08-30 22:15:06.022	2026-08-30 22:15:06.120	2026-08-30 22:16:24.090	1m 16s	2	6 GB	727.9 MB	7.8 GB	100.9%	1.3%	4.4 GB	146.3 MB
2245	12/b901fb	BGC_ANALYSIS:ANTISMASH_ANALYSIS:ANTISMASH (Pantoea_agglomerans_NPDC087376)	COMPLETED	0	2026-08-30 22:16:04.482	2026-08-30 22:16:04.580	2026-08-30 22:16:28.333	21.9s	2	6 GB	701.1 MB	7.7 GB	104.7%	1.2%	955.4 MB	57.2 MB
2233	17/72d513	BGC_ANALYSIS:ANTISMASH_ANALYSIS:ANTISMASH (Mixta_sp._E5_1)	COMPLETED	0	2026-08-30 22:13:49.549	2026-08-30 22:13:49.645	2026-08-30 22:16:42.582	2m 51s	2	6 GB	657.4 MB	7.7 GB	103.7%	1.0%	11.2 GB	301.2 MB
2256	66/2de352	BGC_ANALYSIS:ANTISMASH_ANALYSIS:ANTISMASH (Pantoea_ananatis_LPL-1)	COMPLETED	0	2026-08-30 22:16:24.093	2026-08-30 22:16:24.190	2026-08-30 22:16:46.574	20.6s	2	6 GB	651 MB	7.9 GB	132.9%	1.1%	802.1 MB	44.1 MB
2257	83/03e1f3	BGC_ANALYSIS:ANTISMASH_ANALYSIS:ANTISMASH (Pantoea_ananatis_LPP-1)	COMPLETED	0	2026-08-30 22:15:59.983	2026-08-30 22:16:00.079	2026-08-30 22:16:50.908	49s	2	6 GB	4.7 GB	7.9 GB	127.4%	7.2%	9.9 GB	45 MB
2249	d5/b7fa9d	BGC_ANALYSIS:ANTISMASH_ANALYSIS:ANTISMASH (Pantoea_agglomerans_Pa1-28_3)	COMPLETED	0	2026-08-30 22:16:28.336	2026-08-30 22:16:28.432	2026-08-30 22:16:52.356	22.2s	2	6 GB	827.9 MB	7.8 GB	126.8%	1.3%	1 GB	66.1 MB
2247	a2/cf5cd1	BGC_ANALYSIS:ANTISMASH_ANALYSIS:ANTISMASH (Pantoea_agglomerans_NPDC087378)	COMPLETED	0	2026-08-30 22:16:42.585	2026-08-30 22:16:42.682	2026-08-30 22:17:08.235	23.5s	2	6 GB	753.8 MB	7.8 GB	106.4%	1.3%	1 GB	62.6 MB
2263	49/9058f0	BGC_ANALYSIS:ANTISMASH_ANALYSIS:ANTISMASH (Pantoea_dispersa_KPR_PC)	COMPLETED	0	2026-08-30 22:16:46.577	2026-08-30 22:16:46.675	2026-08-30 22:17:13.323	24.8s	2	6 GB	738 MB	7.8 GB	101.2%	1.3%	1 GB	61.2 MB
2267	47/77bb77	BGC_ANALYSIS:ANTISMASH_ANALYSIS:ANTISMASH (Pantoea_osteomyelitidis_AA23256)	COMPLETED	0	2026-08-30 22:16:52.359	2026-08-30 22:16:52.456	2026-08-30 22:17:17.575	23.1s	2	6 GB	738.4 MB	7.8 GB	104.7%	1.3%	1 GB	59.8 MB
2254	d0/4b0f2e	BGC_ANALYSIS:ANTISMASH_ANALYSIS:ANTISMASH (Pantoea_agglomerans_PvP021)	COMPLETED	0	2026-08-30 22:16:50.911	2026-08-30 22:16:51.008	2026-08-30 22:17:19.498	26.6s	2	6 GB	729.7 MB	7.8 GB	104.6%	1.2%	1.2 GB	67.1 MB
2258	86/e8b5f2	BGC_ANALYSIS:ANTISMASH_ANALYSIS:ANTISMASH (Pantoea_ananatis_SGAir0444)	COMPLETED	0	2026-08-30 22:17:13.327	2026-08-30 22:17:13.423	2026-08-30 22:17:33.984	18.5s	2	6 GB	835 MB	7.9 GB	137.8%	1.4%	825.2 MB	57.5 MB
2260	e5/a61bcb	BGC_ANALYSIS:ANTISMASH_ANALYSIS:ANTISMASH (Pantoea_anthophila_dmpa233)	COMPLETED	0	2026-08-30 22:17:08.238	2026-08-30 22:17:08.336	2026-08-30 22:17:40.129	30s	2	6 GB	749.6 MB	7.8 GB	100.5%	1.3%	1.4 GB	70.4 MB
2261	a4/03eeae	BGC_ANALYSIS:ANTISMASH_ANALYSIS:ANTISMASH (Pantoea_deleyi_P201)	COMPLETED	0	2026-08-30 22:17:19.502	2026-08-30 22:17:19.598	2026-08-30 22:17:46.338	24.9s	2	6 GB	722.2 MB	7.8 GB	102.3%	1.3%	1.1 GB	65.8 MB
2253	d0/a6c66f	BGC_ANALYSIS:ANTISMASH_ANALYSIS:ANTISMASH (Pantoea_agglomerans_PvP012)	COMPLETED	0	2026-08-30 22:17:17.578	2026-08-30 22:17:17.676	2026-08-30 22:17:48.332	28.9s	2	6 GB	752.7 MB	7.8 GB	96.8%	1.3%	1.2 GB	68.6 MB
2276	90/544f62	BGC_ANALYSIS:ANTISMASH_ANALYSIS:ANTISMASH (Pantoea_sp._NPDC088449)	COMPLETED	0	2026-08-30 22:17:33.988	2026-08-30 22:17:34.084	2026-08-30 22:18:00.621	24.7s	2	6 GB	793.3 MB	7.8 GB	110.3%	1.4%	1 GB	69 MB
2269	cd/cb42e4	BGC_ANALYSIS:ANTISMASH_ANALYSIS:ANTISMASH (Pantoea_sp._BJ2)	COMPLETED	0	2026-08-30 22:17:40.132	2026-08-30 22:17:40.229	2026-08-30 22:18:02.525	20.4s	2	6 GB	817.2 MB	7.9 GB	130.8%	1.4%	950.6 MB	67.4 MB
2265	b9/477ad2	BGC_ANALYSIS:ANTISMASH_ANALYSIS:ANTISMASH (Pantoea_dispersa_XJ2)	COMPLETED	0	2026-08-30 22:17:46.341	2026-08-30 22:17:46.438	2026-08-30 22:18:07.860	19.6s	2	6 GB	814 MB	7.8 GB	131.4%	1.4%	861.3 MB	61 MB
2266	63/a8a143	BGC_ANALYSIS:ANTISMASH_ANALYSIS:ANTISMASH (Pantoea_leporis_RIT844)	COMPLETED	0	2026-08-30 22:17:48.335	2026-08-30 22:17:48.434	2026-08-30 22:18:16.712	26.5s	2	6 GB	723 MB	7.8 GB	104.1%	1.3%	1.1 GB	66.7 MB
2259	a4/3a8609	BGC_ANALYSIS:ANTISMASH_ANALYSIS:ANTISMASH (Pantoea_ananatis_WHRI_5854)	COMPLETED	0	2026-08-30 22:18:00.624	2026-08-30 22:18:00.721	2026-08-30 22:18:20.693	18.1s	2	6 GB	807.4 MB	7.8 GB	132.4%	1.3%	827 MB	58.2 MB
2278	96/4e1155	BGC_ANALYSIS:ANTISMASH_ANALYSIS:ANTISMASH (Pantoea_sp._SGAir0180)	COMPLETED	0	2026-08-30 22:18:02.528	2026-08-30 22:18:02.625	2026-08-30 22:18:23.965	19.5s	2	6 GB	797.6 MB	7.8 GB	131.2%	1.4%	810.8 MB	55.8 MB
2252	0b/9bc8b8	BGC_ANALYSIS:ANTISMASH_ANALYSIS:ANTISMASH (Pantoea_agglomerans_PaEhEh_2)	COMPLETED	0	2026-08-30 22:18:07.864	2026-08-30 22:18:07.961	2026-08-30 22:18:30.569	20.7s	2	6 GB	808 MB	7.8 GB	125.3%	1.3%	954.5 MB	62.9 MB
2281	5a/d9f439	BGC_ANALYSIS:ANTISMASH_ANALYSIS:ANTISMASH (Pantoea_sp._SGAir0215)	COMPLETED	0	2026-08-30 22:18:20.698	2026-08-30 22:18:20.793	2026-08-30 22:18:40.988	18.2s	2	6 GB	795.3 MB	7.8 GB	130.7%	1.3%	793.8 MB	55.1 MB
2270	b9/bc9724	BGC_ANALYSIS:ANTISMASH_ANALYSIS:ANTISMASH (Pantoea_sp._BR_17)	COMPLETED	0	2026-08-30 22:18:16.715	2026-08-30 22:18:16.812	2026-08-30 22:18:47.198	28.5s	2	6 GB	719.8 MB	7.8 GB	95.1%	1.3%	1.2 GB	68.2 MB
2282	d9/2c938b	BGC_ANALYSIS:ANTISMASH_ANALYSIS:ANTISMASH (Pantoea_sp._SGAir0418)	COMPLETED	0	2026-08-30 22:18:30.573	2026-08-30 22:18:30.669	2026-08-30 22:18:51.949	19.3s	2	6 GB	791.1 MB	7.8 GB	129.7%	1.3%	850.2 MB	57.9 MB
2268	fd/1d0fcb	BGC_ANALYSIS:ANTISMASH_ANALYSIS:ANTISMASH (Pantoea_sp._ANP04)	COMPLETED	0	2026-08-30 22:18:23.969	2026-08-30 22:18:24.065	2026-08-30 22:18:56.554	30.7s	2	6 GB	740.6 MB	7.8 GB	95.0%	1.3%	1.4 GB	71.9 MB
2264	a6/ea6a1e	BGC_ANALYSIS:ANTISMASH_ANALYSIS:ANTISMASH (Pantoea_dispersa_S8797)	COMPLETED	0	2026-08-30 22:18:40.992	2026-08-30 22:18:41.088	2026-08-30 22:19:12.992	30s	2	6 GB	703.2 MB	7.8 GB	96.7%	1.3%	1.3 GB	71.7 MB
2255	f1/8df7c6	BGC_ANALYSIS:ANTISMASH_ANALYSIS:ANTISMASH (Pantoea_ananatis_KPR_PA)	COMPLETED	0	2026-08-30 22:18:47.201	2026-08-30 22:18:47.299	2026-08-30 22:19:13.518	24.3s	2	6 GB	649.6 MB	7.7 GB	101.5%	1.1%	1.1 GB	61.4 MB
2285	9e/e6be41	BGC_ANALYSIS:ANTISMASH_ANALYSIS:ANTISMASH (Pantoea_sp._WEP)	COMPLETED	0	2026-08-30 22:18:51.953	2026-08-30 22:18:52.049	2026-08-30 22:19:14.470	20.5s	2	6 GB	626.9 MB	7.8 GB	130.2%	1.0%	790.9 MB	42.8 MB
2284	6f/987b62	BGC_ANALYSIS:ANTISMASH_ANALYSIS:ANTISMASH (Pantoea_sp._UYEF8)	COMPLETED	0	2026-08-30 22:18:56.557	2026-08-30 22:18:56.654	2026-08-30 22:19:31.921	33.4s	2	6 GB	752.7 MB	7.8 GB	96.7%	1.3%	1.5 GB	75.4 MB
2288	49/8fc797	BGC_ANALYSIS:ANTISMASH_ANALYSIS:ANTISMASH (Pantoea_stewartii_ICMP_257_2)	COMPLETED	0	2026-08-30 22:19:13.521	2026-08-30 22:19:13.618	2026-08-30 22:19:36.095	20.7s	2	6 GB	845.9 MB	7.8 GB	129.2%	1.4%	1023.6 MB	68.4 MB
2272	4b/75132f	BGC_ANALYSIS:ANTISMASH_ANALYSIS:ANTISMASH (Pantoea_sp._CS_6)	COMPLETED	0	2026-08-30 22:19:12.996	2026-08-30 22:19:13.092	2026-08-30 22:19:42.349	27.5s	2	6 GB	671.7 MB	7.7 GB	95.4%	1.0%	1.2 GB	66.4 MB
2274	e6/347c76	BGC_ANALYSIS:ANTISMASH_ANALYSIS:ANTISMASH (Pantoea_sp._GCM10028869_LNNU_3071)	COMPLETED	0	2026-08-30 22:19:31.924	2026-08-30 22:19:32.021	2026-08-30 22:20:03.246	29.4s	2	6 GB	791.5 MB	7.8 GB	99.0%	1.3%	1.2 GB	71.1 MB
2289	4d/b7f82d	BGC_ANALYSIS:ANTISMASH_ANALYSIS:ANTISMASH (Pantoea_stewartii_PSCN1)	COMPLETED	0	2026-08-30 22:19:42.353	2026-08-30 22:19:42.450	2026-08-30 22:20:04.438	19.9s	2	6 GB	795.5 MB	7.8 GB	130.0%	1.4%	847.8 MB	59 MB
2294	f9/567e28	BGC_ANALYSIS:ANTISMASH_ANALYSIS:ANTISMASH (Pantoea_vagans_NPDC058904)	COMPLETED	0	2026-08-30 22:19:36.097	2026-08-30 22:19:36.195	2026-08-30 22:20:10.764	32.7s	2	6 GB	769.8 MB	7.8 GB	95.6%	1.3%	1.5 GB	77.8 MB
2271	e6/e41f8d	BGC_ANALYSIS:ANTISMASH_ANALYSIS:ANTISMASH (Pantoea_sp._BS_8)	COMPLETED	0	2026-08-30 22:19:14.473	2026-08-30 22:19:14.571	2026-08-30 22:20:12.534	56.1s	2	6 GB	4.7 GB	7.8 GB	113.1%	3.2%	11.9 GB	71.3 MB
2273	5d/a19ffa	BGC_ANALYSIS:ANTISMASH_ANALYSIS:ANTISMASH (Pantoea_sp._Ep11b)	COMPLETED	0	2026-08-30 22:20:03.249	2026-08-30 22:20:03.346	2026-08-30 22:20:21.809	16.6s	2	6 GB	778.3 MB	7.8 GB	130.6%	1.3%	713.1 MB	49.2 MB
2277	ab/4a8ff7	BGC_ANALYSIS:ANTISMASH_ANALYSIS:ANTISMASH (Pantoea_sp._SGAir0175)	COMPLETED	0	2026-08-30 22:20:04.441	2026-08-30 22:20:04.539	2026-08-30 22:20:25.370	19s	2	6 GB	792.5 MB	7.8 GB	133.3%	1.3%	817.8 MB	56.3 MB
2280	a1/3ea805	BGC_ANALYSIS:ANTISMASH_ANALYSIS:ANTISMASH (Pantoea_sp._SGAir0184)	COMPLETED	0	2026-08-30 22:20:12.537	2026-08-30 22:20:12.633	2026-08-30 22:20:34.795	20.1s	2	6 GB	779.9 MB	7.8 GB	128.3%	1.3%	858 MB	58.7 MB
2275	42/0f29fd	BGC_ANALYSIS:ANTISMASH_ANALYSIS:ANTISMASH (Pantoea_sp._KPR_PJ)	COMPLETED	0	2026-08-30 22:20:10.769	2026-08-30 22:20:10.864	2026-08-30 22:20:38.710	26s	2	6 GB	708.4 MB	7.8 GB	95.8%	1.2%	1.1 GB	58.9 MB
2279	33/a1dd6c	BGC_ANALYSIS:ANTISMASH_ANALYSIS:ANTISMASH (Pantoea_sp._SGAir0183)	COMPLETED	0	2026-08-30 22:20:21.813	2026-08-30 22:20:21.909	2026-08-30 22:20:46.850	23s	2	6 GB	833.7 MB	7.8 GB	124.3%	1.4%	1.1 GB	65.4 MB
2283	4e/c02d14	BGC_ANALYSIS:ANTISMASH_ANALYSIS:ANTISMASH (Pantoea_sp._SGAir0430)	COMPLETED	0	2026-08-30 22:20:38.713	2026-08-30 22:20:38.810	2026-08-30 22:20:59.279	18.6s	2	6 GB	794.3 MB	7.8 GB	134.3%	1.3%	807.9 MB	55.4 MB
2287	4e/765d3e	BGC_ANALYSIS:ANTISMASH_ANALYSIS:ANTISMASH (Pantoea_stewartii_ICMP_257)	COMPLETED	0	2026-08-30 22:20:34.799	2026-08-30 22:20:34.895	2026-08-30 22:20:59.446	22.7s	2	6 GB	887.7 MB	7.9 GB	121.3%	1.4%	1 GB	73.3 MB
2239	3b/354f65	BGC_ANALYSIS:ANTISMASH_ANALYSIS:ANTISMASH (Pantoea_agglomerans_E4_1)	COMPLETED	0	2026-08-30 22:15:29.607	2026-08-30 22:15:29.704	2026-08-30 22:21:00.541	5m 29s	2	6 GB	802.2 MB	7.9 GB	104.3%	1.3%	21.8 GB	573.9 MB
2286	e6/9d9fca	BGC_ANALYSIS:ANTISMASH_ANALYSIS:ANTISMASH (Pantoea_sp._sgz302252)	COMPLETED	0	2026-08-30 22:20:25.373	2026-08-30 22:20:25.470	2026-08-30 22:21:02.872	35.5s	2	6 GB	491.8 MB	7.8 GB	104.0%	0.8%	1.5 GB	63.7 MB
2237	a2/1e59c2	BGC_ANALYSIS:ANTISMASH_ANALYSIS:ANTISMASH (Pantoea_agglomerans_E1_1)	COMPLETED	0	2026-08-30 22:15:35.329	2026-08-30 22:15:35.426	2026-08-30 22:21:05.673	5m 28s	2	6 GB	812.2 MB	7.9 GB	104.3%	1.3%	21.7 GB	572.1 MB
2291	f3/f2a769	BGC_ANALYSIS:ANTISMASH_ANALYSIS:ANTISMASH (Pantoea_stewartii_subsp._stewartii_ATCC_8199)	COMPLETED	0	2026-08-30 22:20:46.853	2026-08-30 22:20:46.950	2026-08-30 22:21:07.090	18.2s	2	6 GB	861.6 MB	7.9 GB	128.5%	1.4%	865.2 MB	58.4 MB
2293	22/9dd2a7	BGC_ANALYSIS:ANTISMASH_ANALYSIS:ANTISMASH (Pantoea_vagans_GM2)	COMPLETED	0	2026-08-30 22:21:00.545	2026-08-30 22:21:00.641	2026-08-30 22:21:22.760	20.3s	2	6 GB	789.7 MB	7.8 GB	130.0%	1.3%	893.9 MB	61.6 MB
2308	9a/8e08c2	BGC_ANALYSIS:ANTISMASH_ANALYSIS:ANTISMASH (Erwinia_papayae_AJC124)	COMPLETED	0	2026-08-30 22:21:07.092	2026-08-30 22:21:07.190	2026-08-30 22:21:29.744	20.7s	2	6 GB	891.5 MB	7.9 GB	134.5%	1.5%	937.6 MB	63.3 MB
2301	05/64963b	BGC_ANALYSIS:ANTISMASH_ANALYSIS:ANTISMASH (Buchnera_aphidicola_Lachnus_tropicalis_Lt-NIBB)	COMPLETED	0	2026-08-30 22:21:22.763	2026-08-30 22:21:22.860	2026-08-30 22:21:30.045	5.1s	2	6 GB	202 MB	2.7 GB	110.1%	0.3%	238.9 MB	6.3 MB
2296	bb/e03392	BGC_ANALYSIS:ANTISMASH_ANALYSIS:ANTISMASH (Tatumella_terrea_CCUG_30161)	COMPLETED	0	2026-08-30 22:21:05.676	2026-08-30 22:21:05.773	2026-08-30 22:21:33.794	26.3s	2	6 GB	642.4 MB	7.7 GB	96.6%	1.0%	1.2 GB	58.7 MB
2303	dc/882329	BGC_ANALYSIS:ANTISMASH_ANALYSIS:ANTISMASH (Buchnera_aphidicola_Tuberolachnus_salignus_BTs)	COMPLETED	0	2026-08-30 22:21:30.048	2026-08-30 22:21:30.145	2026-08-30 22:21:39.067	7.2s	2	6 GB	430.1 MB	7.2 GB	110.1%	0.7%	264.4 MB	8.7 MB
2304	b3/de2a18	BGC_ANALYSIS:ANTISMASH_ANALYSIS:ANTISMASH (Candidatus_Erwinia_haradaeae_ErCipseudotaxifoliae)	COMPLETED	0	2026-08-30 22:21:29.747	2026-08-30 22:21:29.845	2026-08-30 22:21:39.306	7.7s	2	6 GB	467.3 MB	7.7 GB	106.5%	0.7%	280.5 MB	10.2 MB
2300	25/efa408	BGC_ANALYSIS:ANTISMASH_ANALYSIS:ANTISMASH (Buchnera_aphidicola_Cinara_pseudotaxifoliae_BCipseudotaxifoliae)	COMPLETED	0	2026-08-30 22:21:33.797	2026-08-30 22:21:33.893	2026-08-30 22:21:42.494	5.9s	2	6 GB	216.7 MB	2.7 GB	107.8%	0.3%	259.2 MB	5.9 MB
2297	a8/8f3ab1	BGC_ANALYSIS:ANTISMASH_ANALYSIS:ANTISMASH (Buchnera_aphidicola_BCifornacula)	COMPLETED	0	2026-08-30 22:21:39.070	2026-08-30 22:21:39.166	2026-08-30 22:21:46.704	5.4s	2	6 GB	198.8 MB	2.7 GB	113.3%	0.3%	259.1 MB	5.9 MB
2302	28/65ddcf	BGC_ANALYSIS:ANTISMASH_ANALYSIS:ANTISMASH (Buchnera_aphidicola_Pseudoregma_panicola_BuPpNGSK1)	COMPLETED	0	2026-08-30 22:21:39.310	2026-08-30 22:21:39.407	2026-08-30 22:21:47.068	5.6s	2	6 GB	202.7 MB	2.7 GB	110.4%	0.3%	261.9 MB	6.9 MB
2295	c0/288df1	BGC_ANALYSIS:ANTISMASH_ANALYSIS:ANTISMASH (Tatumella_punctata_CCUG_30159)	COMPLETED	0	2026-08-30 22:21:02.874	2026-08-30 22:21:02.972	2026-08-30 22:21:47.363	42.6s	2	6 GB	635.3 MB	7.7 GB	97.4%	1.0%	2.2 GB	82.1 MB
2298	de/7c21a3	BGC_ANALYSIS:ANTISMASH_ANALYSIS:ANTISMASH (Buchnera_aphidicola_Ceratovacuna_nekoashi_BuCnOKZK1)	COMPLETED	0	2026-08-30 22:21:42.497	2026-08-30 22:21:42.595	2026-08-30 22:21:50.199	5.7s	2	6 GB	198.6 MB	2.7 GB	106.6%	0.3%	260.6 MB	6.9 MB
2290	00/50891f	BGC_ANALYSIS:ANTISMASH_ANALYSIS:ANTISMASH (Pantoea_stewartii_subsp._indologenes_SJM_1_1)	COMPLETED	0	2026-08-30 22:20:59.282	2026-08-30 22:20:59.380	2026-08-30 22:21:52.989	51.7s	2	6 GB	4.6 GB	7.9 GB	124.3%	6.0%	10.9 GB	47.7 MB
2292	a9/045a5d	BGC_ANALYSIS:ANTISMASH_ANALYSIS:ANTISMASH (Pantoea_vagans_GM1)	COMPLETED	0	2026-08-30 22:20:59.449	2026-08-30 22:20:59.547	2026-08-30 22:21:56.690	55.3s	2	6 GB	3.3 GB	7.8 GB	131.3%	4.6%	17 GB	61.9 MB
2306	5a/5f2457	BGC_ANALYSIS:ANTISMASH_ANALYSIS:ANTISMASH (Candidatus_Pantoea_varia_OV426)	COMPLETED	0	2026-08-30 22:21:47.367	2026-08-30 22:21:47.463	2026-08-30 22:22:11.130	21.8s	2	6 GB	674.9 MB	7.7 GB	107.4%	1.2%	996.3 MB	55.9 MB
2318	5a/ad6f1e	BGC_ANALYSIS:ANTISMASH_ANALYSIS:ANTISMASH (Pantoea_agglomerans_A2_2)	COMPLETED	0	2026-08-30 22:21:56.694	2026-08-30 22:21:56.790	2026-08-30 22:22:12.975	14.2s	2	6 GB	611.8 MB	7.3 GB	133.8%	1.0%	673.2 MB	30.3 MB
2238	f1/cf99c5	BGC_ANALYSIS:ANTISMASH_ANALYSIS:ANTISMASH (Pantoea_agglomerans_E3_1)	COMPLETED	0	2026-08-30 22:15:14.185	2026-08-30 22:15:14.281	2026-08-30 22:22:21.535	7m 5s	2	6 GB	824.3 MB	7.9 GB	104.0%	1.3%	28.2 GB	729.2 MB
2313	58/ebcd6c	BGC_ANALYSIS:ANTISMASH_ANALYSIS:ANTISMASH (Erwinia_sp._ErVv1)	COMPLETED	0	2026-08-30 22:21:46.708	2026-08-30 22:21:46.804	2026-08-30 22:22:22.552	33.7s	2	6 GB	485.2 MB	7.7 GB	102.0%	0.7%	1.3 GB	55.3 MB
2321	cb/eb8863	BGC_ANALYSIS:ANTISMASH_ANALYSIS:ANTISMASH (Pantoea_agglomerans_C-143)	COMPLETED	0	2026-08-30 22:21:52.992	2026-08-30 22:21:53.089	2026-08-30 22:22:26.417	31.2s	2	6 GB	747.3 MB	7.8 GB	95.3%	1.2%	1.3 GB	72.2 MB
2315	0b/1e19f2	BGC_ANALYSIS:ANTISMASH_ANALYSIS:ANTISMASH (Erwinia_sp._PPS120_2)	COMPLETED	0	2026-08-30 22:21:50.203	2026-08-30 22:21:50.299	2026-08-30 22:22:31.185	39.1s	2	6 GB	726.9 MB	7.8 GB	94.9%	1.3%	1.8 GB	80.8 MB
2314	8f/e598eb	BGC_ANALYSIS:ANTISMASH_ANALYSIS:ANTISMASH (Erwinia_sp._PL328)	COMPLETED	0	2026-08-30 22:22:11.134	2026-08-30 22:22:11.230	2026-08-30 22:22:33.197	20.1s	2	6 GB	887.1 MB	7.9 GB	136.8%	1.5%	881.1 MB	63.4 MB
2311	0b/92a16b	BGC_ANALYSIS:ANTISMASH_ANALYSIS:ANTISMASH (Erwinia_persicina_CFBP9294)	COMPLETED	0	2026-08-30 22:22:12.978	2026-08-30 22:22:13.075	2026-08-30 22:22:37.619	22.8s	2	6 GB	656.3 MB	7.9 GB	133.0%	1.1%	894.1 MB	48.4 MB
2299	45/49b130	BGC_ANALYSIS:ANTISMASH_ANALYSIS:ANTISMASH (Buchnera_aphidicola_Cinara_confinis_BCiconfinis)	COMPLETED	0	2026-08-30 22:22:33.201	2026-08-30 22:22:33.297	2026-08-30 22:22:40.708	5.4s	2	6 GB	193.2 MB	2.7 GB	106.5%	0.3%	238.3 MB	5.3 MB
2310	fc/a50746	BGC_ANALYSIS:ANTISMASH_ANALYSIS:ANTISMASH (Erwinia_papayae_JY224)	COMPLETED	0	2026-08-30 22:22:22.555	2026-08-30 22:22:22.652	2026-08-30 22:22:45.130	20.6s	2	6 GB	800.5 MB	7.8 GB	132.4%	1.3%	936.1 MB	63.2 MB
2307	02/1b53b8	BGC_ANALYSIS:ANTISMASH_ANALYSIS:ANTISMASH (Erwinia_amylovora_LMG1877)	COMPLETED	0	2026-08-30 22:22:31.188	2026-08-30 22:22:31.286	2026-08-30 22:22:49.510	16.3s	2	6 GB	718.6 MB	7.8 GB	128.3%	1.2%	675 MB	46.8 MB
2319	e2/0e88eb	BGC_ANALYSIS:ANTISMASH_ANALYSIS:ANTISMASH (Pantoea_agglomerans_C-136)	COMPLETED	0	2026-08-30 22:22:21.538	2026-08-30 22:22:21.635	2026-08-30 22:22:52.182	28.8s	2	6 GB	783.4 MB	7.8 GB	102.8%	1.3%	1.3 GB	72.8 MB
2325	1f/b940ec	BGC_ANALYSIS:ANTISMASH_ANALYSIS:ANTISMASH (Pantoea_agglomerans_C-358)	COMPLETED	0	2026-08-30 22:22:40.711	2026-08-30 22:22:40.808	2026-08-30 22:23:01.261	18.6s	2	6 GB	825.7 MB	7.8 GB	120.5%	1.4%	840.5 MB	64.2 MB
2326	40/d79704	BGC_ANALYSIS:ANTISMASH_ANALYSIS:ANTISMASH (Pantoea_agglomerans_C-359)	COMPLETED	0	2026-08-30 22:22:45.133	2026-08-30 22:22:45.230	2026-08-30 22:23:04.733	17.5s	2	6 GB	815.4 MB	7.8 GB	128.0%	1.3%	722.1 MB	57.4 MB
2323	0a/21fee0	BGC_ANALYSIS:ANTISMASH_ANALYSIS:ANTISMASH (Pantoea_agglomerans_C-21)	COMPLETED	0	2026-08-30 22:22:37.623	2026-08-30 22:22:37.719	2026-08-30 22:23:08.710	29.1s	2	6 GB	758.6 MB	7.8 GB	95.3%	1.3%	1.2 GB	69.8 MB
2328	95/32b693	BGC_ANALYSIS:ANTISMASH_ANALYSIS:ANTISMASH (Pantoea_agglomerans_C-364)	COMPLETED	0	2026-08-30 22:23:01.265	2026-08-30 22:23:01.361	2026-08-30 22:23:20.549	17.4s	2	6 GB	808.7 MB	7.8 GB	130.1%	1.3%	754.2 MB	58.9 MB
2305	d0/34fdf2	BGC_ANALYSIS:ANTISMASH_ANALYSIS:ANTISMASH (Candidatus_Pantoea_symbiotica_YR512)	COMPLETED	0	2026-08-30 22:22:49.512	2026-08-30 22:22:49.610	2026-08-30 22:23:22.783	31.4s	2	6 GB	669.3 MB	7.7 GB	94.2%	1.1%	1.4 GB	69 MB
2320	d7/4c2356	BGC_ANALYSIS:ANTISMASH_ANALYSIS:ANTISMASH (Pantoea_agglomerans_C-142)	COMPLETED	0	2026-08-30 22:22:52.185	2026-08-30 22:22:52.282	2026-08-30 22:23:22.999	28.8s	2	6 GB	752.5 MB	7.8 GB	102.1%	1.3%	1.3 GB	73.9 MB
2329	78/ec14de	BGC_ANALYSIS:ANTISMASH_ANALYSIS:ANTISMASH (Pantoea_agglomerans_C-366)	COMPLETED	0	2026-08-30 22:23:04.736	2026-08-30 22:23:04.847	2026-08-30 22:23:23.040	16.4s	2	6 GB	839.9 MB	7.8 GB	124.3%	1.4%	700.9 MB	59.3 MB
2312	45/8f5648	BGC_ANALYSIS:ANTISMASH_ANALYSIS:ANTISMASH (Erwinia_rhapontici_VNIIKR-B-0065)	COMPLETED	0	2026-08-30 22:22:26.421	2026-08-30 22:22:26.517	2026-08-30 22:23:27.924	59.4s	2	6 GB	508.8 MB	7.8 GB	104.1%	0.8%	3 GB	100.6 MB
2317	76/4fe504	BGC_ANALYSIS:ANTISMASH_ANALYSIS:ANTISMASH (Izhakiella_capsodis_N6PO6)	COMPLETED	0	2026-08-30 22:23:08.715	2026-08-30 22:23:08.811	2026-08-30 22:23:34.649	24s	2	6 GB	598.9 MB	7.7 GB	98.0%	1.0%	1.1 GB	50.6 MB
2333	5b/5eb915	BGC_ANALYSIS:ANTISMASH_ANALYSIS:ANTISMASH (Pantoea_agglomerans_C-373)	COMPLETED	0	2026-08-30 22:23:23.003	2026-08-30 22:23:23.040	2026-08-30 22:23:41.102	16.3s	2	6 GB	806.7 MB	7.9 GB	120.0%	1.3%	660.4 MB	58.4 MB
2339	2c/b7cbe9	BGC_ANALYSIS:ANTISMASH_ANALYSIS:ANTISMASH (Pantoea_agglomerans_C-387)	COMPLETED	0	2026-08-30 22:23:20.552	2026-08-30 22:23:20.649	2026-08-30 22:23:41.972	19.5s	2	6 GB	821.9 MB	7.8 GB	132.3%	1.4%	859.1 MB	60.3 MB
2324	23/603c2e	BGC_ANALYSIS:ANTISMASH_ANALYSIS:ANTISMASH (Pantoea_agglomerans_C-332)	COMPLETED	0	2026-08-30 22:23:23.043	2026-08-30 22:23:23.140	2026-08-30 22:23:43.295	18.5s	2	6 GB	822.9 MB	7.8 GB	123.1%	1.4%	791.2 MB	60.5 MB
2338	56/d98063	BGC_ANALYSIS:ANTISMASH_ANALYSIS:ANTISMASH (Pantoea_agglomerans_C-386)	COMPLETED	0	2026-08-30 22:23:22.785	2026-08-30 22:23:22.883	2026-08-30 22:23:46.832	22.3s	2	6 GB	828.1 MB	7.8 GB	125.5%	1.3%	868.1 MB	61.3 MB
2330	09/d98740	BGC_ANALYSIS:ANTISMASH_ANALYSIS:ANTISMASH (Pantoea_agglomerans_C-367)	COMPLETED	0	2026-08-30 22:23:34.653	2026-08-30 22:23:34.750	2026-08-30 22:23:54.516	17.5s	2	6 GB	811.3 MB	7.8 GB	126.1%	1.3%	756.2 MB	58.9 MB
2316	85/223493	BGC_ANALYSIS:ANTISMASH_ANALYSIS:ANTISMASH (Erwinia_tracheiphila_DSM_21139)	COMPLETED	0	2026-08-30 22:21:47.072	2026-08-30 22:21:47.168	2026-08-30 22:24:00.328	2m 11s	2	6 GB	726.6 MB	7.8 GB	102.4%	1.3%	8.1 GB	228.1 MB
2332	65/377362	BGC_ANALYSIS:ANTISMASH_ANALYSIS:ANTISMASH (Pantoea_agglomerans_C-369)	COMPLETED	0	2026-08-30 22:23:41.976	2026-08-30 22:23:42.072	2026-08-30 22:24:00.801	16.9s	2	6 GB	799.1 MB	7.8 GB	129.0%	1.3%	713.5 MB	57 MB
2322	35/62aed9	BGC_ANALYSIS:ANTISMASH_ANALYSIS:ANTISMASH (Pantoea_agglomerans_C-193)	COMPLETED	0	2026-08-30 22:23:27.928	2026-08-30 22:23:28.025	2026-08-30 22:24:01.021	31s	2	6 GB	746.6 MB	7.8 GB	98.3%	1.2%	1.3 GB	72.2 MB
2327	49/48b4c2	BGC_ANALYSIS:ANTISMASH_ANALYSIS:ANTISMASH (Pantoea_agglomerans_C-362)	COMPLETED	0	2026-08-30 22:23:43.299	2026-08-30 22:23:43.395	2026-08-30 22:24:01.270	16.1s	2	6 GB	778.9 MB	7.8 GB	121.2%	1.3%	653.9 MB	58.3 MB
2341	e1/b20249	BGC_ANALYSIS:ANTISMASH_ANALYSIS:ANTISMASH (Pantoea_agglomerans_C-398)	COMPLETED	0	2026-08-30 22:23:41.105	2026-08-30 22:23:41.202	2026-08-30 22:24:02.175	19.1s	2	6 GB	808.4 MB	7.8 GB	131.2%	1.3%	835.9 MB	59.3 MB
2344	73/7f97d8	BGC_ANALYSIS:ANTISMASH_ANALYSIS:ANTISMASH (Pantoea_agglomerans_C-406)	COMPLETED	0	2026-08-30 22:23:46.835	2026-08-30 22:23:46.932	2026-08-30 22:24:09.317	20.5s	2	6 GB	802.8 MB	7.8 GB	123.9%	1.3%	878.8 MB	62.5 MB
2345	42/c78d80	BGC_ANALYSIS:ANTISMASH_ANALYSIS:ANTISMASH (Pantoea_agglomerans_C-410)	COMPLETED	0	2026-08-30 22:23:54.519	2026-08-30 22:23:54.616	2026-08-30 22:24:16.099	19.4s	2	6 GB	813.4 MB	7.8 GB	125.0%	1.3%	818.3 MB	57.8 MB
2336	bc/956cce	BGC_ANALYSIS:ANTISMASH_ANALYSIS:ANTISMASH (Pantoea_agglomerans_C-377)	COMPLETED	0	2026-08-30 22:24:00.331	2026-08-30 22:24:00.428	2026-08-30 22:24:18.798	16.5s	2	6 GB	840 MB	7.9 GB	118.2%	1.4%	666.3 MB	58.4 MB
2343	10/b37aa0	BGC_ANALYSIS:ANTISMASH_ANALYSIS:ANTISMASH (Pantoea_agglomerans_C-404)	COMPLETED	0	2026-08-30 22:24:00.804	2026-08-30 22:24:00.901	2026-08-30 22:24:21.924	19.2s	2	6 GB	795.7 MB	7.8 GB	128.9%	1.3%	826.2 MB	58.3 MB
2354	8d/96ece3	BGC_ANALYSIS:ANTISMASH_ANALYSIS:ANTISMASH (Pantoea_agglomerans_CFBP9279)	COMPLETED	0	2026-08-30 22:24:01.024	2026-08-30 22:24:01.121	2026-08-30 22:24:23.383	20.4s	2	6 GB	628.9 MB	7.9 GB	126.5%	1.1%	814.9 MB	44 MB
2353	a9/fd9965	BGC_ANALYSIS:ANTISMASH_ANALYSIS:ANTISMASH (Pantoea_agglomerans_C12)	COMPLETED	0	2026-08-30 22:24:02.177	2026-08-30 22:24:02.275	2026-08-30 22:24:24.200	19.9s	2	6 GB	794.7 MB	7.8 GB	127.7%	1.4%	839 MB	59.7 MB
2337	2d/df5359	BGC_ANALYSIS:ANTISMASH_ANALYSIS:ANTISMASH (Pantoea_agglomerans_C-38)	COMPLETED	0	2026-08-30 22:24:01.273	2026-08-30 22:24:01.370	2026-08-30 22:24:31.675	28.5s	2	6 GB	724.7 MB	7.8 GB	97.2%	1.3%	1.2 GB	69.6 MB
2334	b9/2ab0a2	BGC_ANALYSIS:ANTISMASH_ANALYSIS:ANTISMASH (Pantoea_agglomerans_C-374)	COMPLETED	0	2026-08-30 22:24:16.102	2026-08-30 22:24:16.200	2026-08-30 22:24:33.884	15.6s	2	6 GB	830.9 MB	7.9 GB	118.9%	1.3%	653.3 MB	58.3 MB
2352	40/7a4400	BGC_ANALYSIS:ANTISMASH_ANALYSIS:ANTISMASH (Pantoea_agglomerans_C-95)	COMPLETED	0	2026-08-30 22:24:09.319	2026-08-30 22:24:09.417	2026-08-30 22:24:43.468	32.1s	2	6 GB	741.1 MB	7.8 GB	93.3%	1.3%	1.3 GB	72.7 MB
2331	9a/e6f222	BGC_ANALYSIS:ANTISMASH_ANALYSIS:ANTISMASH (Pantoea_agglomerans_C-368)	COMPLETED	0	2026-08-30 22:24:23.386	2026-08-30 22:24:23.484	2026-08-30 22:24:44.244	19s	2	6 GB	810.6 MB	7.8 GB	128.9%	1.3%	832.3 MB	59.1 MB
2356	37/b56606	BGC_ANALYSIS:ANTISMASH_ANALYSIS:ANTISMASH (Pantoea_agglomerans_CFBP9288)	COMPLETED	0	2026-08-30 22:24:24.204	2026-08-30 22:24:24.300	2026-08-30 22:24:48.108	22s	2	6 GB	629.8 MB	7.9 GB	125.0%	1.0%	874.7 MB	46.6 MB
2351	3e/a1117d	BGC_ANALYSIS:ANTISMASH_ANALYSIS:ANTISMASH (Pantoea_agglomerans_C-88)	COMPLETED	0	2026-08-30 22:24:18.801	2026-08-30 22:24:18.898	2026-08-30 22:24:49.608	28.8s	2	6 GB	742.9 MB	7.8 GB	98.7%	1.3%	1.3 GB	73.2 MB
2346	80/5c6278	BGC_ANALYSIS:ANTISMASH_ANALYSIS:ANTISMASH (Pantoea_agglomerans_C-414)	COMPLETED	0	2026-08-30 22:24:31.679	2026-08-30 22:24:31.775	2026-08-30 22:24:52.681	19s	2	6 GB	777.5 MB	7.8 GB	128.5%	1.3%	827.1 MB	58.4 MB
2348	25/4640c4	BGC_ANALYSIS:ANTISMASH_ANALYSIS:ANTISMASH (Pantoea_agglomerans_C-422)	COMPLETED	0	2026-08-30 22:24:33.887	2026-08-30 22:24:33.984	2026-08-30 22:24:55.747	19.9s	2	6 GB	796.1 MB	7.8 GB	126.9%	1.3%	872 MB	61.6 MB
2342	4b/2ee962	BGC_ANALYSIS:ANTISMASH_ANALYSIS:ANTISMASH (Pantoea_agglomerans_C-401)	COMPLETED	0	2026-08-30 22:24:49.611	2026-08-30 22:24:49.708	2026-08-30 22:25:12.188	20.4s	2	6 GB	813.2 MB	7.8 GB	127.9%	1.3%	898.7 MB	62.7 MB
2349	02/040bd5	BGC_ANALYSIS:ANTISMASH_ANALYSIS:ANTISMASH (Pantoea_agglomerans_C-5)	COMPLETED	0	2026-08-30 22:24:43.471	2026-08-30 22:24:43.568	2026-08-30 22:25:13.049	27.6s	2	6 GB	721.6 MB	7.8 GB	95.2%	1.3%	1.1 GB	67.4 MB
2347	ac/01370b	BGC_ANALYSIS:ANTISMASH_ANALYSIS:ANTISMASH (Pantoea_agglomerans_C-416)	COMPLETED	0	2026-08-30 22:24:55.750	2026-08-30 22:24:55.848	2026-08-30 22:25:16.822	19.1s	2	6 GB	802.5 MB	7.8 GB	128.9%	1.3%	830.9 MB	59.1 MB
2350	95/b605be	BGC_ANALYSIS:ANTISMASH_ANALYSIS:ANTISMASH (Pantoea_agglomerans_C-8)	COMPLETED	0	2026-08-30 22:24:48.111	2026-08-30 22:24:48.208	2026-08-30 22:25:19.037	29s	2	6 GB	575.2 MB	7.3 GB	93.8%	1.0%	1.2 GB	69.6 MB
2367	77/255451	BGC_ANALYSIS:ANTISMASH_ANALYSIS:ANTISMASH (Pantoea_anthophila_P60106)	COMPLETED	0	2026-08-30 22:25:12.192	2026-08-30 22:25:12.288	2026-08-30 22:25:32.932	18.8s	2	6 GB	760.9 MB	7.8 GB	131.0%	1.2%	808.2 MB	56.5 MB
2340	94/9d3f7b	BGC_ANALYSIS:ANTISMASH_ANALYSIS:ANTISMASH (Pantoea_agglomerans_C-393)	COMPLETED	0	2026-08-30 22:25:13.052	2026-08-30 22:25:13.149	2026-08-30 22:25:35.693	20.8s	2	6 GB	795.8 MB	7.8 GB	128.6%	1.4%	878.4 MB	62.1 MB
2359	3b/dbed65	BGC_ANALYSIS:ANTISMASH_ANALYSIS:ANTISMASH (Pantoea_agglomerans_PK91_bin.39)	COMPLETED	0	2026-08-30 22:24:21.927	2026-08-30 22:24:22.024	2026-08-30 22:25:36.048	1m 12s	2	6 GB	515.4 MB	7.7 GB	106.5%	0.8%	3.7 GB	112.2 MB
2355	d6/36a892	BGC_ANALYSIS:ANTISMASH_ANALYSIS:ANTISMASH (Pantoea_agglomerans_CFBP9280)	COMPLETED	0	2026-08-30 22:25:19.039	2026-08-30 22:25:19.137	2026-08-30 22:25:42.945	21.8s	2	6 GB	619.8 MB	7.9 GB	124.5%	1.0%	796.4 MB	43.1 MB
2335	d2/952cc3	BGC_ANALYSIS:ANTISMASH_ANALYSIS:ANTISMASH (Pantoea_agglomerans_C-376)	COMPLETED	0	2026-08-30 22:24:52.683	2026-08-30 22:24:52.781	2026-08-30 22:25:43.282	48.7s	2	6 GB	4.8 GB	7.8 GB	122.9%	7.5%	14.2 GB	59.9 MB
2371	d5/381cc1	BGC_ANALYSIS:ANTISMASH_ANALYSIS:ANTISMASH (Pantoea_dispersa_WZ-008)	COMPLETED	0	2026-08-30 22:25:16.826	2026-08-30 22:25:16.923	2026-08-30 22:25:51.822	33.2s	2	6 GB	760.7 MB	7.8 GB	96.3%	1.3%	1.3 GB	74 MB
2363	4c/2443ee	BGC_ANALYSIS:ANTISMASH_ANALYSIS:ANTISMASH (Pantoea_ananatis_NFR11)	COMPLETED	0	2026-08-30 22:24:44.247	2026-08-30 22:24:44.344	2026-08-30 22:25:52.619	1m 6s	2	6 GB	4.7 GB	7.8 GB	122.3%	3.2%	20.4 GB	60.4 MB
2358	c2/8ac12f	BGC_ANALYSIS:ANTISMASH_ANALYSIS:ANTISMASH (Pantoea_agglomerans_NI-6)	COMPLETED	0	2026-08-30 22:25:32.937	2026-08-30 22:25:33.032	2026-08-30 22:25:54.350	19.2s	2	6 GB	795 MB	7.8 GB	127.7%	1.4%	826.8 MB	58.6 MB
2357	38/add13b	BGC_ANALYSIS:ANTISMASH_ANALYSIS:ANTISMASH (Pantoea_agglomerans_HPB_10265)	COMPLETED	0	2026-08-30 22:25:35.697	2026-08-30 22:25:35.793	2026-08-30 22:26:07.177	29.4s	2	6 GB	717.6 MB	7.8 GB	93.7%	1.3%	1.2 GB	70.2 MB
2361	d2/85f044	BGC_ANALYSIS:ANTISMASH_ANALYSIS:ANTISMASH (Pantoea_ananatis_KB2A)	COMPLETED	0	2026-08-30 22:25:36.051	2026-08-30 22:25:36.148	2026-08-30 22:26:07.290	29.1s	2	6 GB	730.1 MB	7.8 GB	96.1%	1.3%	1.2 GB	69.2 MB
2366	36/2d33f0	BGC_ANALYSIS:ANTISMASH_ANALYSIS:ANTISMASH (Pantoea_anthophila_Lm-2025-y)	COMPLETED	0	2026-08-30 22:25:52.622	2026-08-30 22:25:52.719	2026-08-30 22:26:14.371	19.9s	2	6 GB	744.7 MB	7.8 GB	125.8%	1.2%	848.4 MB	53.8 MB
2382	d4/147369	BGC_ANALYSIS:ANTISMASH_ANALYSIS:ANTISMASH (Pantoea_sp._X-Soil-ISGK-421)	COMPLETED	0	2026-08-30 22:25:54.353	2026-08-30 22:25:54.450	2026-08-30 22:26:17.650	21.3s	2	6 GB	806.8 MB	7.8 GB	128.9%	1.3%	879.2 MB	58.2 MB
2368	ef/89c725	BGC_ANALYSIS:ANTISMASH_ANALYSIS:ANTISMASH (Pantoea_dispersa_1611)	COMPLETED	0	2026-08-30 22:26:07.181	2026-08-30 22:26:07.278	2026-08-30 22:26:30.364	21.1s	2	6 GB	790 MB	7.8 GB	125.4%	1.3%	865.4 MB	57.5 MB
2381	7e/9b8300	BGC_ANALYSIS:ANTISMASH_ANALYSIS:ANTISMASH (Pantoea_sp._X-Soil-ISGK-355)	COMPLETED	0	2026-08-30 22:26:07.294	2026-08-30 22:26:07.390	2026-08-30 22:26:30.605	21.3s	2	6 GB	800.9 MB	7.8 GB	126.1%	1.3%	890.5 MB	57 MB
2362	d4/4f02b1	BGC_ANALYSIS:ANTISMASH_ANALYSIS:ANTISMASH (Pantoea_ananatis_NFIX48)	COMPLETED	0	2026-08-30 22:25:43.286	2026-08-30 22:25:43.382	2026-08-30 22:26:36.295	51s	2	6 GB	4.7 GB	7.8 GB	110.6%	4.5%	9.7 GB	56.6 MB
2378	0c/5285fc	BGC_ANALYSIS:ANTISMASH_ANALYSIS:ANTISMASH (Pantoea_sp._X-Soil-ISGK-275)	COMPLETED	0	2026-08-30 22:26:14.376	2026-08-30 22:26:14.471	2026-08-30 22:26:37.633	21s	2	6 GB	755.4 MB	7.8 GB	125.0%	1.3%	899.5 MB	59.6 MB
2377	cb/8b6575	BGC_ANALYSIS:ANTISMASH_ANALYSIS:ANTISMASH (Pantoea_sp._X-Soil-ISGK-259)	COMPLETED	0	2026-08-30 22:26:17.653	2026-08-30 22:26:17.750	2026-08-30 22:26:40.369	20.5s	2	6 GB	797.6 MB	7.8 GB	129.5%	1.3%	846.5 MB	55.2 MB
2364	85/f2c105	BGC_ANALYSIS:ANTISMASH_ANALYSIS:ANTISMASH (Pantoea_ananatis_RP1)	COMPLETED	0	2026-08-30 22:25:51.826	2026-08-30 22:25:51.922	2026-08-30 22:26:42.529	48.9s	2	6 GB	4.6 GB	7.5 GB	123.8%	5.7%	9.8 GB	32.7 MB
2360	79/d94dc4	BGC_ANALYSIS:ANTISMASH_ANALYSIS:ANTISMASH (Pantoea_allii_KB4)	COMPLETED	0	2026-08-30 22:25:42.948	2026-08-30 22:25:43.045	2026-08-30 22:26:45.001	60s	2	6 GB	4.8 GB	7.8 GB	109.9%	8.1%	11.5 GB	76.8 MB
2380	6e/810466	BGC_ANALYSIS:ANTISMASH_ANALYSIS:ANTISMASH (Pantoea_sp._X-Soil-ISGK-313)	COMPLETED	0	2026-08-30 22:26:30.368	2026-08-30 22:26:30.464	2026-08-30 22:26:52.745	20.1s	2	6 GB	794.2 MB	7.8 GB	126.7%	1.3%	854 MB	55.5 MB
2379	40/305489	BGC_ANALYSIS:ANTISMASH_ANALYSIS:ANTISMASH (Pantoea_sp._X-Soil-ISGK-285)	COMPLETED	0	2026-08-30 22:26:30.608	2026-08-30 22:26:30.706	2026-08-30 22:26:53.103	20.2s	2	6 GB	806.6 MB	7.8 GB	128.3%	1.3%	857.1 MB	55.9 MB
2365	25/3519c4	BGC_ANALYSIS:ANTISMASH_ANALYSIS:ANTISMASH (Pantoea_anthophila_Lm-2025-w)	COMPLETED	0	2026-08-30 22:26:36.300	2026-08-30 22:26:36.395	2026-08-30 22:26:56.742	18.5s	2	6 GB	756.8 MB	7.8 GB	125.5%	1.3%	772.3 MB	48.5 MB
2384	e7/55961f	BGC_ANALYSIS:ANTISMASH_ANALYSIS:ANTISMASH (Pantoea_sp._X-Soil-MYKO-1785)	COMPLETED	0	2026-08-30 22:26:37.637	2026-08-30 22:26:37.733	2026-08-30 22:27:01.169	21.5s	2	6 GB	795.5 MB	7.8 GB	124.4%	1.3%	911.1 MB	60.5 MB
2372	8f/4a943e	BGC_ANALYSIS:ANTISMASH_ANALYSIS:ANTISMASH (Pantoea_eucalypti_NFPP29)	COMPLETED	0	2026-08-30 22:26:45.018	2026-08-30 22:26:45.101	2026-08-30 22:27:10.461	23.3s	2	6 GB	653.6 MB	7.7 GB	97.5%	1.0%	958.2 MB	52.5 MB
2388	94/b38cd4	BGC_ANALYSIS:ANTISMASH_ANALYSIS:ANTISMASH (Pantoea_sp._X-Soil-TKNS-1211)	COMPLETED	0	2026-08-30 22:26:42.550	2026-08-30 22:26:42.629	2026-08-30 22:27:10.792	26s	2	6 GB	862.1 MB	7.9 GB	126.2%	1.5%	1 GB	71.2 MB
2389	80/032e96	BGC_ANALYSIS:ANTISMASH_ANALYSIS:ANTISMASH (Pantoea_sp._X-Soil-TKNS-1279)	COMPLETED	0	2026-08-30 22:26:53.107	2026-08-30 22:26:53.203	2026-08-30 22:27:19.383	24.1s	2	6 GB	836.9 MB	7.8 GB	125.5%	1.4%	1013.9 MB	67 MB
2387	29/d171ed	BGC_ANALYSIS:ANTISMASH_ANALYSIS:ANTISMASH (Pantoea_sp._X-Soil-TKNS-1207)	COMPLETED	0	2026-08-30 22:26:56.745	2026-08-30 22:26:56.842	2026-08-30 22:27:22.741	23.9s	2	6 GB	835.9 MB	7.8 GB	127.4%	1.4%	1003.7 MB	67.2 MB
2370	eb/87e18f	BGC_ANALYSIS:ANTISMASH_ANALYSIS:ANTISMASH (Pantoea_dispersa_WZ-007)	COMPLETED	0	2026-08-30 22:26:52.752	2026-08-30 22:26:52.846	2026-08-30 22:27:26.560	31.6s	2	6 GB	732 MB	7.8 GB	97.0%	1.3%	1.4 GB	74.6 MB
2396	b6/97f17f	BGC_ANALYSIS:ANTISMASH_ANALYSIS:ANTISMASH (Rosenbergiella_nectarea_8N4)	COMPLETED	0	2026-08-30 22:27:01.172	2026-08-30 22:27:01.269	2026-08-30 22:27:27.385	24.3s	2	6 GB	583.9 MB	7.7 GB	96.0%	1.0%	1.1 GB	49.7 MB
2369	72/0c41be	BGC_ANALYSIS:ANTISMASH_ANALYSIS:ANTISMASH (Pantoea_dispersa_HPB_9127)	COMPLETED	0	2026-08-30 22:26:40.372	2026-08-30 22:26:40.469	2026-08-30 22:27:30.682	48.3s	2	6 GB	690.5 MB	7.8 GB	96.3%	1.3%	2.4 GB	98.6 MB
2374	fe/13e5d5	BGC_ANALYSIS:ANTISMASH_ANALYSIS:ANTISMASH (Pantoea_septica_2116-01_bin.8)	COMPLETED	0	2026-08-30 22:27:10.464	2026-08-30 22:27:10.561	2026-08-30 22:27:41.812	29.4s	2	6 GB	677.4 MB	7.7 GB	92.9%	1.2%	1.3 GB	68.9 MB
2394	e2/401b02	BGC_ANALYSIS:ANTISMASH_ANALYSIS:ANTISMASH (Pantoea_sp._YR525)	COMPLETED	0	2026-08-30 22:27:10.795	2026-08-30 22:27:10.892	2026-08-30 22:27:43.998	31.2s	2	6 GB	683.4 MB	7.7 GB	94.4%	1.2%	1.4 GB	68.9 MB
2375	87/fd9107	BGC_ANALYSIS:ANTISMASH_ANALYSIS:ANTISMASH (Pantoea_sp._Ae19-2)	COMPLETED	0	2026-08-30 22:27:22.744	2026-08-30 22:27:22.841	2026-08-30 22:27:46.419	21.7s	2	6 GB	859.4 MB	7.9 GB	125.4%	1.5%	986.9 MB	65.8 MB
2386	90/966def	BGC_ANALYSIS:ANTISMASH_ANALYSIS:ANTISMASH (Pantoea_sp._X-Soil-OKNW-713)	COMPLETED	0	2026-08-30 22:27:27.388	2026-08-30 22:27:27.485	2026-08-30 22:27:51.402	22.1s	2	6 GB	851.6 MB	7.9 GB	130.8%	1.4%	1011 MB	66.9 MB
2376	40/0ad900	BGC_ANALYSIS:ANTISMASH_ANALYSIS:ANTISMASH (Pantoea_sp._GQ186)	COMPLETED	0	2026-08-30 22:27:26.563	2026-08-30 22:27:26.660	2026-08-30 22:27:51.855	23.5s	2	6 GB	692.5 MB	7.8 GB	101.2%	1.2%	1.1 GB	59.4 MB
2385	94/5ddac5	BGC_ANALYSIS:ANTISMASH_ANALYSIS:ANTISMASH (Pantoea_sp._X-Soil-OKNW-556)	COMPLETED	0	2026-08-30 22:27:30.685	2026-08-30 22:27:30.782	2026-08-30 22:27:56.008	23.4s	2	6 GB	792.3 MB	7.8 GB	125.5%	1.3%	1 GB	69.4 MB
2383	67/ed3c16	BGC_ANALYSIS:ANTISMASH_ANALYSIS:ANTISMASH (Pantoea_sp._X-Soil-MYKO-1289)	COMPLETED	0	2026-08-30 22:27:41.816	2026-08-30 22:27:41.912	2026-08-30 22:28:03.216	19.4s	2	6 GB	790.9 MB	7.8 GB	126.0%	1.4%	845.9 MB	55.7 MB
2391	9a/1bb923	BGC_ANALYSIS:ANTISMASH_ANALYSIS:ANTISMASH (Pantoea_sp._X-Soil-YNGN-775)	COMPLETED	0	2026-08-30 22:27:44.010	2026-08-30 22:27:44.099	2026-08-30 22:28:05.695	19.8s	2	6 GB	803.2 MB	7.8 GB	128.4%	1.3%	875.6 MB	58.4 MB
2393	e4/c08e71	BGC_ANALYSIS:ANTISMASH_ANALYSIS:ANTISMASH (Pantoea_sp._X-Soil-YNGN-844)	COMPLETED	0	2026-08-30 22:27:51.405	2026-08-30 22:27:51.502	2026-08-30 22:28:12.872	19.4s	2	6 GB	787.9 MB	7.8 GB	129.0%	1.4%	854 MB	55.2 MB
2392	bc/852f8e	BGC_ANALYSIS:ANTISMASH_ANALYSIS:ANTISMASH (Pantoea_sp._X-Soil-YNGN-785)	COMPLETED	0	2026-08-30 22:27:51.858	2026-08-30 22:27:51.956	2026-08-30 22:28:12.937	19.1s	2	6 GB	793.5 MB	7.8 GB	130.3%	1.3%	833.2 MB	55.1 MB
2390	5f/a4b5fc	BGC_ANALYSIS:ANTISMASH_ANALYSIS:ANTISMASH (Pantoea_sp._X-Soil-TKNS-1280)	COMPLETED	0	2026-08-30 22:27:46.421	2026-08-30 22:27:46.519	2026-08-30 22:28:12.950	24.5s	2	6 GB	852.9 MB	7.9 GB	124.9%	1.4%	1.1 GB	72.6 MB
2395	25/bc3665	BGC_ANALYSIS:ANTISMASH_ANALYSIS:ANTISMASH (Pantoea_vagans_OT42024)	COMPLETED	0	2026-08-30 22:27:56.011	2026-08-30 22:27:56.108	2026-08-30 22:28:18.129	20.1s	2	6 GB	811.3 MB	7.9 GB	123.3%	1.3%	930.6 MB	65.3 MB
2399	07/8d55dd	BGC_ANALYSIS:ANTISMASH_ANALYSIS:ANTISMASH (Candidatus_Pantoea_communis_C1H5)	COMPLETED	0	2026-08-30 22:28:05.698	2026-08-30 22:28:05.795	2026-08-30 22:28:30.400	22.7s	2	6 GB	850.5 MB	7.9 GB	129.6%	1.4%	951.5 MB	69.9 MB
2409	d5/023f9b	BGC_ANALYSIS:ANTISMASH_ANALYSIS:ANTISMASH (Erwinia_mallotivora_Goto_AM-2)	COMPLETED	0	2026-08-30 22:28:03.219	2026-08-30 22:28:03.316	2026-08-30 22:28:30.496	25.1s	2	6 GB	860.7 MB	7.9 GB	125.8%	1.4%	1.2 GB	71.4 MB
2412	8c/dc8747	BGC_ANALYSIS:ANTISMASH_ANALYSIS:ANTISMASH (Erwinia_papayae_CFBP_5292)	COMPLETED	0	2026-08-30 22:28:12.940	2026-08-30 22:28:12.950	2026-08-30 22:28:34.233	19.5s	2	6 GB	794 MB	7.8 GB	131.4%	1.3%	785 MB	55.8 MB
2373	9e/2595e7	BGC_ANALYSIS:ANTISMASH_ANALYSIS:ANTISMASH (Pantoea_piersonii_2146-01_bin.4)	COMPLETED	0	2026-08-30 22:27:19.387	2026-08-30 22:27:19.484	2026-08-30 22:28:35.206	1m 14s	2	6 GB	687.9 MB	7.7 GB	98.1%	1.2%	4 GB	136.9 MB
2398	f4/de3663	BGC_ANALYSIS:ANTISMASH_ANALYSIS:ANTISMASH (Candidatus_Pantoea_communis_C11G1)	COMPLETED	0	2026-08-30 22:28:12.875	2026-08-30 22:28:12.937	2026-08-30 22:28:36.221	21.4s	2	6 GB	826.8 MB	7.8 GB	125.6%	1.3%	904.1 MB	65.4 MB
2402	92/5156b2	BGC_ANALYSIS:ANTISMASH_ANALYSIS:ANTISMASH (Candidatus_Pantoea_communis_C8E12)	COMPLETED	0	2026-08-30 22:28:18.133	2026-08-30 22:28:18.229	2026-08-30 22:28:41.890	21.6s	2	6 GB	820.7 MB	7.8 GB	122.3%	1.3%	912.4 MB	66.2 MB
2405	91/81d731	BGC_ANALYSIS:ANTISMASH_ANALYSIS:ANTISMASH (Erwinia_aphidicola_MTU21_ERW-16)	COMPLETED	0	2026-08-30 22:28:12.953	2026-08-30 22:28:13.050	2026-08-30 22:28:46.802	31.9s	2	6 GB	491.1 MB	7.7 GB	100.6%	0.7%	1.2 GB	54.3 MB
2411	85/2c19c9	BGC_ANALYSIS:ANTISMASH_ANALYSIS:ANTISMASH (Erwinia_papayae_ACC126)	COMPLETED	0	2026-08-30 22:28:30.500	2026-08-30 22:28:30.596	2026-08-30 22:28:54.178	21.6s	2	6 GB	814 MB	7.8 GB	124.1%	1.4%	979.9 MB	66 MB
2419	8d/35204c	BGC_ANALYSIS:ANTISMASH_ANALYSIS:ANTISMASH (Erwinia_sp._AK-PDG3-5)	COMPLETED	0	2026-08-30 22:28:36.224	2026-08-30 22:28:36.321	2026-08-30 22:28:54.438	16.4s	2	6 GB	643 MB	7.4 GB	138.1%	1.1%	775.5 MB	36.2 MB
2410	bd/1ebbb1	BGC_ANALYSIS:ANTISMASH_ANALYSIS:ANTISMASH (Erwinia_mallotivora_Goto_AM-5)	COMPLETED	0	2026-08-30 22:28:30.404	2026-08-30 22:28:30.496	2026-08-30 22:28:55.992	23.5s	2	6 GB	752.8 MB	7.8 GB	105.0%	1.3%	992 MB	63.9 MB
2397	78/035784	BGC_ANALYSIS:ANTISMASH_ANALYSIS:ANTISMASH (Candidatus_Pantoea_communis_C11D8)	COMPLETED	0	2026-08-30 22:28:35.209	2026-08-30 22:28:35.307	2026-08-30 22:28:58.675	21.5s	2	6 GB	856.5 MB	7.9 GB	128.1%	1.5%	937.5 MB	67.1 MB
2403	20/7621c3	BGC_ANALYSIS:ANTISMASH_ANALYSIS:ANTISMASH (Candidatus_Pantoea_communis_C9B8)	COMPLETED	0	2026-08-30 22:28:46.805	2026-08-30 22:28:46.902	2026-08-30 22:29:12.292	23.3s	2	6 GB	858.4 MB	7.9 GB	125.1%	1.5%	968.6 MB	69.7 MB
2408	ff/b12204	BGC_ANALYSIS:ANTISMASH_ANALYSIS:ANTISMASH (Erwinia_billingiae__127)	COMPLETED	0	2026-08-30 22:28:41.893	2026-08-30 22:28:41.989	2026-08-30 22:29:13.228	29.2s	2	6 GB	743.3 MB	7.8 GB	100.5%	1.2%	1.3 GB	70.6 MB
2404	b0/3cedd3	BGC_ANALYSIS:ANTISMASH_ANALYSIS:ANTISMASH (Candidatus_Pantoea_symbiotica_C8G10)	COMPLETED	0	2026-08-30 22:28:55.995	2026-08-30 22:28:56.092	2026-08-30 22:29:19.232	21.3s	2	6 GB	837.1 MB	7.8 GB	125.6%	1.4%	925.6 MB	66.4 MB
2424	23/426ba1	BGC_ANALYSIS:ANTISMASH_ANALYSIS:ANTISMASH (Pantoea_agglomerans_1L-A-1-B-C4)	COMPLETED	0	2026-08-30 22:28:54.182	2026-08-30 22:28:54.279	2026-08-30 22:29:20.343	24.3s	2	6 GB	699.7 MB	7.8 GB	98.1%	1.2%	1 GB	60.4 MB
2423	8f/13b452	BGC_ANALYSIS:ANTISMASH_ANALYSIS:ANTISMASH (Pantoea_agglomerans_1L-A-1-B-C3)	COMPLETED	0	2026-08-30 22:28:54.441	2026-08-30 22:28:54.538	2026-08-30 22:29:20.520	24.2s	2	6 GB	685.7 MB	7.7 GB	97.6%	1.2%	1 GB	60.5 MB
2401	9b/52200a	BGC_ANALYSIS:ANTISMASH_ANALYSIS:ANTISMASH (Candidatus_Pantoea_communis_C3A8)	COMPLETED	0	2026-08-30 22:28:58.677	2026-08-30 22:28:58.775	2026-08-30 22:29:22.561	21.8s	2	6 GB	851.5 MB	7.8 GB	124.3%	1.4%	968.2 MB	68.5 MB
2420	a2/f06124	BGC_ANALYSIS:ANTISMASH_ANALYSIS:ANTISMASH (Erwinia_sp._JUb26_KH_042)	COMPLETED	0	2026-08-30 22:29:12.296	2026-08-30 22:29:12.392	2026-08-30 22:29:35.890	21.6s	2	6 GB	881.8 MB	7.9 GB	132.8%	1.5%	897.1 MB	66.4 MB
2413	da/c7f93e	BGC_ANALYSIS:ANTISMASH_ANALYSIS:ANTISMASH (Erwinia_papayae_CFBP_5300)	COMPLETED	0	2026-08-30 22:29:13.232	2026-08-30 22:29:13.328	2026-08-30 22:29:41.512	26.3s	2	6 GB	849.8 MB	7.9 GB	114.9%	1.4%	1.1 GB	72.9 MB
2418	7b/84a4bc	BGC_ANALYSIS:ANTISMASH_ANALYSIS:ANTISMASH (Erwinia_sp._2186)	COMPLETED	0	2026-08-30 22:29:20.523	2026-08-30 22:29:20.620	2026-08-30 22:29:41.676	19.2s	2	6 GB	866.5 MB	7.9 GB	135.8%	1.4%	885.9 MB	63.2 MB
2426	4a/8ce15a	BGC_ANALYSIS:ANTISMASH_ANALYSIS:ANTISMASH (Pantoea_agglomerans_1L-A-7-B-C4)	COMPLETED	0	2026-08-30 22:29:19.235	2026-08-30 22:29:19.332	2026-08-30 22:29:48.050	27s	2	6 GB	720 MB	7.8 GB	97.3%	1.3%	1.1 GB	64.2 MB
2406	f3/334ce6	BGC_ANALYSIS:ANTISMASH_ANALYSIS:ANTISMASH (Erwinia_billingiae_AC7)	COMPLETED	0	2026-08-30 22:29:22.564	2026-08-30 22:29:22.661	2026-08-30 22:29:48.396	24s	2	6 GB	853.8 MB	7.9 GB	114.8%	1.3%	1 GB	69.1 MB
2415	c8/e021d3	BGC_ANALYSIS:ANTISMASH_ANALYSIS:ANTISMASH (Erwinia_papayae_JT019)	COMPLETED	0	2026-08-30 22:29:20.346	2026-08-30 22:29:20.443	2026-08-30 22:29:52.524	30.2s	2	6 GB	704.3 MB	7.8 GB	96.3%	1.3%	1.3 GB	73.6 MB
2400	82/87edd5	BGC_ANALYSIS:ANTISMASH_ANALYSIS:ANTISMASH (Candidatus_Pantoea_communis_C1H9)	COMPLETED	0	2026-08-30 22:29:41.679	2026-08-30 22:29:41.777	2026-08-30 22:30:06.762	23.1s	2	6 GB	852.4 MB	7.9 GB	128.0%	1.4%	973.5 MB	70.3 MB
2414	5a/a83b5f	BGC_ANALYSIS:ANTISMASH_ANALYSIS:ANTISMASH (Erwinia_papayae_CFBP_6529)	COMPLETED	0	2026-08-30 22:29:41.515	2026-08-30 22:29:41.612	2026-08-30 22:30:09.356	25.9s	2	6 GB	825 MB	7.9 GB	118.0%	1.3%	1.1 GB	73.8 MB
2416	e2/9f03d9	BGC_ANALYSIS:ANTISMASH_ANALYSIS:ANTISMASH (Erwinia_persicina_P4.1)	COMPLETED	0	2026-08-30 22:29:48.054	2026-08-30 22:29:48.150	2026-08-30 22:30:09.803	19.8s	2	6 GB	858.4 MB	7.9 GB	132.2%	1.4%	820.3 MB	59.1 MB
2438	2e/59b172	BGC_ANALYSIS:ANTISMASH_ANALYSIS:ANTISMASH (Pantoea_allii_KH_010)	COMPLETED	0	2026-08-30 22:29:52.527	2026-08-30 22:29:52.624	2026-08-30 22:30:15.535	21s	2	6 GB	863.7 MB	7.9 GB	128.8%	1.4%	930.7 MB	65.6 MB
2417	ff/f7cbdf	BGC_ANALYSIS:ANTISMASH_ANALYSIS:ANTISMASH (Erwinia_sp._009765445)	COMPLETED	0	2026-08-30 22:29:35.893	2026-08-30 22:29:35.990	2026-08-30 22:30:16.769	38.8s	2	6 GB	680.2 MB	7.7 GB	96.1%	1.1%	1.8 GB	87.1 MB
2421	a3/c4de47	BGC_ANALYSIS:ANTISMASH_ANALYSIS:ANTISMASH (Erwinia_typographi_AC8)	COMPLETED	0	2026-08-30 22:29:48.399	2026-08-30 22:29:48.496	2026-08-30 22:30:26.534	36.2s	2	6 GB	761.8 MB	7.8 GB	94.1%	1.3%	1.7 GB	82.7 MB
2425	98/be002b	BGC_ANALYSIS:ANTISMASH_ANALYSIS:ANTISMASH (Pantoea_agglomerans_1L-A-7-B-C3)	COMPLETED	0	2026-08-30 22:30:06.765	2026-08-30 22:30:06.862	2026-08-30 22:30:35.178	26.5s	2	6 GB	738.1 MB	7.8 GB	96.9%	1.3%	1.1 GB	64.7 MB
2434	53/9c1e9e	BGC_ANALYSIS:ANTISMASH_ANALYSIS:ANTISMASH (Pantoea_agglomerans_KH_036)	COMPLETED	0	2026-08-30 22:30:15.538	2026-08-30 22:30:15.636	2026-08-30 22:30:36.900	19.4s	2	6 GB	819.9 MB	7.8 GB	128.5%	1.3%	861.7 MB	60.7 MB
2407	00/cb1963	BGC_ANALYSIS:ANTISMASH_ANALYSIS:ANTISMASH (Erwinia_billingiae_MEGAHIT-MaxBin2-AKF.240)	COMPLETED	0	2026-08-30 22:28:34.236	2026-08-30 22:28:34.333	2026-08-30 22:30:41.131	2m 5s	2	6 GB	477.5 MB	7.6 GB	109.5%	0.7%	7 GB	192 MB
2437	09/5e4dd0	BGC_ANALYSIS:ANTISMASH_ANALYSIS:ANTISMASH (Pantoea_agglomerans__133)	COMPLETED	0	2026-08-30 22:30:16.773	2026-08-30 22:30:16.869	2026-08-30 22:30:44.986	26.2s	2	6 GB	754.7 MB	7.8 GB	96.9%	1.3%	1.1 GB	65.5 MB
2442	7e/ac1b65	BGC_ANALYSIS:ANTISMASH_ANALYSIS:ANTISMASH (Pantoea_ananatis_JEL0890)	COMPLETED	0	2026-08-30 22:30:26.537	2026-08-30 22:30:26.634	2026-08-30 22:30:46.806	18.2s	2	6 GB	840.6 MB	7.8 GB	127.2%	1.4%	854.8 MB	61.3 MB
2422	99/85d18d	BGC_ANALYSIS:ANTISMASH_ANALYSIS:ANTISMASH (Erwinia_typographi_CA1A)	COMPLETED	0	2026-08-30 22:30:09.358	2026-08-30 22:30:09.455	2026-08-30 22:30:47.948	36.6s	2	6 GB	786.6 MB	7.8 GB	92.6%	1.3%	1.6 GB	83.3 MB
2439	63/d23a58	BGC_ANALYSIS:ANTISMASH_ANALYSIS:ANTISMASH (Pantoea_ananatis_31npA-Arg1)	COMPLETED	0	2026-08-30 22:30:09.807	2026-08-30 22:30:09.903	2026-08-30 22:30:53.242	41.5s	2	6 GB	3.4 GB	7.8 GB	125.2%	4.2%	9.5 GB	62.5 MB
2433	5f/6cdb00	BGC_ANALYSIS:ANTISMASH_ANALYSIS:ANTISMASH (Pantoea_agglomerans_KH_008)	COMPLETED	0	2026-08-30 22:30:35.181	2026-08-30 22:30:35.279	2026-08-30 22:30:57.354	20.3s	2	6 GB	818.7 MB	7.8 GB	121.8%	1.3%	904.5 MB	63.3 MB
2440	69/49b5f9	BGC_ANALYSIS:ANTISMASH_ANALYSIS:ANTISMASH (Pantoea_ananatis_AR358)	COMPLETED	0	2026-08-30 22:30:41.134	2026-08-30 22:30:41.231	2026-08-30 22:31:03.044	19.8s	2	6 GB	799.6 MB	7.8 GB	129.5%	1.3%	879.4 MB	62.1 MB
2436	a7/00291b	BGC_ANALYSIS:ANTISMASH_ANALYSIS:ANTISMASH (Pantoea_agglomerans_PME40.26_002)	COMPLETED	0	2026-08-30 22:30:36.904	2026-08-30 22:30:37.000	2026-08-30 22:31:07.309	28.5s	2	6 GB	719 MB	7.8 GB	92.5%	1.3%	1.2 GB	67.8 MB
2446	6f/0df7b1	BGC_ANALYSIS:ANTISMASH_ANALYSIS:ANTISMASH (Pantoea_ananatis_NMPA19)	COMPLETED	0	2026-08-30 22:30:44.990	2026-08-30 22:30:45.085	2026-08-30 22:31:14.184	27.3s	2	6 GB	756.7 MB	7.8 GB	99.5%	1.3%	1.2 GB	68.6 MB
2435	fb/678fb0	BGC_ANALYSIS:ANTISMASH_ANALYSIS:ANTISMASH (Pantoea_agglomerans_PME37.24_025)	COMPLETED	0	2026-08-30 22:30:46.809	2026-08-30 22:30:46.906	2026-08-30 22:31:17.509	28.7s	2	6 GB	688.3 MB	7.7 GB	95.7%	1.3%	1.3 GB	70.2 MB
2441	dc/f2c255	BGC_ANALYSIS:ANTISMASH_ANALYSIS:ANTISMASH (Pantoea_ananatis_JEL0889)	COMPLETED	0	2026-08-30 22:31:03.047	2026-08-30 22:31:03.144	2026-08-30 22:31:21.999	17s	2	6 GB	869.2 MB	7.9 GB	124.0%	1.5%	741.2 MB	60.3 MB
2447	ef/35902a	BGC_ANALYSIS:ANTISMASH_ANALYSIS:ANTISMASH (Pantoea_ananatis_NSTU_AG_1)	COMPLETED	0	2026-08-30 22:30:47.951	2026-08-30 22:30:48.048	2026-08-30 22:31:22.247	32.4s	2	6 GB	480.3 MB	7.7 GB	101.2%	0.7%	1.5 GB	59 MB
2448	7e/a9dd84	BGC_ANALYSIS:ANTISMASH_ANALYSIS:ANTISMASH (Pantoea_ananatis_NSTU_AG_3)	COMPLETED	0	2026-08-30 22:30:53.247	2026-08-30 22:30:53.343	2026-08-30 22:31:23.746	28.3s	2	6 GB	497.7 MB	7.7 GB	102.7%	0.8%	1.3 GB	53.1 MB
2427	c6/60ac08	BGC_ANALYSIS:ANTISMASH_ANALYSIS:ANTISMASH (Pantoea_agglomerans_1L-D-1-B-C1)	COMPLETED	0	2026-08-30 22:31:07.313	2026-08-30 22:31:07.409	2026-08-30 22:31:31.796	22.7s	2	6 GB	692.4 MB	7.7 GB	104.4%	1.2%	980.1 MB	59.7 MB
2455	25/b1c72a	BGC_ANALYSIS:ANTISMASH_ANALYSIS:ANTISMASH (Pantoea_ananatis_PP103)	COMPLETED	0	2026-08-30 22:31:22.003	2026-08-30 22:31:22.100	2026-08-30 22:31:43.836	20.1s	2	6 GB	767.7 MB	7.8 GB	126.4%	1.3%	822 MB	58.4 MB
2445	e0/33c4aa	BGC_ANALYSIS:ANTISMASH_ANALYSIS:ANTISMASH (Pantoea_ananatis_JEL0893)	COMPLETED	0	2026-08-30 22:31:22.250	2026-08-30 22:31:22.347	2026-08-30 22:31:45.703	21.7s	2	6 GB	706.8 MB	7.8 GB	113.0%	1.3%	936.4 MB	63 MB
2443	3e/e403f6	BGC_ANALYSIS:ANTISMASH_ANALYSIS:ANTISMASH (Pantoea_ananatis_JEL0891)	COMPLETED	0	2026-08-30 22:30:57.357	2026-08-30 22:30:57.455	2026-08-30 22:31:48.314	49s	2	6 GB	3.4 GB	7.8 GB	118.0%	4.4%	9.7 GB	69.5 MB
2429	ac/2987b8	BGC_ANALYSIS:ANTISMASH_ANALYSIS:ANTISMASH (Pantoea_agglomerans_F14_MAG_3)	COMPLETED	0	2026-08-30 22:31:43.842	2026-08-30 22:31:43.936	2026-08-30 22:32:01.681	15.3s	2	6 GB	599.4 MB	7.3 GB	135.1%	1.1%	674 MB	30.4 MB
2444	97/7da64b	BGC_ANALYSIS:ANTISMASH_ANALYSIS:ANTISMASH (Pantoea_ananatis_JEL0892)	COMPLETED	0	2026-08-30 22:31:17.512	2026-08-30 22:31:17.609	2026-08-30 22:32:08.340	48.8s	2	6 GB	4.7 GB	7.8 GB	122.6%	7.0%	9.4 GB	59.2 MB
2449	3a/4f5db9	BGC_ANALYSIS:ANTISMASH_ANALYSIS:ANTISMASH (Pantoea_ananatis_NSTU_AG_4)	COMPLETED	0	2026-08-30 22:31:31.799	2026-08-30 22:31:31.896	2026-08-30 22:32:08.808	34.9s	2	6 GB	506.1 MB	7.8 GB	103.9%	0.8%	1.4 GB	56.6 MB
2454	07/172dad	BGC_ANALYSIS:ANTISMASH_ANALYSIS:ANTISMASH (Pantoea_ananatis_PP099-PanT13S3)	COMPLETED	0	2026-08-30 22:31:14.187	2026-08-30 22:31:14.284	2026-08-30 22:32:11.774	55.5s	2	6 GB	4.7 GB	7.8 GB	124.5%	5.7%	14.4 GB	59.3 MB
2459	35/88a905	BGC_ANALYSIS:ANTISMASH_ANALYSIS:ANTISMASH (Pantoea_anthophila__90)	COMPLETED	0	2026-08-30 22:31:45.707	2026-08-30 22:31:45.803	2026-08-30 22:32:14.414	26.4s	2	6 GB	740.6 MB	7.8 GB	107.2%	1.2%	1.1 GB	63.6 MB
2457	2f/789e3c	BGC_ANALYSIS:ANTISMASH_ANALYSIS:ANTISMASH (Pantoea_ananatis_SK-1)	COMPLETED	0	2026-08-30 22:31:23.750	2026-08-30 22:31:23.850	2026-08-30 22:32:22.434	56.8s	2	6 GB	4.7 GB	7.8 GB	129.8%	5.5%	18.3 GB	62.4 MB
2428	f4/890412	BGC_ANALYSIS:ANTISMASH_ANALYSIS:ANTISMASH (Pantoea_agglomerans_BIM_B-2215)	COMPLETED	0	2026-08-30 22:32:01.693	2026-08-30 22:32:01.781	2026-08-30 22:32:23.955	20.2s	2	6 GB	819 MB	7.8 GB	127.9%	1.3%	862.6 MB	60.7 MB
2450	29/e06792	BGC_ANALYSIS:ANTISMASH_ANALYSIS:ANTISMASH (Pantoea_ananatis_NSTU_AG_5)	COMPLETED	0	2026-08-30 22:31:48.318	2026-08-30 22:31:48.414	2026-08-30 22:32:27.309	36.8s	2	6 GB	497.6 MB	7.7 GB	102.2%	0.7%	1.6 GB	63.6 MB
2451	4d/41ca4d	BGC_ANALYSIS:ANTISMASH_ANALYSIS:ANTISMASH (Pantoea_ananatis_PP088)	COMPLETED	0	2026-08-30 22:32:08.344	2026-08-30 22:32:08.440	2026-08-30 22:32:29.974	19.6s	2	6 GB	855.1 MB	7.9 GB	125.9%	1.4%	861.1 MB	61.9 MB
2430	ed/efd943	BGC_ANALYSIS:ANTISMASH_ANALYSIS:ANTISMASH (Pantoea_agglomerans_GL_116)	COMPLETED	0	2026-08-30 22:32:14.418	2026-08-30 22:32:14.515	2026-08-30 22:32:37.474	20.8s	2	6 GB	770.7 MB	7.8 GB	123.9%	1.3%	870.4 MB	61.2 MB
2452	96/7cce55	BGC_ANALYSIS:ANTISMASH_ANALYSIS:ANTISMASH (Pantoea_ananatis_PP092)	COMPLETED	0	2026-08-30 22:32:23.958	2026-08-30 22:32:24.055	2026-08-30 22:32:44.938	18.9s	2	6 GB	858.6 MB	7.9 GB	127.5%	1.4%	861.1 MB	61.9 MB
2432	af/f6ec74	BGC_ANALYSIS:ANTISMASH_ANALYSIS:ANTISMASH (Pantoea_agglomerans_HROM_Genome_4923)	COMPLETED	0	2026-08-30 22:32:11.777	2026-08-30 22:32:11.874	2026-08-30 22:32:45.822	31.9s	2	6 GB	492.8 MB	7.8 GB	102.5%	0.8%	1.3 GB	57.7 MB
2431	36/595cca	BGC_ANALYSIS:ANTISMASH_ANALYSIS:ANTISMASH (Pantoea_agglomerans_GMG1201)	COMPLETED	0	2026-08-30 22:32:08.810	2026-08-30 22:32:08.907	2026-08-30 22:32:48.576	37.6s	2	6 GB	702.4 MB	7.8 GB	95.0%	1.3%	1.7 GB	81.3 MB
2463	8c/179810	BGC_ANALYSIS:ANTISMASH_ANALYSIS:ANTISMASH (Pantoea_eucalypti_1L-B-3-B-C3)	COMPLETED	0	2026-08-30 22:32:22.437	2026-08-30 22:32:22.534	2026-08-30 22:32:53.981	29.5s	2	6 GB	743.7 MB	7.8 GB	95.9%	1.3%	1.3 GB	68.5 MB
2466	e6/80b11b	BGC_ANALYSIS:ANTISMASH_ANALYSIS:ANTISMASH (Pantoea_eucalypti_1L-C-2-B-C3)	COMPLETED	0	2026-08-30 22:32:27.312	2026-08-30 22:32:27.409	2026-08-30 22:32:57.455	28s	2	6 GB	767.2 MB	7.8 GB	94.5%	1.3%	1.2 GB	66.4 MB
2462	34/7699d5	BGC_ANALYSIS:ANTISMASH_ANALYSIS:ANTISMASH (Pantoea_dispersa__170)	COMPLETED	0	2026-08-30 22:32:45.826	2026-08-30 22:32:45.923	2026-08-30 22:33:13.654	25.9s	2	6 GB	772.8 MB	7.8 GB	101.0%	1.3%	1.1 GB	66.4 MB
2460	df/031aaa	BGC_ANALYSIS:ANTISMASH_ANALYSIS:ANTISMASH (Pantoea_dispersa_Adu40)	COMPLETED	0	2026-08-30 22:32:37.478	2026-08-30 22:32:37.575	2026-08-30 22:33:17.866	38.3s	2	6 GB	702.5 MB	7.8 GB	94.2%	1.2%	1.8 GB	85.7 MB
2458	ca/1ade4e	BGC_ANALYSIS:ANTISMASH_ANALYSIS:ANTISMASH (Pantoea_anthophila_75_bin.2)	COMPLETED	0	2026-08-30 22:32:48.579	2026-08-30 22:32:48.676	2026-08-30 22:33:20.309	30s	2	6 GB	666.4 MB	7.7 GB	97.0%	1.2%	1.3 GB	71.1 MB
2469	70/42682f	BGC_ANALYSIS:ANTISMASH_ANALYSIS:ANTISMASH (Pantoea_phytobeneficialis_F54)	COMPLETED	0	2026-08-30 22:32:53.985	2026-08-30 22:32:54.081	2026-08-30 22:33:21.136	25s	2	6 GB	898.3 MB	7.9 GB	125.7%	1.5%	1 GB	76.5 MB
2453	62/7160dc	BGC_ANALYSIS:ANTISMASH_ANALYSIS:ANTISMASH (Pantoea_ananatis_PP094-PanT1S3)	COMPLETED	0	2026-08-30 22:32:29.978	2026-08-30 22:32:30.074	2026-08-30 22:33:21.816	49.7s	2	6 GB	4.8 GB	7.8 GB	108.5%	4.7%	7.8 GB	74.5 MB
2471	e8/4d0712	BGC_ANALYSIS:ANTISMASH_ANALYSIS:ANTISMASH (Pantoea_phytostimulans_T15)	COMPLETED	0	2026-08-30 22:32:57.458	2026-08-30 22:32:57.555	2026-08-30 22:33:31.761	32.3s	2	6 GB	735.1 MB	7.8 GB	93.4%	1.3%	1.4 GB	73.8 MB
2468	28/a6b2f4	BGC_ANALYSIS:ANTISMASH_ANALYSIS:ANTISMASH (Pantoea_phytobeneficialis_F51)	COMPLETED	0	2026-08-30 22:33:13.657	2026-08-30 22:33:13.754	2026-08-30 22:33:40.132	24.5s	2	6 GB	921.7 MB	7.9 GB	125.3%	1.5%	1 GB	78.6 MB
2461	63/a6f302	BGC_ANALYSIS:ANTISMASH_ANALYSIS:ANTISMASH (Pantoea_dispersa_SD811)	COMPLETED	0	2026-08-30 22:33:20.312	2026-08-30 22:33:20.409	2026-08-30 22:33:41.544	19.4s	2	6 GB	826.9 MB	7.8 GB	126.9%	1.3%	868.8 MB	61.9 MB
2456	a3/01beca	BGC_ANALYSIS:ANTISMASH_ANALYSIS:ANTISMASH (Pantoea_ananatis_PP105)	COMPLETED	0	2026-08-30 22:32:44.941	2026-08-30 22:32:45.039	2026-08-30 22:33:42.939	56s	2	6 GB	4.8 GB	8.2 GB	132.1%	3.3%	21.9 GB	61.5 MB
2464	35/1a9814	BGC_ANALYSIS:ANTISMASH_ANALYSIS:ANTISMASH (Pantoea_eucalypti_1L-B-7-B-C2)	COMPLETED	0	2026-08-30 22:33:21.819	2026-08-30 22:33:21.916	2026-08-30 22:33:47.123	23.5s	2	6 GB	739.1 MB	7.8 GB	106.5%	1.3%	1023.6 MB	60 MB
2465	ab/e1ebe7	BGC_ANALYSIS:ANTISMASH_ANALYSIS:ANTISMASH (Pantoea_eucalypti_1L-B-FC-B-C1)	COMPLETED	0	2026-08-30 22:33:21.139	2026-08-30 22:33:21.236	2026-08-30 22:33:49.420	26.5s	2	6 GB	720.6 MB	7.8 GB	95.2%	1.3%	1.1 GB	63.4 MB
2473	d3/57987d	BGC_ANALYSIS:ANTISMASH_ANALYSIS:ANTISMASH (Pantoea_phytostimulans_T30)	COMPLETED	0	2026-08-30 22:33:17.869	2026-08-30 22:33:17.966	2026-08-30 22:33:50.270	30.7s	2	6 GB	709.8 MB	7.8 GB	92.1%	1.2%	1.3 GB	74.1 MB
2474	c1/ebce2c	BGC_ANALYSIS:ANTISMASH_ANALYSIS:ANTISMASH (Pantoea_phytostimulans_TS1)	COMPLETED	0	2026-08-30 22:33:31.765	2026-08-30 22:33:31.861	2026-08-30 22:34:02.162	28.2s	2	6 GB	702.6 MB	7.7 GB	92.8%	1.3%	1.1 GB	69.6 MB
2467	dc/71a325	BGC_ANALYSIS:ANTISMASH_ANALYSIS:ANTISMASH (Pantoea_eucrina_IFST-01)	COMPLETED	0	2026-08-30 22:33:47.127	2026-08-30 22:33:47.223	2026-08-30 22:34:06.398	17.2s	2	6 GB	726.9 MB	7.8 GB	118.9%	1.2%	761.2 MB	50.9 MB
2488	3d/4e16db	BGC_ANALYSIS:ANTISMASH_ANALYSIS:ANTISMASH (Pantoea_stewartii_F43)	COMPLETED	0	2026-08-30 22:33:50.273	2026-08-30 22:33:50.370	2026-08-30 22:34:10.879	18.8s	2	6 GB	786.6 MB	7.8 GB	130.3%	1.3%	847.5 MB	60.9 MB
2470	f6/eb9f4d	BGC_ANALYSIS:ANTISMASH_ANALYSIS:ANTISMASH (Pantoea_phytobeneficialis_F83)	COMPLETED	0	2026-08-30 22:33:42.943	2026-08-30 22:33:43.040	2026-08-30 22:34:10.892	26s	2	6 GB	982.2 MB	8 GB	127.3%	1.5%	1.1 GB	81.7 MB
2472	e4/61024f	BGC_ANALYSIS:ANTISMASH_ANALYSIS:ANTISMASH (Pantoea_phytostimulans_T19)	COMPLETED	0	2026-08-30 22:33:40.135	2026-08-30 22:33:40.232	2026-08-30 22:34:12.612	30.6s	2	6 GB	730.6 MB	7.8 GB	93.1%	1.3%	1.3 GB	72.3 MB
2483	45/27de08	BGC_ANALYSIS:ANTISMASH_ANALYSIS:ANTISMASH (Pantoea_sp._SYBGC1)	COMPLETED	0	2026-08-30 22:33:49.423	2026-08-30 22:33:49.520	2026-08-30 22:34:15.015	23.6s	2	6 GB	612.6 MB	7.7 GB	95.8%	1.0%	1 GB	57.1 MB
2478	6e/62b2ce	BGC_ANALYSIS:ANTISMASH_ANALYSIS:ANTISMASH (Pantoea_sp._C1E2)	COMPLETED	0	2026-08-30 22:34:02.165	2026-08-30 22:34:02.262	2026-08-30 22:34:26.412	22.2s	2	6 GB	843.3 MB	7.9 GB	126.3%	1.4%	956.8 MB	68.8 MB
2493	a1/9c8e3f	BGC_ANALYSIS:ANTISMASH_ANALYSIS:ANTISMASH (Pantoea_trifolii_C11B12)	COMPLETED	0	2026-08-30 22:34:12.614	2026-08-30 22:34:12.712	2026-08-30 22:34:36.006	21.2s	2	6 GB	833.3 MB	7.9 GB	123.2%	1.4%	894.8 MB	64.1 MB
2481	2a/17c971	BGC_ANALYSIS:ANTISMASH_ANALYSIS:ANTISMASH (Pantoea_sp._PA1_Pa1)	COMPLETED	0	2026-08-30 22:34:10.882	2026-08-30 22:34:10.893	2026-08-30 22:34:36.584	23.8s	2	6 GB	749.2 MB	7.8 GB	106.6%	1.3%	1 GB	63.3 MB
2477	1d/36c1bd	BGC_ANALYSIS:ANTISMASH_ANALYSIS:ANTISMASH (Pantoea_sp._ABR1s)	COMPLETED	0	2026-08-30 22:34:15.019	2026-08-30 22:34:15.116	2026-08-30 22:34:37.510	20.5s	2	6 GB	798.3 MB	7.8 GB	126.2%	1.4%	904.8 MB	62.9 MB
2476	0f/7961da	BGC_ANALYSIS:ANTISMASH_ANALYSIS:ANTISMASH (Pantoea_septica_74_bin.2)	COMPLETED	0	2026-08-30 22:34:06.402	2026-08-30 22:34:06.498	2026-08-30 22:34:45.083	36.8s	2	6 GB	680.3 MB	7.8 GB	96.1%	1.2%	1.8 GB	83.4 MB
2475	02/8c70a6	BGC_ANALYSIS:ANTISMASH_ANALYSIS:ANTISMASH (Pantoea_piersonii_80_bin.2)	COMPLETED	0	2026-08-30 22:34:10.896	2026-08-30 22:34:10.992	2026-08-30 22:34:46.280	33.4s	2	6 GB	729.1 MB	7.8 GB	96.8%	1.3%	1.5 GB	75.8 MB
2487	33/e5fd63	BGC_ANALYSIS:ANTISMASH_ANALYSIS:ANTISMASH (Pantoea_stewartii_F42)	COMPLETED	0	2026-08-30 22:34:26.416	2026-08-30 22:34:26.513	2026-08-30 22:34:47.549	19.2s	2	6 GB	825.7 MB	7.9 GB	129.3%	1.3%	850.4 MB	61 MB
2490	cd/5de6a3	BGC_ANALYSIS:ANTISMASH_ANALYSIS:ANTISMASH (Pantoea_stewartii_F92)	COMPLETED	0	2026-08-30 22:34:45.086	2026-08-30 22:34:45.183	2026-08-30 22:35:06.711	19.7s	2	6 GB	829.8 MB	7.9 GB	129.9%	1.3%	847.5 MB	60.9 MB
2491	2b/0d8997	BGC_ANALYSIS:ANTISMASH_ANALYSIS:ANTISMASH (Pantoea_stewartii_F93)	COMPLETED	0	2026-08-30 22:34:46.283	2026-08-30 22:34:46.379	2026-08-30 22:35:07.828	19.7s	2	6 GB	826.8 MB	7.8 GB	129.4%	1.4%	839.5 MB	60.4 MB
2486	9a/abd0fc	BGC_ANALYSIS:ANTISMASH_ANALYSIS:ANTISMASH (Pantoea_stewartii_F33)	COMPLETED	0	2026-08-30 22:34:47.553	2026-08-30 22:34:47.649	2026-08-30 22:35:08.980	19.5s	2	6 GB	823.6 MB	7.9 GB	130.7%	1.3%	847.1 MB	60.7 MB
2479	b9/35ad4c	BGC_ANALYSIS:ANTISMASH_ANALYSIS:ANTISMASH (Pantoea_sp._DMYE4)	COMPLETED	0	2026-08-30 22:34:37.512	2026-08-30 22:34:37.610	2026-08-30 22:35:10.313	30.9s	2	6 GB	657.6 MB	7.7 GB	94.1%	1.1%	1.4 GB	72.6 MB
2485	bc/b14113	BGC_ANALYSIS:ANTISMASH_ANALYSIS:ANTISMASH (Pantoea_sp._nfd-35)	COMPLETED	0	2026-08-30 22:34:36.587	2026-08-30 22:34:36.684	2026-08-30 22:35:22.447	44s	2	6 GB	4.7 GB	7.8 GB	124.5%	4.0%	9.4 GB	58.6 MB
2489	c9/463e22	BGC_ANALYSIS:ANTISMASH_ANALYSIS:ANTISMASH (Pantoea_stewartii_F91)	COMPLETED	0	2026-08-30 22:35:06.715	2026-08-30 22:35:06.812	2026-08-30 22:35:27.850	19.5s	2	6 GB	830.4 MB	7.8 GB	129.4%	1.3%	843.3 MB	60.8 MB
2492	c1/aa0d25	BGC_ANALYSIS:ANTISMASH_ANALYSIS:ANTISMASH (Pantoea_stewartii_F94)	COMPLETED	0	2026-08-30 22:35:07.831	2026-08-30 22:35:07.928	2026-08-30 22:35:29.220	19.4s	2	6 GB	794.1 MB	7.8 GB	129.0%	1.3%	838.9 MB	60.3 MB
2494	69/bc8246	BGC_ANALYSIS:ANTISMASH_ANALYSIS:ANTISMASH (Pantoea_trifolii_C2F10)	COMPLETED	0	2026-08-30 22:35:10.316	2026-08-30 22:35:10.413	2026-08-30 22:35:33.507	21.3s	2	6 GB	796.8 MB	7.8 GB	121.8%	1.4%	908 MB	63.5 MB
2498	38/46940d	BGC_ANALYSIS:ANTISMASH_ANALYSIS:ANTISMASH (Buchnera_aphidicola_Tetraneura_akinire_Buch_TA_S2)	COMPLETED	0	2026-08-30 22:35:33.511	2026-08-30 22:35:33.607	2026-08-30 22:35:40.676	5.1s	2	6 GB	204.4 MB	2.7 GB	109.6%	0.3%	229.7 MB	5 MB
2495	48/b864b8	BGC_ANALYSIS:ANTISMASH_ANALYSIS:ANTISMASH (Pantoea_trifolii_C2F9)	COMPLETED	0	2026-08-30 22:35:22.451	2026-08-30 22:35:22.547	2026-08-30 22:35:45.236	20.7s	2	6 GB	792.5 MB	7.8 GB	125.7%	1.3%	887.2 MB	62.9 MB
2480	55/7bd222	BGC_ANALYSIS:ANTISMASH_ANALYSIS:ANTISMASH (Pantoea_sp._HJE1)	COMPLETED	0	2026-08-30 22:35:08.983	2026-08-30 22:35:09.080	2026-08-30 22:35:49.725	38.8s	2	6 GB	723.7 MB	7.8 GB	90.9%	1.3%	1.7 GB	86.6 MB
2496	dc/e517ff	BGC_ANALYSIS:ANTISMASH_ANALYSIS:ANTISMASH (Pantoea_trifolii_C8H4)	COMPLETED	0	2026-08-30 22:35:27.853	2026-08-30 22:35:27.950	2026-08-30 22:35:51.408	21.5s	2	6 GB	851.2 MB	7.9 GB	126.2%	1.4%	953 MB	65.1 MB
2482	bb/32365d	BGC_ANALYSIS:ANTISMASH_ANALYSIS:ANTISMASH (Pantoea_sp._RCC30.1)	COMPLETED	0	2026-08-30 22:34:36.010	2026-08-30 22:34:36.107	2026-08-30 22:35:52.333	1m 14s	2	6 GB	4.7 GB	7.8 GB	110.8%	5.4%	12.5 GB	82.9 MB
2512	1b/d937e3	BGC_ANALYSIS:ANTISMASH_ANALYSIS:ANTISMASH (Erwinia_amylovora_FCUP_95)	COMPLETED	0	2026-08-30 22:35:29.223	2026-08-30 22:35:29.319	2026-08-30 22:35:57.453	26.3s	2	6 GB	675.4 MB	7.7 GB	95.0%	1.1%	1.1 GB	57 MB
2501	4a/59c374	BGC_ANALYSIS:ANTISMASH_ANALYSIS:ANTISMASH (Erwinia_amylovora_CEB_10)	COMPLETED	0	2026-08-30 22:35:40.679	2026-08-30 22:35:40.775	2026-08-30 22:36:12.372	29.6s	2	6 GB	598 MB	7.7 GB	96.6%	1.0%	1.3 GB	63.4 MB
2506	44/d58069	BGC_ANALYSIS:ANTISMASH_ANALYSIS:ANTISMASH (Erwinia_amylovora_CEB_9)	COMPLETED	0	2026-08-30 22:35:45.239	2026-08-30 22:35:45.337	2026-08-30 22:36:15.857	28.6s	2	6 GB	589.6 MB	7.7 GB	98.9%	1.0%	1.2 GB	61.3 MB
2509	06/5e343e	BGC_ANALYSIS:ANTISMASH_ANALYSIS:ANTISMASH (Erwinia_amylovora_FCUP_4)	COMPLETED	0	2026-08-30 22:35:49.728	2026-08-30 22:35:49.825	2026-08-30 22:36:19.646	27.9s	2	6 GB	664.3 MB	7.7 GB	95.8%	1.0%	1.2 GB	60.6 MB
2505	1d/5853a4	BGC_ANALYSIS:ANTISMASH_ANALYSIS:ANTISMASH (Erwinia_amylovora_CEB_8)	COMPLETED	0	2026-08-30 22:35:51.411	2026-08-30 22:35:51.509	2026-08-30 22:36:20.376	26.9s	2	6 GB	653.3 MB	7.7 GB	98.1%	1.0%	1.2 GB	60.2 MB
2484	be/0720c4	BGC_ANALYSIS:ANTISMASH_ANALYSIS:ANTISMASH (Pantoea_sp._isolate9_meta_2_35)	COMPLETED	0	2026-08-30 22:33:41.547	2026-08-30 22:33:41.645	2026-08-30 22:36:21.165	2m 38s	2	6 GB	687 MB	7.8 GB	102.7%	1.2%	9.8 GB	274.2 MB
2504	53/9b5879	BGC_ANALYSIS:ANTISMASH_ANALYSIS:ANTISMASH (Erwinia_amylovora_CEB_7)	COMPLETED	0	2026-08-30 22:35:52.337	2026-08-30 22:35:52.433	2026-08-30 22:36:22.957	28.6s	2	6 GB	657 MB	7.7 GB	96.1%	1.0%	1.2 GB	61.4 MB
2500	7c/310505	BGC_ANALYSIS:ANTISMASH_ANALYSIS:ANTISMASH (Buchnera_aphidicola_Uroleucon_formosanum_Uf)	COMPLETED	0	2026-08-30 22:36:19.649	2026-08-30 22:36:19.746	2026-08-30 22:36:27.131	5.6s	2	6 GB	212.4 MB	2.7 GB	105.4%	0.3%	265.6 MB	9.1 MB
2499	25/743d01	BGC_ANALYSIS:ANTISMASH_ANALYSIS:ANTISMASH (Buchnera_aphidicola_Tetraneura_sorini_Buch_TS_S1)	COMPLETED	0	2026-08-30 22:36:20.379	2026-08-30 22:36:20.476	2026-08-30 22:36:27.180	4.9s	2	6 GB	206.2 MB	2.7 GB	104.1%	0.3%	229.9 MB	5 MB
2511	18/26d9f1	BGC_ANALYSIS:ANTISMASH_ANALYSIS:ANTISMASH (Erwinia_amylovora_FCUP_94)	COMPLETED	0	2026-08-30 22:35:57.456	2026-08-30 22:35:57.553	2026-08-30 22:36:27.848	28.2s	2	6 GB	667.6 MB	7.7 GB	96.0%	1.1%	1.2 GB	60.6 MB
2497	fb/f12d7e	BGC_ANALYSIS:ANTISMASH_ANALYSIS:ANTISMASH (Buchnera_aphidicola_Eriosoma_harunire_Buch_EH_S3)	COMPLETED	0	2026-08-30 22:36:27.182	2026-08-30 22:36:27.280	2026-08-30 22:36:33.956	4.8s	2	6 GB	205.2 MB	2.7 GB	102.3%	0.3%	234 MB	5.3 MB
2502	1b/a298ee	BGC_ANALYSIS:ANTISMASH_ANALYSIS:ANTISMASH (Erwinia_amylovora_CEB_11)	COMPLETED	0	2026-08-30 22:36:12.375	2026-08-30 22:36:12.472	2026-08-30 22:36:42.219	27.9s	2	6 GB	615 MB	7.7 GB	96.2%	1.0%	1.3 GB	61.8 MB
2507	83/022275	BGC_ANALYSIS:ANTISMASH_ANALYSIS:ANTISMASH (Erwinia_amylovora_FCUP_105)	COMPLETED	0	2026-08-30 22:36:15.860	2026-08-30 22:36:15.957	2026-08-30 22:36:43.551	25.7s	2	6 GB	512.5 MB	7.3 GB	93.0%	0.9%	1.1 GB	57.6 MB
2510	d2/d265d8	BGC_ANALYSIS:ANTISMASH_ANALYSIS:ANTISMASH (Erwinia_amylovora_FCUP_49)	COMPLETED	0	2026-08-30 22:36:22.960	2026-08-30 22:36:23.057	2026-08-30 22:36:51.468	26.6s	2	6 GB	688.8 MB	7.7 GB	95.4%	1.1%	1.1 GB	58.5 MB
2503	b3/6365d1	BGC_ANALYSIS:ANTISMASH_ANALYSIS:ANTISMASH (Erwinia_amylovora_CEB_13)	COMPLETED	0	2026-08-30 22:36:21.168	2026-08-30 22:36:21.265	2026-08-30 22:36:52.029	29s	2	6 GB	594.7 MB	7.7 GB	97.1%	1.0%	1.3 GB	63.2 MB
2515	f0/3f715f	BGC_ANALYSIS:ANTISMASH_ANALYSIS:ANTISMASH (Erwinia_aphidicola_1B06)	COMPLETED	0	2026-08-30 22:36:33.959	2026-08-30 22:36:34.056	2026-08-30 22:36:55.800	19.8s	2	6 GB	799.6 MB	7.8 GB	133.9%	1.3%	871.2 MB	60.6 MB
2508	11/46a5d4	BGC_ANALYSIS:ANTISMASH_ANALYSIS:ANTISMASH (Erwinia_amylovora_FCUP_110)	COMPLETED	0	2026-08-30 22:36:27.134	2026-08-30 22:36:27.180	2026-08-30 22:36:58.141	29s	2	6 GB	678 MB	7.7 GB	94.1%	1.1%	1.3 GB	61.8 MB
2517	80/251bd0	BGC_ANALYSIS:ANTISMASH_ANALYSIS:ANTISMASH (Erwinia_rhapontici_1SR)	COMPLETED	0	2026-08-30 22:36:43.555	2026-08-30 22:36:43.651	2026-08-30 22:37:07.173	21.7s	2	6 GB	891.8 MB	7.9 GB	130.8%	1.5%	922.4 MB	64.8 MB
2514	f3/9f7c95	BGC_ANALYSIS:ANTISMASH_ANALYSIS:ANTISMASH (Erwinia_amylovora_FCUP_97)	COMPLETED	0	2026-08-30 22:36:42.222	2026-08-30 22:36:42.320	2026-08-30 22:37:12.445	28.4s	2	6 GB	670.2 MB	7.7 GB	95.9%	1.1%	1.2 GB	60.1 MB
2516	5e/76db61	BGC_ANALYSIS:ANTISMASH_ANALYSIS:ANTISMASH (Erwinia_aphidicola_h-5_TE3250)	COMPLETED	0	2026-08-30 22:36:58.144	2026-08-30 22:36:58.241	2026-08-30 22:37:18.935	18.6s	2	6 GB	792.2 MB	7.8 GB	136.6%	1.3%	819.4 MB	56.2 MB
2527	36/b30804	BGC_ANALYSIS:ANTISMASH_ANALYSIS:ANTISMASH (Pantoea_agglomerans_20CO004)	COMPLETED	0	2026-08-30 22:36:52.032	2026-08-30 22:36:52.129	2026-08-30 22:37:21.333	27.2s	2	6 GB	743.3 MB	7.8 GB	97.1%	1.2%	1.1 GB	66.3 MB
2520	b5/3e13f7	BGC_ANALYSIS:ANTISMASH_ANALYSIS:ANTISMASH (Pantoea_agglomerans_09-63_1A)	COMPLETED	0	2026-08-30 22:36:27.851	2026-08-30 22:36:27.947	2026-08-30 22:37:33.480	1m 4s	2	6 GB	4.8 GB	8.1 GB	115.7%	3.3%	19.5 GB	72.4 MB
2519	8b/6ecc99	BGC_ANALYSIS:ANTISMASH_ANALYSIS:ANTISMASH (Mixta_calida_E623647)	COMPLETED	0	2026-08-30 22:36:55.802	2026-08-30 22:36:55.901	2026-08-30 22:37:41.305	43.4s	2	6 GB	723.6 MB	7.8 GB	95.3%	1.2%	2.1 GB	93.6 MB
2521	37/272f16	BGC_ANALYSIS:ANTISMASH_ANALYSIS:ANTISMASH (Pantoea_agglomerans_11-85)	COMPLETED	0	2026-08-30 22:37:07.176	2026-08-30 22:37:07.273	2026-08-30 22:37:50.213	41.3s	2	6 GB	758.6 MB	7.8 GB	95.3%	1.3%	1.9 GB	89.1 MB
2536	b8/535898	BGC_ANALYSIS:ANTISMASH_ANALYSIS:ANTISMASH (Pantoea_agglomerans_20ID0094)	COMPLETED	0	2026-08-30 22:37:21.336	2026-08-30 22:37:21.434	2026-08-30 22:37:55.014	31.7s	2	6 GB	744.6 MB	7.8 GB	95.3%	1.3%	1.4 GB	73.6 MB
2525	60/045ada	BGC_ANALYSIS:ANTISMASH_ANALYSIS:ANTISMASH (Pantoea_agglomerans_20CA0147)	COMPLETED	0	2026-08-30 22:37:33.482	2026-08-30 22:37:33.579	2026-08-30 22:38:01.519	26s	2	6 GB	719.7 MB	7.8 GB	97.3%	1.3%	1022.8 MB	63.5 MB
2522	3c/4d68bf	BGC_ANALYSIS:ANTISMASH_ANALYSIS:ANTISMASH (Pantoea_agglomerans_20CA0026)	COMPLETED	0	2026-08-30 22:36:51.471	2026-08-30 22:36:51.568	2026-08-30 22:38:03.430	1m 10s	2	6 GB	4.8 GB	7.8 GB	113.6%	7.5%	19.7 GB	78.4 MB
2528	60/0f3fde	BGC_ANALYSIS:ANTISMASH_ANALYSIS:ANTISMASH (Pantoea_agglomerans_20CO064)	COMPLETED	0	2026-08-30 22:37:41.308	2026-08-30 22:37:41.405	2026-08-30 22:38:14.872	31.3s	2	6 GB	720.7 MB	7.8 GB	93.9%	1.3%	1.3 GB	72.6 MB
2523	b1/f33fc5	BGC_ANALYSIS:ANTISMASH_ANALYSIS:ANTISMASH (Pantoea_agglomerans_20CA0031)	COMPLETED	0	2026-08-30 22:37:12.449	2026-08-30 22:37:12.545	2026-08-30 22:38:25.593	1m 11s	2	6 GB	4.8 GB	7.9 GB	113.8%	5.7%	19.8 GB	79.4 MB
2524	cf/014211	BGC_ANALYSIS:ANTISMASH_ANALYSIS:ANTISMASH (Pantoea_agglomerans_20CA0041)	COMPLETED	0	2026-08-30 22:37:18.939	2026-08-30 22:37:19.035	2026-08-30 22:38:27.829	1m 7s	2	6 GB	4.7 GB	7.8 GB	115.2%	4.9%	19.6 GB	74.5 MB
2539	d2/b1d7cd	BGC_ANALYSIS:ANTISMASH_ANALYSIS:ANTISMASH (Pantoea_agglomerans_20ID0192)	COMPLETED	0	2026-08-30 22:37:50.216	2026-08-30 22:37:50.314	2026-08-30 22:38:28.284	36.1s	2	6 GB	722.7 MB	7.8 GB	94.1%	1.2%	1.6 GB	80.7 MB
2513	78/745235	BGC_ANALYSIS:ANTISMASH_ANALYSIS:ANTISMASH (Erwinia_amylovora_FCUP_96)	COMPLETED	0	2026-08-30 22:38:01.523	2026-08-30 22:38:01.620	2026-08-30 22:38:31.554	27.8s	2	6 GB	667.6 MB	7.7 GB	96.7%	1.0%	1.1 GB	58.6 MB
2540	95/d45c9d	BGC_ANALYSIS:ANTISMASH_ANALYSIS:ANTISMASH (Pantoea_agglomerans_20NY0155)	COMPLETED	0	2026-08-30 22:38:03.434	2026-08-30 22:38:03.530	2026-08-30 22:38:37.189	31.7s	2	6 GB	715.4 MB	7.8 GB	92.7%	1.3%	1.4 GB	72.6 MB
2518	3e/749273	BGC_ANALYSIS:ANTISMASH_ANALYSIS:ANTISMASH (Mixta_calida_E240981)	COMPLETED	0	2026-08-30 22:37:55.016	2026-08-30 22:37:55.114	2026-08-30 22:38:40.499	43.3s	2	6 GB	754.7 MB	7.8 GB	95.8%	1.3%	2.2 GB	93.5 MB
2529	c8/285703	BGC_ANALYSIS:ANTISMASH_ANALYSIS:ANTISMASH (Pantoea_agglomerans_20CO076)	COMPLETED	0	2026-08-30 22:38:14.875	2026-08-30 22:38:14.972	2026-08-30 22:38:50.816	34s	2	6 GB	779.4 MB	7.8 GB	94.9%	1.3%	1.6 GB	79 MB
2526	d5/b29cc9	BGC_ANALYSIS:ANTISMASH_ANALYSIS:ANTISMASH (Pantoea_agglomerans_20CA0153)	COMPLETED	0	2026-08-30 22:38:25.596	2026-08-30 22:38:25.693	2026-08-30 22:38:55.232	27.8s	2	6 GB	727.5 MB	7.8 GB	94.3%	1.3%	1.1 GB	67.6 MB
2530	b9/62687c	BGC_ANALYSIS:ANTISMASH_ANALYSIS:ANTISMASH (Pantoea_agglomerans_20CO093)	COMPLETED	0	2026-08-30 22:38:27.832	2026-08-30 22:38:27.930	2026-08-30 22:39:02.735	32.9s	2	6 GB	733 MB	7.8 GB	96.1%	1.3%	1.5 GB	76.5 MB
2546	6a/6388db	BGC_ANALYSIS:ANTISMASH_ANALYSIS:ANTISMASH (Pantoea_agglomerans_20PA0287)	COMPLETED	0	2026-08-30 22:38:31.556	2026-08-30 22:38:31.654	2026-08-30 22:39:06.403	32.8s	2	6 GB	723.1 MB	7.8 GB	93.9%	1.3%	1.4 GB	76 MB
2545	2e/41cf6f	BGC_ANALYSIS:ANTISMASH_ANALYSIS:ANTISMASH (Pantoea_agglomerans_20PA0047)	COMPLETED	0	2026-08-30 22:38:37.192	2026-08-30 22:38:37.289	2026-08-30 22:39:10.428	31.3s	2	6 GB	697.2 MB	7.8 GB	92.9%	1.2%	1.4 GB	73.7 MB
2532	b0/8344b2	BGC_ANALYSIS:ANTISMASH_ANALYSIS:ANTISMASH (Pantoea_agglomerans_20GA0030)	COMPLETED	0	2026-08-30 22:38:50.819	2026-08-30 22:38:50.916	2026-08-30 22:39:26.705	33.9s	2	6 GB	740.5 MB	7.8 GB	94.5%	1.3%	1.5 GB	76.5 MB
2544	25/3fe5e6	BGC_ANALYSIS:ANTISMASH_ANALYSIS:ANTISMASH (Pantoea_agglomerans_20PA0025)	COMPLETED	0	2026-08-30 22:38:28.287	2026-08-30 22:38:28.384	2026-08-30 22:39:42.401	1m 12s	2	6 GB	4.8 GB	7.8 GB	113.1%	8.1%	19.8 GB	81.3 MB
2531	2a/3378d6	BGC_ANALYSIS:ANTISMASH_ANALYSIS:ANTISMASH (Pantoea_agglomerans_20GA0021)	COMPLETED	0	2026-08-30 22:38:40.502	2026-08-30 22:38:40.600	2026-08-30 22:39:47.801	1m 5s	2	6 GB	4.8 GB	7.8 GB	111.4%	3.3%	16.9 GB	73.2 MB
2535	7f/b2ffb5	BGC_ANALYSIS:ANTISMASH_ANALYSIS:ANTISMASH (Pantoea_agglomerans_20ID0049)	COMPLETED	0	2026-08-30 22:39:26.708	2026-08-30 22:39:26.805	2026-08-30 22:40:08.395	39.4s	2	6 GB	750.3 MB	7.8 GB	97.9%	1.3%	1.6 GB	78.7 MB
2533	a3/5547b5	BGC_ANALYSIS:ANTISMASH_ANALYSIS:ANTISMASH (Pantoea_agglomerans_20GA0109)	COMPLETED	0	2026-08-30 22:39:02.739	2026-08-30 22:39:02.835	2026-08-30 22:40:09.312	1m 4s	2	6 GB	4.7 GB	7.8 GB	127.7%	8.0%	19.1 GB	60.9 MB
2538	0c/96406e	BGC_ANALYSIS:ANTISMASH_ANALYSIS:ANTISMASH (Pantoea_agglomerans_20ID0121)	COMPLETED	0	2026-08-30 22:39:42.404	2026-08-30 22:39:42.501	2026-08-30 22:40:18.788	34.2s	2	6 GB	739.2 MB	7.8 GB	94.8%	1.3%	1.4 GB	74.3 MB
2537	11/b1b575	BGC_ANALYSIS:ANTISMASH_ANALYSIS:ANTISMASH (Pantoea_agglomerans_20ID0101)	COMPLETED	0	2026-08-30 22:39:47.806	2026-08-30 22:39:47.901	2026-08-30 22:40:19.678	29.5s	2	6 GB	709.4 MB	7.8 GB	94.4%	1.2%	1.2 GB	68.2 MB
2551	86/944c28	BGC_ANALYSIS:ANTISMASH_ANALYSIS:ANTISMASH (Pantoea_agglomerans_20TX0124)	COMPLETED	0	2026-08-30 22:38:55.235	2026-08-30 22:38:55.332	2026-08-30 22:40:26.858	1m 30s	2	6 GB	4.7 GB	7.8 GB	110.8%	8.0%	20.6 GB	99.9 MB
2552	db/36c7b7	BGC_ANALYSIS:ANTISMASH_ANALYSIS:ANTISMASH (Pantoea_agglomerans_20TX0125)	COMPLETED	0	2026-08-30 22:39:06.405	2026-08-30 22:39:06.503	2026-08-30 22:40:28.873	1m 20s	2	6 GB	4.8 GB	7.8 GB	112.4%	6.8%	20 GB	84.6 MB
2534	3b/0631aa	BGC_ANALYSIS:ANTISMASH_ANALYSIS:ANTISMASH (Pantoea_agglomerans_20GA0400)	COMPLETED	0	2026-08-30 22:39:10.431	2026-08-30 22:39:10.527	2026-08-30 22:40:30.382	1m 18s	2	6 GB	4.7 GB	7.8 GB	113.3%	6.6%	20 GB	84.3 MB
2542	67/d20d4a	BGC_ANALYSIS:ANTISMASH_ANALYSIS:ANTISMASH (Pantoea_agglomerans_20OR0051)	COMPLETED	0	2026-08-30 22:40:08.399	2026-08-30 22:40:08.495	2026-08-30 22:40:44.245	33.9s	2	6 GB	773 MB	7.8 GB	95.5%	1.3%	1.6 GB	78.1 MB
2541	da/3f1675	BGC_ANALYSIS:ANTISMASH_ANALYSIS:ANTISMASH (Pantoea_agglomerans_20NY0317)	COMPLETED	0	2026-08-30 22:40:09.315	2026-08-30 22:40:09.412	2026-08-30 22:40:45.319	34s	2	6 GB	740.3 MB	7.8 GB	94.3%	1.3%	1.5 GB	78.3 MB
2558	b7/08f7ec	BGC_ANALYSIS:ANTISMASH_ANALYSIS:ANTISMASH (Pantoea_agglomerans_ST12.14_393)	COMPLETED	0	2026-08-30 22:40:18.793	2026-08-30 22:40:18.888	2026-08-30 22:40:48.328	27.7s	2	6 GB	730 MB	7.8 GB	95.5%	1.3%	1.2 GB	68 MB
2543	a2/05523a	BGC_ANALYSIS:ANTISMASH_ANALYSIS:ANTISMASH (Pantoea_agglomerans_20OR0062)	COMPLETED	0	2026-08-30 22:40:19.682	2026-08-30 22:40:19.778	2026-08-30 22:40:52.090	30.5s	2	6 GB	746.4 MB	7.8 GB	94.2%	1.3%	1.3 GB	72.8 MB
2548	f9/05cc54	BGC_ANALYSIS:ANTISMASH_ANALYSIS:ANTISMASH (Pantoea_agglomerans_20PA0499)	COMPLETED	0	2026-08-30 22:40:26.861	2026-08-30 22:40:26.958	2026-08-30 22:41:03.501	34.7s	2	6 GB	741.7 MB	7.8 GB	94.5%	1.3%	1.6 GB	78.9 MB
2554	7a/029219	BGC_ANALYSIS:ANTISMASH_ANALYSIS:ANTISMASH (Pantoea_agglomerans_20UT001)	COMPLETED	0	2026-08-30 22:40:48.332	2026-08-30 22:40:48.428	2026-08-30 22:41:18.259	28.1s	2	6 GB	671.9 MB	7.7 GB	97.6%	1.2%	1.2 GB	68.7 MB
2549	83/18070c	BGC_ANALYSIS:ANTISMASH_ANALYSIS:ANTISMASH (Pantoea_agglomerans_20TX0031)	COMPLETED	0	2026-08-30 22:40:44.248	2026-08-30 22:40:44.345	2026-08-30 22:41:25.804	39.7s	2	6 GB	785.9 MB	7.8 GB	96.2%	1.3%	1.9 GB	87.5 MB
2560	3e/fca97b	BGC_ANALYSIS:ANTISMASH_ANALYSIS:ANTISMASH (Pantoea_agglomerans_ST14.12_205)	COMPLETED	0	2026-08-30 22:40:28.876	2026-08-30 22:40:28.973	2026-08-30 22:41:33.513	1m 3s	2	6 GB	712.7 MB	7.8 GB	99.1%	1.3%	3.5 GB	125.1 MB
2553	b4/43988f	BGC_ANALYSIS:ANTISMASH_ANALYSIS:ANTISMASH (Pantoea_agglomerans_20TX0132)	COMPLETED	0	2026-08-30 22:41:03.504	2026-08-30 22:41:03.601	2026-08-30 22:41:38.958	33.3s	2	6 GB	719.9 MB	7.8 GB	93.7%	1.3%	1.5 GB	77.5 MB
2547	3d/16f605	BGC_ANALYSIS:ANTISMASH_ANALYSIS:ANTISMASH (Pantoea_agglomerans_20PA0330)	COMPLETED	0	2026-08-30 22:40:30.387	2026-08-30 22:40:30.482	2026-08-30 22:41:43.795	1m 11s	2	6 GB	4.8 GB	8 GB	116.8%	3.4%	23.9 GB	77.3 MB
2555	39/2c4f58	BGC_ANALYSIS:ANTISMASH_ANALYSIS:ANTISMASH (Pantoea_agglomerans_57a)	COMPLETED	0	2026-08-30 22:41:18.263	2026-08-30 22:41:18.359	2026-08-30 22:41:44.126	24s	2	6 GB	716.7 MB	7.8 GB	99.0%	1.2%	1 GB	61.3 MB
2567	84/eac1f0	BGC_ANALYSIS:ANTISMASH_ANALYSIS:ANTISMASH (Pantoea_allii_BAV3060)	COMPLETED	0	2026-08-30 22:40:52.093	2026-08-30 22:40:52.190	2026-08-30 22:41:51.425	57.3s	2	6 GB	4.8 GB	7.8 GB	107.6%	6.4%	11.7 GB	77.3 MB
2557	64/da4c78	BGC_ANALYSIS:ANTISMASH_ANALYSIS:ANTISMASH (Pantoea_agglomerans_MR11)	COMPLETED	0	2026-08-30 22:41:25.808	2026-08-30 22:41:25.904	2026-08-30 22:41:56.397	28.4s	2	6 GB	749 MB	7.8 GB	97.7%	1.3%	1.2 GB	68.1 MB
2550	74/499947	BGC_ANALYSIS:ANTISMASH_ANALYSIS:ANTISMASH (Pantoea_agglomerans_20TX0122_2)	COMPLETED	0	2026-08-30 22:40:45.323	2026-08-30 22:40:45.420	2026-08-30 22:42:00.511	1m 13s	2	6 GB	4.7 GB	7.8 GB	112.8%	7.0%	20.1 GB	87.6 MB
2556	9f/729608	BGC_ANALYSIS:ANTISMASH_ANALYSIS:ANTISMASH (Pantoea_agglomerans_BT38)	COMPLETED	0	2026-08-30 22:41:33.517	2026-08-30 22:41:33.613	2026-08-30 22:42:02.053	26.6s	2	6 GB	772 MB	7.8 GB	95.3%	1.3%	1.1 GB	65.7 MB
2559	a2/5bb415	BGC_ANALYSIS:ANTISMASH_ANALYSIS:ANTISMASH (Pantoea_agglomerans_ST14.12_094)	COMPLETED	0	2026-08-30 22:41:43.799	2026-08-30 22:41:43.895	2026-08-30 22:42:19.937	34.2s	2	6 GB	734 MB	7.8 GB	94.5%	1.3%	1.5 GB	77.2 MB
2566	b0/dee103	BGC_ANALYSIS:ANTISMASH_ANALYSIS:ANTISMASH (Pantoea_allii_BAV3052)	COMPLETED	0	2026-08-30 22:41:44.130	2026-08-30 22:41:44.226	2026-08-30 22:42:31.370	45.2s	2	6 GB	4.8 GB	7.9 GB	126.7%	7.6%	10.9 GB	60 MB
2573	55/c9e155	BGC_ANALYSIS:ANTISMASH_ANALYSIS:ANTISMASH (Pantoea_allii_DOAB1035)	COMPLETED	0	2026-08-30 22:41:51.429	2026-08-30 22:41:51.525	2026-08-30 22:42:38.860	45.4s	2	6 GB	4.7 GB	7.8 GB	126.9%	3.1%	10.9 GB	62.2 MB
2561	c0/6ed875	BGC_ANALYSIS:ANTISMASH_ANALYSIS:ANTISMASH (Pantoea_allii_19UT001)	COMPLETED	0	2026-08-30 22:41:38.962	2026-08-30 22:41:39.059	2026-08-30 22:42:40.585	59.6s	2	6 GB	4.8 GB	7.8 GB	108.6%	7.3%	11.7 GB	80.6 MB
2576	a3/04671e	BGC_ANALYSIS:ANTISMASH_ANALYSIS:ANTISMASH (Pantoea_allii_DOAB1050_2)	COMPLETED	0	2026-08-30 22:41:56.400	2026-08-30 22:41:56.497	2026-08-30 22:42:42.998	44.6s	2	6 GB	4.7 GB	7.8 GB	127.7%	4.2%	10.9 GB	58.9 MB
2564	be/62e004	BGC_ANALYSIS:ANTISMASH_ANALYSIS:ANTISMASH (Pantoea_allii_21GA0582)	COMPLETED	0	2026-08-30 22:42:00.514	2026-08-30 22:42:00.612	2026-08-30 22:43:03.321	1m 1s	2	6 GB	4.7 GB	7.8 GB	107.6%	3.2%	11.7 GB	81.7 MB
2563	4b/ea24c1	BGC_ANALYSIS:ANTISMASH_ANALYSIS:ANTISMASH (Pantoea_allii_21GA0550)	COMPLETED	0	2026-08-30 22:42:02.056	2026-08-30 22:42:02.153	2026-08-30 22:43:04.146	1m	2	6 GB	4.7 GB	7.8 GB	107.5%	3.0%	11.7 GB	80.7 MB
2562	94/266e2b	BGC_ANALYSIS:ANTISMASH_ANALYSIS:ANTISMASH (Pantoea_allii_21GA0466)	COMPLETED	0	2026-08-30 22:42:19.940	2026-08-30 22:42:20.037	2026-08-30 22:43:21.441	59.7s	2	6 GB	4.8 GB	8 GB	108.1%	6.1%	11.7 GB	80.2 MB
2565	89/f99753	BGC_ANALYSIS:ANTISMASH_ANALYSIS:ANTISMASH (Pantoea_allii_BAV3051)	COMPLETED	0	2026-08-30 22:42:31.375	2026-08-30 22:42:31.470	2026-08-30 22:43:33.781	1m	2	6 GB	4.7 GB	7.8 GB	106.5%	4.1%	11.7 GB	78 MB
2568	c9/a0bff2	BGC_ANALYSIS:ANTISMASH_ANALYSIS:ANTISMASH (Pantoea_allii_BAV3063)	COMPLETED	0	2026-08-30 22:42:38.864	2026-08-30 22:42:38.961	2026-08-30 22:43:40.239	59.4s	2	6 GB	4.7 GB	7.8 GB	107.4%	3.7%	11.6 GB	76 MB
2571	ee/761d43	BGC_ANALYSIS:ANTISMASH_ANALYSIS:ANTISMASH (Pantoea_allii_BAV3073)	COMPLETED	0	2026-08-30 22:42:40.589	2026-08-30 22:42:40.685	2026-08-30 22:43:43.768	1m 1s	2	6 GB	4.7 GB	7.8 GB	106.4%	4.8%	11.7 GB	78 MB
2580	18/6342f3	BGC_ANALYSIS:ANTISMASH_ANALYSIS:ANTISMASH (Pantoea_allii_MAI6004)	COMPLETED	0	2026-08-30 22:42:43.002	2026-08-30 22:42:43.098	2026-08-30 22:43:48.789	1m 4s	2	6 GB	4.8 GB	7.8 GB	106.0%	7.1%	11.9 GB	85.9 MB
2582	1b/deed97	BGC_ANALYSIS:ANTISMASH_ANALYSIS:ANTISMASH (Pantoea_allii_MAI6007)	COMPLETED	0	2026-08-30 22:43:40.243	2026-08-30 22:43:40.339	2026-08-30 22:44:02.009	19.6s	2	6 GB	799.2 MB	7.8 GB	128.1%	1.3%	876.6 MB	61.9 MB
2570	9b/09c515	BGC_ANALYSIS:ANTISMASH_ANALYSIS:ANTISMASH (Pantoea_allii_BAV3070)	COMPLETED	0	2026-08-30 22:43:03.325	2026-08-30 22:43:03.421	2026-08-30 22:44:05.071	59.8s	2	6 GB	4.7 GB	7.8 GB	108.1%	3.0%	11.7 GB	77.8 MB
2569	71/621be8	BGC_ANALYSIS:ANTISMASH_ANALYSIS:ANTISMASH (Pantoea_allii_BAV3069)	COMPLETED	0	2026-08-30 22:43:04.150	2026-08-30 22:43:04.246	2026-08-30 22:44:08.473	1m 2s	2	6 GB	4.7 GB	7.8 GB	105.7%	5.6%	9.5 GB	85.6 MB
2585	fe/c01d09	BGC_ANALYSIS:ANTISMASH_ANALYSIS:ANTISMASH (Pantoea_anthophila_PGPR-34)	COMPLETED	0	2026-08-30 22:43:43.773	2026-08-30 22:43:43.868	2026-08-30 22:44:19.161	33.5s	2	6 GB	485.5 MB	7.8 GB	101.4%	0.8%	1.5 GB	60 MB
2572	be/e81361	BGC_ANALYSIS:ANTISMASH_ANALYSIS:ANTISMASH (Pantoea_allii_BAV3074)	COMPLETED	0	2026-08-30 22:43:21.445	2026-08-30 22:43:21.541	2026-08-30 22:44:20.509	56.9s	2	6 GB	4.8 GB	7.8 GB	106.9%	5.7%	11.5 GB	74.3 MB
2574	0c/80da1f	BGC_ANALYSIS:ANTISMASH_ANALYSIS:ANTISMASH (Pantoea_allii_DOAB1035_LMG24202)	COMPLETED	0	2026-08-30 22:43:33.785	2026-08-30 22:43:33.881	2026-08-30 22:44:21.615	45.9s	2	6 GB	4.7 GB	7.9 GB	125.6%	5.7%	10.9 GB	62.1 MB
2578	fe/8fe4c0	BGC_ANALYSIS:ANTISMASH_ANALYSIS:ANTISMASH (Pantoea_allii_J12b)	COMPLETED	0	2026-08-30 22:44:02.013	2026-08-30 22:44:02.109	2026-08-30 22:44:37.374	33.5s	2	6 GB	729.9 MB	7.8 GB	93.4%	1.3%	1.5 GB	77.5 MB
2575	b8/e125a4	BGC_ANALYSIS:ANTISMASH_ANALYSIS:ANTISMASH (Pantoea_allii_DOAB1036)	COMPLETED	0	2026-08-30 22:43:48.792	2026-08-30 22:43:48.889	2026-08-30 22:44:49.066	58.2s	2	6 GB	4.7 GB	7.8 GB	108.2%	3.1%	11.6 GB	79.5 MB
2577	26/d99402	BGC_ANALYSIS:ANTISMASH_ANALYSIS:ANTISMASH (Pantoea_allii_DOAB1051)	COMPLETED	0	2026-08-30 22:44:05.074	2026-08-30 22:44:05.172	2026-08-30 22:44:51.385	44.4s	2	6 GB	4.9 GB	7.9 GB	128.1%	7.5%	10.9 GB	60.4 MB
2579	1f/6f0563	BGC_ANALYSIS:ANTISMASH_ANALYSIS:ANTISMASH (Pantoea_allii_LMG24248)	COMPLETED	0	2026-08-30 22:44:08.477	2026-08-30 22:44:08.574	2026-08-30 22:44:54.848	44.3s	2	6 GB	4.7 GB	7.8 GB	126.5%	4.3%	10.9 GB	62.5 MB
2586	a5/d09c9d	BGC_ANALYSIS:ANTISMASH_ANALYSIS:ANTISMASH (Pantoea_dispersa_1175)	COMPLETED	0	2026-08-30 22:44:21.617	2026-08-30 22:44:21.715	2026-08-30 22:44:59.328	35.8s	2	6 GB	716.4 MB	7.8 GB	94.3%	1.2%	1.6 GB	77.4 MB
2589	b4/b32228	BGC_ANALYSIS:ANTISMASH_ANALYSIS:ANTISMASH (Pantoea_septica_A31016)	COMPLETED	0	2026-08-30 22:44:51.388	2026-08-30 22:44:51.485	2026-08-30 22:45:13.439	20.1s	2	6 GB	755.4 MB	7.8 GB	128.4%	1.3%	855.8 MB	60 MB
2584	c3/5fb8ff	BGC_ANALYSIS:ANTISMASH_ANALYSIS:ANTISMASH (Pantoea_ananatis_J-2)	COMPLETED	0	2026-08-30 22:44:20.513	2026-08-30 22:44:20.609	2026-08-30 22:45:14.369	51.7s	2	6 GB	4.8 GB	7.8 GB	107.2%	3.3%	9.4 GB	69.9 MB
2587	0f/84d5dc	BGC_ANALYSIS:ANTISMASH_ANALYSIS:ANTISMASH (Pantoea_eucalypti_GY78_10)	COMPLETED	0	2026-08-30 22:44:54.852	2026-08-30 22:44:54.948	2026-08-30 22:45:16.487	19.3s	2	6 GB	801.4 MB	7.8 GB	129.2%	1.4%	845.9 MB	59 MB
2588	b8/683ec6	BGC_ANALYSIS:ANTISMASH_ANALYSIS:ANTISMASH (Pantoea_eucrina_T22)	COMPLETED	0	2026-08-30 22:44:59.331	2026-08-30 22:44:59.428	2026-08-30 22:45:18.439	17s	2	6 GB	713.2 MB	7.8 GB	117.7%	1.1%	744.4 MB	49.2 MB
2581	f1/529db8	BGC_ANALYSIS:ANTISMASH_ANALYSIS:ANTISMASH (Pantoea_allii_MAI6006)	COMPLETED	0	2026-08-30 22:44:19.164	2026-08-30 22:44:19.262	2026-08-30 22:45:25.294	1m 4s	2	6 GB	4.7 GB	7.8 GB	106.6%	3.7%	11.9 GB	87.9 MB
2590	4c/338b8a	BGC_ANALYSIS:ANTISMASH_ANALYSIS:ANTISMASH (Pantoea_sp._AN62)	COMPLETED	0	2026-08-30 22:44:49.069	2026-08-30 22:44:49.166	2026-08-30 22:45:28.503	37.5s	2	6 GB	721.7 MB	7.8 GB	94.8%	1.2%	1.7 GB	79.3 MB
2596	65/74c149	BGC_ANALYSIS:ANTISMASH_ANALYSIS:ANTISMASH (Winslowiella_sp._2C04)	COMPLETED	0	2026-08-30 22:45:16.490	2026-08-30 22:45:16.587	2026-08-30 22:45:37.276	19s	2	6 GB	823.6 MB	7.8 GB	135.3%	1.4%	856.1 MB	61.1 MB
2583	f3/6a07f0	BGC_ANALYSIS:ANTISMASH_ANALYSIS:ANTISMASH (Pantoea_allii_MAI6022)	COMPLETED	0	2026-08-30 22:44:37.377	2026-08-30 22:44:37.474	2026-08-30 22:45:38.071	58.7s	2	6 GB	4.8 GB	8.2 GB	131.4%	3.3%	22.5 GB	65.9 MB
2595	5c/6264a7	BGC_ANALYSIS:ANTISMASH_ANALYSIS:ANTISMASH (Pantoea_sp._NSTU24)	COMPLETED	0	2026-08-30 22:45:18.443	2026-08-30 22:45:18.539	2026-08-30 22:45:38.440	18s	2	6 GB	765.8 MB	7.8 GB	123.6%	1.3%	765.3 MB	53.6 MB
2598	c8/8f8361	BGC_ANALYSIS:ANTISMASH_ANALYSIS:ANTISMASH (Buchnera_aphidicola_Diuraphis_noxia_SA5)	COMPLETED	0	2026-08-30 22:45:37.280	2026-08-30 22:45:37.376	2026-08-30 22:45:44.189	5s	2	6 GB	207.5 MB	2.7 GB	107.5%	0.3%	244.7 MB	5.8 MB
2593	83/2d5d5c	BGC_ANALYSIS:ANTISMASH_ANALYSIS:ANTISMASH (Pantoea_sp._FN0305)	COMPLETED	0	2026-08-30 22:45:14.372	2026-08-30 22:45:14.469	2026-08-30 22:45:44.415	28.4s	2	6 GB	696.3 MB	7.8 GB	93.9%	1.2%	1.1 GB	63.3 MB
2592	f8/b5edeb	BGC_ANALYSIS:ANTISMASH_ANALYSIS:ANTISMASH (Pantoea_sp._FN0302)	COMPLETED	0	2026-08-30 22:45:25.299	2026-08-30 22:45:25.395	2026-08-30 22:45:49.086	21.7s	2	6 GB	731.7 MB	7.8 GB	108.3%	1.3%	989.6 MB	57.9 MB
2597	34/797d49	BGC_ANALYSIS:ANTISMASH_ANALYSIS:ANTISMASH (Buchnera_aphidicola_Diuraphis_noxia_SA1)	COMPLETED	0	2026-08-30 22:45:44.192	2026-08-30 22:45:44.289	2026-08-30 22:45:51.487	5.2s	2	6 GB	207.8 MB	2.7 GB	106.1%	0.3%	244.8 MB	5.8 MB
2594	bd/e09a87	BGC_ANALYSIS:ANTISMASH_ANALYSIS:ANTISMASH (Pantoea_sp._FN0307)	COMPLETED	0	2026-08-30 22:45:28.508	2026-08-30 22:45:28.603	2026-08-30 22:45:53.133	22.5s	2	6 GB	726.4 MB	7.8 GB	98.1%	1.3%	938.7 MB	57.7 MB
2601	21/d00098	BGC_ANALYSIS:ANTISMASH_ANALYSIS:ANTISMASH (Buchnera_aphidicola_str._APS_Acyrthosiphon_pisum_APS_2)	COMPLETED	0	2026-08-30 22:45:53.139	2026-08-30 22:45:53.233	2026-08-30 22:46:00.217	5.2s	2	6 GB	208.5 MB	2.7 GB	108.6%	0.3%	244.4 MB	5.4 MB
2591	01/9c33c3	BGC_ANALYSIS:ANTISMASH_ANALYSIS:ANTISMASH (Pantoea_sp._EEL5)	COMPLETED	0	2026-08-30 22:45:13.442	2026-08-30 22:45:13.539	2026-08-30 22:46:01.755	46.6s	2	6 GB	4.7 GB	7.8 GB	115.5%	7.9%	9.6 GB	66 MB
2599	c8/d16716	BGC_ANALYSIS:ANTISMASH_ANALYSIS:ANTISMASH (Buchnera_aphidicola_Diuraphis_noxia_SAM2)	COMPLETED	0	2026-08-30 22:46:00.220	2026-08-30 22:46:00.317	2026-08-30 22:46:07.283	5.2s	2	6 GB	207.6 MB	2.7 GB	106.8%	0.3%	244.7 MB	5.8 MB
2611	03/a450cf	BGC_ANALYSIS:ANTISMASH_ANALYSIS:ANTISMASH (Erwinia_rhapontici_EDr1-9)	COMPLETED	0	2026-08-30 22:45:38.444	2026-08-30 22:45:38.540	2026-08-30 22:46:12.687	32.3s	2	6 GB	496.5 MB	7.7 GB	101.3%	0.7%	1.4 GB	58.7 MB
2609	24/f763c4	BGC_ANALYSIS:ANTISMASH_ANALYSIS:ANTISMASH (Erwinia_billingiae_MFD04612_ilm_asm_bin4)	COMPLETED	0	2026-08-30 22:45:38.075	2026-08-30 22:45:38.171	2026-08-30 22:46:13.530	33.6s	2	6 GB	675.4 MB	7.7 GB	93.5%	1.2%	1.5 GB	78.7 MB
2602	44/0587e9	BGC_ANALYSIS:ANTISMASH_ANALYSIS:ANTISMASH (Erwinia_amylovora_FCUP_106)	COMPLETED	0	2026-08-30 22:45:44.419	2026-08-30 22:45:44.515	2026-08-30 22:46:14.509	28s	2	6 GB	614.9 MB	7.7 GB	97.5%	1.0%	1.2 GB	61 MB
2603	a7/b0c3a7	BGC_ANALYSIS:ANTISMASH_ANALYSIS:ANTISMASH (Erwinia_amylovora_FCUP_107)	COMPLETED	0	2026-08-30 22:45:49.089	2026-08-30 22:45:49.186	2026-08-30 22:46:17.714	26.6s	2	6 GB	601.8 MB	7.7 GB	95.1%	1.0%	1.1 GB	58.5 MB
2600	0f/fa5d81	BGC_ANALYSIS:ANTISMASH_ANALYSIS:ANTISMASH (Buchnera_aphidicola_Pterocomma_populeum_55576)	COMPLETED	0	2026-08-30 22:46:13.533	2026-08-30 22:46:13.630	2026-08-30 22:46:20.435	5s	2	6 GB	205.2 MB	2.7 GB	107.2%	0.3%	239.2 MB	5.2 MB
2608	4f/52e95e	BGC_ANALYSIS:ANTISMASH_ANALYSIS:ANTISMASH (Erwinia_amylovora_FCUP_99)	COMPLETED	0	2026-08-30 22:45:51.490	2026-08-30 22:45:51.586	2026-08-30 22:46:20.782	27.5s	2	6 GB	659.7 MB	7.7 GB	95.3%	1.0%	1.2 GB	59.6 MB
2610	0e/8e7d1a	BGC_ANALYSIS:ANTISMASH_ANALYSIS:ANTISMASH (Erwinia_persicina_BST187)	COMPLETED	0	2026-08-30 22:46:07.288	2026-08-30 22:46:07.383	2026-08-30 22:46:28.760	19.6s	2	6 GB	823.6 MB	7.8 GB	134.3%	1.4%	824.1 MB	59.3 MB
2613	6a/ffdefe	BGC_ANALYSIS:ANTISMASH_ANALYSIS:ANTISMASH (Erwinia_rhapontici_QL2)	COMPLETED	0	2026-08-30 22:46:01.758	2026-08-30 22:46:01.855	2026-08-30 22:46:31.528	27.8s	2	6 GB	520.2 MB	7.7 GB	109.3%	0.8%	1.1 GB	53.7 MB
2607	c8/28660b	BGC_ANALYSIS:ANTISMASH_ANALYSIS:ANTISMASH (Erwinia_amylovora_FCUP_93)	COMPLETED	0	2026-08-30 22:46:14.512	2026-08-30 22:46:14.610	2026-08-30 22:46:45.412	29s	2	6 GB	648.1 MB	7.7 GB	95.3%	1.0%	1.2 GB	61 MB
2604	10/81fd46	BGC_ANALYSIS:ANTISMASH_ANALYSIS:ANTISMASH (Erwinia_amylovora_FCUP_112)	COMPLETED	0	2026-08-30 22:46:20.439	2026-08-30 22:46:20.535	2026-08-30 22:46:46.482	24.1s	2	6 GB	563.9 MB	7.3 GB	100.0%	1.0%	1 GB	56 MB
2615	58/defe24	BGC_ANALYSIS:ANTISMASH_ANALYSIS:ANTISMASH (Erwinia_rhapontici_QL4)	COMPLETED	0	2026-08-30 22:46:17.717	2026-08-30 22:46:17.814	2026-08-30 22:46:50.124	30.4s	2	6 GB	500.2 MB	7.8 GB	102.9%	0.7%	1.2 GB	55.6 MB
2606	d5/04bd70	BGC_ANALYSIS:ANTISMASH_ANALYSIS:ANTISMASH (Erwinia_amylovora_FCUP_46)	COMPLETED	0	2026-08-30 22:46:20.786	2026-08-30 22:46:20.882	2026-08-30 22:46:51.862	29.1s	2	6 GB	651.8 MB	7.7 GB	96.1%	1.0%	1.3 GB	61.6 MB
2605	ab/d7f1d5	BGC_ANALYSIS:ANTISMASH_ANALYSIS:ANTISMASH (Erwinia_amylovora_FCUP_14)	COMPLETED	0	2026-08-30 22:46:28.764	2026-08-30 22:46:28.860	2026-08-30 22:46:56.133	25.4s	2	6 GB	610 MB	7.7 GB	96.5%	1.0%	1 GB	56 MB
2621	94/109190	BGC_ANALYSIS:ANTISMASH_ANALYSIS:ANTISMASH (Erwinia_sp._PPS120)	COMPLETED	0	2026-08-30 22:46:12.691	2026-08-30 22:46:12.788	2026-08-30 22:46:58.301	43.8s	2	6 GB	694.9 MB	7.8 GB	95.4%	1.2%	2.2 GB	89.7 MB
2612	a2/25f52a	BGC_ANALYSIS:ANTISMASH_ANALYSIS:ANTISMASH (Erwinia_rhapontici_QL1)	COMPLETED	0	2026-08-30 22:46:31.531	2026-08-30 22:46:31.628	2026-08-30 22:46:59.176	25.8s	2	6 GB	580.4 MB	7.8 GB	116.2%	1.0%	1 GB	51.4 MB
2616	74/d07319	BGC_ANALYSIS:ANTISMASH_ANALYSIS:ANTISMASH (Erwinia_sp._BNK-24-a)	COMPLETED	0	2026-08-30 22:46:46.485	2026-08-30 22:46:46.582	2026-08-30 22:47:05.921	17.5s	2	6 GB	671.9 MB	7.4 GB	137.2%	1.0%	772.6 MB	36.2 MB
2618	d5/2bbabb	BGC_ANALYSIS:ANTISMASH_ANALYSIS:ANTISMASH (Erwinia_sp._BNK-25)	COMPLETED	0	2026-08-30 22:46:51.865	2026-08-30 22:46:51.963	2026-08-30 22:47:11.498	17.7s	2	6 GB	637.9 MB	7.4 GB	135.9%	1.1%	772.8 MB	36.2 MB
2614	ca/5e8e33	BGC_ANALYSIS:ANTISMASH_ANALYSIS:ANTISMASH (Erwinia_rhapontici_QL3)	COMPLETED	0	2026-08-30 22:46:50.126	2026-08-30 22:46:50.224	2026-08-30 22:47:19.277	27.2s	2	6 GB	525.6 MB	7.8 GB	107.1%	0.7%	1 GB	49.6 MB
2619	49/0b2924	BGC_ANALYSIS:ANTISMASH_ANALYSIS:ANTISMASH (Erwinia_sp._LJJL01_LJJL01)	COMPLETED	0	2026-08-30 22:46:59.180	2026-08-30 22:46:59.277	2026-08-30 22:47:21.953	20.8s	2	6 GB	853.3 MB	7.9 GB	134.4%	1.4%	878.9 MB	61.4 MB
2617	4d/da53b2	BGC_ANALYSIS:ANTISMASH_ANALYSIS:ANTISMASH (Erwinia_sp._BNK-24-b)	COMPLETED	0	2026-08-30 22:47:05.925	2026-08-30 22:47:06.021	2026-08-30 22:47:25.822	17.8s	2	6 GB	633.4 MB	7.4 GB	136.5%	1.1%	772.6 MB	36.2 MB
2623	5b/acfea6	BGC_ANALYSIS:ANTISMASH_ANALYSIS:ANTISMASH (Pantoea_agglomerans_20UT005)	COMPLETED	0	2026-08-30 22:46:56.137	2026-08-30 22:46:56.233	2026-08-30 22:47:29.655	31.5s	2	6 GB	706.3 MB	7.8 GB	93.8%	1.3%	1.4 GB	72.6 MB
2626	f6/cb8066	BGC_ANALYSIS:ANTISMASH_ANALYSIS:ANTISMASH (Pantoea_agglomerans_20UT092)	COMPLETED	0	2026-08-30 22:47:19.281	2026-08-30 22:47:19.377	2026-08-30 22:47:47.121	25.8s	2	6 GB	666.6 MB	7.7 GB	105.1%	1.2%	1.2 GB	70.1 MB
2630	fd/f0f6bd	BGC_ANALYSIS:ANTISMASH_ANALYSIS:ANTISMASH (Pantoea_agglomerans_20WA0256)	COMPLETED	0	2026-08-30 22:47:25.826	2026-08-30 22:47:25.922	2026-08-30 22:47:59.860	32.1s	2	6 GB	717.3 MB	7.8 GB	93.9%	1.3%	1.4 GB	74.1 MB
2627	ad/68da69	BGC_ANALYSIS:ANTISMASH_ANALYSIS:ANTISMASH (Pantoea_agglomerans_20UT132)	COMPLETED	0	2026-08-30 22:46:58.305	2026-08-30 22:46:58.401	2026-08-30 22:48:01.349	1m 1s	2	6 GB	4.7 GB	7.8 GB	114.3%	4.6%	15.9 GB	72.3 MB
2640	fc/12fb78	BGC_ANALYSIS:ANTISMASH_ANALYSIS:ANTISMASH (Pantoea_agglomerans_21OR0142)	COMPLETED	0	2026-08-30 22:47:29.657	2026-08-30 22:47:29.754	2026-08-30 22:48:04.438	32.9s	2	6 GB	689.3 MB	7.7 GB	95.2%	1.2%	1.5 GB	76.5 MB
2620	ee/63ff94	BGC_ANALYSIS:ANTISMASH_ANALYSIS:ANTISMASH (Erwinia_sp._MFD00724_ilm_asm_bin8)	COMPLETED	0	2026-08-30 22:46:45.415	2026-08-30 22:46:45.512	2026-08-30 22:48:06.821	1m 19s	2	6 GB	676.7 MB	7.7 GB	99.8%	1.2%	4.5 GB	148.4 MB
2622	6f/5c309d	BGC_ANALYSIS:ANTISMASH_ANALYSIS:ANTISMASH (Pantoea_agglomerans_12C16O_24h_100_P16_coass_bin_13)	COMPLETED	0	2026-08-30 22:47:11.502	2026-08-30 22:47:11.599	2026-08-30 22:48:28.194	1m 15s	2	6 GB	720.1 MB	7.8 GB	98.7%	1.3%	4.2 GB	145.5 MB
2633	33/de0640	BGC_ANALYSIS:ANTISMASH_ANALYSIS:ANTISMASH (Pantoea_agglomerans_21CO001)	COMPLETED	0	2026-08-30 22:47:59.864	2026-08-30 22:47:59.960	2026-08-30 22:48:31.734	29.8s	2	6 GB	707.2 MB	7.8 GB	94.6%	1.3%	1.3 GB	70.6 MB
2628	5f/245d8a	BGC_ANALYSIS:ANTISMASH_ANALYSIS:ANTISMASH (Pantoea_agglomerans_20WA0188)	COMPLETED	0	2026-08-30 22:47:21.957	2026-08-30 22:47:22.053	2026-08-30 22:48:33.671	1m 10s	2	6 GB	4.7 GB	7.7 GB	114.3%	4.2%	19.9 GB	82.5 MB
2624	f3/7a33d7	BGC_ANALYSIS:ANTISMASH_ANALYSIS:ANTISMASH (Pantoea_agglomerans_20UT007)	COMPLETED	0	2026-08-30 22:48:01.352	2026-08-30 22:48:01.449	2026-08-30 22:48:35.759	32.4s	2	6 GB	668.2 MB	7.7 GB	95.6%	1.2%	1.5 GB	76 MB
2631	c9/38b84f	BGC_ANALYSIS:ANTISMASH_ANALYSIS:ANTISMASH (Pantoea_agglomerans_21CA0219)	COMPLETED	0	2026-08-30 22:48:06.825	2026-08-30 22:48:06.922	2026-08-30 22:48:43.856	34.9s	2	6 GB	703.7 MB	7.8 GB	92.8%	1.3%	1.6 GB	80.3 MB
2625	38/a0f148	BGC_ANALYSIS:ANTISMASH_ANALYSIS:ANTISMASH (Pantoea_agglomerans_20UT061)	COMPLETED	0	2026-08-30 22:47:47.124	2026-08-30 22:47:47.222	2026-08-30 22:48:55.769	1m 7s	2	6 GB	4.8 GB	8 GB	114.0%	3.6%	19.7 GB	77.8 MB
2643	a3/29eeda	BGC_ANALYSIS:ANTISMASH_ANALYSIS:ANTISMASH (Pantoea_agglomerans_21TX0196)	COMPLETED	0	2026-08-30 22:48:28.197	2026-08-30 22:48:28.295	2026-08-30 22:49:05.147	35.2s	2	6 GB	727.7 MB	7.8 GB	93.6%	1.3%	1.6 GB	82.4 MB
2644	21/8f2166	BGC_ANALYSIS:ANTISMASH_ANALYSIS:ANTISMASH (Pantoea_agglomerans_21UT177)	COMPLETED	0	2026-08-30 22:48:31.737	2026-08-30 22:48:31.834	2026-08-30 22:49:05.955	32.5s	2	6 GB	691.5 MB	7.7 GB	94.6%	1.2%	1.5 GB	76.8 MB
2632	23/8abfb3	BGC_ANALYSIS:ANTISMASH_ANALYSIS:ANTISMASH (Pantoea_agglomerans_21CA0223)	COMPLETED	0	2026-08-30 22:48:04.442	2026-08-30 22:48:04.539	2026-08-30 22:49:09.233	1m 3s	2	6 GB	4.9 GB	7.8 GB	111.5%	3.4%	17 GB	76.4 MB
2629	6f/084b5f	BGC_ANALYSIS:ANTISMASH_ANALYSIS:ANTISMASH (Pantoea_agglomerans_20WA0189)	COMPLETED	0	2026-08-30 22:48:35.761	2026-08-30 22:48:35.858	2026-08-30 22:49:10.893	33.2s	2	6 GB	712.4 MB	7.8 GB	94.3%	1.3%	1.5 GB	76.8 MB
2636	b2/4a0c76	BGC_ANALYSIS:ANTISMASH_ANALYSIS:ANTISMASH (Pantoea_agglomerans_21ID0148)	COMPLETED	0	2026-08-30 22:48:55.772	2026-08-30 22:48:55.870	2026-08-30 22:49:29.686	32s	2	6 GB	674.2 MB	7.7 GB	93.5%	1.1%	1.5 GB	75.6 MB
2638	4f/5fd146	BGC_ANALYSIS:ANTISMASH_ANALYSIS:ANTISMASH (Pantoea_agglomerans_21NY0094)	COMPLETED	0	2026-08-30 22:49:05.958	2026-08-30 22:49:06.055	2026-08-30 22:49:37.656	29.9s	2	6 GB	670.4 MB	7.7 GB	97.1%	1.1%	1.3 GB	71.2 MB
2637	d9/8bff7f	BGC_ANALYSIS:ANTISMASH_ANALYSIS:ANTISMASH (Pantoea_agglomerans_21ID0185)	COMPLETED	0	2026-08-30 22:49:05.151	2026-08-30 22:49:05.247	2026-08-30 22:49:37.728	30.8s	2	6 GB	722.3 MB	7.8 GB	94.5%	1.3%	1.3 GB	72.5 MB
2635	13/84049f	BGC_ANALYSIS:ANTISMASH_ANALYSIS:ANTISMASH (Pantoea_agglomerans_21GA0608)	COMPLETED	0	2026-08-30 22:48:33.674	2026-08-30 22:48:33.772	2026-08-30 22:49:43.417	1m 8s	2	6 GB	4.8 GB	7.8 GB	113.8%	3.3%	19.8 GB	79 MB
2634	d8/7c1546	BGC_ANALYSIS:ANTISMASH_ANALYSIS:ANTISMASH (Pantoea_agglomerans_21CO122)	COMPLETED	0	2026-08-30 22:48:43.860	2026-08-30 22:48:43.956	2026-08-30 22:49:45.840	60s	2	6 GB	4.8 GB	7.8 GB	110.5%	5.5%	14.2 GB	77.7 MB
2642	6f/dacd5b	BGC_ANALYSIS:ANTISMASH_ANALYSIS:ANTISMASH (Pantoea_agglomerans_21TX0002)	COMPLETED	0	2026-08-30 22:49:29.689	2026-08-30 22:49:29.787	2026-08-30 22:50:02.781	31.1s	2	6 GB	680.2 MB	7.7 GB	94.5%	1.2%	1.4 GB	73.1 MB
2657	2e/1d1990	BGC_ANALYSIS:ANTISMASH_ANALYSIS:ANTISMASH (Pantoea_agglomerans_GMG052)	COMPLETED	0	2026-08-30 22:49:37.732	2026-08-30 22:49:37.828	2026-08-30 22:50:08.675	29.1s	2	6 GB	707 MB	7.8 GB	96.7%	1.3%	1.3 GB	69 MB
2639	c1/2fa532	BGC_ANALYSIS:ANTISMASH_ANALYSIS:ANTISMASH (Pantoea_agglomerans_21NY0253)	COMPLETED	0	2026-08-30 22:49:09.237	2026-08-30 22:49:09.333	2026-08-30 22:50:23.691	1m 12s	2	6 GB	4.8 GB	7.8 GB	114.1%	3.3%	23.4 GB	77.9 MB
2651	f0/b477b0	BGC_ANALYSIS:ANTISMASH_ANALYSIS:ANTISMASH (Pantoea_agglomerans_BD1274-3)	COMPLETED	0	2026-08-30 22:49:10.896	2026-08-30 22:49:10.993	2026-08-30 22:50:27.808	1m 15s	2	6 GB	4.7 GB	7.8 GB	112.8%	7.9%	19.9 GB	82.9 MB
2661	4e/7d7ebf	BGC_ANALYSIS:ANTISMASH_ANALYSIS:ANTISMASH (Pantoea_agglomerans_MFD02586_ilm_asm_bin1)	COMPLETED	0	2026-08-30 22:49:45.843	2026-08-30 22:49:45.941	2026-08-30 22:50:34.410	46.6s	2	6 GB	704 MB	7.8 GB	96.5%	1.2%	2.3 GB	94.4 MB
2647	16/ee054e	BGC_ANALYSIS:ANTISMASH_ANALYSIS:ANTISMASH (Pantoea_agglomerans_21WA0051)	COMPLETED	0	2026-08-30 22:50:02.784	2026-08-30 22:50:02.881	2026-08-30 22:50:36.893	32.2s	2	6 GB	672.6 MB	7.8 GB	97.8%	1.1%	1.3 GB	72.1 MB
2646	69/96a83e	BGC_ANALYSIS:ANTISMASH_ANALYSIS:ANTISMASH (Pantoea_agglomerans_21WA0027)	COMPLETED	0	2026-08-30 22:50:08.679	2026-08-30 22:50:08.775	2026-08-30 22:50:43.225	31.8s	2	6 GB	708.5 MB	7.8 GB	93.5%	1.3%	1.3 GB	72.9 MB
2649	c2/375473	BGC_ANALYSIS:ANTISMASH_ANALYSIS:ANTISMASH (Pantoea_agglomerans_AF_air_401)	COMPLETED	0	2026-08-30 22:50:23.694	2026-08-30 22:50:23.791	2026-08-30 22:50:45.454	19.4s	2	6 GB	781.2 MB	7.8 GB	114.8%	1.3%	821 MB	59.6 MB
2641	ed/490df2	BGC_ANALYSIS:ANTISMASH_ANALYSIS:ANTISMASH (Pantoea_agglomerans_21PA0045)	COMPLETED	0	2026-08-30 22:49:37.659	2026-08-30 22:49:37.728	2026-08-30 22:50:52.600	1m 13s	2	6 GB	4.7 GB	7.8 GB	113.6%	7.7%	19.8 GB	80.7 MB
2645	e4/decde9	BGC_ANALYSIS:ANTISMASH_ANALYSIS:ANTISMASH (Pantoea_agglomerans_21UT179)	COMPLETED	0	2026-08-30 22:49:43.420	2026-08-30 22:49:43.517	2026-08-30 22:50:58.157	1m 13s	2	6 GB	4.7 GB	7.8 GB	111.5%	5.6%	18.2 GB	80.6 MB
2652	52/622afa	BGC_ANALYSIS:ANTISMASH_ANALYSIS:ANTISMASH (Pantoea_agglomerans_Bru13)	COMPLETED	0	2026-08-30 22:50:36.896	2026-08-30 22:50:36.993	2026-08-30 22:50:58.704	19.8s	2	6 GB	770 MB	7.8 GB	128.0%	1.3%	830.9 MB	58.9 MB
2648	ae/759a5b	BGC_ANALYSIS:ANTISMASH_ANALYSIS:ANTISMASH (Pantoea_agglomerans_21WA0054)	COMPLETED	0	2026-08-30 22:50:27.812	2026-08-30 22:50:27.908	2026-08-30 22:50:59.606	29.8s	2	6 GB	669.9 MB	7.7 GB	96.8%	1.1%	1.3 GB	70.2 MB
2650	e6/f881a7	BGC_ANALYSIS:ANTISMASH_ANALYSIS:ANTISMASH (Pantoea_agglomerans_BCC0383)	COMPLETED	0	2026-08-30 22:50:34.414	2026-08-30 22:50:34.510	2026-08-30 22:51:14.629	38.2s	2	6 GB	685.8 MB	7.8 GB	94.3%	1.3%	1.7 GB	80.9 MB
2653	f9/99df40	BGC_ANALYSIS:ANTISMASH_ANALYSIS:ANTISMASH (Pantoea_agglomerans_C-113)	COMPLETED	0	2026-08-30 22:50:43.229	2026-08-30 22:50:43.325	2026-08-30 22:51:14.953	29.6s	2	6 GB	516.9 MB	7.8 GB	105.4%	0.8%	1.3 GB	55 MB
2668	ec/187f86	BGC_ANALYSIS:ANTISMASH_ANALYSIS:ANTISMASH (Pantoea_agglomerans_Ptg009)	COMPLETED	0	2026-08-30 22:50:45.457	2026-08-30 22:50:45.554	2026-08-30 22:51:21.830	34.3s	2	6 GB	714.7 MB	7.8 GB	94.5%	1.3%	1.5 GB	77.4 MB
2654	93/b78adf	BGC_ANALYSIS:ANTISMASH_ANALYSIS:ANTISMASH (Pantoea_agglomerans_C-187)	COMPLETED	0	2026-08-30 22:50:52.604	2026-08-30 22:50:52.700	2026-08-30 22:51:25.022	30.3s	2	6 GB	504.9 MB	7.8 GB	103.1%	0.7%	1.3 GB	56.4 MB
2655	ac/d61708	BGC_ANALYSIS:ANTISMASH_ANALYSIS:ANTISMASH (Pantoea_agglomerans_C-204)	COMPLETED	0	2026-08-30 22:50:58.160	2026-08-30 22:50:58.257	2026-08-30 22:51:31.461	31.4s	2	6 GB	506.3 MB	7.8 GB	104.3%	0.7%	1.4 GB	57.4 MB
2662	33/1fcfcc	BGC_ANALYSIS:ANTISMASH_ANALYSIS:ANTISMASH (Pantoea_agglomerans_MPB22)	COMPLETED	0	2026-08-30 22:51:14.955	2026-08-30 22:51:15.053	2026-08-30 22:51:36.572	19.8s	2	6 GB	807.6 MB	7.8 GB	127.6%	1.4%	858.3 MB	60.1 MB
2669	50/47ea70	BGC_ANALYSIS:ANTISMASH_ANALYSIS:ANTISMASH (Pantoea_agglomerans_Ptg012)	COMPLETED	0	2026-08-30 22:50:59.609	2026-08-30 22:50:59.707	2026-08-30 22:51:41.154	39.6s	2	6 GB	718.9 MB	7.8 GB	94.9%	1.3%	1.9 GB	88 MB
2658	6f/c89f8d	BGC_ANALYSIS:ANTISMASH_ANALYSIS:ANTISMASH (Pantoea_agglomerans_GMG427)	COMPLETED	0	2026-08-30 22:51:14.632	2026-08-30 22:51:14.729	2026-08-30 22:51:48.041	31.5s	2	6 GB	665.9 MB	7.7 GB	95.7%	1.2%	1.4 GB	74.5 MB
2663	2a/438884	BGC_ANALYSIS:ANTISMASH_ANALYSIS:ANTISMASH (Pantoea_agglomerans_PNG_01-1)	COMPLETED	0	2026-08-30 22:51:25.025	2026-08-30 22:51:25.122	2026-08-30 22:51:52.250	25.2s	2	6 GB	738.6 MB	7.8 GB	103.9%	1.3%	1.1 GB	66.5 MB
2656	05/592087	BGC_ANALYSIS:ANTISMASH_ANALYSIS:ANTISMASH (Pantoea_agglomerans_CV158)	COMPLETED	0	2026-08-30 22:51:31.465	2026-08-30 22:51:31.561	2026-08-30 22:52:07.567	34s	2	6 GB	700.6 MB	7.8 GB	95.1%	1.3%	1.5 GB	77.5 MB
2666	6b/542581	BGC_ANALYSIS:ANTISMASH_ANALYSIS:ANTISMASH (Pantoea_agglomerans_Ptg001)	COMPLETED	0	2026-08-30 22:51:36.575	2026-08-30 22:51:36.673	2026-08-30 22:52:24.302	45.6s	2	6 GB	734.3 MB	7.8 GB	98.4%	1.3%	2.3 GB	98.8 MB
2667	81/744b1f	BGC_ANALYSIS:ANTISMASH_ANALYSIS:ANTISMASH (Pantoea_agglomerans_Ptg003)	COMPLETED	0	2026-08-30 22:51:48.043	2026-08-30 22:51:48.141	2026-08-30 22:52:25.705	35.6s	2	6 GB	714.8 MB	7.8 GB	95.3%	1.3%	1.7 GB	82.2 MB
2665	02/872316	BGC_ANALYSIS:ANTISMASH_ANALYSIS:ANTISMASH (Pantoea_agglomerans_PNG_06-2)	COMPLETED	0	2026-08-30 22:51:41.157	2026-08-30 22:51:41.254	2026-08-30 22:52:37.342	54.1s	2	6 GB	3.2 GB	7.8 GB	131.6%	3.6%	19.1 GB	64.5 MB
2659	88/6ed9dc	BGC_ANALYSIS:ANTISMASH_ANALYSIS:ANTISMASH (Pantoea_agglomerans_LMG_2596)	COMPLETED	0	2026-08-30 22:51:21.833	2026-08-30 22:51:21.931	2026-08-30 22:52:42.004	1m 18s	2	6 GB	4.7 GB	7.8 GB	114.0%	7.2%	23.3 GB	86.8 MB
2678	45/6ec20f	BGC_ANALYSIS:ANTISMASH_ANALYSIS:ANTISMASH (Pantoea_dispersa_CT11-120)	COMPLETED	0	2026-08-30 22:52:24.306	2026-08-30 22:52:24.402	2026-08-30 22:52:46.099	19.7s	2	6 GB	784.4 MB	7.8 GB	130.4%	1.4%	846.9 MB	59.7 MB
2670	29/432eaf	BGC_ANALYSIS:ANTISMASH_ANALYSIS:ANTISMASH (Pantoea_agglomerans_Ptg013)	COMPLETED	0	2026-08-30 22:52:07.570	2026-08-30 22:52:07.668	2026-08-30 22:52:50.042	40.1s	2	6 GB	689.8 MB	7.8 GB	94.9%	1.3%	1.9 GB	88.2 MB
2672	b9/ab77a7	BGC_ANALYSIS:ANTISMASH_ANALYSIS:ANTISMASH (Pantoea_agglomerans_SR103)	COMPLETED	0	2026-08-30 22:52:25.708	2026-08-30 22:52:25.805	2026-08-30 22:52:50.260	22.5s	2	6 GB	793.9 MB	7.8 GB	124.4%	1.4%	882.8 MB	61.9 MB
2673	f8/4f8de8	BGC_ANALYSIS:ANTISMASH_ANALYSIS:ANTISMASH (Pantoea_agglomerans_UADEC20)	COMPLETED	0	2026-08-30 22:52:37.345	2026-08-30 22:52:37.443	2026-08-30 22:52:58.571	19.2s	2	6 GB	820.9 MB	7.8 GB	129.9%	1.4%	847.8 MB	60 MB
2664	2a/eaea9d	BGC_ANALYSIS:ANTISMASH_ANALYSIS:ANTISMASH (Pantoea_agglomerans_PNG_06-1)	COMPLETED	0	2026-08-30 22:51:52.253	2026-08-30 22:51:52.351	2026-08-30 22:52:59.293	1m 5s	2	6 GB	4.8 GB	8.1 GB	115.9%	5.6%	19.5 GB	73.7 MB
2688	ff/3939ff	BGC_ANALYSIS:ANTISMASH_ANALYSIS:ANTISMASH (Pantoea_sp._BJFS-204)	COMPLETED	0	2026-08-30 22:52:50.263	2026-08-30 22:52:50.359	2026-08-30 22:53:16.815	24.6s	2	6 GB	527.5 MB	7.8 GB	106.9%	0.7%	980.6 MB	46.9 MB
2671	65/547df3	BGC_ANALYSIS:ANTISMASH_ANALYSIS:ANTISMASH (Pantoea_agglomerans_Ptg016)	COMPLETED	0	2026-08-30 22:52:42.006	2026-08-30 22:52:42.103	2026-08-30 22:53:18.888	34.9s	2	6 GB	697.9 MB	7.8 GB	91.9%	1.3%	1.6 GB	78.4 MB
2692	5c/f52fff	BGC_ANALYSIS:ANTISMASH_ANALYSIS:ANTISMASH (Pantoea_sp._R13S299)	COMPLETED	0	2026-08-30 22:52:59.296	2026-08-30 22:52:59.394	2026-08-30 22:53:23.235	22s	2	6 GB	739.3 MB	7.8 GB	110.4%	1.3%	933.2 MB	61.1 MB
2687	3a/d059d8	BGC_ANALYSIS:ANTISMASH_ANALYSIS:ANTISMASH (Pantoea_sp._B65)	COMPLETED	0	2026-08-30 22:52:46.102	2026-08-30 22:52:46.200	2026-08-30 22:53:27.198	39.1s	2	6 GB	761.4 MB	7.8 GB	95.8%	1.3%	1.7 GB	87.7 MB
2675	d4/2ce484	BGC_ANALYSIS:ANTISMASH_ANALYSIS:ANTISMASH (Pantoea_allii_O64c)	COMPLETED	0	2026-08-30 22:52:50.045	2026-08-30 22:52:50.143	2026-08-30 22:53:37.519	45.5s	2	6 GB	4.9 GB	7.9 GB	126.5%	7.4%	10.9 GB	60.4 MB
2660	7c/2556c4	BGC_ANALYSIS:ANTISMASH_ANALYSIS:ANTISMASH (Pantoea_agglomerans_MFD00724_ilm_asm_bin2)	COMPLETED	0	2026-08-30 22:50:58.708	2026-08-30 22:50:58.804	2026-08-30 22:53:40.783	2m 40s	2	6 GB	726.3 MB	7.8 GB	103.2%	1.3%	10 GB	283.3 MB
2674	d5/690cf7	BGC_ANALYSIS:ANTISMASH_ANALYSIS:ANTISMASH (Pantoea_allii_Eh250)	COMPLETED	0	2026-08-30 22:52:58.574	2026-08-30 22:52:58.671	2026-08-30 22:53:45.592	45s	2	6 GB	4.7 GB	7.8 GB	126.7%	7.3%	11 GB	61.1 MB
2681	ca/5325ae	BGC_ANALYSIS:ANTISMASH_ANALYSIS:ANTISMASH (Pantoea_graminicola_KXB24)	COMPLETED	0	2026-08-30 22:53:23.238	2026-08-30 22:53:23.335	2026-08-30 22:53:51.294	26s	2	6 GB	730.1 MB	7.8 GB	95.0%	1.2%	1.1 GB	65.1 MB
2680	dd/b657d9	BGC_ANALYSIS:ANTISMASH_ANALYSIS:ANTISMASH (Pantoea_dispersa_UYSB45)	COMPLETED	0	2026-08-30 22:53:27.202	2026-08-30 22:53:27.298	2026-08-30 22:53:56.923	27.7s	2	6 GB	757.2 MB	7.8 GB	96.8%	1.3%	1.2 GB	70.8 MB
2682	20/db0862	BGC_ANALYSIS:ANTISMASH_ANALYSIS:ANTISMASH (Pantoea_graminicola_KXB25)	COMPLETED	0	2026-08-30 22:53:37.523	2026-08-30 22:53:37.619	2026-08-30 22:54:05.509	25.9s	2	6 GB	690.7 MB	7.8 GB	95.0%	1.2%	1.1 GB	64.6 MB
2677	74/41ab8a	BGC_ANALYSIS:ANTISMASH_ANALYSIS:ANTISMASH (Pantoea_dispersa_A003)	COMPLETED	0	2026-08-30 22:53:16.817	2026-08-30 22:53:16.915	2026-08-30 22:54:06.705	48.1s	2	6 GB	507.2 MB	7.7 GB	105.5%	0.9%	2.4 GB	84 MB
2684	45/288576	BGC_ANALYSIS:ANTISMASH_ANALYSIS:ANTISMASH (Pantoea_phytostimulans_C3)	COMPLETED	0	2026-08-30 22:53:45.598	2026-08-30 22:53:45.692	2026-08-30 22:54:08.158	20.5s	2	6 GB	780.3 MB	7.8 GB	122.7%	1.3%	905.8 MB	62.7 MB
2683	77/d625a5	BGC_ANALYSIS:ANTISMASH_ANALYSIS:ANTISMASH (Pantoea_graminicola_KXB45)	COMPLETED	0	2026-08-30 22:53:40.787	2026-08-30 22:53:40.883	2026-08-30 22:54:08.193	25.5s	2	6 GB	742.9 MB	7.8 GB	98.4%	1.3%	1.1 GB	63.7 MB
2676	f1/b482b7	BGC_ANALYSIS:ANTISMASH_ANALYSIS:ANTISMASH (Pantoea_ananatis_P1A3)	COMPLETED	0	2026-08-30 22:53:18.891	2026-08-30 22:53:18.988	2026-08-30 22:54:12.710	51.9s	2	6 GB	4.7 GB	7.8 GB	109.2%	5.7%	9.8 GB	70.3 MB
2686	da/391d79	BGC_ANALYSIS:ANTISMASH_ANALYSIS:ANTISMASH (Pantoea_sp._App145)	COMPLETED	0	2026-08-30 22:53:51.296	2026-08-30 22:53:51.394	2026-08-30 22:54:17.180	23.9s	2	6 GB	857.2 MB	7.9 GB	124.8%	1.4%	1 GB	75.5 MB
2679	c5/d4e41f	BGC_ANALYSIS:ANTISMASH_ANALYSIS:ANTISMASH (Pantoea_dispersa_PGPR-24)	COMPLETED	0	2026-08-30 22:53:56.927	2026-08-30 22:53:57.023	2026-08-30 22:54:24.324	25.4s	2	6 GB	748 MB	7.8 GB	101.3%	1.3%	1.1 GB	65.7 MB
2689	c3/fb0cf8	BGC_ANALYSIS:ANTISMASH_ANALYSIS:ANTISMASH (Pantoea_sp._GABEPS69)	COMPLETED	0	2026-08-30 22:54:08.196	2026-08-30 22:54:08.293	2026-08-30 22:54:30.743	20.5s	2	6 GB	843 MB	7.9 GB	123.5%	1.4%	952.2 MB	63.6 MB
2693	2a/68d58d	BGC_ANALYSIS:ANTISMASH_ANALYSIS:ANTISMASH (Pantoea_sp._S18_2)	COMPLETED	0	2026-08-30 22:54:12.713	2026-08-30 22:54:12.810	2026-08-30 22:54:36.047	21.1s	2	6 GB	826.3 MB	7.8 GB	127.0%	1.3%	925.2 MB	66 MB
2694	04/467be6	BGC_ANALYSIS:ANTISMASH_ANALYSIS:ANTISMASH (Pantoea_sp._SIMBA_079)	COMPLETED	0	2026-08-30 22:54:06.709	2026-08-30 22:54:06.805	2026-08-30 22:54:36.810	28.1s	2	6 GB	694 MB	7.8 GB	95.9%	1.2%	1.3 GB	63.3 MB
2690	19/747f79	BGC_ANALYSIS:ANTISMASH_ANALYSIS:ANTISMASH (Pantoea_sp._K13)	COMPLETED	0	2026-08-30 22:54:08.161	2026-08-30 22:54:08.193	2026-08-30 22:54:40.546	30.4s	2	6 GB	720.7 MB	7.8 GB	92.9%	1.3%	1.3 GB	70.8 MB
2696	c2/49a6b1	BGC_ANALYSIS:ANTISMASH_ANALYSIS:ANTISMASH (Pantoea_vagans_PMT5Y)	COMPLETED	0	2026-08-30 22:54:24.328	2026-08-30 22:54:24.424	2026-08-30 22:54:45.285	18.9s	2	6 GB	800.1 MB	7.8 GB	129.9%	1.3%	822.8 MB	58 MB
2691	f3/ec5300	BGC_ANALYSIS:ANTISMASH_ANALYSIS:ANTISMASH (Pantoea_sp._K16)	COMPLETED	0	2026-08-30 22:54:17.183	2026-08-30 22:54:17.280	2026-08-30 22:54:51.082	31.9s	2	6 GB	729.3 MB	7.8 GB	93.6%	1.3%	1.4 GB	73 MB
2698	f2/eead96	BGC_ANALYSIS:ANTISMASH_ANALYSIS:ANTISMASH (Erwinia_aphidicola_Dr4)	COMPLETED	0	2026-08-30 22:54:36.050	2026-08-30 22:54:36.147	2026-08-30 22:54:58.272	20.3s	2	6 GB	860.4 MB	7.9 GB	138.4%	1.4%	839.7 MB	60.8 MB
2700	c7/9b82b7	BGC_ANALYSIS:ANTISMASH_ANALYSIS:ANTISMASH (Erwinia_aphidicola_Dr7)	COMPLETED	0	2026-08-30 22:54:36.813	2026-08-30 22:54:36.910	2026-08-30 22:54:58.743	20s	2	6 GB	893.7 MB	8 GB	137.9%	1.5%	854.9 MB	60.8 MB
2704	e6/56b3c0	BGC_ANALYSIS:ANTISMASH_ANALYSIS:ANTISMASH (Erwinia_aphidicola_H649)	COMPLETED	0	2026-08-30 22:54:40.550	2026-08-30 22:54:40.646	2026-08-30 22:55:02.703	20.2s	2	6 GB	852.6 MB	7.9 GB	135.9%	1.4%	856.4 MB	60.8 MB
2703	f9/9bd5b6	BGC_ANALYSIS:ANTISMASH_ANALYSIS:ANTISMASH (Erwinia_aphidicola_H52)	COMPLETED	0	2026-08-30 22:54:45.288	2026-08-30 22:54:45.385	2026-08-30 22:55:07.200	20s	2	6 GB	889.3 MB	7.9 GB	135.6%	1.5%	880.1 MB	63.1 MB
2712	79/44ce03	BGC_ANALYSIS:ANTISMASH_ANALYSIS:ANTISMASH (Erwinia_billingiae_H133)	COMPLETED	0	2026-08-30 22:54:51.085	2026-08-30 22:54:51.183	2026-08-30 22:55:13.733	20.5s	2	6 GB	880.7 MB	7.9 GB	131.3%	1.4%	912.2 MB	65.8 MB
2685	12/3248de	BGC_ANALYSIS:ANTISMASH_ANALYSIS:ANTISMASH (Pantoea_sp._4M003)	COMPLETED	0	2026-08-30 22:54:05.514	2026-08-30 22:54:05.610	2026-08-30 22:55:14.724	1m 7s	2	6 GB	763.7 MB	7.8 GB	96.7%	1.3%	3.4 GB	132.7 MB
2707	2b/240346	BGC_ANALYSIS:ANTISMASH_ANALYSIS:ANTISMASH (Erwinia_billingiae_AK4)	COMPLETED	0	2026-08-30 22:54:58.747	2026-08-30 22:54:58.843	2026-08-30 22:55:20.688	19.9s	2	6 GB	865.6 MB	7.9 GB	134.7%	1.4%	856.6 MB	62.6 MB
2701	1e/290bae	BGC_ANALYSIS:ANTISMASH_ANALYSIS:ANTISMASH (Erwinia_aphidicola_H48)	COMPLETED	0	2026-08-30 22:54:58.276	2026-08-30 22:54:58.372	2026-08-30 22:55:22.709	22.4s	2	6 GB	885.1 MB	7.9 GB	135.5%	1.4%	948.5 MB	65.5 MB
2709	ec/303d41	BGC_ANALYSIS:ANTISMASH_ANALYSIS:ANTISMASH (Erwinia_billingiae_H1)	COMPLETED	0	2026-08-30 22:55:02.706	2026-08-30 22:55:02.804	2026-08-30 22:55:24.916	20.1s	2	6 GB	883.2 MB	7.9 GB	132.7%	1.5%	889.4 MB	64.2 MB
2695	fc/4ddc76	BGC_ANALYSIS:ANTISMASH_ANALYSIS:ANTISMASH (Pantoea_sp._sgz302252_2)	COMPLETED	0	2026-08-30 22:54:30.746	2026-08-30 22:54:30.843	2026-08-30 22:55:28.575	55.9s	2	6 GB	503.2 MB	7.7 GB	102.9%	0.8%	2.7 GB	91.3 MB
2702	c4/2a7ffa	BGC_ANALYSIS:ANTISMASH_ANALYSIS:ANTISMASH (Erwinia_aphidicola_H51)	COMPLETED	0	2026-08-30 22:55:07.204	2026-08-30 22:55:07.300	2026-08-30 22:55:31.701	22.5s	2	6 GB	888.1 MB	7.9 GB	131.9%	1.5%	934 MB	66.8 MB
2713	36/800b53	BGC_ANALYSIS:ANTISMASH_ANALYSIS:ANTISMASH (Erwinia_billingiae_H145)	COMPLETED	0	2026-08-30 22:55:14.728	2026-08-30 22:55:14.824	2026-08-30 22:55:37.829	20.9s	2	6 GB	873.9 MB	7.9 GB	129.2%	1.4%	899 MB	64.7 MB
2714	1f/aef812	BGC_ANALYSIS:ANTISMASH_ANALYSIS:ANTISMASH (Erwinia_billingiae_H154)	COMPLETED	0	2026-08-30 22:55:13.737	2026-08-30 22:55:13.833	2026-08-30 22:55:42.117	26.3s	2	6 GB	782.7 MB	7.8 GB	106.4%	1.3%	1.1 GB	71.3 MB
2720	5a/d30f10	BGC_ANALYSIS:ANTISMASH_ANALYSIS:ANTISMASH (Erwinia_billingiae_H3)	COMPLETED	0	2026-08-30 22:55:20.692	2026-08-30 22:55:20.788	2026-08-30 22:55:42.276	19.5s	2	6 GB	865.3 MB	7.9 GB	134.2%	1.4%	857.9 MB	62.7 MB
2697	af/ea3fe0	BGC_ANALYSIS:ANTISMASH_ANALYSIS:ANTISMASH (Erwinia_aphidicola_B39)	COMPLETED	0	2026-08-30 22:55:24.919	2026-08-30 22:55:25.171	2026-08-30 22:55:44.290	17.3s	2	6 GB	689.2 MB	7.4 GB	138.5%	1.2%	803.8 MB	38 MB
2706	5c/f0a56f	BGC_ANALYSIS:ANTISMASH_ANALYSIS:ANTISMASH (Erwinia_aphidicola_arugula143)	COMPLETED	0	2026-08-30 22:55:22.713	2026-08-30 22:55:22.809	2026-08-30 22:55:48.366	23.7s	2	6 GB	666.1 MB	7.7 GB	96.8%	1.1%	879.4 MB	57.6 MB
2710	e0/3b3ead	BGC_ANALYSIS:ANTISMASH_ANALYSIS:ANTISMASH (Erwinia_billingiae_H106)	COMPLETED	0	2026-08-30 22:55:28.581	2026-08-30 22:55:28.675	2026-08-30 22:55:50.931	20.3s	2	6 GB	882.4 MB	7.9 GB	130.1%	1.4%	912.2 MB	65.8 MB
2699	23/b080e4	BGC_ANALYSIS:ANTISMASH_ANALYSIS:ANTISMASH (Erwinia_aphidicola_Dr6)	COMPLETED	0	2026-08-30 22:55:31.704	2026-08-30 22:55:31.801	2026-08-30 22:55:53.675	19.9s	2	6 GB	868.4 MB	7.9 GB	133.7%	1.5%	874.9 MB	62.7 MB
2705	6e/23533c	BGC_ANALYSIS:ANTISMASH_ANALYSIS:ANTISMASH (Erwinia_aphidicola_V4)	COMPLETED	0	2026-08-30 22:55:37.832	2026-08-30 22:55:37.929	2026-08-30 22:56:02.409	22.5s	2	6 GB	845.3 MB	7.9 GB	125.4%	1.4%	852.8 MB	59.9 MB
2711	8c/ba2386	BGC_ANALYSIS:ANTISMASH_ANALYSIS:ANTISMASH (Erwinia_billingiae_H13)	COMPLETED	0	2026-08-30 22:55:42.278	2026-08-30 22:55:42.376	2026-08-30 22:56:04.621	20.5s	2	6 GB	877.1 MB	7.9 GB	136.6%	1.4%	862.4 MB	62.6 MB
2708	4f/8a1638	BGC_ANALYSIS:ANTISMASH_ANALYSIS:ANTISMASH (Erwinia_billingiae_EW2)	COMPLETED	0	2026-08-30 22:55:42.120	2026-08-30 22:55:42.217	2026-08-30 22:56:05.122	21s	2	6 GB	873.3 MB	7.9 GB	133.8%	1.4%	879.7 MB	64.4 MB
2725	fe/a5cc4f	BGC_ANALYSIS:ANTISMASH_ANALYSIS:ANTISMASH (Erwinia_billingiae_H58)	COMPLETED	0	2026-08-30 22:55:44.293	2026-08-30 22:55:44.390	2026-08-30 22:56:06.400	20s	2	6 GB	873.3 MB	7.9 GB	135.1%	1.4%	861.3 MB	63 MB
2717	9b/b5836c	BGC_ANALYSIS:ANTISMASH_ANALYSIS:ANTISMASH (Erwinia_billingiae_H216)	COMPLETED	0	2026-08-30 22:55:48.369	2026-08-30 22:55:48.466	2026-08-30 22:56:09.528	19.1s	2	6 GB	861.7 MB	7.9 GB	133.1%	1.4%	841.6 MB	61.1 MB
2716	c3/7d320d	BGC_ANALYSIS:ANTISMASH_ANALYSIS:ANTISMASH (Erwinia_billingiae_H191)	COMPLETED	0	2026-08-30 22:55:53.678	2026-08-30 22:55:53.775	2026-08-30 22:56:16.900	21s	2	6 GB	873.5 MB	7.9 GB	126.0%	1.4%	911.8 MB	64.9 MB
2719	79/58e244	BGC_ANALYSIS:ANTISMASH_ANALYSIS:ANTISMASH (Erwinia_billingiae_H255)	COMPLETED	0	2026-08-30 22:56:02.412	2026-08-30 22:56:02.509	2026-08-30 22:56:20.601	16s	2	6 GB	667.3 MB	7.4 GB	138.6%	1.1%	799.7 MB	37.5 MB
2715	61/10a304	BGC_ANALYSIS:ANTISMASH_ANALYSIS:ANTISMASH (Erwinia_billingiae_H17)	COMPLETED	0	2026-08-30 22:55:50.934	2026-08-30 22:55:51.031	2026-08-30 22:56:21.176	28.3s	2	6 GB	732.3 MB	7.8 GB	100.8%	1.3%	1.1 GB	72.2 MB
2721	0b/06d1c7	BGC_ANALYSIS:ANTISMASH_ANALYSIS:ANTISMASH (Erwinia_billingiae_H34)	COMPLETED	0	2026-08-30 22:56:04.624	2026-08-30 22:56:04.722	2026-08-30 22:56:22.577	16.1s	2	6 GB	672.2 MB	7.4 GB	138.7%	1.1%	806.9 MB	38 MB
2718	c3/cedbe5	BGC_ANALYSIS:ANTISMASH_ANALYSIS:ANTISMASH (Erwinia_billingiae_H227)	COMPLETED	0	2026-08-30 22:56:05.125	2026-08-30 22:56:05.223	2026-08-30 22:56:26.602	19.5s	2	6 GB	850.8 MB	7.9 GB	133.1%	1.4%	848.9 MB	61.3 MB
2723	38/0382ca	BGC_ANALYSIS:ANTISMASH_ANALYSIS:ANTISMASH (Erwinia_billingiae_H481)	COMPLETED	0	2026-08-30 22:56:06.402	2026-08-30 22:56:06.500	2026-08-30 22:56:28.257	19.9s	2	6 GB	879.9 MB	7.9 GB	133.7%	1.4%	877.7 MB	64 MB
2722	05/e52c2b	BGC_ANALYSIS:ANTISMASH_ANALYSIS:ANTISMASH (Erwinia_billingiae_H429)	COMPLETED	0	2026-08-30 22:56:09.531	2026-08-30 22:56:09.629	2026-08-30 22:56:31.928	20.4s	2	6 GB	901.5 MB	7.9 GB	129.6%	1.4%	900.1 MB	64.8 MB
2724	d9/f952d5	BGC_ANALYSIS:ANTISMASH_ANALYSIS:ANTISMASH (Erwinia_billingiae_H484)	COMPLETED	0	2026-08-30 22:56:16.904	2026-08-30 22:56:17.000	2026-08-30 22:56:39.575	20.5s	2	6 GB	874.4 MB	7.9 GB	135.2%	1.4%	872 MB	63.6 MB
2729	8f/46430c	BGC_ANALYSIS:ANTISMASH_ANALYSIS:ANTISMASH (Erwinia_billingiae_H655)	COMPLETED	0	2026-08-30 22:56:20.605	2026-08-30 22:56:20.702	2026-08-30 22:56:39.685	17.1s	2	6 GB	636.8 MB	7.4 GB	139.7%	1.1%	801.9 MB	37.7 MB
2728	49/3c9135	BGC_ANALYSIS:ANTISMASH_ANALYSIS:ANTISMASH (Erwinia_billingiae_H653)	COMPLETED	0	2026-08-30 22:56:21.179	2026-08-30 22:56:21.277	2026-08-30 22:56:39.962	16.7s	2	6 GB	672.3 MB	7.4 GB	140.8%	1.1%	812.1 MB	38.1 MB
2726	cd/2567ca	BGC_ANALYSIS:ANTISMASH_ANALYSIS:ANTISMASH (Erwinia_billingiae_H6)	COMPLETED	0	2026-08-30 22:56:22.580	2026-08-30 22:56:22.677	2026-08-30 22:56:47.149	22.4s	2	6 GB	698.1 MB	7.8 GB	114.3%	1.2%	966.7 MB	65.5 MB
2727	97/92c7d1	BGC_ANALYSIS:ANTISMASH_ANALYSIS:ANTISMASH (Erwinia_billingiae_H632)	COMPLETED	0	2026-08-30 22:56:28.261	2026-08-30 22:56:28.357	2026-08-30 22:56:50.718	20.3s	2	6 GB	887 MB	7.9 GB	127.5%	1.5%	906.3 MB	65.6 MB
2732	37/dad092	BGC_ANALYSIS:ANTISMASH_ANALYSIS:ANTISMASH (Erwinia_billingiae_H76)	COMPLETED	0	2026-08-30 22:56:39.578	2026-08-30 22:56:39.675	2026-08-30 22:57:01.077	19.6s	2	6 GB	886 MB	7.9 GB	135.8%	1.5%	869.2 MB	63.3 MB
2730	f9/a62847	BGC_ANALYSIS:ANTISMASH_ANALYSIS:ANTISMASH (Erwinia_billingiae_H668)	COMPLETED	0	2026-08-30 22:56:39.965	2026-08-30 22:56:40.063	2026-08-30 22:57:01.208	19.4s	2	6 GB	814.3 MB	7.8 GB	137.5%	1.4%	847.7 MB	61.2 MB
2731	3c/c81b1b	BGC_ANALYSIS:ANTISMASH_ANALYSIS:ANTISMASH (Erwinia_billingiae_H74)	COMPLETED	0	2026-08-30 22:56:39.687	2026-08-30 22:56:39.785	2026-08-30 22:57:02.210	20.6s	2	6 GB	891.6 MB	7.9 GB	133.4%	1.5%	904.3 MB	65.1 MB
2739	8a/ea66e8	BGC_ANALYSIS:ANTISMASH_ANALYSIS:ANTISMASH (Erwiniaceae_bacterium_sgz302543)	COMPLETED	0	2026-08-30 22:56:26.606	2026-08-30 22:56:26.702	2026-08-30 22:57:03.933	35.4s	2	6 GB	481.1 MB	7.7 GB	100.1%	0.7%	1.4 GB	55.6 MB
2740	f5/f0b194	BGC_ANALYSIS:ANTISMASH_ANALYSIS:ANTISMASH (Erwiniaceae_bacterium_sgz302547)	COMPLETED	0	2026-08-30 22:56:31.931	2026-08-30 22:56:32.028	2026-08-30 22:57:08.620	34.6s	2	6 GB	479.1 MB	7.8 GB	98.7%	0.7%	1.4 GB	55.6 MB
2733	b3/a31815	BGC_ANALYSIS:ANTISMASH_ANALYSIS:ANTISMASH (Erwinia_billingiae_P73)	COMPLETED	0	2026-08-30 22:56:50.721	2026-08-30 22:56:50.818	2026-08-30 22:57:21.900	29s	2	6 GB	717.7 MB	7.8 GB	96.8%	1.3%	1.2 GB	72.3 MB
2737	98/0cf26d	BGC_ANALYSIS:ANTISMASH_ANALYSIS:ANTISMASH (Erwinia_sp._GW821-FHT05B06)	COMPLETED	0	2026-08-30 22:57:01.079	2026-08-30 22:57:01.178	2026-08-30 22:57:21.908	19s	2	6 GB	840.7 MB	7.8 GB	134.1%	1.3%	829.5 MB	58.7 MB
2745	dc/138ff6	BGC_ANALYSIS:ANTISMASH_ANALYSIS:ANTISMASH (Pantoea_agglomerans_C-205)	COMPLETED	0	2026-08-30 22:56:47.152	2026-08-30 22:56:47.249	2026-08-30 22:57:22.842	33.8s	2	6 GB	731.6 MB	7.8 GB	94.4%	1.2%	1.5 GB	76 MB
2734	1d/8808af	BGC_ANALYSIS:ANTISMASH_ANALYSIS:ANTISMASH (Erwinia_papayae_CFBP_5189)	COMPLETED	0	2026-08-30 22:57:02.212	2026-08-30 22:57:02.310	2026-08-30 22:57:28.805	24.8s	2	6 GB	908 MB	7.9 GB	125.8%	1.4%	1.1 GB	72.5 MB
2735	5c/06b360	BGC_ANALYSIS:ANTISMASH_ANALYSIS:ANTISMASH (Erwinia_sp._GW821-FHT01B10)	COMPLETED	0	2026-08-30 22:57:01.211	2026-08-30 22:57:01.308	2026-08-30 22:57:38.682	35.7s	2	6 GB	700 MB	7.8 GB	94.1%	1.2%	1.6 GB	78.3 MB
2738	b0/108e4a	BGC_ANALYSIS:ANTISMASH_ANALYSIS:ANTISMASH (Erwinia_sp._L03-1)	COMPLETED	0	2026-08-30 22:57:21.904	2026-08-30 22:57:21.908	2026-08-30 22:57:40.797	17s	2	6 GB	673.3 MB	7.4 GB	133.9%	1.1%	765.7 MB	36 MB
2736	53/799859	BGC_ANALYSIS:ANTISMASH_ANALYSIS:ANTISMASH (Erwinia_sp._GW821-FHT03D09)	COMPLETED	0	2026-08-30 22:57:03.937	2026-08-30 22:57:04.034	2026-08-30 22:57:41.690	35.9s	2	6 GB	706.6 MB	7.8 GB	94.0%	1.2%	1.6 GB	78.3 MB
2748	4d/ecb204	BGC_ANALYSIS:ANTISMASH_ANALYSIS:ANTISMASH (Pantoea_agglomerans_C-208)	COMPLETED	0	2026-08-30 22:57:08.623	2026-08-30 22:57:08.720	2026-08-30 22:57:42.251	31.7s	2	6 GB	738 MB	7.8 GB	93.4%	1.3%	1.4 GB	72.7 MB
2754	40/a01aaa	BGC_ANALYSIS:ANTISMASH_ANALYSIS:ANTISMASH (Pantoea_agglomerans_C-239)	COMPLETED	0	2026-08-30 22:57:21.911	2026-08-30 22:57:22.009	2026-08-30 22:57:56.490	32.7s	2	6 GB	757.4 MB	7.8 GB	94.5%	1.3%	1.5 GB	75.6 MB
2742	8b/972762	BGC_ANALYSIS:ANTISMASH_ANALYSIS:ANTISMASH (Pantoea_agglomerans_C-196)	COMPLETED	0	2026-08-30 22:57:22.844	2026-08-30 22:57:22.942	2026-08-30 22:57:57.833	33s	2	6 GB	758.7 MB	7.8 GB	94.6%	1.3%	1.5 GB	76.2 MB
2741	d4/537c73	BGC_ANALYSIS:ANTISMASH_ANALYSIS:ANTISMASH (Pantoea_agglomerans_C-194)	COMPLETED	0	2026-08-30 22:57:28.808	2026-08-30 22:57:28.905	2026-08-30 22:57:59.782	28.8s	2	6 GB	735.7 MB	7.8 GB	99.2%	1.2%	1.3 GB	71.7 MB
2743	bc/d7a7ba	BGC_ANALYSIS:ANTISMASH_ANALYSIS:ANTISMASH (Pantoea_agglomerans_C-197)	COMPLETED	0	2026-08-30 22:57:38.686	2026-08-30 22:57:38.781	2026-08-30 22:58:10.249	29.6s	2	6 GB	703.7 MB	7.7 GB	95.9%	1.2%	1.3 GB	71.7 MB
2744	8c/1900a6	BGC_ANALYSIS:ANTISMASH_ANALYSIS:ANTISMASH (Pantoea_agglomerans_C-200)	COMPLETED	0	2026-08-30 22:57:40.800	2026-08-30 22:57:40.897	2026-08-30 22:58:12.428	29.8s	2	6 GB	766.4 MB	7.8 GB	95.8%	1.3%	1.3 GB	71.7 MB
2746	4b/b1ee0a	BGC_ANALYSIS:ANTISMASH_ANALYSIS:ANTISMASH (Pantoea_agglomerans_C-206)	COMPLETED	0	2026-08-30 22:57:41.692	2026-08-30 22:57:41.790	2026-08-30 22:58:13.182	29.7s	2	6 GB	748 MB	7.8 GB	94.8%	1.3%	1.3 GB	70.7 MB
2747	45/d379cc	BGC_ANALYSIS:ANTISMASH_ANALYSIS:ANTISMASH (Pantoea_agglomerans_C-207)	COMPLETED	0	2026-08-30 22:57:42.254	2026-08-30 22:57:42.351	2026-08-30 22:58:15.413	31.4s	2	6 GB	748.6 MB	7.8 GB	95.7%	1.3%	1.4 GB	73.7 MB
2753	26/3c93a6	BGC_ANALYSIS:ANTISMASH_ANALYSIS:ANTISMASH (Pantoea_agglomerans_C-216)	COMPLETED	0	2026-08-30 22:57:56.494	2026-08-30 22:57:56.590	2026-08-30 22:58:27.950	29.6s	2	6 GB	744.1 MB	7.8 GB	95.3%	1.2%	1.3 GB	70.7 MB
2762	c2/323336	BGC_ANALYSIS:ANTISMASH_ANALYSIS:ANTISMASH (Pantoea_agglomerans_C-254)	COMPLETED	0	2026-08-30 22:57:57.837	2026-08-30 22:57:57.934	2026-08-30 22:58:31.963	32.2s	2	6 GB	756 MB	7.8 GB	95.0%	1.3%	1.5 GB	75.7 MB
2752	fd/281bea	BGC_ANALYSIS:ANTISMASH_ANALYSIS:ANTISMASH (Pantoea_agglomerans_C-215)	COMPLETED	0	2026-08-30 22:57:59.786	2026-08-30 22:57:59.882	2026-08-30 22:58:32.763	31.2s	2	6 GB	780.2 MB	7.8 GB	94.6%	1.3%	1.4 GB	74.2 MB
2750	99/e5481b	BGC_ANALYSIS:ANTISMASH_ANALYSIS:ANTISMASH (Pantoea_agglomerans_C-212)	COMPLETED	0	2026-08-30 22:58:10.251	2026-08-30 22:58:10.348	2026-08-30 22:58:40.390	28.2s	2	6 GB	730.3 MB	7.8 GB	97.8%	1.2%	1.2 GB	70.2 MB
2763	74/a84f61	BGC_ANALYSIS:ANTISMASH_ANALYSIS:ANTISMASH (Pantoea_agglomerans_C-255)	COMPLETED	0	2026-08-30 22:58:13.185	2026-08-30 22:58:13.282	2026-08-30 22:58:46.869	31.9s	2	6 GB	735.4 MB	7.8 GB	93.8%	1.3%	1.4 GB	74.2 MB
2761	64/4fdaa9	BGC_ANALYSIS:ANTISMASH_ANALYSIS:ANTISMASH (Pantoea_agglomerans_C-252)	COMPLETED	0	2026-08-30 22:58:12.430	2026-08-30 22:58:12.528	2026-08-30 22:58:49.129	34.9s	2	6 GB	751.9 MB	7.8 GB	94.4%	1.3%	1.6 GB	79.2 MB
2749	89/d26f09	BGC_ANALYSIS:ANTISMASH_ANALYSIS:ANTISMASH (Pantoea_agglomerans_C-211)	COMPLETED	0	2026-08-30 22:58:15.415	2026-08-30 22:58:15.513	2026-08-30 22:58:49.896	32.6s	2	6 GB	756.3 MB	7.8 GB	95.3%	1.3%	1.5 GB	75.6 MB
2756	09/14be68	BGC_ANALYSIS:ANTISMASH_ANALYSIS:ANTISMASH (Pantoea_agglomerans_C-242)	COMPLETED	0	2026-08-30 22:58:27.953	2026-08-30 22:58:28.050	2026-08-30 22:59:01.457	31.6s	2	6 GB	783.8 MB	7.8 GB	95.7%	1.3%	1.4 GB	74.1 MB
2755	22/e78cf6	BGC_ANALYSIS:ANTISMASH_ANALYSIS:ANTISMASH (Pantoea_agglomerans_C-240)	COMPLETED	0	2026-08-30 22:58:32.766	2026-08-30 22:58:32.863	2026-08-30 22:59:04.216	29.5s	2	6 GB	754.6 MB	7.8 GB	96.8%	1.3%	1.3 GB	70.7 MB
2751	09/2df570	BGC_ANALYSIS:ANTISMASH_ANALYSIS:ANTISMASH (Pantoea_agglomerans_C-213)	COMPLETED	0	2026-08-30 22:58:31.966	2026-08-30 22:58:32.063	2026-08-30 22:59:05.913	32.1s	2	6 GB	764.1 MB	7.8 GB	95.1%	1.3%	1.4 GB	74.7 MB
2757	0d/e7e9df	BGC_ANALYSIS:ANTISMASH_ANALYSIS:ANTISMASH (Pantoea_agglomerans_C-245)	COMPLETED	0	2026-08-30 22:58:40.393	2026-08-30 22:58:40.490	2026-08-30 22:59:12.194	29.8s	2	6 GB	747.6 MB	7.8 GB	97.7%	1.3%	1.3 GB	72.3 MB
2760	68/16820c	BGC_ANALYSIS:ANTISMASH_ANALYSIS:ANTISMASH (Pantoea_agglomerans_C-250)	COMPLETED	0	2026-08-30 22:58:49.898	2026-08-30 22:58:49.996	2026-08-30 22:59:22.151	30.4s	2	6 GB	751.5 MB	7.8 GB	95.9%	1.3%	1.3 GB	71.7 MB
2759	82/516b00	BGC_ANALYSIS:ANTISMASH_ANALYSIS:ANTISMASH (Pantoea_agglomerans_C-248)	COMPLETED	0	2026-08-30 22:58:49.132	2026-08-30 22:58:49.230	2026-08-30 22:59:23.638	32.6s	2	6 GB	750.6 MB	7.8 GB	95.3%	1.3%	1.5 GB	75.7 MB
2758	8d/bdad8e	BGC_ANALYSIS:ANTISMASH_ANALYSIS:ANTISMASH (Pantoea_agglomerans_C-246)	COMPLETED	0	2026-08-30 22:58:46.872	2026-08-30 22:58:46.969	2026-08-30 22:59:24.198	35.4s	2	6 GB	709 MB	7.8 GB	93.6%	1.2%	1.7 GB	83.5 MB
2766	37/4ca2bb	BGC_ANALYSIS:ANTISMASH_ANALYSIS:ANTISMASH (Pantoea_agglomerans_C-262)	COMPLETED	0	2026-08-30 22:59:04.219	2026-08-30 22:59:04.316	2026-08-30 22:59:36.387	30.4s	2	6 GB	751.1 MB	7.8 GB	96.1%	1.3%	1.3 GB	71.7 MB
2768	ef/270c18	BGC_ANALYSIS:ANTISMASH_ANALYSIS:ANTISMASH (Pantoea_agglomerans_C-264)	COMPLETED	0	2026-08-30 22:59:05.916	2026-08-30 22:59:06.013	2026-08-30 22:59:36.526	28.6s	2	6 GB	757.7 MB	7.8 GB	100.7%	1.3%	1.3 GB	71.7 MB
2764	71/d2dbe9	BGC_ANALYSIS:ANTISMASH_ANALYSIS:ANTISMASH (Pantoea_agglomerans_C-256)	COMPLETED	0	2026-08-30 22:59:01.460	2026-08-30 22:59:01.557	2026-08-30 22:59:36.567	33.2s	2	6 GB	676 MB	7.7 GB	94.7%	1.2%	1.6 GB	78 MB
2765	ab/477f6b	BGC_ANALYSIS:ANTISMASH_ANALYSIS:ANTISMASH (Pantoea_agglomerans_C-258)	COMPLETED	0	2026-08-30 22:59:12.197	2026-08-30 22:59:12.294	2026-08-30 22:59:43.805	29.6s	2	6 GB	754.1 MB	7.8 GB	93.7%	1.3%	1.3 GB	70.7 MB
2779	c0/3f6443	BGC_ANALYSIS:ANTISMASH_ANALYSIS:ANTISMASH (Pantoea_agglomerans_C-396)	COMPLETED	0	2026-08-30 22:59:24.201	2026-08-30 22:59:24.298	2026-08-30 22:59:46.633	20.6s	2	6 GB	745.5 MB	7.8 GB	115.8%	1.3%	927.7 MB	62.7 MB
2767	0b/a8b1ff	BGC_ANALYSIS:ANTISMASH_ANALYSIS:ANTISMASH (Pantoea_agglomerans_C-263)	COMPLETED	0	2026-08-30 22:59:22.154	2026-08-30 22:59:22.251	2026-08-30 22:59:55.688	31.7s	2	6 GB	722.2 MB	7.8 GB	92.9%	1.3%	1.4 GB	73.2 MB
2773	2d/81d700	BGC_ANALYSIS:ANTISMASH_ANALYSIS:ANTISMASH (Pantoea_agglomerans_C-360)	COMPLETED	0	2026-08-30 22:59:36.389	2026-08-30 22:59:36.486	2026-08-30 22:59:57.428	19.2s	2	6 GB	780.9 MB	7.8 GB	126.9%	1.3%	869.2 MB	61.1 MB
2770	8c/ffa709	BGC_ANALYSIS:ANTISMASH_ANALYSIS:ANTISMASH (Pantoea_agglomerans_C-267)	COMPLETED	0	2026-08-30 22:59:23.641	2026-08-30 22:59:23.738	2026-08-30 22:59:57.914	32.4s	2	6 GB	745.5 MB	7.8 GB	94.9%	1.3%	1.4 GB	74.7 MB
2783	08/0e1467	BGC_ANALYSIS:ANTISMASH_ANALYSIS:ANTISMASH (Pantoea_agglomerans_arugula112)	COMPLETED	0	2026-08-30 22:59:36.529	2026-08-30 22:59:36.568	2026-08-30 22:59:59.790	21.4s	2	6 GB	680.7 MB	7.7 GB	99.1%	1.2%	888.3 MB	55.2 MB
2774	83/e4020e	BGC_ANALYSIS:ANTISMASH_ANALYSIS:ANTISMASH (Pantoea_agglomerans_C-370)	COMPLETED	0	2026-08-30 22:59:46.637	2026-08-30 22:59:46.733	2026-08-30 23:00:05.661	17.2s	2	6 GB	814.7 MB	7.8 GB	120.1%	1.3%	747.9 MB	58.5 MB
2769	1e/4f8131	BGC_ANALYSIS:ANTISMASH_ANALYSIS:ANTISMASH (Pantoea_agglomerans_C-266)	COMPLETED	0	2026-08-30 22:59:36.571	2026-08-30 22:59:36.667	2026-08-30 23:00:12.410	34s	2	6 GB	736.9 MB	7.8 GB	93.7%	1.3%	1.5 GB	77.5 MB
2772	d9/2d451c	BGC_ANALYSIS:ANTISMASH_ANALYSIS:ANTISMASH (Pantoea_agglomerans_C-307)	COMPLETED	0	2026-08-30 22:59:43.807	2026-08-30 22:59:43.905	2026-08-30 23:00:15.183	29.4s	2	6 GB	732.2 MB	7.8 GB	93.2%	1.3%	1.3 GB	71.7 MB
2775	7e/48bb9b	BGC_ANALYSIS:ANTISMASH_ANALYSIS:ANTISMASH (Pantoea_agglomerans_C-381)	COMPLETED	0	2026-08-30 22:59:57.431	2026-08-30 22:59:57.528	2026-08-30 23:00:20.372	21.2s	2	6 GB	812.5 MB	7.8 GB	122.9%	1.4%	938 MB	63.2 MB
2776	4e/a0257e	BGC_ANALYSIS:ANTISMASH_ANALYSIS:ANTISMASH (Pantoea_agglomerans_C-390)	COMPLETED	0	2026-08-30 22:59:57.916	2026-08-30 22:59:58.014	2026-08-30 23:00:20.585	20.8s	2	6 GB	802.6 MB	7.8 GB	118.1%	1.3%	878.9 MB	61.3 MB
2777	ed/d09c3b	BGC_ANALYSIS:ANTISMASH_ANALYSIS:ANTISMASH (Pantoea_agglomerans_C-392)	COMPLETED	0	2026-08-30 22:59:59.793	2026-08-30 22:59:59.894	2026-08-30 23:00:22.259	20.5s	2	6 GB	814.3 MB	7.8 GB	119.1%	1.3%	910.6 MB	62.3 MB
2771	ad/718169	BGC_ANALYSIS:ANTISMASH_ANALYSIS:ANTISMASH (Pantoea_agglomerans_C-290)	COMPLETED	0	2026-08-30 22:59:55.691	2026-08-30 22:59:55.788	2026-08-30 23:00:28.242	30.7s	2	6 GB	733.6 MB	7.8 GB	92.7%	1.3%	1.3 GB	73 MB
2780	9e/5b7e57	BGC_ANALYSIS:ANTISMASH_ANALYSIS:ANTISMASH (Pantoea_agglomerans_C-421)	COMPLETED	0	2026-08-30 23:00:12.413	2026-08-30 23:00:12.510	2026-08-30 23:00:35.251	20.7s	2	6 GB	739.4 MB	7.8 GB	118.8%	1.3%	900.8 MB	61.4 MB
2778	ea/364233	BGC_ANALYSIS:ANTISMASH_ANALYSIS:ANTISMASH (Pantoea_agglomerans_C-394)	COMPLETED	0	2026-08-30 23:00:05.665	2026-08-30 23:00:05.761	2026-08-30 23:00:36.115	28.5s	2	6 GB	725.5 MB	7.8 GB	97.1%	1.3%	1.1 GB	68.6 MB
2784	cd/f94153	BGC_ANALYSIS:ANTISMASH_ANALYSIS:ANTISMASH (Pantoea_ananatis_ZJ1)	COMPLETED	0	2026-08-30 23:00:15.185	2026-08-30 23:00:15.283	2026-08-30 23:00:36.521	19.2s	2	6 GB	825.6 MB	7.8 GB	134.5%	1.3%	846.1 MB	59.8 MB
2796	3a/7c7848	BGC_ANALYSIS:ANTISMASH_ANALYSIS:ANTISMASH (Pantoea_stewartii_subsp._indologenes_CG4)	COMPLETED	0	2026-08-30 23:00:20.588	2026-08-30 23:00:20.685	2026-08-30 23:00:41.290	18.9s	2	6 GB	780.9 MB	7.8 GB	126.2%	1.3%	848.7 MB	59.5 MB
2782	05/cd5e3c	BGC_ANALYSIS:ANTISMASH_ANALYSIS:ANTISMASH (Pantoea_agglomerans_alfalfa124)	COMPLETED	0	2026-08-30 23:00:20.375	2026-08-30 23:00:20.473	2026-08-30 23:00:43.589	21.4s	2	6 GB	562.7 MB	7.3 GB	94.1%	1.0%	880.9 MB	53.1 MB
2789	f8/d571f7	BGC_ANALYSIS:ANTISMASH_ANALYSIS:ANTISMASH (Pantoea_sp._MT58_2)	COMPLETED	0	2026-08-30 23:00:36.118	2026-08-30 23:00:36.214	2026-08-30 23:00:56.528	18.4s	2	6 GB	774.6 MB	7.8 GB	130.5%	1.3%	837.2 MB	58.4 MB
2788	74/7f596e	BGC_ANALYSIS:ANTISMASH_ANALYSIS:ANTISMASH (Pantoea_sp._GW821-FHT03E06)	COMPLETED	0	2026-08-30 23:00:36.524	2026-08-30 23:00:36.622	2026-08-30 23:00:58.307	19.9s	2	6 GB	794.5 MB	7.8 GB	128.4%	1.4%	886.4 MB	63.2 MB
2787	f9/9644a4	BGC_ANALYSIS:ANTISMASH_ANALYSIS:ANTISMASH (Pantoea_sp._CFCC18179)	COMPLETED	0	2026-08-30 23:00:22.262	2026-08-30 23:00:22.366	2026-08-30 23:01:01.426	37.2s	2	6 GB	775 MB	7.8 GB	94.2%	1.3%	1.7 GB	83.6 MB
2791	38/151194	BGC_ANALYSIS:ANTISMASH_ANALYSIS:ANTISMASH (Pantoea_sp._beansprout119)	COMPLETED	0	2026-08-30 23:00:43.592	2026-08-30 23:00:43.689	2026-08-30 23:01:03.601	18.1s	2	6 GB	685.8 MB	7.7 GB	117.7%	1.2%	798.2 MB	54.1 MB
2790	69/6ffca1	BGC_ANALYSIS:ANTISMASH_ANALYSIS:ANTISMASH (Pantoea_sp._beansprout11)	COMPLETED	0	2026-08-30 23:00:41.293	2026-08-30 23:00:41.391	2026-08-30 23:01:03.779	20.6s	2	6 GB	738.9 MB	7.8 GB	110.2%	1.3%	880.7 MB	59 MB
2786	32/dbafed	BGC_ANALYSIS:ANTISMASH_ANALYSIS:ANTISMASH (Pantoea_sp._CFCC18177)	COMPLETED	0	2026-08-30 23:00:28.246	2026-08-30 23:00:28.342	2026-08-30 23:01:12.032	41.6s	2	6 GB	759.8 MB	7.8 GB	91.7%	1.3%	1.9 GB	93.3 MB
2792	4d/bbada8	BGC_ANALYSIS:ANTISMASH_ANALYSIS:ANTISMASH (Pantoea_sp._beansprout122)	COMPLETED	0	2026-08-30 23:00:56.531	2026-08-30 23:00:56.628	2026-08-30 23:01:16.790	18.3s	2	6 GB	696.9 MB	7.7 GB	109.3%	1.2%	887.3 MB	56.3 MB
2785	e9/4d17ff	BGC_ANALYSIS:ANTISMASH_ANALYSIS:ANTISMASH (Pantoea_dispersa_PD8)	COMPLETED	0	2026-08-30 23:00:35.254	2026-08-30 23:00:35.351	2026-08-30 23:01:16.975	39.8s	2	6 GB	754.5 MB	7.8 GB	94.3%	1.3%	1.9 GB	88.1 MB
2794	6e/6c18b5	BGC_ANALYSIS:ANTISMASH_ANALYSIS:ANTISMASH (Pantoea_stewartii_subsp._indologenes_CG1)	COMPLETED	0	2026-08-30 23:01:01.429	2026-08-30 23:01:01.526	2026-08-30 23:01:20.458	17.2s	2	6 GB	815.2 MB	7.8 GB	127.8%	1.3%	906.1 MB	60.8 MB
2795	69/30a162	BGC_ANALYSIS:ANTISMASH_ANALYSIS:ANTISMASH (Pantoea_stewartii_subsp._indologenes_CG3)	COMPLETED	0	2026-08-30 23:01:03.604	2026-08-30 23:01:03.701	2026-08-30 23:01:21.620	16.2s	2	6 GB	842 MB	7.8 GB	127.5%	1.5%	849.6 MB	59.5 MB
2793	12/d3544e	BGC_ANALYSIS:ANTISMASH_ANALYSIS:ANTISMASH (Pantoea_sp._beansprout19)	COMPLETED	0	2026-08-30 23:00:58.309	2026-08-30 23:00:58.407	2026-08-30 23:01:23.019	22.8s	2	6 GB	698.2 MB	7.7 GB	95.2%	1.3%	1.1 GB	64.6 MB
2799	47/e71f39	BGC_ANALYSIS:CLUSTERING:BIGSCAPE (Erwiniaceae)	COMPLETED	0	2026-08-30 23:01:23.737	2026-08-30 23:01:23.820	2026-08-30 23:02:45.257	1m 16s	8	32 GB	15.9 GB	37.5 GB	522.0%	28.0%	2.6 GB	144.7 MB
2800	1c/13c661	BGC_ANALYSIS:CLUSTERING:EXTRACT_CLUSTERING_STATS (Erwiniaceae)	COMPLETED	0	2026-08-30 23:02:45.274	2026-08-30 23:02:45.357	2026-08-30 23:02:46.912	49ms	1	2 GB	12.1 MB	16 MB	85.1%	0.0%	845.8 KB	1 KB
2798	cb/e00571	BGC_ANALYSIS:TABULATE_REGIONS (Erwiniaceae)	COMPLETED	0	2026-08-30 23:01:23.703	2026-08-30 23:01:23.721	2026-08-30 23:03:17.986	1m 44s	1	2 GB	86.4 MB	90.1 MB	96.5%	0.1%	19.3 GB	56.4 KB
2797	a9/0cf5d8	BGC_ANALYSIS:COUNT_REGIONS (Erwiniaceae)	COMPLETED	0	2026-08-30 23:01:23.650	2026-08-30 23:01:23.720	2026-08-30 23:03:57.810	2m 24s	1	2 GB	117.7 MB	121.8 MB	99.8%	0.2%	19.3 GB	388 KB
2802	54/3cfe22	BGC_ANALYSIS:AGGREGATE_TAXONOMY (Aggregating BGC statistics by taxonomy)	COMPLETED	0	2026-08-30 23:03:57.825	2026-08-30 23:03:57.910	2026-08-30 23:03:59.645	181ms	1	2 GB	19.1 MB	23 MB	99.7%	0.0%	3.9 MB	2 MB
2803	bd/29929d	BGC_ANALYSIS:PHYLOGENY:GENBANK_TO_FASTA (100 genomes)	COMPLETED	0	2026-08-30 23:03:57.872	2026-08-30 23:03:57.911	2026-08-30 23:04:21.314	21.7s	1	2 GB	90.7 MB	2.3 GB	101.9%	0.1%	877.9 MB	478.3 MB
2804	9f/fd4564	BGC_ANALYSIS:PHYLOGENY:GENBANK_TO_FASTA (100 genomes)	COMPLETED	0	2026-08-30 23:03:57.876	2026-08-30 23:03:57.911	2026-08-30 23:04:21.976	22.3s	1	2 GB	93.6 MB	2.3 GB	102.3%	0.1%	876.5 MB	483.6 MB
2805	95/48ebb7	BGC_ANALYSIS:PHYLOGENY:GENBANK_TO_FASTA (98 genomes)	COMPLETED	0	2026-08-30 23:03:57.883	2026-08-30 23:03:57.911	2026-08-30 23:04:22.453	22.6s	1	2 GB	98.4 MB	2.3 GB	104.6%	0.2%	877.6 MB	470.4 MB
2801	89/7d5860	BGC_ANALYSIS:CLUSTERING:EXTRACT_GCF_REPRESENTATIVES (Erwiniaceae)	COMPLETED	0	2026-08-30 23:03:18.194	2026-08-30 23:03:18.286	2026-08-30 23:06:56.708	3m 26s	1	2 GB	203.5 MB	2.4 GB	100.5%	0.3%	19.5 GB	667.6 KB
2806	6a/87f5ca	BGC_ANALYSIS:PHYLOGENY:GTDBTK_CLASSIFY (Erwiniaceae)	COMPLETED	0	2026-08-30 23:04:22.509	2026-08-30 23:04:22.553	2026-08-31 00:34:05.534	1h 29m 41s	8	48 GB	104.9 GB	221.9 GB	177.3%	124.8%	238.8 GB	11.4 GB
2807	c7/ed68c2	BGC_ANALYSIS:COLLECT_VERSIONS (versions)	COMPLETED	0	2026-08-31 00:34:11.909	2026-08-31 00:34:11.936	2026-08-31 00:34:30.050	9.8s	1	2 GB	208.9 MB	2.5 GB	113.3%	0.3%	110.4 MB	2.8 KB
2808	ae/15cc4f	BGC_ANALYSIS:GCF_BIOSYNTHETIC_TREE (Erwiniaceae)	COMPLETED	0	2026-08-31 00:34:11.783	2026-08-31 00:34:11.836	2026-08-31 00:36:14.678	1m 49s	4	8 GB	189.3 MB	2.5 GB	103.0%	0.3%	10.7 GB	5.4 MB
2809	44/0137cc	BGC_ANALYSIS:VISUALIZE_RESULTS (Erwiniaceae)	COMPLETED	0	2026-08-31 00:36:14.751	2026-08-31 00:36:14.779	2026-08-31 00:36:21.144	5.3s	4	8 GB	184.3 MB	2.5 GB	118.2%	0.2%	65.4 MB	13.7 MB
