task_id	hash	name	status	exit	submit	start	complete	realtime	cpus	memory	peak_rss	peak_vmem	%cpu	%mem	rchar	wchar
5	9b/7503c6	BGC_ANALYSIS:ANTISMASH_ANALYSIS:GET_ANTISMASH_VERSION	COMPLETED	0	2026-08-30 11:30:22.359	2026-08-30 11:30:22.418	2026-08-30 11:30:25.512	2s	1	1 GB	117.8 MB	2.3 GB	127.2%	0.2%	36.1 MB	308 B
3	9c/10a20c	DOWNLOAD_GENOMES:NCBI_DATASETS_DOWNLOAD (Erwiniaceae)	COMPLETED	0	2026-08-30 11:30:22.373	2026-08-30 11:30:22.421	2026-08-30 11:41:07.932	10m 44s	4	8 GB	23.8 MB	1.2 GB	82.8%	0.0%	8 GB	23.8 GB
7	eb/46851c	DOWNLOAD_GENOMES:CREATE_NAME_MAP (Erwiniaceae)	COMPLETED	0	2026-08-30 11:41:08.095	2026-08-30 11:41:08.134	2026-08-30 11:41:09.411	69ms	1	2 GB	10.9 MB	15.3 MB	64.0%	0.0%	1.2 MB	143.3 KB
14	d1/4b30a8	DOWNLOAD_GENOMES:RENAME_GENOMES (100 genomes)	COMPLETED	0	2026-08-30 11:41:09.472	2026-08-30 11:41:09.511	2026-08-30 11:41:13.994	1.5s	1	2 GB	14.5 MB	18.6 MB	78.9%	0.0%	526.9 MB	525.8 MB
21	43/10bd82	DOWNLOAD_GENOMES:RENAME_GENOMES (100 genomes)	COMPLETED	0	2026-08-30 11:41:09.556	2026-08-30 11:41:09.635	2026-08-30 11:41:14.581	2.3s	1	2 GB	14.8 MB	18.6 MB	74.3%	0.0%	758.5 MB	757.4 MB
11	4d/200fcc	DOWNLOAD_GENOMES:RENAME_GENOMES (100 genomes)	COMPLETED	0	2026-08-30 11:41:09.565	2026-08-30 11:41:09.639	2026-08-30 11:41:15.106	2.8s	1	2 GB	14.9 MB	18.6 MB	59.4%	0.0%	735.9 MB	734.8 MB
22	84/7db331	DOWNLOAD_GENOMES:RENAME_GENOMES (100 genomes)	COMPLETED	0	2026-08-30 11:41:09.460	2026-08-30 11:41:09.510	2026-08-30 11:41:15.959	3.7s	1	2 GB	14.8 MB	18.6 MB	51.1%	0.0%	837.2 MB	836.1 MB
9	43/5f0214	DOWNLOAD_GENOMES:RENAME_GENOMES (100 genomes)	COMPLETED	0	2026-08-30 11:41:09.519	2026-08-30 11:41:09.614	2026-08-30 11:41:16.182	3.8s	1	2 GB	15 MB	18.6 MB	42.6%	0.0%	709.7 MB	708.6 MB
23	1d/1d95f9	DOWNLOAD_GENOMES:RENAME_GENOMES (100 genomes)	COMPLETED	0	2026-08-30 11:41:09.500	2026-08-30 11:41:09.513	2026-08-30 11:41:20.085	7.8s	1	2 GB	14.8 MB	18.6 MB	24.1%	0.0%	837.1 MB	836 MB
12	65/bec9b9	DOWNLOAD_GENOMES:RENAME_GENOMES (100 genomes)	COMPLETED	0	2026-08-30 11:41:09.529	2026-08-30 11:41:09.621	2026-08-30 11:41:25.366	13s	1	2 GB	15 MB	18.6 MB	13.5%	0.0%	787.5 MB	786.4 MB
25	e5/57980d	DOWNLOAD_GENOMES:RENAME_GENOMES (100 genomes)	COMPLETED	0	2026-08-30 11:41:09.586	2026-08-30 11:41:09.643	2026-08-30 11:41:25.463	12.6s	1	2 GB	15.1 MB	18.6 MB	12.2%	0.0%	653.8 MB	652.8 MB
17	04/f8bc20	DOWNLOAD_GENOMES:RENAME_GENOMES (100 genomes)	COMPLETED	0	2026-08-30 11:41:09.541	2026-08-30 11:41:09.634	2026-08-30 11:41:27.988	15.5s	1	2 GB	14.9 MB	18.6 MB	12.5%	0.0%	851.3 MB	850.2 MB
13	3e/21a3fd	DOWNLOAD_GENOMES:RENAME_GENOMES (100 genomes)	COMPLETED	0	2026-08-30 11:41:09.491	2026-08-30 11:41:09.513	2026-08-30 11:41:29.872	17.7s	1	2 GB	14.9 MB	18.6 MB	11.8%	0.0%	973.8 MB	972.7 MB
20	bd/d8694e	DOWNLOAD_GENOMES:RENAME_GENOMES (100 genomes)	COMPLETED	0	2026-08-30 11:41:09.638	2026-08-30 11:41:09.721	2026-08-30 11:41:31.166	18.5s	1	2 GB	14.8 MB	18.6 MB	10.1%	0.0%	843.1 MB	842 MB
8	a3/459a0e	DOWNLOAD_GENOMES:EXTRACT_TAXONOMY (Extracting taxonomy from NCBI metadata)	COMPLETED	0	2026-08-30 11:41:08.088	2026-08-30 11:41:08.132	2026-08-30 11:41:32.069	22.7s	1	2 GB	826.4 MB	2 GB	41.3%	1.4%	483.1 MB	2.6 MB
15	78/c73af7	DOWNLOAD_GENOMES:RENAME_GENOMES (100 genomes)	COMPLETED	0	2026-08-30 11:41:09.510	2026-08-30 11:41:09.514	2026-08-30 11:41:34.703	22.3s	1	2 GB	14.9 MB	18.6 MB	8.9%	0.0%	899.5 MB	898.4 MB
19	81/f15986	DOWNLOAD_GENOMES:RENAME_GENOMES (100 genomes)	COMPLETED	0	2026-08-30 11:41:09.608	2026-08-30 11:41:09.648	2026-08-30 11:41:36.926	24.4s	1	2 GB	15 MB	18.6 MB	8.0%	0.0%	881.2 MB	880.1 MB
10	3b/55c052	DOWNLOAD_GENOMES:RENAME_GENOMES (100 genomes)	COMPLETED	0	2026-08-30 11:41:09.482	2026-08-30 11:41:09.513	2026-08-30 11:41:38.715	26.3s	1	2 GB	14.9 MB	18.6 MB	7.8%	0.0%	941.7 MB	940.6 MB
36	4e/216009	DOWNLOAD_GENOMES:RENAME_GENOMES (60 genomes)	COMPLETED	0	2026-08-30 11:41:25.474	2026-08-30 11:41:25.563	2026-08-30 11:41:45.008	18s	1	2 GB	14.9 MB	18.6 MB	3.2%	0.0%	266.9 MB	265.8 MB
18	f8/440d58	DOWNLOAD_GENOMES:RENAME_GENOMES (100 genomes)	COMPLETED	0	2026-08-30 11:41:09.655	2026-08-30 11:41:09.722	2026-08-30 11:41:51.092	38.2s	1	2 GB	14.7 MB	18.6 MB	4.7%	0.0%	830.5 MB	829.4 MB
35	26/41dc85	DOWNLOAD_GENOMES:RENAME_GENOMES (100 genomes)	COMPLETED	0	2026-08-30 11:41:34.707	2026-08-30 11:41:34.803	2026-08-30 11:42:12.740	35.9s	1	2 GB	14.8 MB	18.6 MB	2.8%	0.0%	453.4 MB	452.3 MB
16	d1/8ffcc4	DOWNLOAD_GENOMES:RENAME_GENOMES (100 genomes)	COMPLETED	0	2026-08-30 11:41:14.002	2026-08-30 11:41:14.094	2026-08-30 11:42:18.465	1m 2s	1	2 GB	14.9 MB	18.6 MB	3.1%	0.0%	785.4 MB	784.3 MB
27	66/44d36b	DOWNLOAD_GENOMES:RENAME_GENOMES (100 genomes)	COMPLETED	0	2026-08-30 11:41:20.098	2026-08-30 11:41:20.186	2026-08-30 11:42:34.267	1m 13s	1	2 GB	14.9 MB	18.6 MB	3.8%	0.0%	907.1 MB	906 MB
31	ad/0aa69c	DOWNLOAD_GENOMES:RENAME_GENOMES (100 genomes)	COMPLETED	0	2026-08-30 11:41:14.590	2026-08-30 11:41:14.682	2026-08-30 11:42:36.376	1m 18s	1	2 GB	14.9 MB	18.6 MB	3.6%	0.0%	1011.5 MB	1010.4 MB
24	93/86ff1d	DOWNLOAD_GENOMES:RENAME_GENOMES (100 genomes)	COMPLETED	0	2026-08-30 11:41:15.115	2026-08-30 11:41:15.206	2026-08-30 11:42:39.011	1m 20s	1	2 GB	14.8 MB	18.6 MB	6.5%	0.0%	1 GB	1 GB
26	8f/e44862	DOWNLOAD_GENOMES:RENAME_GENOMES (100 genomes)	COMPLETED	0	2026-08-30 11:41:15.977	2026-08-30 11:41:16.061	2026-08-30 11:42:40.283	1m 21s	1	2 GB	15 MB	18.6 MB	6.4%	0.0%	1.1 GB	1.1 GB
30	cd/acad73	DOWNLOAD_GENOMES:RENAME_GENOMES (100 genomes)	COMPLETED	0	2026-08-30 11:41:27.993	2026-08-30 11:41:28.089	2026-08-30 11:42:43.389	1m 14s	1	2 GB	14.9 MB	18.6 MB	6.9%	0.0%	1001.4 MB	1000.3 MB
34	3b/bf55d4	DOWNLOAD_GENOMES:RENAME_GENOMES (100 genomes)	COMPLETED	0	2026-08-30 11:41:31.172	2026-08-30 11:41:31.266	2026-08-30 11:42:44.248	1m 12s	1	2 GB	14.9 MB	18.6 MB	6.6%	0.0%	983.5 MB	982.4 MB
33	61/f35fcc	DOWNLOAD_GENOMES:RENAME_GENOMES (100 genomes)	COMPLETED	0	2026-08-30 11:41:16.199	2026-08-30 11:41:16.286	2026-08-30 11:42:44.632	1m 25s	1	2 GB	14.8 MB	18.6 MB	8.3%	0.0%	1.1 GB	1.1 GB
29	77/b6a26a	DOWNLOAD_GENOMES:RENAME_GENOMES (100 genomes)	COMPLETED	0	2026-08-30 11:41:25.381	2026-08-30 11:41:25.463	2026-08-30 11:42:44.637	1m 18s	1	2 GB	14.7 MB	18.6 MB	8.6%	0.0%	1.1 GB	1.1 GB
28	79/55b93c	DOWNLOAD_GENOMES:RENAME_GENOMES (100 genomes)	COMPLETED	0	2026-08-30 11:41:32.074	2026-08-30 11:41:32.170	2026-08-30 11:42:46.231	1m 13s	1	2 GB	14.9 MB	18.6 MB	10.6%	0.0%	1 GB	1 GB
32	94/3b6bb4	DOWNLOAD_GENOMES:RENAME_GENOMES (100 genomes)	COMPLETED	0	2026-08-30 11:41:29.878	2026-08-30 11:41:29.973	2026-08-30 11:42:47.582	1m 16s	1	2 GB	14.8 MB	18.6 MB	10.0%	0.0%	1.1 GB	1.1 GB
48	9a/c3aaa2	BGC_ANALYSIS:ANTISMASH_ANALYSIS:ANTISMASH (Erwinia_amylovora_1581)	COMPLETED	0	2026-08-30 11:41:38.986	2026-08-30 11:41:39.016	2026-08-30 11:43:02.141	1m 22s	2	6 GB	317.7 MB	4.8 GB	43.1%	0.6%	1.6 GB	58.4 MB
50	8c/6cd4e6	BGC_ANALYSIS:ANTISMASH_ANALYSIS:ANTISMASH (Erwinia_amylovora_1602)	COMPLETED	0	2026-08-30 11:41:51.095	2026-08-30 11:41:51.192	2026-08-30 11:43:03.647	1m 11s	2	6 GB	490.3 MB	7.8 GB	54.3%	0.7%	1.8 GB	62.9 MB
45	54/3edc64	BGC_ANALYSIS:ANTISMASH_ANALYSIS:ANTISMASH (Erwinia_amylovora_1480-3)	COMPLETED	0	2026-08-30 11:42:36.380	2026-08-30 11:42:36.476	2026-08-30 11:43:32.816	54.7s	2	6 GB	476.3 MB	7.8 GB	83.8%	0.7%	1.9 GB	64.7 MB
42	fd/42e438	BGC_ANALYSIS:ANTISMASH_ANALYSIS:ANTISMASH (Erwinia_amylovora_1476)	COMPLETED	0	2026-08-30 11:42:40.296	2026-08-30 11:42:40.383	2026-08-30 11:43:33.782	50.6s	2	6 GB	475.6 MB	7.7 GB	86.9%	0.7%	1.7 GB	60.9 MB
39	bf/7bef50	BGC_ANALYSIS:ANTISMASH_ANALYSIS:ANTISMASH (Erwinia_amylovora_1280)	COMPLETED	0	2026-08-30 11:42:44.642	2026-08-30 11:42:44.738	2026-08-30 11:43:35.017	47.5s	2	6 GB	476.9 MB	7.8 GB	86.1%	0.7%	1.6 GB	57.8 MB
43	13/ef8ece	BGC_ANALYSIS:ANTISMASH_ANALYSIS:ANTISMASH (Erwinia_amylovora_1477-1)	COMPLETED	0	2026-08-30 11:42:47.687	2026-08-30 11:42:47.787	2026-08-30 11:43:38.953	48.3s	2	6 GB	478.3 MB	7.7 GB	86.6%	0.7%	1.7 GB	60.3 MB
41	53/64c6b8	BGC_ANALYSIS:ANTISMASH_ANALYSIS:ANTISMASH (Erwinia_amylovora_1400-2)	COMPLETED	0	2026-08-30 11:42:44.254	2026-08-30 11:42:44.348	2026-08-30 11:43:47.276	1m	2	6 GB	465.5 MB	7.8 GB	88.5%	0.7%	2.3 GB	74.6 MB
56	fb/622a52	BGC_ANALYSIS:ANTISMASH_ANALYSIS:ANTISMASH (Erwinia_amylovora_1668)	COMPLETED	0	2026-08-30 11:43:03.652	2026-08-30 11:43:03.747	2026-08-30 11:43:51.113	44.1s	2	6 GB	469.5 MB	7.8 GB	88.3%	0.7%	1.6 GB	57.9 MB
49	9c/45f273	BGC_ANALYSIS:ANTISMASH_ANALYSIS:ANTISMASH (Erwinia_amylovora_1598)	COMPLETED	0	2026-08-30 11:43:02.146	2026-08-30 11:43:02.241	2026-08-30 11:43:52.203	47.7s	2	6 GB	476.3 MB	7.7 GB	88.8%	0.7%	1.8 GB	63.3 MB
51	9d/aac1fd	BGC_ANALYSIS:ANTISMASH_ANALYSIS:ANTISMASH (Erwinia_amylovora_1609)	COMPLETED	0	2026-08-30 11:43:32.822	2026-08-30 11:43:32.916	2026-08-30 11:44:16.398	41.4s	2	6 GB	470.6 MB	7.8 GB	95.4%	0.7%	1.8 GB	61.4 MB
40	1c/9ab670	BGC_ANALYSIS:ANTISMASH_ANALYSIS:ANTISMASH (Erwinia_amylovora_1400-1)	COMPLETED	0	2026-08-30 11:43:35.021	2026-08-30 11:43:35.122	2026-08-30 11:44:17.733	40.6s	2	6 GB	476.8 MB	7.8 GB	94.7%	0.7%	1.7 GB	59.4 MB
47	90/9d68b9	BGC_ANALYSIS:ANTISMASH_ANALYSIS:ANTISMASH (Erwinia_amylovora_1486)	COMPLETED	0	2026-08-30 11:43:33.787	2026-08-30 11:43:33.882	2026-08-30 11:44:19.613	43.7s	2	6 GB	476.6 MB	7.8 GB	98.4%	0.7%	2 GB	66.3 MB
46	e9/85021c	BGC_ANALYSIS:ANTISMASH_ANALYSIS:ANTISMASH (Erwinia_amylovora_1482)	COMPLETED	0	2026-08-30 11:43:38.957	2026-08-30 11:43:39.052	2026-08-30 11:44:20.703	39.7s	2	6 GB	467.7 MB	7.8 GB	98.9%	0.7%	1.8 GB	61.8 MB
58	c2/62ce30	BGC_ANALYSIS:ANTISMASH_ANALYSIS:ANTISMASH (Erwinia_amylovora_1686)	COMPLETED	0	2026-08-30 11:43:47.281	2026-08-30 11:43:47.377	2026-08-30 11:44:26.520	37.2s	2	6 GB	462 MB	7.7 GB	101.2%	0.7%	1.7 GB	58.8 MB
38	f3/2e50e7	BGC_ANALYSIS:ANTISMASH_ANALYSIS:ANTISMASH (Erwinia_amylovora_1279)	COMPLETED	0	2026-08-30 11:43:51.120	2026-08-30 11:43:51.213	2026-08-30 11:44:30.798	37.7s	2	6 GB	477.8 MB	7.7 GB	100.3%	0.7%	1.7 GB	59.4 MB
44	fb/4d1083	BGC_ANALYSIS:ANTISMASH_ANALYSIS:ANTISMASH (Erwinia_amylovora_1478-2)	COMPLETED	0	2026-08-30 11:43:52.207	2026-08-30 11:43:52.303	2026-08-30 11:44:36.740	42.5s	2	6 GB	479 MB	7.8 GB	100.8%	0.7%	2 GB	67.1 MB
54	b1/afdcd1	BGC_ANALYSIS:ANTISMASH_ANALYSIS:ANTISMASH (Erwinia_amylovora_1617)	COMPLETED	0	2026-08-30 11:44:17.738	2026-08-30 11:44:17.833	2026-08-30 11:44:58.794	39.2s	2	6 GB	467.2 MB	7.8 GB	103.9%	0.7%	1.9 GB	63.8 MB
64	cc/395650	BGC_ANALYSIS:ANTISMASH_ANALYSIS:ANTISMASH (Erwinia_amylovora_241_07)	COMPLETED	0	2026-08-30 11:44:20.707	2026-08-30 11:44:20.803	2026-08-30 11:44:59.610	37s	2	6 GB	475.8 MB	7.7 GB	102.4%	0.7%	1.7 GB	60.3 MB
55	06/54bb1b	BGC_ANALYSIS:ANTISMASH_ANALYSIS:ANTISMASH (Erwinia_amylovora_1619)	COMPLETED	0	2026-08-30 11:44:26.523	2026-08-30 11:44:26.619	2026-08-30 11:45:04.083	35.5s	2	6 GB	466.9 MB	7.7 GB	102.9%	0.7%	1.7 GB	59 MB
53	aa/de0f57	BGC_ANALYSIS:ANTISMASH_ANALYSIS:ANTISMASH (Erwinia_amylovora_1612)	COMPLETED	0	2026-08-30 11:44:19.620	2026-08-30 11:44:19.713	2026-08-30 11:45:05.844	44.2s	2	6 GB	471.9 MB	7.7 GB	104.3%	0.7%	2.2 GB	71.8 MB
57	99/ebaf32	BGC_ANALYSIS:ANTISMASH_ANALYSIS:ANTISMASH (Erwinia_amylovora_1680)	COMPLETED	0	2026-08-30 11:44:30.803	2026-08-30 11:44:30.898	2026-08-30 11:45:10.617	37.8s	2	6 GB	469.5 MB	7.7 GB	103.0%	0.7%	1.8 GB	61.8 MB
52	98/c472e4	BGC_ANALYSIS:ANTISMASH_ANALYSIS:ANTISMASH (Erwinia_amylovora_1611_BCEa29)	COMPLETED	0	2026-08-30 11:44:16.403	2026-08-30 11:44:16.498	2026-08-30 11:45:15.447	57.1s	2	6 GB	471 MB	7.6 GB	105.7%	0.7%	3 GB	90.3 MB
68	6d/721731	BGC_ANALYSIS:ANTISMASH_ANALYSIS:ANTISMASH (Erwinia_amylovora_3477-1)	COMPLETED	0	2026-08-30 11:44:36.744	2026-08-30 11:44:36.840	2026-08-30 11:45:15.620	36.9s	2	6 GB	478.9 MB	7.7 GB	101.3%	0.7%	1.7 GB	59.4 MB
61	5d/2443eb	BGC_ANALYSIS:ANTISMASH_ANALYSIS:ANTISMASH (Erwinia_amylovora_20070245)	COMPLETED	0	2026-08-30 11:44:59.614	2026-08-30 11:44:59.710	2026-08-30 11:45:36.666	35.1s	2	6 GB	463 MB	7.7 GB	102.9%	0.7%	1.6 GB	56.4 MB
59	1a/062d62	BGC_ANALYSIS:ANTISMASH_ANALYSIS:ANTISMASH (Erwinia_amylovora_20060013)	COMPLETED	0	2026-08-30 11:44:58.798	2026-08-30 11:44:58.894	2026-08-30 11:45:37.677	36.9s	2	6 GB	471 MB	7.7 GB	101.0%	0.7%	1.6 GB	58.4 MB
62	bc/7de3fa	BGC_ANALYSIS:ANTISMASH_ANALYSIS:ANTISMASH (Erwinia_amylovora_20070270)	COMPLETED	0	2026-08-30 11:45:04.089	2026-08-30 11:45:04.182	2026-08-30 11:45:42.422	36.3s	2	6 GB	467.1 MB	7.7 GB	103.6%	0.7%	1.6 GB	58.3 MB
60	ac/82dac0	BGC_ANALYSIS:ANTISMASH_ANALYSIS:ANTISMASH (Erwinia_amylovora_20070126)	COMPLETED	0	2026-08-30 11:45:05.848	2026-08-30 11:45:05.945	2026-08-30 11:45:43.791	36s	2	6 GB	470.2 MB	7.7 GB	102.4%	0.7%	1.6 GB	57.7 MB
71	dc/2a5bf1	BGC_ANALYSIS:ANTISMASH_ANALYSIS:ANTISMASH (Erwinia_amylovora_39-M1-II)	COMPLETED	0	2026-08-30 11:45:10.622	2026-08-30 11:45:10.717	2026-08-30 11:45:50.845	38.1s	2	6 GB	470.7 MB	7.6 GB	103.2%	0.7%	1.7 GB	60.8 MB
63	5b/deb276	BGC_ANALYSIS:ANTISMASH_ANALYSIS:ANTISMASH (Erwinia_amylovora_214_07)	COMPLETED	0	2026-08-30 11:45:15.451	2026-08-30 11:45:15.547	2026-08-30 11:45:57.603	40.2s	2	6 GB	466.9 MB	7.6 GB	102.9%	0.7%	1.8 GB	63.3 MB
37	07/24256c	BGC_ANALYSIS:ANTISMASH_ANALYSIS:ANTISMASH (Candidatus_Erwinia_dacicola_EdB2)	COMPLETED	0	2026-08-30 11:42:18.475	2026-08-30 11:42:18.565	2026-08-30 11:46:06.643	3m 47s	2	6 GB	693.6 MB	7.8 GB	94.2%	1.2%	13.3 GB	353.5 MB
67	0a/4d4318	BGC_ANALYSIS:ANTISMASH_ANALYSIS:ANTISMASH (Erwinia_amylovora_3446-1)	COMPLETED	0	2026-08-30 11:45:37.682	2026-08-30 11:45:37.777	2026-08-30 11:46:20.397	40.7s	2	6 GB	475.4 MB	7.7 GB	104.1%	0.7%	1.8 GB	63.6 MB
74	a4/81d112	BGC_ANALYSIS:ANTISMASH_ANALYSIS:ANTISMASH (Erwinia_amylovora_CFBP_1995)	COMPLETED	0	2026-08-30 11:45:36.672	2026-08-30 11:45:36.765	2026-08-30 11:46:21.293	42.7s	2	6 GB	481.7 MB	7.7 GB	104.3%	0.7%	2 GB	66.9 MB
65	33/72de7f	BGC_ANALYSIS:ANTISMASH_ANALYSIS:ANTISMASH (Erwinia_amylovora_2558)	COMPLETED	0	2026-08-30 11:45:42.427	2026-08-30 11:45:42.522	2026-08-30 11:46:22.657	38.2s	2	6 GB	479.6 MB	7.8 GB	104.0%	0.7%	1.7 GB	59.9 MB
66	ab/5794af	BGC_ANALYSIS:ANTISMASH_ANALYSIS:ANTISMASH (Erwinia_amylovora_2570)	COMPLETED	0	2026-08-30 11:45:43.795	2026-08-30 11:45:43.891	2026-08-30 11:46:24.604	38.7s	2	6 GB	470.6 MB	7.7 GB	103.4%	0.7%	1.7 GB	60.4 MB
77	36/6c51fb	BGC_ANALYSIS:ANTISMASH_ANALYSIS:ANTISMASH (Erwinia_amylovora_CFBP_7131)	COMPLETED	0	2026-08-30 11:45:15.625	2026-08-30 11:45:15.720	2026-08-30 11:46:28.507	1m 11s	2	6 GB	475.5 MB	7.6 GB	106.7%	0.7%	3.6 GB	106.8 MB
79	ea/b500ce	BGC_ANALYSIS:ANTISMASH_ANALYSIS:ANTISMASH (Erwinia_amylovora_E2006P)	COMPLETED	0	2026-08-30 11:45:50.849	2026-08-30 11:45:50.945	2026-08-30 11:46:34.563	41.7s	2	6 GB	478.9 MB	7.8 GB	103.2%	0.7%	1.9 GB	64.9 MB
69	52/7de18b	BGC_ANALYSIS:ANTISMASH_ANALYSIS:ANTISMASH (Erwinia_amylovora_3515-1)	COMPLETED	0	2026-08-30 11:45:57.607	2026-08-30 11:45:57.703	2026-08-30 11:46:38.543	38.9s	2	6 GB	503.3 MB	7.7 GB	103.1%	0.8%	1.7 GB	59.9 MB
72	c6/35dc6e	BGC_ANALYSIS:ANTISMASH_ANALYSIS:ANTISMASH (Erwinia_amylovora_46-4-2)	COMPLETED	0	2026-08-30 11:46:20.401	2026-08-30 11:46:20.498	2026-08-30 11:47:01.517	39.1s	2	6 GB	461 MB	7.7 GB	103.1%	0.7%	1.7 GB	60.4 MB
70	16/b8a594	BGC_ANALYSIS:ANTISMASH_ANALYSIS:ANTISMASH (Erwinia_amylovora_39-I-II)	COMPLETED	0	2026-08-30 11:46:22.661	2026-08-30 11:46:22.757	2026-08-30 11:47:02.782	38.2s	2	6 GB	479.6 MB	7.7 GB	103.9%	0.7%	1.7 GB	59.5 MB
73	7b/3c1dfb	BGC_ANALYSIS:ANTISMASH_ANALYSIS:ANTISMASH (Erwinia_amylovora_BCEa23A)	COMPLETED	0	2026-08-30 11:46:21.297	2026-08-30 11:46:21.393	2026-08-30 11:47:05.153	41.8s	2	6 GB	470.6 MB	7.8 GB	104.8%	0.7%	1.9 GB	64.7 MB
89	24/ac04c6	BGC_ANALYSIS:ANTISMASH_ANALYSIS:ANTISMASH (Erwinia_amylovora_Ea12)	COMPLETED	0	2026-08-30 11:46:24.609	2026-08-30 11:46:24.706	2026-08-30 11:47:06.881	40.2s	2	6 GB	465.1 MB	7.7 GB	103.7%	0.7%	1.8 GB	62.7 MB
78	95/a9f7c3	BGC_ANALYSIS:ANTISMASH_ANALYSIS:ANTISMASH (Erwinia_amylovora_E2005A)	COMPLETED	0	2026-08-30 11:46:28.511	2026-08-30 11:46:28.608	2026-08-30 11:47:08.453	37.8s	2	6 GB	470.9 MB	7.7 GB	103.8%	0.7%	1.7 GB	59.4 MB
91	cc/f6844e	BGC_ANALYSIS:ANTISMASH_ANALYSIS:ANTISMASH (Erwinia_amylovora_Ea160-3-51)	COMPLETED	0	2026-08-30 11:46:34.567	2026-08-30 11:46:34.663	2026-08-30 11:47:14.488	37.8s	2	6 GB	477.1 MB	7.7 GB	103.3%	0.7%	1.7 GB	58.9 MB
86	86/4fe606	BGC_ANALYSIS:ANTISMASH_ANALYSIS:ANTISMASH (Erwinia_amylovora_Ea1-97)	COMPLETED	0	2026-08-30 11:46:06.648	2026-08-30 11:46:06.743	2026-08-30 11:47:16.300	1m 8s	2	6 GB	507.2 MB	7.7 GB	105.2%	0.8%	3.3 GB	99.2 MB
75	e7/59015a	BGC_ANALYSIS:ANTISMASH_ANALYSIS:ANTISMASH (Erwinia_amylovora_CFBP_2313)	COMPLETED	0	2026-08-30 11:46:38.547	2026-08-30 11:46:38.644	2026-08-30 11:47:41.763	1m 1s	2	6 GB	469.4 MB	7.8 GB	107.3%	0.7%	3 GB	91.6 MB
81	c7/52d5e2	BGC_ANALYSIS:ANTISMASH_ANALYSIS:ANTISMASH (Erwinia_amylovora_Ea02-03)	COMPLETED	0	2026-08-30 11:47:02.787	2026-08-30 11:47:02.882	2026-08-30 11:47:49.543	44.7s	2	6 GB	484.3 MB	7.7 GB	103.8%	0.7%	2 GB	67.9 MB
84	f9/76e4b2	BGC_ANALYSIS:ANTISMASH_ANALYSIS:ANTISMASH (Erwinia_amylovora_Ea1-00)	COMPLETED	0	2026-08-30 11:47:06.885	2026-08-30 11:47:06.981	2026-08-30 11:47:51.239	42.3s	2	6 GB	479.4 MB	7.7 GB	105.3%	0.7%	1.9 GB	65.6 MB
83	ed/6f8f45	BGC_ANALYSIS:ANTISMASH_ANALYSIS:ANTISMASH (Erwinia_amylovora_Ea04-03)	COMPLETED	0	2026-08-30 11:47:01.522	2026-08-30 11:47:01.618	2026-08-30 11:47:51.823	48.2s	2	6 GB	480.5 MB	7.7 GB	104.9%	0.7%	2.2 GB	73.4 MB
82	2d/8a5fc0	BGC_ANALYSIS:ANTISMASH_ANALYSIS:ANTISMASH (Erwinia_amylovora_Ea03-03)	COMPLETED	0	2026-08-30 11:47:05.157	2026-08-30 11:47:05.252	2026-08-30 11:47:51.904	44.8s	2	6 GB	482.5 MB	7.7 GB	105.2%	0.7%	2 GB	68.6 MB
99	d4/b74520	BGC_ANALYSIS:ANTISMASH_ANALYSIS:ANTISMASH (Erwinia_amylovora_Ea315-1)	COMPLETED	0	2026-08-30 11:47:16.311	2026-08-30 11:47:16.399	2026-08-30 11:47:56.445	38.1s	2	6 GB	477.3 MB	7.7 GB	104.8%	0.7%	1.7 GB	59.9 MB
76	f2/333b9e	BGC_ANALYSIS:ANTISMASH_ANALYSIS:ANTISMASH (Erwinia_amylovora_CFBP_7130)	COMPLETED	0	2026-08-30 11:47:14.492	2026-08-30 11:47:14.588	2026-08-30 11:47:58.138	41.5s	2	6 GB	468.1 MB	7.7 GB	104.1%	0.7%	1.9 GB	65 MB
80	cb/762c41	BGC_ANALYSIS:ANTISMASH_ANALYSIS:ANTISMASH (Erwinia_amylovora_Ea01-03)	COMPLETED	0	2026-08-30 11:47:08.457	2026-08-30 11:47:08.554	2026-08-30 11:48:03.862	53.3s	2	6 GB	473.3 MB	7.7 GB	103.9%	0.7%	2.5 GB	80.9 MB
88	2e/80857e	BGC_ANALYSIS:ANTISMASH_ANALYSIS:ANTISMASH (Erwinia_amylovora_Ea116-5-29)	COMPLETED	0	2026-08-30 11:47:41.767	2026-08-30 11:47:41.863	2026-08-30 11:48:20.463	36.7s	2	6 GB	463.2 MB	7.7 GB	102.6%	0.7%	1.6 GB	56.4 MB
90	bc/9fec1f	BGC_ANALYSIS:ANTISMASH_ANALYSIS:ANTISMASH (Erwinia_amylovora_Ea123-5-51)	COMPLETED	0	2026-08-30 11:47:51.827	2026-08-30 11:47:51.905	2026-08-30 11:48:34.235	40.5s	2	6 GB	473 MB	7.6 GB	105.8%	0.7%	1.8 GB	62.6 MB
92	8f/bcae39	BGC_ANALYSIS:ANTISMASH_ANALYSIS:ANTISMASH (Erwinia_amylovora_Ea160-4-51)	COMPLETED	0	2026-08-30 11:47:51.908	2026-08-30 11:47:52.005	2026-08-30 11:48:36.052	42.2s	2	6 GB	463 MB	7.7 GB	105.2%	0.7%	1.9 GB	65.5 MB
93	96/d71af5	BGC_ANALYSIS:ANTISMASH_ANALYSIS:ANTISMASH (Erwinia_amylovora_Ea169)	COMPLETED	0	2026-08-30 11:47:58.142	2026-08-30 11:47:58.238	2026-08-30 11:48:38.599	38.2s	2	6 GB	470.8 MB	7.7 GB	103.7%	0.7%	1.7 GB	60.4 MB
85	2c/6d3844	BGC_ANALYSIS:ANTISMASH_ANALYSIS:ANTISMASH (Erwinia_amylovora_Ea1-95)	COMPLETED	0	2026-08-30 11:47:49.547	2026-08-30 11:47:49.643	2026-08-30 11:48:39.034	47.5s	2	6 GB	473.3 MB	7.6 GB	105.1%	0.7%	2.2 GB	71.7 MB
107	a3/e0adbd	BGC_ANALYSIS:ANTISMASH_ANALYSIS:ANTISMASH (Erwinia_amylovora_Ea440)	COMPLETED	0	2026-08-30 11:48:03.866	2026-08-30 11:48:03.963	2026-08-30 11:48:44.215	38.2s	2	6 GB	464.2 MB	7.7 GB	104.2%	0.7%	1.7 GB	59.8 MB
96	cb/6f482e	BGC_ANALYSIS:ANTISMASH_ANALYSIS:ANTISMASH (Erwinia_amylovora_Ea2-97)	COMPLETED	0	2026-08-30 11:47:56.449	2026-08-30 11:47:56.545	2026-08-30 11:48:55.122	56.5s	2	6 GB	476.7 MB	7.7 GB	104.4%	0.7%	2.7 GB	84.3 MB
87	71/f81bb5	BGC_ANALYSIS:ANTISMASH_ANALYSIS:ANTISMASH (Erwinia_amylovora_Ea1-98)	COMPLETED	0	2026-08-30 11:47:51.244	2026-08-30 11:47:51.339	2026-08-30 11:48:56.172	1m 3s	2	6 GB	476.2 MB	7.7 GB	105.5%	0.7%	3 GB	93 MB
94	40/5528bf	BGC_ANALYSIS:ANTISMASH_ANALYSIS:ANTISMASH (Erwinia_amylovora_Ea17-1-1)	COMPLETED	0	2026-08-30 11:48:20.467	2026-08-30 11:48:20.563	2026-08-30 11:49:03.232	40.7s	2	6 GB	466.2 MB	7.7 GB	103.9%	0.7%	1.8 GB	62.8 MB
95	68/59e9ee	BGC_ANALYSIS:ANTISMASH_ANALYSIS:ANTISMASH (Erwinia_amylovora_Ea2-95)	COMPLETED	0	2026-08-30 11:48:36.056	2026-08-30 11:48:36.152	2026-08-30 11:49:20.379	42.3s	2	6 GB	481.4 MB	7.7 GB	102.6%	0.7%	1.8 GB	63.6 MB
101	b5/4fe3a2	BGC_ANALYSIS:ANTISMASH_ANALYSIS:ANTISMASH (Erwinia_amylovora_Ea367)	COMPLETED	0	2026-08-30 11:48:39.038	2026-08-30 11:48:39.134	2026-08-30 11:49:21.052	39.9s	2	6 GB	470.7 MB	7.7 GB	104.8%	0.7%	1.8 GB	61.8 MB
102	08/f74893	BGC_ANALYSIS:ANTISMASH_ANALYSIS:ANTISMASH (Erwinia_amylovora_Ea3a-H1-II)	COMPLETED	0	2026-08-30 11:48:44.219	2026-08-30 11:48:44.316	2026-08-30 11:49:22.568	36.2s	2	6 GB	478.4 MB	7.8 GB	102.7%	0.7%	1.5 GB	55.9 MB
100	b7/806646	BGC_ANALYSIS:ANTISMASH_ANALYSIS:ANTISMASH (Erwinia_amylovora_Ea321_2)	COMPLETED	0	2026-08-30 11:48:38.603	2026-08-30 11:48:38.699	2026-08-30 11:49:22.998	42.4s	2	6 GB	478.1 MB	7.7 GB	104.2%	0.7%	1.9 GB	65.3 MB
114	90/4c7b4a	BGC_ANALYSIS:ANTISMASH_ANALYSIS:ANTISMASH (Erwinia_amylovora_Ea7-96)	COMPLETED	0	2026-08-30 11:48:55.125	2026-08-30 11:48:55.222	2026-08-30 11:49:45.764	48.6s	2	6 GB	467.9 MB	7.7 GB	104.8%	0.7%	2.2 GB	72.7 MB
115	3e/2b71dc	BGC_ANALYSIS:ANTISMASH_ANALYSIS:ANTISMASH (Erwinia_amylovora_Ea8-96)	COMPLETED	0	2026-08-30 11:48:56.177	2026-08-30 11:48:56.272	2026-08-30 11:49:48.264	50.1s	2	6 GB	481.2 MB	7.7 GB	104.3%	0.7%	2.3 GB	76.4 MB
98	f2/46a295	BGC_ANALYSIS:ANTISMASH_ANALYSIS:ANTISMASH (Erwinia_amylovora_Ea3-97)	COMPLETED	0	2026-08-30 11:48:34.239	2026-08-30 11:48:34.335	2026-08-30 11:49:53.194	1m 17s	2	6 GB	473.5 MB	7.6 GB	107.4%	0.7%	3.9 GB	112.9 MB
97	1c/fe87a3	BGC_ANALYSIS:ANTISMASH_ANALYSIS:ANTISMASH (Erwinia_amylovora_Ea29-7)	COMPLETED	0	2026-08-30 11:49:20.385	2026-08-30 11:49:20.479	2026-08-30 11:49:58.399	36s	2	6 GB	473.9 MB	7.7 GB	103.7%	0.7%	1.5 GB	55.9 MB
103	af/040cd3	BGC_ANALYSIS:ANTISMASH_ANALYSIS:ANTISMASH (Erwinia_amylovora_Ea4-96)	COMPLETED	0	2026-08-30 11:49:03.236	2026-08-30 11:49:03.333	2026-08-30 11:49:59.046	53.7s	2	6 GB	480.9 MB	7.7 GB	105.3%	0.7%	2.5 GB	80.3 MB
105	4c/c8dcef	BGC_ANALYSIS:ANTISMASH_ANALYSIS:ANTISMASH (Erwinia_amylovora_Ea433)	COMPLETED	0	2026-08-30 11:49:21.056	2026-08-30 11:49:21.152	2026-08-30 11:50:01.811	38.8s	2	6 GB	471.4 MB	7.8 GB	104.5%	0.7%	1.7 GB	59.9 MB
104	73/ca7a24	BGC_ANALYSIS:ANTISMASH_ANALYSIS:ANTISMASH (Erwinia_amylovora_Ea4-97)	COMPLETED	0	2026-08-30 11:49:22.572	2026-08-30 11:49:22.668	2026-08-30 11:50:16.544	52s	2	6 GB	471 MB	7.6 GB	105.3%	0.7%	2.5 GB	78 MB
106	53/2a5403	BGC_ANALYSIS:ANTISMASH_ANALYSIS:ANTISMASH (Erwinia_amylovora_Ea435)	COMPLETED	0	2026-08-30 11:49:48.268	2026-08-30 11:49:48.364	2026-08-30 11:50:26.529	36.2s	2	6 GB	474.1 MB	7.7 GB	102.6%	0.7%	1.5 GB	55.9 MB
109	84/d525a7	BGC_ANALYSIS:ANTISMASH_ANALYSIS:ANTISMASH (Erwinia_amylovora_Ea5-97)	COMPLETED	0	2026-08-30 11:49:45.768	2026-08-30 11:49:45.864	2026-08-30 11:50:27.451	39.7s	2	6 GB	470.4 MB	7.7 GB	104.4%	0.7%	1.8 GB	61.8 MB
110	58/111335	BGC_ANALYSIS:ANTISMASH_ANALYSIS:ANTISMASH (Erwinia_amylovora_Ea6-4)	COMPLETED	0	2026-08-30 11:49:53.198	2026-08-30 11:49:53.295	2026-08-30 11:50:33.052	37.7s	2	6 GB	473.6 MB	7.8 GB	103.6%	0.7%	1.7 GB	59.4 MB
119	fd/e321da	BGC_ANALYSIS:ANTISMASH_ANALYSIS:ANTISMASH (Erwinia_amylovora_EaB-110)	COMPLETED	0	2026-08-30 11:49:59.051	2026-08-30 11:49:59.147	2026-08-30 11:50:39.013	37.9s	2	6 GB	473.1 MB	7.7 GB	103.3%	0.7%	1.7 GB	58.9 MB
113	1c/b60f05	BGC_ANALYSIS:ANTISMASH_ANALYSIS:ANTISMASH (Erwinia_amylovora_Ea650)	COMPLETED	0	2026-08-30 11:50:01.815	2026-08-30 11:50:01.912	2026-08-30 11:50:45.118	41.3s	2	6 GB	469.4 MB	7.7 GB	103.5%	0.7%	1.9 GB	63.8 MB
111	10/1f8a16	BGC_ANALYSIS:ANTISMASH_ANALYSIS:ANTISMASH (Erwinia_amylovora_Ea6-96)	COMPLETED	0	2026-08-30 11:49:58.403	2026-08-30 11:49:58.499	2026-08-30 11:50:55.480	55s	2	6 GB	475.8 MB	7.6 GB	105.0%	0.7%	2.6 GB	82.7 MB
112	d5/30ae95	BGC_ANALYSIS:ANTISMASH_ANALYSIS:ANTISMASH (Erwinia_amylovora_Ea6-97)	COMPLETED	0	2026-08-30 11:50:16.547	2026-08-30 11:50:16.644	2026-08-30 11:50:57.896	39.3s	2	6 GB	471 MB	7.8 GB	105.3%	0.7%	1.8 GB	61.3 MB
118	41/968fb9	BGC_ANALYSIS:ANTISMASH_ANALYSIS:ANTISMASH (Erwinia_amylovora_EaA-11)	COMPLETED	0	2026-08-30 11:49:23.002	2026-08-30 11:49:23.098	2026-08-30 11:51:00.433	1m 35s	2	6 GB	512 MB	7.7 GB	109.8%	0.8%	5 GB	140.9 MB
120	78/9e6a92	BGC_ANALYSIS:ANTISMASH_ANALYSIS:ANTISMASH (Erwinia_amylovora_EaD-7)	COMPLETED	0	2026-08-30 11:50:27.455	2026-08-30 11:50:27.552	2026-08-30 11:51:07.078	37.5s	2	6 GB	472.9 MB	7.7 GB	103.3%	0.7%	1.6 GB	58.3 MB
108	26/5a5c77	BGC_ANALYSIS:ANTISMASH_ANALYSIS:ANTISMASH (Erwinia_amylovora_Ea464)	COMPLETED	0	2026-08-30 11:50:26.533	2026-08-30 11:50:26.629	2026-08-30 11:51:11.705	43.1s	2	6 GB	481.4 MB	7.7 GB	104.5%	0.7%	2 GB	66.8 MB
116	e1/762620	BGC_ANALYSIS:ANTISMASH_ANALYSIS:ANTISMASH (Erwinia_amylovora_Ea92-1-1)	COMPLETED	0	2026-08-30 11:50:33.056	2026-08-30 11:50:33.153	2026-08-30 11:51:12.888	37.7s	2	6 GB	468.3 MB	7.7 GB	103.6%	0.7%	1.7 GB	58.9 MB
117	e1/57ddd4	BGC_ANALYSIS:ANTISMASH_ANALYSIS:ANTISMASH (Erwinia_amylovora_Ea92-1-2)	COMPLETED	0	2026-08-30 11:50:39.017	2026-08-30 11:50:39.113	2026-08-30 11:51:18.037	37s	2	6 GB	471.9 MB	7.7 GB	103.0%	0.7%	1.6 GB	57.3 MB
122	99/f5cf36	BGC_ANALYSIS:ANTISMASH_ANALYSIS:ANTISMASH (Erwinia_amylovora_EaIF)	COMPLETED	0	2026-08-30 11:50:45.122	2026-08-30 11:50:45.218	2026-08-30 11:51:35.420	48.2s	2	6 GB	470.5 MB	7.8 GB	105.0%	0.7%	2.3 GB	74 MB
124	78/2e4ef8	BGC_ANALYSIS:ANTISMASH_ANALYSIS:ANTISMASH (Erwinia_amylovora_Fb-97b)	COMPLETED	0	2026-08-30 11:50:55.484	2026-08-30 11:50:55.581	2026-08-30 11:51:35.726	38.2s	2	6 GB	459.9 MB	7.7 GB	103.6%	0.7%	1.7 GB	59.8 MB
121	51/fdb32f	BGC_ANALYSIS:ANTISMASH_ANALYSIS:ANTISMASH (Erwinia_amylovora_EaG5)	COMPLETED	0	2026-08-30 11:50:57.899	2026-08-30 11:50:57.996	2026-08-30 11:51:40.075	40.2s	2	6 GB	470.5 MB	7.7 GB	103.8%	0.7%	1.8 GB	63.1 MB
123	d1/aab23d	BGC_ANALYSIS:ANTISMASH_ANALYSIS:ANTISMASH (Erwinia_amylovora_EaLevo2)	COMPLETED	0	2026-08-30 11:51:00.437	2026-08-30 11:51:00.533	2026-08-30 11:51:44.853	42.4s	2	6 GB	464.4 MB	7.7 GB	102.7%	0.7%	1.9 GB	65.1 MB
134	6a/c431fa	BGC_ANALYSIS:ANTISMASH_ANALYSIS:ANTISMASH (Pantoea_sp._EKM22T)	COMPLETED	0	2026-08-30 11:51:18.041	2026-08-30 11:51:18.137	2026-08-30 11:51:51.578	31.4s	2	6 GB	717.8 MB	7.8 GB	96.1%	1.3%	1.3 GB	69.4 MB
127	fc/49ecc0	BGC_ANALYSIS:ANTISMASH_ANALYSIS:ANTISMASH (Erwinia_amylovora_LA472)	COMPLETED	0	2026-08-30 11:51:11.709	2026-08-30 11:51:11.805	2026-08-30 11:51:51.604	37.8s	2	6 GB	472.8 MB	7.7 GB	103.8%	0.7%	1.7 GB	59.3 MB
125	6a/1732b5	BGC_ANALYSIS:ANTISMASH_ANALYSIS:ANTISMASH (Erwinia_amylovora_IH-3-1)	COMPLETED	0	2026-08-30 11:51:07.083	2026-08-30 11:51:07.178	2026-08-30 11:51:54.351	45.2s	2	6 GB	479.6 MB	7.8 GB	104.1%	0.7%	2.2 GB	71.4 MB
126	da/21158b	BGC_ANALYSIS:ANTISMASH_ANALYSIS:ANTISMASH (Erwinia_amylovora_IVIA2303)	COMPLETED	0	2026-08-30 11:51:12.893	2026-08-30 11:51:12.988	2026-08-30 11:51:55.568	40.6s	2	6 GB	471.5 MB	7.8 GB	104.1%	0.7%	1.9 GB	64.3 MB
131	ca/5c05b5	BGC_ANALYSIS:ANTISMASH_ANALYSIS:ANTISMASH (Pantoea_agglomerans_KM1)	COMPLETED	0	2026-08-30 11:51:35.423	2026-08-30 11:51:35.520	2026-08-30 11:52:09.400	31.9s	2	6 GB	704.5 MB	7.8 GB	98.8%	1.3%	1.4 GB	71.5 MB
136	2c/2d719c	BGC_ANALYSIS:ANTISMASH_ANALYSIS:ANTISMASH (Pantoea_sp._LS15_2)	COMPLETED	0	2026-08-30 11:51:35.731	2026-08-30 11:51:35.825	2026-08-30 11:52:10.590	32.9s	2	6 GB	669.6 MB	7.7 GB	96.0%	1.2%	1.4 GB	71.4 MB
135	8c/ab6b51	BGC_ANALYSIS:ANTISMASH_ANALYSIS:ANTISMASH (Pantoea_sp._LS15)	COMPLETED	0	2026-08-30 11:51:40.079	2026-08-30 11:51:40.175	2026-08-30 11:52:15.441	33.2s	2	6 GB	708.7 MB	7.8 GB	95.3%	1.3%	1.4 GB	71.3 MB
133	0b/deabc7	BGC_ANALYSIS:ANTISMASH_ANALYSIS:ANTISMASH (Pantoea_sp._EKM20T)	COMPLETED	0	2026-08-30 11:51:44.881	2026-08-30 11:51:44.953	2026-08-30 11:52:20.790	33.8s	2	6 GB	690.9 MB	7.8 GB	94.5%	1.2%	1.4 GB	72.5 MB
132	08/c17ca4	BGC_ANALYSIS:ANTISMASH_ANALYSIS:ANTISMASH (Pantoea_sp._EKM10T)	COMPLETED	0	2026-08-30 11:51:51.584	2026-08-30 11:51:51.604	2026-08-30 11:52:22.483	28.8s	2	6 GB	658 MB	7.7 GB	94.5%	1.1%	1.2 GB	64.5 MB
130	7b/5a3924	BGC_ANALYSIS:ANTISMASH_ANALYSIS:ANTISMASH (Erwinia_rhapontici_H1)	COMPLETED	0	2026-08-30 11:51:55.573	2026-08-30 11:51:55.668	2026-08-30 11:52:28.625	31.1s	2	6 GB	784.2 MB	7.8 GB	93.2%	1.3%	1.2 GB	69.7 MB
128	c3/8017b1	BGC_ANALYSIS:ANTISMASH_ANALYSIS:ANTISMASH (Erwinia_amylovora_O-RG-21)	COMPLETED	0	2026-08-30 11:51:51.608	2026-08-30 11:51:51.704	2026-08-30 11:52:29.207	35.6s	2	6 GB	473.7 MB	7.7 GB	102.4%	0.7%	1.5 GB	55.9 MB
129	2a/34f3f4	BGC_ANALYSIS:ANTISMASH_ANALYSIS:ANTISMASH (Erwinia_amylovora_P-C-3b)	COMPLETED	0	2026-08-30 11:51:54.355	2026-08-30 11:51:54.451	2026-08-30 11:52:37.870	41.6s	2	6 GB	480.8 MB	7.7 GB	102.6%	0.7%	1.9 GB	63.8 MB
137	b0/e97070	BGC_ANALYSIS:ANTISMASH_ANALYSIS:ANTISMASH (Erwinia_sp._V90_4)	COMPLETED	0	2026-08-30 11:52:10.594	2026-08-30 11:52:10.690	2026-08-30 11:53:04.868	52.3s	2	6 GB	714.4 MB	7.8 GB	95.2%	1.2%	2.2 GB	96.5 MB
138	7e/590db4	BGC_ANALYSIS:ANTISMASH_ANALYSIS:ANTISMASH (Erwiniaceae_bacterium_L1_54_3)	COMPLETED	0	2026-08-30 11:52:22.487	2026-08-30 11:52:22.583	2026-08-30 11:53:15.185	50.5s	2	6 GB	742.7 MB	7.8 GB	95.0%	1.3%	2 GB	97 MB
142	88/e5e2a0	BGC_ANALYSIS:ANTISMASH_ANALYSIS:ANTISMASH (Pantoea_agglomerans_RIT-To-3)	COMPLETED	0	2026-08-30 11:52:29.210	2026-08-30 11:52:29.308	2026-08-30 11:53:16.722	45.4s	2	6 GB	501.1 MB	7.7 GB	104.2%	0.9%	1.8 GB	69.4 MB
144	9a/b5e073	BGC_ANALYSIS:ANTISMASH_ANALYSIS:ANTISMASH (Pantoea_ananatis_02-12_2)	COMPLETED	0	2026-08-30 11:52:09.404	2026-08-30 11:52:09.501	2026-08-30 11:53:19.029	1m 8s	2	6 GB	3.1 GB	7.8 GB	114.3%	5.4%	10.3 GB	53.1 MB
152	52/f71b92	BGC_ANALYSIS:ANTISMASH_ANALYSIS:ANTISMASH (Pantoea_ananatis_08-1)	COMPLETED	0	2026-08-30 11:52:15.445	2026-08-30 11:52:15.541	2026-08-30 11:53:23.676	1m 6s	2	6 GB	4.7 GB	7.9 GB	111.7%	8.0%	10.3 GB	53.7 MB
154	fa/65b77f	BGC_ANALYSIS:ANTISMASH_ANALYSIS:ANTISMASH (Pantoea_ananatis_1-2)	COMPLETED	0	2026-08-30 11:52:20.795	2026-08-30 11:52:20.891	2026-08-30 11:53:26.773	1m 4s	2	6 GB	4.7 GB	7.9 GB	112.5%	6.8%	10.3 GB	54.7 MB
150	e0/9b7b94	BGC_ANALYSIS:ANTISMASH_ANALYSIS:ANTISMASH (Pantoea_ananatis_07-10)	COMPLETED	0	2026-08-30 11:52:37.874	2026-08-30 11:52:37.970	2026-08-30 11:53:42.177	1m 2s	2	6 GB	4.7 GB	7.9 GB	114.5%	7.7%	10.2 GB	52.5 MB
143	56/fa8020	BGC_ANALYSIS:ANTISMASH_ANALYSIS:ANTISMASH (Pantoea_ananatis_01-1)	COMPLETED	0	2026-08-30 11:53:04.872	2026-08-30 11:53:04.969	2026-08-30 11:53:42.639	35.2s	2	6 GB	504.9 MB	7.8 GB	100.9%	0.8%	1.3 GB	56.6 MB
151	6e/d6c25f	BGC_ANALYSIS:ANTISMASH_ANALYSIS:ANTISMASH (Pantoea_ananatis_07-14)	COMPLETED	0	2026-08-30 11:52:28.629	2026-08-30 11:52:28.726	2026-08-30 11:53:45.203	1m 14s	2	6 GB	3.1 GB	7.7 GB	119.6%	5.4%	18.8 GB	57.4 MB
146	e2/12ceac	BGC_ANALYSIS:ANTISMASH_ANALYSIS:ANTISMASH (Pantoea_ananatis_03-2)	COMPLETED	0	2026-08-30 11:53:19.033	2026-08-30 11:53:19.129	2026-08-30 11:53:57.503	36.3s	2	6 GB	509.2 MB	7.7 GB	103.4%	0.8%	1.5 GB	60.3 MB
141	ae/9242d1	BGC_ANALYSIS:ANTISMASH_ANALYSIS:ANTISMASH (Pantoea_agglomerans_GD03966)	COMPLETED	0	2026-08-30 11:53:23.681	2026-08-30 11:53:23.777	2026-08-30 11:53:57.894	31.6s	2	6 GB	668.8 MB	7.7 GB	91.7%	1.1%	1.2 GB	66.9 MB
140	72/3271f1	BGC_ANALYSIS:ANTISMASH_ANALYSIS:ANTISMASH (Erwiniaceae_bacterium_L1_55_4)	COMPLETED	0	2026-08-30 11:53:16.725	2026-08-30 11:53:16.823	2026-08-30 11:54:01.342	42.1s	2	6 GB	679.8 MB	7.7 GB	93.1%	1.2%	1.7 GB	81.4 MB
147	92/1ae631	BGC_ANALYSIS:ANTISMASH_ANALYSIS:ANTISMASH (Pantoea_ananatis_05-1)	COMPLETED	0	2026-08-30 11:53:15.189	2026-08-30 11:53:15.285	2026-08-30 11:54:26.580	1m 9s	2	6 GB	4.7 GB	7.9 GB	109.3%	5.5%	11.1 GB	63.7 MB
163	1e/8d3738	BGC_ANALYSIS:ANTISMASH_ANALYSIS:ANTISMASH (Pantoea_ananatis_18-10S)	COMPLETED	0	2026-08-30 11:53:42.181	2026-08-30 11:53:42.278	2026-08-30 11:54:26.624	42.3s	2	6 GB	504.7 MB	7.8 GB	99.0%	0.7%	1.7 GB	66.7 MB
139	d7/d23a46	BGC_ANALYSIS:ANTISMASH_ANALYSIS:ANTISMASH (Erwiniaceae_bacterium_L1_54_6)	COMPLETED	0	2026-08-30 11:53:45.207	2026-08-30 11:53:45.304	2026-08-30 11:54:28.519	41.3s	2	6 GB	781.3 MB	7.8 GB	97.1%	1.3%	1.6 GB	90.3 MB
145	db/170382	BGC_ANALYSIS:ANTISMASH_ANALYSIS:ANTISMASH (Pantoea_ananatis_03-1)	COMPLETED	0	2026-08-30 11:53:26.778	2026-08-30 11:53:26.873	2026-08-30 11:54:29.259	1m	2	6 GB	4.7 GB	7.9 GB	113.6%	4.4%	10.4 GB	55.4 MB
153	f7/9309ad	BGC_ANALYSIS:ANTISMASH_ANALYSIS:ANTISMASH (Pantoea_ananatis_1-10)	COMPLETED	0	2026-08-30 11:53:57.899	2026-08-30 11:53:57.994	2026-08-30 11:54:30.698	30.7s	2	6 GB	539.2 MB	7.8 GB	110.3%	0.7%	1.2 GB	54.1 MB
149	2d/fb9ef8	BGC_ANALYSIS:ANTISMASH_ANALYSIS:ANTISMASH (Pantoea_ananatis_07-1)	COMPLETED	0	2026-08-30 11:53:42.643	2026-08-30 11:53:42.739	2026-08-30 11:54:48.469	1m 4s	2	6 GB	4.6 GB	7.8 GB	111.6%	3.7%	10.5 GB	58.5 MB
148	46/64b42f	BGC_ANALYSIS:ANTISMASH_ANALYSIS:ANTISMASH (Pantoea_ananatis_06-4)	COMPLETED	0	2026-08-30 11:53:57.508	2026-08-30 11:53:57.603	2026-08-30 11:54:58.259	58.6s	2	6 GB	4.6 GB	7.8 GB	111.8%	6.0%	10.2 GB	52.3 MB
155	e4/97c47f	BGC_ANALYSIS:ANTISMASH_ANALYSIS:ANTISMASH (Pantoea_ananatis_1-5)	COMPLETED	0	2026-08-30 11:54:01.346	2026-08-30 11:54:01.442	2026-08-30 11:55:01.700	58.3s	2	6 GB	4.6 GB	7.8 GB	113.3%	4.5%	10.3 GB	52.3 MB
158	3c/ceb254	BGC_ANALYSIS:ANTISMASH_ANALYSIS:ANTISMASH (Pantoea_ananatis_11-1)	COMPLETED	0	2026-08-30 11:54:26.629	2026-08-30 11:54:26.724	2026-08-30 11:55:03.278	34.7s	2	6 GB	493.4 MB	7.8 GB	101.7%	0.7%	1.3 GB	56.7 MB
157	55/c866f6	BGC_ANALYSIS:ANTISMASH_ANALYSIS:ANTISMASH (Pantoea_ananatis_1-8)	COMPLETED	0	2026-08-30 11:54:28.523	2026-08-30 11:54:28.619	2026-08-30 11:55:07.620	37s	2	6 GB	506.9 MB	7.8 GB	104.9%	0.7%	1.4 GB	59.9 MB
162	e6/ad7026	BGC_ANALYSIS:ANTISMASH_ANALYSIS:ANTISMASH (Pantoea_ananatis_18-10)	COMPLETED	0	2026-08-30 11:54:30.706	2026-08-30 11:54:30.798	2026-08-30 11:55:10.959	38.2s	2	6 GB	505.2 MB	7.8 GB	101.9%	0.7%	1.5 GB	62.6 MB
156	2f/34ca1a	BGC_ANALYSIS:ANTISMASH_ANALYSIS:ANTISMASH (Pantoea_ananatis_1-6)	COMPLETED	0	2026-08-30 11:54:26.592	2026-08-30 11:54:26.625	2026-08-30 11:55:22.997	54.4s	2	6 GB	3.3 GB	7.8 GB	114.5%	5.5%	10.2 GB	50.8 MB
159	4c/100559	BGC_ANALYSIS:ANTISMASH_ANALYSIS:ANTISMASH (Pantoea_ananatis_13-1)	COMPLETED	0	2026-08-30 11:54:29.264	2026-08-30 11:54:29.359	2026-08-30 11:55:30.568	59.3s	2	6 GB	4.6 GB	7.8 GB	112.3%	3.8%	9.1 GB	55 MB
165	b0/8b7ef8	BGC_ANALYSIS:ANTISMASH_ANALYSIS:ANTISMASH (Pantoea_ananatis_18-6S)	COMPLETED	0	2026-08-30 11:54:58.265	2026-08-30 11:54:58.359	2026-08-30 11:55:42.648	42.1s	2	6 GB	504.9 MB	7.8 GB	101.4%	0.8%	1.8 GB	67.7 MB
167	c0/0cd5e3	BGC_ANALYSIS:ANTISMASH_ANALYSIS:ANTISMASH (Pantoea_ananatis_18-8S)	COMPLETED	0	2026-08-30 11:55:07.625	2026-08-30 11:55:07.720	2026-08-30 11:55:49.851	40.1s	2	6 GB	486.9 MB	7.7 GB	102.4%	0.7%	1.7 GB	66.2 MB
160	09/2efa58	BGC_ANALYSIS:ANTISMASH_ANALYSIS:ANTISMASH (Pantoea_ananatis_15-1)	COMPLETED	0	2026-08-30 11:54:48.482	2026-08-30 11:54:48.569	2026-08-30 11:55:50.815	1m	2	6 GB	4.7 GB	7.8 GB	111.4%	7.5%	10.4 GB	56.8 MB
161	85/951f63	BGC_ANALYSIS:ANTISMASH_ANALYSIS:ANTISMASH (Pantoea_ananatis_15-3)	COMPLETED	0	2026-08-30 11:55:23.002	2026-08-30 11:55:23.097	2026-08-30 11:55:57.860	32.7s	2	6 GB	498.2 MB	7.8 GB	105.0%	0.7%	1.3 GB	56.8 MB
172	d7/5855ff	BGC_ANALYSIS:ANTISMASH_ANALYSIS:ANTISMASH (Pantoea_ananatis_2-5)	COMPLETED	0	2026-08-30 11:55:03.283	2026-08-30 11:55:03.379	2026-08-30 11:56:20.090	1m 15s	2	6 GB	3.3 GB	7.9 GB	127.7%	4.9%	23.4 GB	55.4 MB
178	de/0b806a	BGC_ANALYSIS:ANTISMASH_ANALYSIS:ANTISMASH (Pantoea_ananatis_200-2)	COMPLETED	0	2026-08-30 11:55:10.965	2026-08-30 11:55:11.059	2026-08-30 11:56:33.768	1m 20s	2	6 GB	4.7 GB	7.8 GB	122.6%	7.8%	23 GB	57 MB
180	32/48cffb	BGC_ANALYSIS:ANTISMASH_ANALYSIS:ANTISMASH (Pantoea_ananatis_92-7)	COMPLETED	0	2026-08-30 11:55:42.652	2026-08-30 11:55:42.748	2026-08-30 11:56:47.891	1m 3s	2	6 GB	3.1 GB	7.8 GB	111.2%	3.9%	10.4 GB	56.9 MB
169	f7/075a45	BGC_ANALYSIS:ANTISMASH_ANALYSIS:ANTISMASH (Pantoea_ananatis_19-20)	COMPLETED	0	2026-08-30 11:55:01.704	2026-08-30 11:55:01.800	2026-08-30 11:56:49.469	1m 46s	2	6 GB	4.6 GB	7.7 GB	109.9%	5.5%	12.3 GB	119.6 MB
174	a6/cf2b92	BGC_ANALYSIS:ANTISMASH_ANALYSIS:ANTISMASH (Pantoea_ananatis_2-7)	COMPLETED	0	2026-08-30 11:55:30.573	2026-08-30 11:55:30.669	2026-08-30 11:56:52.231	1m 19s	2	6 GB	4.7 GB	7.8 GB	123.9%	7.3%	23.5 GB	55.9 MB
175	6f/9f9b67	BGC_ANALYSIS:ANTISMASH_ANALYSIS:ANTISMASH (Pantoea_ananatis_200-1)	COMPLETED	0	2026-08-30 11:56:20.095	2026-08-30 11:56:20.190	2026-08-30 11:56:54.316	32s	2	6 GB	508.9 MB	7.8 GB	107.5%	0.7%	1.2 GB	52.8 MB
166	35/4b4af9	BGC_ANALYSIS:ANTISMASH_ANALYSIS:ANTISMASH (Pantoea_ananatis_18-7S)	COMPLETED	0	2026-08-30 11:55:57.864	2026-08-30 11:55:57.960	2026-08-30 11:56:59.592	59.4s	2	6 GB	3.3 GB	7.8 GB	113.3%	5.5%	10.3 GB	53.6 MB
173	3b/527675	BGC_ANALYSIS:ANTISMASH_ANALYSIS:ANTISMASH (Pantoea_ananatis_2-6)	COMPLETED	0	2026-08-30 11:55:50.819	2026-08-30 11:55:50.916	2026-08-30 11:56:59.666	1m 7s	2	6 GB	4.7 GB	7.8 GB	111.8%	5.9%	10.5 GB	59.6 MB
177	de/765b1f	BGC_ANALYSIS:ANTISMASH_ANALYSIS:ANTISMASH (Pantoea_ananatis_200-12)	COMPLETED	0	2026-08-30 11:56:33.775	2026-08-30 11:56:33.869	2026-08-30 11:57:36.561	1m	2	6 GB	4.6 GB	7.8 GB	111.6%	5.0%	10.4 GB	56.7 MB
170	7a/318775	BGC_ANALYSIS:ANTISMASH_ANALYSIS:ANTISMASH (Pantoea_ananatis_19-8)	COMPLETED	0	2026-08-30 11:55:49.855	2026-08-30 11:55:49.952	2026-08-30 11:57:42.125	1m 50s	2	6 GB	4.6 GB	7.7 GB	110.0%	3.9%	13 GB	123.5 MB
186	f6/ac9402	BGC_ANALYSIS:ANTISMASH_ANALYSIS:ANTISMASH (Pantoea_ananatis_98-12)	COMPLETED	0	2026-08-30 11:56:47.895	2026-08-30 11:56:47.991	2026-08-30 11:57:48.352	58.4s	2	6 GB	3.2 GB	7.8 GB	111.9%	3.1%	10.4 GB	57.8 MB
168	64/5a3372	BGC_ANALYSIS:ANTISMASH_ANALYSIS:ANTISMASH (Pantoea_ananatis_19-13)	COMPLETED	0	2026-08-30 11:56:49.472	2026-08-30 11:56:49.570	2026-08-30 11:57:57.824	1m 6s	2	6 GB	4.6 GB	7.8 GB	110.0%	4.8%	10.7 GB	63.7 MB
176	dd/5a34bd	BGC_ANALYSIS:ANTISMASH_ANALYSIS:ANTISMASH (Pantoea_ananatis_200-10)	COMPLETED	0	2026-08-30 11:56:59.670	2026-08-30 11:56:59.766	2026-08-30 11:58:04.193	1m 2s	2	6 GB	4.6 GB	7.7 GB	112.1%	5.9%	10.5 GB	58.3 MB
187	0f/f37b72	BGC_ANALYSIS:ANTISMASH_ANALYSIS:ANTISMASH (Pantoea_ananatis_98-2)	COMPLETED	0	2026-08-30 11:56:52.235	2026-08-30 11:56:52.331	2026-08-30 11:58:10.294	1m 16s	2	6 GB	3.1 GB	7.8 GB	114.7%	3.4%	19 GB	63.2 MB
179	ea/b480b3	BGC_ANALYSIS:ANTISMASH_ANALYSIS:ANTISMASH (Pantoea_ananatis_4-2)	COMPLETED	0	2026-08-30 11:56:54.320	2026-08-30 11:56:54.416	2026-08-30 11:58:18.761	1m 22s	2	6 GB	4.8 GB	7.8 GB	124.3%	7.4%	23.4 GB	58.8 MB
171	49/830b88	BGC_ANALYSIS:ANTISMASH_ANALYSIS:ANTISMASH (Pantoea_ananatis_2-1)	COMPLETED	0	2026-08-30 11:56:59.595	2026-08-30 11:56:59.666	2026-08-30 11:58:24.207	1m 23s	2	6 GB	4.7 GB	8 GB	123.5%	5.3%	23.9 GB	59.6 MB
190	87/114dd3	BGC_ANALYSIS:ANTISMASH_ANALYSIS:ANTISMASH (Pantoea_ananatis_98-8)	COMPLETED	0	2026-08-30 11:57:36.566	2026-08-30 11:57:36.662	2026-08-30 11:58:39.101	60s	2	6 GB	4.7 GB	7.8 GB	110.3%	4.6%	10.4 GB	56.4 MB
164	b4/05b5ec	BGC_ANALYSIS:ANTISMASH_ANALYSIS:ANTISMASH (Pantoea_ananatis_18-2)	COMPLETED	0	2026-08-30 11:57:42.130	2026-08-30 11:57:42.226	2026-08-30 11:58:39.239	54.8s	2	6 GB	4.6 GB	7.8 GB	117.1%	4.4%	10.2 GB	52.1 MB
199	09/bdcb84	BGC_ANALYSIS:ANTISMASH_ANALYSIS:ANTISMASH (Pantoea_ananatis_99-24)	COMPLETED	0	2026-08-30 11:58:04.197	2026-08-30 11:58:04.293	2026-08-30 11:58:40.517	34.2s	2	6 GB	494 MB	7.8 GB	101.9%	0.7%	1.3 GB	57.8 MB
184	6f/16a678	BGC_ANALYSIS:ANTISMASH_ANALYSIS:ANTISMASH (Pantoea_ananatis_98-1)	COMPLETED	0	2026-08-30 11:57:48.357	2026-08-30 11:57:48.452	2026-08-30 11:58:55.746	1m 5s	2	6 GB	4.6 GB	7.8 GB	108.4%	4.9%	10.6 GB	61.6 MB
182	b1/1e7cca	BGC_ANALYSIS:ANTISMASH_ANALYSIS:ANTISMASH (Pantoea_ananatis_97-2)	COMPLETED	0	2026-08-30 11:57:57.827	2026-08-30 11:57:57.924	2026-08-30 11:58:57.384	57.3s	2	6 GB	4.7 GB	7.8 GB	113.7%	6.1%	10.7 GB	53.1 MB
181	cd/f9f02a	BGC_ANALYSIS:ANTISMASH_ANALYSIS:ANTISMASH (Pantoea_ananatis_97-11)	COMPLETED	0	2026-08-30 11:58:10.298	2026-08-30 11:58:10.394	2026-08-30 11:59:09.234	56.6s	2	6 GB	3.3 GB	7.8 GB	111.0%	3.7%	10.3 GB	55.7 MB
188	28/2d258b	BGC_ANALYSIS:ANTISMASH_ANALYSIS:ANTISMASH (Pantoea_ananatis_98-3)	COMPLETED	0	2026-08-30 11:58:39.105	2026-08-30 11:58:39.201	2026-08-30 11:59:14.591	33.3s	2	6 GB	505.3 MB	7.7 GB	107.0%	0.7%	1.4 GB	58.8 MB
183	81/36d3d8	BGC_ANALYSIS:ANTISMASH_ANALYSIS:ANTISMASH (Pantoea_ananatis_97-3)	COMPLETED	0	2026-08-30 11:58:18.765	2026-08-30 11:58:18.861	2026-08-30 11:59:19.279	58.4s	2	6 GB	4.6 GB	7.8 GB	112.4%	4.3%	10.8 GB	55.2 MB
189	84/123518	BGC_ANALYSIS:ANTISMASH_ANALYSIS:ANTISMASH (Pantoea_ananatis_98-7)	COMPLETED	0	2026-08-30 11:58:24.212	2026-08-30 11:58:24.308	2026-08-30 11:59:27.437	1m 1s	2	6 GB	4.7 GB	7.8 GB	110.3%	7.5%	10.5 GB	59.9 MB
192	22/5db6aa	BGC_ANALYSIS:ANTISMASH_ANALYSIS:ANTISMASH (Pantoea_ananatis_99-10)	COMPLETED	0	2026-08-30 11:58:40.521	2026-08-30 11:58:40.618	2026-08-30 11:59:47.760	1m 5s	2	6 GB	4.6 GB	7.7 GB	109.7%	3.8%	10.7 GB	63.7 MB
203	ab/ce794b	BGC_ANALYSIS:ANTISMASH_ANALYSIS:ANTISMASH (Pantoea_ananatis_99-3)	COMPLETED	0	2026-08-30 11:58:39.242	2026-08-30 11:58:39.339	2026-08-30 11:59:53.565	1m 12s	2	6 GB	3.3 GB	7.8 GB	117.3%	3.2%	19.4 GB	61.5 MB
191	ce/8d329b	BGC_ANALYSIS:ANTISMASH_ANALYSIS:ANTISMASH (Pantoea_ananatis_99-1)	COMPLETED	0	2026-08-30 11:58:55.750	2026-08-30 11:58:55.846	2026-08-30 11:59:56.454	58.5s	2	6 GB	4.6 GB	7.8 GB	112.7%	2.9%	10.3 GB	54.9 MB
185	b9/514af1	BGC_ANALYSIS:ANTISMASH_ANALYSIS:ANTISMASH (Pantoea_ananatis_98-11)	COMPLETED	0	2026-08-30 11:58:57.387	2026-08-30 11:58:57.484	2026-08-30 12:00:09.886	1m 10s	2	6 GB	4.7 GB	7.8 GB	118.8%	7.4%	18.4 GB	61 MB
198	db/078f72	BGC_ANALYSIS:ANTISMASH_ANALYSIS:ANTISMASH (Pantoea_ananatis_99-23)	COMPLETED	0	2026-08-30 11:59:56.458	2026-08-30 11:59:56.554	2026-08-30 12:00:29.246	30.7s	2	6 GB	494.3 MB	7.8 GB	104.4%	0.7%	1.2 GB	54.9 MB
196	d2/8d5012	BGC_ANALYSIS:ANTISMASH_ANALYSIS:ANTISMASH (Pantoea_ananatis_99-14_2)	COMPLETED	0	2026-08-30 11:59:27.442	2026-08-30 11:59:27.538	2026-08-30 12:00:34.741	1m 5s	2	6 GB	4.7 GB	7.8 GB	109.6%	6.0%	10.7 GB	64.7 MB
193	20/cc0471	BGC_ANALYSIS:ANTISMASH_ANALYSIS:ANTISMASH (Pantoea_ananatis_99-11)	COMPLETED	0	2026-08-30 11:59:14.597	2026-08-30 11:59:14.691	2026-08-30 12:00:42.609	1m 26s	2	6 GB	4.7 GB	7.8 GB	120.4%	4.2%	23.4 GB	67.5 MB
197	59/b6e109	BGC_ANALYSIS:ANTISMASH_ANALYSIS:ANTISMASH (Pantoea_ananatis_99-2)	COMPLETED	0	2026-08-30 11:59:47.764	2026-08-30 11:59:47.860	2026-08-30 12:00:47.503	57.5s	2	6 GB	4.6 GB	7.8 GB	114.7%	4.4%	10.4 GB	56 MB
194	76/394591	BGC_ANALYSIS:ANTISMASH_ANALYSIS:ANTISMASH (Pantoea_ananatis_99-12)	COMPLETED	0	2026-08-30 11:59:19.284	2026-08-30 11:59:19.380	2026-08-30 12:00:47.621	1m 26s	2	6 GB	4.7 GB	7.8 GB	118.9%	5.1%	22.9 GB	67.9 MB
195	b4/8edf5c	BGC_ANALYSIS:ANTISMASH_ANALYSIS:ANTISMASH (Pantoea_ananatis_99-14)	COMPLETED	0	2026-08-30 11:59:53.569	2026-08-30 11:59:53.664	2026-08-30 12:00:53.524	57.7s	2	6 GB	4.7 GB	7.8 GB	113.0%	5.7%	10.8 GB	54.4 MB
216	26/f12a70	BGC_ANALYSIS:ANTISMASH_ANALYSIS:ANTISMASH (Pantoea_brenneri_GD03661)	COMPLETED	0	2026-08-30 12:00:09.890	2026-08-30 12:00:09.986	2026-08-30 12:00:59.841	48s	2	6 GB	723.8 MB	7.8 GB	95.4%	1.2%	2.2 GB	91.6 MB
206	52/e4235c	BGC_ANALYSIS:ANTISMASH_ANALYSIS:ANTISMASH (Pantoea_ananatis_99-36)	COMPLETED	0	2026-08-30 12:00:47.508	2026-08-30 12:00:47.603	2026-08-30 12:01:21.306	31.7s	2	6 GB	523.9 MB	7.8 GB	111.4%	0.7%	1.3 GB	55.3 MB
200	04/0496ee	BGC_ANALYSIS:ANTISMASH_ANALYSIS:ANTISMASH (Pantoea_ananatis_99-25)	COMPLETED	0	2026-08-30 12:00:29.250	2026-08-30 12:00:29.346	2026-08-30 12:01:30.445	59.1s	2	6 GB	4.7 GB	7.9 GB	113.1%	7.4%	10.3 GB	53 MB
205	0b/3ea526	BGC_ANALYSIS:ANTISMASH_ANALYSIS:ANTISMASH (Pantoea_ananatis_99-32)	COMPLETED	0	2026-08-30 12:00:34.746	2026-08-30 12:00:34.841	2026-08-30 12:01:35.404	58.4s	2	6 GB	4.7 GB	7.9 GB	114.8%	6.0%	10.8 GB	54.1 MB
201	d8/0bdb99	BGC_ANALYSIS:ANTISMASH_ANALYSIS:ANTISMASH (Pantoea_ananatis_99-27)	COMPLETED	0	2026-08-30 12:00:42.616	2026-08-30 12:00:42.709	2026-08-30 12:01:38.703	54s	2	6 GB	4.6 GB	7.8 GB	117.8%	4.7%	10.2 GB	50.1 MB
211	5d/b6f58e	BGC_ANALYSIS:ANTISMASH_ANALYSIS:ANTISMASH (Pantoea_ananatis_99-9)	COMPLETED	0	2026-08-30 12:00:59.846	2026-08-30 12:00:59.941	2026-08-30 12:01:42.373	40.1s	2	6 GB	496.3 MB	7.8 GB	104.2%	0.7%	1.7 GB	65.9 MB
208	0a/859e40	BGC_ANALYSIS:ANTISMASH_ANALYSIS:ANTISMASH (Pantoea_ananatis_99-6)	COMPLETED	0	2026-08-30 12:00:47.625	2026-08-30 12:00:47.721	2026-08-30 12:01:52.777	1m 3s	2	6 GB	4.7 GB	7.8 GB	112.0%	7.9%	10.5 GB	60.1 MB
202	3a/00ac49	BGC_ANALYSIS:ANTISMASH_ANALYSIS:ANTISMASH (Pantoea_ananatis_99-29)	COMPLETED	0	2026-08-30 12:00:53.528	2026-08-30 12:00:53.624	2026-08-30 12:01:56.584	1m 1s	2	6 GB	4.7 GB	7.8 GB	111.6%	8.0%	10.4 GB	56.2 MB
220	eb/dcd3de	BGC_ANALYSIS:ANTISMASH_ANALYSIS:ANTISMASH (Pantoea_endophytica_RIT-836)	COMPLETED	0	2026-08-30 12:01:21.310	2026-08-30 12:01:21.406	2026-08-30 12:01:58.457	35.1s	2	6 GB	525.4 MB	7.8 GB	104.5%	0.9%	1.2 GB	56.6 MB
207	34/ccf0b4	BGC_ANALYSIS:ANTISMASH_ANALYSIS:ANTISMASH (Pantoea_ananatis_99-5)	COMPLETED	0	2026-08-30 12:01:30.449	2026-08-30 12:01:30.545	2026-08-30 12:02:03.394	30.8s	2	6 GB	525.7 MB	7.8 GB	107.0%	0.7%	1.2 GB	55.1 MB
226	cd/f72864	BGC_ANALYSIS:ANTISMASH_ANALYSIS:ANTISMASH (Pantoea_sp._EA-12)	COMPLETED	0	2026-08-30 12:01:42.377	2026-08-30 12:01:42.473	2026-08-30 12:02:23.769	39.2s	2	6 GB	756.7 MB	7.8 GB	93.7%	1.3%	1.6 GB	84.5 MB
213	c0/271146	BGC_ANALYSIS:ANTISMASH_ANALYSIS:ANTISMASH (Pantoea_ananatis_ATCC_35400)	COMPLETED	0	2026-08-30 12:01:35.408	2026-08-30 12:01:35.505	2026-08-30 12:02:24.947	47.4s	2	6 GB	4.7 GB	7.8 GB	120.7%	3.1%	9.7 GB	59.6 MB
215	f8/e2934f	BGC_ANALYSIS:ANTISMASH_ANALYSIS:ANTISMASH (Pantoea_ananatis_LASM19)	COMPLETED	0	2026-08-30 12:01:52.781	2026-08-30 12:01:52.877	2026-08-30 12:02:35.334	40.4s	2	6 GB	711.7 MB	7.8 GB	94.8%	1.2%	1.9 GB	87.8 MB
209	9b/d1729d	BGC_ANALYSIS:ANTISMASH_ANALYSIS:ANTISMASH (Pantoea_ananatis_99-7)	COMPLETED	0	2026-08-30 12:01:38.708	2026-08-30 12:01:38.804	2026-08-30 12:02:41.763	1m 1s	2	6 GB	4.6 GB	7.7 GB	112.2%	5.5%	10.5 GB	59.4 MB
231	08/555635	BGC_ANALYSIS:ANTISMASH_ANALYSIS:ANTISMASH (Pantoea_sp._V106_11)	COMPLETED	0	2026-08-30 12:01:58.461	2026-08-30 12:01:58.557	2026-08-30 12:02:56.757	56s	2	6 GB	4.8 GB	7.9 GB	108.8%	5.0%	10 GB	72.8 MB
212	e9/f0db86	BGC_ANALYSIS:ANTISMASH_ANALYSIS:ANTISMASH (Pantoea_ananatis_99-9_2)	COMPLETED	0	2026-08-30 12:01:56.588	2026-08-30 12:01:56.684	2026-08-30 12:02:57.841	58.9s	2	6 GB	4.6 GB	7.8 GB	111.9%	3.9%	10.9 GB	57.7 MB
210	a1/bab72c	BGC_ANALYSIS:ANTISMASH_ANALYSIS:ANTISMASH (Pantoea_ananatis_99-8)	COMPLETED	0	2026-08-30 12:02:03.398	2026-08-30 12:02:03.493	2026-08-30 12:03:00.959	55.4s	2	6 GB	4.6 GB	7.8 GB	115.5%	5.3%	10.3 GB	54.4 MB
221	f5/e0cd30	BGC_ANALYSIS:ANTISMASH_ANALYSIS:ANTISMASH (Pantoea_eucrina_BAV3128)	COMPLETED	0	2026-08-30 12:03:00.963	2026-08-30 12:03:01.060	2026-08-30 12:03:17.750	14.7s	2	6 GB	591.9 MB	7.3 GB	135.9%	1.0%	689.7 MB	30.9 MB
219	f9/0cc911	BGC_ANALYSIS:ANTISMASH_ANALYSIS:ANTISMASH (Pantoea_dispersa_LASM22)	COMPLETED	0	2026-08-30 12:02:41.768	2026-08-30 12:02:41.864	2026-08-30 12:03:18.175	34s	2	6 GB	719.8 MB	7.8 GB	96.1%	1.3%	1.5 GB	77.2 MB
214	1c/34ff11	BGC_ANALYSIS:ANTISMASH_ANALYSIS:ANTISMASH (Pantoea_ananatis_GD04167)	COMPLETED	0	2026-08-30 12:02:23.772	2026-08-30 12:02:23.869	2026-08-30 12:03:24.579	58.8s	2	6 GB	4.7 GB	7.8 GB	107.5%	3.1%	10 GB	73.8 MB
223	c1/6ba1b8	BGC_ANALYSIS:ANTISMASH_ANALYSIS:ANTISMASH (Pantoea_sp._Cr_R13)	COMPLETED	0	2026-08-30 12:02:57.845	2026-08-30 12:02:57.941	2026-08-30 12:03:25.559	25.6s	2	6 GB	706.4 MB	7.8 GB	101.0%	1.3%	1 GB	61.5 MB
217	2e/ad1f20	BGC_ANALYSIS:ANTISMASH_ANALYSIS:ANTISMASH (Pantoea_brenneri_GD03984)	COMPLETED	0	2026-08-30 12:02:35.337	2026-08-30 12:02:35.435	2026-08-30 12:03:27.283	50s	2	6 GB	709.7 MB	7.8 GB	96.5%	1.2%	2.4 GB	97.9 MB
232	69/29b124	BGC_ANALYSIS:ANTISMASH_ANALYSIS:ANTISMASH (Pantoea_sp._V108_6)	COMPLETED	0	2026-08-30 12:02:24.951	2026-08-30 12:02:25.048	2026-08-30 12:03:31.023	1m 4s	2	6 GB	4.8 GB	7.9 GB	105.7%	6.3%	10.4 GB	84.1 MB
218	75/d7bd76	BGC_ANALYSIS:ANTISMASH_ANALYSIS:ANTISMASH (Pantoea_dispersa_G5483)	COMPLETED	0	2026-08-30 12:02:56.761	2026-08-30 12:02:56.857	2026-08-30 12:03:39.952	41.2s	2	6 GB	706.5 MB	7.8 GB	95.1%	1.2%	1.8 GB	85.4 MB
204	83/07ce46	BGC_ANALYSIS:ANTISMASH_ANALYSIS:ANTISMASH (Pantoea_ananatis_99-31)	COMPLETED	0	2026-08-30 11:59:09.238	2026-08-30 11:59:09.333	2026-08-30 12:03:44.029	4m 33s	2	6 GB	4.7 GB	8 GB	114.7%	6.4%	35.6 GB	318.2 MB
222	b9/c524ee	BGC_ANALYSIS:ANTISMASH_ANALYSIS:ANTISMASH (Pantoea_eucrina_L_E1_T5_bin.25)	COMPLETED	0	2026-08-30 12:03:17.754	2026-08-30 12:03:17.850	2026-08-30 12:03:53.911	34s	2	6 GB	616.9 MB	7.7 GB	94.4%	1.0%	1.6 GB	63.7 MB
224	5c/8375e8	BGC_ANALYSIS:ANTISMASH_ANALYSIS:ANTISMASH (Pantoea_sp._Cr_R14)	COMPLETED	0	2026-08-30 12:03:18.179	2026-08-30 12:03:18.275	2026-08-30 12:04:00.246	39.8s	2	6 GB	678.1 MB	7.8 GB	94.4%	1.1%	1.8 GB	81.5 MB
228	f8/984481	BGC_ANALYSIS:ANTISMASH_ANALYSIS:ANTISMASH (Pantoea_sp._GD03673)	COMPLETED	0	2026-08-30 12:03:27.287	2026-08-30 12:03:27.384	2026-08-30 12:04:03.593	34.2s	2	6 GB	761.2 MB	7.8 GB	97.0%	1.3%	1.4 GB	73 MB
230	1e/285d51	BGC_ANALYSIS:ANTISMASH_ANALYSIS:ANTISMASH (Pantoea_sp._SS70_ss70)	COMPLETED	0	2026-08-30 12:03:39.956	2026-08-30 12:03:40.052	2026-08-30 12:04:04.365	22.3s	2	6 GB	802.1 MB	7.8 GB	128.1%	1.3%	913.3 MB	63.3 MB
225	79/43380a	BGC_ANALYSIS:ANTISMASH_ANALYSIS:ANTISMASH (Pantoea_sp._Cr_R21)	COMPLETED	0	2026-08-30 12:03:24.583	2026-08-30 12:03:24.679	2026-08-30 12:04:05.854	39s	2	6 GB	695.3 MB	7.8 GB	95.1%	1.3%	1.8 GB	80.4 MB
227	af/d46721	BGC_ANALYSIS:ANTISMASH_ANALYSIS:ANTISMASH (Pantoea_sp._EABMAA-21)	COMPLETED	0	2026-08-30 12:03:25.563	2026-08-30 12:03:25.660	2026-08-30 12:04:07.275	39.6s	2	6 GB	732.2 MB	7.8 GB	94.3%	1.3%	1.7 GB	84.3 MB
233	02/8954ec	BGC_ANALYSIS:ANTISMASH_ANALYSIS:ANTISMASH (Pantoea_sp._X85)	COMPLETED	0	2026-08-30 12:03:44.034	2026-08-30 12:03:44.129	2026-08-30 12:04:07.497	21.5s	2	6 GB	804.5 MB	7.8 GB	132.3%	1.3%	847 MB	60.6 MB
237	9c/13b6de	BGC_ANALYSIS:ANTISMASH_ANALYSIS:ANTISMASH (Buchnera_aphidicola_Melanaphis_sacchari_LSU)	COMPLETED	0	2026-08-30 12:04:07.280	2026-08-30 12:04:07.375	2026-08-30 12:04:16.521	7.2s	2	6 GB	213.8 MB	2.7 GB	101.2%	0.3%	288.4 MB	9.3 MB
242	17/55d2b9	BGC_ANALYSIS:ANTISMASH_ANALYSIS:ANTISMASH (Candidatus_Pantoea_edessiphila_SoEE)	COMPLETED	0	2026-08-30 12:04:05.857	2026-08-30 12:04:05.955	2026-08-30 12:04:18.108	10.1s	2	6 GB	209 MB	2.7 GB	101.3%	0.3%	455.6 MB	14.9 MB
235	af/953277	BGC_ANALYSIS:ANTISMASH_ANALYSIS:ANTISMASH (Pantoea_stewartii_ICMP_10132)	COMPLETED	0	2026-08-30 12:03:53.916	2026-08-30 12:03:54.011	2026-08-30 12:04:19.340	23.2s	2	6 GB	855.1 MB	7.9 GB	122.3%	1.5%	977.1 MB	65.1 MB
238	c3/0bf681	BGC_ANALYSIS:ANTISMASH_ANALYSIS:ANTISMASH (Buchnera_aphidicola_Schizaphis_graminum_LNK)	COMPLETED	0	2026-08-30 12:04:18.112	2026-08-30 12:04:18.209	2026-08-30 12:04:26.730	6.5s	2	6 GB	213.4 MB	2.7 GB	106.7%	0.3%	289.5 MB	9.5 MB
243	d0/a5aefd	BGC_ANALYSIS:ANTISMASH_ANALYSIS:ANTISMASH (Candidatus_Pantoea_edessiphila_SoEL)	COMPLETED	0	2026-08-30 12:04:16.527	2026-08-30 12:04:16.621	2026-08-30 12:04:27.784	9.1s	2	6 GB	214.7 MB	2.7 GB	104.9%	0.3%	454.5 MB	14.8 MB
250	92/980320	BGC_ANALYSIS:ANTISMASH_ANALYSIS:ANTISMASH (Erwinia_amylovora_CTMF03-1)	COMPLETED	0	2026-08-30 12:04:04.368	2026-08-30 12:04:04.465	2026-08-30 12:04:37.128	30.7s	2	6 GB	493.3 MB	7.7 GB	107.0%	0.7%	1.2 GB	48.3 MB
236	e3/c34546	BGC_ANALYSIS:ANTISMASH_ANALYSIS:ANTISMASH (Pantoea_trifolii_RIT-To-1)	COMPLETED	0	2026-08-30 12:04:03.598	2026-08-30 12:04:03.693	2026-08-30 12:04:40.506	34.9s	2	6 GB	515 MB	7.8 GB	105.5%	0.7%	1.3 GB	58.1 MB
240	ce/fa9d40	BGC_ANALYSIS:ANTISMASH_ANALYSIS:ANTISMASH (Candidatus_Pantoea_astica_UBA6564)	COMPLETED	0	2026-08-30 12:04:07.502	2026-08-30 12:04:07.597	2026-08-30 12:04:45.689	36.1s	2	6 GB	472.7 MB	7.7 GB	100.3%	0.7%	1.5 GB	60 MB
246	34/c9d626	BGC_ANALYSIS:ANTISMASH_ANALYSIS:ANTISMASH (Candidatus_Pantoea_rara_UBA5707)	COMPLETED	0	2026-08-30 12:04:19.344	2026-08-30 12:04:19.441	2026-08-30 12:04:45.807	24.3s	2	6 GB	509.5 MB	7.7 GB	108.2%	0.7%	970.6 MB	44 MB
254	54/614c35	BGC_ANALYSIS:ANTISMASH_ANALYSIS:ANTISMASH (Erwinia_amylovora_LA092)	COMPLETED	0	2026-08-30 12:04:26.733	2026-08-30 12:04:26.830	2026-08-30 12:04:57.302	28.5s	2	6 GB	524.9 MB	7.8 GB	112.2%	0.7%	1.1 GB	46.9 MB
252	86/6d23be	BGC_ANALYSIS:ANTISMASH_ANALYSIS:ANTISMASH (Erwinia_amylovora_E-2)	COMPLETED	0	2026-08-30 12:04:45.811	2026-08-30 12:04:45.907	2026-08-30 12:05:06.195	18.3s	2	6 GB	713.1 MB	7.7 GB	126.6%	1.1%	674.9 MB	45 MB
247	fa/c72b92	BGC_ANALYSIS:ANTISMASH_ANALYSIS:ANTISMASH (Erwinia_amylovora_CA3R)	COMPLETED	0	2026-08-30 12:04:27.789	2026-08-30 12:04:27.884	2026-08-30 12:05:09.266	39.5s	2	6 GB	517.8 MB	7.8 GB	108.4%	0.7%	1.7 GB	61.9 MB
258	ba/0d1493	BGC_ANALYSIS:ANTISMASH_ANALYSIS:ANTISMASH (Erwinia_amylovora_NHSB01-1)	COMPLETED	0	2026-08-30 12:04:40.510	2026-08-30 12:04:40.606	2026-08-30 12:05:10.505	27.9s	2	6 GB	517.3 MB	7.8 GB	108.8%	0.7%	1.1 GB	44.9 MB
244	71/2dfc84	BGC_ANALYSIS:ANTISMASH_ANALYSIS:ANTISMASH (Candidatus_Pantoea_edessiphila_SoEO)	COMPLETED	0	2026-08-30 12:05:06.198	2026-08-30 12:05:06.295	2026-08-30 12:05:18.018	9.5s	2	6 GB	214.6 MB	2.7 GB	104.9%	0.3%	451.2 MB	14.6 MB
260	89/e0259a	BGC_ANALYSIS:ANTISMASH_ANALYSIS:ANTISMASH (Erwinia_amylovora_OR1)	COMPLETED	0	2026-08-30 12:04:45.693	2026-08-30 12:04:45.789	2026-08-30 12:05:19.666	31.9s	2	6 GB	523.6 MB	7.8 GB	111.1%	0.7%	1.3 GB	50.9 MB
248	2c/ecc197	BGC_ANALYSIS:ANTISMASH_ANALYSIS:ANTISMASH (Erwinia_amylovora_CTBT1-1)	COMPLETED	0	2026-08-30 12:04:57.306	2026-08-30 12:04:57.402	2026-08-30 12:05:19.992	20.4s	2	6 GB	591.7 MB	7.8 GB	128.5%	0.9%	687.2 MB	35.7 MB
234	9f/a90264	BGC_ANALYSIS:ANTISMASH_ANALYSIS:ANTISMASH (Pantoea_stewartii_C10109_Jinnung)	COMPLETED	0	2026-08-30 12:04:00.250	2026-08-30 12:04:00.346	2026-08-30 12:05:22.615	1m 20s	2	6 GB	4.7 GB	7.8 GB	126.4%	6.0%	27.7 GB	50.5 MB
245	b6/cef1c1	BGC_ANALYSIS:ANTISMASH_ANALYSIS:ANTISMASH (Candidatus_Pantoea_edessiphila_SoET)	COMPLETED	0	2026-08-30 12:05:18.022	2026-08-30 12:05:18.118	2026-08-30 12:05:29.537	9.5s	2	6 GB	207.8 MB	2.7 GB	101.9%	0.3%	432.3 MB	14.2 MB
249	14/29b14e	BGC_ANALYSIS:ANTISMASH_ANALYSIS:ANTISMASH (Erwinia_amylovora_CTBT3-1)	COMPLETED	0	2026-08-30 12:05:09.269	2026-08-30 12:05:09.365	2026-08-30 12:05:31.981	20.6s	2	6 GB	594 MB	7.8 GB	128.3%	0.9%	688.2 MB	35.7 MB
253	f5/e143ee	BGC_ANALYSIS:ANTISMASH_ANALYSIS:ANTISMASH (Erwinia_amylovora_EA110)	COMPLETED	0	2026-08-30 12:05:10.510	2026-08-30 12:05:10.605	2026-08-30 12:05:42.413	29.7s	2	6 GB	502.2 MB	7.7 GB	107.8%	0.7%	1.1 GB	46.3 MB
257	ca/592f31	BGC_ANALYSIS:ANTISMASH_ANALYSIS:ANTISMASH (Erwinia_amylovora_MASHBO)	COMPLETED	0	2026-08-30 12:05:29.541	2026-08-30 12:05:29.637	2026-08-30 12:05:53.314	21.7s	2	6 GB	538.7 MB	7.8 GB	116.3%	0.7%	777.3 MB	37.5 MB
251	b1/d23f8d	BGC_ANALYSIS:ANTISMASH_ANALYSIS:ANTISMASH (Erwinia_amylovora_CTST01-1)	COMPLETED	0	2026-08-30 12:05:19.670	2026-08-30 12:05:19.767	2026-08-30 12:05:53.823	32.1s	2	6 GB	512.6 MB	7.8 GB	107.8%	0.7%	1.3 GB	49.9 MB
255	6f/f468c9	BGC_ANALYSIS:ANTISMASH_ANALYSIS:ANTISMASH (Erwinia_amylovora_MAGFLF_2)	COMPLETED	0	2026-08-30 12:05:31.985	2026-08-30 12:05:32.080	2026-08-30 12:05:54.125	20s	2	6 GB	590.3 MB	7.8 GB	129.5%	0.9%	656.8 MB	34.6 MB
259	67/88ef32	BGC_ANALYSIS:ANTISMASH_ANALYSIS:ANTISMASH (Erwinia_amylovora_NHWL02-2)	COMPLETED	0	2026-08-30 12:05:19.999	2026-08-30 12:05:20.098	2026-08-30 12:05:58.839	36.8s	2	6 GB	507.8 MB	7.8 GB	107.4%	0.7%	1.5 GB	56.3 MB
229	ec/c719a4	BGC_ANALYSIS:ANTISMASH_ANALYSIS:ANTISMASH (Pantoea_sp._Pa-EAmG)	COMPLETED	0	2026-08-30 12:03:31.028	2026-08-30 12:03:31.123	2026-08-30 12:05:59.707	2m 26s	2	6 GB	701 MB	7.8 GB	100.1%	1.2%	8.3 GB	243 MB
268	95/aeee92	BGC_ANALYSIS:ANTISMASH_ANALYSIS:ANTISMASH (Erwinia_billingiae_UBA5038)	COMPLETED	0	2026-08-30 12:05:22.619	2026-08-30 12:05:22.716	2026-08-30 12:06:03.280	38.5s	2	6 GB	494.9 MB	7.8 GB	101.1%	0.7%	1.6 GB	63.2 MB
262	1a/87e2b8	BGC_ANALYSIS:ANTISMASH_ANALYSIS:ANTISMASH (Erwinia_amylovora_RISTBO01-2)	COMPLETED	0	2026-08-30 12:05:53.827	2026-08-30 12:05:53.923	2026-08-30 12:06:16.250	20.2s	2	6 GB	580.1 MB	7.8 GB	128.9%	0.9%	687.6 MB	35.7 MB
241	f1/0108bf	BGC_ANALYSIS:ANTISMASH_ANALYSIS:ANTISMASH (Candidatus_Pantoea_borealis_UBA6694)	COMPLETED	0	2026-08-30 12:05:42.418	2026-08-30 12:05:42.513	2026-08-30 12:06:17.000	32.5s	2	6 GB	458.7 MB	7.7 GB	102.8%	0.7%	1.4 GB	52.2 MB
263	ad/7208a4	BGC_ANALYSIS:ANTISMASH_ANALYSIS:ANTISMASH (Erwinia_amylovora_UT5P4)	COMPLETED	0	2026-08-30 12:05:54.129	2026-08-30 12:05:54.226	2026-08-30 12:06:25.263	29s	2	6 GB	516.6 MB	7.8 GB	107.6%	0.7%	1.1 GB	45.7 MB
265	b6/365288	BGC_ANALYSIS:ANTISMASH_ANALYSIS:ANTISMASH (Erwinia_amylovora_VTDMSF02)	COMPLETED	0	2026-08-30 12:06:03.284	2026-08-30 12:06:03.380	2026-08-30 12:06:25.432	20.1s	2	6 GB	591.3 MB	7.8 GB	127.5%	0.9%	662 MB	34.8 MB
256	dd/a25e13	BGC_ANALYSIS:ANTISMASH_ANALYSIS:ANTISMASH (Erwinia_amylovora_MANB02-1)	COMPLETED	0	2026-08-30 12:05:53.319	2026-08-30 12:05:53.414	2026-08-30 12:06:28.135	32.6s	2	6 GB	469.4 MB	7.7 GB	102.0%	0.7%	1.3 GB	49.3 MB
271	7a/25b01e	BGC_ANALYSIS:ANTISMASH_ANALYSIS:ANTISMASH (Erwinia_sp._OAMSP11)	COMPLETED	0	2026-08-30 12:05:58.843	2026-08-30 12:05:58.939	2026-08-30 12:06:47.248	46.3s	2	6 GB	637 MB	7.7 GB	97.4%	1.0%	2.3 GB	85.9 MB
261	f4/9d4295	BGC_ANALYSIS:ANTISMASH_ANALYSIS:ANTISMASH (Erwinia_amylovora_OR6)	COMPLETED	0	2026-08-30 12:06:17.004	2026-08-30 12:06:17.100	2026-08-30 12:06:49.363	30.2s	2	6 GB	525.7 MB	7.8 GB	111.1%	0.7%	1.3 GB	49.6 MB
264	78/5c8932	BGC_ANALYSIS:ANTISMASH_ANALYSIS:ANTISMASH (Erwinia_amylovora_VTBL01-1)	COMPLETED	0	2026-08-30 12:06:25.267	2026-08-30 12:06:25.363	2026-08-30 12:06:54.628	27.3s	2	6 GB	517.7 MB	7.8 GB	110.5%	0.7%	1.1 GB	45.3 MB
283	ec/dd2486	BGC_ANALYSIS:ANTISMASH_ANALYSIS:ANTISMASH (Pantoea_allii_PNA_200-10)	COMPLETED	0	2026-08-30 12:06:25.436	2026-08-30 12:06:25.532	2026-08-30 12:06:56.890	29.4s	2	6 GB	725.2 MB	7.8 GB	95.9%	1.3%	1.2 GB	63.2 MB
276	1f/00e796	BGC_ANALYSIS:ANTISMASH_ANALYSIS:ANTISMASH (Erwinia_sp._OLMTSP26)	COMPLETED	0	2026-08-30 12:06:16.254	2026-08-30 12:06:16.350	2026-08-30 12:07:04.110	45.7s	2	6 GB	625.6 MB	7.7 GB	97.9%	1.0%	2.3 GB	85.5 MB
277	ea/191c28	BGC_ANALYSIS:ANTISMASH_ANALYSIS:ANTISMASH (Erwinia_sp._OLSSP12)	COMPLETED	0	2026-08-30 12:06:28.139	2026-08-30 12:06:28.235	2026-08-30 12:07:16.857	46.7s	2	6 GB	617 MB	7.7 GB	98.4%	1.0%	2.4 GB	87.4 MB
266	33/d791ae	BGC_ANALYSIS:ANTISMASH_ANALYSIS:ANTISMASH (Erwinia_amylovora_WSDA87-73)	COMPLETED	0	2026-08-30 12:06:47.252	2026-08-30 12:06:47.347	2026-08-30 12:07:17.972	28.7s	2	6 GB	501.4 MB	7.7 GB	110.9%	0.7%	1.2 GB	47.3 MB
269	a6/5aa814	BGC_ANALYSIS:ANTISMASH_ANALYSIS:ANTISMASH (Erwinia_pyrifoliae_EpK1_15)	COMPLETED	0	2026-08-30 12:07:04.114	2026-08-30 12:07:04.210	2026-08-30 12:07:24.261	18s	2	6 GB	746.4 MB	7.8 GB	128.4%	1.3%	702.9 MB	47.6 MB
282	4e/f95cdd	BGC_ANALYSIS:ANTISMASH_ANALYSIS:ANTISMASH (Pantoea_agglomerans_PNG_92-11)	COMPLETED	0	2026-08-30 12:06:54.632	2026-08-30 12:06:54.727	2026-08-30 12:07:30.930	34.1s	2	6 GB	712.5 MB	7.8 GB	96.6%	1.2%	1.5 GB	70.5 MB
281	52/43e02d	BGC_ANALYSIS:ANTISMASH_ANALYSIS:ANTISMASH (Mixta_theicola_QC88-366)	COMPLETED	0	2026-08-30 12:06:56.894	2026-08-30 12:06:56.993	2026-08-30 12:07:33.840	34.8s	2	6 GB	715.4 MB	7.8 GB	96.6%	1.3%	1.6 GB	71.8 MB
270	3e/45bbc2	BGC_ANALYSIS:ANTISMASH_ANALYSIS:ANTISMASH (Erwinia_sp._B116)	COMPLETED	0	2026-08-30 12:06:49.367	2026-08-30 12:06:49.463	2026-08-30 12:07:44.863	53.4s	2	6 GB	757.6 MB	7.8 GB	97.8%	1.3%	2.7 GB	102.5 MB
280	69/56be32	BGC_ANALYSIS:ANTISMASH_ANALYSIS:ANTISMASH (Mixta_gaviniae_DSM_22758)	COMPLETED	0	2026-08-30 12:07:30.935	2026-08-30 12:07:31.030	2026-08-30 12:07:48.108	15.1s	2	6 GB	608.9 MB	7.3 GB	140.8%	1.1%	719.6 MB	32.1 MB
274	d1/4b7da9	BGC_ANALYSIS:ANTISMASH_ANALYSIS:ANTISMASH (Erwinia_sp._OLMDLW33)	COMPLETED	0	2026-08-30 12:05:59.711	2026-08-30 12:05:59.807	2026-08-30 12:07:50.482	1m 49s	2	6 GB	694.9 MB	7.8 GB	100.2%	1.2%	6 GB	187.5 MB
267	93/6a417e	BGC_ANALYSIS:ANTISMASH_ANALYSIS:ANTISMASH (Erwinia_billingiae_MYb121)	COMPLETED	0	2026-08-30 12:07:16.860	2026-08-30 12:07:16.957	2026-08-30 12:07:51.051	32.1s	2	6 GB	690.3 MB	7.7 GB	97.1%	1.2%	1.3 GB	70.6 MB
279	17/eeefa5	BGC_ANALYSIS:ANTISMASH_ANALYSIS:ANTISMASH (Mixta_calida_DSM_22759)	COMPLETED	0	2026-08-30 12:07:44.867	2026-08-30 12:07:44.963	2026-08-30 12:08:01.898	14.8s	2	6 GB	614.6 MB	7.3 GB	137.9%	1.0%	696.4 MB	31.1 MB
272	44/12ff73	BGC_ANALYSIS:ANTISMASH_ANALYSIS:ANTISMASH (Erwinia_sp._OLCASP19)	COMPLETED	0	2026-08-30 12:07:17.975	2026-08-30 12:07:18.072	2026-08-30 12:08:05.852	45.8s	2	6 GB	611.5 MB	7.7 GB	97.7%	1.0%	2.3 GB	85.3 MB
239	30/4e2d29	BGC_ANALYSIS:ANTISMASH_ANALYSIS:ANTISMASH (Candidatus_Erwinia_dacicola_Oroville)	COMPLETED	0	2026-08-30 12:04:37.132	2026-08-30 12:04:37.228	2026-08-30 12:08:07.014	3m 28s	2	6 GB	633.5 MB	7.7 GB	102.9%	1.0%	12.8 GB	333.2 MB
273	e2/b2fb56	BGC_ANALYSIS:ANTISMASH_ANALYSIS:ANTISMASH (Erwinia_sp._OLFS4)	COMPLETED	0	2026-08-30 12:07:24.266	2026-08-30 12:07:24.361	2026-08-30 12:08:10.723	44.2s	2	6 GB	633.3 MB	7.7 GB	97.5%	1.0%	2.2 GB	82.9 MB
287	ea/7332d0	BGC_ANALYSIS:ANTISMASH_ANALYSIS:ANTISMASH (Pantoea_ananatis_PANS_01-2)	COMPLETED	0	2026-08-30 12:07:33.844	2026-08-30 12:07:33.940	2026-08-30 12:08:29.663	53.7s	2	6 GB	4.7 GB	7.8 GB	113.6%	4.4%	10.2 GB	66.2 MB
289	a0/482ca5	BGC_ANALYSIS:ANTISMASH_ANALYSIS:ANTISMASH (Pantoea_ananatis_PANS_99-23)	COMPLETED	0	2026-08-30 12:08:07.017	2026-08-30 12:08:07.114	2026-08-30 12:08:39.843	30.7s	2	6 GB	712.5 MB	7.8 GB	98.4%	1.3%	1.3 GB	68.8 MB
278	89/a6cbbc	BGC_ANALYSIS:ANTISMASH_ANALYSIS:ANTISMASH (Erwinia_sp._OLTSP20)	COMPLETED	0	2026-08-30 12:07:48.111	2026-08-30 12:07:48.208	2026-08-30 12:08:43.724	53.6s	2	6 GB	634.2 MB	7.7 GB	98.8%	1.0%	2.9 GB	97.9 MB
275	76/1e752c	BGC_ANALYSIS:ANTISMASH_ANALYSIS:ANTISMASH (Erwinia_sp._OLMDSP33)	COMPLETED	0	2026-08-30 12:08:01.902	2026-08-30 12:08:01.998	2026-08-30 12:08:48.342	44.3s	2	6 GB	643.1 MB	7.7 GB	98.1%	1.0%	2.3 GB	84.4 MB
292	5e/896f42	BGC_ANALYSIS:ANTISMASH_ANALYSIS:ANTISMASH (Pantoea_ananatis_PNA_11-1)	COMPLETED	0	2026-08-30 12:08:29.668	2026-08-30 12:08:29.763	2026-08-30 12:09:03.783	32s	2	6 GB	707.1 MB	7.8 GB	96.8%	1.2%	1.3 GB	65.2 MB
288	75/759cac	BGC_ANALYSIS:ANTISMASH_ANALYSIS:ANTISMASH (Pantoea_ananatis_PANS_04-2)	COMPLETED	0	2026-08-30 12:07:51.055	2026-08-30 12:07:51.151	2026-08-30 12:09:09.917	1m 17s	2	6 GB	4.8 GB	7.7 GB	124.3%	4.0%	22.4 GB	72.8 MB
284	e4/2e32dd	BGC_ANALYSIS:ANTISMASH_ANALYSIS:ANTISMASH (Pantoea_ananatis_ARC272)	COMPLETED	0	2026-08-30 12:08:10.727	2026-08-30 12:08:10.824	2026-08-30 12:09:11.697	58.9s	2	6 GB	654.6 MB	7.7 GB	99.7%	1.0%	3.2 GB	113.1 MB
286	7a/38b760	BGC_ANALYSIS:ANTISMASH_ANALYSIS:ANTISMASH (Pantoea_ananatis_ARC311)	COMPLETED	0	2026-08-30 12:08:05.857	2026-08-30 12:08:05.952	2026-08-30 12:09:17.626	1m 10s	2	6 GB	685.6 MB	7.8 GB	99.6%	1.1%	3.8 GB	128.7 MB
285	7d/2cbfd9	BGC_ANALYSIS:ANTISMASH_ANALYSIS:ANTISMASH (Pantoea_ananatis_ARC310)	COMPLETED	0	2026-08-30 12:07:50.486	2026-08-30 12:07:50.582	2026-08-30 12:09:19.567	1m 27s	2	6 GB	664.8 MB	7.7 GB	100.4%	1.1%	4.9 GB	156 MB
291	81/7cbb42	BGC_ANALYSIS:ANTISMASH_ANALYSIS:ANTISMASH (Pantoea_ananatis_PNA_07-1)	COMPLETED	0	2026-08-30 12:08:39.847	2026-08-30 12:08:39.943	2026-08-30 12:09:36.912	55s	2	6 GB	4.7 GB	7.8 GB	109.3%	3.0%	9.8 GB	63.2 MB
303	58/afd3b9	BGC_ANALYSIS:ANTISMASH_ANALYSIS:ANTISMASH (Pantoea_endophytica_596)	COMPLETED	0	2026-08-30 12:09:03.786	2026-08-30 12:09:03.882	2026-08-30 12:09:39.833	34s	2	6 GB	726.9 MB	7.8 GB	95.8%	1.3%	1.4 GB	73.4 MB
295	98/8b8979	BGC_ANALYSIS:ANTISMASH_ANALYSIS:ANTISMASH (Pantoea_ananatis_PNA_200-3)	COMPLETED	0	2026-08-30 12:09:09.921	2026-08-30 12:09:10.017	2026-08-30 12:09:42.217	30.1s	2	6 GB	724.7 MB	7.8 GB	99.4%	1.3%	1.2 GB	68.6 MB
299	c2/b1b96b	BGC_ANALYSIS:ANTISMASH_ANALYSIS:ANTISMASH (Pantoea_ananatis_PNA_99-7)	COMPLETED	0	2026-08-30 12:09:19.572	2026-08-30 12:09:19.667	2026-08-30 12:09:49.136	27.4s	2	6 GB	724 MB	7.8 GB	103.7%	1.3%	1.2 GB	67.2 MB
290	94/5c2f98	BGC_ANALYSIS:ANTISMASH_ANALYSIS:ANTISMASH (Pantoea_ananatis_PANS_99-3)	COMPLETED	0	2026-08-30 12:08:43.728	2026-08-30 12:08:43.823	2026-08-30 12:09:53.568	1m 8s	2	6 GB	4.8 GB	7.7 GB	115.6%	5.6%	18.7 GB	70.9 MB
293	4c/ac5a7b	BGC_ANALYSIS:ANTISMASH_ANALYSIS:ANTISMASH (Pantoea_ananatis_PNA_14-1)	COMPLETED	0	2026-08-30 12:09:17.630	2026-08-30 12:09:17.727	2026-08-30 12:09:53.587	33.8s	2	6 GB	728.2 MB	7.8 GB	96.7%	1.3%	1.5 GB	70.5 MB
294	66/6604b3	BGC_ANALYSIS:ANTISMASH_ANALYSIS:ANTISMASH (Pantoea_ananatis_PNA_15-1)	COMPLETED	0	2026-08-30 12:09:11.701	2026-08-30 12:09:11.797	2026-08-30 12:10:07.953	54s	2	6 GB	4.7 GB	7.8 GB	111.4%	3.7%	10.3 GB	67.5 MB
304	17/88b284	BGC_ANALYSIS:ANTISMASH_ANALYSIS:ANTISMASH (Pantoea_graminicola_ARC607)	COMPLETED	0	2026-08-30 12:08:48.346	2026-08-30 12:08:48.442	2026-08-30 12:10:10.922	1m 20s	2	6 GB	692.4 MB	7.8 GB	99.8%	1.2%	4.4 GB	142.1 MB
300	c9/7d3748	BGC_ANALYSIS:ANTISMASH_ANALYSIS:ANTISMASH (Pantoea_ananatis_SGAir0210)	COMPLETED	0	2026-08-30 12:09:53.591	2026-08-30 12:09:53.687	2026-08-30 12:10:14.933	19.1s	2	6 GB	801.8 MB	7.8 GB	134.1%	1.3%	803.7 MB	55.9 MB
314	bb/87c12c	BGC_ANALYSIS:ANTISMASH_ANALYSIS:ANTISMASH (Pantoea_sp._JKS000250)	COMPLETED	0	2026-08-30 12:09:53.573	2026-08-30 12:09:53.587	2026-08-30 12:10:16.172	20.3s	2	6 GB	762 MB	7.8 GB	127.4%	1.3%	830.5 MB	52.9 MB
309	f5/058e8b	BGC_ANALYSIS:ANTISMASH_ANALYSIS:ANTISMASH (Pantoea_sp._ARC270)	COMPLETED	0	2026-08-30 12:09:36.916	2026-08-30 12:09:37.013	2026-08-30 12:10:27.651	48.6s	2	6 GB	668.8 MB	7.7 GB	95.5%	1.0%	2.3 GB	90.6 MB
297	f1/8b8a61	BGC_ANALYSIS:ANTISMASH_ANALYSIS:ANTISMASH (Pantoea_ananatis_PNA_97-1R)	COMPLETED	0	2026-08-30 12:09:39.837	2026-08-30 12:09:39.933	2026-08-30 12:10:29.249	47.4s	2	6 GB	4.8 GB	7.9 GB	126.0%	5.7%	9.9 GB	59.2 MB
296	15/279a70	BGC_ANALYSIS:ANTISMASH_ANALYSIS:ANTISMASH (Pantoea_ananatis_PNA_200-7)	COMPLETED	0	2026-08-30 12:09:49.140	2026-08-30 12:09:49.236	2026-08-30 12:10:48.328	56.9s	2	6 GB	4.7 GB	7.9 GB	108.2%	7.9%	9.8 GB	61.5 MB
307	7b/72bba3	BGC_ANALYSIS:ANTISMASH_ANALYSIS:ANTISMASH (Pantoea_sp._AG1095)	COMPLETED	0	2026-08-30 12:10:16.177	2026-08-30 12:10:16.272	2026-08-30 12:10:50.043	31.7s	2	6 GB	673.4 MB	7.7 GB	98.0%	1.2%	1.2 GB	63.3 MB
302	c8/923861	BGC_ANALYSIS:ANTISMASH_ANALYSIS:ANTISMASH (Pantoea_dispersa_UBA3148)	COMPLETED	0	2026-08-30 12:10:14.937	2026-08-30 12:10:15.033	2026-08-30 12:10:52.880	35.9s	2	6 GB	500.3 MB	7.8 GB	102.3%	0.8%	1.4 GB	58.2 MB
298	ee/ed1649	BGC_ANALYSIS:ANTISMASH_ANALYSIS:ANTISMASH (Pantoea_ananatis_PNA_98-11)	COMPLETED	0	2026-08-30 12:09:42.221	2026-08-30 12:09:42.318	2026-08-30 12:10:55.607	1m 11s	2	6 GB	4.7 GB	7.8 GB	115.6%	7.4%	19 GB	71.6 MB
301	d6/07d17c	BGC_ANALYSIS:ANTISMASH_ANALYSIS:ANTISMASH (Pantoea_coffeiphila_342)	COMPLETED	0	2026-08-30 12:10:10.927	2026-08-30 12:10:11.022	2026-08-30 12:10:58.004	45s	2	6 GB	703.1 MB	7.8 GB	92.8%	1.3%	1.8 GB	90.5 MB
312	f9/4d9b35	BGC_ANALYSIS:ANTISMASH_ANALYSIS:ANTISMASH (Pantoea_sp._ICBG_828)	COMPLETED	0	2026-08-30 12:10:29.253	2026-08-30 12:10:29.349	2026-08-30 12:11:01.891	30.3s	2	6 GB	727.4 MB	7.8 GB	98.9%	1.3%	1.2 GB	68.5 MB
305	50/f71c28	BGC_ANALYSIS:ANTISMASH_ANALYSIS:ANTISMASH (Pantoea_rodasii_DSM_26611)	COMPLETED	0	2026-08-30 12:10:27.659	2026-08-30 12:10:27.751	2026-08-30 12:11:06.720	36.6s	2	6 GB	754.8 MB	7.8 GB	96.9%	1.3%	1.5 GB	81.1 MB
311	3b/8cbbb7	BGC_ANALYSIS:ANTISMASH_ANALYSIS:ANTISMASH (Pantoea_sp._ICBG_1758)	COMPLETED	0	2026-08-30 12:10:50.047	2026-08-30 12:10:50.143	2026-08-30 12:11:15.444	23.3s	2	6 GB	726.1 MB	7.8 GB	105.0%	1.2%	1001.6 MB	55.2 MB
310	af/fe05b4	BGC_ANALYSIS:ANTISMASH_ANALYSIS:ANTISMASH (Pantoea_sp._BRM17)	COMPLETED	0	2026-08-30 12:10:55.617	2026-08-30 12:10:55.708	2026-08-30 12:11:16.050	18.2s	2	6 GB	843 MB	7.9 GB	120.9%	1.4%	605.1 MB	52.9 MB
306	7a/4b4a2d	BGC_ANALYSIS:ANTISMASH_ANALYSIS:ANTISMASH (Pantoea_septica_UBA7459)	COMPLETED	0	2026-08-30 12:10:07.957	2026-08-30 12:10:08.053	2026-08-30 12:11:16.948	1m 7s	2	6 GB	473.8 MB	7.6 GB	103.9%	0.7%	3.3 GB	100.2 MB
322	82/044167	BGC_ANALYSIS:ANTISMASH_ANALYSIS:ANTISMASH (Pantoea_sp._UBA4549_UBA4549)	COMPLETED	0	2026-08-30 12:10:52.885	2026-08-30 12:10:52.980	2026-08-30 12:11:20.075	25.1s	2	6 GB	471.1 MB	7.7 GB	99.6%	0.7%	978.3 MB	40.9 MB
313	c6/e021bb	BGC_ANALYSIS:ANTISMASH_ANALYSIS:ANTISMASH (Pantoea_sp._ICBG_985)	COMPLETED	0	2026-08-30 12:10:58.010	2026-08-30 12:10:58.104	2026-08-30 12:11:29.135	28.9s	2	6 GB	664.3 MB	7.7 GB	99.7%	1.1%	1.1 GB	65.6 MB
308	66/027b24	BGC_ANALYSIS:ANTISMASH_ANALYSIS:ANTISMASH (Pantoea_sp._AG702)	COMPLETED	0	2026-08-30 12:10:48.332	2026-08-30 12:10:48.428	2026-08-30 12:11:44.791	54.4s	2	6 GB	4.7 GB	7.7 GB	111.5%	4.7%	9.8 GB	60.2 MB
316	88/61f694	BGC_ANALYSIS:ANTISMASH_ANALYSIS:ANTISMASH (Pantoea_sp._RIT413)	COMPLETED	0	2026-08-30 12:11:16.054	2026-08-30 12:11:16.151	2026-08-30 12:11:46.199	28.1s	2	6 GB	631.2 MB	7.7 GB	94.9%	1.0%	1.2 GB	58.5 MB
320	5c/ba7343	BGC_ANALYSIS:ANTISMASH_ANALYSIS:ANTISMASH (Pantoea_sp._UBA3896_UBA3896)	COMPLETED	0	2026-08-30 12:11:29.139	2026-08-30 12:11:29.235	2026-08-30 12:11:54.393	23.1s	2	6 GB	489.5 MB	7.8 GB	103.7%	0.7%	844.7 MB	39.2 MB
326	ec/a7c91e	BGC_ANALYSIS:ANTISMASH_ANALYSIS:ANTISMASH (Pantoea_sp._UBA5923_UBA5923)	COMPLETED	0	2026-08-30 12:11:06.725	2026-08-30 12:11:06.820	2026-08-30 12:12:01.457	52.5s	2	6 GB	505.8 MB	7.7 GB	103.4%	0.8%	2.4 GB	78.6 MB
315	01/632fc0	BGC_ANALYSIS:ANTISMASH_ANALYSIS:ANTISMASH (Pantoea_sp._PNA_03-3)	COMPLETED	0	2026-08-30 12:11:15.447	2026-08-30 12:11:15.544	2026-08-30 12:12:14.461	57s	2	6 GB	4.7 GB	7.8 GB	112.1%	5.6%	10.8 GB	62 MB
317	ce/77c6e4	BGC_ANALYSIS:ANTISMASH_ANALYSIS:ANTISMASH (Pantoea_sp._UBA2708_UBA2708)	COMPLETED	0	2026-08-30 12:11:46.203	2026-08-30 12:11:46.299	2026-08-30 12:12:16.071	27.8s	2	6 GB	497.7 MB	7.7 GB	109.2%	0.7%	1.1 GB	45.1 MB
321	3c/6da00a	BGC_ANALYSIS:ANTISMASH_ANALYSIS:ANTISMASH (Pantoea_sp._UBA4389_UBA4389)	COMPLETED	0	2026-08-30 12:11:54.398	2026-08-30 12:11:54.493	2026-08-30 12:12:24.072	27.3s	2	6 GB	503.2 MB	7.8 GB	104.2%	0.7%	997.3 MB	45.3 MB
319	8b/59d5f0	BGC_ANALYSIS:ANTISMASH_ANALYSIS:ANTISMASH (Pantoea_sp._UBA3041_UBA3041)	COMPLETED	0	2026-08-30 12:11:20.078	2026-08-30 12:11:20.175	2026-08-30 12:12:43.790	1m 22s	2	6 GB	471.3 MB	7.6 GB	108.5%	0.7%	4.2 GB	120.2 MB
324	39/270b7c	BGC_ANALYSIS:ANTISMASH_ANALYSIS:ANTISMASH (Pantoea_sp._UBA5035_UBA5035)	COMPLETED	0	2026-08-30 12:12:14.465	2026-08-30 12:12:14.562	2026-08-30 12:12:47.620	31s	2	6 GB	487.3 MB	7.8 GB	103.3%	0.7%	1.3 GB	52.8 MB
328	d6/2f092f	BGC_ANALYSIS:ANTISMASH_ANALYSIS:ANTISMASH (Pantoea_sp._UBA5960_UBA5960)	COMPLETED	0	2026-08-30 12:12:16.075	2026-08-30 12:12:16.171	2026-08-30 12:12:47.674	29.5s	2	6 GB	461.3 MB	7.7 GB	101.9%	0.7%	1.3 GB	48.4 MB
330	ae/3c89eb	BGC_ANALYSIS:ANTISMASH_ANALYSIS:ANTISMASH (Pantoea_sp._UBA6567_UBA6567)	COMPLETED	0	2026-08-30 12:12:43.793	2026-08-30 12:12:43.890	2026-08-30 12:13:07.443	21.6s	2	6 GB	521.4 MB	7.8 GB	113.4%	0.7%	884.8 MB	39.9 MB
334	5a/1a88b2	BGC_ANALYSIS:ANTISMASH_ANALYSIS:ANTISMASH (Pantoea_vagans_PV989)	COMPLETED	0	2026-08-30 12:12:47.623	2026-08-30 12:12:47.674	2026-08-30 12:13:10.242	20.5s	2	6 GB	765.1 MB	7.8 GB	133.0%	1.3%	854.9 MB	57.3 MB
318	9e/a1295f	BGC_ANALYSIS:ANTISMASH_ANALYSIS:ANTISMASH (Pantoea_sp._UBA3038_UBA3038)	COMPLETED	0	2026-08-30 12:11:16.952	2026-08-30 12:11:17.048	2026-08-30 12:13:31.643	2m 13s	2	6 GB	484.9 MB	7.7 GB	112.8%	0.8%	7.2 GB	187 MB
331	d3/9e0c1e	BGC_ANALYSIS:ANTISMASH_ANALYSIS:ANTISMASH (Pantoea_sp._UBA7232_UBA7232)	COMPLETED	0	2026-08-30 12:13:10.245	2026-08-30 12:13:10.342	2026-08-30 12:13:36.180	23.9s	2	6 GB	474.6 MB	7.8 GB	106.6%	0.7%	972.8 MB	40.6 MB
327	26/0549a7	BGC_ANALYSIS:ANTISMASH_ANALYSIS:ANTISMASH (Pantoea_sp._UBA5931_UBA5931)	COMPLETED	0	2026-08-30 12:11:01.896	2026-08-30 12:11:01.991	2026-08-30 12:13:44.755	2m 41s	2	6 GB	480.3 MB	7.6 GB	112.9%	0.7%	8.4 GB	222.5 MB
332	69/986df3	BGC_ANALYSIS:ANTISMASH_ANALYSIS:ANTISMASH (Pantoea_sp._UBA7401_UBA7401)	COMPLETED	0	2026-08-30 12:11:44.796	2026-08-30 12:11:44.891	2026-08-30 12:13:47.191	2m	2	6 GB	490.9 MB	7.7 GB	111.8%	0.8%	6.4 GB	173.2 MB
325	f0/4fbac7	BGC_ANALYSIS:ANTISMASH_ANALYSIS:ANTISMASH (Pantoea_sp._UBA5037_UBA5037)	COMPLETED	0	2026-08-30 12:12:47.678	2026-08-30 12:12:47.774	2026-08-30 12:13:48.835	59.1s	2	6 GB	512.5 MB	7.7 GB	104.7%	0.8%	2.9 GB	92 MB
323	1a/404be7	BGC_ANALYSIS:ANTISMASH_ANALYSIS:ANTISMASH (Pantoea_sp._UBA4570_UBA4570)	COMPLETED	0	2026-08-30 12:12:01.462	2026-08-30 12:12:01.557	2026-08-30 12:13:53.382	1m 50s	2	6 GB	474 MB	7.6 GB	111.2%	0.7%	5.7 GB	160.9 MB
336	da/48236a	BGC_ANALYSIS:ANTISMASH_ANALYSIS:ANTISMASH (Pantoea_vagans_UBA6713)	COMPLETED	0	2026-08-30 12:13:36.184	2026-08-30 12:13:36.280	2026-08-30 12:14:11.321	33s	2	6 GB	503 MB	7.8 GB	105.8%	0.7%	1.2 GB	54.7 MB
339	db/669850	BGC_ANALYSIS:ANTISMASH_ANALYSIS:ANTISMASH (Curtobacterium_plantarum_CC49)	COMPLETED	0	2026-08-30 12:13:47.195	2026-08-30 12:13:47.291	2026-08-30 12:14:16.907	27.6s	2	6 GB	726.1 MB	7.8 GB	102.7%	1.2%	1.1 GB	62.6 MB
329	5d/080e67	BGC_ANALYSIS:ANTISMASH_ANALYSIS:ANTISMASH (Pantoea_sp._UBA6551_UBA6551)	COMPLETED	0	2026-08-30 12:12:24.076	2026-08-30 12:12:24.172	2026-08-30 12:14:25.767	2m	2	6 GB	510.5 MB	7.7 GB	111.9%	0.8%	6.3 GB	170 MB
340	2d/3bf104	BGC_ANALYSIS:ANTISMASH_ANALYSIS:ANTISMASH (Duffyella_gerundensis_CTOTU46774)	COMPLETED	0	2026-08-30 12:13:48.839	2026-08-30 12:13:48.935	2026-08-30 12:14:44.554	53.6s	2	6 GB	481.9 MB	7.7 GB	106.6%	0.7%	2.5 GB	82.5 MB
338	fa/b61eb3	BGC_ANALYSIS:ANTISMASH_ANALYSIS:ANTISMASH (Candidatus_Pantoea_bathycoeliae_BD_Bin1)	COMPLETED	0	2026-08-30 12:13:53.385	2026-08-30 12:13:53.481	2026-08-30 12:14:54.685	59s	2	6 GB	514.4 MB	7.7 GB	108.6%	0.8%	3.1 GB	90.5 MB
335	fc/fb9e3a	BGC_ANALYSIS:ANTISMASH_ANALYSIS:ANTISMASH (Pantoea_vagans_UBA6298)	COMPLETED	0	2026-08-30 12:13:07.447	2026-08-30 12:13:07.543	2026-08-30 12:15:18.729	2m 9s	2	6 GB	492.3 MB	7.6 GB	113.0%	0.7%	6.7 GB	183.8 MB
356	2c/99cac1	BGC_ANALYSIS:ANTISMASH_ANALYSIS:ANTISMASH (Mixta_mediterraneensis_JHMAG-1)	COMPLETED	0	2026-08-30 12:14:16.911	2026-08-30 12:14:17.007	2026-08-30 12:15:20.859	1m 2s	2	6 GB	748.4 MB	7.8 GB	99.1%	1.2%	3.2 GB	116.1 MB
341	01/97f6d9	BGC_ANALYSIS:ANTISMASH_ANALYSIS:ANTISMASH (Erwinia_pyri_DE2)	COMPLETED	0	2026-08-30 12:15:18.734	2026-08-30 12:15:18.829	2026-08-30 12:15:41.677	20.8s	2	6 GB	829 MB	7.9 GB	136.7%	1.4%	889.1 MB	60.2 MB
333	fe/93e293	BGC_ANALYSIS:ANTISMASH_ANALYSIS:ANTISMASH (Pantoea_sp._UBA7604_UBA7604)	COMPLETED	0	2026-08-30 12:13:31.646	2026-08-30 12:13:31.743	2026-08-30 12:15:42.419	2m 9s	2	6 GB	481.1 MB	7.6 GB	111.6%	0.7%	6.8 GB	184.9 MB
348	eb/c95e1f	BGC_ANALYSIS:ANTISMASH_ANALYSIS:ANTISMASH (Mixta_calida_CTOTU46787)	COMPLETED	0	2026-08-30 12:15:20.863	2026-08-30 12:15:20.960	2026-08-30 12:16:09.759	46.7s	2	6 GB	483 MB	7.7 GB	104.3%	0.7%	2.2 GB	75 MB
349	a3/2c010a	BGC_ANALYSIS:ANTISMASH_ANALYSIS:ANTISMASH (Mixta_calida_CTOTU47165)	COMPLETED	0	2026-08-30 12:15:42.423	2026-08-30 12:15:42.519	2026-08-30 12:16:32.019	47.6s	2	6 GB	491.5 MB	7.7 GB	106.6%	0.7%	2.3 GB	77.4 MB
351	9e/931389	BGC_ANALYSIS:ANTISMASH_ANALYSIS:ANTISMASH (Mixta_calida_CTOTU47587)	COMPLETED	0	2026-08-30 12:16:09.763	2026-08-30 12:16:09.859	2026-08-30 12:16:48.153	36.2s	2	6 GB	478.8 MB	7.8 GB	104.2%	0.7%	1.7 GB	60.8 MB
343	f9/1d759b	BGC_ANALYSIS:ANTISMASH_ANALYSIS:ANTISMASH (Erwinia_sp._CTOTU46998)	COMPLETED	0	2026-08-30 12:14:11.325	2026-08-30 12:14:11.422	2026-08-30 12:17:04.723	2m 51s	2	6 GB	510.6 MB	7.7 GB	113.3%	0.9%	9.3 GB	245.6 MB
345	f8/10e6d4	BGC_ANALYSIS:ANTISMASH_ANALYSIS:ANTISMASH (Erwinia_sp._PsM31)	COMPLETED	0	2026-08-30 12:16:32.023	2026-08-30 12:16:32.119	2026-08-30 12:17:16.199	42.1s	2	6 GB	685.6 MB	7.7 GB	97.5%	1.2%	2 GB	87.5 MB
357	12/506fde	BGC_ANALYSIS:ANTISMASH_ANALYSIS:ANTISMASH (Mixta_sp._BE291)	COMPLETED	0	2026-08-30 12:16:48.157	2026-08-30 12:16:48.253	2026-08-30 12:17:17.873	27.7s	2	6 GB	722.8 MB	7.8 GB	98.1%	1.3%	1.1 GB	60.1 MB
342	0b/6963b2	BGC_ANALYSIS:ANTISMASH_ANALYSIS:ANTISMASH (Erwinia_sp._CTOTU46754)	COMPLETED	0	2026-08-30 12:14:44.558	2026-08-30 12:14:44.654	2026-08-30 12:17:27.486	2m 41s	2	6 GB	545.2 MB	7.8 GB	113.6%	0.9%	8.7 GB	230.4 MB
358	75/b86260	BGC_ANALYSIS:ANTISMASH_ANALYSIS:ANTISMASH (Mixta_theicola_NBRC_110557)	COMPLETED	0	2026-08-30 12:17:04.726	2026-08-30 12:17:04.823	2026-08-30 12:17:33.068	26.3s	2	6 GB	647.4 MB	7.7 GB	97.9%	1.0%	1.1 GB	57.5 MB
337	fa/f4eb75	BGC_ANALYSIS:ANTISMASH_ANALYSIS:ANTISMASH (Buchnera_aphidicola_Sipha_maydis_LE2927)	COMPLETED	0	2026-08-30 12:17:27.489	2026-08-30 12:17:27.586	2026-08-30 12:17:34.598	5.1s	2	6 GB	200.3 MB	2.7 GB	112.2%	0.3%	222.1 MB	4.5 MB
350	7d/6b7f76	BGC_ANALYSIS:ANTISMASH_ANALYSIS:ANTISMASH (Mixta_calida_CTOTU47345)	COMPLETED	0	2026-08-30 12:14:25.771	2026-08-30 12:14:25.868	2026-08-30 12:17:40.280	3m 12s	2	6 GB	513.5 MB	7.7 GB	113.8%	1.0%	10.7 GB	277.4 MB
368	c7/752345	BGC_ANALYSIS:ANTISMASH_ANALYSIS:ANTISMASH (Pantoea_agglomerans_ISF_438)	COMPLETED	0	2026-08-30 12:17:17.877	2026-08-30 12:17:17.973	2026-08-30 12:17:41.133	21.2s	2	6 GB	609.8 MB	7.8 GB	131.4%	1.1%	792.2 MB	43.9 MB
352	53/67db46	BGC_ANALYSIS:ANTISMASH_ANALYSIS:ANTISMASH (Mixta_calida_CTOTU47719)	COMPLETED	0	2026-08-30 12:13:44.759	2026-08-30 12:13:44.856	2026-08-30 12:17:58.020	4m 11s	2	6 GB	522.8 MB	7.7 GB	112.5%	1.0%	14.2 GB	360.7 MB
369	a6/a12340	BGC_ANALYSIS:ANTISMASH_ANALYSIS:ANTISMASH (Pantoea_agglomerans_MMD61212-C)	COMPLETED	0	2026-08-30 12:17:40.283	2026-08-30 12:17:40.380	2026-08-30 12:18:03.284	20.9s	2	6 GB	779.6 MB	7.8 GB	131.3%	1.4%	861.3 MB	60 MB
346	f0/4da5d0	BGC_ANALYSIS:ANTISMASH_ANALYSIS:ANTISMASH (Erwinia_wuhanensis_BC051422)	COMPLETED	0	2026-08-30 12:17:41.137	2026-08-30 12:17:41.233	2026-08-30 12:18:10.100	26.9s	2	6 GB	709.4 MB	7.8 GB	98.7%	1.3%	1 GB	61.8 MB
354	13/4df99a	BGC_ANALYSIS:ANTISMASH_ANALYSIS:ANTISMASH (Mixta_calida_CTOTU47990)	COMPLETED	0	2026-08-30 12:17:34.602	2026-08-30 12:17:34.698	2026-08-30 12:18:23.132	46.3s	2	6 GB	475.9 MB	7.7 GB	102.9%	0.7%	2.2 GB	73.2 MB
355	a7/28dc6a	BGC_ANALYSIS:ANTISMASH_ANALYSIS:ANTISMASH (Mixta_calida_CTOTU48073)	COMPLETED	0	2026-08-30 12:17:16.203	2026-08-30 12:17:16.299	2026-08-30 12:18:30.733	1m 12s	2	6 GB	496.6 MB	7.6 GB	106.0%	0.7%	3.7 GB	111.5 MB
359	48/de3fa0	BGC_ANALYSIS:ANTISMASH_ANALYSIS:ANTISMASH (Pantoea_agglomerans_9Rz4)	COMPLETED	0	2026-08-30 12:18:03.288	2026-08-30 12:18:03.384	2026-08-30 12:18:31.128	25.6s	2	6 GB	821.2 MB	7.8 GB	119.0%	1.4%	975.8 MB	63.4 MB
371	19/cea021	BGC_ANALYSIS:ANTISMASH_ANALYSIS:ANTISMASH (Pantoea_agglomerans_Pan8)	COMPLETED	0	2026-08-30 12:18:10.104	2026-08-30 12:18:10.200	2026-08-30 12:18:45.573	33.3s	2	6 GB	697.9 MB	7.7 GB	94.5%	1.3%	1.4 GB	71.4 MB
373	f4/ac5764	BGC_ANALYSIS:ANTISMASH_ANALYSIS:ANTISMASH (Pantoea_agglomerans_ROTS050421)	COMPLETED	0	2026-08-30 12:18:23.139	2026-08-30 12:18:23.232	2026-08-30 12:18:47.197	21.8s	2	6 GB	820.7 MB	7.8 GB	129.8%	1.3%	902.4 MB	62.4 MB
362	d2/a9ace0	BGC_ANALYSIS:ANTISMASH_ANALYSIS:ANTISMASH (Pantoea_agglomerans_AR8b)	COMPLETED	0	2026-08-30 12:18:31.132	2026-08-30 12:18:31.228	2026-08-30 12:18:54.556	21.4s	2	6 GB	786.5 MB	7.8 GB	129.8%	1.3%	861.2 MB	60 MB
366	87/951e99	BGC_ANALYSIS:ANTISMASH_ANALYSIS:ANTISMASH (Pantoea_agglomerans_DSM_3493_2)	COMPLETED	0	2026-08-30 12:18:47.201	2026-08-30 12:18:47.298	2026-08-30 12:19:18.859	29.4s	2	6 GB	694 MB	7.7 GB	96.9%	1.2%	1.1 GB	64.1 MB
367	e0/691786	BGC_ANALYSIS:ANTISMASH_ANALYSIS:ANTISMASH (Pantoea_agglomerans_FC61912-B)	COMPLETED	0	2026-08-30 12:18:54.560	2026-08-30 12:18:54.657	2026-08-30 12:19:19.560	22.7s	2	6 GB	841.1 MB	7.9 GB	125.3%	1.3%	955.7 MB	64.7 MB
360	a3/179b83	BGC_ANALYSIS:ANTISMASH_ANALYSIS:ANTISMASH (Pantoea_agglomerans_AJ2b)	COMPLETED	0	2026-08-30 12:18:30.737	2026-08-30 12:18:30.833	2026-08-30 12:19:34.972	1m 2s	2	6 GB	3.4 GB	7.8 GB	133.9%	3.3%	22.9 GB	65.2 MB
344	cf/c877ac	BGC_ANALYSIS:ANTISMASH_ANALYSIS:ANTISMASH (Erwinia_sp._CTOTU47564)	COMPLETED	0	2026-08-30 12:15:41.681	2026-08-30 12:15:41.777	2026-08-30 12:19:36.956	3m 53s	2	6 GB	528.9 MB	7.7 GB	114.0%	1.0%	12.9 GB	334.2 MB
347	13/108d70	BGC_ANALYSIS:ANTISMASH_ANALYSIS:ANTISMASH (Mixta_calida_CTOTU46717)	COMPLETED	0	2026-08-30 12:14:54.689	2026-08-30 12:14:54.785	2026-08-30 12:19:50.582	4m 54s	2	6 GB	542.7 MB	7.6 GB	112.5%	1.0%	16.8 GB	425.6 MB
364	74/e7d30d	BGC_ANALYSIS:ANTISMASH_ANALYSIS:ANTISMASH (Pantoea_agglomerans_CTOTU46734)	COMPLETED	0	2026-08-30 12:19:19.565	2026-08-30 12:19:19.660	2026-08-30 12:19:51.847	30.1s	2	6 GB	483.3 MB	7.8 GB	102.9%	0.7%	1.2 GB	53.4 MB
363	63/527792	BGC_ANALYSIS:ANTISMASH_ANALYSIS:ANTISMASH (Pantoea_agglomerans_BH6c)	COMPLETED	0	2026-08-30 12:18:45.577	2026-08-30 12:18:45.672	2026-08-30 12:19:52.585	1m 5s	2	6 GB	4.8 GB	7.8 GB	132.6%	5.7%	23.8 GB	64.5 MB
361	82/b2ff87	BGC_ANALYSIS:ANTISMASH_ANALYSIS:ANTISMASH (Pantoea_agglomerans_AR24)	COMPLETED	0	2026-08-30 12:19:34.976	2026-08-30 12:19:35.072	2026-08-30 12:19:57.793	20.8s	2	6 GB	790.7 MB	7.8 GB	126.6%	1.4%	870.9 MB	61 MB
370	37/66460f	BGC_ANALYSIS:ANTISMASH_ANALYSIS:ANTISMASH (Pantoea_agglomerans_NBBC-01)	COMPLETED	0	2026-08-30 12:19:36.960	2026-08-30 12:19:37.056	2026-08-30 12:20:00.440	21.4s	2	6 GB	776.9 MB	7.8 GB	125.9%	1.3%	904.2 MB	61.1 MB
372	23/6c8705	BGC_ANALYSIS:ANTISMASH_ANALYSIS:ANTISMASH (Pantoea_agglomerans_PvP026)	COMPLETED	0	2026-08-30 12:19:50.586	2026-08-30 12:19:50.682	2026-08-30 12:20:14.601	21.9s	2	6 GB	785.5 MB	7.8 GB	126.4%	1.4%	910.9 MB	60.7 MB
381	7e/fc0583	BGC_ANALYSIS:ANTISMASH_ANALYSIS:ANTISMASH (Pantoea_ananatis_13.3)	COMPLETED	0	2026-08-30 12:19:18.863	2026-08-30 12:19:18.959	2026-08-30 12:20:17.122	56.1s	2	6 GB	4.8 GB	7.9 GB	109.2%	5.6%	9.8 GB	69.9 MB
376	bf/bb1ac4	BGC_ANALYSIS:ANTISMASH_ANALYSIS:ANTISMASH (Pantoea_agglomerans_W2I1)	COMPLETED	0	2026-08-30 12:20:00.444	2026-08-30 12:20:00.540	2026-08-30 12:20:23.781	21.2s	2	6 GB	764.8 MB	7.8 GB	129.8%	1.3%	866.5 MB	58.5 MB
387	0d/6e8b51	BGC_ANALYSIS:ANTISMASH_ANALYSIS:ANTISMASH (Pantoea_ananatis_SORGH_AS_0213)	COMPLETED	0	2026-08-30 12:19:52.590	2026-08-30 12:19:52.685	2026-08-30 12:20:31.884	37.2s	2	6 GB	731.7 MB	7.8 GB	95.6%	1.2%	1.5 GB	75.2 MB
374	6d/66a503	BGC_ANALYSIS:ANTISMASH_ANALYSIS:ANTISMASH (Pantoea_agglomerans_SUH1)	COMPLETED	0	2026-08-30 12:19:51.850	2026-08-30 12:19:51.947	2026-08-30 12:20:58.339	1m 4s	2	6 GB	4.8 GB	7.8 GB	132.4%	5.7%	22.9 GB	64.6 MB
378	05/0c0411	BGC_ANALYSIS:ANTISMASH_ANALYSIS:ANTISMASH (Pantoea_allii_BAV3048)	COMPLETED	0	2026-08-30 12:20:14.604	2026-08-30 12:20:14.701	2026-08-30 12:21:00.127	43.3s	2	6 GB	734 MB	7.8 GB	96.0%	1.3%	2 GB	87.4 MB
377	84/ab9888	BGC_ANALYSIS:ANTISMASH_ANALYSIS:ANTISMASH (Pantoea_agglomerans_subsp._jekyllhydei_SeqCode_AR5)	COMPLETED	0	2026-08-30 12:19:57.796	2026-08-30 12:19:57.893	2026-08-30 12:21:00.291	1m	2	6 GB	4.7 GB	7.8 GB	132.1%	7.1%	19.1 GB	62 MB
380	61/ed47ba	BGC_ANALYSIS:ANTISMASH_ANALYSIS:ANTISMASH (Pantoea_allii_BAV3077)	COMPLETED	0	2026-08-30 12:21:00.131	2026-08-30 12:21:00.227	2026-08-30 12:21:18.392	16.1s	2	6 GB	668.4 MB	7.4 GB	139.0%	1.1%	768.2 MB	35.9 MB
375	8b/c1a689	BGC_ANALYSIS:ANTISMASH_ANALYSIS:ANTISMASH (Pantoea_agglomerans_T88c)	COMPLETED	0	2026-08-30 12:20:17.126	2026-08-30 12:20:17.222	2026-08-30 12:21:18.419	59.1s	2	6 GB	4.9 GB	7.8 GB	131.2%	5.7%	19.1 GB	64 MB
353	cd/930c36	BGC_ANALYSIS:ANTISMASH_ANALYSIS:ANTISMASH (Mixta_calida_CTOTU47914)	COMPLETED	0	2026-08-30 12:17:58.024	2026-08-30 12:17:58.120	2026-08-30 12:21:19.017	3m 19s	2	6 GB	511.6 MB	7.7 GB	113.5%	1.0%	10.9 GB	282.6 MB
385	79/e2c712	BGC_ANALYSIS:ANTISMASH_ANALYSIS:ANTISMASH (Pantoea_ananatis_BAV3127)	COMPLETED	0	2026-08-30 12:20:23.786	2026-08-30 12:20:23.881	2026-08-30 12:21:26.585	1m 1s	2	6 GB	4.7 GB	7.8 GB	133.3%	7.3%	21.4 GB	59.1 MB
382	58/7942bc	BGC_ANALYSIS:ANTISMASH_ANALYSIS:ANTISMASH (Pantoea_ananatis_4.2)	COMPLETED	0	2026-08-30 12:20:31.888	2026-08-30 12:20:31.983	2026-08-30 12:21:33.399	59.4s	2	6 GB	4.8 GB	7.9 GB	108.0%	5.2%	10 GB	76 MB
379	a8/9c8587	BGC_ANALYSIS:ANTISMASH_ANALYSIS:ANTISMASH (Pantoea_allii_BAV3055)	COMPLETED	0	2026-08-30 12:20:58.343	2026-08-30 12:20:58.439	2026-08-30 12:21:34.583	34.1s	2	6 GB	739 MB	7.8 GB	94.5%	1.2%	1.4 GB	74.2 MB
386	29/c75b3d	BGC_ANALYSIS:ANTISMASH_ANALYSIS:ANTISMASH (Pantoea_ananatis_SORGH_AS_0197)	COMPLETED	0	2026-08-30 12:21:18.424	2026-08-30 12:21:18.519	2026-08-30 12:21:42.315	21.8s	2	6 GB	794.3 MB	7.8 GB	127.8%	1.4%	897.3 MB	59.9 MB
390	04/ede192	BGC_ANALYSIS:ANTISMASH_ANALYSIS:ANTISMASH (Pantoea_anthophila_UI705)	COMPLETED	0	2026-08-30 12:21:26.589	2026-08-30 12:21:26.685	2026-08-30 12:21:46.198	17.4s	2	6 GB	645.6 MB	7.4 GB	135.9%	1.0%	741.6 MB	34.2 MB
393	59/169825	BGC_ANALYSIS:ANTISMASH_ANALYSIS:ANTISMASH (Pantoea_dispersa_SORGH_AS_1094)	COMPLETED	0	2026-08-30 12:21:33.404	2026-08-30 12:21:33.499	2026-08-30 12:21:56.934	21.4s	2	6 GB	805.1 MB	7.8 GB	126.4%	1.3%	864.5 MB	59 MB
383	64/d82d06	BGC_ANALYSIS:ANTISMASH_ANALYSIS:ANTISMASH (Pantoea_ananatis_B13)	COMPLETED	0	2026-08-30 12:21:00.295	2026-08-30 12:21:00.391	2026-08-30 12:22:01.281	58.8s	2	6 GB	4.7 GB	7.8 GB	107.1%	4.8%	10 GB	70.5 MB
389	be/a471a7	BGC_ANALYSIS:ANTISMASH_ANALYSIS:ANTISMASH (Pantoea_anthophila_SORGH_AS_0797)	COMPLETED	0	2026-08-30 12:21:42.320	2026-08-30 12:21:42.415	2026-08-30 12:22:06.181	21.5s	2	6 GB	783.5 MB	7.8 GB	124.9%	1.3%	860.9 MB	56.5 MB
388	b8/712a27	BGC_ANALYSIS:ANTISMASH_ANALYSIS:ANTISMASH (Pantoea_ananatis_ZM-BH-PB4)	COMPLETED	0	2026-08-30 12:21:56.937	2026-08-30 12:21:57.033	2026-08-30 12:22:18.794	19.7s	2	6 GB	687.9 MB	7.8 GB	122.1%	1.2%	834.4 MB	57.1 MB
396	b0/692ae7	BGC_ANALYSIS:ANTISMASH_ANALYSIS:ANTISMASH (Pantoea_eucalypti_CTOTU46720)	COMPLETED	0	2026-08-30 12:21:46.202	2026-08-30 12:21:46.298	2026-08-30 12:22:29.853	41.5s	2	6 GB	496.1 MB	7.8 GB	104.1%	0.8%	1.8 GB	68.3 MB
365	40/f43b9b	BGC_ANALYSIS:ANTISMASH_ANALYSIS:ANTISMASH (Pantoea_agglomerans_CTOTU46772)	COMPLETED	0	2026-08-30 12:17:33.072	2026-08-30 12:17:33.168	2026-08-30 12:22:51.769	5m 17s	2	6 GB	593.1 MB	7.7 GB	112.2%	1.0%	17.5 GB	454.8 MB
400	e6/ffa6c4	BGC_ANALYSIS:ANTISMASH_ANALYSIS:ANTISMASH (Pantoea_eucrina_CTOTU47867)	COMPLETED	0	2026-08-30 12:21:18.396	2026-08-30 12:21:18.420	2026-08-30 12:22:55.078	1m 35s	2	6 GB	526.3 MB	7.7 GB	108.9%	0.7%	4.9 GB	138.9 MB
394	c9/52873a	BGC_ANALYSIS:ANTISMASH_ANALYSIS:ANTISMASH (Pantoea_endophytica_CTOTU47575)	COMPLETED	0	2026-08-30 12:21:34.587	2026-08-30 12:21:34.684	2026-08-30 12:23:11.747	1m 35s	2	6 GB	556.2 MB	7.7 GB	108.7%	1.1%	4.7 GB	141.9 MB
395	ee/0f1a5d	BGC_ANALYSIS:ANTISMASH_ANALYSIS:ANTISMASH (Pantoea_eucalypti_BAV3111)	COMPLETED	0	2026-08-30 12:22:01.285	2026-08-30 12:22:01.382	2026-08-30 12:23:17.706	1m 14s	2	6 GB	758.6 MB	7.8 GB	99.3%	1.3%	4 GB	135.1 MB
384	88/5cc06f	BGC_ANALYSIS:ANTISMASH_ANALYSIS:ANTISMASH (Pantoea_ananatis_BAV3096)	COMPLETED	0	2026-08-30 12:22:06.185	2026-08-30 12:22:06.281	2026-08-30 12:23:36.885	1m 28s	2	6 GB	4.8 GB	8 GB	117.9%	3.3%	22.7 GB	88.9 MB
411	cd/1690ca	BGC_ANALYSIS:ANTISMASH_ANALYSIS:ANTISMASH (Pantoea_sp._CTOTU46764_CTOTU46764)	COMPLETED	0	2026-08-30 12:22:29.856	2026-08-30 12:22:29.953	2026-08-30 12:23:41.109	1m 9s	2	6 GB	490.4 MB	7.7 GB	105.4%	0.7%	3.3 GB	105.6 MB
401	c5/f892f7	BGC_ANALYSIS:ANTISMASH_ANALYSIS:ANTISMASH (Pantoea_phytobeneficialis_PF55)	COMPLETED	0	2026-08-30 12:22:55.087	2026-08-30 12:22:55.178	2026-08-30 12:23:44.704	47.6s	2	6 GB	763.8 MB	7.8 GB	95.2%	1.3%	2.1 GB	98.4 MB
403	06/8ee7ed	BGC_ANALYSIS:ANTISMASH_ANALYSIS:ANTISMASH (Pantoea_piersonii_CTOTU47921)	COMPLETED	0	2026-08-30 12:23:17.710	2026-08-30 12:23:17.807	2026-08-30 12:24:35.001	1m 15s	2	6 GB	494.4 MB	7.7 GB	106.2%	0.7%	3.7 GB	115.6 MB
391	fa/b79822	BGC_ANALYSIS:ANTISMASH_ANALYSIS:ANTISMASH (Pantoea_brenneri_CTOTU46732)	COMPLETED	0	2026-08-30 12:23:44.708	2026-08-30 12:23:44.804	2026-08-30 12:24:39.072	52.1s	2	6 GB	515.2 MB	7.8 GB	107.2%	0.8%	2.4 GB	83.6 MB
399	49/da965a	BGC_ANALYSIS:ANTISMASH_ANALYSIS:ANTISMASH (Pantoea_eucrina_CTOTU47818)	COMPLETED	0	2026-08-30 12:22:51.772	2026-08-30 12:22:51.870	2026-08-30 12:24:50.545	1m 57s	2	6 GB	516.3 MB	7.7 GB	112.6%	0.8%	6.1 GB	166.1 MB
392	01/aedcb0	BGC_ANALYSIS:ANTISMASH_ANALYSIS:ANTISMASH (Pantoea_dispersa_CTOTU47074)	COMPLETED	0	2026-08-30 12:21:19.024	2026-08-30 12:21:19.117	2026-08-30 12:25:44.819	4m 24s	2	6 GB	548.8 MB	7.7 GB	112.8%	1.0%	14.7 GB	376.2 MB
398	27/6de021	BGC_ANALYSIS:ANTISMASH_ANALYSIS:ANTISMASH (Pantoea_eucrina_CTOTU47420)	COMPLETED	0	2026-08-30 12:22:18.799	2026-08-30 12:22:18.894	2026-08-30 12:25:46.264	3m 25s	2	6 GB	524.9 MB	7.7 GB	113.0%	1.0%	11.5 GB	295.4 MB
412	c1/83b56d	BGC_ANALYSIS:ANTISMASH_ANALYSIS:ANTISMASH (Pantoea_sp._CTOTU46904)	COMPLETED	0	2026-08-30 12:24:35.004	2026-08-30 12:24:35.100	2026-08-30 12:25:55.372	1m 18s	2	6 GB	489.6 MB	7.7 GB	109.3%	0.7%	4.1 GB	119.3 MB
402	d3/db0bcc	BGC_ANALYSIS:ANTISMASH_ANALYSIS:ANTISMASH (Pantoea_piersonii_CTOTU47726)	COMPLETED	0	2026-08-30 12:23:41.113	2026-08-30 12:23:41.209	2026-08-30 12:26:00.005	2m 17s	2	6 GB	538.8 MB	7.7 GB	112.0%	0.9%	7.3 GB	200.3 MB
418	21/a8505a	BGC_ANALYSIS:ANTISMASH_ANALYSIS:ANTISMASH (Pantoea_sp._QMID4)	COMPLETED	0	2026-08-30 12:25:46.268	2026-08-30 12:25:46.364	2026-08-30 12:26:17.189	28.8s	2	6 GB	710.9 MB	7.8 GB	98.4%	1.3%	1.1 GB	63 MB
409	b3/b609d6	BGC_ANALYSIS:ANTISMASH_ANALYSIS:ANTISMASH (Pantoea_septica_CTOTU46987)	COMPLETED	0	2026-08-30 12:24:39.076	2026-08-30 12:24:39.172	2026-08-30 12:26:31.140	1m 50s	2	6 GB	503.7 MB	7.6 GB	111.2%	0.8%	5.9 GB	164.4 MB
415	72/68b0a1	BGC_ANALYSIS:ANTISMASH_ANALYSIS:ANTISMASH (Pantoea_sp._QMID1)	COMPLETED	0	2026-08-30 12:26:00.012	2026-08-30 12:26:00.105	2026-08-30 12:26:31.279	29.1s	2	6 GB	746 MB	7.8 GB	98.7%	1.3%	1.2 GB	63.4 MB
408	8a/0b0d5e	BGC_ANALYSIS:ANTISMASH_ANALYSIS:ANTISMASH (Pantoea_septica_CTOTU46979)	COMPLETED	0	2026-08-30 12:25:55.384	2026-08-30 12:25:55.473	2026-08-30 12:26:41.687	44.2s	2	6 GB	487.6 MB	7.7 GB	103.8%	0.7%	2.1 GB	72.8 MB
416	8d/799f6a	BGC_ANALYSIS:ANTISMASH_ANALYSIS:ANTISMASH (Pantoea_sp._QMID2)	COMPLETED	0	2026-08-30 12:26:31.282	2026-08-30 12:26:31.379	2026-08-30 12:27:02.553	29.2s	2	6 GB	719.1 MB	7.8 GB	98.1%	1.3%	1.1 GB	63 MB
406	46/226379	BGC_ANALYSIS:ANTISMASH_ANALYSIS:ANTISMASH (Pantoea_septica_CTOTU46921)	COMPLETED	0	2026-08-30 12:25:44.824	2026-08-30 12:25:44.919	2026-08-30 12:27:12.012	1m 25s	2	6 GB	536.4 MB	7.7 GB	108.4%	0.8%	4.4 GB	129.5 MB
410	df/c77800	BGC_ANALYSIS:ANTISMASH_ANALYSIS:ANTISMASH (Pantoea_septica_CTOTU47044)	COMPLETED	0	2026-08-30 12:26:31.143	2026-08-30 12:26:31.240	2026-08-30 12:27:31.512	58.2s	2	6 GB	486.9 MB	7.7 GB	104.2%	0.7%	2.9 GB	94 MB
417	73/a53ba4	BGC_ANALYSIS:ANTISMASH_ANALYSIS:ANTISMASH (Pantoea_sp._QMID3)	COMPLETED	0	2026-08-30 12:27:12.016	2026-08-30 12:27:12.113	2026-08-30 12:27:43.346	29.2s	2	6 GB	742.5 MB	7.8 GB	99.5%	1.2%	1.2 GB	63.5 MB
429	b4/6be873	BGC_ANALYSIS:ANTISMASH_ANALYSIS:ANTISMASH (Pantoea_stewartii_subsp._stewartii_49474_1__18)	COMPLETED	0	2026-08-30 12:27:31.516	2026-08-30 12:27:31.612	2026-08-30 12:28:02.045	28.4s	2	6 GB	646.3 MB	7.9 GB	126.8%	1.1%	1.2 GB	55.4 MB
397	70/4b0d81	BGC_ANALYSIS:ANTISMASH_ANALYSIS:ANTISMASH (Pantoea_eucalypti_CTOTU47461)	COMPLETED	0	2026-08-30 12:23:11.752	2026-08-30 12:23:11.847	2026-08-30 12:28:05.588	4m 52s	2	6 GB	551.2 MB	7.7 GB	113.3%	1.0%	16.3 GB	418.3 MB
405	e7/2269d8	BGC_ANALYSIS:ANTISMASH_ANALYSIS:ANTISMASH (Pantoea_septica_CTOTU46803)	COMPLETED	0	2026-08-30 12:24:50.550	2026-08-30 12:24:50.646	2026-08-30 12:28:05.950	3m 13s	2	6 GB	514.1 MB	7.7 GB	113.1%	1.0%	10.8 GB	279.6 MB
433	77/d01fe0	BGC_ANALYSIS:ANTISMASH_ANALYSIS:ANTISMASH (Pantoea_vagans_CTOTU47047)	COMPLETED	0	2026-08-30 12:27:43.350	2026-08-30 12:27:43.446	2026-08-30 12:28:21.147	35.8s	2	6 GB	500.1 MB	7.8 GB	108.9%	0.7%	1.4 GB	60.8 MB
424	1d/aa0b49	BGC_ANALYSIS:ANTISMASH_ANALYSIS:ANTISMASH (Pantoea_stewartii_subsp._indologenes_LMG_2671)	COMPLETED	0	2026-08-30 12:28:02.049	2026-08-30 12:28:02.145	2026-08-30 12:28:26.600	22.4s	2	6 GB	638.2 MB	7.9 GB	129.3%	1.1%	807.2 MB	43.5 MB
423	bd/b37600	BGC_ANALYSIS:ANTISMASH_ANALYSIS:ANTISMASH (Pantoea_stewartii_subsp._indologenes_LMG_2630)	COMPLETED	0	2026-08-30 12:28:05.592	2026-08-30 12:28:05.689	2026-08-30 12:28:29.200	21.6s	2	6 GB	632.8 MB	7.9 GB	129.9%	1.1%	794.6 MB	43 MB
427	dd/3e6586	BGC_ANALYSIS:ANTISMASH_ANALYSIS:ANTISMASH (Pantoea_stewartii_subsp._stewartii_34596_1_15)	COMPLETED	0	2026-08-30 12:28:05.955	2026-08-30 12:28:06.050	2026-08-30 12:28:38.583	30.5s	2	6 GB	529.3 MB	7.8 GB	113.2%	0.9%	1.3 GB	56.4 MB
426	7d/88c6b9	BGC_ANALYSIS:ANTISMASH_ANALYSIS:ANTISMASH (Pantoea_stewartii_subsp._stewartii_34258_2_15)	COMPLETED	0	2026-08-30 12:28:26.604	2026-08-30 12:28:26.700	2026-08-30 12:28:56.437	27.7s	2	6 GB	624.8 MB	7.8 GB	122.5%	1.1%	1.1 GB	54 MB
414	14/964867	BGC_ANALYSIS:ANTISMASH_ANALYSIS:ANTISMASH (Pantoea_sp._Lij88)	COMPLETED	0	2026-08-30 12:28:38.587	2026-08-30 12:28:38.684	2026-08-30 12:29:00.741	20s	2	6 GB	771.7 MB	7.8 GB	132.0%	1.3%	823.6 MB	57.5 MB
430	d5/33e722	BGC_ANALYSIS:ANTISMASH_ANALYSIS:ANTISMASH (Pantoea_stewartii_subsp._stewartii_CREA_DC_1788)	COMPLETED	0	2026-08-30 12:28:29.204	2026-08-30 12:28:29.300	2026-08-30 12:29:16.485	45.2s	2	6 GB	493 MB	7.7 GB	106.2%	0.7%	2.2 GB	76.9 MB
421	97/654cc2	BGC_ANALYSIS:ANTISMASH_ANALYSIS:ANTISMASH (Pantoea_sp._SORGH_AS_0659)	COMPLETED	0	2026-08-30 12:28:56.440	2026-08-30 12:28:56.537	2026-08-30 12:29:20.367	21.9s	2	6 GB	815.4 MB	7.8 GB	129.9%	1.4%	903.8 MB	62.2 MB
422	b9/a04ca5	BGC_ANALYSIS:ANTISMASH_ANALYSIS:ANTISMASH (Pantoea_stewartii_RON18713)	COMPLETED	0	2026-08-30 12:29:00.745	2026-08-30 12:29:00.841	2026-08-30 12:29:22.442	19.6s	2	6 GB	808.6 MB	7.8 GB	130.5%	1.3%	765.1 MB	54 MB
440	33/8125ce	BGC_ANALYSIS:ANTISMASH_ANALYSIS:ANTISMASH (Buchnera_aphidicola_str._APS_Acyrthosiphon_pisum_APS)	COMPLETED	0	2026-08-30 12:29:20.371	2026-08-30 12:29:20.467	2026-08-30 12:29:28.735	6.3s	2	6 GB	212.4 MB	2.7 GB	107.9%	0.3%	287.4 MB	8.8 MB
442	04/6348d2	BGC_ANALYSIS:ANTISMASH_ANALYSIS:ANTISMASH (Buchnera_aphidicola_str._Bp_Baizongia_pistaciae)	COMPLETED	0	2026-08-30 12:29:28.738	2026-08-30 12:29:28.835	2026-08-30 12:29:36.902	6.1s	2	6 GB	214.6 MB	2.7 GB	109.4%	0.3%	258.8 MB	8.1 MB
431	0b/1f853f	BGC_ANALYSIS:ANTISMASH_ANALYSIS:ANTISMASH (Pantoea_stewartii_subsp._stewartii_IPV-BO_2766)	COMPLETED	0	2026-08-30 12:29:16.489	2026-08-30 12:29:16.585	2026-08-30 12:30:00.427	41.8s	2	6 GB	638.1 MB	7.9 GB	124.1%	1.0%	2 GB	77.5 MB
428	94/594450	BGC_ANALYSIS:ANTISMASH_ANALYSIS:ANTISMASH (Pantoea_stewartii_subsp._stewartii_49472_2__18)	COMPLETED	0	2026-08-30 12:29:36.906	2026-08-30 12:29:37.003	2026-08-30 12:30:06.731	27.6s	2	6 GB	568.6 MB	7.9 GB	121.7%	0.9%	1.2 GB	57.7 MB
420	34/55db8b	BGC_ANALYSIS:ANTISMASH_ANALYSIS:ANTISMASH (Pantoea_sp._SHSU.bins.380)	COMPLETED	0	2026-08-30 12:26:17.193	2026-08-30 12:26:17.289	2026-08-30 12:30:08.781	3m 50s	2	6 GB	497.7 MB	7.6 GB	112.8%	0.9%	13 GB	327.5 MB
413	a7/03ef1f	BGC_ANALYSIS:ANTISMASH_ANALYSIS:ANTISMASH (Pantoea_sp._CTOTU46950_CTOTU46950)	COMPLETED	0	2026-08-30 12:27:02.557	2026-08-30 12:27:02.653	2026-08-30 12:30:10.867	3m 6s	2	6 GB	541.9 MB	7.7 GB	114.9%	1.0%	9.8 GB	258.1 MB
446	f2/85cecc	BGC_ANALYSIS:ANTISMASH_ANALYSIS:ANTISMASH (Buchnera_aphidicola_str._JF99_Acyrthosiphon_pisum_JF99)	COMPLETED	0	2026-08-30 12:30:06.735	2026-08-30 12:30:06.831	2026-08-30 12:30:14.440	5.5s	2	6 GB	209.1 MB	2.7 GB	107.4%	0.3%	242.2 MB	5.2 MB
445	f7/40a70c	BGC_ANALYSIS:ANTISMASH_ANALYSIS:ANTISMASH (Buchnera_aphidicola_str._JF98_Acyrthosiphon_pisum_JF98)	COMPLETED	0	2026-08-30 12:30:10.871	2026-08-30 12:30:10.968	2026-08-30 12:30:18.171	5.2s	2	6 GB	199.5 MB	2.7 GB	110.0%	0.3%	218 MB	4.8 MB
439	c1/b59fd1	BGC_ANALYSIS:ANTISMASH_ANALYSIS:ANTISMASH (Buchnera_aphidicola_str._5A_Acyrthosiphon_pisum_5A)	COMPLETED	0	2026-08-30 12:30:18.174	2026-08-30 12:30:18.271	2026-08-30 12:30:25.751	5.5s	2	6 GB	208.8 MB	2.7 GB	110.0%	0.3%	242.8 MB	5.2 MB
407	ae/7bc685	BGC_ANALYSIS:ANTISMASH_ANALYSIS:ANTISMASH (Pantoea_septica_CTOTU46924)	COMPLETED	0	2026-08-30 12:23:36.889	2026-08-30 12:23:36.985	2026-08-30 12:30:27.695	6m 49s	2	6 GB	597.5 MB	7.7 GB	111.6%	1.0%	23.7 GB	595.3 MB
404	85/f503dd	BGC_ANALYSIS:ANTISMASH_ANALYSIS:ANTISMASH (Pantoea_septica_CTOTU46749)	COMPLETED	0	2026-08-30 12:26:41.691	2026-08-30 12:26:41.788	2026-08-30 12:30:30.240	3m 46s	2	6 GB	523.9 MB	7.6 GB	112.5%	1.0%	12.5 GB	325.1 MB
435	19/654aaa	BGC_ANALYSIS:ANTISMASH_ANALYSIS:ANTISMASH (Tatumella_ptyseos_Sample4_4)	COMPLETED	0	2026-08-30 12:30:14.444	2026-08-30 12:30:14.539	2026-08-30 12:30:31.518	15s	2	6 GB	687.1 MB	7.7 GB	124.8%	1.1%	591.8 MB	39.6 MB
425	45/c0f907	BGC_ANALYSIS:ANTISMASH_ANALYSIS:ANTISMASH (Pantoea_stewartii_subsp._indologenes_SCHI0154.S.1)	COMPLETED	0	2026-08-30 12:30:00.431	2026-08-30 12:30:00.528	2026-08-30 12:30:32.451	30s	2	6 GB	708.5 MB	7.8 GB	95.0%	1.3%	1.3 GB	69.1 MB
453	78/f053b3	BGC_ANALYSIS:ANTISMASH_ANALYSIS:ANTISMASH (Buchnera_aphidicola_str._Ua_Uroleucon_ambrosiae_Ua)	COMPLETED	0	2026-08-30 12:30:25.755	2026-08-30 12:30:25.851	2026-08-30 12:30:34.032	6.1s	2	6 GB	213.7 MB	2.7 GB	107.1%	0.3%	284.3 MB	8.5 MB
437	09/cc8b84	BGC_ANALYSIS:ANTISMASH_ANALYSIS:ANTISMASH (Buchnera_aphidicola_BCc)	COMPLETED	0	2026-08-30 12:30:27.700	2026-08-30 12:30:27.796	2026-08-30 12:30:34.793	5s	2	6 GB	202.3 MB	2.7 GB	109.4%	0.3%	237.5 MB	6.1 MB
438	08/eb7a9e	BGC_ANALYSIS:ANTISMASH_ANALYSIS:ANTISMASH (Buchnera_aphidicola_Cinara_tujafilina_BCtu)	COMPLETED	0	2026-08-30 12:30:32.455	2026-08-30 12:30:32.551	2026-08-30 12:30:39.221	4.7s	2	6 GB	196.2 MB	2.7 GB	108.8%	0.3%	214.1 MB	3.8 MB
434	96/f5bc9f	BGC_ANALYSIS:ANTISMASH_ANALYSIS:ANTISMASH (Pantoea_vagans_CTOTU47068)	COMPLETED	0	2026-08-30 12:30:08.784	2026-08-30 12:30:08.882	2026-08-30 12:30:39.431	28.6s	2	6 GB	491.3 MB	7.8 GB	103.4%	0.7%	1.1 GB	51.5 MB
436	7f/db88c0	BGC_ANALYSIS:ANTISMASH_ANALYSIS:ANTISMASH (Wigglesworthia_glossinidia_MAG-1)	COMPLETED	0	2026-08-30 12:30:30.245	2026-08-30 12:30:30.340	2026-08-30 12:30:40.431	8.2s	2	6 GB	200.9 MB	2.7 GB	103.7%	0.3%	419.2 MB	12.5 MB
450	53/f7ca02	BGC_ANALYSIS:ANTISMASH_ANALYSIS:ANTISMASH (Buchnera_aphidicola_str._TLW03_Acyrthosiphon_pisum_TLW03)	COMPLETED	0	2026-08-30 12:30:34.796	2026-08-30 12:30:34.893	2026-08-30 12:30:42.107	5.3s	2	6 GB	205.7 MB	2.7 GB	107.1%	0.3%	238.3 MB	5.2 MB
441	0c/9e7b84	BGC_ANALYSIS:ANTISMASH_ANALYSIS:ANTISMASH (Buchnera_aphidicola_str._Ak_Acyrthosiphon_kondoi_Ak)	COMPLETED	0	2026-08-30 12:30:34.035	2026-08-30 12:30:34.131	2026-08-30 12:30:42.282	6.2s	2	6 GB	214.7 MB	2.7 GB	105.7%	0.3%	287.9 MB	8.8 MB
448	4e/2024c7	BGC_ANALYSIS:ANTISMASH_ANALYSIS:ANTISMASH (Buchnera_aphidicola_str._LSR1_Acyrthosiphon_pisum)	COMPLETED	0	2026-08-30 12:30:39.434	2026-08-30 12:30:39.531	2026-08-30 12:30:47.002	5.5s	2	6 GB	203.7 MB	2.7 GB	106.6%	0.3%	243.2 MB	5.3 MB
444	49/af3e9c	BGC_ANALYSIS:ANTISMASH_ANALYSIS:ANTISMASH (Buchnera_aphidicola_str._G002_Myzus_persicae_G002)	COMPLETED	0	2026-08-30 12:30:39.227	2026-08-30 12:30:39.321	2026-08-30 12:30:47.126	5.9s	2	6 GB	210.5 MB	2.7 GB	106.1%	0.3%	269.9 MB	8.3 MB
443	2c/a835dd	BGC_ANALYSIS:ANTISMASH_ANALYSIS:ANTISMASH (Buchnera_aphidicola_str._F009_Myzus_persicae_F009)	COMPLETED	0	2026-08-30 12:30:40.435	2026-08-30 12:30:40.531	2026-08-30 12:30:48.349	5.9s	2	6 GB	214.3 MB	2.7 GB	104.3%	0.3%	270.1 MB	8.3 MB
447	80/9ee712	BGC_ANALYSIS:ANTISMASH_ANALYSIS:ANTISMASH (Buchnera_aphidicola_str._LL01_Acyrthosiphon_pisum_LL01)	COMPLETED	0	2026-08-30 12:30:42.286	2026-08-30 12:30:42.383	2026-08-30 12:30:49.508	5.2s	2	6 GB	209.1 MB	2.7 GB	107.6%	0.3%	238.8 MB	5.2 MB
449	b0/a23050	BGC_ANALYSIS:ANTISMASH_ANALYSIS:ANTISMASH (Buchnera_aphidicola_str._Sg_Schizaphis_graminum_Sg_ex_Schizaphis_graminum)	COMPLETED	0	2026-08-30 12:30:47.006	2026-08-30 12:30:47.103	2026-08-30 12:30:54.542	5.4s	2	6 GB	208.3 MB	2.7 GB	107.3%	0.3%	239.9 MB	5.1 MB
452	3e/2e5730	BGC_ANALYSIS:ANTISMASH_ANALYSIS:ANTISMASH (Buchnera_aphidicola_str._USDA_Myzus_persicae_USDA)	COMPLETED	0	2026-08-30 12:30:47.129	2026-08-30 12:30:47.226	2026-08-30 12:30:55.228	5.9s	2	6 GB	211 MB	2.7 GB	105.7%	0.3%	270.2 MB	8.3 MB
451	8b/b8d8f8	BGC_ANALYSIS:ANTISMASH_ANALYSIS:ANTISMASH (Buchnera_aphidicola_str._Tuc7_Acyrthosiphon_pisum_Tuc7)	COMPLETED	0	2026-08-30 12:30:48.353	2026-08-30 12:30:48.450	2026-08-30 12:30:55.836	5.4s	2	6 GB	209.2 MB	2.7 GB	108.5%	0.3%	242.8 MB	5.2 MB
457	19/78a9b7	BGC_ANALYSIS:ANTISMASH_ANALYSIS:ANTISMASH (Erwinia_amylovora_ACW56400)	COMPLETED	0	2026-08-30 12:30:31.522	2026-08-30 12:30:31.618	2026-08-30 12:30:56.811	23.3s	2	6 GB	633.3 MB	7.7 GB	99.1%	1.0%	1011.2 MB	51.6 MB
454	64/77157c	BGC_ANALYSIS:ANTISMASH_ANALYSIS:ANTISMASH (Buchnera_aphidicola_str._W106_Myzus_persicae_W106)	COMPLETED	0	2026-08-30 12:30:49.512	2026-08-30 12:30:49.608	2026-08-30 12:30:57.455	5.9s	2	6 GB	211.5 MB	2.7 GB	105.7%	0.3%	270 MB	8.3 MB
455	7e/c91d13	BGC_ANALYSIS:ANTISMASH_ANALYSIS:ANTISMASH (Candidatus_Pantoea_carbekii_GCA_000478905.1)	COMPLETED	0	2026-08-30 12:30:55.840	2026-08-30 12:30:55.936	2026-08-30 12:31:04.283	6.5s	2	6 GB	214.2 MB	2.7 GB	104.7%	0.3%	277.5 MB	7.7 MB
463	c0/e095c7	BGC_ANALYSIS:ANTISMASH_ANALYSIS:ANTISMASH (Erwinia_amylovora_Ea644)	COMPLETED	0	2026-08-30 12:30:42.111	2026-08-30 12:30:42.207	2026-08-30 12:31:14.911	30.8s	2	6 GB	641.3 MB	7.7 GB	96.9%	1.0%	1.3 GB	59 MB
456	5e/8da6f5	BGC_ANALYSIS:ANTISMASH_ANALYSIS:ANTISMASH (Erwinia_amylovora_01SFR-BO)	COMPLETED	0	2026-08-30 12:30:54.546	2026-08-30 12:30:54.642	2026-08-30 12:31:17.322	20.7s	2	6 GB	574.6 MB	7.3 GB	104.0%	1.0%	879 MB	47.9 MB
470	59/6c7f2d	BGC_ANALYSIS:ANTISMASH_ANALYSIS:ANTISMASH (Erwinia_amylovora_UPN527)	COMPLETED	0	2026-08-30 12:30:55.232	2026-08-30 12:30:55.329	2026-08-30 12:31:18.702	21.5s	2	6 GB	642.3 MB	7.7 GB	99.8%	1.1%	855.5 MB	47.1 MB
460	10/a2be2d	BGC_ANALYSIS:ANTISMASH_ANALYSIS:ANTISMASH (Erwinia_amylovora_CFBP_2585)	COMPLETED	0	2026-08-30 12:30:56.815	2026-08-30 12:30:56.912	2026-08-30 12:31:20.549	21.7s	2	6 GB	650.2 MB	7.7 GB	103.3%	1.0%	923.9 MB	49.2 MB
459	31/ee78f6	BGC_ANALYSIS:ANTISMASH_ANALYSIS:ANTISMASH (Erwinia_amylovora_CFBP1430_CFPB1430)	COMPLETED	0	2026-08-30 12:31:04.287	2026-08-30 12:31:04.384	2026-08-30 12:31:24.647	18.3s	2	6 GB	769 MB	7.8 GB	129.3%	1.3%	681.7 MB	48.1 MB
461	83/e13945	BGC_ANALYSIS:ANTISMASH_ANALYSIS:ANTISMASH (Erwinia_amylovora_Ea266)	COMPLETED	0	2026-08-30 12:30:57.460	2026-08-30 12:30:57.555	2026-08-30 12:31:29.943	30.4s	2	6 GB	640.3 MB	7.7 GB	94.3%	1.0%	1.4 GB	60.4 MB
458	2f/46c68d	BGC_ANALYSIS:ANTISMASH_ANALYSIS:ANTISMASH (Erwinia_amylovora_ATCC_49946)	COMPLETED	0	2026-08-30 12:31:14.914	2026-08-30 12:31:15.011	2026-08-30 12:31:40.709	23.6s	2	6 GB	904.5 MB	7.9 GB	122.1%	1.4%	718.9 MB	57 MB
462	1b/91ee94	BGC_ANALYSIS:ANTISMASH_ANALYSIS:ANTISMASH (Erwinia_amylovora_Ea356_Ea_356)	COMPLETED	0	2026-08-30 12:31:17.327	2026-08-30 12:31:17.423	2026-08-30 12:31:41.687	22.2s	2	6 GB	624.7 MB	7.7 GB	101.6%	1.0%	920.6 MB	49 MB
464	b5/5a9b27	BGC_ANALYSIS:ANTISMASH_ANALYSIS:ANTISMASH (Erwinia_amylovora_LA635)	COMPLETED	0	2026-08-30 12:31:18.705	2026-08-30 12:31:18.803	2026-08-30 12:31:42.637	21.8s	2	6 GB	638.4 MB	7.7 GB	106.6%	1.0%	811.9 MB	45.3 MB
466	47/11f426	BGC_ANALYSIS:ANTISMASH_ANALYSIS:ANTISMASH (Erwinia_amylovora_LA637)	COMPLETED	0	2026-08-30 12:31:20.553	2026-08-30 12:31:20.649	2026-08-30 12:31:44.699	22s	2	6 GB	675.5 MB	7.7 GB	105.0%	1.1%	842.9 MB	46.7 MB
419	0b/ec2c48	BGC_ANALYSIS:ANTISMASH_ANALYSIS:ANTISMASH (Pantoea_sp._SHSU.bins.162)	COMPLETED	0	2026-08-30 12:28:21.152	2026-08-30 12:28:21.247	2026-08-30 12:31:49.197	3m 26s	2	6 GB	507.6 MB	7.7 GB	113.8%	1.0%	11 GB	286.6 MB
467	31/3b2424	BGC_ANALYSIS:ANTISMASH_ANALYSIS:ANTISMASH (Erwinia_amylovora_MR1)	COMPLETED	0	2026-08-30 12:31:24.651	2026-08-30 12:31:24.748	2026-08-30 12:31:57.274	30.5s	2	6 GB	645.3 MB	7.7 GB	96.2%	1.0%	1.2 GB	58.4 MB
465	f7/41d505	BGC_ANALYSIS:ANTISMASH_ANALYSIS:ANTISMASH (Erwinia_amylovora_LA636)	COMPLETED	0	2026-08-30 12:31:40.712	2026-08-30 12:31:40.809	2026-08-30 12:32:04.169	21.4s	2	6 GB	672.9 MB	7.7 GB	109.0%	1.1%	811.9 MB	45.3 MB
469	ae/31c877	BGC_ANALYSIS:ANTISMASH_ANALYSIS:ANTISMASH (Erwinia_amylovora_NBRC_12687___CFBP_1232_type_strain:_CFBP_1232)	COMPLETED	0	2026-08-30 12:31:29.947	2026-08-30 12:31:30.043	2026-08-30 12:32:05.112	32.9s	2	6 GB	611 MB	7.7 GB	95.2%	1.0%	1.4 GB	61 MB
474	b0/d392c0	BGC_ANALYSIS:ANTISMASH_ANALYSIS:ANTISMASH (Erwinia_pyrifoliae_DSM_12163)	COMPLETED	0	2026-08-30 12:31:44.703	2026-08-30 12:31:44.802	2026-08-30 12:32:05.868	19.1s	2	6 GB	822.3 MB	7.8 GB	127.8%	1.3%	776.5 MB	52.3 MB
468	a3/e0d335	BGC_ANALYSIS:ANTISMASH_ANALYSIS:ANTISMASH (Erwinia_amylovora_NBRC_12687___CFBP_1232_NBRC_12687)	COMPLETED	0	2026-08-30 12:31:42.640	2026-08-30 12:31:42.737	2026-08-30 12:32:14.905	30.2s	2	6 GB	472.6 MB	7.2 GB	95.8%	0.7%	1.3 GB	57.3 MB
471	33/ec4322	BGC_ANALYSIS:ANTISMASH_ANALYSIS:ANTISMASH (Erwinia_billingiae_Eb661)	COMPLETED	0	2026-08-30 12:31:57.278	2026-08-30 12:31:57.374	2026-08-30 12:32:20.039	20.5s	2	6 GB	854.4 MB	7.9 GB	136.7%	1.4%	900.6 MB	59.3 MB
483	ad/8ee861	BGC_ANALYSIS:ANTISMASH_ANALYSIS:ANTISMASH (Pantoea_agglomerans_Eh318)	COMPLETED	0	2026-08-30 12:31:49.200	2026-08-30 12:31:49.297	2026-08-30 12:32:23.060	31.6s	2	6 GB	706.9 MB	7.8 GB	97.2%	1.3%	1.3 GB	70.3 MB
484	e4/79af50	BGC_ANALYSIS:ANTISMASH_ANALYSIS:ANTISMASH (Pantoea_agglomerans_GB1)	COMPLETED	0	2026-08-30 12:32:04.173	2026-08-30 12:32:04.269	2026-08-30 12:32:37.219	31s	2	6 GB	698.5 MB	7.8 GB	94.7%	1.2%	1.2 GB	66.8 MB
475	63/664e6b	BGC_ANALYSIS:ANTISMASH_ANALYSIS:ANTISMASH (Erwinia_pyrifoliae_Ep1_96)	COMPLETED	0	2026-08-30 12:32:20.043	2026-08-30 12:32:20.139	2026-08-30 12:32:41.650	19.4s	2	6 GB	782.3 MB	7.8 GB	128.6%	1.3%	764.4 MB	47.5 MB
477	5f/6e86e1	BGC_ANALYSIS:ANTISMASH_ANALYSIS:ANTISMASH (Erwinia_tasmaniensis_Et1_99)	COMPLETED	0	2026-08-30 12:32:23.065	2026-08-30 12:32:23.160	2026-08-30 12:32:44.188	19s	2	6 GB	757.3 MB	7.8 GB	127.9%	1.2%	790.9 MB	49.4 MB
479	b6/d37c25	BGC_ANALYSIS:ANTISMASH_ANALYSIS:ANTISMASH (Erwinia_typographi_M043b)	COMPLETED	0	2026-08-30 12:31:41.691	2026-08-30 12:31:41.787	2026-08-30 12:32:45.521	1m 2s	2	6 GB	743.9 MB	7.8 GB	97.0%	1.3%	3.1 GB	120.4 MB
1570	29/cbe878	BGC_ANALYSIS:ANTISMASH_ANALYSIS:ANTISMASH (Pantoea_sp._MHSD4)	COMPLETED	0	2026-08-30 12:32:14.909	2026-08-30 12:32:15.005	2026-08-30 12:32:46.426	29.3s	2	6 GB	680.2 MB	7.7 GB	101.4%	1.2%	1.2 GB	65.9 MB
472	61/3d0498	BGC_ANALYSIS:ANTISMASH_ANALYSIS:ANTISMASH (Erwinia_mallotivora_BT-MARDI)	COMPLETED	0	2026-08-30 12:32:05.116	2026-08-30 12:32:05.212	2026-08-30 12:32:51.839	44.7s	2	6 GB	651.9 MB	7.7 GB	95.1%	1.0%	2 GB	85.2 MB
432	8f/e2b015	BGC_ANALYSIS:ANTISMASH_ANALYSIS:ANTISMASH (Pantoea_vagans_CTOTU47005)	COMPLETED	0	2026-08-30 12:29:22.446	2026-08-30 12:29:22.541	2026-08-30 12:33:02.854	3m 38s	2	6 GB	525.2 MB	7.7 GB	112.7%	1.0%	11.9 GB	309.8 MB
480	11/399150	BGC_ANALYSIS:ANTISMASH_ANALYSIS:ANTISMASH (Pantoea_agglomerans_190)	COMPLETED	0	2026-08-30 12:32:41.654	2026-08-30 12:32:41.750	2026-08-30 12:33:05.651	22.1s	2	6 GB	725.9 MB	7.8 GB	122.0%	1.2%	881.2 MB	55.3 MB
476	b7/cb9856	BGC_ANALYSIS:ANTISMASH_ANALYSIS:ANTISMASH (Erwinia_sp._9145)	COMPLETED	0	2026-08-30 12:32:05.872	2026-08-30 12:32:05.968	2026-08-30 12:33:06.638	58.7s	2	6 GB	4.7 GB	7.5 GB	133.9%	4.0%	19.8 GB	31.1 MB
478	71/462e5a	BGC_ANALYSIS:ANTISMASH_ANALYSIS:ANTISMASH (Erwinia_tracheiphila_PSU-1)	COMPLETED	0	2026-08-30 12:32:37.223	2026-08-30 12:32:37.319	2026-08-30 12:33:06.880	27.3s	2	6 GB	732.4 MB	7.8 GB	97.1%	1.3%	1.2 GB	61.4 MB
481	fe/32b5be	BGC_ANALYSIS:ANTISMASH_ANALYSIS:ANTISMASH (Pantoea_agglomerans_4)	COMPLETED	0	2026-08-30 12:33:02.857	2026-08-30 12:33:02.954	2026-08-30 12:33:25.431	20.5s	2	6 GB	791.1 MB	7.8 GB	130.2%	1.3%	847.6 MB	57.2 MB
487	e6/844977	BGC_ANALYSIS:ANTISMASH_ANALYSIS:ANTISMASH (Pantoea_agglomerans_MP2)	COMPLETED	0	2026-08-30 12:33:05.655	2026-08-30 12:33:05.751	2026-08-30 12:33:34.468	26.8s	2	6 GB	691.3 MB	7.8 GB	97.9%	1.3%	1 GB	61.8 MB
490	af/db0e17	BGC_ANALYSIS:ANTISMASH_ANALYSIS:ANTISMASH (Pantoea_agglomerans_Tx10)	COMPLETED	0	2026-08-30 12:33:06.884	2026-08-30 12:33:06.981	2026-08-30 12:33:36.939	28.1s	2	6 GB	708.7 MB	7.8 GB	98.9%	1.2%	1.1 GB	64.5 MB
492	62/fc127b	BGC_ANALYSIS:ANTISMASH_ANALYSIS:ANTISMASH (Pantoea_ananatis_B1-9)	COMPLETED	0	2026-08-30 12:32:44.192	2026-08-30 12:32:44.288	2026-08-30 12:33:54.279	1m 8s	2	6 GB	4.7 GB	7.8 GB	111.1%	7.7%	10.8 GB	68.3 MB
486	77/d5e222	BGC_ANALYSIS:ANTISMASH_ANALYSIS:ANTISMASH (Pantoea_agglomerans_LMAE-2)	COMPLETED	0	2026-08-30 12:33:06.642	2026-08-30 12:33:06.739	2026-08-30 12:33:56.409	47.8s	2	6 GB	684.7 MB	7.7 GB	96.5%	1.2%	2.3 GB	94.9 MB
489	34/8d6e1a	BGC_ANALYSIS:ANTISMASH_ANALYSIS:ANTISMASH (Pantoea_agglomerans_Sl1_M5)	COMPLETED	0	2026-08-30 12:33:25.435	2026-08-30 12:33:25.531	2026-08-30 12:34:02.691	35.2s	2	6 GB	500.3 MB	7.8 GB	102.3%	0.8%	1.5 GB	60.9 MB
488	72/d4c3af	BGC_ANALYSIS:ANTISMASH_ANALYSIS:ANTISMASH (Pantoea_agglomerans_RIT273)	COMPLETED	0	2026-08-30 12:33:34.472	2026-08-30 12:33:34.568	2026-08-30 12:34:06.980	30.5s	2	6 GB	718.2 MB	7.8 GB	96.7%	1.3%	1.2 GB	68.8 MB
473	9d/2491bc	BGC_ANALYSIS:ANTISMASH_ANALYSIS:ANTISMASH (Erwinia_oleae_DAPP-PG531)	COMPLETED	0	2026-08-30 12:32:45.525	2026-08-30 12:32:45.621	2026-08-30 12:34:07.807	1m 20s	2	6 GB	566.5 MB	7.8 GB	105.8%	0.9%	3.9 GB	119.6 MB
482	2a/246ba0	BGC_ANALYSIS:ANTISMASH_ANALYSIS:ANTISMASH (Pantoea_agglomerans_DAPP-PG734)	COMPLETED	0	2026-08-30 12:32:51.844	2026-08-30 12:32:51.940	2026-08-30 12:34:14.761	1m 21s	2	6 GB	540 MB	7.7 GB	106.2%	0.8%	4 GB	124.7 MB
507	89/ff1d41	BGC_ANALYSIS:ANTISMASH_ANALYSIS:ANTISMASH (Pantoea_rwandensis_ND04)	COMPLETED	0	2026-08-30 12:34:07.814	2026-08-30 12:34:07.907	2026-08-30 12:34:25.274	15.4s	2	6 GB	615.4 MB	7.3 GB	136.7%	1.0%	695.4 MB	30.9 MB
485	cc/c1d7b1	BGC_ANALYSIS:ANTISMASH_ANALYSIS:ANTISMASH (Pantoea_agglomerans_IG1)	COMPLETED	0	2026-08-30 12:33:54.283	2026-08-30 12:33:54.380	2026-08-30 12:34:27.171	30.8s	2	6 GB	513.5 MB	7.8 GB	100.2%	0.7%	1.1 GB	50.7 MB
496	59/ed4513	BGC_ANALYSIS:ANTISMASH_ANALYSIS:ANTISMASH (Pantoea_ananatis_DAR_76143_DAR76143)	COMPLETED	0	2026-08-30 12:32:46.429	2026-08-30 12:32:46.526	2026-08-30 12:34:33.226	1m 45s	2	6 GB	4.7 GB	7.7 GB	113.5%	6.2%	16.4 GB	107.2 MB
495	c0/f0cc2b	BGC_ANALYSIS:ANTISMASH_ANALYSIS:ANTISMASH (Pantoea_ananatis_BRT175)	COMPLETED	0	2026-08-30 12:34:14.766	2026-08-30 12:34:14.861	2026-08-30 12:34:51.210	34.3s	2	6 GB	669.6 MB	7.7 GB	97.2%	1.1%	1.4 GB	71.6 MB
509	c5/72fcaa	BGC_ANALYSIS:ANTISMASH_ANALYSIS:ANTISMASH (Pantoea_sp._3.5.1)	COMPLETED	0	2026-08-30 12:34:25.278	2026-08-30 12:34:25.374	2026-08-30 12:34:53.379	25.8s	2	6 GB	737.7 MB	7.8 GB	107.2%	1.3%	1 GB	65.5 MB
491	94/a748d0	BGC_ANALYSIS:ANTISMASH_ANALYSIS:ANTISMASH (Pantoea_ananatis_AJ13355)	COMPLETED	0	2026-08-30 12:34:06.983	2026-08-30 12:34:07.080	2026-08-30 12:34:54.999	46s	2	6 GB	4.7 GB	7.8 GB	123.9%	5.6%	7.9 GB	55 MB
494	71/e2c539	BGC_ANALYSIS:ANTISMASH_ANALYSIS:ANTISMASH (Pantoea_ananatis_BD442)	COMPLETED	0	2026-08-30 12:34:02.694	2026-08-30 12:34:02.792	2026-08-30 12:34:55.467	50.7s	2	6 GB	3.2 GB	7.8 GB	118.4%	3.6%	10.2 GB	47.6 MB
503	e3/a85ae9	BGC_ANALYSIS:ANTISMASH_ANALYSIS:ANTISMASH (Pantoea_ananatis_PaMB1)	COMPLETED	0	2026-08-30 12:33:36.944	2026-08-30 12:33:37.040	2026-08-30 12:35:11.515	1m 32s	2	6 GB	4.7 GB	7.8 GB	105.2%	5.0%	12.1 GB	121.8 MB
493	95/4e82fb	BGC_ANALYSIS:ANTISMASH_ANALYSIS:ANTISMASH (Pantoea_ananatis_B1-9_2)	COMPLETED	0	2026-08-30 12:33:56.412	2026-08-30 12:33:56.510	2026-08-30 12:35:18.088	1m 20s	2	6 GB	4.7 GB	7.7 GB	110.6%	8.0%	11.3 GB	79.5 MB
497	29/32eeaa	BGC_ANALYSIS:ANTISMASH_ANALYSIS:ANTISMASH (Pantoea_ananatis_LMG_20103)	COMPLETED	0	2026-08-30 12:34:33.232	2026-08-30 12:34:33.325	2026-08-30 12:35:18.949	43.5s	2	6 GB	4.6 GB	7.3 GB	128.5%	4.6%	9.4 GB	34.5 MB
517	50/0b59f2	BGC_ANALYSIS:ANTISMASH_ANALYSIS:ANTISMASH (Pantoea_sp._MBLJ3)	COMPLETED	0	2026-08-30 12:34:55.472	2026-08-30 12:34:55.566	2026-08-30 12:35:29.077	31.5s	2	6 GB	531.2 MB	7.8 GB	104.4%	0.8%	1.3 GB	54.5 MB
498	71/cdaa85	BGC_ANALYSIS:ANTISMASH_ANALYSIS:ANTISMASH (Pantoea_ananatis_LMG_2665)	COMPLETED	0	2026-08-30 12:34:27.175	2026-08-30 12:34:27.271	2026-08-30 12:35:30.598	1m 1s	2	6 GB	4.7 GB	7.8 GB	110.9%	5.5%	10.4 GB	57 MB
502	7d/d91ede	BGC_ANALYSIS:ANTISMASH_ANALYSIS:ANTISMASH (Pantoea_ananatis_PA4)	COMPLETED	0	2026-08-30 12:35:11.519	2026-08-30 12:35:11.616	2026-08-30 12:35:41.584	27.8s	2	6 GB	550.4 MB	7.9 GB	114.9%	0.7%	1.1 GB	53.2 MB
501	14/83b73d	BGC_ANALYSIS:ANTISMASH_ANALYSIS:ANTISMASH (Pantoea_ananatis_PA13)	COMPLETED	0	2026-08-30 12:34:53.382	2026-08-30 12:34:53.479	2026-08-30 12:35:48.553	52.7s	2	6 GB	4.8 GB	8 GB	128.2%	5.6%	14.3 GB	52.2 MB
499	0a/da54b9	BGC_ANALYSIS:ANTISMASH_ANALYSIS:ANTISMASH (Pantoea_ananatis_LMG_2665_2)	COMPLETED	0	2026-08-30 12:34:51.214	2026-08-30 12:34:51.310	2026-08-30 12:35:50.506	57.1s	2	6 GB	4.7 GB	7.9 GB	115.4%	7.4%	10.2 GB	52 MB
500	6e/cfbb19	BGC_ANALYSIS:ANTISMASH_ANALYSIS:ANTISMASH (Pantoea_ananatis_LMG_5342)	COMPLETED	0	2026-08-30 12:34:55.003	2026-08-30 12:34:55.099	2026-08-30 12:35:53.517	56.2s	2	6 GB	4.7 GB	7.9 GB	129.4%	5.5%	16.4 GB	59.6 MB
516	38/33c794	BGC_ANALYSIS:ANTISMASH_ANALYSIS:ANTISMASH (Pantoea_sp._IMH)	COMPLETED	0	2026-08-30 12:35:30.603	2026-08-30 12:35:30.699	2026-08-30 12:35:54.623	21.7s	2	6 GB	532.6 MB	7.8 GB	112.0%	0.7%	812.5 MB	39.3 MB
504	9b/2408c8	BGC_ANALYSIS:ANTISMASH_ANALYSIS:ANTISMASH (Pantoea_ananatis_Sd-1)	COMPLETED	0	2026-08-30 12:35:18.093	2026-08-30 12:35:18.188	2026-08-30 12:36:05.786	45.2s	2	6 GB	503.2 MB	7.8 GB	103.8%	0.8%	2 GB	73 MB
505	23/c6cef7	BGC_ANALYSIS:ANTISMASH_ANALYSIS:ANTISMASH (Pantoea_dispersa_EGD-AAK13_2)	COMPLETED	0	2026-08-30 12:35:29.081	2026-08-30 12:35:29.178	2026-08-30 12:36:07.442	36s	2	6 GB	687.4 MB	7.7 GB	95.2%	1.3%	1.5 GB	73.3 MB
510	d0/baba7a	BGC_ANALYSIS:ANTISMASH_ANALYSIS:ANTISMASH (Pantoea_sp._9140)	COMPLETED	0	2026-08-30 12:35:48.557	2026-08-30 12:35:48.653	2026-08-30 12:36:13.237	22.6s	2	6 GB	622.1 MB	7.8 GB	128.3%	1.1%	809.4 MB	43.6 MB
508	66/af6146	BGC_ANALYSIS:ANTISMASH_ANALYSIS:ANTISMASH (Pantoea_septica_FF5)	COMPLETED	0	2026-08-30 12:35:41.588	2026-08-30 12:35:41.685	2026-08-30 12:36:17.913	34.1s	2	6 GB	482.9 MB	7.8 GB	99.7%	0.7%	1.4 GB	56.6 MB
527	fb/17f532	BGC_ANALYSIS:ANTISMASH_ANALYSIS:ANTISMASH (Pantoea_vagans_MP7)	COMPLETED	0	2026-08-30 12:36:07.447	2026-08-30 12:36:07.542	2026-08-30 12:36:33.072	23.5s	2	6 GB	641.5 MB	7.7 GB	102.7%	1.0%	891.8 MB	55.9 MB
512	cb/821d8a	BGC_ANALYSIS:ANTISMASH_ANALYSIS:ANTISMASH (Pantoea_sp._AS-PWVM4)	COMPLETED	0	2026-08-30 12:35:53.522	2026-08-30 12:35:53.618	2026-08-30 12:36:33.184	37.6s	2	6 GB	651.7 MB	7.7 GB	93.2%	1.1%	1.6 GB	71.7 MB
513	4d/82a7ff	BGC_ANALYSIS:ANTISMASH_ANALYSIS:ANTISMASH (Pantoea_sp._At-9b)	COMPLETED	0	2026-08-30 12:36:05.792	2026-08-30 12:36:05.887	2026-08-30 12:36:36.529	28.5s	2	6 GB	898 MB	7.9 GB	122.8%	1.5%	1.1 GB	78.1 MB
520	6e/c4dd93	BGC_ANALYSIS:ANTISMASH_ANALYSIS:ANTISMASH (Pantoea_sp._YR343)	COMPLETED	0	2026-08-30 12:36:17.917	2026-08-30 12:36:18.013	2026-08-30 12:36:42.875	22.8s	2	6 GB	850.5 MB	7.9 GB	127.4%	1.4%	925.1 MB	65.6 MB
523	a6/80e1ab	BGC_ANALYSIS:ANTISMASH_ANALYSIS:ANTISMASH (Pantoea_stewartii_M073a)	COMPLETED	0	2026-08-30 12:36:13.241	2026-08-30 12:36:13.337	2026-08-30 12:36:46.343	30.7s	2	6 GB	665.7 MB	7.7 GB	97.2%	1.1%	1.3 GB	68 MB
506	80/13efc6	BGC_ANALYSIS:ANTISMASH_ANALYSIS:ANTISMASH (Pantoea_rodasii_ND03)	COMPLETED	0	2026-08-30 12:35:18.953	2026-08-30 12:35:19.048	2026-08-30 12:36:50.858	1m 29s	2	6 GB	758.6 MB	7.8 GB	97.0%	1.3%	4.5 GB	155.1 MB
515	ce/2a4ae5	BGC_ANALYSIS:ANTISMASH_ANALYSIS:ANTISMASH (Pantoea_sp._GM01)	COMPLETED	0	2026-08-30 12:35:50.510	2026-08-30 12:35:50.606	2026-08-30 12:36:52.713	1m	2	6 GB	753.9 MB	7.8 GB	95.7%	1.3%	2.9 GB	111.3 MB
528	10/21668a	BGC_ANALYSIS:ANTISMASH_ANALYSIS:ANTISMASH (Phaseolibacter_flectens_ATCC_12775)	COMPLETED	0	2026-08-30 12:36:33.075	2026-08-30 12:36:33.172	2026-08-30 12:36:59.163	24s	2	6 GB	476.9 MB	7.7 GB	102.2%	0.7%	989.3 MB	36.5 MB
524	2b/27cead	BGC_ANALYSIS:ANTISMASH_ANALYSIS:ANTISMASH (Pantoea_stewartii_subsp._indologenes_LMG_2632)	COMPLETED	0	2026-08-30 12:36:42.879	2026-08-30 12:36:42.975	2026-08-30 12:37:15.813	30.8s	2	6 GB	650.7 MB	7.7 GB	95.6%	1.0%	1.4 GB	69.1 MB
518	71/fbf8cc	BGC_ANALYSIS:ANTISMASH_ANALYSIS:ANTISMASH (Pantoea_sp._NGS-ED-1003)	COMPLETED	0	2026-08-30 12:36:36.534	2026-08-30 12:36:36.630	2026-08-30 12:37:17.608	39s	2	6 GB	501.3 MB	7.8 GB	104.2%	0.8%	1.7 GB	66 MB
531	e6/ffa6c2	BGC_ANALYSIS:ANTISMASH_ANALYSIS:ANTISMASH (Tatumella_ptyseos_ATCC_33301_2)	COMPLETED	0	2026-08-30 12:36:46.347	2026-08-30 12:36:46.443	2026-08-30 12:37:22.082	33.7s	2	6 GB	623.6 MB	7.7 GB	97.6%	1.0%	1.7 GB	67.3 MB
521	f8/d34a33	BGC_ANALYSIS:ANTISMASH_ANALYSIS:ANTISMASH (Pantoea_sp._aB)	COMPLETED	0	2026-08-30 12:36:50.862	2026-08-30 12:36:50.958	2026-08-30 12:37:23.292	30.4s	2	6 GB	681.1 MB	7.7 GB	98.5%	1.2%	1.3 GB	70.9 MB
511	e0/828cc0	BGC_ANALYSIS:ANTISMASH_ANALYSIS:ANTISMASH (Pantoea_sp._A4)	COMPLETED	0	2026-08-30 12:36:33.188	2026-08-30 12:36:33.284	2026-08-30 12:37:25.434	50.2s	2	6 GB	531.6 MB	7.7 GB	103.0%	0.8%	2.2 GB	79.8 MB
522	97/445209	BGC_ANALYSIS:ANTISMASH_ANALYSIS:ANTISMASH (Pantoea_stewartii_M009)	COMPLETED	0	2026-08-30 12:36:52.718	2026-08-30 12:36:52.813	2026-08-30 12:37:30.489	35.7s	2	6 GB	685.7 MB	7.7 GB	93.6%	1.2%	1.6 GB	75.6 MB
529	e3/46c9d6	BGC_ANALYSIS:ANTISMASH_ANALYSIS:ANTISMASH (Tatumella_morbirosei_LMG_23360)	COMPLETED	0	2026-08-30 12:37:15.817	2026-08-30 12:37:15.913	2026-08-30 12:37:38.641	20.8s	2	6 GB	665 MB	7.7 GB	108.2%	1.1%	792.2 MB	52.1 MB
534	81/dcf9dc	BGC_ANALYSIS:ANTISMASH_ANALYSIS:ANTISMASH (Wigglesworthia_glossinidia_endosymbiont_of_Glossina_brevipalpis_GCA_000008885.1)	COMPLETED	0	2026-08-30 12:37:30.493	2026-08-30 12:37:30.590	2026-08-30 12:37:38.724	6s	2	6 GB	215 MB	2.7 GB	106.6%	0.3%	251.5 MB	8.2 MB
526	2c/10d7d5	BGC_ANALYSIS:ANTISMASH_ANALYSIS:ANTISMASH (Pantoea_vagans_C9-1)	COMPLETED	0	2026-08-30 12:37:17.611	2026-08-30 12:37:17.708	2026-08-30 12:37:40.952	21.2s	2	6 GB	777.5 MB	7.8 GB	129.1%	1.3%	852.2 MB	55.7 MB
525	a6/2cc526	BGC_ANALYSIS:ANTISMASH_ANALYSIS:ANTISMASH (Pantoea_stewartii_subsp._stewartii_DC283)	COMPLETED	0	2026-08-30 12:36:59.167	2026-08-30 12:36:59.263	2026-08-30 12:37:42.734	41.4s	2	6 GB	708.7 MB	7.8 GB	97.8%	1.3%	2 GB	89.4 MB
535	b4/386d12	BGC_ANALYSIS:ANTISMASH_ANALYSIS:ANTISMASH (Wigglesworthia_glossinidia_endosymbiont_of_Glossina_morsitans_morsitans_Yale_colony_WGM)	COMPLETED	0	2026-08-30 12:37:40.955	2026-08-30 12:37:41.052	2026-08-30 12:37:48.923	6s	2	6 GB	208.1 MB	2.7 GB	105.4%	0.3%	253.2 MB	6.2 MB
533	0a/e09444	BGC_ANALYSIS:ANTISMASH_ANALYSIS:ANTISMASH (Tatumella_sp._UCD-D_suzukii)	COMPLETED	0	2026-08-30 12:37:25.438	2026-08-30 12:37:25.538	2026-08-30 12:37:55.721	28.2s	2	6 GB	462.1 MB	7.7 GB	101.6%	0.7%	1.2 GB	46.2 MB
519	f6/51107d	BGC_ANALYSIS:ANTISMASH_ANALYSIS:ANTISMASH (Pantoea_sp._Sc1)	COMPLETED	0	2026-08-30 12:37:38.728	2026-08-30 12:37:38.824	2026-08-30 12:38:00.304	19.6s	2	6 GB	743.1 MB	7.8 GB	125.1%	1.3%	796.8 MB	49.9 MB
532	40/01a6e1	BGC_ANALYSIS:ANTISMASH_ANALYSIS:ANTISMASH (Tatumella_saanichensis_NML_06-3099)	COMPLETED	0	2026-08-30 12:37:23.295	2026-08-30 12:37:23.392	2026-08-30 12:38:02.029	36.6s	2	6 GB	462.6 MB	7.7 GB	102.2%	0.7%	1.7 GB	56.6 MB
530	9d/a832b7	BGC_ANALYSIS:ANTISMASH_ANALYSIS:ANTISMASH (Tatumella_ptyseos_ATCC_33301)	COMPLETED	0	2026-08-30 12:37:22.086	2026-08-30 12:37:22.182	2026-08-30 12:38:09.891	45.7s	2	6 GB	468.6 MB	7.6 GB	103.9%	0.7%	2.2 GB	71.6 MB
536	c3/a5984b	BGC_ANALYSIS:ANTISMASH_ANALYSIS:ANTISMASH (Winslowiella_toletana_DAPP-PG_735)	COMPLETED	0	2026-08-30 12:37:38.645	2026-08-30 12:37:38.724	2026-08-30 12:38:09.925	29.3s	2	6 GB	567.1 MB	7.9 GB	113.2%	0.9%	1.2 GB	55.6 MB
540	15/ec49f8	BGC_ANALYSIS:ANTISMASH_ANALYSIS:ANTISMASH (Erwinia_sp._HR93)	COMPLETED	0	2026-08-30 12:37:55.725	2026-08-30 12:37:55.821	2026-08-30 12:38:14.591	16.5s	2	6 GB	749.1 MB	7.8 GB	127.2%	1.3%	691.4 MB	48.3 MB
549	69/43228e	BGC_ANALYSIS:ANTISMASH_ANALYSIS:ANTISMASH (Mixta_calida_N1_003_018G1_dasN1_003_018G1_abawaca.4)	COMPLETED	0	2026-08-30 12:37:48.927	2026-08-30 12:37:49.023	2026-08-30 12:38:32.055	41s	2	6 GB	742.6 MB	7.8 GB	96.3%	1.2%	1.9 GB	83.1 MB
541	bf/83df15	BGC_ANALYSIS:ANTISMASH_ANALYSIS:ANTISMASH (Erwinia_sp._MMLR14_017)	COMPLETED	0	2026-08-30 12:38:02.033	2026-08-30 12:38:02.130	2026-08-30 12:38:33.438	29.3s	2	6 GB	708 MB	7.8 GB	95.2%	1.3%	1.2 GB	67 MB
547	24/3c5908	BGC_ANALYSIS:ANTISMASH_ANALYSIS:ANTISMASH (Mixta_calida_CTOTU50679)	COMPLETED	0	2026-08-30 12:37:42.737	2026-08-30 12:37:42.835	2026-08-30 12:38:39.277	54.5s	2	6 GB	479.6 MB	7.7 GB	104.2%	0.7%	2.7 GB	84.6 MB
539	a0/18a5c4	BGC_ANALYSIS:ANTISMASH_ANALYSIS:ANTISMASH (Buchnera_sp._in:_enterobacteria_SMAG_U30)	COMPLETED	0	2026-08-30 12:38:32.059	2026-08-30 12:38:32.155	2026-08-30 12:38:39.889	5.8s	2	6 GB	204.5 MB	2.7 GB	111.7%	0.3%	274.1 MB	8.5 MB
551	8b/e906a7	BGC_ANALYSIS:ANTISMASH_ANALYSIS:ANTISMASH (Mixta_calida_N2_039_011G1_dasN2_039_011G1_concoct_29)	COMPLETED	0	2026-08-30 12:38:09.929	2026-08-30 12:38:10.025	2026-08-30 12:38:49.235	37.1s	2	6 GB	636.9 MB	7.7 GB	95.2%	1.0%	1.7 GB	74.1 MB
557	77/c6cce5	BGC_ANALYSIS:ANTISMASH_ANALYSIS:ANTISMASH (Pantoea_agglomerans_1.2.4)	COMPLETED	0	2026-08-30 12:38:39.893	2026-08-30 12:38:39.989	2026-08-30 12:39:02.783	20.8s	2	6 GB	777.3 MB	7.8 GB	131.0%	1.3%	838.8 MB	59.5 MB
554	ee/205438	BGC_ANALYSIS:ANTISMASH_ANALYSIS:ANTISMASH (Mixta_calida_N4_105_010G1_dasN4_105_010G1_maxbin2.maxbin.003)	COMPLETED	0	2026-08-30 12:38:14.595	2026-08-30 12:38:14.691	2026-08-30 12:39:07.295	50.6s	2	6 GB	718.3 MB	7.8 GB	97.6%	1.3%	2.6 GB	97.7 MB
559	30/8b9822	BGC_ANALYSIS:ANTISMASH_ANALYSIS:ANTISMASH (Pantoea_agglomerans_CFBP8988)	COMPLETED	0	2026-08-30 12:38:49.239	2026-08-30 12:38:49.335	2026-08-30 12:39:11.991	20.6s	2	6 GB	815 MB	7.8 GB	131.4%	1.3%	838.8 MB	59.7 MB
561	e4/e1c53f	BGC_ANALYSIS:ANTISMASH_ANALYSIS:ANTISMASH (Pantoea_agglomerans_CFBP9000)	COMPLETED	0	2026-08-30 12:39:11.994	2026-08-30 12:39:12.092	2026-08-30 12:39:34.949	20.8s	2	6 GB	804.9 MB	7.8 GB	130.0%	1.3%	827.9 MB	58.7 MB
545	04/3b611e	BGC_ANALYSIS:ANTISMASH_ANALYSIS:ANTISMASH (Mixta_calida_CTOTU50269)	COMPLETED	0	2026-08-30 12:38:33.442	2026-08-30 12:38:33.539	2026-08-30 12:39:37.707	1m 2s	2	6 GB	487.4 MB	7.7 GB	107.0%	0.7%	3.2 GB	98.3 MB
556	16/d87155	BGC_ANALYSIS:ANTISMASH_ANALYSIS:ANTISMASH (Mixta_calida_N5_281_015G1_dasN5_281_015G1_abawaca.4)	COMPLETED	0	2026-08-30 12:39:02.787	2026-08-30 12:39:02.883	2026-08-30 12:39:53.058	48.1s	2	6 GB	729.9 MB	7.8 GB	97.8%	1.3%	2.4 GB	94.3 MB
514	19/12b191	BGC_ANALYSIS:ANTISMASH_ANALYSIS:ANTISMASH (Pantoea_sp._B40)	COMPLETED	0	2026-08-30 12:35:54.631	2026-08-30 12:35:54.723	2026-08-30 12:39:58.738	4m 2s	2	6 GB	507.3 MB	7.6 GB	111.8%	1.0%	13.5 GB	348.7 MB
548	9f/36638d	BGC_ANALYSIS:ANTISMASH_ANALYSIS:ANTISMASH (Mixta_calida_CTOTU50767)	COMPLETED	0	2026-08-30 12:39:37.710	2026-08-30 12:39:37.806	2026-08-30 12:40:15.840	36.1s	2	6 GB	466.9 MB	7.7 GB	102.7%	0.7%	1.6 GB	59.6 MB
550	db/c51409	BGC_ANALYSIS:ANTISMASH_ANALYSIS:ANTISMASH (Mixta_calida_N2_038_015G1_dasN2_038_015G1_abawaca.19)	COMPLETED	0	2026-08-30 12:38:39.281	2026-08-30 12:38:39.377	2026-08-30 12:40:16.790	1m 35s	2	6 GB	716.7 MB	7.8 GB	100.6%	1.2%	5.4 GB	168.5 MB
562	2f/9bf67c	BGC_ANALYSIS:ANTISMASH_ANALYSIS:ANTISMASH (Pantoea_agglomerans_CTOTU49844)	COMPLETED	0	2026-08-30 12:39:34.952	2026-08-30 12:39:35.049	2026-08-30 12:40:25.479	48.4s	2	6 GB	489.3 MB	7.7 GB	106.2%	0.7%	2.3 GB	78 MB
538	07/83d9b9	BGC_ANALYSIS:ANTISMASH_ANALYSIS:ANTISMASH (Buchnera_sp._in:_enterobacteria_SMAG_U13190)	COMPLETED	0	2026-08-30 12:39:58.741	2026-08-30 12:39:58.838	2026-08-30 12:40:37.132	36.3s	2	6 GB	197.7 MB	2.7 GB	105.4%	0.3%	2.2 GB	57.1 MB
537	45/b5c476	BGC_ANALYSIS:ANTISMASH_ANALYSIS:ANTISMASH (Buchnera_sp._in:_enterobacteria_SMAG_U12441)	COMPLETED	0	2026-08-30 12:40:15.844	2026-08-30 12:40:15.940	2026-08-30 12:40:50.278	32.4s	2	6 GB	193.6 MB	2.7 GB	106.3%	0.3%	2 GB	50.7 MB
546	8f/795e50	BGC_ANALYSIS:ANTISMASH_ANALYSIS:ANTISMASH (Mixta_calida_CTOTU50665)	COMPLETED	0	2026-08-30 12:39:07.299	2026-08-30 12:39:07.395	2026-08-30 12:40:56.842	1m 47s	2	6 GB	519 MB	7.7 GB	112.9%	0.8%	5.7 GB	157.2 MB
558	7f/f3b568	BGC_ANALYSIS:ANTISMASH_ANALYSIS:ANTISMASH (Pantoea_agglomerans_BIM_B-2003)	COMPLETED	0	2026-08-30 12:40:50.285	2026-08-30 12:40:50.378	2026-08-30 12:41:14.097	21.7s	2	6 GB	783.7 MB	7.8 GB	129.6%	1.3%	897.3 MB	62 MB
560	ce/9e9885	BGC_ANALYSIS:ANTISMASH_ANALYSIS:ANTISMASH (Pantoea_agglomerans_CFBP8989)	COMPLETED	0	2026-08-30 12:40:56.846	2026-08-30 12:40:56.943	2026-08-30 12:41:29.403	30.5s	2	6 GB	705.8 MB	7.8 GB	97.9%	1.3%	1.2 GB	68.9 MB
553	0f/77dd76	BGC_ANALYSIS:ANTISMASH_ANALYSIS:ANTISMASH (Mixta_calida_N4_104_000G1_dasN4_104_000G1_abawaca.4)	COMPLETED	0	2026-08-30 12:40:37.136	2026-08-30 12:40:37.232	2026-08-30 12:41:29.634	50.4s	2	6 GB	743.9 MB	7.8 GB	99.4%	1.2%	2.6 GB	99.5 MB
544	41/eaef6f	BGC_ANALYSIS:ANTISMASH_ANALYSIS:ANTISMASH (Mixta_calida_CTOTU48486)	COMPLETED	0	2026-08-30 12:38:00.308	2026-08-30 12:38:00.404	2026-08-30 12:41:42.253	3m 40s	2	6 GB	522.5 MB	7.7 GB	113.4%	1.0%	12.4 GB	319.2 MB
566	77/d04126	BGC_ANALYSIS:ANTISMASH_ANALYSIS:ANTISMASH (Pantoea_agglomerans_FSL_M9-0610)	COMPLETED	0	2026-08-30 12:41:14.101	2026-08-30 12:41:14.197	2026-08-30 12:41:48.709	32.5s	2	6 GB	488.6 MB	7.8 GB	104.9%	0.7%	1.3 GB	55.9 MB
565	97/309bdd	BGC_ANALYSIS:ANTISMASH_ANALYSIS:ANTISMASH (Pantoea_agglomerans_FSL_M9-0538)	COMPLETED	0	2026-08-30 12:41:29.638	2026-08-30 12:41:29.734	2026-08-30 12:42:04.906	33.2s	2	6 GB	503.8 MB	7.8 GB	105.6%	0.8%	1.3 GB	57 MB
542	fb/4223e1	BGC_ANALYSIS:ANTISMASH_ANALYSIS:ANTISMASH (Erwiniaceae_bacterium_tyr_p5L)	COMPLETED	0	2026-08-30 12:40:16.794	2026-08-30 12:40:16.890	2026-08-30 12:42:05.417	1m 47s	2	6 GB	454.4 MB	7.6 GB	112.3%	0.7%	6 GB	153.2 MB
543	91/f2e9a9	BGC_ANALYSIS:ANTISMASH_ANALYSIS:ANTISMASH (Mixta_calida_CTOTU48269)	COMPLETED	0	2026-08-30 12:39:53.061	2026-08-30 12:39:53.158	2026-08-30 12:42:08.096	2m 13s	2	6 GB	501.6 MB	7.7 GB	112.4%	0.8%	7.3 GB	196 MB
564	a1/a5a8a3	BGC_ANALYSIS:ANTISMASH_ANALYSIS:ANTISMASH (Pantoea_agglomerans_CTOTU50149)	COMPLETED	0	2026-08-30 12:41:42.257	2026-08-30 12:41:42.353	2026-08-30 12:42:17.677	33.3s	2	6 GB	480.4 MB	7.8 GB	102.4%	0.7%	1.3 GB	56.4 MB
569	62/7874ea	BGC_ANALYSIS:ANTISMASH_ANALYSIS:ANTISMASH (Pantoea_agglomerans_Y03)	COMPLETED	0	2026-08-30 12:42:05.421	2026-08-30 12:42:05.516	2026-08-30 12:42:28.094	20.5s	2	6 GB	769.5 MB	7.8 GB	131.3%	1.3%	826.8 MB	58.3 MB
567	83/c0a5dd	BGC_ANALYSIS:ANTISMASH_ANALYSIS:ANTISMASH (Pantoea_agglomerans_FSL_S12-0126)	COMPLETED	0	2026-08-30 12:41:48.713	2026-08-30 12:41:48.809	2026-08-30 12:42:30.495	39.6s	2	6 GB	489.8 MB	7.7 GB	101.9%	0.7%	1.7 GB	66.9 MB
552	ac/de5ec2	BGC_ANALYSIS:ANTISMASH_ANALYSIS:ANTISMASH (Mixta_calida_N2_093_000G1_dasN2_093_000G1_concoct_5)	COMPLETED	0	2026-08-30 12:38:09.895	2026-08-30 12:38:09.925	2026-08-30 12:42:30.774	4m 19s	2	6 GB	778.1 MB	7.8 GB	103.1%	1.3%	16.1 GB	429.4 MB
568	02/d6ceee	BGC_ANALYSIS:ANTISMASH_ANALYSIS:ANTISMASH (Pantoea_agglomerans_FSL_S12-0150)	COMPLETED	0	2026-08-30 12:42:04.910	2026-08-30 12:42:05.006	2026-08-30 12:42:40.725	33.7s	2	6 GB	489.7 MB	7.7 GB	101.7%	0.7%	1.4 GB	57.4 MB
579	e1/e03d8d	BGC_ANALYSIS:ANTISMASH_ANALYSIS:ANTISMASH (Pantoea_cypripedii_T16)	COMPLETED	0	2026-08-30 12:42:08.099	2026-08-30 12:42:08.197	2026-08-30 12:42:51.801	41.6s	2	6 GB	772.9 MB	7.8 GB	95.0%	1.3%	1.6 GB	92.2 MB
570	e4/9e2fab	BGC_ANALYSIS:ANTISMASH_ANALYSIS:ANTISMASH (Pantoea_ananatis_CTOTU47720)	COMPLETED	0	2026-08-30 12:42:17.681	2026-08-30 12:42:17.777	2026-08-30 12:43:00.742	40.9s	2	6 GB	483.1 MB	7.8 GB	103.1%	0.7%	1.8 GB	67.9 MB
574	09/b0cd9e	BGC_ANALYSIS:ANTISMASH_ANALYSIS:ANTISMASH (Pantoea_anthophila_NC19)	COMPLETED	0	2026-08-30 12:42:30.499	2026-08-30 12:42:30.595	2026-08-30 12:43:05.894	33.4s	2	6 GB	757 MB	7.8 GB	96.3%	1.3%	1.4 GB	72.1 MB
571	05/ada810	BGC_ANALYSIS:ANTISMASH_ANALYSIS:ANTISMASH (Pantoea_ananatis_FSL_M9-0540)	COMPLETED	0	2026-08-30 12:42:28.098	2026-08-30 12:42:28.195	2026-08-30 12:43:06.047	35.9s	2	6 GB	498.8 MB	7.8 GB	104.1%	0.8%	1.5 GB	61.8 MB
572	3f/1a24c7	BGC_ANALYSIS:ANTISMASH_ANALYSIS:ANTISMASH (Pantoea_ananatis_FSL_S12-0132)	COMPLETED	0	2026-08-30 12:42:40.729	2026-08-30 12:42:40.825	2026-08-30 12:43:19.996	37.2s	2	6 GB	490.4 MB	7.8 GB	104.1%	0.7%	1.6 GB	63.7 MB
575	3f/ee823c	BGC_ANALYSIS:ANTISMASH_ANALYSIS:ANTISMASH (Pantoea_anthophila_NC52)	COMPLETED	0	2026-08-30 12:42:51.805	2026-08-30 12:42:51.901	2026-08-30 12:43:26.957	33.1s	2	6 GB	758.6 MB	7.8 GB	96.8%	1.3%	1.4 GB	72.1 MB
577	30/bae64d	BGC_ANALYSIS:ANTISMASH_ANALYSIS:ANTISMASH (Pantoea_anthophila_Sil_RS_30)	COMPLETED	0	2026-08-30 12:43:00.746	2026-08-30 12:43:00.842	2026-08-30 12:43:29.797	27s	2	6 GB	713.3 MB	7.8 GB	97.4%	1.3%	1.1 GB	62.2 MB
580	71/4e218a	BGC_ANALYSIS:ANTISMASH_ANALYSIS:ANTISMASH (Pantoea_cypripedii_V8)	COMPLETED	0	2026-08-30 12:43:06.051	2026-08-30 12:43:06.147	2026-08-30 12:43:35.963	27.8s	2	6 GB	878.2 MB	7.9 GB	123.4%	1.4%	1.1 GB	80.2 MB
576	b5/22f124	BGC_ANALYSIS:ANTISMASH_ANALYSIS:ANTISMASH (Pantoea_anthophila_SHS3or)	COMPLETED	0	2026-08-30 12:43:05.897	2026-08-30 12:43:05.994	2026-08-30 12:43:38.830	30.9s	2	6 GB	747.3 MB	7.8 GB	96.3%	1.3%	1.2 GB	68.4 MB
578	35/9f2608	BGC_ANALYSIS:ANTISMASH_ANALYSIS:ANTISMASH (Pantoea_brenneri_CTOTU49348)	COMPLETED	0	2026-08-30 12:43:20.001	2026-08-30 12:43:20.096	2026-08-30 12:43:51.694	29.6s	2	6 GB	507 MB	7.8 GB	104.5%	0.7%	1.1 GB	52 MB
582	a9/1b86f4	BGC_ANALYSIS:ANTISMASH_ANALYSIS:ANTISMASH (Pantoea_dispersa_G121)	COMPLETED	0	2026-08-30 12:43:29.801	2026-08-30 12:43:29.897	2026-08-30 12:43:56.690	24.8s	2	6 GB	780.8 MB	7.8 GB	107.1%	1.3%	962.7 MB	61.3 MB
581	85/90a760	BGC_ANALYSIS:ANTISMASH_ANALYSIS:ANTISMASH (Pantoea_dispersa_CTOTU50501)	COMPLETED	0	2026-08-30 12:43:26.960	2026-08-30 12:43:27.057	2026-08-30 12:44:06.539	37.5s	2	6 GB	485.2 MB	7.7 GB	101.4%	0.7%	1.6 GB	62.6 MB
590	62/62f01b	BGC_ANALYSIS:ANTISMASH_ANALYSIS:ANTISMASH (Pantoea_eucrina_CTOTU48970)	COMPLETED	0	2026-08-30 12:43:38.834	2026-08-30 12:43:38.931	2026-08-30 12:44:12.054	31.1s	2	6 GB	524.7 MB	7.7 GB	103.3%	0.7%	1.3 GB	51.6 MB
573	50/3f03d6	BGC_ANALYSIS:ANTISMASH_ANALYSIS:ANTISMASH (Pantoea_anthophila_CTOTU48722)	COMPLETED	0	2026-08-30 12:42:30.778	2026-08-30 12:42:30.875	2026-08-30 12:44:13.636	1m 41s	2	6 GB	537 MB	7.7 GB	108.7%	0.8%	5.2 GB	150.3 MB
595	9a/f56847	BGC_ANALYSIS:ANTISMASH_ANALYSIS:ANTISMASH (Pantoea_piersonii_CTOTU48840)	COMPLETED	0	2026-08-30 12:43:51.698	2026-08-30 12:43:51.794	2026-08-30 12:44:30.895	37.1s	2	6 GB	508.1 MB	7.8 GB	105.0%	0.8%	1.6 GB	63.8 MB
586	48/cdd6ba	BGC_ANALYSIS:ANTISMASH_ANALYSIS:ANTISMASH (Pantoea_eucalypti_CTOTU48822)	COMPLETED	0	2026-08-30 12:44:13.640	2026-08-30 12:44:13.736	2026-08-30 12:44:41.989	26.1s	2	6 GB	506 MB	7.8 GB	108.8%	0.7%	1 GB	48.1 MB
583	28/e19914	BGC_ANALYSIS:ANTISMASH_ANALYSIS:ANTISMASH (Pantoea_dispersa_S68)	COMPLETED	0	2026-08-30 12:44:12.057	2026-08-30 12:44:12.154	2026-08-30 12:44:46.600	32.3s	2	6 GB	765.8 MB	7.8 GB	98.1%	1.3%	1.3 GB	72.1 MB
584	36/e0ffe4	BGC_ANALYSIS:ANTISMASH_ANALYSIS:ANTISMASH (Pantoea_dispersa_VRL_PAS23b)	COMPLETED	0	2026-08-30 12:44:06.543	2026-08-30 12:44:06.640	2026-08-30 12:44:58.449	49.7s	2	6 GB	712.3 MB	7.8 GB	97.4%	1.3%	2.4 GB	99.7 MB
589	74/ce763b	BGC_ANALYSIS:ANTISMASH_ANALYSIS:ANTISMASH (Pantoea_eucrina_CTOTU48270)	COMPLETED	0	2026-08-30 12:44:41.993	2026-08-30 12:44:42.090	2026-08-30 12:45:14.123	30s	2	6 GB	464.4 MB	7.7 GB	104.2%	0.7%	1.3 GB	50.1 MB
598	67/9798cc	BGC_ANALYSIS:ANTISMASH_ANALYSIS:ANTISMASH (Pantoea_septica_CTOTU46901)	COMPLETED	0	2026-08-30 12:43:56.694	2026-08-30 12:43:56.790	2026-08-30 12:45:27.121	1m 28s	2	6 GB	484.9 MB	7.6 GB	107.5%	0.7%	4.6 GB	136.4 MB
592	c9/d1910c	BGC_ANALYSIS:ANTISMASH_ANALYSIS:ANTISMASH (Pantoea_eucrina_OsEp_Plm_30P10)	COMPLETED	0	2026-08-30 12:45:14.128	2026-08-30 12:45:14.223	2026-08-30 12:45:34.321	18.1s	2	6 GB	764 MB	7.8 GB	125.9%	1.3%	786.4 MB	51.2 MB
588	d3/223c2a	BGC_ANALYSIS:ANTISMASH_ANALYSIS:ANTISMASH (Pantoea_eucrina_CTOTU47311)	COMPLETED	0	2026-08-30 12:44:58.452	2026-08-30 12:44:58.549	2026-08-30 12:45:37.897	37.4s	2	6 GB	477 MB	7.8 GB	104.6%	0.7%	1.8 GB	62.6 MB
594	95/148f17	BGC_ANALYSIS:ANTISMASH_ANALYSIS:ANTISMASH (Pantoea_piersonii_CTOTU47942)	COMPLETED	0	2026-08-30 12:45:27.125	2026-08-30 12:45:27.221	2026-08-30 12:46:03.328	34s	2	6 GB	480.4 MB	7.8 GB	102.6%	0.7%	1.4 GB	57.6 MB
591	af/9f62e0	BGC_ANALYSIS:ANTISMASH_ANALYSIS:ANTISMASH (Pantoea_eucrina_CTOTU49339)	COMPLETED	0	2026-08-30 12:45:37.900	2026-08-30 12:45:37.998	2026-08-30 12:46:04.603	24.6s	2	6 GB	471.6 MB	7.8 GB	105.0%	0.7%	1 GB	42.3 MB
593	a0/1c0596	BGC_ANALYSIS:ANTISMASH_ANALYSIS:ANTISMASH (Pantoea_piersonii_CTOTU47640)	COMPLETED	0	2026-08-30 12:45:34.325	2026-08-30 12:45:34.421	2026-08-30 12:46:06.160	29.7s	2	6 GB	482.4 MB	7.8 GB	104.7%	0.7%	1.2 GB	52.8 MB
587	26/b79968	BGC_ANALYSIS:ANTISMASH_ANALYSIS:ANTISMASH (Pantoea_eucrina_CTOTU47128)	COMPLETED	0	2026-08-30 12:44:46.604	2026-08-30 12:44:46.700	2026-08-30 12:46:06.197	1m 17s	2	6 GB	472.7 MB	7.6 GB	109.5%	0.7%	4.1 GB	116.7 MB
596	19/5c23f4	BGC_ANALYSIS:ANTISMASH_ANALYSIS:ANTISMASH (Pantoea_piersonii_CTOTU50484)	COMPLETED	0	2026-08-30 12:46:03.332	2026-08-30 12:46:03.428	2026-08-30 12:46:33.771	28.4s	2	6 GB	487.9 MB	7.8 GB	103.9%	0.7%	1.1 GB	49.3 MB
600	f3/8668e4	BGC_ANALYSIS:ANTISMASH_ANALYSIS:ANTISMASH (Pantoea_septica_CTOTU49303)	COMPLETED	0	2026-08-30 12:44:30.899	2026-08-30 12:44:30.995	2026-08-30 12:46:41.645	2m 9s	2	6 GB	481.8 MB	7.6 GB	111.7%	0.7%	7 GB	188 MB
597	d9/b45ae6	BGC_ANALYSIS:ANTISMASH_ANALYSIS:ANTISMASH (Pantoea_piersonii_CTOTU50495)	COMPLETED	0	2026-08-30 12:46:04.607	2026-08-30 12:46:04.703	2026-08-30 12:46:50.210	43.6s	2	6 GB	503.9 MB	7.8 GB	106.9%	0.8%	2 GB	70.3 MB
610	d6/36fe1d	BGC_ANALYSIS:ANTISMASH_ANALYSIS:ANTISMASH (Pantoea_sp._CTOTU50049)	COMPLETED	0	2026-08-30 12:46:41.649	2026-08-30 12:46:41.746	2026-08-30 12:47:11.661	27.9s	2	6 GB	487.7 MB	7.8 GB	106.3%	0.7%	1.1 GB	48.7 MB
601	fa/9d39a1	BGC_ANALYSIS:ANTISMASH_ANALYSIS:ANTISMASH (Pantoea_septica_CTOTU49771)	COMPLETED	0	2026-08-30 12:46:06.201	2026-08-30 12:46:06.297	2026-08-30 12:47:33.694	1m 26s	2	6 GB	487.3 MB	7.6 GB	108.0%	0.7%	4.4 GB	128.9 MB
603	d5/b8a476	BGC_ANALYSIS:ANTISMASH_ANALYSIS:ANTISMASH (Pantoea_septica_CTOTU50841)	COMPLETED	0	2026-08-30 12:47:11.665	2026-08-30 12:47:11.761	2026-08-30 12:47:52.037	38.3s	2	6 GB	484.7 MB	7.8 GB	106.1%	0.8%	1.7 GB	65.2 MB
602	ec/20905f	BGC_ANALYSIS:ANTISMASH_ANALYSIS:ANTISMASH (Pantoea_septica_CTOTU49985)	COMPLETED	0	2026-08-30 12:46:33.774	2026-08-30 12:46:33.870	2026-08-30 12:48:19.295	1m 43s	2	6 GB	534 MB	7.7 GB	109.6%	0.8%	5.5 GB	156.5 MB
599	74/37ae13	BGC_ANALYSIS:ANTISMASH_ANALYSIS:ANTISMASH (Pantoea_septica_CTOTU49094)	COMPLETED	0	2026-08-30 12:46:06.163	2026-08-30 12:46:06.198	2026-08-30 12:48:29.897	2m 22s	2	6 GB	507.1 MB	7.6 GB	111.9%	0.9%	7.6 GB	207.5 MB
555	07/462bbf	BGC_ANALYSIS:ANTISMASH_ANALYSIS:ANTISMASH (Mixta_calida_N4_210_013G1_dasN4_210_013G1_maxbin2.maxbin.010)	COMPLETED	0	2026-08-30 12:40:25.483	2026-08-30 12:40:25.580	2026-08-30 12:48:44.785	8m 17s	2	6 GB	904.9 MB	8 GB	103.2%	1.6%	31.5 GB	811.7 MB
615	1e/093c1b	BGC_ANALYSIS:ANTISMASH_ANALYSIS:ANTISMASH (Pantoea_sp._CTOTU50773_CTOTU50773)	COMPLETED	0	2026-08-30 12:46:50.214	2026-08-30 12:46:50.311	2026-08-30 12:48:51.044	1m 59s	2	6 GB	537.4 MB	7.7 GB	113.0%	0.8%	6.1 GB	170.9 MB
604	2c/64e515	BGC_ANALYSIS:ANTISMASH_ANALYSIS:ANTISMASH (Pantoea_sp._CTOTU48473)	COMPLETED	0	2026-08-30 12:48:29.901	2026-08-30 12:48:29.997	2026-08-30 12:49:07.741	35.8s	2	6 GB	482.5 MB	7.8 GB	103.6%	0.7%	1.5 GB	61 MB
585	40/f2b9ef	BGC_ANALYSIS:ANTISMASH_ANALYSIS:ANTISMASH (Pantoea_endophytica_CTOTU49164)	COMPLETED	0	2026-08-30 12:43:35.967	2026-08-30 12:43:36.063	2026-08-30 12:49:19.075	5m 41s	2	6 GB	576.1 MB	7.7 GB	113.2%	1.0%	19.1 GB	488.1 MB
609	8d/abee2b	BGC_ANALYSIS:ANTISMASH_ANALYSIS:ANTISMASH (Pantoea_sp._CTOTU50009)	COMPLETED	0	2026-08-30 12:48:51.048	2026-08-30 12:48:51.144	2026-08-30 12:49:28.057	34.8s	2	6 GB	486.1 MB	7.8 GB	104.3%	0.7%	1.5 GB	59.7 MB
616	bb/77eb15	BGC_ANALYSIS:ANTISMASH_ANALYSIS:ANTISMASH (Pantoea_sp._JZ2)	COMPLETED	0	2026-08-30 12:49:07.748	2026-08-30 12:49:07.842	2026-08-30 12:49:32.134	22.3s	2	6 GB	867.8 MB	7.9 GB	131.9%	1.4%	948.3 MB	64 MB
611	93/5ca566	BGC_ANALYSIS:ANTISMASH_ANALYSIS:ANTISMASH (Pantoea_sp._CTOTU50324)	COMPLETED	0	2026-08-30 12:49:19.078	2026-08-30 12:49:19.174	2026-08-30 12:49:49.394	28.2s	2	6 GB	490.6 MB	7.8 GB	105.6%	0.7%	1.1 GB	49 MB
614	12/21c758	BGC_ANALYSIS:ANTISMASH_ANALYSIS:ANTISMASH (Pantoea_sp._CTOTU50650)	COMPLETED	0	2026-08-30 12:48:44.789	2026-08-30 12:48:44.885	2026-08-30 12:49:49.428	1m 2s	2	6 GB	495.9 MB	7.7 GB	106.2%	0.7%	3.1 GB	98.5 MB
617	b0/57a9f8	BGC_ANALYSIS:ANTISMASH_ANALYSIS:ANTISMASH (Pantoea_sp._JZ29)	COMPLETED	0	2026-08-30 12:49:28.061	2026-08-30 12:49:28.157	2026-08-30 12:49:51.486	21.3s	2	6 GB	782.9 MB	7.8 GB	132.8%	1.4%	862.8 MB	58.9 MB
563	1c/56c9b6	BGC_ANALYSIS:ANTISMASH_ANALYSIS:ANTISMASH (Pantoea_agglomerans_CTOTU49883)	COMPLETED	0	2026-08-30 12:41:29.407	2026-08-30 12:41:29.503	2026-08-30 12:50:09.191	8m 38s	2	6 GB	640.6 MB	7.7 GB	111.2%	1.0%	30.3 GB	758.8 MB
608	40/aaf549	BGC_ANALYSIS:ANTISMASH_ANALYSIS:ANTISMASH (Pantoea_sp._CTOTU49842)	COMPLETED	0	2026-08-30 12:47:33.698	2026-08-30 12:47:33.794	2026-08-30 12:50:40.067	3m 4s	2	6 GB	582 MB	7.7 GB	113.2%	1.1%	9.7 GB	268.2 MB
606	02/78292f	BGC_ANALYSIS:ANTISMASH_ANALYSIS:ANTISMASH (Pantoea_sp._CTOTU49358)	COMPLETED	0	2026-08-30 12:49:51.490	2026-08-30 12:49:51.586	2026-08-30 12:50:53.099	59.6s	2	6 GB	484.9 MB	7.7 GB	107.3%	0.7%	3 GB	95.2 MB
621	0f/c71fe6	BGC_ANALYSIS:ANTISMASH_ANALYSIS:ANTISMASH (Pantoea_sp._N2_066_009G1_dasN2_066_009G1_abawaca.7)	COMPLETED	0	2026-08-30 12:50:09.194	2026-08-30 12:50:09.290	2026-08-30 12:50:57.829	46.5s	2	6 GB	805.2 MB	7.8 GB	98.5%	1.3%	2.2 GB	94.5 MB
618	7d/94200b	BGC_ANALYSIS:ANTISMASH_ANALYSIS:ANTISMASH (Pantoea_sp._N1_011_011G1_dasN1_011_011G1_maxbin2.maxbin.003)	COMPLETED	0	2026-08-30 12:49:49.398	2026-08-30 12:49:49.429	2026-08-30 12:51:09.009	1m 18s	2	6 GB	743 MB	7.8 GB	99.4%	1.3%	4.3 GB	147.4 MB
620	47/5883c8	BGC_ANALYSIS:ANTISMASH_ANALYSIS:ANTISMASH (Pantoea_sp._N2_039_000G1_dasN2_039_000G1_abawaca.73)	COMPLETED	0	2026-08-30 12:50:40.071	2026-08-30 12:50:40.167	2026-08-30 12:51:30.602	48.5s	2	6 GB	737.7 MB	7.8 GB	97.8%	1.2%	2.4 GB	97.3 MB
619	67/be476a	BGC_ANALYSIS:ANTISMASH_ANALYSIS:ANTISMASH (Pantoea_sp._N2_038_000G1_dasN2_038_000G1_maxbin2.maxbin.012)	COMPLETED	0	2026-08-30 12:49:49.432	2026-08-30 12:49:49.529	2026-08-30 12:51:37.205	1m 46s	2	6 GB	743.8 MB	7.8 GB	101.9%	1.3%	6.2 GB	188 MB
613	76/207df3	BGC_ANALYSIS:ANTISMASH_ANALYSIS:ANTISMASH (Pantoea_sp._CTOTU50483)	COMPLETED	0	2026-08-30 12:51:09.013	2026-08-30 12:51:09.109	2026-08-30 12:51:38.795	27.7s	2	6 GB	488 MB	7.8 GB	106.2%	0.7%	1.1 GB	48.9 MB
631	d6/2c0c3a	BGC_ANALYSIS:ANTISMASH_ANALYSIS:ANTISMASH (Pantoea_sp._S2_006_009G1_dasS2_006_009G1_abawaca.11)	COMPLETED	0	2026-08-30 12:50:57.833	2026-08-30 12:50:57.930	2026-08-30 12:51:54.751	54.8s	2	6 GB	768 MB	7.8 GB	97.9%	1.3%	2.8 GB	107.2 MB
607	33/111d95	BGC_ANALYSIS:ANTISMASH_ANALYSIS:ANTISMASH (Pantoea_sp._CTOTU49800)	COMPLETED	0	2026-08-30 12:47:52.041	2026-08-30 12:47:52.137	2026-08-30 12:51:55.287	4m 1s	2	6 GB	536.2 MB	7.7 GB	113.4%	1.0%	13.5 GB	349.5 MB
605	db/a55ee7	BGC_ANALYSIS:ANTISMASH_ANALYSIS:ANTISMASH (Pantoea_sp._CTOTU49201_CTOTU49201)	COMPLETED	0	2026-08-30 12:48:19.299	2026-08-30 12:48:19.395	2026-08-30 12:52:28.977	4m 8s	2	6 GB	541.6 MB	7.7 GB	114.8%	1.0%	13.6 GB	353.1 MB
635	34/5be660	BGC_ANALYSIS:ANTISMASH_ANALYSIS:ANTISMASH (Rosenbergiella_sp._YN46)	COMPLETED	0	2026-08-30 12:51:38.798	2026-08-30 12:51:38.895	2026-08-30 12:52:30.234	49.3s	2	6 GB	504.6 MB	7.7 GB	106.2%	0.7%	2.4 GB	82.1 MB
612	5b/a73269	BGC_ANALYSIS:ANTISMASH_ANALYSIS:ANTISMASH (Pantoea_sp._CTOTU50332)	COMPLETED	0	2026-08-30 12:49:32.137	2026-08-30 12:49:32.234	2026-08-30 12:52:33.005	2m 59s	2	6 GB	610.4 MB	7.8 GB	114.2%	1.1%	9.6 GB	259.8 MB
626	54/79182a	BGC_ANALYSIS:ANTISMASH_ANALYSIS:ANTISMASH (Pantoea_sp._N4_155_006G1_dasN4_155_006G1_maxbin2.maxbin.002)	COMPLETED	0	2026-08-30 12:51:54.755	2026-08-30 12:51:54.852	2026-08-30 12:52:35.092	38.3s	2	6 GB	758.2 MB	7.8 GB	97.2%	1.2%	1.8 GB	82.2 MB
630	d3/f3a587	BGC_ANALYSIS:ANTISMASH_ANALYSIS:ANTISMASH (Pantoea_sp._S18)	COMPLETED	0	2026-08-30 12:52:35.097	2026-08-30 12:52:35.192	2026-08-30 12:53:00.328	23s	2	6 GB	875.8 MB	7.9 GB	128.1%	1.5%	925.3 MB	66.1 MB
629	90/cb71fd	BGC_ANALYSIS:ANTISMASH_ANALYSIS:ANTISMASH (Pantoea_sp._N5_272_005G1_dasN5_272_005G1_maxbin2.maxbin.001)	COMPLETED	0	2026-08-30 12:52:33.009	2026-08-30 12:52:33.106	2026-08-30 12:53:10.563	35.5s	2	6 GB	752.2 MB	7.8 GB	101.1%	1.3%	1.5 GB	81.1 MB
627	0a/d7b076	BGC_ANALYSIS:ANTISMASH_ANALYSIS:ANTISMASH (Pantoea_sp._N5_218_000G1_dasN5_218_000G1_concoct_11)	COMPLETED	0	2026-08-30 12:52:30.237	2026-08-30 12:52:30.333	2026-08-30 12:53:16.779	44.5s	2	6 GB	730.9 MB	7.8 GB	97.6%	1.2%	2.1 GB	91.5 MB
625	02/eb5772	BGC_ANALYSIS:ANTISMASH_ANALYSIS:ANTISMASH (Pantoea_sp._N4_126_007G1_dasN4_126_007G1_concoct_0)	COMPLETED	0	2026-08-30 12:51:55.291	2026-08-30 12:51:55.387	2026-08-30 12:53:32.041	1m 35s	2	6 GB	699.6 MB	7.8 GB	101.9%	1.3%	5.5 GB	166.7 MB
632	f3/fd04b0	BGC_ANALYSIS:ANTISMASH_ANALYSIS:ANTISMASH (Pantoea_sp._T14)	COMPLETED	0	2026-08-30 12:53:00.331	2026-08-30 12:53:00.428	2026-08-30 12:53:33.962	31.5s	2	6 GB	674.4 MB	7.7 GB	96.9%	1.2%	1.3 GB	71.1 MB
637	58/ebe588	BGC_ANALYSIS:ANTISMASH_ANALYSIS:ANTISMASH (Buchnera_aphidicola_Acyrthosiphon_lactucae_Ala)	COMPLETED	0	2026-08-30 12:53:33.966	2026-08-30 12:53:34.062	2026-08-30 12:53:42.307	6.2s	2	6 GB	216.7 MB	2.7 GB	110.6%	0.3%	289.4 MB	9.4 MB
648	46/71fd0a	BGC_ANALYSIS:ANTISMASH_ANALYSIS:ANTISMASH (Buchnera_aphidicola_Lipaphis_pseudobrassicae_Lps)	COMPLETED	0	2026-08-30 12:53:42.310	2026-08-30 12:53:42.408	2026-08-30 12:53:51.190	6.8s	2	6 GB	326.6 MB	5 GB	107.3%	0.5%	290.3 MB	9.6 MB
636	1a/c395ab	BGC_ANALYSIS:ANTISMASH_ANALYSIS:ANTISMASH (Winslowiella_toletana_1.2.20)	COMPLETED	0	2026-08-30 12:53:32.045	2026-08-30 12:53:32.141	2026-08-30 12:53:54.030	19.7s	2	6 GB	855.6 MB	7.9 GB	138.9%	1.4%	843 MB	59.9 MB
646	36/53d189	BGC_ANALYSIS:ANTISMASH_ANALYSIS:ANTISMASH (Buchnera_aphidicola_Hyadaphis_tataricae_Hta)	COMPLETED	0	2026-08-30 12:53:51.194	2026-08-30 12:53:51.290	2026-08-30 12:53:59.635	6.3s	2	6 GB	216.3 MB	2.7 GB	108.8%	0.3%	289.1 MB	9.3 MB
647	28/de1a0d	BGC_ANALYSIS:ANTISMASH_ANALYSIS:ANTISMASH (Buchnera_aphidicola_Hyperomyzus_lactucae_Hla)	COMPLETED	0	2026-08-30 12:53:54.034	2026-08-30 12:53:54.130	2026-08-30 12:54:02.539	6.5s	2	6 GB	212.2 MB	2.7 GB	108.5%	0.3%	291.2 MB	9.5 MB
633	ed/d62fac	BGC_ANALYSIS:ANTISMASH_ANALYSIS:ANTISMASH (Pantoea_stewartii_NC66)	COMPLETED	0	2026-08-30 12:53:10.566	2026-08-30 12:53:10.664	2026-08-30 12:54:05.930	53.3s	2	6 GB	4.7 GB	7.8 GB	112.8%	5.6%	9.8 GB	69.1 MB
641	1f/924114	BGC_ANALYSIS:ANTISMASH_ANALYSIS:ANTISMASH (Buchnera_aphidicola_Aphis_nasturtii_Ana)	COMPLETED	0	2026-08-30 12:53:59.639	2026-08-30 12:53:59.735	2026-08-30 12:54:08.204	6.4s	2	6 GB	216.4 MB	2.7 GB	111.3%	0.3%	289.4 MB	9.4 MB
649	9b/80482c	BGC_ANALYSIS:ANTISMASH_ANALYSIS:ANTISMASH (Buchnera_aphidicola_Macrosiphoniella_sanborni_Msa)	COMPLETED	0	2026-08-30 12:54:02.545	2026-08-30 12:54:02.639	2026-08-30 12:54:10.984	6.4s	2	6 GB	216.1 MB	2.7 GB	109.6%	0.3%	285.9 MB	9.1 MB
643	e2/62dfb2	BGC_ANALYSIS:ANTISMASH_ANALYSIS:ANTISMASH (Buchnera_aphidicola_Artemisaphis_artemisicola_Aar)	COMPLETED	0	2026-08-30 12:54:05.935	2026-08-30 12:54:06.030	2026-08-30 12:54:14.257	6.2s	2	6 GB	216.2 MB	2.7 GB	109.5%	0.3%	268.3 MB	8.8 MB
651	c1/599a59	BGC_ANALYSIS:ANTISMASH_ANALYSIS:ANTISMASH (Buchnera_aphidicola_Macrosiphum_gaurae_Mga)	COMPLETED	0	2026-08-30 12:54:08.208	2026-08-30 12:54:08.305	2026-08-30 12:54:16.778	6.4s	2	6 GB	217.4 MB	2.7 GB	110.0%	0.3%	290.3 MB	9.5 MB
644	e8/221518	BGC_ANALYSIS:ANTISMASH_ANALYSIS:ANTISMASH (Buchnera_aphidicola_Brachycaudus_cardui_Bca)	COMPLETED	0	2026-08-30 12:54:10.989	2026-08-30 12:54:11.084	2026-08-30 12:54:19.480	6.4s	2	6 GB	216.3 MB	2.7 GB	110.2%	0.3%	291.3 MB	9.6 MB
622	6e/bac0b9	BGC_ANALYSIS:ANTISMASH_ANALYSIS:ANTISMASH (Pantoea_sp._N4_105_000G1_dasN4_105_000G1_maxbin2.maxbin.001)	COMPLETED	0	2026-08-30 12:50:53.103	2026-08-30 12:50:53.199	2026-08-30 12:54:19.843	3m 25s	2	6 GB	801 MB	7.9 GB	103.0%	1.3%	12.6 GB	350.2 MB
638	84/1da370	BGC_ANALYSIS:ANTISMASH_ANALYSIS:ANTISMASH (Buchnera_aphidicola_Anoecia_oenotherae_Aoe)	COMPLETED	0	2026-08-30 12:54:14.261	2026-08-30 12:54:14.358	2026-08-30 12:54:21.273	4.9s	2	6 GB	200.9 MB	2.7 GB	110.9%	0.3%	226.1 MB	4.6 MB
640	8f/f31256	BGC_ANALYSIS:ANTISMASH_ANALYSIS:ANTISMASH (Buchnera_aphidicola_Aphis_helianthi_Ahe)	COMPLETED	0	2026-08-30 12:54:16.786	2026-08-30 12:54:16.878	2026-08-30 12:54:25.206	6.4s	2	6 GB	214.8 MB	2.7 GB	107.8%	0.3%	290.2 MB	9.4 MB
650	24/a4adb6	BGC_ANALYSIS:ANTISMASH_ANALYSIS:ANTISMASH (Buchnera_aphidicola_Macrosiphum_euphorbiae_Meu)	COMPLETED	0	2026-08-30 12:54:19.847	2026-08-30 12:54:19.943	2026-08-30 12:54:27.329	5.4s	2	6 GB	209.7 MB	2.7 GB	108.8%	0.3%	245.1 MB	5.5 MB
645	f1/424f6b	BGC_ANALYSIS:ANTISMASH_ANALYSIS:ANTISMASH (Buchnera_aphidicola_Brevicoryne_brassicae_Bbr)	COMPLETED	0	2026-08-30 12:54:19.483	2026-08-30 12:54:19.580	2026-08-30 12:54:27.926	6.4s	2	6 GB	214.5 MB	2.7 GB	107.9%	0.3%	291.1 MB	9.5 MB
639	5b/aa161c	BGC_ANALYSIS:ANTISMASH_ANALYSIS:ANTISMASH (Buchnera_aphidicola_Aphis_craccivora_Acr)	COMPLETED	0	2026-08-30 12:54:21.277	2026-08-30 12:54:21.374	2026-08-30 12:54:29.717	6.4s	2	6 GB	214.2 MB	2.7 GB	107.8%	0.3%	289.7 MB	9.4 MB
634	71/0c4e4b	BGC_ANALYSIS:ANTISMASH_ANALYSIS:ANTISMASH (Pantoea_vagans_CTOTU50032)	COMPLETED	0	2026-08-30 12:53:16.783	2026-08-30 12:53:16.880	2026-08-30 12:54:30.765	1m 12s	2	6 GB	538.2 MB	7.7 GB	106.2%	0.8%	3.6 GB	114 MB
642	6c/0d8bd3	BGC_ANALYSIS:ANTISMASH_ANALYSIS:ANTISMASH (Buchnera_aphidicola_Aphis_nerii_Ane)	COMPLETED	0	2026-08-30 12:54:25.210	2026-08-30 12:54:25.306	2026-08-30 12:54:33.723	6.4s	2	6 GB	214.6 MB	2.7 GB	107.0%	0.3%	289.4 MB	9.4 MB
652	18/4592bc	BGC_ANALYSIS:ANTISMASH_ANALYSIS:ANTISMASH (Buchnera_aphidicola_Melaphis_rhois_Mrh)	COMPLETED	0	2026-08-30 12:54:27.333	2026-08-30 12:54:27.430	2026-08-30 12:54:34.633	5.2s	2	6 GB	206.6 MB	2.7 GB	106.6%	0.3%	236.9 MB	5.2 MB
657	53/50d416	BGC_ANALYSIS:ANTISMASH_ANALYSIS:ANTISMASH (Buchnera_aphidicola_Sarucallis_kahawaluokalani_Ska)	COMPLETED	0	2026-08-30 12:54:27.929	2026-08-30 12:54:28.026	2026-08-30 12:54:34.739	4.8s	2	6 GB	201.7 MB	2.7 GB	108.9%	0.3%	218.3 MB	4.1 MB
656	c2/68b224	BGC_ANALYSIS:ANTISMASH_ANALYSIS:ANTISMASH (Buchnera_aphidicola_Rhopalosiphum_padi_Rpa)	COMPLETED	0	2026-08-30 12:54:29.721	2026-08-30 12:54:29.818	2026-08-30 12:54:38.194	6.5s	2	6 GB	214.8 MB	2.7 GB	105.9%	0.3%	291.1 MB	9.5 MB
653	f2/d0301e	BGC_ANALYSIS:ANTISMASH_ANALYSIS:ANTISMASH (Buchnera_aphidicola_Muscaphis_stroyani_Mst)	COMPLETED	0	2026-08-30 12:54:33.727	2026-08-30 12:54:33.823	2026-08-30 12:54:41.909	6.2s	2	6 GB	214 MB	2.7 GB	108.1%	0.3%	285.4 MB	9.2 MB
655	41/9e29db	BGC_ANALYSIS:ANTISMASH_ANALYSIS:ANTISMASH (Buchnera_aphidicola_Rhopalosiphum_maidis_BTI)	COMPLETED	0	2026-08-30 12:54:34.742	2026-08-30 12:54:34.839	2026-08-30 12:54:42.171	5.5s	2	6 GB	204.8 MB	2.7 GB	102.0%	0.3%	243.4 MB	5.5 MB
654	1f/b036b7	BGC_ANALYSIS:ANTISMASH_ANALYSIS:ANTISMASH (Buchnera_aphidicola_Nipponaphis_monzeni_Nmo)	COMPLETED	0	2026-08-30 12:54:34.636	2026-08-30 12:54:34.733	2026-08-30 12:54:42.529	5.8s	2	6 GB	203.6 MB	2.7 GB	105.0%	0.3%	269.2 MB	7.7 MB
658	81/8bad80	BGC_ANALYSIS:ANTISMASH_ANALYSIS:ANTISMASH (Buchnera_aphidicola_Sitobion_avenae_Sav)	COMPLETED	0	2026-08-30 12:54:38.197	2026-08-30 12:54:38.293	2026-08-30 12:54:46.592	6.3s	2	6 GB	215.4 MB	2.7 GB	108.5%	0.3%	288.9 MB	9.4 MB
660	78/2e5216	BGC_ANALYSIS:ANTISMASH_ANALYSIS:ANTISMASH (Buchnera_aphidicola_Thelaxes_californica_Tca)	COMPLETED	0	2026-08-30 12:54:41.913	2026-08-30 12:54:42.009	2026-08-30 12:54:49.802	5.9s	2	6 GB	200.8 MB	2.7 GB	108.1%	0.3%	272.3 MB	8 MB
659	4a/1209dc	BGC_ANALYSIS:ANTISMASH_ANALYSIS:ANTISMASH (Buchnera_aphidicola_Stegophylla_sp._Ssp)	COMPLETED	0	2026-08-30 12:54:49.806	2026-08-30 12:54:49.902	2026-08-30 12:54:56.522	4.6s	2	6 GB	197.4 MB	2.7 GB	110.8%	0.3%	212.7 MB	3.8 MB
664	22/053e8b	BGC_ANALYSIS:ANTISMASH_ANALYSIS:ANTISMASH (Curtobacterium_plantarum_LMG_16222)	COMPLETED	0	2026-08-30 12:54:30.769	2026-08-30 12:54:30.865	2026-08-30 12:55:02.605	29.9s	2	6 GB	756.7 MB	7.8 GB	96.2%	1.3%	1.2 GB	67.7 MB
661	94/4f1e15	BGC_ANALYSIS:ANTISMASH_ANALYSIS:ANTISMASH (Buchnera_aphidicola_Therioaphis_trifolii_Tma)	COMPLETED	0	2026-08-30 12:54:56.525	2026-08-30 12:54:56.622	2026-08-30 12:55:03.576	5s	2	6 GB	202.1 MB	2.7 GB	113.2%	0.3%	218.3 MB	4.1 MB
670	8c/11816f	BGC_ANALYSIS:ANTISMASH_ANALYSIS:ANTISMASH (Erwinia_rhapontici_BIGb0435)	COMPLETED	0	2026-08-30 12:54:42.174	2026-08-30 12:54:42.270	2026-08-30 12:55:15.265	31.1s	2	6 GB	709.2 MB	7.8 GB	98.3%	1.3%	1.3 GB	67.2 MB
672	b7/ff8953	BGC_ANALYSIS:ANTISMASH_ANALYSIS:ANTISMASH (Erwinia_sp._JUb26)	COMPLETED	0	2026-08-30 12:54:42.532	2026-08-30 12:54:42.629	2026-08-30 12:55:16.511	32s	2	6 GB	709 MB	7.8 GB	96.3%	1.3%	1.2 GB	66.6 MB
624	fd/549050	BGC_ANALYSIS:ANTISMASH_ANALYSIS:ANTISMASH (Pantoea_sp._N4_105_011G1_dasN4_105_011G1_concoct_11)	COMPLETED	0	2026-08-30 12:51:37.209	2026-08-30 12:51:37.305	2026-08-30 12:55:22.415	3m 43s	2	6 GB	738.2 MB	7.8 GB	102.8%	1.3%	13.9 GB	378.2 MB
675	50/cfbabf	BGC_ANALYSIS:ANTISMASH_ANALYSIS:ANTISMASH (Erwinia_tracheiphila_MDcuke)	COMPLETED	0	2026-08-30 12:55:02.608	2026-08-30 12:55:02.705	2026-08-30 12:55:24.561	19.9s	2	6 GB	894.7 MB	7.9 GB	128.3%	1.5%	824.1 MB	60.6 MB
663	2c/2fdfa5	BGC_ANALYSIS:ANTISMASH_ANALYSIS:ANTISMASH (Candidatus_Pantoea_soli_DSM_32899)	COMPLETED	0	2026-08-30 12:55:15.268	2026-08-30 12:55:15.365	2026-08-30 12:55:37.586	20.2s	2	6 GB	763.1 MB	7.8 GB	127.9%	1.3%	847.7 MB	55.2 MB
665	e4/ae68d3	BGC_ANALYSIS:ANTISMASH_ANALYSIS:ANTISMASH (Erwinia_amylovora_Ea321)	COMPLETED	0	2026-08-30 12:55:16.515	2026-08-30 12:55:16.612	2026-08-30 12:55:46.918	28.2s	2	6 GB	651.9 MB	7.7 GB	102.2%	1.0%	1.2 GB	57.5 MB
662	d1/3d9547	BGC_ANALYSIS:ANTISMASH_ANALYSIS:ANTISMASH (Candidatus_Pantoea_deserta_RIT388)	COMPLETED	0	2026-08-30 12:55:03.579	2026-08-30 12:55:03.676	2026-08-30 12:55:48.218	42.5s	2	6 GB	707.4 MB	7.8 GB	96.2%	1.2%	2 GB	87.2 MB
666	f9/d3eec8	BGC_ANALYSIS:ANTISMASH_ANALYSIS:ANTISMASH (Erwinia_amylovora_HKN06P1)	COMPLETED	0	2026-08-30 12:55:22.421	2026-08-30 12:55:22.515	2026-08-30 12:55:53.725	29.1s	2	6 GB	633.6 MB	7.7 GB	96.5%	1.0%	1.2 GB	58 MB
681	66/ba772f	BGC_ANALYSIS:ANTISMASH_ANALYSIS:ANTISMASH (Pantoea_agglomerans_Bl3)	COMPLETED	0	2026-08-30 12:55:24.565	2026-08-30 12:55:24.661	2026-08-30 12:55:54.253	27.5s	2	6 GB	668.2 MB	7.7 GB	106.4%	1.2%	1.2 GB	67.4 MB
673	a8/70e636	BGC_ANALYSIS:ANTISMASH_ANALYSIS:ANTISMASH (Erwinia_sp._QL-Z3)	COMPLETED	0	2026-08-30 12:55:54.256	2026-08-30 12:55:54.353	2026-08-30 12:56:16.316	19.9s	2	6 GB	863 MB	7.9 GB	139.9%	1.3%	847.5 MB	59.2 MB
671	16/830b73	BGC_ANALYSIS:ANTISMASH_ANALYSIS:ANTISMASH (Erwinia_sp._198)	COMPLETED	0	2026-08-30 12:55:53.733	2026-08-30 12:55:53.825	2026-08-30 12:56:28.164	32.3s	2	6 GB	671.8 MB	7.7 GB	96.3%	1.1%	1.3 GB	67.2 MB
668	ce/6e137c	BGC_ANALYSIS:ANTISMASH_ANALYSIS:ANTISMASH (Erwinia_persicina_CFBP13511)	COMPLETED	0	2026-08-30 12:55:37.590	2026-08-30 12:55:37.687	2026-08-30 12:56:41.469	1m 2s	2	6 GB	697.4 MB	7.7 GB	97.9%	1.2%	3 GB	114.5 MB
667	1f/df8cd3	BGC_ANALYSIS:ANTISMASH_ANALYSIS:ANTISMASH (Erwinia_persicina_B64)	COMPLETED	0	2026-08-30 12:55:46.921	2026-08-30 12:55:47.019	2026-08-30 12:56:43.859	54.9s	2	6 GB	4.7 GB	7.9 GB	133.3%	7.9%	13.6 GB	60.5 MB
669	3e/6d715c	BGC_ANALYSIS:ANTISMASH_ANALYSIS:ANTISMASH (Erwinia_psidii_IBSBF_435)	COMPLETED	0	2026-08-30 12:55:48.222	2026-08-30 12:55:48.318	2026-08-30 12:56:56.092	1m 6s	2	6 GB	4.7 GB	7.7 GB	109.8%	5.0%	11.6 GB	71.5 MB
623	44/fc300e	BGC_ANALYSIS:ANTISMASH_ANALYSIS:ANTISMASH (Pantoea_sp._N4_105_010G1_dasN4_105_010G1_abawaca.13)	COMPLETED	0	2026-08-30 12:51:30.605	2026-08-30 12:51:30.701	2026-08-30 12:57:06.157	5m 33s	2	6 GB	890.2 MB	7.9 GB	103.0%	1.6%	20.8 GB	554.5 MB
677	99/0b0bc0	BGC_ANALYSIS:ANTISMASH_ANALYSIS:ANTISMASH (Mixta_calida_DE0300)	COMPLETED	0	2026-08-30 12:56:28.168	2026-08-30 12:56:28.264	2026-08-30 12:57:10.883	40.4s	2	6 GB	480.9 MB	7.7 GB	103.3%	0.7%	1.8 GB	64.7 MB
628	24/024ea8	BGC_ANALYSIS:ANTISMASH_ANALYSIS:ANTISMASH (Pantoea_sp._N5_271_000G1_dasN5_271_000G1_maxbin2.maxbin.005)	COMPLETED	0	2026-08-30 12:52:28.982	2026-08-30 12:52:29.076	2026-08-30 12:57:18.608	4m 48s	2	6 GB	801.6 MB	7.9 GB	103.0%	1.3%	17.9 GB	474.8 MB
678	3e/f2809d	BGC_ANALYSIS:ANTISMASH_ANALYSIS:ANTISMASH (Mixta_tenebrionis_BIT-26)	COMPLETED	0	2026-08-30 12:56:41.473	2026-08-30 12:56:41.569	2026-08-30 12:57:20.242	36.6s	2	6 GB	679.4 MB	7.8 GB	97.2%	1.2%	1.6 GB	74.8 MB
682	99/dc101a	BGC_ANALYSIS:ANTISMASH_ANALYSIS:ANTISMASH (Pantoea_agglomerans_Bl3_2)	COMPLETED	0	2026-08-30 12:56:56.096	2026-08-30 12:56:56.192	2026-08-30 12:57:24.598	26.4s	2	6 GB	718.2 MB	7.8 GB	104.7%	1.3%	1.1 GB	65.9 MB
674	10/29ad9f	BGC_ANALYSIS:ANTISMASH_ANALYSIS:ANTISMASH (Erwinia_sp._UBA8792)	COMPLETED	0	2026-08-30 12:54:46.595	2026-08-30 12:54:46.692	2026-08-30 12:57:34.048	2m 45s	2	6 GB	623.4 MB	7.7 GB	103.1%	1.0%	10.1 GB	270.8 MB
683	63/3a3275	BGC_ANALYSIS:ANTISMASH_ANALYSIS:ANTISMASH (Pantoea_agglomerans_CFBP13505)	COMPLETED	0	2026-08-30 12:57:10.887	2026-08-30 12:57:10.983	2026-08-30 12:57:34.456	21.4s	2	6 GB	815.3 MB	7.8 GB	126.8%	1.3%	876.7 MB	61.1 MB
684	a7/c7601a	BGC_ANALYSIS:ANTISMASH_ANALYSIS:ANTISMASH (Pantoea_agglomerans_CFBP13516)	COMPLETED	0	2026-08-30 12:57:18.612	2026-08-30 12:57:18.708	2026-08-30 12:57:42.813	22.1s	2	6 GB	836.4 MB	7.8 GB	126.4%	1.3%	919.8 MB	64 MB
679	a6/17449e	BGC_ANALYSIS:ANTISMASH_ANALYSIS:ANTISMASH (Pantoea_agglomerans_BD_1212)	COMPLETED	0	2026-08-30 12:56:43.863	2026-08-30 12:56:43.958	2026-08-30 12:57:44.343	58.4s	2	6 GB	496.4 MB	7.7 GB	105.2%	0.7%	2.8 GB	92.9 MB
686	3d/ddf820	BGC_ANALYSIS:ANTISMASH_ANALYSIS:ANTISMASH (Pantoea_agglomerans_CFSAN047153)	COMPLETED	0	2026-08-30 12:57:24.602	2026-08-30 12:57:24.698	2026-08-30 12:57:48.500	21.7s	2	6 GB	804 MB	7.8 GB	124.7%	1.4%	912.6 MB	61.4 MB
690	f8/b5edff	BGC_ANALYSIS:ANTISMASH_ANALYSIS:ANTISMASH (Pantoea_agglomerans_TH81)	COMPLETED	0	2026-08-30 12:57:34.459	2026-08-30 12:57:34.556	2026-08-30 12:57:57.880	21.2s	2	6 GB	808.2 MB	7.8 GB	127.1%	1.3%	861.2 MB	58.7 MB
685	e5/444c3f	BGC_ANALYSIS:ANTISMASH_ANALYSIS:ANTISMASH (Pantoea_agglomerans_CFBP13532)	COMPLETED	0	2026-08-30 12:57:20.246	2026-08-30 12:57:20.342	2026-08-30 12:58:04.453	42.1s	2	6 GB	735.3 MB	7.8 GB	95.9%	1.2%	1.9 GB	85.6 MB
689	fa/abb41c	BGC_ANALYSIS:ANTISMASH_ANALYSIS:ANTISMASH (Pantoea_agglomerans_L15)	COMPLETED	0	2026-08-30 12:57:42.818	2026-08-30 12:57:42.913	2026-08-30 12:58:06.497	21.5s	2	6 GB	791.5 MB	7.8 GB	127.6%	1.3%	854.9 MB	57.6 MB
687	9d/241d5f	BGC_ANALYSIS:ANTISMASH_ANALYSIS:ANTISMASH (Pantoea_agglomerans_CFSAN047154)	COMPLETED	0	2026-08-30 12:57:48.504	2026-08-30 12:57:48.600	2026-08-30 12:58:12.404	21.8s	2	6 GB	819.5 MB	7.8 GB	125.3%	1.4%	912.5 MB	61.4 MB
688	f7/91ef81	BGC_ANALYSIS:ANTISMASH_ANALYSIS:ANTISMASH (Pantoea_agglomerans_ES418)	COMPLETED	0	2026-08-30 12:57:34.052	2026-08-30 12:57:34.149	2026-08-30 12:58:16.114	40s	2	6 GB	744.5 MB	7.8 GB	95.4%	1.3%	1.7 GB	82.4 MB
676	a1/a458ff	BGC_ANALYSIS:ANTISMASH_ANALYSIS:ANTISMASH (Erwiniaceae_bacterium_UBA11982)	COMPLETED	0	2026-08-30 12:56:16.319	2026-08-30 12:56:16.417	2026-08-30 12:58:24.768	2m 6s	2	6 GB	588.8 MB	7.7 GB	103.5%	1.0%	7.6 GB	207.7 MB
700	65/f16b79	BGC_ANALYSIS:ANTISMASH_ANALYSIS:ANTISMASH (Pantoea_anthophila_LMG_2558)	COMPLETED	0	2026-08-30 12:57:44.346	2026-08-30 12:57:44.443	2026-08-30 12:58:25.089	38.7s	2	6 GB	673.3 MB	7.7 GB	97.8%	1.2%	1.8 GB	79.6 MB
691	56/105158	BGC_ANALYSIS:ANTISMASH_ANALYSIS:ANTISMASH (Pantoea_ananatis_DE0584)	COMPLETED	0	2026-08-30 12:57:57.883	2026-08-30 12:57:57.981	2026-08-30 12:58:34.062	34s	2	6 GB	494.7 MB	7.7 GB	101.7%	0.7%	1.4 GB	58.4 MB
694	1f/9f4122	BGC_ANALYSIS:ANTISMASH_ANALYSIS:ANTISMASH (Pantoea_ananatis_NN08200)	COMPLETED	0	2026-08-30 12:58:12.408	2026-08-30 12:58:12.505	2026-08-30 12:58:34.713	20.1s	2	6 GB	865.9 MB	7.9 GB	132.0%	1.4%	872.9 MB	60.7 MB
696	55/5fd836	BGC_ANALYSIS:ANTISMASH_ANALYSIS:ANTISMASH (Pantoea_ananatis_PANS_200-1)	COMPLETED	0	2026-08-30 12:58:16.117	2026-08-30 12:58:16.213	2026-08-30 12:58:43.288	25s	2	6 GB	712.8 MB	7.8 GB	104.3%	1.3%	1007.7 MB	56.7 MB
692	ea/8af8ef	BGC_ANALYSIS:ANTISMASH_ANALYSIS:ANTISMASH (Pantoea_ananatis_DZ-12)	COMPLETED	0	2026-08-30 12:58:04.457	2026-08-30 12:58:04.553	2026-08-30 12:58:51.696	45.1s	2	6 GB	3.3 GB	7.8 GB	126.5%	4.6%	10 GB	61.1 MB
680	6a/03f05f	BGC_ANALYSIS:ANTISMASH_ANALYSIS:ANTISMASH (Pantoea_agglomerans_BD_1274)	COMPLETED	0	2026-08-30 12:57:06.161	2026-08-30 12:57:06.257	2026-08-30 12:58:57.599	1m 49s	2	6 GB	481.5 MB	7.7 GB	107.6%	0.7%	5.7 GB	163.7 MB
693	91/4d06ce	BGC_ANALYSIS:ANTISMASH_ANALYSIS:ANTISMASH (Pantoea_ananatis_F-C2)	COMPLETED	0	2026-08-30 12:58:06.500	2026-08-30 12:58:06.597	2026-08-30 12:59:03.965	55.4s	2	6 GB	4.7 GB	7.9 GB	110.0%	6.0%	10.3 GB	67 MB
698	f9/3d438b	BGC_ANALYSIS:ANTISMASH_ANALYSIS:ANTISMASH (Pantoea_ananatis_PNA_86-1)	COMPLETED	0	2026-08-30 12:58:34.065	2026-08-30 12:58:34.162	2026-08-30 12:59:05.580	29.3s	2	6 GB	691.9 MB	7.7 GB	95.4%	1.2%	1.2 GB	61.5 MB
701	a7/67d624	BGC_ANALYSIS:ANTISMASH_ANALYSIS:ANTISMASH (Pantoea_beijingensis_LMG_27579)	COMPLETED	0	2026-08-30 12:58:34.717	2026-08-30 12:58:34.814	2026-08-30 12:59:09.651	32.8s	2	6 GB	639.3 MB	7.7 GB	95.3%	1.0%	1.5 GB	66.4 MB
703	7f/8af2cf	BGC_ANALYSIS:ANTISMASH_ANALYSIS:ANTISMASH (Pantoea_dispersa_C34)	COMPLETED	0	2026-08-30 12:58:51.700	2026-08-30 12:58:51.796	2026-08-30 12:59:15.548	21.6s	2	6 GB	835.7 MB	7.9 GB	125.3%	1.4%	896.2 MB	61 MB
697	46/5d1982	BGC_ANALYSIS:ANTISMASH_ANALYSIS:ANTISMASH (Pantoea_ananatis_PNA_07-10)	COMPLETED	0	2026-08-30 12:58:25.093	2026-08-30 12:58:25.189	2026-08-30 12:59:22.145	54.8s	2	6 GB	4.7 GB	7.8 GB	109.2%	5.0%	10.7 GB	59.2 MB
699	fe/e727c7	BGC_ANALYSIS:ANTISMASH_ANALYSIS:ANTISMASH (Pantoea_ananatis_UBA12293)	COMPLETED	0	2026-08-30 12:58:43.291	2026-08-30 12:58:43.388	2026-08-30 12:59:33.962	48.7s	2	6 GB	675.4 MB	7.7 GB	94.9%	1.3%	2.2 GB	89.8 MB
705	99/9c8689	BGC_ANALYSIS:ANTISMASH_ANALYSIS:ANTISMASH (Pantoea_dispersa_bio)	COMPLETED	0	2026-08-30 12:59:05.583	2026-08-30 12:59:05.680	2026-08-30 12:59:39.957	32s	2	6 GB	715.2 MB	7.8 GB	99.1%	1.3%	1.3 GB	70 MB
702	8b/d25194	BGC_ANALYSIS:ANTISMASH_ANALYSIS:ANTISMASH (Pantoea_deleyi_LMG_24200_2)	COMPLETED	0	2026-08-30 12:58:57.602	2026-08-30 12:58:57.699	2026-08-30 12:59:45.487	45.7s	2	6 GB	701.1 MB	7.8 GB	97.3%	1.2%	2.1 GB	87.4 MB
695	5d/80c4bf	BGC_ANALYSIS:ANTISMASH_ANALYSIS:ANTISMASH (Pantoea_ananatis_PANS_02-01)	COMPLETED	0	2026-08-30 12:58:24.775	2026-08-30 12:58:24.869	2026-08-30 12:59:49.626	1m 23s	2	6 GB	4.8 GB	7.8 GB	119.5%	5.6%	24.5 GB	71 MB
707	7a/da5cc8	BGC_ANALYSIS:ANTISMASH_ANALYSIS:ANTISMASH (Pantoea_piersonii_IIIF1SW-P2)	COMPLETED	0	2026-08-30 12:59:22.149	2026-08-30 12:59:22.246	2026-08-30 12:59:56.148	31.8s	2	6 GB	735.4 MB	7.8 GB	99.1%	1.3%	1.3 GB	69.5 MB
714	88/86acb4	BGC_ANALYSIS:ANTISMASH_ANALYSIS:ANTISMASH (Pantoea_sp._PNA_14-12)	COMPLETED	0	2026-08-30 12:59:09.655	2026-08-30 12:59:09.751	2026-08-30 13:00:10.787	58.9s	2	6 GB	4.7 GB	7.7 GB	123.3%	4.7%	16.2 GB	56.3 MB
709	72/d658bc	BGC_ANALYSIS:ANTISMASH_ANALYSIS:ANTISMASH (Pantoea_sp._3_1284)	COMPLETED	0	2026-08-30 12:59:39.961	2026-08-30 12:59:40.058	2026-08-30 13:00:18.279	36.2s	2	6 GB	646.2 MB	7.7 GB	95.4%	1.0%	1.7 GB	72.9 MB
710	7e/87384d	BGC_ANALYSIS:ANTISMASH_ANALYSIS:ANTISMASH (Pantoea_sp._CCBC3-3-1)	COMPLETED	0	2026-08-30 12:59:49.630	2026-08-30 12:59:49.727	2026-08-30 13:00:19.174	27.4s	2	6 GB	647.1 MB	7.9 GB	127.4%	1.0%	874.8 MB	47.2 MB
704	40/415830	BGC_ANALYSIS:ANTISMASH_ANALYSIS:ANTISMASH (Pantoea_dispersa_PD_192)	COMPLETED	0	2026-08-30 12:59:03.972	2026-08-30 12:59:04.065	2026-08-30 13:00:19.731	1m 13s	2	6 GB	683.4 MB	7.7 GB	99.2%	1.2%	3.9 GB	132.5 MB
706	f4/dd3edc	BGC_ANALYSIS:ANTISMASH_ANALYSIS:ANTISMASH (Pantoea_eucalypti_LMG_24197)	COMPLETED	0	2026-08-30 12:59:33.966	2026-08-30 12:59:34.062	2026-08-30 13:00:20.838	44.6s	2	6 GB	670.3 MB	7.7 GB	98.3%	1.2%	2.2 GB	91 MB
711	4c/48d6ca	BGC_ANALYSIS:ANTISMASH_ANALYSIS:ANTISMASH (Pantoea_sp._M_8)	COMPLETED	0	2026-08-30 12:59:56.151	2026-08-30 12:59:56.249	2026-08-30 13:00:27.791	29.6s	2	6 GB	708.2 MB	7.8 GB	95.3%	1.3%	1.2 GB	64.8 MB
713	45/807502	BGC_ANALYSIS:ANTISMASH_ANALYSIS:ANTISMASH (Pantoea_sp._PMG_056)	COMPLETED	0	2026-08-30 12:59:45.491	2026-08-30 12:59:45.587	2026-08-30 13:00:32.295	44.7s	2	6 GB	691.1 MB	7.8 GB	97.5%	1.3%	2.1 GB	88.5 MB
708	86/934342	BGC_ANALYSIS:ANTISMASH_ANALYSIS:ANTISMASH (Pantoea_piersonii_ISS-IIIF5SW)	COMPLETED	0	2026-08-30 12:59:15.552	2026-08-30 12:59:15.648	2026-08-30 13:00:36.349	1m 18s	2	6 GB	528.5 MB	7.7 GB	104.6%	0.7%	3.9 GB	120 MB
712	eb/628f21	BGC_ANALYSIS:ANTISMASH_ANALYSIS:ANTISMASH (Pantoea_sp._M_9)	COMPLETED	0	2026-08-30 13:00:10.791	2026-08-30 13:00:10.888	2026-08-30 13:00:41.009	28.1s	2	6 GB	637.8 MB	7.7 GB	95.1%	1.0%	1.2 GB	58.7 MB
715	39/b0fdea	BGC_ANALYSIS:ANTISMASH_ANALYSIS:ANTISMASH (Pantoea_sp._PSNIH1_DE0017)	COMPLETED	0	2026-08-30 13:00:18.283	2026-08-30 13:00:18.379	2026-08-30 13:00:42.655	22.4s	2	6 GB	509.5 MB	7.8 GB	112.6%	0.7%	965.5 MB	41.6 MB
718	32/f175ce	BGC_ANALYSIS:ANTISMASH_ANALYSIS:ANTISMASH (Pantoea_sp._SO10)	COMPLETED	0	2026-08-30 13:00:27.799	2026-08-30 13:00:27.891	2026-08-30 13:00:52.247	22.1s	2	6 GB	834.9 MB	7.8 GB	129.4%	1.4%	880.4 MB	59.9 MB
717	d2/21f2c2	BGC_ANALYSIS:ANTISMASH_ANALYSIS:ANTISMASH (Pantoea_sp._SJZ147)	COMPLETED	0	2026-08-30 13:00:19.734	2026-08-30 13:00:19.831	2026-08-30 13:00:53.735	32s	2	6 GB	702 MB	7.8 GB	94.1%	1.3%	1.4 GB	66.5 MB
720	c4/efca8b	BGC_ANALYSIS:ANTISMASH_ANALYSIS:ANTISMASH (Pantoea_sp._UBA11287)	COMPLETED	0	2026-08-30 13:00:32.299	2026-08-30 13:00:32.395	2026-08-30 13:01:08.857	34.5s	2	6 GB	623.3 MB	7.7 GB	95.0%	1.0%	1.6 GB	68.6 MB
727	80/e4b081	BGC_ANALYSIS:ANTISMASH_ANALYSIS:ANTISMASH (Pantoea_sp._VH_18)	COMPLETED	0	2026-08-30 13:01:08.861	2026-08-30 13:01:08.957	2026-08-30 13:01:48.706	37.7s	2	6 GB	709.2 MB	7.8 GB	96.4%	1.3%	1.7 GB	79.9 MB
716	1f/9d4cf3	BGC_ANALYSIS:ANTISMASH_ANALYSIS:ANTISMASH (Pantoea_sp._R102)	COMPLETED	0	2026-08-30 13:00:19.178	2026-08-30 13:00:19.274	2026-08-30 13:02:21.663	2m	2	6 GB	708.5 MB	7.8 GB	102.1%	1.3%	7 GB	208.3 MB
726	84/3b7caf	BGC_ANALYSIS:ANTISMASH_ANALYSIS:ANTISMASH (Pantoea_sp._VH_16)	COMPLETED	0	2026-08-30 13:01:48.710	2026-08-30 13:01:48.806	2026-08-30 13:02:29.193	38.4s	2	6 GB	703.7 MB	7.8 GB	96.4%	1.2%	1.7 GB	80.8 MB
728	39/aa7843	BGC_ANALYSIS:ANTISMASH_ANALYSIS:ANTISMASH (Pantoea_sp._VH_24)	COMPLETED	0	2026-08-30 13:02:21.667	2026-08-30 13:02:21.763	2026-08-30 13:03:02.123	38.3s	2	6 GB	699.7 MB	7.8 GB	96.2%	1.2%	1.8 GB	80.8 MB
719	19/01cb9b	BGC_ANALYSIS:ANTISMASH_ANALYSIS:ANTISMASH (Pantoea_sp._UBA10657)	COMPLETED	0	2026-08-30 13:00:20.841	2026-08-30 13:00:20.939	2026-08-30 13:03:04.352	2m 41s	2	6 GB	687.6 MB	7.8 GB	104.8%	1.3%	10 GB	273.5 MB
729	c8/bd7601	BGC_ANALYSIS:ANTISMASH_ANALYSIS:ANTISMASH (Pantoea_sp._VH_25)	COMPLETED	0	2026-08-30 13:02:29.197	2026-08-30 13:02:29.293	2026-08-30 13:03:10.391	39.1s	2	6 GB	709.8 MB	7.8 GB	96.3%	1.3%	1.8 GB	82.8 MB
721	ff/c65f2c	BGC_ANALYSIS:ANTISMASH_ANALYSIS:ANTISMASH (Pantoea_sp._UBA11431)	COMPLETED	0	2026-08-30 13:00:52.251	2026-08-30 13:00:52.347	2026-08-30 13:03:12.759	2m 18s	2	6 GB	699.4 MB	7.8 GB	104.9%	1.3%	8.5 GB	240.6 MB
724	e8/ca69bc	BGC_ANALYSIS:ANTISMASH_ANALYSIS:ANTISMASH (Pantoea_sp._UBA8679)	COMPLETED	0	2026-08-30 13:00:42.658	2026-08-30 13:00:42.755	2026-08-30 13:03:25.006	2m 40s	2	6 GB	693.7 MB	7.8 GB	104.2%	1.3%	9.9 GB	272.1 MB
725	e7/1abe17	BGC_ANALYSIS:ANTISMASH_ANALYSIS:ANTISMASH (Pantoea_sp._UBA9284)	COMPLETED	0	2026-08-30 13:00:53.739	2026-08-30 13:00:53.836	2026-08-30 13:03:28.657	2m 33s	2	6 GB	643.7 MB	7.7 GB	104.3%	1.0%	9.6 GB	259.6 MB
722	59/a9d891	BGC_ANALYSIS:ANTISMASH_ANALYSIS:ANTISMASH (Pantoea_sp._UBA12230)	COMPLETED	0	2026-08-30 13:00:36.353	2026-08-30 13:00:36.449	2026-08-30 13:03:33.174	2m 55s	2	6 GB	635.9 MB	7.7 GB	104.4%	1.0%	11 GB	293.9 MB
723	bb/1806f7	BGC_ANALYSIS:ANTISMASH_ANALYSIS:ANTISMASH (Pantoea_sp._UBA8265)	COMPLETED	0	2026-08-30 13:00:41.013	2026-08-30 13:00:41.110	2026-08-30 13:03:39.351	2m 56s	2	6 GB	699.4 MB	7.8 GB	104.5%	1.3%	10.9 GB	298.9 MB
732	e1/46fd58	BGC_ANALYSIS:ANTISMASH_ANALYSIS:ANTISMASH (Pantoea_sp._VH_8)	COMPLETED	0	2026-08-30 13:03:04.355	2026-08-30 13:03:04.458	2026-08-30 13:03:46.900	40.5s	2	6 GB	696.5 MB	7.8 GB	95.4%	1.2%	1.9 GB	84.8 MB
730	6c/a47dbb	BGC_ANALYSIS:ANTISMASH_ANALYSIS:ANTISMASH (Pantoea_sp._VH_3)	COMPLETED	0	2026-08-30 13:03:02.127	2026-08-30 13:03:02.224	2026-08-30 13:03:47.639	43.4s	2	6 GB	711.8 MB	7.8 GB	96.3%	1.3%	2.1 GB	89.1 MB
738	f5/246797	BGC_ANALYSIS:ANTISMASH_ANALYSIS:ANTISMASH (Buchnera_aphidicola_Aphis_aurantii_Aphau14)	COMPLETED	0	2026-08-30 13:03:39.357	2026-08-30 13:03:39.451	2026-08-30 13:03:48.023	6.6s	2	6 GB	215.2 MB	2.7 GB	108.4%	0.3%	290.5 MB	9.9 MB
733	a1/909219	BGC_ANALYSIS:ANTISMASH_ANALYSIS:ANTISMASH (Pantoea_sp._YU22)	COMPLETED	0	2026-08-30 13:03:12.762	2026-08-30 13:03:12.859	2026-08-30 13:03:51.534	36.7s	2	6 GB	711.8 MB	7.8 GB	96.8%	1.3%	1.6 GB	76.9 MB
731	88/b0cbb2	BGC_ANALYSIS:ANTISMASH_ANALYSIS:ANTISMASH (Pantoea_sp._VH_4)	COMPLETED	0	2026-08-30 13:03:10.395	2026-08-30 13:03:10.491	2026-08-30 13:03:51.810	39.2s	2	6 GB	696.4 MB	7.8 GB	94.7%	1.2%	1.8 GB	83 MB
743	d4/66f888	BGC_ANALYSIS:ANTISMASH_ANALYSIS:ANTISMASH (Buchnera_aphidicola_Chaitoregma_tattakana_Chata04)	COMPLETED	0	2026-08-30 13:03:46.904	2026-08-30 13:03:47.000	2026-08-30 13:03:54.099	5.2s	2	6 GB	201.9 MB	2.7 GB	110.9%	0.3%	241 MB	6.8 MB
736	ca/103431	BGC_ANALYSIS:ANTISMASH_ANALYSIS:ANTISMASH (Pantoea_vagans_LMG_24199)	COMPLETED	0	2026-08-30 13:03:33.178	2026-08-30 13:03:33.275	2026-08-30 13:03:55.332	20s	2	6 GB	781.2 MB	7.8 GB	130.1%	1.4%	826.8 MB	56.4 MB
739	b1/d66a32	BGC_ANALYSIS:ANTISMASH_ANALYSIS:ANTISMASH (Buchnera_aphidicola_Astegopteryx_bambusae_Astba02)	COMPLETED	0	2026-08-30 13:03:48.027	2026-08-30 13:03:48.123	2026-08-30 13:03:55.563	5.5s	2	6 GB	204 MB	2.7 GB	107.0%	0.3%	261.6 MB	7.3 MB
737	87/449b74	BGC_ANALYSIS:ANTISMASH_ANALYSIS:ANTISMASH (Buchnera_aphidicola_Aphis_aurantii_Aphau13)	COMPLETED	0	2026-08-30 13:03:47.643	2026-08-30 13:03:47.739	2026-08-30 13:03:56.003	6.3s	2	6 GB	215.5 MB	2.7 GB	104.8%	0.3%	290.3 MB	9.9 MB
741	99/3e7cac	BGC_ANALYSIS:ANTISMASH_ANALYSIS:ANTISMASH (Buchnera_aphidicola_Ceratoglyphina_bambusae_Cerba01)	COMPLETED	0	2026-08-30 13:03:51.537	2026-08-30 13:03:51.634	2026-08-30 13:03:59.073	5.5s	2	6 GB	209.4 MB	2.7 GB	106.2%	0.3%	262.8 MB	7.4 MB
740	ef/a1a04b	BGC_ANALYSIS:ANTISMASH_ANALYSIS:ANTISMASH (Buchnera_aphidicola_Astegopteryx_bambusae_Astba03)	COMPLETED	0	2026-08-30 13:03:51.813	2026-08-30 13:03:51.910	2026-08-30 13:03:59.401	5.6s	2	6 GB	203.9 MB	2.7 GB	105.9%	0.3%	261.5 MB	7.3 MB
734	38/a35971	BGC_ANALYSIS:ANTISMASH_ANALYSIS:ANTISMASH (Pantoea_sp._paga)	COMPLETED	0	2026-08-30 13:03:25.010	2026-08-30 13:03:25.107	2026-08-30 13:03:59.887	32.8s	2	6 GB	719.2 MB	7.8 GB	95.8%	1.3%	1.4 GB	72.7 MB
742	5c/d67063	BGC_ANALYSIS:ANTISMASH_ANALYSIS:ANTISMASH (Buchnera_aphidicola_Ceratovacuna_keduensis_Cerke05)	COMPLETED	0	2026-08-30 13:03:54.101	2026-08-30 13:03:54.198	2026-08-30 13:04:01.537	5.4s	2	6 GB	208 MB	2.7 GB	107.0%	0.3%	261.7 MB	7.3 MB
744	b5/fa58d5	BGC_ANALYSIS:ANTISMASH_ANALYSIS:ANTISMASH (Buchnera_aphidicola_Greenidea_ficicola_Grefi11)	COMPLETED	0	2026-08-30 13:03:55.335	2026-08-30 13:03:55.432	2026-08-30 13:04:02.889	5.6s	2	6 GB	202.2 MB	2.7 GB	105.6%	0.3%	260.9 MB	7.2 MB
745	7b/7491ed	BGC_ANALYSIS:ANTISMASH_ANALYSIS:ANTISMASH (Buchnera_aphidicola_Kurisakia_onigurumii_Kuron23)	COMPLETED	0	2026-08-30 13:03:55.566	2026-08-30 13:03:55.663	2026-08-30 13:04:03.151	5.6s	2	6 GB	204.8 MB	2.7 GB	105.5%	0.3%	272.6 MB	8.3 MB
748	ae/def8f1	BGC_ANALYSIS:ANTISMASH_ANALYSIS:ANTISMASH (Buchnera_aphidicola_Mindarus_keteleerifoliae_Minke18)	COMPLETED	0	2026-08-30 13:03:56.006	2026-08-30 13:03:56.103	2026-08-30 13:04:03.735	5.7s	2	6 GB	210.5 MB	2.7 GB	106.6%	0.3%	275.6 MB	8.7 MB
735	5f/d638db	BGC_ANALYSIS:ANTISMASH_ANALYSIS:ANTISMASH (Pantoea_vagans_ET-90)	COMPLETED	0	2026-08-30 13:03:28.660	2026-08-30 13:03:28.757	2026-08-30 13:04:04.620	33.9s	2	6 GB	698 MB	7.8 GB	94.8%	1.3%	1.5 GB	74.4 MB
747	f2/8ea4c0	BGC_ANALYSIS:ANTISMASH_ANALYSIS:ANTISMASH (Buchnera_aphidicola_Mindarus_japonicus_Minja20)	COMPLETED	0	2026-08-30 13:03:59.077	2026-08-30 13:03:59.173	2026-08-30 13:04:06.936	5.9s	2	6 GB	211.6 MB	2.7 GB	103.6%	0.3%	276.6 MB	8.7 MB
751	33/c4e8c0	BGC_ANALYSIS:ANTISMASH_ANALYSIS:ANTISMASH (Buchnera_aphidicola_Neophyllaphis_podocarpi_Neopo25)	COMPLETED	0	2026-08-30 13:03:59.404	2026-08-30 13:03:59.501	2026-08-30 13:04:07.405	6s	2	6 GB	214.3 MB	2.7 GB	101.4%	0.3%	280.8 MB	9.1 MB
750	ab/5ee8bc	BGC_ANALYSIS:ANTISMASH_ANALYSIS:ANTISMASH (Buchnera_aphidicola_Mollitrichosiphum_nigrofasciatum_Molni12)	COMPLETED	0	2026-08-30 13:03:59.891	2026-08-30 13:03:59.988	2026-08-30 13:04:07.430	5.4s	2	6 GB	206.3 MB	2.7 GB	106.1%	0.3%	260.9 MB	7.3 MB
759	66/326922	BGC_ANALYSIS:ANTISMASH_ANALYSIS:ANTISMASH (Buchnera_aphidicola_Shivaphis_celti_Shice15)	COMPLETED	0	2026-08-30 13:04:01.540	2026-08-30 13:04:01.637	2026-08-30 13:04:08.250	4.7s	2	6 GB	201.2 MB	2.7 GB	103.6%	0.3%	218.8 MB	4.3 MB
760	38/8d44fe	BGC_ANALYSIS:ANTISMASH_ANALYSIS:ANTISMASH (Buchnera_aphidicola_Takecallis_taiwana_Takta16)	COMPLETED	0	2026-08-30 13:04:02.892	2026-08-30 13:04:02.988	2026-08-30 13:04:09.472	4.6s	2	6 GB	203.5 MB	2.7 GB	108.1%	0.3%	219.2 MB	4.3 MB
752	89/d217ba	BGC_ANALYSIS:ANTISMASH_ANALYSIS:ANTISMASH (Buchnera_aphidicola_Neophyllaphis_varicolor_Neova26)	COMPLETED	0	2026-08-30 13:04:03.154	2026-08-30 13:04:03.252	2026-08-30 13:04:11.111	6s	2	6 GB	210.1 MB	2.7 GB	102.8%	0.3%	280.7 MB	9.1 MB
749	e6/bc1723	BGC_ANALYSIS:ANTISMASH_ANALYSIS:ANTISMASH (Buchnera_aphidicola_Mindarus_keteleerifoliae_Minke19)	COMPLETED	0	2026-08-30 13:04:03.738	2026-08-30 13:04:03.835	2026-08-30 13:04:11.603	5.9s	2	6 GB	210.9 MB	2.7 GB	102.8%	0.3%	275.5 MB	8.7 MB
755	37/472c87	BGC_ANALYSIS:ANTISMASH_ANALYSIS:ANTISMASH (Buchnera_aphidicola_Periphyllus_koelreuteriae_Perko21)	COMPLETED	0	2026-08-30 13:04:07.409	2026-08-30 13:04:07.430	2026-08-30 13:04:14.137	4.8s	2	6 GB	199.9 MB	2.7 GB	104.1%	0.3%	220.8 MB	4.4 MB
753	6b/3c504a	BGC_ANALYSIS:ANTISMASH_ANALYSIS:ANTISMASH (Buchnera_aphidicola_Nippolachnus_piri_Nippi09)	COMPLETED	0	2026-08-30 13:04:06.939	2026-08-30 13:04:07.036	2026-08-30 13:04:14.455	5.6s	2	6 GB	205.6 MB	2.7 GB	103.0%	0.3%	261.2 MB	7.3 MB
754	d0/9e1ca6	BGC_ANALYSIS:ANTISMASH_ANALYSIS:ANTISMASH (Buchnera_aphidicola_Nippolachnus_piri_Nippi10)	COMPLETED	0	2026-08-30 13:04:08.254	2026-08-30 13:04:08.350	2026-08-30 13:04:15.688	5.5s	2	6 GB	207.5 MB	2.7 GB	105.6%	0.3%	261.2 MB	7.3 MB
757	78/663cd6	BGC_ANALYSIS:ANTISMASH_ANALYSIS:ANTISMASH (Buchnera_aphidicola_Pseudoregma_panicola_Psepa06)	COMPLETED	0	2026-08-30 13:04:09.476	2026-08-30 13:04:09.578	2026-08-30 13:04:16.988	5.6s	2	6 GB	199 MB	2.7 GB	104.0%	0.3%	261.7 MB	7.3 MB
756	25/649fef	BGC_ANALYSIS:ANTISMASH_ANALYSIS:ANTISMASH (Buchnera_aphidicola_Periphyllus_koelreuteriae_Perko22)	COMPLETED	0	2026-08-30 13:04:11.115	2026-08-30 13:04:11.211	2026-08-30 13:04:17.941	4.9s	2	6 GB	199.5 MB	2.7 GB	104.5%	0.3%	220.5 MB	4.4 MB
746	49/f0405d	BGC_ANALYSIS:ANTISMASH_ANALYSIS:ANTISMASH (Buchnera_aphidicola_Kurisakia_onigurumii_Kuron24)	COMPLETED	0	2026-08-30 13:04:11.606	2026-08-30 13:04:11.703	2026-08-30 13:04:19.195	5.6s	2	6 GB	205.1 MB	2.7 GB	104.6%	0.3%	272.7 MB	8.3 MB
758	56/b5c811	BGC_ANALYSIS:ANTISMASH_ANALYSIS:ANTISMASH (Buchnera_aphidicola_Pseudoregma_panicola_Psepa07)	COMPLETED	0	2026-08-30 13:04:14.458	2026-08-30 13:04:14.555	2026-08-30 13:04:22.012	5.5s	2	6 GB	204.4 MB	2.7 GB	106.7%	0.3%	261.7 MB	7.3 MB
762	1f/1b678f	BGC_ANALYSIS:ANTISMASH_ANALYSIS:ANTISMASH (Buchnera_aphidicola_Tuberolachnus_salignus_Tubsa08)	COMPLETED	0	2026-08-30 13:04:15.691	2026-08-30 13:04:15.788	2026-08-30 13:04:23.243	5.5s	2	6 GB	209.4 MB	2.7 GB	107.7%	0.3%	261.7 MB	7.3 MB
761	09/18f02f	BGC_ANALYSIS:ANTISMASH_ANALYSIS:ANTISMASH (Buchnera_aphidicola_Takecallis_taiwana_Takta17)	COMPLETED	0	2026-08-30 13:04:16.991	2026-08-30 13:04:17.088	2026-08-30 13:04:23.753	4.8s	2	6 GB	200 MB	2.7 GB	106.0%	0.3%	219.2 MB	4.3 MB
763	08/13d962	BGC_ANALYSIS:ANTISMASH_ANALYSIS:ANTISMASH (Erwinia_amylovora_YKB14808)	COMPLETED	0	2026-08-30 13:04:17.945	2026-08-30 13:04:18.041	2026-08-30 13:04:37.399	17.5s	2	6 GB	735.1 MB	7.8 GB	132.2%	1.2%	671.7 MB	46.2 MB
764	b0/855a77	BGC_ANALYSIS:ANTISMASH_ANALYSIS:ANTISMASH (Erwinia_aphidicola_EPB1)	COMPLETED	0	2026-08-30 13:04:04.623	2026-08-30 13:04:04.720	2026-08-30 13:04:48.402	41.8s	2	6 GB	761.4 MB	7.8 GB	91.9%	1.3%	1.8 GB	87.5 MB
772	7e/414f93	BGC_ANALYSIS:ANTISMASH_ANALYSIS:ANTISMASH (Erwinia_billingiae_MYb121_2)	COMPLETED	0	2026-08-30 13:04:14.141	2026-08-30 13:04:14.238	2026-08-30 13:04:49.277	33.1s	2	6 GB	760 MB	7.8 GB	95.9%	1.3%	1.3 GB	73.2 MB
766	df/99f073	BGC_ANALYSIS:ANTISMASH_ANALYSIS:ANTISMASH (Erwinia_aphidicola_QCJ3A)	COMPLETED	0	2026-08-30 13:04:07.432	2026-08-30 13:04:07.529	2026-08-30 13:04:54.375	45s	2	6 GB	728.5 MB	7.8 GB	93.1%	1.3%	2 GB	92.4 MB
767	53/18538e	BGC_ANALYSIS:ANTISMASH_ANALYSIS:ANTISMASH (Erwinia_aphidicola_USHLN260)	COMPLETED	0	2026-08-30 13:04:22.015	2026-08-30 13:04:22.112	2026-08-30 13:04:58.210	34.2s	2	6 GB	502.3 MB	7.8 GB	105.1%	0.7%	1.3 GB	56.3 MB
770	c5/85e663	BGC_ANALYSIS:ANTISMASH_ANALYSIS:ANTISMASH (Erwinia_aphidicola_USMM128)	COMPLETED	0	2026-08-30 13:04:23.756	2026-08-30 13:04:23.853	2026-08-30 13:04:59.991	34.2s	2	6 GB	502.4 MB	7.8 GB	105.0%	0.7%	1.3 GB	55.3 MB
769	29/ea650c	BGC_ANALYSIS:ANTISMASH_ANALYSIS:ANTISMASH (Erwinia_aphidicola_USHLN33)	COMPLETED	0	2026-08-30 13:04:23.246	2026-08-30 13:04:23.344	2026-08-30 13:05:05.062	39.9s	2	6 GB	504.7 MB	7.8 GB	105.7%	0.9%	1.6 GB	64.2 MB
765	96/1c909c	BGC_ANALYSIS:ANTISMASH_ANALYSIS:ANTISMASH (Erwinia_aphidicola_QCJ2B)	COMPLETED	0	2026-08-30 13:04:19.198	2026-08-30 13:04:19.295	2026-08-30 13:05:09.476	48.2s	2	6 GB	709 MB	7.8 GB	94.9%	1.2%	2.2 GB	96.2 MB
768	b8/658d5d	BGC_ANALYSIS:ANTISMASH_ANALYSIS:ANTISMASH (Erwinia_aphidicola_USHLN281)	COMPLETED	0	2026-08-30 13:04:37.404	2026-08-30 13:04:37.499	2026-08-30 13:05:10.661	31.3s	2	6 GB	504.2 MB	7.8 GB	105.9%	0.8%	1.2 GB	52.8 MB
774	85/8a7204	BGC_ANALYSIS:ANTISMASH_ANALYSIS:ANTISMASH (Erwinia_persicina_ML2-2023-5)	COMPLETED	0	2026-08-30 13:04:54.379	2026-08-30 13:04:54.475	2026-08-30 13:05:18.081	21.5s	2	6 GB	849.5 MB	7.9 GB	134.9%	1.4%	906.4 MB	62.4 MB
773	1c/e39cc4	BGC_ANALYSIS:ANTISMASH_ANALYSIS:ANTISMASH (Erwinia_magellanica_CCM_9358)	COMPLETED	0	2026-08-30 13:04:49.281	2026-08-30 13:04:49.376	2026-08-30 13:05:18.228	26.9s	2	6 GB	734.2 MB	7.8 GB	99.9%	1.2%	1.1 GB	62.5 MB
771	7f/033a69	BGC_ANALYSIS:ANTISMASH_ANALYSIS:ANTISMASH (Erwinia_aphidicola_USMM130)	COMPLETED	0	2026-08-30 13:04:48.406	2026-08-30 13:04:48.502	2026-08-30 13:05:22.153	31.7s	2	6 GB	504.6 MB	7.8 GB	103.7%	0.7%	1.2 GB	52.8 MB
785	6c/b1df7c	BGC_ANALYSIS:ANTISMASH_ANALYSIS:ANTISMASH (Pantoea_agglomerans_FJ2)	COMPLETED	0	2026-08-30 13:04:58.213	2026-08-30 13:04:58.310	2026-08-30 13:05:22.435	22.2s	2	6 GB	631.4 MB	7.9 GB	126.6%	1.0%	817.3 MB	44.3 MB
776	eb/b570d6	BGC_ANALYSIS:ANTISMASH_ANALYSIS:ANTISMASH (Erwinia_sp._CGal63)	COMPLETED	0	2026-08-30 13:04:59.994	2026-08-30 13:05:00.091	2026-08-30 13:05:26.974	24.9s	2	6 GB	726.3 MB	7.8 GB	103.9%	1.3%	974.4 MB	59.5 MB
775	51/b48938	BGC_ANALYSIS:ANTISMASH_ANALYSIS:ANTISMASH (Erwinia_psychrophila_CCM_9357)	COMPLETED	0	2026-08-30 13:05:05.066	2026-08-30 13:05:05.162	2026-08-30 13:05:33.890	26.8s	2	6 GB	736.1 MB	7.8 GB	99.2%	1.3%	1.1 GB	61.4 MB
777	62/014da6	BGC_ANALYSIS:ANTISMASH_ANALYSIS:ANTISMASH (Erwinia_sp._MYb375)	COMPLETED	0	2026-08-30 13:05:09.479	2026-08-30 13:05:09.576	2026-08-30 13:05:41.237	29.6s	2	6 GB	726.7 MB	7.8 GB	101.5%	1.3%	1.1 GB	66 MB
780	72/c6df3f	BGC_ANALYSIS:ANTISMASH_ANALYSIS:ANTISMASH (Erwinia_sp._SLM-02)	COMPLETED	0	2026-08-30 13:05:18.231	2026-08-30 13:05:18.327	2026-08-30 13:05:47.842	27.5s	2	6 GB	761.1 MB	7.8 GB	113.8%	1.3%	1.1 GB	69.1 MB
779	f0/d8271b	BGC_ANALYSIS:ANTISMASH_ANALYSIS:ANTISMASH (Erwinia_sp._MYb535)	COMPLETED	0	2026-08-30 13:05:18.084	2026-08-30 13:05:18.180	2026-08-30 13:05:48.597	28.4s	2	6 GB	727.8 MB	7.8 GB	103.8%	1.2%	1.1 GB	66 MB
781	ea/719b07	BGC_ANALYSIS:ANTISMASH_ANALYSIS:ANTISMASH (Pantoea_agglomerans_AS085)	COMPLETED	0	2026-08-30 13:05:22.438	2026-08-30 13:05:22.535	2026-08-30 13:05:54.311	29.9s	2	6 GB	515.6 MB	7.8 GB	106.4%	0.8%	1.2 GB	52.4 MB
782	d5/2e3a41	BGC_ANALYSIS:ANTISMASH_ANALYSIS:ANTISMASH (Pantoea_agglomerans_AS129)	COMPLETED	0	2026-08-30 13:05:26.978	2026-08-30 13:05:27.078	2026-08-30 13:05:56.130	26.9s	2	6 GB	558.9 MB	7.9 GB	113.0%	0.9%	1 GB	49.1 MB
794	e1/386a5d	BGC_ANALYSIS:ANTISMASH_ANALYSIS:ANTISMASH (Pantoea_ananatis_USHLN35)	COMPLETED	0	2026-08-30 13:05:33.893	2026-08-30 13:05:33.990	2026-08-30 13:06:07.657	31.6s	2	6 GB	512.7 MB	7.8 GB	105.6%	0.8%	1.2 GB	54.8 MB
783	c5/d0690e	BGC_ANALYSIS:ANTISMASH_ANALYSIS:ANTISMASH (Pantoea_agglomerans_AS139)	COMPLETED	0	2026-08-30 13:05:41.240	2026-08-30 13:05:41.336	2026-08-30 13:06:14.375	30.8s	2	6 GB	506.1 MB	7.8 GB	102.7%	0.8%	1.2 GB	54 MB
797	7d/93cb62	BGC_ANALYSIS:ANTISMASH_ANALYSIS:ANTISMASH (Pantoea_anthophila_USMM081)	COMPLETED	0	2026-08-30 13:05:48.601	2026-08-30 13:05:48.697	2026-08-30 13:06:14.394	23.8s	2	6 GB	550.1 MB	7.8 GB	112.9%	0.8%	946.2 MB	44.1 MB
784	14/5de97a	BGC_ANALYSIS:ANTISMASH_ANALYSIS:ANTISMASH (Pantoea_agglomerans_B9)	COMPLETED	0	2026-08-30 13:05:47.846	2026-08-30 13:05:47.942	2026-08-30 13:06:16.906	27.1s	2	6 GB	720.2 MB	7.8 GB	95.9%	1.3%	1 GB	63.2 MB
788	d1/1081f3	BGC_ANALYSIS:ANTISMASH_ANALYSIS:ANTISMASH (Pantoea_agglomerans_HN022)	COMPLETED	0	2026-08-30 13:05:54.316	2026-08-30 13:05:54.411	2026-08-30 13:06:24.033	27.6s	2	6 GB	520.6 MB	7.8 GB	108.8%	0.8%	1.1 GB	50.5 MB
787	e4/328756	BGC_ANALYSIS:ANTISMASH_ANALYSIS:ANTISMASH (Pantoea_agglomerans_HN003)	COMPLETED	0	2026-08-30 13:05:56.133	2026-08-30 13:05:56.231	2026-08-30 13:06:31.553	33.4s	2	6 GB	500.8 MB	7.8 GB	103.1%	0.7%	1.3 GB	57.1 MB
786	93/27d8f8	BGC_ANALYSIS:ANTISMASH_ANALYSIS:ANTISMASH (Pantoea_agglomerans_G129K1-1)	COMPLETED	0	2026-08-30 13:06:07.660	2026-08-30 13:06:07.757	2026-08-30 13:06:35.371	25.7s	2	6 GB	530.9 MB	7.8 GB	110.9%	0.7%	1010.2 MB	47.9 MB
793	77/e0aea0	BGC_ANALYSIS:ANTISMASH_ANALYSIS:ANTISMASH (Pantoea_ananatis_USHLN34)	COMPLETED	0	2026-08-30 13:05:22.156	2026-08-30 13:05:22.253	2026-08-30 13:06:39.017	1m 15s	2	6 GB	4.7 GB	7.8 GB	127.1%	5.1%	23.3 GB	53 MB
778	20/7c804f	BGC_ANALYSIS:ANTISMASH_ANALYSIS:ANTISMASH (Erwinia_sp._MYb416)	COMPLETED	0	2026-08-30 13:05:10.664	2026-08-30 13:05:10.761	2026-08-30 13:06:43.075	1m 30s	2	6 GB	882.8 MB	7.9 GB	100.9%	1.4%	4.7 GB	162.5 MB
792	c0/714bcc	BGC_ANALYSIS:ANTISMASH_ANALYSIS:ANTISMASH (Pantoea_ananatis_USHLN280)	COMPLETED	0	2026-08-30 13:06:16.910	2026-08-30 13:06:17.006	2026-08-30 13:06:56.254	37.3s	2	6 GB	493.7 MB	7.8 GB	103.0%	0.7%	1.5 GB	63 MB
795	3e/ece296	BGC_ANALYSIS:ANTISMASH_ANALYSIS:ANTISMASH (Pantoea_anthophila_USHLN148)	COMPLETED	0	2026-08-30 13:06:31.557	2026-08-30 13:06:31.653	2026-08-30 13:06:59.208	25.4s	2	6 GB	516.8 MB	7.8 GB	107.3%	0.7%	967.2 MB	45.7 MB
789	5b/4b08d5	BGC_ANALYSIS:ANTISMASH_ANALYSIS:ANTISMASH (Pantoea_ananatis_ARGTr_1-1)	COMPLETED	0	2026-08-30 13:06:14.397	2026-08-30 13:06:14.494	2026-08-30 13:07:01.868	45.3s	2	6 GB	743.1 MB	7.8 GB	100.1%	1.3%	2.3 GB	99.5 MB
796	61/ff1cf4	BGC_ANALYSIS:ANTISMASH_ANALYSIS:ANTISMASH (Pantoea_anthophila_USMM080)	COMPLETED	0	2026-08-30 13:06:35.374	2026-08-30 13:06:35.471	2026-08-30 13:07:02.265	24.7s	2	6 GB	535.8 MB	7.8 GB	113.7%	0.9%	1006.5 MB	46.5 MB
791	3b/565e92	BGC_ANALYSIS:ANTISMASH_ANALYSIS:ANTISMASH (Pantoea_ananatis_USHLN279)	COMPLETED	0	2026-08-30 13:06:24.037	2026-08-30 13:06:24.134	2026-08-30 13:07:03.662	37.5s	2	6 GB	492.9 MB	7.8 GB	103.3%	0.8%	1.6 GB	63.4 MB
798	4f/af2d79	BGC_ANALYSIS:ANTISMASH_ANALYSIS:ANTISMASH (Pantoea_anthophila_USMM101)	COMPLETED	0	2026-08-30 13:06:39.025	2026-08-30 13:06:39.118	2026-08-30 13:07:07.233	26s	2	6 GB	530.7 MB	7.8 GB	110.7%	0.7%	1 GB	48.2 MB
809	c2/8d0cf0	BGC_ANALYSIS:ANTISMASH_ANALYSIS:ANTISMASH (Pantoea_dispersa_USHLN158)	COMPLETED	0	2026-08-30 13:06:43.079	2026-08-30 13:06:43.175	2026-08-30 13:07:15.676	30.5s	2	6 GB	497.8 MB	7.8 GB	104.2%	0.7%	1.2 GB	52.6 MB
811	ea/cabe1f	BGC_ANALYSIS:ANTISMASH_ANALYSIS:ANTISMASH (Pantoea_dispersa_USHLN160)	COMPLETED	0	2026-08-30 13:06:56.258	2026-08-30 13:06:56.354	2026-08-30 13:07:28.263	29.8s	2	6 GB	502.9 MB	7.8 GB	105.3%	0.8%	1.2 GB	53.1 MB
800	69/15ff51	BGC_ANALYSIS:ANTISMASH_ANALYSIS:ANTISMASH (Pantoea_brenneri_3.5.2)	COMPLETED	0	2026-08-30 13:07:03.665	2026-08-30 13:07:03.762	2026-08-30 13:07:28.517	22.8s	2	6 GB	721.1 MB	7.8 GB	109.6%	1.2%	955 MB	57.1 MB
799	2b/c29a2a	BGC_ANALYSIS:ANTISMASH_ANALYSIS:ANTISMASH (Pantoea_brenneri_3.1)	COMPLETED	0	2026-08-30 13:07:01.872	2026-08-30 13:07:01.968	2026-08-30 13:07:29.173	25.3s	2	6 GB	746.9 MB	7.8 GB	107.6%	1.3%	1.1 GB	66.9 MB
813	57/ac6fe4	BGC_ANALYSIS:ANTISMASH_ANALYSIS:ANTISMASH (Pantoea_dispersa_USHLN164)	COMPLETED	0	2026-08-30 13:06:59.212	2026-08-30 13:06:59.308	2026-08-30 13:07:30.565	29.4s	2	6 GB	509.6 MB	7.8 GB	104.9%	0.8%	1.2 GB	52.6 MB
790	2d/843fad	BGC_ANALYSIS:ANTISMASH_ANALYSIS:ANTISMASH (Pantoea_ananatis_USHLN198)	COMPLETED	0	2026-08-30 13:06:14.379	2026-08-30 13:06:14.394	2026-08-30 13:07:30.629	1m 14s	2	6 GB	4.7 GB	7.8 GB	124.4%	4.9%	22.9 GB	53 MB
802	b0/a2b67c	BGC_ANALYSIS:ANTISMASH_ANALYSIS:ANTISMASH (Pantoea_brenneri_IF5SWP_1)	COMPLETED	0	2026-08-30 13:07:02.268	2026-08-30 13:07:02.365	2026-08-30 13:07:37.804	33.5s	2	6 GB	672.8 MB	7.7 GB	94.8%	1.2%	1.5 GB	71.6 MB
801	81/eef781	BGC_ANALYSIS:ANTISMASH_ANALYSIS:ANTISMASH (Pantoea_brenneri_3.6.1)	COMPLETED	0	2026-08-30 13:07:15.680	2026-08-30 13:07:15.776	2026-08-30 13:07:42.669	24.8s	2	6 GB	691.6 MB	7.7 GB	107.2%	1.3%	1.1 GB	66.9 MB
803	c6/270582	BGC_ANALYSIS:ANTISMASH_ANALYSIS:ANTISMASH (Pantoea_brenneri_IIF5SWP_2)	COMPLETED	0	2026-08-30 13:07:07.236	2026-08-30 13:07:07.333	2026-08-30 13:07:43.286	33.8s	2	6 GB	717.1 MB	7.8 GB	92.8%	1.3%	1.4 GB	71 MB
805	b7/5cbc43	BGC_ANALYSIS:ANTISMASH_ANALYSIS:ANTISMASH (Pantoea_dispersa_MLY101)	COMPLETED	0	2026-08-30 13:07:28.267	2026-08-30 13:07:28.363	2026-08-30 13:07:50.481	20.2s	2	6 GB	775.8 MB	7.8 GB	130.9%	1.3%	822.8 MB	58.8 MB
807	b6/dc306c	BGC_ANALYSIS:ANTISMASH_ANALYSIS:ANTISMASH (Pantoea_dispersa_SOL2_3)	COMPLETED	0	2026-08-30 13:07:29.176	2026-08-30 13:07:29.273	2026-08-30 13:07:56.722	25.4s	2	6 GB	730.9 MB	7.8 GB	107.2%	1.2%	1 GB	64.2 MB
806	ee/b83639	BGC_ANALYSIS:ANTISMASH_ANALYSIS:ANTISMASH (Pantoea_dispersa_SOL1_9)	COMPLETED	0	2026-08-30 13:07:30.632	2026-08-30 13:07:30.734	2026-08-30 13:08:01.444	28.8s	2	6 GB	712.1 MB	7.8 GB	94.4%	1.3%	1.1 GB	66.7 MB
810	a7/4ed25c	BGC_ANALYSIS:ANTISMASH_ANALYSIS:ANTISMASH (Pantoea_dispersa_USHLN159)	COMPLETED	0	2026-08-30 13:07:30.569	2026-08-30 13:07:30.629	2026-08-30 13:08:03.122	30.6s	2	6 GB	501.7 MB	7.8 GB	104.1%	0.7%	1.2 GB	53.6 MB
808	37/ed63a5	BGC_ANALYSIS:ANTISMASH_ANALYSIS:ANTISMASH (Pantoea_dispersa_SOL3_3)	COMPLETED	0	2026-08-30 13:07:37.808	2026-08-30 13:07:37.905	2026-08-30 13:08:09.623	29.6s	2	6 GB	728.1 MB	7.8 GB	97.7%	1.3%	1.2 GB	68.3 MB
812	49/13e279	BGC_ANALYSIS:ANTISMASH_ANALYSIS:ANTISMASH (Pantoea_dispersa_USHLN162)	COMPLETED	0	2026-08-30 13:07:42.672	2026-08-30 13:07:42.769	2026-08-30 13:08:14.446	29.6s	2	6 GB	507.7 MB	7.8 GB	106.3%	0.7%	1.1 GB	51.6 MB
814	9b/1695f1	BGC_ANALYSIS:ANTISMASH_ANALYSIS:ANTISMASH (Pantoea_dispersa_USHLN199)	COMPLETED	0	2026-08-30 13:07:43.290	2026-08-30 13:07:43.386	2026-08-30 13:08:15.951	30.5s	2	6 GB	503.5 MB	7.8 GB	105.3%	0.9%	1.2 GB	53.1 MB
815	b3/ce7c35	BGC_ANALYSIS:ANTISMASH_ANALYSIS:ANTISMASH (Pantoea_dispersa_USHLN200)	COMPLETED	0	2026-08-30 13:07:50.485	2026-08-30 13:07:50.581	2026-08-30 13:08:22.180	29.6s	2	6 GB	502.9 MB	7.8 GB	104.7%	0.7%	1.1 GB	52.1 MB
804	1d/bc88aa	BGC_ANALYSIS:ANTISMASH_ANALYSIS:ANTISMASH (Pantoea_dispersa_IIIF4SWP_1)	COMPLETED	0	2026-08-30 13:07:28.520	2026-08-30 13:07:28.617	2026-08-30 13:08:26.433	55.9s	2	6 GB	727.3 MB	7.8 GB	95.3%	1.3%	2.8 GB	104.9 MB
819	78/96d964	BGC_ANALYSIS:ANTISMASH_ANALYSIS:ANTISMASH (Pantoea_endophytica_USHLN32)	COMPLETED	0	2026-08-30 13:08:15.955	2026-08-30 13:08:16.051	2026-08-30 13:08:48.551	30.5s	2	6 GB	542.8 MB	7.8 GB	111.4%	0.9%	1.1 GB	54.1 MB
822	d5/a44e11	BGC_ANALYSIS:ANTISMASH_ANALYSIS:ANTISMASH (Pantoea_eucrina_AS126)	COMPLETED	0	2026-08-30 13:08:26.437	2026-08-30 13:08:26.534	2026-08-30 13:08:51.045	22.5s	2	6 GB	519.5 MB	7.8 GB	114.2%	0.7%	958.4 MB	41.2 MB
817	76/a7e77c	BGC_ANALYSIS:ANTISMASH_ANALYSIS:ANTISMASH (Pantoea_dispersa_VD30)	COMPLETED	0	2026-08-30 13:08:09.626	2026-08-30 13:08:09.723	2026-08-30 13:08:54.452	42.7s	2	6 GB	501.2 MB	7.7 GB	104.3%	0.8%	1.9 GB	70.8 MB
816	99/cc2fea	BGC_ANALYSIS:ANTISMASH_ANALYSIS:ANTISMASH (Pantoea_dispersa_VD24)	COMPLETED	0	2026-08-30 13:08:03.126	2026-08-30 13:08:03.223	2026-08-30 13:08:56.264	51s	2	6 GB	487.3 MB	7.7 GB	103.9%	0.7%	2.4 GB	82.6 MB
818	5a/ce574e	BGC_ANALYSIS:ANTISMASH_ANALYSIS:ANTISMASH (Pantoea_dispersa_VD33)	COMPLETED	0	2026-08-30 13:07:56.725	2026-08-30 13:07:56.823	2026-08-30 13:08:57.881	59.1s	2	6 GB	498.9 MB	7.7 GB	104.9%	0.9%	2.8 GB	94 MB
832	02/ab65f2	BGC_ANALYSIS:ANTISMASH_ANALYSIS:ANTISMASH (Pantoea_sp._USHLN256)	COMPLETED	0	2026-08-30 13:08:22.184	2026-08-30 13:08:22.281	2026-08-30 13:09:01.401	37.1s	2	6 GB	507.5 MB	7.8 GB	105.0%	0.8%	1.4 GB	59.9 MB
821	10/57a641	BGC_ANALYSIS:ANTISMASH_ANALYSIS:ANTISMASH (Pantoea_eucrina_AS031)	COMPLETED	0	2026-08-30 13:08:51.049	2026-08-30 13:08:51.145	2026-08-30 13:09:17.348	24.2s	2	6 GB	521.6 MB	7.8 GB	109.0%	0.7%	1015.5 MB	43.2 MB
820	e8/7330f1	BGC_ANALYSIS:ANTISMASH_ANALYSIS:ANTISMASH (Pantoea_eucalypti_HN019)	COMPLETED	0	2026-08-30 13:08:54.455	2026-08-30 13:08:54.552	2026-08-30 13:09:21.011	24.4s	2	6 GB	538.9 MB	7.8 GB	115.1%	0.7%	982.3 MB	46.9 MB
823	08/eebfb6	BGC_ANALYSIS:ANTISMASH_ANALYSIS:ANTISMASH (Pantoea_nemavictus_BIGb0393_2)	COMPLETED	0	2026-08-30 13:08:57.884	2026-08-30 13:08:57.981	2026-08-30 13:09:21.846	21.9s	2	6 GB	838.6 MB	7.8 GB	127.9%	1.4%	873.6 MB	62.8 MB
831	ee/726972	BGC_ANALYSIS:ANTISMASH_ANALYSIS:ANTISMASH (Pantoea_sp._RSPAM1)	COMPLETED	0	2026-08-30 13:09:01.404	2026-08-30 13:09:01.500	2026-08-30 13:09:23.645	20.1s	2	6 GB	839.2 MB	7.8 GB	133.9%	1.4%	840.3 MB	58 MB
826	7b/5a4c09	BGC_ANALYSIS:ANTISMASH_ANALYSIS:ANTISMASH (Pantoea_piersonii_IIIF7SWP_2)	COMPLETED	0	2026-08-30 13:08:01.448	2026-08-30 13:08:01.544	2026-08-30 13:09:26.973	1m 23s	2	6 GB	737.6 MB	7.8 GB	99.0%	1.3%	4.5 GB	147.6 MB
830	bf/7976f6	BGC_ANALYSIS:ANTISMASH_ANALYSIS:ANTISMASH (Pantoea_sp._MBD-2R_MBD-2R)	COMPLETED	0	2026-08-30 13:09:17.352	2026-08-30 13:09:17.448	2026-08-30 13:09:37.833	18.3s	2	6 GB	624.7 MB	7.4 GB	144.3%	1.1%	757.7 MB	35.1 MB
827	43/7a7145	BGC_ANALYSIS:ANTISMASH_ANALYSIS:ANTISMASH (Pantoea_piersonii_IIIF8SWP_1)	COMPLETED	0	2026-08-30 13:08:14.449	2026-08-30 13:08:14.546	2026-08-30 13:09:38.066	1m 22s	2	6 GB	707 MB	7.8 GB	98.8%	1.3%	4.4 GB	142.4 MB
833	9f/7b233e	BGC_ANALYSIS:ANTISMASH_ANALYSIS:ANTISMASH (Pantoea_sp._USHLN298)	COMPLETED	0	2026-08-30 13:09:21.850	2026-08-30 13:09:21.946	2026-08-30 13:09:51.663	27.8s	2	6 GB	506.5 MB	7.8 GB	107.1%	0.7%	1 GB	48.1 MB
828	ca/fec7a9	BGC_ANALYSIS:ANTISMASH_ANALYSIS:ANTISMASH (Pantoea_sp._AS142)	COMPLETED	0	2026-08-30 13:09:21.014	2026-08-30 13:09:21.112	2026-08-30 13:09:53.791	30.8s	2	6 GB	501.9 MB	7.8 GB	106.0%	0.7%	1.2 GB	52.8 MB
829	ec/b0d405	BGC_ANALYSIS:ANTISMASH_ANALYSIS:ANTISMASH (Pantoea_sp._Haah2121)	COMPLETED	0	2026-08-30 13:09:23.648	2026-08-30 13:09:23.746	2026-08-30 13:09:58.409	32.7s	2	6 GB	692.8 MB	7.8 GB	95.5%	1.2%	1.3 GB	70.8 MB
825	f5/ce821c	BGC_ANALYSIS:ANTISMASH_ANALYSIS:ANTISMASH (Pantoea_piersonii_IIIF5SWP_1)	COMPLETED	0	2026-08-30 13:08:56.268	2026-08-30 13:08:56.364	2026-08-30 13:10:03.339	1m 5s	2	6 GB	728.7 MB	7.8 GB	96.9%	1.3%	3.3 GB	118.9 MB
836	e4/38035e	BGC_ANALYSIS:ANTISMASH_ANALYSIS:ANTISMASH (Pantoea_vagans_USHLN165)	COMPLETED	0	2026-08-30 13:09:37.837	2026-08-30 13:09:37.934	2026-08-30 13:10:10.641	30.8s	2	6 GB	506 MB	7.8 GB	106.8%	0.7%	1.2 GB	54.3 MB
850	fb/6b9be7	BGC_ANALYSIS:ANTISMASH_ANALYSIS:ANTISMASH (Pantoea_agglomerans_33.1)	COMPLETED	0	2026-08-30 13:09:51.668	2026-08-30 13:09:51.764	2026-08-30 13:10:14.270	20.6s	2	6 GB	804.1 MB	7.8 GB	130.6%	1.4%	879 MB	58.5 MB
834	20/52e1f9	BGC_ANALYSIS:ANTISMASH_ANALYSIS:ANTISMASH (Pantoea_sp._USMM078)	COMPLETED	0	2026-08-30 13:09:26.977	2026-08-30 13:09:27.073	2026-08-30 13:10:16.787	47.6s	2	6 GB	522.2 MB	7.7 GB	103.4%	1.0%	2 GB	77.2 MB
835	66/08113f	BGC_ANALYSIS:ANTISMASH_ANALYSIS:ANTISMASH (Pantoea_sp._USMM079)	COMPLETED	0	2026-08-30 13:09:38.069	2026-08-30 13:09:38.165	2026-08-30 13:10:27.353	47.2s	2	6 GB	518.1 MB	7.8 GB	104.9%	1.0%	2 GB	77.2 MB
824	c7/f159af	BGC_ANALYSIS:ANTISMASH_ANALYSIS:ANTISMASH (Pantoea_piersonii_IIIF1SWP_1)	COMPLETED	0	2026-08-30 13:08:48.554	2026-08-30 13:08:48.650	2026-08-30 13:10:27.353	1m 37s	2	6 GB	718.3 MB	7.8 GB	99.5%	1.2%	5.3 GB	168.9 MB
845	63/c4e492	BGC_ANALYSIS:ANTISMASH_ANALYSIS:ANTISMASH (Erwinia_phyllosphaerae_CMYE1)	COMPLETED	0	2026-08-30 13:09:58.412	2026-08-30 13:09:58.509	2026-08-30 13:10:33.908	33.4s	2	6 GB	704.1 MB	7.8 GB	97.8%	1.2%	1.3 GB	67.7 MB
847	53/a8582e	BGC_ANALYSIS:ANTISMASH_ANALYSIS:ANTISMASH (Erwinia_rhapontici_MAFF_311154)	COMPLETED	0	2026-08-30 13:10:10.645	2026-08-30 13:10:10.742	2026-08-30 13:10:34.175	21.4s	2	6 GB	875.3 MB	7.9 GB	136.1%	1.4%	885.3 MB	60.9 MB
840	df/27c6e3	BGC_ANALYSIS:ANTISMASH_ANALYSIS:ANTISMASH (Erwinia_amylovora_MLI181-18)	COMPLETED	0	2026-08-30 13:10:03.343	2026-08-30 13:10:03.439	2026-08-30 13:10:40.944	35.4s	2	6 GB	629 MB	7.7 GB	96.2%	1.0%	1.6 GB	66.7 MB
837	dd/c84dff	BGC_ANALYSIS:ANTISMASH_ANALYSIS:ANTISMASH (Buchnera_aphidicola_Tabriz.4)	COMPLETED	0	2026-08-30 13:09:53.795	2026-08-30 13:09:53.894	2026-08-30 13:10:42.512	46.8s	2	6 GB	198.9 MB	2.7 GB	103.9%	0.3%	2.9 GB	71.2 MB
844	51/e7eabd	BGC_ANALYSIS:ANTISMASH_ANALYSIS:ANTISMASH (Erwinia_persicina_Cp2)	COMPLETED	0	2026-08-30 13:10:27.360	2026-08-30 13:10:27.454	2026-08-30 13:10:50.053	20.6s	2	6 GB	848.1 MB	7.8 GB	131.7%	1.3%	811.9 MB	56.3 MB
852	58/cb3923	BGC_ANALYSIS:ANTISMASH_ANALYSIS:ANTISMASH (Pantoea_agglomerans_KNU001)	COMPLETED	0	2026-08-30 13:10:16.790	2026-08-30 13:10:16.886	2026-08-30 13:10:51.215	32.3s	2	6 GB	690.7 MB	7.7 GB	95.9%	1.3%	1.4 GB	70.6 MB
842	1c/2a8c65	BGC_ANALYSIS:ANTISMASH_ANALYSIS:ANTISMASH (Erwinia_amylovora_MLI217-18)	COMPLETED	0	2026-08-30 13:10:14.273	2026-08-30 13:10:14.370	2026-08-30 13:10:53.547	37.2s	2	6 GB	625.4 MB	7.7 GB	94.9%	1.0%	1.6 GB	68.6 MB
851	d5/dba8f1	BGC_ANALYSIS:ANTISMASH_ANALYSIS:ANTISMASH (Pantoea_agglomerans_FDAARGOS_1447)	COMPLETED	0	2026-08-30 13:10:33.911	2026-08-30 13:10:34.008	2026-08-30 13:10:55.937	19.9s	2	6 GB	784.7 MB	7.8 GB	129.2%	1.4%	811.7 MB	55.1 MB
853	76/5c8608	BGC_ANALYSIS:ANTISMASH_ANALYSIS:ANTISMASH (Pantoea_agglomerans_OVA06A)	COMPLETED	0	2026-08-30 13:10:27.356	2026-08-30 13:10:27.454	2026-08-30 13:11:00.205	30.7s	2	6 GB	528.5 MB	7.8 GB	105.7%	0.7%	1.2 GB	53.8 MB
838	f3/cf3b69	BGC_ANALYSIS:ANTISMASH_ANALYSIS:ANTISMASH (Candidatus_Pantoea_bituminis_EnvD)	COMPLETED	0	2026-08-30 13:10:34.179	2026-08-30 13:10:34.275	2026-08-30 13:11:00.738	24.5s	2	6 GB	624.5 MB	7.8 GB	122.0%	1.0%	892.1 MB	48 MB
849	12/704e1f	BGC_ANALYSIS:ANTISMASH_ANALYSIS:ANTISMASH (Erwinia_sp._E602)	COMPLETED	0	2026-08-30 13:10:40.947	2026-08-30 13:10:41.043	2026-08-30 13:11:03.632	20.5s	2	6 GB	879 MB	7.9 GB	130.2%	1.4%	848.8 MB	59.6 MB
839	02/7ebf52	BGC_ANALYSIS:ANTISMASH_ANALYSIS:ANTISMASH (Candidatus_Pantoea_haifensis_EnvH)	COMPLETED	0	2026-08-30 13:10:42.515	2026-08-30 13:10:42.613	2026-08-30 13:11:07.666	23s	2	6 GB	581.6 MB	7.8 GB	120.9%	1.0%	897.7 MB	43.5 MB
848	fa/8df0f8	BGC_ANALYSIS:ANTISMASH_ANALYSIS:ANTISMASH (Erwinia_rhapontici_MAFF_311155)	COMPLETED	0	2026-08-30 13:10:50.062	2026-08-30 13:10:50.153	2026-08-30 13:11:14.583	22.4s	2	6 GB	889.5 MB	7.9 GB	133.2%	1.4%	869.6 MB	61.3 MB
846	ef/18824d	BGC_ANALYSIS:ANTISMASH_ANALYSIS:ANTISMASH (Erwinia_rhapontici_MAFF_311153)	COMPLETED	0	2026-08-30 13:10:53.551	2026-08-30 13:10:53.647	2026-08-30 13:11:16.707	21s	2	6 GB	846.8 MB	7.9 GB	136.6%	1.4%	869.5 MB	58.7 MB
854	ce/e8822b	BGC_ANALYSIS:ANTISMASH_ANALYSIS:ANTISMASH (Pantoea_alfalfae_CQ10)	COMPLETED	0	2026-08-30 13:11:00.741	2026-08-30 13:11:00.838	2026-08-30 13:11:25.021	22.2s	2	6 GB	764.3 MB	7.8 GB	123.1%	1.3%	942 MB	58.7 MB
841	0e/6c6799	BGC_ANALYSIS:ANTISMASH_ANALYSIS:ANTISMASH (Erwinia_amylovora_MLI200-18)	COMPLETED	0	2026-08-30 13:10:51.221	2026-08-30 13:10:51.315	2026-08-30 13:11:31.909	38.6s	2	6 GB	616.1 MB	7.7 GB	94.9%	1.0%	1.7 GB	70.6 MB
843	65/2f216e	BGC_ANALYSIS:ANTISMASH_ANALYSIS:ANTISMASH (Erwinia_amylovora_MLI90-17)	COMPLETED	0	2026-08-30 13:10:55.940	2026-08-30 13:10:56.036	2026-08-30 13:11:34.828	36.6s	2	6 GB	621 MB	7.7 GB	94.4%	1.0%	1.6 GB	68.1 MB
855	93/0e10b7	BGC_ANALYSIS:ANTISMASH_ANALYSIS:ANTISMASH (Pantoea_allii_BD_381)	COMPLETED	0	2026-08-30 13:11:00.208	2026-08-30 13:11:00.305	2026-08-30 13:12:57.183	1m 55s	2	6 GB	4.7 GB	7.7 GB	106.7%	8.1%	11.7 GB	77.8 MB
856	0e/5f1f8e	BGC_ANALYSIS:ANTISMASH_ANALYSIS:ANTISMASH (Pantoea_allii_BD_382)	COMPLETED	0	2026-08-30 13:11:03.637	2026-08-30 13:11:03.732	2026-08-30 13:12:58.955	1m 53s	2	6 GB	4.8 GB	8.1 GB	106.2%	8.2%	11.6 GB	76.8 MB
858	f2/8a916c	BGC_ANALYSIS:ANTISMASH_ANALYSIS:ANTISMASH (Pantoea_allii_BD_386)	COMPLETED	0	2026-08-30 13:11:14.588	2026-08-30 13:11:14.683	2026-08-30 13:13:07.685	1m 51s	2	6 GB	4.7 GB	7.8 GB	106.6%	8.2%	11.5 GB	74.2 MB
870	17/8140ba	BGC_ANALYSIS:ANTISMASH_ANALYSIS:ANTISMASH (Pantoea_ananatis_PNA_18_3S)	COMPLETED	0	2026-08-30 13:11:31.913	2026-08-30 13:11:32.009	2026-08-30 13:13:08.707	1m 35s	2	6 GB	4.6 GB	7.8 GB	113.3%	4.6%	10.3 GB	52.8 MB
857	3a/cdf3ef	BGC_ANALYSIS:ANTISMASH_ANALYSIS:ANTISMASH (Pantoea_allii_BD_383)	COMPLETED	0	2026-08-30 13:11:07.669	2026-08-30 13:11:07.765	2026-08-30 13:13:10.557	2m 1s	2	6 GB	4.7 GB	7.7 GB	106.1%	8.2%	11.6 GB	76.3 MB
861	28/f3fea2	BGC_ANALYSIS:ANTISMASH_ANALYSIS:ANTISMASH (Pantoea_allii_BD_389)	COMPLETED	0	2026-08-30 13:11:34.832	2026-08-30 13:11:34.928	2026-08-30 13:13:10.946	1m 34s	2	6 GB	4.7 GB	7.8 GB	107.9%	6.5%	11.7 GB	77.8 MB
859	99/7c31b9	BGC_ANALYSIS:ANTISMASH_ANALYSIS:ANTISMASH (Pantoea_allii_BD_387)	COMPLETED	0	2026-08-30 13:11:16.711	2026-08-30 13:11:16.807	2026-08-30 13:13:11.232	1m 52s	2	6 GB	4.8 GB	8 GB	106.2%	5.6%	11.6 GB	75.7 MB
860	91/c3da9f	BGC_ANALYSIS:ANTISMASH_ANALYSIS:ANTISMASH (Pantoea_allii_BD_388)	COMPLETED	0	2026-08-30 13:11:25.024	2026-08-30 13:11:25.120	2026-08-30 13:13:15.824	1m 49s	2	6 GB	4.8 GB	7.8 GB	106.7%	8.1%	11.6 GB	76.2 MB
873	c9/20ff2b	BGC_ANALYSIS:ANTISMASH_ANALYSIS:ANTISMASH (Pantoea_ananatis_PNA_18_6S)	COMPLETED	0	2026-08-30 13:12:57.398	2026-08-30 13:12:57.482	2026-08-30 13:13:40.935	40.6s	2	6 GB	513 MB	7.8 GB	104.1%	0.7%	1.4 GB	59.8 MB
863	f9/0413b6	BGC_ANALYSIS:ANTISMASH_ANALYSIS:ANTISMASH (Pantoea_ananatis_PNA_14_2)	COMPLETED	0	2026-08-30 13:13:10.568	2026-08-30 13:13:10.657	2026-08-30 13:13:52.496	39.5s	2	6 GB	506.3 MB	7.8 GB	103.7%	0.8%	1.4 GB	58.8 MB
868	60/5c8e62	BGC_ANALYSIS:ANTISMASH_ANALYSIS:ANTISMASH (Pantoea_ananatis_PNA_18_10S)	COMPLETED	0	2026-08-30 13:13:15.841	2026-08-30 13:13:15.924	2026-08-30 13:13:55.181	36.5s	2	6 GB	509.3 MB	7.8 GB	103.4%	0.9%	1.3 GB	56.8 MB
862	cb/bf0c8d	BGC_ANALYSIS:ANTISMASH_ANALYSIS:ANTISMASH (Pantoea_ananatis_PNA_13_1)	COMPLETED	0	2026-08-30 13:12:58.967	2026-08-30 13:12:59.055	2026-08-30 13:14:05.266	1m 4s	2	6 GB	4.6 GB	7.8 GB	114.2%	5.1%	9 GB	52.5 MB
869	09/07461d	BGC_ANALYSIS:ANTISMASH_ANALYSIS:ANTISMASH (Pantoea_ananatis_PNA_18_2)	COMPLETED	0	2026-08-30 13:13:10.959	2026-08-30 13:13:11.046	2026-08-30 13:14:12.313	58.9s	2	6 GB	4.6 GB	7.9 GB	122.6%	4.5%	10.2 GB	51.1 MB
866	85/50f1df	BGC_ANALYSIS:ANTISMASH_ANALYSIS:ANTISMASH (Pantoea_ananatis_PNA_18_1)	COMPLETED	0	2026-08-30 13:13:11.280	2026-08-30 13:13:11.333	2026-08-30 13:14:12.449	58.7s	2	6 GB	4.6 GB	7.9 GB	121.9%	3.4%	10.2 GB	51.6 MB
877	dd/620121	BGC_ANALYSIS:ANTISMASH_ANALYSIS:ANTISMASH (Pantoea_ananatis_PNA_200_10)	COMPLETED	0	2026-08-30 13:13:07.701	2026-08-30 13:13:07.785	2026-08-30 13:14:12.532	1m 2s	2	6 GB	4.7 GB	7.8 GB	115.8%	7.6%	10.2 GB	52.9 MB
864	cd/84e768	BGC_ANALYSIS:ANTISMASH_ANALYSIS:ANTISMASH (Pantoea_ananatis_PNA_15_1)	COMPLETED	0	2026-08-30 13:13:08.723	2026-08-30 13:13:08.807	2026-08-30 13:14:14.224	1m 3s	2	6 GB	4.6 GB	7.8 GB	113.4%	5.5%	10.2 GB	53 MB
865	a2/2dbdb6	BGC_ANALYSIS:ANTISMASH_ANALYSIS:ANTISMASH (Pantoea_ananatis_PNA_15_3)	COMPLETED	0	2026-08-30 13:13:55.193	2026-08-30 13:13:55.281	2026-08-30 13:14:26.618	29.2s	2	6 GB	559.2 MB	7.9 GB	112.3%	0.8%	1.1 GB	51.6 MB
867	9e/ad6928	BGC_ANALYSIS:ANTISMASH_ANALYSIS:ANTISMASH (Pantoea_ananatis_PNA_18_10)	COMPLETED	0	2026-08-30 13:13:52.517	2026-08-30 13:13:52.596	2026-08-30 13:14:32.273	37.5s	2	6 GB	498.4 MB	7.7 GB	101.8%	0.7%	1.4 GB	60.6 MB
871	1a/4a7986	BGC_ANALYSIS:ANTISMASH_ANALYSIS:ANTISMASH (Pantoea_ananatis_PNA_18_5)	COMPLETED	0	2026-08-30 13:13:40.948	2026-08-30 13:13:41.036	2026-08-30 13:14:41.814	58.8s	2	6 GB	4.7 GB	7.9 GB	113.8%	7.9%	10.3 GB	52.6 MB
875	dc/abf3d6	BGC_ANALYSIS:ANTISMASH_ANALYSIS:ANTISMASH (Pantoea_ananatis_PNA_18_8S)	COMPLETED	0	2026-08-30 13:14:12.543	2026-08-30 13:14:12.632	2026-08-30 13:14:48.701	34s	2	6 GB	518.2 MB	7.8 GB	103.4%	0.7%	1.3 GB	56.4 MB
880	2f/0295bb	BGC_ANALYSIS:ANTISMASH_ANALYSIS:ANTISMASH (Pantoea_ananatis_PNA_200_3)	COMPLETED	0	2026-08-30 13:14:32.282	2026-08-30 13:14:32.372	2026-08-30 13:15:04.914	30.5s	2	6 GB	546.1 MB	7.8 GB	109.0%	0.8%	1.3 GB	56.4 MB
874	b5/622d5b	BGC_ANALYSIS:ANTISMASH_ANALYSIS:ANTISMASH (Pantoea_ananatis_PNA_18_7S)	COMPLETED	0	2026-08-30 13:14:12.321	2026-08-30 13:14:12.413	2026-08-30 13:15:10.668	56.2s	2	6 GB	4.6 GB	7.8 GB	115.4%	2.9%	10.2 GB	52.1 MB
878	87/da3a85	BGC_ANALYSIS:ANTISMASH_ANALYSIS:ANTISMASH (Pantoea_ananatis_PNA_200_11)	COMPLETED	0	2026-08-30 13:14:14.232	2026-08-30 13:14:14.324	2026-08-30 13:15:13.032	56.6s	2	6 GB	4.6 GB	7.8 GB	115.2%	3.6%	10.3 GB	53.6 MB
882	73/b8ccab	BGC_ANALYSIS:ANTISMASH_ANALYSIS:ANTISMASH (Pantoea_ananatis_PNA_200_8)	COMPLETED	0	2026-08-30 13:14:48.711	2026-08-30 13:14:48.801	2026-08-30 13:15:21.508	30.6s	2	6 GB	545.2 MB	7.8 GB	109.6%	0.9%	1.3 GB	56.4 MB
879	bf/a337b3	BGC_ANALYSIS:ANTISMASH_ANALYSIS:ANTISMASH (Pantoea_ananatis_PNA_200_12)	COMPLETED	0	2026-08-30 13:14:26.629	2026-08-30 13:14:26.718	2026-08-30 13:15:25.423	56.6s	2	6 GB	4.6 GB	7.8 GB	114.4%	2.9%	10.3 GB	54.2 MB
881	4f/662c15	BGC_ANALYSIS:ANTISMASH_ANALYSIS:ANTISMASH (Pantoea_ananatis_PNA_200_7)	COMPLETED	0	2026-08-30 13:14:41.823	2026-08-30 13:14:41.914	2026-08-30 13:15:41.341	57.5s	2	6 GB	4.7 GB	7.8 GB	113.9%	6.5%	10.8 GB	53.6 MB
876	08/89dc91	BGC_ANALYSIS:ANTISMASH_ANALYSIS:ANTISMASH (Pantoea_ananatis_PNA_18_9S)	COMPLETED	0	2026-08-30 13:14:12.460	2026-08-30 13:14:12.533	2026-08-30 13:15:59.220	1m 45s	2	6 GB	4.6 GB	7.7 GB	111.1%	3.1%	9.8 GB	128 MB
885	0f/b96b8e	BGC_ANALYSIS:ANTISMASH_ANALYSIS:ANTISMASH (Pantoea_ananatis_PNA_97_3)	COMPLETED	0	2026-08-30 13:15:04.918	2026-08-30 13:15:05.013	2026-08-30 13:16:04.881	57.9s	2	6 GB	4.7 GB	7.9 GB	113.0%	7.2%	10.8 GB	54.1 MB
884	58/ce0edf	BGC_ANALYSIS:ANTISMASH_ANALYSIS:ANTISMASH (Pantoea_ananatis_PNA_97_11)	COMPLETED	0	2026-08-30 13:15:10.672	2026-08-30 13:15:10.768	2026-08-30 13:16:09.743	57s	2	6 GB	3.2 GB	7.8 GB	113.1%	5.5%	10.4 GB	56.6 MB
883	06/7665d8	BGC_ANALYSIS:ANTISMASH_ANALYSIS:ANTISMASH (Pantoea_ananatis_PNA_92_7)	COMPLETED	0	2026-08-30 13:15:13.038	2026-08-30 13:15:13.133	2026-08-30 13:16:10.573	55.4s	2	6 GB	4.7 GB	7.8 GB	114.2%	4.7%	10.3 GB	53 MB
872	a7/5ace4a	BGC_ANALYSIS:ANTISMASH_ANALYSIS:ANTISMASH (Pantoea_ananatis_PNA_18_5S)	COMPLETED	0	2026-08-30 13:14:05.277	2026-08-30 13:14:05.366	2026-08-30 13:16:23.096	2m 16s	2	6 GB	4.7 GB	7.9 GB	109.2%	6.2%	14.2 GB	162.3 MB
886	e0/59ab26	BGC_ANALYSIS:ANTISMASH_ANALYSIS:ANTISMASH (Pantoea_ananatis_PNA_98_2)	COMPLETED	0	2026-08-30 13:15:21.513	2026-08-30 13:15:21.609	2026-08-30 13:16:32.218	1m 9s	2	6 GB	4.6 GB	7.8 GB	122.2%	4.6%	18.7 GB	56.7 MB
888	07/4d8874	BGC_ANALYSIS:ANTISMASH_ANALYSIS:ANTISMASH (Pantoea_ananatis_PNA_98_7)	COMPLETED	0	2026-08-30 13:15:41.346	2026-08-30 13:15:41.442	2026-08-30 13:16:41.322	57.8s	2	6 GB	4.7 GB	7.9 GB	114.2%	7.0%	10.4 GB	57.4 MB
887	9d/0160d1	BGC_ANALYSIS:ANTISMASH_ANALYSIS:ANTISMASH (Pantoea_ananatis_PNA_98_3)	COMPLETED	0	2026-08-30 13:15:25.428	2026-08-30 13:15:25.523	2026-08-30 13:16:49.594	1m 22s	2	6 GB	502.8 MB	7.8 GB	108.0%	0.7%	4.2 GB	128.8 MB
889	33/9e246b	BGC_ANALYSIS:ANTISMASH_ANALYSIS:ANTISMASH (Pantoea_ananatis_PNA_98_8)	COMPLETED	0	2026-08-30 13:15:59.232	2026-08-30 13:15:59.321	2026-08-30 13:16:57.953	56.6s	2	6 GB	3.2 GB	7.8 GB	114.8%	3.9%	10.8 GB	54.9 MB
891	22/7eeaee	BGC_ANALYSIS:ANTISMASH_ANALYSIS:ANTISMASH (Pantoea_ananatis_PNA_99_14)	COMPLETED	0	2026-08-30 13:16:04.885	2026-08-30 13:16:04.982	2026-08-30 13:17:03.955	57s	2	6 GB	4.6 GB	7.8 GB	113.5%	5.2%	10.8 GB	53.8 MB
892	c7/ae46ff	BGC_ANALYSIS:ANTISMASH_ANALYSIS:ANTISMASH (Pantoea_ananatis_PNA_99_2)	COMPLETED	0	2026-08-30 13:16:10.577	2026-08-30 13:16:10.673	2026-08-30 13:17:07.418	54.7s	2	6 GB	3.3 GB	7.8 GB	115.0%	4.8%	10.3 GB	54.5 MB
903	2a/c336b5	BGC_ANALYSIS:ANTISMASH_ANALYSIS:ANTISMASH (Pantoea_dispersa_JGM112)	COMPLETED	0	2026-08-30 13:16:09.748	2026-08-30 13:16:09.843	2026-08-30 13:17:17.672	1m 6s	2	6 GB	681.4 MB	7.7 GB	97.6%	1.2%	3.3 GB	120.7 MB
907	0d/cee16c	BGC_ANALYSIS:ANTISMASH_ANALYSIS:ANTISMASH (Pantoea_jilinensis_D25)	COMPLETED	0	2026-08-30 13:16:57.959	2026-08-30 13:16:58.053	2026-08-30 13:17:19.855	19.9s	2	6 GB	777.8 MB	7.8 GB	131.1%	1.4%	804.1 MB	54.5 MB
894	b2/149323	BGC_ANALYSIS:ANTISMASH_ANALYSIS:ANTISMASH (Pantoea_ananatis_PNA_99_6)	COMPLETED	0	2026-08-30 13:16:23.105	2026-08-30 13:16:23.196	2026-08-30 13:17:24.714	59.5s	2	6 GB	4.7 GB	7.8 GB	114.5%	5.5%	10.5 GB	58.6 MB
890	1d/ae5290	BGC_ANALYSIS:ANTISMASH_ANALYSIS:ANTISMASH (Pantoea_ananatis_PNA_99_1)	COMPLETED	0	2026-08-30 13:16:32.222	2026-08-30 13:16:32.319	2026-08-30 13:17:31.812	57.4s	2	6 GB	4.6 GB	7.8 GB	112.1%	5.3%	10.3 GB	53.9 MB
895	c8/86f6b4	BGC_ANALYSIS:ANTISMASH_ANALYSIS:ANTISMASH (Pantoea_ananatis_PNA_99_7)	COMPLETED	0	2026-08-30 13:16:41.326	2026-08-30 13:16:41.422	2026-08-30 13:17:40.439	57s	2	6 GB	3.3 GB	7.8 GB	113.4%	5.1%	10.4 GB	56.8 MB
900	bc/6e550b	BGC_ANALYSIS:ANTISMASH_ANALYSIS:ANTISMASH (Pantoea_dispersa_GCA_018798925.1)	COMPLETED	0	2026-08-30 13:17:19.858	2026-08-30 13:17:19.955	2026-08-30 13:17:41.394	19.3s	2	6 GB	605.8 MB	7.5 GB	125.3%	0.8%	705.1 MB	30.5 MB
899	67/43deae	BGC_ANALYSIS:ANTISMASH_ANALYSIS:ANTISMASH (Pantoea_dispersa_AHKW2b)	COMPLETED	0	2026-08-30 13:17:17.677	2026-08-30 13:17:17.772	2026-08-30 13:17:42.033	22.1s	2	6 GB	818.4 MB	7.8 GB	121.6%	1.4%	932 MB	62.9 MB
898	1a/f46b2a	BGC_ANALYSIS:ANTISMASH_ANALYSIS:ANTISMASH (Pantoea_ananatis_TZ39)	COMPLETED	0	2026-08-30 13:17:24.718	2026-08-30 13:17:24.814	2026-08-30 13:17:46.617	19.6s	2	6 GB	818.5 MB	7.8 GB	125.3%	1.3%	830.5 MB	57 MB
893	1f/f2dd4c	BGC_ANALYSIS:ANTISMASH_ANALYSIS:ANTISMASH (Pantoea_ananatis_PNA_99_3)	COMPLETED	0	2026-08-30 13:16:49.597	2026-08-30 13:16:49.694	2026-08-30 13:18:00.470	1m 9s	2	6 GB	4.7 GB	7.8 GB	116.9%	3.8%	18.7 GB	56.5 MB
906	97/ebd7a7	BGC_ANALYSIS:ANTISMASH_ANALYSIS:ANTISMASH (Pantoea_eucrina_XL123)	COMPLETED	0	2026-08-30 13:17:41.397	2026-08-30 13:17:41.494	2026-08-30 13:18:00.502	17s	2	6 GB	721.8 MB	7.8 GB	120.3%	1.1%	706.6 MB	45.9 MB
901	70/932cda	BGC_ANALYSIS:ANTISMASH_ANALYSIS:ANTISMASH (Pantoea_dispersa_GCA_018798945.1)	COMPLETED	0	2026-08-30 13:17:40.443	2026-08-30 13:17:40.539	2026-08-30 13:18:02.272	19.7s	2	6 GB	609.4 MB	7.5 GB	126.5%	0.9%	707.2 MB	30.3 MB
896	67/c2c75c	BGC_ANALYSIS:ANTISMASH_ANALYSIS:ANTISMASH (Pantoea_ananatis_PNA_99_8)	COMPLETED	0	2026-08-30 13:17:03.961	2026-08-30 13:17:04.055	2026-08-30 13:18:02.665	56.6s	2	6 GB	4.7 GB	7.8 GB	113.5%	7.9%	10.4 GB	55.3 MB
897	73/27e0f8	BGC_ANALYSIS:ANTISMASH_ANALYSIS:ANTISMASH (Pantoea_ananatis_PNA_99_9)	COMPLETED	0	2026-08-30 13:17:07.423	2026-08-30 13:17:07.518	2026-08-30 13:18:08.434	58.7s	2	6 GB	4.6 GB	7.8 GB	111.7%	3.0%	10.8 GB	55.8 MB
904	37/3ed4a4	BGC_ANALYSIS:ANTISMASH_ANALYSIS:ANTISMASH (Pantoea_dispersa_Lsch)	COMPLETED	0	2026-08-30 13:17:46.621	2026-08-30 13:17:46.717	2026-08-30 13:18:09.714	21s	2	6 GB	768.7 MB	7.8 GB	126.6%	1.3%	845 MB	57.8 MB
902	07/d5d3be	BGC_ANALYSIS:ANTISMASH_ANALYSIS:ANTISMASH (Pantoea_dispersa_JGM106)	COMPLETED	0	2026-08-30 13:17:31.815	2026-08-30 13:17:31.912	2026-08-30 13:18:25.953	52s	2	6 GB	707.6 MB	7.8 GB	95.5%	1.2%	2.5 GB	98.2 MB
912	16/bdc12c	BGC_ANALYSIS:ANTISMASH_ANALYSIS:ANTISMASH (Pantoea_sp._B270)	COMPLETED	0	2026-08-30 13:18:02.669	2026-08-30 13:18:02.770	2026-08-30 13:18:26.616	21.7s	2	6 GB	749.5 MB	7.8 GB	121.3%	1.3%	903.4 MB	60.3 MB
913	6b/b7c82a	BGC_ANALYSIS:ANTISMASH_ANALYSIS:ANTISMASH (Pantoea_sp._DY-15)	COMPLETED	0	2026-08-30 13:18:08.438	2026-08-30 13:18:08.534	2026-08-30 13:18:38.686	28s	2	6 GB	755.5 MB	7.8 GB	103.5%	1.3%	1.1 GB	67.4 MB
905	65/9173a6	BGC_ANALYSIS:ANTISMASH_ANALYSIS:ANTISMASH (Pantoea_dispersa_MAG-3F-S4P)	COMPLETED	0	2026-08-30 13:17:42.037	2026-08-30 13:17:42.133	2026-08-30 13:18:38.780	54.5s	2	6 GB	723 MB	7.8 GB	94.7%	1.2%	2.6 GB	103 MB
914	92/d8a5f1	BGC_ANALYSIS:ANTISMASH_ANALYSIS:ANTISMASH (Pantoea_sp._DY-17)	COMPLETED	0	2026-08-30 13:18:25.958	2026-08-30 13:18:26.053	2026-08-30 13:18:53.877	25.8s	2	6 GB	758.1 MB	7.8 GB	108.6%	1.3%	1008.5 MB	63.4 MB
923	a1/7ef200	BGC_ANALYSIS:ANTISMASH_ANALYSIS:ANTISMASH (Pantoea_sp._alder70)	COMPLETED	0	2026-08-30 13:18:09.720	2026-08-30 13:18:09.813	2026-08-30 13:19:03.301	51.3s	2	6 GB	774.4 MB	7.8 GB	94.7%	1.3%	2.3 GB	101.9 MB
911	c2/61dbde	BGC_ANALYSIS:ANTISMASH_ANALYSIS:ANTISMASH (Pantoea_septica_N25)	COMPLETED	0	2026-08-30 13:18:26.620	2026-08-30 13:18:26.717	2026-08-30 13:19:06.390	37.7s	2	6 GB	730.9 MB	7.8 GB	96.5%	1.3%	1.7 GB	76.1 MB
915	7c/be8eac	BGC_ANALYSIS:ANTISMASH_ANALYSIS:ANTISMASH (Pantoea_sp._DY-5)	COMPLETED	0	2026-08-30 13:18:38.785	2026-08-30 13:18:38.881	2026-08-30 13:19:09.867	28.9s	2	6 GB	737.8 MB	7.8 GB	104.1%	1.3%	1.2 GB	70 MB
916	d1/a83ad0	BGC_ANALYSIS:ANTISMASH_ANALYSIS:ANTISMASH (Pantoea_sp._GbtcB22)	COMPLETED	0	2026-08-30 13:18:38.690	2026-08-30 13:18:38.781	2026-08-30 13:19:13.568	32.8s	2	6 GB	551 MB	7.8 GB	113.4%	0.9%	1.3 GB	58 MB
908	75/622165	BGC_ANALYSIS:ANTISMASH_ANALYSIS:ANTISMASH (Pantoea_piersonii_MAG-3F-S5P)	COMPLETED	0	2026-08-30 13:18:00.474	2026-08-30 13:18:00.503	2026-08-30 13:19:17.458	1m 15s	2	6 GB	724.8 MB	7.8 GB	98.0%	1.2%	4 GB	135.7 MB
910	6e/33bd2c	BGC_ANALYSIS:ANTISMASH_ANALYSIS:ANTISMASH (Pantoea_piersonii_MAG-3F-S8P)	COMPLETED	0	2026-08-30 13:18:00.506	2026-08-30 13:18:00.603	2026-08-30 13:19:22.237	1m 20s	2	6 GB	769.5 MB	7.8 GB	98.8%	1.3%	4.3 GB	143.1 MB
909	ea/d2729b	BGC_ANALYSIS:ANTISMASH_ANALYSIS:ANTISMASH (Pantoea_piersonii_MAG-3F-S7P)	COMPLETED	0	2026-08-30 13:18:02.276	2026-08-30 13:18:02.373	2026-08-30 13:19:31.474	1m 27s	2	6 GB	724.8 MB	7.8 GB	99.6%	1.2%	4.8 GB	154.6 MB
921	c7/e31fa4	BGC_ANALYSIS:ANTISMASH_ANALYSIS:ANTISMASH (Pantoea_sp._OVA07A)	COMPLETED	0	2026-08-30 13:19:09.871	2026-08-30 13:19:09.968	2026-08-30 13:19:37.841	25.8s	2	6 GB	544 MB	7.8 GB	114.2%	0.8%	1 GB	49.2 MB
930	04/1f7f77	BGC_ANALYSIS:ANTISMASH_ANALYSIS:ANTISMASH (Tatumella_sp._JGM100)	COMPLETED	0	2026-08-30 13:19:06.393	2026-08-30 13:19:06.490	2026-08-30 13:19:39.047	30.6s	2	6 GB	614.6 MB	7.7 GB	96.9%	1.0%	1.4 GB	61.6 MB
918	93/114330	BGC_ANALYSIS:ANTISMASH_ANALYSIS:ANTISMASH (Pantoea_sp._L2_019_000G1_dasL2_019_000G1_concoct_45)	COMPLETED	0	2026-08-30 13:18:53.881	2026-08-30 13:18:53.977	2026-08-30 13:19:41.520	45.5s	2	6 GB	696 MB	7.8 GB	97.6%	1.3%	2.2 GB	91 MB
925	d6/a0de60	BGC_ANALYSIS:ANTISMASH_ANALYSIS:ANTISMASH (Rosenbergiella_australiborealis_CdVSA20.1)	COMPLETED	0	2026-08-30 13:19:22.241	2026-08-30 13:19:22.338	2026-08-30 13:19:51.019	26.6s	2	6 GB	513.9 MB	7.2 GB	97.8%	0.9%	1.2 GB	52.6 MB
920	10/d304e0	BGC_ANALYSIS:ANTISMASH_ANALYSIS:ANTISMASH (Pantoea_sp._MAG-2F-S5P-2)	COMPLETED	0	2026-08-30 13:19:03.305	2026-08-30 13:19:03.402	2026-08-30 13:19:52.822	47.4s	2	6 GB	749.4 MB	7.8 GB	96.7%	1.2%	2.3 GB	94.4 MB
917	54/175371	BGC_ANALYSIS:ANTISMASH_ANALYSIS:ANTISMASH (Pantoea_sp._JGM49)	COMPLETED	0	2026-08-30 13:19:13.571	2026-08-30 13:19:13.668	2026-08-30 13:19:54.534	38.9s	2	6 GB	729.9 MB	7.8 GB	93.5%	1.3%	1.6 GB	81.7 MB
927	aa/42efa8	BGC_ANALYSIS:ANTISMASH_ANALYSIS:ANTISMASH (Rosenbergiella_epipactidis_2.1A)	COMPLETED	0	2026-08-30 13:19:39.051	2026-08-30 13:19:39.147	2026-08-30 13:20:02.854	21.7s	2	6 GB	638.5 MB	7.7 GB	97.6%	1.0%	898.5 MB	45.8 MB
924	91/8331ad	BGC_ANALYSIS:ANTISMASH_ANALYSIS:ANTISMASH (Pantoea_sp._alder81)	COMPLETED	0	2026-08-30 13:19:31.478	2026-08-30 13:19:31.575	2026-08-30 13:20:09.096	35.6s	2	6 GB	732.2 MB	7.8 GB	99.8%	1.3%	1.5 GB	80.2 MB
919	f0/31a299	BGC_ANALYSIS:ANTISMASH_ANALYSIS:ANTISMASH (Pantoea_sp._L3_072_000G1_dasL3_072_000G1_metabat.metabat.30)	COMPLETED	0	2026-08-30 13:19:17.462	2026-08-30 13:19:17.558	2026-08-30 13:20:11.805	52.3s	2	6 GB	700.3 MB	7.8 GB	97.9%	1.3%	2.7 GB	102.6 MB
922	7b/52a142	BGC_ANALYSIS:ANTISMASH_ANALYSIS:ANTISMASH (Pantoea_sp._alder69)	COMPLETED	0	2026-08-30 13:19:37.845	2026-08-30 13:19:37.941	2026-08-30 13:20:14.808	34.8s	2	6 GB	723.3 MB	7.8 GB	99.0%	1.3%	1.4 GB	79.2 MB
928	dd/6c7ab2	BGC_ANALYSIS:ANTISMASH_ANALYSIS:ANTISMASH (Rosenbergiella_gaditana_S61)	COMPLETED	0	2026-08-30 13:19:41.523	2026-08-30 13:19:41.620	2026-08-30 13:20:16.538	33s	2	6 GB	610.1 MB	7.7 GB	97.3%	1.0%	1.6 GB	62.8 MB
926	87/6a9ba1	BGC_ANALYSIS:ANTISMASH_ANALYSIS:ANTISMASH (Rosenbergiella_collisarenosi_8.8A)	COMPLETED	0	2026-08-30 13:19:51.023	2026-08-30 13:19:51.120	2026-08-30 13:20:17.496	24.4s	2	6 GB	602.9 MB	7.7 GB	97.2%	1.0%	1 GB	51.2 MB
929	e7/29d47d	BGC_ANALYSIS:ANTISMASH_ANALYSIS:ANTISMASH (Rosenbergiella_nectarea_subsp._apis_B1A)	COMPLETED	0	2026-08-30 13:19:52.825	2026-08-30 13:19:52.921	2026-08-30 13:20:25.032	30.2s	2	6 GB	631.8 MB	7.7 GB	96.9%	1.0%	1.4 GB	59.1 MB
931	73/df06a5	BGC_ANALYSIS:ANTISMASH_ANALYSIS:ANTISMASH (Tatumella_sp._JGM118)	COMPLETED	0	2026-08-30 13:19:54.537	2026-08-30 13:19:54.635	2026-08-30 13:20:25.731	29.2s	2	6 GB	627.5 MB	7.7 GB	95.1%	1.0%	1.3 GB	60.1 MB
942	20/d04714	BGC_ANALYSIS:ANTISMASH_ANALYSIS:ANTISMASH (Buchnera_aphidicola_Periphyllus_aceris_PERIS-14B)	COMPLETED	0	2026-08-30 13:20:17.500	2026-08-30 13:20:17.596	2026-08-30 13:20:27.106	7.5s	2	6 GB	196.8 MB	2.7 GB	107.1%	0.3%	387.9 MB	10.3 MB
933	73/0b1b08	BGC_ANALYSIS:ANTISMASH_ANALYSIS:ANTISMASH (Tatumella_sp._JGM16)	COMPLETED	0	2026-08-30 13:20:09.099	2026-08-30 13:20:09.196	2026-08-30 13:20:46.040	34.8s	2	6 GB	623.9 MB	7.7 GB	95.6%	1.0%	1.7 GB	67.1 MB
934	98/b84bf4	BGC_ANALYSIS:ANTISMASH_ANALYSIS:ANTISMASH (Tatumella_sp._JGM82)	COMPLETED	0	2026-08-30 13:20:11.808	2026-08-30 13:20:11.905	2026-08-30 13:20:46.180	32.3s	2	6 GB	633.8 MB	7.7 GB	96.0%	1.0%	1.5 GB	64.1 MB
932	89/7d5862	BGC_ANALYSIS:ANTISMASH_ANALYSIS:ANTISMASH (Tatumella_sp._JGM130)	COMPLETED	0	2026-08-30 13:20:02.858	2026-08-30 13:20:02.954	2026-08-30 13:20:49.389	44.4s	2	6 GB	627.9 MB	7.7 GB	97.5%	1.0%	2.3 GB	83.3 MB
936	db/2a508a	BGC_ANALYSIS:ANTISMASH_ANALYSIS:ANTISMASH (Tatumella_sp._JGM94)	COMPLETED	0	2026-08-30 13:20:16.542	2026-08-30 13:20:16.638	2026-08-30 13:20:49.475	30.8s	2	6 GB	629.2 MB	7.7 GB	95.6%	1.0%	1.4 GB	61.8 MB
935	13/a3dc9d	BGC_ANALYSIS:ANTISMASH_ANALYSIS:ANTISMASH (Tatumella_sp._JGM91)	COMPLETED	0	2026-08-30 13:20:14.812	2026-08-30 13:20:14.908	2026-08-30 13:20:49.931	33s	2	6 GB	610.6 MB	7.7 GB	95.4%	1.0%	1.6 GB	64.6 MB
944	a3/5b7ed1	BGC_ANALYSIS:ANTISMASH_ANALYSIS:ANTISMASH (Buchnera_aphidicola_Uroleucon_sonchi_UsonBac)	COMPLETED	0	2026-08-30 13:20:46.183	2026-08-30 13:20:46.279	2026-08-30 13:20:53.455	5.2s	2	6 GB	208.8 MB	2.7 GB	108.3%	0.3%	239.8 MB	5.3 MB
943	ee/92b8d4	BGC_ANALYSIS:ANTISMASH_ANALYSIS:ANTISMASH (Buchnera_aphidicola_Periphyllus_lyropictus_PLYR-94B)	COMPLETED	0	2026-08-30 13:20:46.044	2026-08-30 13:20:46.140	2026-08-30 13:20:54.113	6.1s	2	6 GB	192.4 MB	2.7 GB	105.4%	0.3%	305.7 MB	8.3 MB
952	7c/b53bbb	BGC_ANALYSIS:ANTISMASH_ANALYSIS:ANTISMASH (Erwinia_sorbitola_J316)	COMPLETED	0	2026-08-30 13:20:25.036	2026-08-30 13:20:25.132	2026-08-30 13:20:55.815	28.7s	2	6 GB	709.6 MB	7.8 GB	101.7%	1.3%	1.2 GB	64.8 MB
939	e9/7a9941	BGC_ANALYSIS:ANTISMASH_ANALYSIS:ANTISMASH (Buchnera_aphidicola_Aphis_urticata_AURT-53B)	COMPLETED	0	2026-08-30 13:20:49.478	2026-08-30 13:20:49.575	2026-08-30 13:20:57.696	6.3s	2	6 GB	216.8 MB	2.7 GB	102.3%	0.3%	288.6 MB	9.4 MB
951	23/3b48b8	BGC_ANALYSIS:ANTISMASH_ANALYSIS:ANTISMASH (Erwinia_rhapontici_CGMCC1.6978)	COMPLETED	0	2026-08-30 13:20:25.734	2026-08-30 13:20:25.832	2026-08-30 13:21:02.466	34.7s	2	6 GB	506.2 MB	7.7 GB	105.6%	0.8%	1.4 GB	61.4 MB
941	ff/d52557	BGC_ANALYSIS:ANTISMASH_ANALYSIS:ANTISMASH (Buchnera_aphidicola_Periphyllus_acericola_PCOLA-89B)	COMPLETED	0	2026-08-30 13:20:53.459	2026-08-30 13:20:53.555	2026-08-30 13:21:03.164	7.7s	2	6 GB	192.1 MB	2.7 GB	102.4%	0.3%	387.3 MB	10.2 MB
940	78/09d411	BGC_ANALYSIS:ANTISMASH_ANALYSIS:ANTISMASH (Buchnera_aphidicola_Microlophium_carnosum_MCAR-56B)	COMPLETED	0	2026-08-30 13:20:55.818	2026-08-30 13:20:55.915	2026-08-30 13:21:04.429	6.5s	2	6 GB	213.5 MB	2.7 GB	104.1%	0.3%	287.8 MB	9.4 MB
938	ae/800c41	BGC_ANALYSIS:ANTISMASH_ANALYSIS:ANTISMASH (Buchnera_aphidicola_Aphis_gossypii_Ago-UT1)	COMPLETED	0	2026-08-30 13:20:57.700	2026-08-30 13:20:57.796	2026-08-30 13:21:05.413	5.7s	2	6 GB	209.5 MB	2.7 GB	105.1%	0.3%	243.9 MB	5.5 MB
949	6f/a8733b	BGC_ANALYSIS:ANTISMASH_ANALYSIS:ANTISMASH (Erwinia_billingiae_TH88)	COMPLETED	0	2026-08-30 13:20:49.393	2026-08-30 13:20:49.475	2026-08-30 13:21:10.495	19.2s	2	6 GB	852.2 MB	7.9 GB	132.5%	1.3%	829.7 MB	57 MB
937	bb/5df71b	BGC_ANALYSIS:ANTISMASH_ANALYSIS:ANTISMASH (Buchnera_aphidicola_Aphis_fabae_Afa-UT1)	COMPLETED	0	2026-08-30 13:21:05.417	2026-08-30 13:21:05.515	2026-08-30 13:21:13.148	5.6s	2	6 GB	207.4 MB	2.7 GB	103.4%	0.3%	244.8 MB	5.5 MB
945	c8/0cf83c	BGC_ANALYSIS:ANTISMASH_ANALYSIS:ANTISMASH (Candidatus_Pantoea_communis_Al-1710)	COMPLETED	0	2026-08-30 13:20:27.110	2026-08-30 13:20:27.206	2026-08-30 13:21:16.361	47.2s	2	6 GB	757.8 MB	7.8 GB	93.7%	1.3%	2.1 GB	97.4 MB
953	75/541a0b	BGC_ANALYSIS:ANTISMASH_ANALYSIS:ANTISMASH (Erwinia_sorbitola_J780)	COMPLETED	0	2026-08-30 13:21:10.499	2026-08-30 13:21:10.595	2026-08-30 13:21:32.392	19.7s	2	6 GB	814.1 MB	7.8 GB	135.5%	1.3%	801.8 MB	55 MB
946	aa/421db7	BGC_ANALYSIS:ANTISMASH_ANALYSIS:ANTISMASH (Candidatus_Pantoea_formicae_Acro-805)	COMPLETED	0	2026-08-30 13:20:54.116	2026-08-30 13:20:54.214	2026-08-30 13:21:34.612	38.4s	2	6 GB	708.4 MB	7.8 GB	98.7%	1.3%	1.5 GB	83.7 MB
955	42/84c037	BGC_ANALYSIS:ANTISMASH_ANALYSIS:ANTISMASH (Mixta_intestinalis_SRCM103226)	COMPLETED	0	2026-08-30 13:21:13.152	2026-08-30 13:21:13.249	2026-08-30 13:21:34.727	19.5s	2	6 GB	809.8 MB	7.8 GB	133.4%	1.4%	802.6 MB	53.4 MB
954	fc/26d602	BGC_ANALYSIS:ANTISMASH_ANALYSIS:ANTISMASH (Mixta_calida_B021323)	COMPLETED	0	2026-08-30 13:20:49.938	2026-08-30 13:20:50.031	2026-08-30 13:21:39.284	47.3s	2	6 GB	652.9 MB	7.7 GB	94.9%	1.0%	2.4 GB	92.9 MB
948	fa/722ed3	BGC_ANALYSIS:ANTISMASH_ANALYSIS:ANTISMASH (Candidatus_Pantoea_multigeneris_Acro-835)	COMPLETED	0	2026-08-30 13:21:03.168	2026-08-30 13:21:03.264	2026-08-30 13:21:40.472	35.2s	2	6 GB	548.3 MB	7.3 GB	96.7%	1.0%	1.3 GB	74.2 MB
947	d8/c45526	BGC_ANALYSIS:ANTISMASH_ANALYSIS:ANTISMASH (Candidatus_Pantoea_gossypiicola_B_8)	COMPLETED	0	2026-08-30 13:21:04.432	2026-08-30 13:21:04.529	2026-08-30 13:21:44.593	38.1s	2	6 GB	683.3 MB	7.8 GB	93.7%	1.2%	1.7 GB	80 MB
950	1b/ee48c5	BGC_ANALYSIS:ANTISMASH_ANALYSIS:ANTISMASH (Erwinia_endophytica_A41C3)	COMPLETED	0	2026-08-30 13:21:02.469	2026-08-30 13:21:02.567	2026-08-30 13:21:44.776	40.1s	2	6 GB	656.3 MB	7.7 GB	94.5%	1.0%	1.9 GB	78.8 MB
956	59/0af906	BGC_ANALYSIS:ANTISMASH_ANALYSIS:ANTISMASH (Pantoea_agglomerans_A2)	COMPLETED	0	2026-08-30 13:21:16.365	2026-08-30 13:21:16.461	2026-08-30 13:21:45.808	27.4s	2	6 GB	688.4 MB	7.8 GB	96.1%	1.2%	1.1 GB	64 MB
957	b7/b58772	BGC_ANALYSIS:ANTISMASH_ANALYSIS:ANTISMASH (Pantoea_agglomerans_ASB05)	COMPLETED	0	2026-08-30 13:21:32.396	2026-08-30 13:21:32.492	2026-08-30 13:21:55.024	20.6s	2	6 GB	798.8 MB	7.8 GB	127.2%	1.3%	856.1 MB	57.6 MB
961	76/8267aa	BGC_ANALYSIS:ANTISMASH_ANALYSIS:ANTISMASH (Pantoea_agglomerans_C1)	COMPLETED	0	2026-08-30 13:21:34.731	2026-08-30 13:21:34.827	2026-08-30 13:22:00.965	24.3s	2	6 GB	723.7 MB	7.8 GB	105.3%	1.2%	981.3 MB	60.7 MB
958	78/3afa11	BGC_ANALYSIS:ANTISMASH_ANALYSIS:ANTISMASH (Pantoea_agglomerans_B1)	COMPLETED	0	2026-08-30 13:21:34.614	2026-08-30 13:21:34.712	2026-08-30 13:22:07.333	30.7s	2	6 GB	755.1 MB	7.8 GB	100.5%	1.3%	1.3 GB	71.7 MB
968	67/b5a572	BGC_ANALYSIS:ANTISMASH_ANALYSIS:ANTISMASH (Pantoea_agglomerans_T4)	COMPLETED	0	2026-08-30 13:21:39.287	2026-08-30 13:21:39.384	2026-08-30 13:22:09.126	27.8s	2	6 GB	760.3 MB	7.8 GB	106.4%	1.3%	1.2 GB	67.2 MB
960	ef/6b1e6d	BGC_ANALYSIS:ANTISMASH_ANALYSIS:ANTISMASH (Pantoea_agglomerans_BAV_2934)	COMPLETED	0	2026-08-30 13:21:44.779	2026-08-30 13:21:44.876	2026-08-30 13:22:09.609	22.6s	2	6 GB	603.7 MB	7.8 GB	124.9%	1.0%	861.6 MB	45.2 MB
970	e1/3024bb	BGC_ANALYSIS:ANTISMASH_ANALYSIS:ANTISMASH (Pantoea_agglomerans_T6)	COMPLETED	0	2026-08-30 13:21:44.597	2026-08-30 13:21:44.693	2026-08-30 13:22:15.016	28.3s	2	6 GB	708.7 MB	7.8 GB	96.6%	1.2%	1 GB	61.4 MB
959	dd/a3f2c5	BGC_ANALYSIS:ANTISMASH_ANALYSIS:ANTISMASH (Pantoea_agglomerans_B3)	COMPLETED	0	2026-08-30 13:21:40.475	2026-08-30 13:21:40.572	2026-08-30 13:22:15.923	33.2s	2	6 GB	728.4 MB	7.8 GB	98.7%	1.3%	1.4 GB	74.2 MB
962	3f/367e85	BGC_ANALYSIS:ANTISMASH_ANALYSIS:ANTISMASH (Pantoea_agglomerans_R1)	COMPLETED	0	2026-08-30 13:21:55.027	2026-08-30 13:21:55.123	2026-08-30 13:22:16.977	19.7s	2	6 GB	776.9 MB	7.8 GB	129.6%	1.3%	825.7 MB	58.3 MB
964	74/3d37c0	BGC_ANALYSIS:ANTISMASH_ANALYSIS:ANTISMASH (Pantoea_agglomerans_RIT710)	COMPLETED	0	2026-08-30 13:21:45.812	2026-08-30 13:21:45.908	2026-08-30 13:22:18.332	30.2s	2	6 GB	696.4 MB	7.8 GB	93.7%	1.3%	1.2 GB	65.8 MB
967	fe/62917e	BGC_ANALYSIS:ANTISMASH_ANALYSIS:ANTISMASH (Pantoea_agglomerans_T3)	COMPLETED	0	2026-08-30 13:22:00.969	2026-08-30 13:22:01.066	2026-08-30 13:22:30.627	27.5s	2	6 GB	708.4 MB	7.8 GB	99.6%	1.2%	1.1 GB	63.1 MB
965	af/5a4729	BGC_ANALYSIS:ANTISMASH_ANALYSIS:ANTISMASH (Pantoea_agglomerans_T1)	COMPLETED	0	2026-08-30 13:22:09.613	2026-08-30 13:22:09.710	2026-08-30 13:22:34.994	23.3s	2	6 GB	723.3 MB	7.8 GB	106.1%	1.2%	960.4 MB	57.3 MB
971	10/750a9c	BGC_ANALYSIS:ANTISMASH_ANALYSIS:ANTISMASH (Pantoea_agglomerans_UAEU18)	COMPLETED	0	2026-08-30 13:22:15.926	2026-08-30 13:22:16.023	2026-08-30 13:22:38.919	20.8s	2	6 GB	801.5 MB	7.8 GB	129.8%	1.4%	845.4 MB	57 MB
963	f6/1c419f	BGC_ANALYSIS:ANTISMASH_ANALYSIS:ANTISMASH (Pantoea_agglomerans_R5)	COMPLETED	0	2026-08-30 13:22:09.130	2026-08-30 13:22:09.226	2026-08-30 13:22:41.447	30.3s	2	6 GB	712.9 MB	7.8 GB	95.5%	1.3%	1.2 GB	66.1 MB
982	12/782d50	BGC_ANALYSIS:ANTISMASH_ANALYSIS:ANTISMASH (Pantoea_phytobeneficialis_MSR2)	COMPLETED	0	2026-08-30 13:22:18.337	2026-08-30 13:22:18.432	2026-08-30 13:22:44.858	24.5s	2	6 GB	857.9 MB	7.9 GB	127.6%	1.4%	1008.4 MB	68.6 MB
969	22/c80501	BGC_ANALYSIS:ANTISMASH_ANALYSIS:ANTISMASH (Pantoea_agglomerans_T5)	COMPLETED	0	2026-08-30 13:22:16.980	2026-08-30 13:22:17.077	2026-08-30 13:22:45.838	26.7s	2	6 GB	746.8 MB	7.8 GB	104.7%	1.3%	1.1 GB	63.3 MB
966	4d/36a429	BGC_ANALYSIS:ANTISMASH_ANALYSIS:ANTISMASH (Pantoea_agglomerans_T2)	COMPLETED	0	2026-08-30 13:22:15.020	2026-08-30 13:22:15.116	2026-08-30 13:22:47.017	29.8s	2	6 GB	657.6 MB	7.7 GB	98.0%	1.1%	1.2 GB	66.4 MB
975	24/282327	BGC_ANALYSIS:ANTISMASH_ANALYSIS:ANTISMASH (Pantoea_ananatis_Weeds_Lee_18a)	COMPLETED	0	2026-08-30 13:22:07.338	2026-08-30 13:22:07.433	2026-08-30 13:22:47.414	37.9s	2	6 GB	676.9 MB	7.7 GB	94.5%	1.2%	1.7 GB	80.4 MB
979	28/aed1a0	BGC_ANALYSIS:ANTISMASH_ANALYSIS:ANTISMASH (Pantoea_dispersa_BJQ0007)	COMPLETED	0	2026-08-30 13:22:47.418	2026-08-30 13:22:47.514	2026-08-30 13:23:09.431	19.8s	2	6 GB	792.1 MB	7.8 GB	128.9%	1.4%	814.4 MB	54 MB
977	3a/d70f6e	BGC_ANALYSIS:ANTISMASH_ANALYSIS:ANTISMASH (Pantoea_cypripedii_NE1)	COMPLETED	0	2026-08-30 13:22:44.863	2026-08-30 13:22:44.959	2026-08-30 13:23:12.460	25.5s	2	6 GB	899.8 MB	7.9 GB	129.6%	1.5%	1 GB	76.3 MB
976	01/bda20c	BGC_ANALYSIS:ANTISMASH_ANALYSIS:ANTISMASH (Pantoea_anthophila_EKM101A)	COMPLETED	0	2026-08-30 13:22:41.451	2026-08-30 13:22:41.547	2026-08-30 13:23:14.692	31.2s	2	6 GB	509.3 MB	7.7 GB	108.5%	0.7%	1.3 GB	55.9 MB
978	d4/5bf223	BGC_ANALYSIS:ANTISMASH_ANALYSIS:ANTISMASH (Pantoea_dispersa_625)	COMPLETED	0	2026-08-30 13:22:47.021	2026-08-30 13:22:47.118	2026-08-30 13:23:17.186	28s	2	6 GB	705.9 MB	7.8 GB	99.2%	1.3%	1.1 GB	64.2 MB
973	49/988d07	BGC_ANALYSIS:ANTISMASH_ANALYSIS:ANTISMASH (Pantoea_ananatis_BAV_3296)	COMPLETED	0	2026-08-30 13:22:30.631	2026-08-30 13:22:30.728	2026-08-30 13:23:22.659	49.8s	2	6 GB	480.3 MB	7.7 GB	102.0%	0.7%	2.4 GB	80.5 MB
983	94/1c0201	BGC_ANALYSIS:ANTISMASH_ANALYSIS:ANTISMASH (Pantoea_sp._Aalb)	COMPLETED	0	2026-08-30 13:23:12.464	2026-08-30 13:23:12.561	2026-08-30 13:23:24.159	9.7s	2	6 GB	484.8 MB	7.6 GB	103.5%	0.8%	441.3 MB	16.8 MB
981	d7/bbbded	BGC_ANALYSIS:ANTISMASH_ANALYSIS:ANTISMASH (Pantoea_eucalypti_LMG_24197_2)	COMPLETED	0	2026-08-30 13:23:14.695	2026-08-30 13:23:14.792	2026-08-30 13:23:36.760	20s	2	6 GB	796.4 MB	7.8 GB	130.1%	1.4%	842.2 MB	56.7 MB
984	9b/61f730	BGC_ANALYSIS:ANTISMASH_ANALYSIS:ANTISMASH (Pantoea_sp._Acro-807)	COMPLETED	0	2026-08-30 13:23:22.663	2026-08-30 13:23:22.760	2026-08-30 13:23:47.768	22.9s	2	6 GB	662.8 MB	7.7 GB	100.6%	1.1%	978 MB	53.1 MB
985	d8/e7ea45	BGC_ANALYSIS:ANTISMASH_ANALYSIS:ANTISMASH (Pantoea_sp._Ap-870)	COMPLETED	0	2026-08-30 13:23:17.190	2026-08-30 13:23:17.286	2026-08-30 13:23:49.134	29.8s	2	6 GB	724.4 MB	7.8 GB	98.8%	1.3%	1.2 GB	66.9 MB
974	f1/0841be	BGC_ANALYSIS:ANTISMASH_ANALYSIS:ANTISMASH (Pantoea_ananatis_MMB-1)	COMPLETED	0	2026-08-30 13:22:38.923	2026-08-30 13:22:39.019	2026-08-30 13:23:50.066	1m 9s	2	6 GB	4.8 GB	7.8 GB	125.9%	4.0%	22.2 GB	60.2 MB
987	35/89cf94	BGC_ANALYSIS:ANTISMASH_ANALYSIS:ANTISMASH (Pantoea_sp._Ap-967)	COMPLETED	0	2026-08-30 13:22:45.842	2026-08-30 13:22:45.938	2026-08-30 13:23:53.733	1m 6s	2	6 GB	788.8 MB	7.8 GB	94.1%	1.3%	2.6 GB	114.9 MB
980	d7/3c9da2	BGC_ANALYSIS:ANTISMASH_ANALYSIS:ANTISMASH (Pantoea_dispersa_CCUG_25232T)	COMPLETED	0	2026-08-30 13:23:09.435	2026-08-30 13:23:09.531	2026-08-30 13:23:55.822	44.2s	2	6 GB	719.9 MB	7.8 GB	95.1%	1.2%	2 GB	88.2 MB
986	03/a0bc1c	BGC_ANALYSIS:ANTISMASH_ANALYSIS:ANTISMASH (Pantoea_sp._Ap-959)	COMPLETED	0	2026-08-30 13:23:24.163	2026-08-30 13:23:24.259	2026-08-30 13:23:56.344	30s	2	6 GB	662.7 MB	7.7 GB	101.1%	1.1%	1.2 GB	68.3 MB
988	f6/85ecab	BGC_ANALYSIS:ANTISMASH_ANALYSIS:ANTISMASH (Pantoea_sp._BAV_3049)	COMPLETED	0	2026-08-30 13:23:36.764	2026-08-30 13:23:36.860	2026-08-30 13:24:05.663	26.7s	2	6 GB	660.8 MB	7.9 GB	127.5%	1.1%	1.1 GB	52.9 MB
992	2b/de6318	BGC_ANALYSIS:ANTISMASH_ANALYSIS:ANTISMASH (Pantoea_sp._Bo_10)	COMPLETED	0	2026-08-30 13:23:50.070	2026-08-30 13:23:50.167	2026-08-30 13:24:13.643	21.6s	2	6 GB	648.1 MB	7.7 GB	99.1%	1.0%	901.3 MB	50.5 MB
991	1e/d7d11e	BGC_ANALYSIS:ANTISMASH_ANALYSIS:ANTISMASH (Pantoea_sp._B_9)	COMPLETED	0	2026-08-30 13:23:56.348	2026-08-30 13:23:56.445	2026-08-30 13:24:27.071	28.5s	2	6 GB	709.9 MB	7.8 GB	103.4%	1.3%	1.2 GB	67.4 MB
989	99/ea318d	BGC_ANALYSIS:ANTISMASH_ANALYSIS:ANTISMASH (Pantoea_sp._B_10)	COMPLETED	0	2026-08-30 13:23:47.771	2026-08-30 13:23:47.869	2026-08-30 13:24:30.063	40.4s	2	6 GB	704.5 MB	7.8 GB	94.6%	1.2%	1.8 GB	84.3 MB
990	e8/733d4b	BGC_ANALYSIS:ANTISMASH_ANALYSIS:ANTISMASH (Pantoea_sp._B_2)	COMPLETED	0	2026-08-30 13:23:49.138	2026-08-30 13:23:49.234	2026-08-30 13:24:30.339	39.2s	2	6 GB	699.4 MB	7.8 GB	95.5%	1.2%	1.8 GB	81.9 MB
994	4e/fa152c	BGC_ANALYSIS:ANTISMASH_ANALYSIS:ANTISMASH (Pantoea_sp._Bo_13)	COMPLETED	0	2026-08-30 13:23:53.737	2026-08-30 13:23:53.833	2026-08-30 13:24:35.333	39.4s	2	6 GB	726.4 MB	7.8 GB	94.4%	1.3%	1.8 GB	82.4 MB
1000	18/092303	BGC_ANALYSIS:ANTISMASH_ANALYSIS:ANTISMASH (Pantoea_sp._Bo_34a)	COMPLETED	0	2026-08-30 13:23:55.826	2026-08-30 13:23:55.923	2026-08-30 13:24:36.881	38.8s	2	6 GB	698.2 MB	7.8 GB	95.0%	1.2%	1.8 GB	81.9 MB
993	71/05659e	BGC_ANALYSIS:ANTISMASH_ANALYSIS:ANTISMASH (Pantoea_sp._Bo_11)	COMPLETED	0	2026-08-30 13:24:05.667	2026-08-30 13:24:05.763	2026-08-30 13:24:44.299	36.5s	2	6 GB	682 MB	7.8 GB	94.3%	1.2%	1.6 GB	77.8 MB
998	36/9cddd7	BGC_ANALYSIS:ANTISMASH_ANALYSIS:ANTISMASH (Pantoea_sp._Bo_21)	COMPLETED	0	2026-08-30 13:24:13.646	2026-08-30 13:24:13.743	2026-08-30 13:24:54.898	39.1s	2	6 GB	701.7 MB	7.8 GB	95.3%	1.2%	1.8 GB	82.4 MB
995	cd/25db90	BGC_ANALYSIS:ANTISMASH_ANALYSIS:ANTISMASH (Pantoea_sp._Bo_14)	COMPLETED	0	2026-08-30 13:24:30.342	2026-08-30 13:24:30.439	2026-08-30 13:25:07.685	35.4s	2	6 GB	678 MB	7.8 GB	94.5%	1.2%	1.6 GB	76.8 MB
997	01/3bd548	BGC_ANALYSIS:ANTISMASH_ANALYSIS:ANTISMASH (Pantoea_sp._Bo_2)	COMPLETED	0	2026-08-30 13:24:27.074	2026-08-30 13:24:27.171	2026-08-30 13:25:08.104	39s	2	6 GB	698.8 MB	7.8 GB	95.2%	1.2%	1.8 GB	82.4 MB
996	dd/29ddbe	BGC_ANALYSIS:ANTISMASH_ANALYSIS:ANTISMASH (Pantoea_sp._Bo_19)	COMPLETED	0	2026-08-30 13:24:30.066	2026-08-30 13:24:30.164	2026-08-30 13:25:10.027	38s	2	6 GB	681.9 MB	7.8 GB	94.9%	1.2%	1.7 GB	80.4 MB
1001	2d/f04fee	BGC_ANALYSIS:ANTISMASH_ANALYSIS:ANTISMASH (Pantoea_sp._Bo_39)	COMPLETED	0	2026-08-30 13:24:35.337	2026-08-30 13:24:35.433	2026-08-30 13:25:15.753	38.3s	2	6 GB	706.2 MB	7.8 GB	94.6%	1.2%	1.8 GB	81.4 MB
999	38/9d6e00	BGC_ANALYSIS:ANTISMASH_ANALYSIS:ANTISMASH (Pantoea_sp._Bo_3)	COMPLETED	0	2026-08-30 13:24:36.886	2026-08-30 13:24:36.981	2026-08-30 13:25:18.357	39.3s	2	6 GB	702.8 MB	7.8 GB	94.9%	1.2%	1.8 GB	82.9 MB
1004	04/ecff4a	BGC_ANALYSIS:ANTISMASH_ANALYSIS:ANTISMASH (Pantoea_sp._Bo_5)	COMPLETED	0	2026-08-30 13:24:44.302	2026-08-30 13:24:44.399	2026-08-30 13:25:25.735	39.3s	2	6 GB	700 MB	7.8 GB	95.4%	1.2%	1.8 GB	82.4 MB
1002	56/6ce2eb	BGC_ANALYSIS:ANTISMASH_ANALYSIS:ANTISMASH (Pantoea_sp._Bo_40)	COMPLETED	0	2026-08-30 13:24:54.904	2026-08-30 13:24:54.998	2026-08-30 13:25:35.897	38.9s	2	6 GB	699.3 MB	7.8 GB	94.8%	1.2%	1.8 GB	81.9 MB
1005	f1/d570dd	BGC_ANALYSIS:ANTISMASH_ANALYSIS:ANTISMASH (Pantoea_sp._Bo_7)	COMPLETED	0	2026-08-30 13:25:15.757	2026-08-30 13:25:15.853	2026-08-30 13:25:39.461	21.4s	2	6 GB	648.5 MB	7.7 GB	99.1%	1.0%	901.4 MB	50.5 MB
1013	00/6edc5c	BGC_ANALYSIS:ANTISMASH_ANALYSIS:ANTISMASH (Pantoea_sp._F_11)	COMPLETED	0	2026-08-30 13:25:08.108	2026-08-30 13:25:08.204	2026-08-30 13:25:45.584	35.4s	2	6 GB	678.7 MB	7.8 GB	94.7%	1.2%	1.6 GB	76.3 MB
1003	43/2f40bc	BGC_ANALYSIS:ANTISMASH_ANALYSIS:ANTISMASH (Pantoea_sp._Bo_46)	COMPLETED	0	2026-08-30 13:25:07.689	2026-08-30 13:25:07.785	2026-08-30 13:25:49.828	40.1s	2	6 GB	729.5 MB	7.8 GB	95.0%	1.3%	1.8 GB	82.9 MB
1018	46/a587b1	BGC_ANALYSIS:ANTISMASH_ANALYSIS:ANTISMASH (Pantoea_sp._F_17)	COMPLETED	0	2026-08-30 13:25:18.360	2026-08-30 13:25:18.457	2026-08-30 13:25:55.302	34.9s	2	6 GB	690.1 MB	7.7 GB	94.4%	1.2%	1.5 GB	75.3 MB
1007	7f/6576d2	BGC_ANALYSIS:ANTISMASH_ANALYSIS:ANTISMASH (Pantoea_sp._Cy-640)	COMPLETED	0	2026-08-30 13:25:25.739	2026-08-30 13:25:25.835	2026-08-30 13:25:56.855	28.9s	2	6 GB	712.6 MB	7.8 GB	98.3%	1.3%	1.2 GB	67.8 MB
1006	dd/e9f163	BGC_ANALYSIS:ANTISMASH_ANALYSIS:ANTISMASH (Pantoea_sp._Cy-639)	COMPLETED	0	2026-08-30 13:25:10.031	2026-08-30 13:25:10.127	2026-08-30 13:25:59.507	47.5s	2	6 GB	923.8 MB	7.8 GB	95.9%	1.6%	1.7 GB	83.1 MB
1008	2b/53cb9b	BGC_ANALYSIS:ANTISMASH_ANALYSIS:ANTISMASH (Pantoea_sp._EKM101V)	COMPLETED	0	2026-08-30 13:25:35.900	2026-08-30 13:25:35.997	2026-08-30 13:26:08.816	30.8s	2	6 GB	646.9 MB	7.7 GB	96.4%	1.0%	1.3 GB	67.8 MB
1010	af/5d4fed	BGC_ANALYSIS:ANTISMASH_ANALYSIS:ANTISMASH (Pantoea_sp._EKM21T)	COMPLETED	0	2026-08-30 13:25:39.464	2026-08-30 13:25:39.561	2026-08-30 13:26:11.003	29.5s	2	6 GB	701.9 MB	7.8 GB	95.5%	1.2%	1.2 GB	66.4 MB
1011	9a/a4adce	BGC_ANALYSIS:ANTISMASH_ANALYSIS:ANTISMASH (Pantoea_sp._Eser)	COMPLETED	0	2026-08-30 13:25:49.831	2026-08-30 13:25:49.928	2026-08-30 13:26:16.226	24.4s	2	6 GB	629.2 MB	7.7 GB	98.5%	1.0%	1.1 GB	57.5 MB
1009	36/82ac01	BGC_ANALYSIS:ANTISMASH_ANALYSIS:ANTISMASH (Pantoea_sp._EKM103V)	COMPLETED	0	2026-08-30 13:25:45.588	2026-08-30 13:25:45.684	2026-08-30 13:26:19.193	31.4s	2	6 GB	718.3 MB	7.8 GB	98.4%	1.3%	1.4 GB	69.3 MB
1023	d0/a6547a	BGC_ANALYSIS:ANTISMASH_ANALYSIS:ANTISMASH (Pantoea_sp._M_10)	COMPLETED	0	2026-08-30 13:25:55.306	2026-08-30 13:25:55.402	2026-08-30 13:26:23.043	25.6s	2	6 GB	710.7 MB	7.8 GB	100.1%	1.3%	1 GB	61.4 MB
1028	02/6bfa19	BGC_ANALYSIS:ANTISMASH_ANALYSIS:ANTISMASH (Pantoea_sp._Mhis)	COMPLETED	0	2026-08-30 13:26:11.007	2026-08-30 13:26:11.103	2026-08-30 13:26:23.865	10.8s	2	6 GB	205.8 MB	2.7 GB	102.7%	0.3%	562.1 MB	18.5 MB
1014	79/4507a5	BGC_ANALYSIS:ANTISMASH_ANALYSIS:ANTISMASH (Pantoea_sp._F_12)	COMPLETED	0	2026-08-30 13:25:59.510	2026-08-30 13:25:59.607	2026-08-30 13:26:36.486	34.9s	2	6 GB	697.6 MB	7.8 GB	95.4%	1.3%	1.6 GB	76.3 MB
1012	c3/ea7995	BGC_ANALYSIS:ANTISMASH_ANALYSIS:ANTISMASH (Pantoea_sp._FN_2b)	COMPLETED	0	2026-08-30 13:25:56.859	2026-08-30 13:25:56.956	2026-08-30 13:26:38.466	39.5s	2	6 GB	701.2 MB	7.8 GB	94.7%	1.2%	1.8 GB	82.8 MB
1016	f7/2be080	BGC_ANALYSIS:ANTISMASH_ANALYSIS:ANTISMASH (Pantoea_sp._F_15)	COMPLETED	0	2026-08-30 13:26:08.819	2026-08-30 13:26:08.916	2026-08-30 13:26:45.640	34.8s	2	6 GB	673 MB	7.7 GB	94.6%	1.2%	1.5 GB	75.8 MB
1015	13/8e5e31	BGC_ANALYSIS:ANTISMASH_ANALYSIS:ANTISMASH (Pantoea_sp._F_14)	COMPLETED	0	2026-08-30 13:26:16.230	2026-08-30 13:26:16.327	2026-08-30 13:26:53.440	35.1s	2	6 GB	691.3 MB	7.8 GB	95.2%	1.3%	1.6 GB	76.3 MB
1017	a0/e62920	BGC_ANALYSIS:ANTISMASH_ANALYSIS:ANTISMASH (Pantoea_sp._F_16)	COMPLETED	0	2026-08-30 13:26:19.197	2026-08-30 13:26:19.293	2026-08-30 13:26:57.663	36.4s	2	6 GB	682.4 MB	7.8 GB	95.1%	1.2%	1.6 GB	78 MB
1021	0e/518231	BGC_ANALYSIS:ANTISMASH_ANALYSIS:ANTISMASH (Pantoea_sp._F_7)	COMPLETED	0	2026-08-30 13:26:23.046	2026-08-30 13:26:23.143	2026-08-30 13:26:59.691	34.5s	2	6 GB	691.4 MB	7.8 GB	94.5%	1.2%	1.5 GB	75.3 MB
1020	39/e9167d	BGC_ANALYSIS:ANTISMASH_ANALYSIS:ANTISMASH (Pantoea_sp._F_5)	COMPLETED	0	2026-08-30 13:26:23.869	2026-08-30 13:26:23.965	2026-08-30 13:27:00.257	34.3s	2	6 GB	708.2 MB	7.8 GB	95.4%	1.3%	1.5 GB	75.3 MB
1029	df/14a7f1	BGC_ANALYSIS:ANTISMASH_ANALYSIS:ANTISMASH (Pantoea_sp._Nvir)	COMPLETED	0	2026-08-30 13:27:00.260	2026-08-30 13:27:00.356	2026-08-30 13:27:12.744	10.4s	2	6 GB	488.5 MB	7.6 GB	101.8%	0.8%	475.9 MB	19.3 MB
1019	a2/178baf	BGC_ANALYSIS:ANTISMASH_ANALYSIS:ANTISMASH (Pantoea_sp._F_18)	COMPLETED	0	2026-08-30 13:26:36.490	2026-08-30 13:26:36.586	2026-08-30 13:27:13.639	35.1s	2	6 GB	694.9 MB	7.8 GB	95.8%	1.3%	1.6 GB	76.3 MB
1022	fa/debe72	BGC_ANALYSIS:ANTISMASH_ANALYSIS:ANTISMASH (Pantoea_sp._M_1)	COMPLETED	0	2026-08-30 13:26:38.469	2026-08-30 13:26:38.566	2026-08-30 13:27:18.486	38s	2	6 GB	696.3 MB	7.8 GB	95.1%	1.3%	1.8 GB	80.8 MB
1024	1b/ac0409	BGC_ANALYSIS:ANTISMASH_ANALYSIS:ANTISMASH (Pantoea_sp._M_3)	COMPLETED	0	2026-08-30 13:26:45.644	2026-08-30 13:26:45.740	2026-08-30 13:27:28.124	40.3s	2	6 GB	704.9 MB	7.8 GB	95.5%	1.2%	1.9 GB	84.8 MB
1027	28/334c58	BGC_ANALYSIS:ANTISMASH_ANALYSIS:ANTISMASH (Pantoea_sp._M_6)	COMPLETED	0	2026-08-30 13:26:59.695	2026-08-30 13:26:59.791	2026-08-30 13:27:30.465	28.6s	2	6 GB	683.9 MB	7.7 GB	94.5%	1.2%	1.2 GB	64.5 MB
1025	26/5aa58e	BGC_ANALYSIS:ANTISMASH_ANALYSIS:ANTISMASH (Pantoea_sp._M_4)	COMPLETED	0	2026-08-30 13:26:53.444	2026-08-30 13:26:53.540	2026-08-30 13:27:36.307	40.8s	2	6 GB	696.8 MB	7.8 GB	95.0%	1.2%	1.9 GB	85.3 MB
1031	98/e44abd	BGC_ANALYSIS:ANTISMASH_ANALYSIS:ANTISMASH (Pantoea_sp._SoEX)	COMPLETED	0	2026-08-30 13:27:28.128	2026-08-30 13:27:28.224	2026-08-30 13:27:39.282	9.1s	2	6 GB	208.9 MB	2.7 GB	105.1%	0.3%	454.3 MB	14.8 MB
1030	10/9a58ee	BGC_ANALYSIS:ANTISMASH_ANALYSIS:ANTISMASH (Pantoea_sp._Seng)	COMPLETED	0	2026-08-30 13:27:12.748	2026-08-30 13:27:12.844	2026-08-30 13:27:55.875	41.1s	2	6 GB	691.3 MB	7.8 GB	93.5%	1.2%	1.8 GB	82.4 MB
1032	29/01a1e3	BGC_ANALYSIS:ANTISMASH_ANALYSIS:ANTISMASH (Pantoea_sp._Taur)	COMPLETED	0	2026-08-30 13:27:18.490	2026-08-30 13:27:18.586	2026-08-30 13:28:05.464	44.8s	2	6 GB	730.8 MB	7.8 GB	94.7%	1.3%	2 GB	91.6 MB
1033	57/72306a	BGC_ANALYSIS:ANTISMASH_ANALYSIS:ANTISMASH (Pantoea_sp._Tr-811)	COMPLETED	0	2026-08-30 13:27:13.642	2026-08-30 13:27:13.739	2026-08-30 13:28:12.815	57.1s	2	6 GB	777.8 MB	7.8 GB	94.8%	1.3%	2.1 GB	103.1 MB
1042	73/fb6112	BGC_ANALYSIS:ANTISMASH_ANALYSIS:ANTISMASH (Buchnera_aphidicola_Myzus_persicae_BSU_Myz_2018)	COMPLETED	0	2026-08-30 13:28:05.467	2026-08-30 13:28:05.564	2026-08-30 13:28:14.216	6.7s	2	6 GB	213.6 MB	2.7 GB	107.6%	0.3%	292.7 MB	10.1 MB
1036	73/56b567	BGC_ANALYSIS:ANTISMASH_ANALYSIS:ANTISMASH (Pantoea_stewartii_subsp._stewartii_MS1)	COMPLETED	0	2026-08-30 13:27:39.286	2026-08-30 13:27:39.382	2026-08-30 13:28:16.287	34.9s	2	6 GB	491.2 MB	7.7 GB	104.1%	0.7%	1.4 GB	59 MB
1048	f5/f0e025	BGC_ANALYSIS:ANTISMASH_ANALYSIS:ANTISMASH (Duffyella_gerundensis_HEN01)	COMPLETED	0	2026-08-30 13:27:55.879	2026-08-30 13:27:55.976	2026-08-30 13:28:17.701	19.6s	2	6 GB	563.9 MB	7.9 GB	125.5%	0.8%	767 MB	39.4 MB
1040	b7/b063ad	BGC_ANALYSIS:ANTISMASH_ANALYSIS:ANTISMASH (Buchnera_aphidicola_Chaitophorus_viminalis_NAM_Cha_2020)	COMPLETED	0	2026-08-30 13:28:16.291	2026-08-30 13:28:16.387	2026-08-30 13:28:24.910	6.5s	2	6 GB	192.6 MB	2.7 GB	105.0%	0.3%	327.7 MB	8.9 MB
1034	6e/08e3f4	BGC_ANALYSIS:ANTISMASH_ANALYSIS:ANTISMASH (Pantoea_stewartii_ZJ-FGZX1)	COMPLETED	0	2026-08-30 13:27:30.468	2026-08-30 13:27:30.564	2026-08-30 13:28:26.300	53.8s	2	6 GB	4.8 GB	7.8 GB	136.7%	7.1%	15.5 GB	59.2 MB
1038	da/4da2d3	BGC_ANALYSIS:ANTISMASH_ANALYSIS:ANTISMASH (Buchnera_aphidicola_Aphis_craccivora_BSU_Aph_2016)	COMPLETED	0	2026-08-30 13:28:24.913	2026-08-30 13:28:25.010	2026-08-30 13:28:33.881	6.9s	2	6 GB	460.4 MB	7.6 GB	106.6%	0.7%	291.2 MB	10 MB
1044	87/21960d	BGC_ANALYSIS:ANTISMASH_ANALYSIS:ANTISMASH (Buchnera_aphidicola_Stegophylla_sp._TES_Ste_2020)	COMPLETED	0	2026-08-30 13:28:26.304	2026-08-30 13:28:26.400	2026-08-30 13:28:34.457	6s	2	6 GB	202.3 MB	2.7 GB	110.2%	0.3%	277.5 MB	7.2 MB
1049	d4/a7c773	BGC_ANALYSIS:ANTISMASH_ANALYSIS:ANTISMASH (Duffyella_gerundensis_HEP01)	COMPLETED	0	2026-08-30 13:28:12.819	2026-08-30 13:28:12.915	2026-08-30 13:28:35.853	20.8s	2	6 GB	565.5 MB	7.8 GB	124.8%	0.9%	766.7 MB	39.6 MB
1053	6b/1dcaac	BGC_ANALYSIS:ANTISMASH_ANALYSIS:ANTISMASH (Erwinia_amylovora_Ea102)	COMPLETED	0	2026-08-30 13:28:17.704	2026-08-30 13:28:17.801	2026-08-30 13:28:37.474	17.7s	2	6 GB	721.8 MB	7.8 GB	130.3%	1.2%	699.3 MB	47.1 MB
1039	72/681a70	BGC_ANALYSIS:ANTISMASH_ANALYSIS:ANTISMASH (Buchnera_aphidicola_Brevicoryne_brassicae_BSU_Bre_2018)	COMPLETED	0	2026-08-30 13:28:37.477	2026-08-30 13:28:37.574	2026-08-30 13:28:46.241	6.8s	2	6 GB	216.6 MB	2.7 GB	106.0%	0.3%	292.7 MB	10.1 MB
1046	b1/bd5ce3	BGC_ANALYSIS:ANTISMASH_ANALYSIS:ANTISMASH (Curtobacterium_plantarum_RIT-As-4)	COMPLETED	0	2026-08-30 13:28:14.219	2026-08-30 13:28:14.316	2026-08-30 13:28:47.052	30.7s	2	6 GB	691.6 MB	7.7 GB	93.8%	1.2%	1.2 GB	69 MB
1055	38/8adb9a	BGC_ANALYSIS:ANTISMASH_ANALYSIS:ANTISMASH (Erwinia_amylovora_Ea915)	COMPLETED	0	2026-08-30 13:28:33.885	2026-08-30 13:28:33.981	2026-08-30 13:28:53.055	17.1s	2	6 GB	714.5 MB	7.7 GB	132.7%	1.1%	670.6 MB	45.9 MB
1026	25/debdaa	BGC_ANALYSIS:ANTISMASH_ANALYSIS:ANTISMASH (Pantoea_sp._M_5)	COMPLETED	0	2026-08-30 13:26:57.667	2026-08-30 13:26:57.763	2026-08-30 13:28:55.203	1m 56s	2	6 GB	764.9 MB	7.8 GB	100.5%	1.3%	6.5 GB	205.2 MB
1041	4f/f25bc7	BGC_ANALYSIS:ANTISMASH_ANALYSIS:ANTISMASH (Buchnera_aphidicola_Macrosiphum_albifrons_BSU_Mac_2017)	COMPLETED	0	2026-08-30 13:28:55.207	2026-08-30 13:28:55.306	2026-08-30 13:29:04.043	6.8s	2	6 GB	327 MB	5 GB	107.1%	0.5%	292 MB	10 MB
1035	e7/1b0889	BGC_ANALYSIS:ANTISMASH_ANALYSIS:ANTISMASH (Pantoea_stewartii_subsp._stewartii_CCUG_26359)	COMPLETED	0	2026-08-30 13:27:36.310	2026-08-30 13:27:36.407	2026-08-30 13:29:05.734	1m 27s	2	6 GB	774 MB	7.8 GB	99.3%	1.3%	4.8 GB	158.1 MB
1051	b3/73e084	BGC_ANALYSIS:ANTISMASH_ANALYSIS:ANTISMASH (Erwinia_amylovora_CP200242)	COMPLETED	0	2026-08-30 13:28:47.056	2026-08-30 13:28:47.152	2026-08-30 13:29:06.552	17.3s	2	6 GB	706 MB	7.7 GB	131.8%	1.1%	668.5 MB	44.5 MB
1043	ae/ee8473	BGC_ANALYSIS:ANTISMASH_ANALYSIS:ANTISMASH (Buchnera_aphidicola_Pemphigus_obesinymphae_NAM_Pem_2020)	COMPLETED	0	2026-08-30 13:28:46.246	2026-08-30 13:28:46.341	2026-08-30 13:29:06.800	18.3s	2	6 GB	195.5 MB	2.7 GB	105.7%	0.3%	1.1 GB	28.5 MB
1047	1a/bd9629	BGC_ANALYSIS:ANTISMASH_ANALYSIS:ANTISMASH (Curtobacterium_plantarum_RIT-PI-Z)	COMPLETED	0	2026-08-30 13:28:35.856	2026-08-30 13:28:35.954	2026-08-30 13:29:09.148	31.3s	2	6 GB	500.5 MB	7.7 GB	105.1%	0.7%	1.3 GB	54.9 MB
1057	2c/074974	BGC_ANALYSIS:ANTISMASH_ANALYSIS:ANTISMASH (Erwinia_billingiae_LS-1)	COMPLETED	0	2026-08-30 13:28:34.463	2026-08-30 13:28:34.557	2026-08-30 13:29:10.709	34.2s	2	6 GB	740 MB	7.8 GB	102.1%	1.3%	1.6 GB	78.2 MB
1037	73/94c392	BGC_ANALYSIS:ANTISMASH_ANALYSIS:ANTISMASH (Buchnera_aphidicola_Acyrthosiphon_caraganae_BSU_Acy_2015)	COMPLETED	0	2026-08-30 13:29:06.562	2026-08-30 13:29:06.652	2026-08-30 13:29:14.824	6.3s	2	6 GB	214.8 MB	2.7 GB	104.4%	0.3%	291.6 MB	10 MB
1050	b6/1885ae	BGC_ANALYSIS:ANTISMASH_ANALYSIS:ANTISMASH (Erwinia_amylovora_99east-3-1)	COMPLETED	0	2026-08-30 13:29:05.737	2026-08-30 13:29:05.834	2026-08-30 13:29:25.007	17.2s	2	6 GB	722.4 MB	7.8 GB	131.3%	1.1%	670.6 MB	45.9 MB
1052	ed/088249	BGC_ANALYSIS:ANTISMASH_ANALYSIS:ANTISMASH (Erwinia_amylovora_Ea101)	COMPLETED	0	2026-08-30 13:29:04.046	2026-08-30 13:29:04.144	2026-08-30 13:29:34.951	28.8s	2	6 GB	665.1 MB	7.7 GB	96.5%	1.0%	1.2 GB	58.5 MB
1054	e0/6e5713	BGC_ANALYSIS:ANTISMASH_ANALYSIS:ANTISMASH (Erwinia_amylovora_Ea914)	COMPLETED	0	2026-08-30 13:29:06.806	2026-08-30 13:29:06.900	2026-08-30 13:29:35.577	26.8s	2	6 GB	285.4 MB	2.7 GB	98.5%	0.4%	1.1 GB	55.6 MB
1056	4d/300ef9	BGC_ANALYSIS:ANTISMASH_ANALYSIS:ANTISMASH (Erwinia_amylovora_S618-2-2)	COMPLETED	0	2026-08-30 13:29:10.713	2026-08-30 13:29:10.810	2026-08-30 13:29:41.801	28.9s	2	6 GB	627.1 MB	7.7 GB	97.8%	1.0%	1.2 GB	58.8 MB
1045	e1/ef5aaa	BGC_ANALYSIS:ANTISMASH_ANALYSIS:ANTISMASH (Buchnera_aphidicola_Tabriz.9)	COMPLETED	0	2026-08-30 13:28:53.058	2026-08-30 13:28:53.154	2026-08-30 13:29:43.299	48.2s	2	6 GB	200.6 MB	2.7 GB	104.1%	0.3%	3 GB	73.5 MB
1067	cd/4a3a3c	BGC_ANALYSIS:ANTISMASH_ANALYSIS:ANTISMASH (Pantoea_agglomerans_RIT-PI-T)	COMPLETED	0	2026-08-30 13:29:09.152	2026-08-30 13:29:09.249	2026-08-30 13:29:44.948	33.8s	2	6 GB	489.2 MB	7.7 GB	103.7%	0.7%	1.4 GB	59 MB
1061	46/733783	BGC_ANALYSIS:ANTISMASH_ANALYSIS:ANTISMASH (Erwinia_pyrifoliae_CP201264)	COMPLETED	0	2026-08-30 13:29:35.580	2026-08-30 13:29:35.677	2026-08-30 13:29:56.168	18.5s	2	6 GB	775.5 MB	7.8 GB	125.6%	1.2%	740.8 MB	50.7 MB
1063	13/90d72a	BGC_ANALYSIS:ANTISMASH_ANALYSIS:ANTISMASH (Pantoea_agglomerans_540Y)	COMPLETED	0	2026-08-30 13:29:43.302	2026-08-30 13:29:43.399	2026-08-30 13:30:06.300	21.1s	2	6 GB	858.2 MB	7.9 GB	121.1%	1.4%	860.1 MB	62.5 MB
1064	4f/2284fe	BGC_ANALYSIS:ANTISMASH_ANALYSIS:ANTISMASH (Pantoea_agglomerans_553Y)	COMPLETED	0	2026-08-30 13:29:44.952	2026-08-30 13:29:45.048	2026-08-30 13:30:07.208	20.3s	2	6 GB	839.8 MB	7.9 GB	123.8%	1.4%	852.7 MB	61.4 MB
1065	1e/686214	BGC_ANALYSIS:ANTISMASH_ANALYSIS:ANTISMASH (Pantoea_agglomerans_AB378)	COMPLETED	0	2026-08-30 13:29:56.172	2026-08-30 13:29:56.269	2026-08-30 13:30:18.567	20.3s	2	6 GB	783.7 MB	7.8 GB	130.2%	1.4%	826.2 MB	57.8 MB
1062	34/2b089f	BGC_ANALYSIS:ANTISMASH_ANALYSIS:ANTISMASH (Erwinia_sp._INIA01)	COMPLETED	0	2026-08-30 13:29:41.805	2026-08-30 13:29:41.901	2026-08-30 13:30:26.351	42.5s	2	6 GB	773.9 MB	7.8 GB	94.8%	1.3%	1.7 GB	87 MB
1060	cd/e2eaba	BGC_ANALYSIS:ANTISMASH_ANALYSIS:ANTISMASH (Erwinia_psidii_LPF_681)	COMPLETED	0	2026-08-30 13:29:14.827	2026-08-30 13:29:14.924	2026-08-30 13:30:27.037	1m 10s	2	6 GB	4.8 GB	7.8 GB	107.9%	6.8%	12.1 GB	85.1 MB
1058	72/1f17f6	BGC_ANALYSIS:ANTISMASH_ANALYSIS:ANTISMASH (Erwinia_psidii_LPF_534)	COMPLETED	0	2026-08-30 13:29:25.011	2026-08-30 13:29:25.107	2026-08-30 13:30:30.738	1m 4s	2	6 GB	4.7 GB	7.8 GB	108.2%	5.3%	11.7 GB	73.4 MB
1059	11/ff5e6d	BGC_ANALYSIS:ANTISMASH_ANALYSIS:ANTISMASH (Erwinia_psidii_LPF_640)	COMPLETED	0	2026-08-30 13:29:34.955	2026-08-30 13:29:35.051	2026-08-30 13:30:36.375	59.2s	2	6 GB	4.8 GB	7.7 GB	109.7%	6.2%	11.4 GB	67.5 MB
972	78/4df9c1	BGC_ANALYSIS:ANTISMASH_ANALYSIS:ANTISMASH (Pantoea_agglomerans_VRA_MhP_f)	COMPLETED	0	2026-08-30 13:22:35.004	2026-08-30 13:22:35.094	2026-08-30 13:31:05.453	8m 28s	2	6 GB	902.3 MB	8 GB	103.1%	1.6%	32.2 GB	825.3 MB
1066	19/7c3fbf	BGC_ANALYSIS:ANTISMASH_ANALYSIS:ANTISMASH (Pantoea_agglomerans_CB1)	COMPLETED	0	2026-08-30 13:30:06.303	2026-08-30 13:30:06.400	2026-08-30 13:31:09.687	1m 1s	2	6 GB	3.4 GB	7.8 GB	133.5%	3.4%	22.4 GB	61 MB
1072	78/3a0137	BGC_ANALYSIS:ANTISMASH_ANALYSIS:ANTISMASH (Pantoea_ananatis_14-2)	COMPLETED	0	2026-08-30 13:30:30.742	2026-08-30 13:30:30.838	2026-08-30 13:31:10.685	37.6s	2	6 GB	502.4 MB	7.8 GB	101.4%	0.7%	1.6 GB	63.1 MB
1069	27/b749f8	BGC_ANALYSIS:ANTISMASH_ANALYSIS:ANTISMASH (Pantoea_ananatis_06-1)	COMPLETED	0	2026-08-30 13:30:18.571	2026-08-30 13:30:18.667	2026-08-30 13:31:16.270	55.4s	2	6 GB	4.7 GB	7.9 GB	113.3%	5.7%	10.2 GB	52.5 MB
1073	3f/81666f	BGC_ANALYSIS:ANTISMASH_ANALYSIS:ANTISMASH (Pantoea_ananatis_17671)	COMPLETED	0	2026-08-30 13:30:36.379	2026-08-30 13:30:36.475	2026-08-30 13:31:18.494	39.8s	2	6 GB	723.1 MB	7.8 GB	95.0%	1.3%	1.8 GB	81.5 MB
1071	85/ce50d8	BGC_ANALYSIS:ANTISMASH_ANALYSIS:ANTISMASH (Pantoea_ananatis_07-7)	COMPLETED	0	2026-08-30 13:30:27.041	2026-08-30 13:30:27.137	2026-08-30 13:31:26.049	56.7s	2	6 GB	4.6 GB	7.8 GB	114.2%	5.5%	10.3 GB	53.5 MB
1070	47/c055a1	BGC_ANALYSIS:ANTISMASH_ANALYSIS:ANTISMASH (Pantoea_ananatis_07-13)	COMPLETED	0	2026-08-30 13:30:26.355	2026-08-30 13:30:26.451	2026-08-30 13:31:27.721	59.1s	2	6 GB	4.6 GB	7.7 GB	113.6%	3.8%	10.9 GB	57 MB
1068	f8/488b0b	BGC_ANALYSIS:ANTISMASH_ANALYSIS:ANTISMASH (Pantoea_ananatis_02-12)	COMPLETED	0	2026-08-30 13:30:07.213	2026-08-30 13:30:07.308	2026-08-30 13:31:29.522	1m 20s	2	6 GB	4.7 GB	7.8 GB	122.8%	6.5%	23.1 GB	57.8 MB
1078	df/b27067	BGC_ANALYSIS:ANTISMASH_ANALYSIS:ANTISMASH (Pantoea_ananatis_18-9S)	COMPLETED	0	2026-08-30 13:31:16.274	2026-08-30 13:31:16.371	2026-08-30 13:31:59.931	41.5s	2	6 GB	504.5 MB	7.8 GB	99.9%	0.7%	1.7 GB	66.7 MB
1074	f3/812ea2	BGC_ANALYSIS:ANTISMASH_ANALYSIS:ANTISMASH (Pantoea_ananatis_18-1)	COMPLETED	0	2026-08-30 13:31:05.456	2026-08-30 13:31:05.553	2026-08-30 13:32:02.121	54.7s	2	6 GB	4.6 GB	7.9 GB	118.2%	5.5%	10.2 GB	52.6 MB
1081	49/d9ee4d	BGC_ANALYSIS:ANTISMASH_ANALYSIS:ANTISMASH (Pantoea_ananatis_200-3)	COMPLETED	0	2026-08-30 13:31:29.526	2026-08-30 13:31:29.622	2026-08-30 13:32:05.453	33.6s	2	6 GB	505.8 MB	7.7 GB	107.1%	0.7%	1.4 GB	59.3 MB
1076	fd/d35df2	BGC_ANALYSIS:ANTISMASH_ANALYSIS:ANTISMASH (Pantoea_ananatis_18-5)	COMPLETED	0	2026-08-30 13:31:10.690	2026-08-30 13:31:10.785	2026-08-30 13:32:09.981	57.1s	2	6 GB	4.6 GB	7.8 GB	112.4%	5.2%	10.3 GB	53.1 MB
1075	9a/07f6d9	BGC_ANALYSIS:ANTISMASH_ANALYSIS:ANTISMASH (Pantoea_ananatis_18-3S)	COMPLETED	0	2026-08-30 13:31:09.690	2026-08-30 13:31:09.787	2026-08-30 13:32:12.607	1m 1s	2	6 GB	4.6 GB	7.8 GB	111.4%	3.7%	10.4 GB	57.2 MB
1080	5a/5cfed1	BGC_ANALYSIS:ANTISMASH_ANALYSIS:ANTISMASH (Pantoea_ananatis_200-11)	COMPLETED	0	2026-08-30 13:31:26.052	2026-08-30 13:31:26.150	2026-08-30 13:32:26.997	58.9s	2	6 GB	4.7 GB	7.9 GB	113.9%	7.8%	10.4 GB	56 MB
1083	17/f4a835	BGC_ANALYSIS:ANTISMASH_ANALYSIS:ANTISMASH (Pantoea_ananatis_200-8)	COMPLETED	0	2026-08-30 13:32:02.125	2026-08-30 13:32:02.221	2026-08-30 13:32:37.007	32.9s	2	6 GB	533.6 MB	7.8 GB	108.8%	0.7%	1.4 GB	58.8 MB
1079	dc/b8316e	BGC_ANALYSIS:ANTISMASH_ANALYSIS:ANTISMASH (Pantoea_ananatis_2-8)	COMPLETED	0	2026-08-30 13:31:27.724	2026-08-30 13:31:27.822	2026-08-30 13:32:46.691	1m 17s	2	6 GB	4.7 GB	8 GB	125.0%	4.4%	23 GB	55.4 MB
1085	b6/053432	BGC_ANALYSIS:ANTISMASH_ANALYSIS:ANTISMASH (Pantoea_ananatis_3.2.1)	COMPLETED	0	2026-08-30 13:32:27.000	2026-08-30 13:32:27.096	2026-08-30 13:33:02.513	33.4s	2	6 GB	684.2 MB	7.7 GB	95.8%	1.2%	1.3 GB	67.9 MB
1084	dd/1ac3f1	BGC_ANALYSIS:ANTISMASH_ANALYSIS:ANTISMASH (Pantoea_ananatis_26SR6)	COMPLETED	0	2026-08-30 13:32:05.456	2026-08-30 13:32:05.553	2026-08-30 13:33:03.092	55.5s	2	6 GB	4.8 GB	7.9 GB	111.7%	7.6%	10.1 GB	63.9 MB
1082	d0/c29355	BGC_ANALYSIS:ANTISMASH_ANALYSIS:ANTISMASH (Pantoea_ananatis_200-7)	COMPLETED	0	2026-08-30 13:31:59.935	2026-08-30 13:32:00.031	2026-08-30 13:33:03.233	1m 1s	2	6 GB	4.7 GB	7.8 GB	112.3%	6.9%	10.8 GB	54.7 MB
1089	81/8b1067	BGC_ANALYSIS:ANTISMASH_ANALYSIS:ANTISMASH (Pantoea_ananatis_99-26)	COMPLETED	0	2026-08-30 13:32:37.011	2026-08-30 13:32:37.107	2026-08-30 13:33:14.512	35.4s	2	6 GB	496.2 MB	7.7 GB	103.7%	0.7%	1.3 GB	57.1 MB
1086	62/149cc8	BGC_ANALYSIS:ANTISMASH_ANALYSIS:ANTISMASH (Pantoea_ananatis_4-1)	COMPLETED	0	2026-08-30 13:32:12.611	2026-08-30 13:32:12.707	2026-08-30 13:33:20.387	1m 5s	2	6 GB	4.6 GB	7.8 GB	110.6%	3.5%	8.8 GB	66.1 MB
1098	23/0516b2	BGC_ANALYSIS:ANTISMASH_ANALYSIS:ANTISMASH (Pantoea_ananatis_HR1-86)	COMPLETED	0	2026-08-30 13:32:46.699	2026-08-30 13:32:46.791	2026-08-30 13:33:20.687	31.6s	2	6 GB	672 MB	7.7 GB	96.5%	1.1%	1.3 GB	64.3 MB
1087	50/29e18f	BGC_ANALYSIS:ANTISMASH_ANALYSIS:ANTISMASH (Pantoea_ananatis_99-18)	COMPLETED	0	2026-08-30 13:32:09.985	2026-08-30 13:32:10.082	2026-08-30 13:33:21.261	1m 9s	2	6 GB	4.6 GB	7.8 GB	109.7%	4.8%	10.7 GB	63.8 MB
1088	9e/3788e4	BGC_ANALYSIS:ANTISMASH_ANALYSIS:ANTISMASH (Pantoea_ananatis_99-22)	COMPLETED	0	2026-08-30 13:33:02.517	2026-08-30 13:33:02.613	2026-08-30 13:33:40.252	35.6s	2	6 GB	499.7 MB	7.8 GB	103.5%	0.7%	1.4 GB	59 MB
1094	24/9245b9	BGC_ANALYSIS:ANTISMASH_ANALYSIS:ANTISMASH (Pantoea_ananatis_HR1-105)	COMPLETED	0	2026-08-30 13:33:20.691	2026-08-30 13:33:20.787	2026-08-30 13:33:53.962	31.2s	2	6 GB	670.1 MB	7.7 GB	97.4%	1.1%	1.3 GB	65.2 MB
1106	af/08ba67	BGC_ANALYSIS:ANTISMASH_ANALYSIS:ANTISMASH (Pantoea_ananatis_JT1-190)	COMPLETED	0	2026-08-30 13:33:21.264	2026-08-30 13:33:21.360	2026-08-30 13:33:59.304	36s	2	6 GB	694.2 MB	7.8 GB	96.8%	1.2%	1.6 GB	74.5 MB
1093	24/78f240	BGC_ANALYSIS:ANTISMASH_ANALYSIS:ANTISMASH (Pantoea_ananatis_FU-01)	COMPLETED	0	2026-08-30 13:33:14.516	2026-08-30 13:33:14.613	2026-08-30 13:34:04.316	47.7s	2	6 GB	4.8 GB	7.8 GB	127.3%	7.1%	10.4 GB	55 MB
1090	b2/90c258	BGC_ANALYSIS:ANTISMASH_ANALYSIS:ANTISMASH (Pantoea_ananatis_99-33)	COMPLETED	0	2026-08-30 13:33:03.096	2026-08-30 13:33:03.192	2026-08-30 13:34:10.141	1m 5s	2	6 GB	4.6 GB	7.7 GB	112.7%	5.5%	11.1 GB	62.2 MB
1095	6d/a74b7f	BGC_ANALYSIS:ANTISMASH_ANALYSIS:ANTISMASH (Pantoea_ananatis_HR1-120)	COMPLETED	0	2026-08-30 13:33:40.256	2026-08-30 13:33:40.353	2026-08-30 13:34:12.578	30.2s	2	6 GB	691.2 MB	7.7 GB	94.9%	1.3%	1.3 GB	63.8 MB
1092	f9/f06c29	BGC_ANALYSIS:ANTISMASH_ANALYSIS:ANTISMASH (Pantoea_ananatis_Cit30-11)	COMPLETED	0	2026-08-30 13:33:20.391	2026-08-30 13:33:20.487	2026-08-30 13:34:18.632	56.2s	2	6 GB	4.7 GB	7.7 GB	111.3%	4.7%	10.2 GB	64.4 MB
1091	ae/707288	BGC_ANALYSIS:ANTISMASH_ANALYSIS:ANTISMASH (Pantoea_ananatis_99-4)	COMPLETED	0	2026-08-30 13:33:03.237	2026-08-30 13:33:03.334	2026-08-30 13:34:19.248	1m 14s	2	6 GB	3.3 GB	7.8 GB	118.2%	3.4%	19.4 GB	60.5 MB
1109	88/66f68b	BGC_ANALYSIS:ANTISMASH_ANALYSIS:ANTISMASH (Pantoea_ananatis_JT8-6)	COMPLETED	0	2026-08-30 13:34:04.320	2026-08-30 13:34:04.416	2026-08-30 13:34:26.868	20.5s	2	6 GB	837 MB	7.8 GB	133.2%	1.4%	823.5 MB	59 MB
1097	16/3f2a49	BGC_ANALYSIS:ANTISMASH_ANALYSIS:ANTISMASH (Pantoea_ananatis_HR1-67)	COMPLETED	0	2026-08-30 13:33:53.970	2026-08-30 13:33:54.062	2026-08-30 13:34:27.877	31.6s	2	6 GB	669.6 MB	7.7 GB	96.1%	1.1%	1.3 GB	65.2 MB
1108	a0/72d038	BGC_ANALYSIS:ANTISMASH_ANALYSIS:ANTISMASH (Pantoea_ananatis_JT6-7)	COMPLETED	0	2026-08-30 13:33:59.308	2026-08-30 13:33:59.405	2026-08-30 13:34:41.637	40s	2	6 GB	686.9 MB	7.7 GB	95.2%	1.2%	1.8 GB	79.2 MB
1096	a2/34a3e8	BGC_ANALYSIS:ANTISMASH_ANALYSIS:ANTISMASH (Pantoea_ananatis_HR1-30)	COMPLETED	0	2026-08-30 13:34:10.145	2026-08-30 13:34:10.242	2026-08-30 13:34:42.025	29.8s	2	6 GB	641.6 MB	7.7 GB	98.9%	1.0%	1.2 GB	63.1 MB
1102	1c/c6f1ef	BGC_ANALYSIS:ANTISMASH_ANALYSIS:ANTISMASH (Pantoea_ananatis_JT1-175)	COMPLETED	0	2026-08-30 13:34:18.638	2026-08-30 13:34:18.732	2026-08-30 13:34:51.025	30.2s	2	6 GB	668.5 MB	7.7 GB	100.5%	1.1%	1.3 GB	65.3 MB
1101	6c/5cf336	BGC_ANALYSIS:ANTISMASH_ANALYSIS:ANTISMASH (Pantoea_ananatis_JT1-171)	COMPLETED	0	2026-08-30 13:34:19.255	2026-08-30 13:34:19.348	2026-08-30 13:34:56.998	35.5s	2	6 GB	691.3 MB	7.7 GB	94.7%	1.2%	1.6 GB	73.9 MB
1104	d0/da0265	BGC_ANALYSIS:ANTISMASH_ANALYSIS:ANTISMASH (Pantoea_ananatis_JT1-187)	COMPLETED	0	2026-08-30 13:34:27.883	2026-08-30 13:34:27.977	2026-08-30 13:35:06.035	35.9s	2	6 GB	693.7 MB	7.7 GB	95.6%	1.2%	1.6 GB	74.5 MB
1105	f7/a930f9	BGC_ANALYSIS:ANTISMASH_ANALYSIS:ANTISMASH (Pantoea_ananatis_JT1-188)	COMPLETED	0	2026-08-30 13:34:51.031	2026-08-30 13:34:51.125	2026-08-30 13:35:13.227	19.9s	2	6 GB	795.7 MB	7.8 GB	129.2%	1.4%	901.5 MB	61.9 MB
1100	28/964991	BGC_ANALYSIS:ANTISMASH_ANALYSIS:ANTISMASH (Pantoea_ananatis_JT1-17)	COMPLETED	0	2026-08-30 13:34:26.872	2026-08-30 13:34:26.968	2026-08-30 13:35:13.856	44.8s	2	6 GB	714.6 MB	7.8 GB	96.9%	1.3%	2.1 GB	88.4 MB
1117	fb/00b8c0	BGC_ANALYSIS:ANTISMASH_ANALYSIS:ANTISMASH (Pantoea_dispersa_LT3-23)	COMPLETED	0	2026-08-30 13:34:42.029	2026-08-30 13:34:42.125	2026-08-30 13:35:14.663	30.6s	2	6 GB	729.4 MB	7.8 GB	108.3%	1.3%	1.4 GB	72 MB
1099	e5/f1a4bf	BGC_ANALYSIS:ANTISMASH_ANALYSIS:ANTISMASH (Pantoea_ananatis_IPG26)	COMPLETED	0	2026-08-30 13:34:12.584	2026-08-30 13:34:12.678	2026-08-30 13:35:17.721	1m 3s	2	6 GB	4.7 GB	7.8 GB	111.1%	5.3%	10.6 GB	62.4 MB
1077	70/465a94	BGC_ANALYSIS:ANTISMASH_ANALYSIS:ANTISMASH (Pantoea_ananatis_18-5S)	COMPLETED	0	2026-08-30 13:31:18.498	2026-08-30 13:31:18.594	2026-08-30 13:35:19.204	3m 59s	2	6 GB	4.8 GB	7.9 GB	111.2%	6.6%	19.8 GB	296.7 MB
1103	44/bb45cf	BGC_ANALYSIS:ANTISMASH_ANALYSIS:ANTISMASH (Pantoea_ananatis_JT1-181)	COMPLETED	0	2026-08-30 13:34:41.643	2026-08-30 13:34:41.738	2026-08-30 13:35:23.871	40.2s	2	6 GB	753.9 MB	7.8 GB	96.7%	1.3%	1.8 GB	88.7 MB
2339	cb/99dee7	BGC_ANALYSIS:ANTISMASH_ANALYSIS:ANTISMASH (Pantoea_agglomerans_C-387)	COMPLETED	0	2026-08-30 13:35:06.041	2026-08-30 13:35:06.135	2026-08-30 13:35:28.948	20.7s	2	6 GB	786.3 MB	7.8 GB	130.0%	1.4%	859.1 MB	60.3 MB
1107	9f/4991d4	BGC_ANALYSIS:ANTISMASH_ANALYSIS:ANTISMASH (Pantoea_ananatis_JT6-12)	COMPLETED	0	2026-08-30 13:34:57.006	2026-08-30 13:34:57.098	2026-08-30 13:35:37.030	38s	2	6 GB	694.1 MB	7.8 GB	95.6%	1.2%	1.7 GB	77.3 MB
1114	40/72435b	BGC_ANALYSIS:ANTISMASH_ANALYSIS:ANTISMASH (Pantoea_dispersa_ESL4)	COMPLETED	0	2026-08-30 13:35:19.208	2026-08-30 13:35:19.304	2026-08-30 13:35:42.770	21.3s	2	6 GB	782.9 MB	7.8 GB	129.6%	1.3%	845.8 MB	58.9 MB
1113	66/73f333	BGC_ANALYSIS:ANTISMASH_ANALYSIS:ANTISMASH (Pantoea_anthophila_CL1)	COMPLETED	0	2026-08-30 13:35:23.875	2026-08-30 13:35:23.971	2026-08-30 13:35:46.491	20.3s	2	6 GB	786.7 MB	7.8 GB	129.2%	1.4%	826.1 MB	56.1 MB
1118	c0/955aff	BGC_ANALYSIS:ANTISMASH_ANALYSIS:ANTISMASH (Pantoea_dispersa_LT3-8)	COMPLETED	0	2026-08-30 13:35:13.230	2026-08-30 13:35:13.328	2026-08-30 13:35:47.172	31.9s	2	6 GB	699.3 MB	7.8 GB	106.9%	1.2%	1.4 GB	71.8 MB
1110	0f/cd2150	BGC_ANALYSIS:ANTISMASH_ANALYSIS:ANTISMASH (Pantoea_ananatis_LA2-28)	COMPLETED	0	2026-08-30 13:35:14.667	2026-08-30 13:35:14.763	2026-08-30 13:35:50.829	34s	2	6 GB	671.6 MB	7.7 GB	94.6%	1.1%	1.5 GB	70.6 MB
1111	c7/3c7a2d	BGC_ANALYSIS:ANTISMASH_ANALYSIS:ANTISMASH (Pantoea_ananatis_LT2-192)	COMPLETED	0	2026-08-30 13:35:13.859	2026-08-30 13:35:13.957	2026-08-30 13:35:52.912	37s	2	6 GB	674.6 MB	7.7 GB	93.6%	1.2%	1.6 GB	75.3 MB
1115	57/61d183	BGC_ANALYSIS:ANTISMASH_ANALYSIS:ANTISMASH (Pantoea_dispersa_JL.02bL)	COMPLETED	0	2026-08-30 13:35:37.034	2026-08-30 13:35:37.130	2026-08-30 13:36:00.286	21s	2	6 GB	758.9 MB	7.8 GB	130.3%	1.3%	827 MB	58.8 MB
1112	45/4c47e3	BGC_ANALYSIS:ANTISMASH_ANALYSIS:ANTISMASH (Pantoea_ananatis_RIT_BS5)	COMPLETED	0	2026-08-30 13:35:17.726	2026-08-30 13:35:17.821	2026-08-30 13:36:00.703	40.8s	2	6 GB	715.3 MB	7.8 GB	93.4%	1.3%	1.7 GB	81.9 MB
1116	ab/fac12d	BGC_ANALYSIS:ANTISMASH_ANALYSIS:ANTISMASH (Pantoea_dispersa_LT3-10)	COMPLETED	0	2026-08-30 13:35:28.952	2026-08-30 13:35:29.048	2026-08-30 13:36:03.616	32.5s	2	6 GB	680.5 MB	7.7 GB	106.8%	1.2%	1.4 GB	71.8 MB
1119	f2/c7995f	BGC_ANALYSIS:ANTISMASH_ANALYSIS:ANTISMASH (Pantoea_dispersa_VWJL.P1)	COMPLETED	0	2026-08-30 13:35:47.176	2026-08-30 13:35:47.272	2026-08-30 13:36:10.856	21.5s	2	6 GB	794.2 MB	7.8 GB	128.7%	1.3%	826.5 MB	58.8 MB
1121	a8/737762	BGC_ANALYSIS:ANTISMASH_ANALYSIS:ANTISMASH (Pantoea_piersonii_GABEKP28)	COMPLETED	0	2026-08-30 13:35:50.833	2026-08-30 13:35:50.930	2026-08-30 13:36:16.004	23s	2	6 GB	777.2 MB	7.8 GB	123.6%	1.3%	848.3 MB	58.5 MB
1128	f5/fafdd8	BGC_ANALYSIS:ANTISMASH_ANALYSIS:ANTISMASH (Pantoea_sp._GM_Pan_5)	COMPLETED	0	2026-08-30 13:35:46.494	2026-08-30 13:35:46.590	2026-08-30 13:36:16.096	27.5s	2	6 GB	549.3 MB	7.8 GB	111.6%	0.9%	1 GB	47.3 MB
1122	15/9057c5	BGC_ANALYSIS:ANTISMASH_ANALYSIS:ANTISMASH (Pantoea_piersonii_URMC-2103A041)	COMPLETED	0	2026-08-30 13:35:52.917	2026-08-30 13:35:53.012	2026-08-30 13:36:19.301	24.3s	2	6 GB	807.3 MB	7.8 GB	121.6%	1.4%	898 MB	61.8 MB
1120	2e/896522	BGC_ANALYSIS:ANTISMASH_ANALYSIS:ANTISMASH (Pantoea_leporis_R)	COMPLETED	0	2026-08-30 13:35:42.774	2026-08-30 13:35:42.870	2026-08-30 13:36:20.316	35.5s	2	6 GB	540.6 MB	7.8 GB	105.0%	0.8%	1.3 GB	55.9 MB
1124	ec/82c1df	BGC_ANALYSIS:ANTISMASH_ANALYSIS:ANTISMASH (Pantoea_sp._GM_Pan_1)	COMPLETED	0	2026-08-30 13:36:00.289	2026-08-30 13:36:00.387	2026-08-30 13:36:32.111	29.6s	2	6 GB	517.1 MB	7.8 GB	105.3%	0.7%	1 GB	47.8 MB
1125	48/60653d	BGC_ANALYSIS:ANTISMASH_ANALYSIS:ANTISMASH (Pantoea_sp._GM_Pan_2)	COMPLETED	0	2026-08-30 13:36:03.619	2026-08-30 13:36:03.716	2026-08-30 13:36:36.055	29.9s	2	6 GB	506.6 MB	7.8 GB	102.7%	0.7%	1.1 GB	48.4 MB
1126	06/15e127	BGC_ANALYSIS:ANTISMASH_ANALYSIS:ANTISMASH (Pantoea_sp._GM_Pan_3)	COMPLETED	0	2026-08-30 13:36:10.862	2026-08-30 13:36:10.956	2026-08-30 13:36:39.198	25.7s	2	6 GB	528 MB	7.8 GB	110.9%	0.7%	1004.4 MB	46.5 MB
1131	1d/d5d410	BGC_ANALYSIS:ANTISMASH_ANALYSIS:ANTISMASH (Pantoea_sp._LMR881)	COMPLETED	0	2026-08-30 13:36:20.320	2026-08-30 13:36:20.416	2026-08-30 13:36:43.166	20.7s	2	6 GB	790.5 MB	7.8 GB	118.7%	1.3%	861.3 MB	61.9 MB
1123	c9/851124	BGC_ANALYSIS:ANTISMASH_ANALYSIS:ANTISMASH (Pantoea_sp._Chal_Metagen_Bin9)	COMPLETED	0	2026-08-30 13:36:00.706	2026-08-30 13:36:00.803	2026-08-30 13:36:45.676	42.8s	2	6 GB	785.1 MB	7.8 GB	93.3%	1.3%	1.6 GB	90.8 MB
1132	fd/59df2a	BGC_ANALYSIS:ANTISMASH_ANALYSIS:ANTISMASH (Pantoea_sp._RG18)	COMPLETED	0	2026-08-30 13:36:19.307	2026-08-30 13:36:19.401	2026-08-30 13:36:51.381	29.9s	2	6 GB	730.5 MB	7.8 GB	97.8%	1.3%	1.2 GB	68.6 MB
1129	7b/d6162a	BGC_ANALYSIS:ANTISMASH_ANALYSIS:ANTISMASH (Pantoea_sp._JK)	COMPLETED	0	2026-08-30 13:36:16.020	2026-08-30 13:36:16.096	2026-08-30 13:36:51.712	33s	2	6 GB	684.6 MB	7.8 GB	94.7%	1.2%	1.3 GB	70.8 MB
1127	31/15c140	BGC_ANALYSIS:ANTISMASH_ANALYSIS:ANTISMASH (Pantoea_sp._GM_Pan_4)	COMPLETED	0	2026-08-30 13:36:16.101	2026-08-30 13:36:16.197	2026-08-30 13:36:51.765	33s	2	6 GB	517.4 MB	7.8 GB	103.8%	0.8%	1.4 GB	57.5 MB
1133	29/0f0241	BGC_ANALYSIS:ANTISMASH_ANALYSIS:ANTISMASH (Pantoea_stewartii_HR3-48)	COMPLETED	0	2026-08-30 13:36:36.058	2026-08-30 13:36:36.155	2026-08-30 13:36:57.475	19.3s	2	6 GB	786.3 MB	7.8 GB	131.1%	1.4%	802 MB	56.9 MB
1137	27/eaa433	BGC_ANALYSIS:ANTISMASH_ANALYSIS:ANTISMASH (Buchnera_aphidicola_Aphis_craccivore_Ash)	COMPLETED	0	2026-08-30 13:36:51.768	2026-08-30 13:36:51.865	2026-08-30 13:37:01.908	7.8s	2	6 GB	320 MB	4.9 GB	95.4%	0.5%	290.3 MB	9.5 MB
1130	47/98f04d	BGC_ANALYSIS:ANTISMASH_ANALYSIS:ANTISMASH (Pantoea_sp._JV6)	COMPLETED	0	2026-08-30 13:36:32.115	2026-08-30 13:36:32.211	2026-08-30 13:37:09.145	34.9s	2	6 GB	698.8 MB	7.8 GB	93.8%	1.2%	1.3 GB	71.9 MB
1147	e4/2a1299	BGC_ANALYSIS:ANTISMASH_ANALYSIS:ANTISMASH (Erwinia_amylovora_FB-207)	COMPLETED	0	2026-08-30 13:36:51.715	2026-08-30 13:36:51.765	2026-08-30 13:37:12.883	18.8s	2	6 GB	682.8 MB	7.7 GB	130.2%	1.1%	669.7 MB	41.8 MB
1134	42/31e84f	BGC_ANALYSIS:ANTISMASH_ANALYSIS:ANTISMASH (Pantoea_vagans_Mg1)	COMPLETED	0	2026-08-30 13:36:39.201	2026-08-30 13:36:39.298	2026-08-30 13:37:20.671	39.2s	2	6 GB	721.5 MB	7.8 GB	91.1%	1.3%	1.6 GB	78.7 MB
1139	7a/6bd103	BGC_ANALYSIS:ANTISMASH_ANALYSIS:ANTISMASH (Buchnera_aphidicola_Pentalonia_nigronervosa_Ba4)	COMPLETED	0	2026-08-30 13:37:12.886	2026-08-30 13:37:12.983	2026-08-30 13:37:21.215	6.2s	2	6 GB	209.3 MB	2.7 GB	109.7%	0.3%	279.7 MB	8.9 MB
1146	e1/d5e4b8	BGC_ANALYSIS:ANTISMASH_ANALYSIS:ANTISMASH (Erwinia_amylovora_FB-20)	COMPLETED	0	2026-08-30 13:37:01.912	2026-08-30 13:37:02.008	2026-08-30 13:37:22.142	17.7s	2	6 GB	705.3 MB	7.8 GB	130.5%	1.1%	669.7 MB	41.8 MB
1135	d0/423e1a	BGC_ANALYSIS:ANTISMASH_ANALYSIS:ANTISMASH (Pantoea_vagans_Pag_UMAF3067)	COMPLETED	0	2026-08-30 13:36:43.170	2026-08-30 13:36:43.266	2026-08-30 13:37:28.607	43.4s	2	6 GB	780.8 MB	7.8 GB	95.9%	1.3%	1.9 GB	87.2 MB
1150	6d/b5e080	BGC_ANALYSIS:ANTISMASH_ANALYSIS:ANTISMASH (Erwinia_amylovora_TS3128)	COMPLETED	0	2026-08-30 13:37:09.158	2026-08-30 13:37:09.245	2026-08-30 13:37:28.929	17.3s	2	6 GB	695.7 MB	7.7 GB	128.1%	1.1%	664.2 MB	44.4 MB
1141	9c/42c04b	BGC_ANALYSIS:ANTISMASH_ANALYSIS:ANTISMASH (Duffyella_gerundensis_Eg13-2)	COMPLETED	0	2026-08-30 13:36:51.385	2026-08-30 13:36:51.481	2026-08-30 13:37:29.958	36.3s	2	6 GB	485.1 MB	7.8 GB	100.1%	0.7%	1.3 GB	54.6 MB
1138	09/b6d82a	BGC_ANALYSIS:ANTISMASH_ANALYSIS:ANTISMASH (Buchnera_aphidicola_Aphis_gossypii_PASI)	COMPLETED	0	2026-08-30 13:37:22.145	2026-08-30 13:37:22.242	2026-08-30 13:37:30.068	5.8s	2	6 GB	204.1 MB	2.7 GB	104.9%	0.3%	242.6 MB	5.3 MB
1136	03/257687	BGC_ANALYSIS:ANTISMASH_ANALYSIS:ANTISMASH (Pantoea_vagans_Pag_UMAF3084)	COMPLETED	0	2026-08-30 13:36:45.680	2026-08-30 13:36:45.776	2026-08-30 13:37:31.543	43.7s	2	6 GB	777.3 MB	7.8 GB	97.8%	1.3%	1.9 GB	88.7 MB
1151	a4/7f9afe	BGC_ANALYSIS:ANTISMASH_ANALYSIS:ANTISMASH (Erwinia_amylovora_TS3238)	COMPLETED	0	2026-08-30 13:37:20.675	2026-08-30 13:37:20.771	2026-08-30 13:37:39.736	16.9s	2	6 GB	697.2 MB	7.7 GB	132.2%	1.1%	669.4 MB	41.8 MB
1143	0e/8a2148	BGC_ANALYSIS:ANTISMASH_ANALYSIS:ANTISMASH (Duffyella_gerundensis_Eg31-2)	COMPLETED	0	2026-08-30 13:36:57.480	2026-08-30 13:36:57.575	2026-08-30 13:37:49.446	49.4s	2	6 GB	489.3 MB	7.8 GB	102.0%	0.7%	2.2 GB	75.5 MB
1140	14/bfde0c	BGC_ANALYSIS:ANTISMASH_ANALYSIS:ANTISMASH (Candidatus_Pantoea_persica_Kerman3)	COMPLETED	0	2026-08-30 13:37:29.961	2026-08-30 13:37:30.058	2026-08-30 13:37:49.840	17.8s	2	6 GB	574.4 MB	7.7 GB	101.5%	1.0%	808.2 MB	39.3 MB
1148	e6/726399	BGC_ANALYSIS:ANTISMASH_ANALYSIS:ANTISMASH (Erwinia_amylovora_FB-307)	COMPLETED	0	2026-08-30 13:37:39.739	2026-08-30 13:37:39.836	2026-08-30 13:37:58.741	16.9s	2	6 GB	702.4 MB	7.7 GB	133.3%	1.1%	669.7 MB	41.8 MB
1144	8b/69d55b	BGC_ANALYSIS:ANTISMASH_ANALYSIS:ANTISMASH (Duffyella_gerundensis_Eg31-5)	COMPLETED	0	2026-08-30 13:37:21.220	2026-08-30 13:37:21.316	2026-08-30 13:38:05.374	42.1s	2	6 GB	490.6 MB	7.7 GB	102.6%	0.7%	1.8 GB	65.7 MB
1152	38/a98959	BGC_ANALYSIS:ANTISMASH_ANALYSIS:ANTISMASH (Erwinia_aphidicola_JCM_21238)	COMPLETED	0	2026-08-30 13:37:30.071	2026-08-30 13:37:30.168	2026-08-30 13:38:05.689	33.7s	2	6 GB	702.2 MB	7.8 GB	98.6%	1.2%	1.2 GB	69.9 MB
1142	a3/8cf169	BGC_ANALYSIS:ANTISMASH_ANALYSIS:ANTISMASH (Duffyella_gerundensis_Eg13-3)	COMPLETED	0	2026-08-30 13:37:31.546	2026-08-30 13:37:31.643	2026-08-30 13:38:07.507	33.9s	2	6 GB	492.8 MB	7.8 GB	103.6%	0.7%	1.3 GB	54.1 MB
1149	f3/26f9ab	BGC_ANALYSIS:ANTISMASH_ANALYSIS:ANTISMASH (Erwinia_amylovora_FB-86)	COMPLETED	0	2026-08-30 13:37:49.450	2026-08-30 13:37:49.546	2026-08-30 13:38:08.567	17s	2	6 GB	694.5 MB	7.7 GB	133.4%	1.1%	669.7 MB	41.8 MB
1145	5b/5e40ef	BGC_ANALYSIS:ANTISMASH_ANALYSIS:ANTISMASH (Erwinia_amylovora_245_07)	COMPLETED	0	2026-08-30 13:37:28.933	2026-08-30 13:37:29.029	2026-08-30 13:38:09.880	38.9s	2	6 GB	470.2 MB	7.7 GB	102.1%	0.7%	1.7 GB	59.9 MB
1163	74/57fc81	BGC_ANALYSIS:ANTISMASH_ANALYSIS:ANTISMASH (Pantoea_agglomerans_CFBP13569)	COMPLETED	0	2026-08-30 13:37:49.844	2026-08-30 13:37:49.940	2026-08-30 13:38:17.450	25.5s	2	6 GB	732.3 MB	7.8 GB	108.4%	1.2%	1 GB	62.1 MB
1153	e3/2fd516	BGC_ANALYSIS:ANTISMASH_ANALYSIS:ANTISMASH (Erwinia_persicina_CFBP13732)	COMPLETED	0	2026-08-30 13:37:28.610	2026-08-30 13:37:28.707	2026-08-30 13:38:27.078	56.4s	2	6 GB	802.2 MB	7.8 GB	95.2%	1.3%	2.7 GB	105.5 MB
1156	d7/244218	BGC_ANALYSIS:ANTISMASH_ANALYSIS:ANTISMASH (Erwinia_persicina_CFBP8797)	COMPLETED	0	2026-08-30 13:38:05.693	2026-08-30 13:38:05.789	2026-08-30 13:38:40.003	32.1s	2	6 GB	735 MB	7.8 GB	98.4%	1.3%	1.3 GB	69.6 MB
1166	4f/e3760a	BGC_ANALYSIS:ANTISMASH_ANALYSIS:ANTISMASH (Pantoea_agglomerans_CFBP13731)	COMPLETED	0	2026-08-30 13:38:07.511	2026-08-30 13:38:07.607	2026-08-30 13:38:45.893	36.3s	2	6 GB	743.8 MB	7.8 GB	95.0%	1.2%	1.6 GB	78 MB
1157	fb/859646	BGC_ANALYSIS:ANTISMASH_ANALYSIS:ANTISMASH (Erwinia_persicina_CFBP8803)	COMPLETED	0	2026-08-30 13:38:08.570	2026-08-30 13:38:08.667	2026-08-30 13:38:46.929	36.3s	2	6 GB	772.8 MB	7.8 GB	96.5%	1.3%	1.6 GB	75.7 MB
1159	aa/c4762e	BGC_ANALYSIS:ANTISMASH_ANALYSIS:ANTISMASH (Erwinia_sp._JH02)	COMPLETED	0	2026-08-30 13:38:09.883	2026-08-30 13:38:09.980	2026-08-30 13:38:48.401	36.5s	2	6 GB	807.1 MB	7.8 GB	96.6%	1.3%	1.5 GB	78.9 MB
1155	41/f77a52	BGC_ANALYSIS:ANTISMASH_ANALYSIS:ANTISMASH (Erwinia_persicina_CFBP8795)	COMPLETED	0	2026-08-30 13:38:05.377	2026-08-30 13:38:05.474	2026-08-30 13:38:48.800	41.3s	2	6 GB	816.1 MB	7.8 GB	96.6%	1.3%	1.9 GB	85.9 MB
1158	d9/169892	BGC_ANALYSIS:ANTISMASH_ANALYSIS:ANTISMASH (Erwinia_persicina_DOAB1061)	COMPLETED	0	2026-08-30 13:38:17.454	2026-08-30 13:38:17.550	2026-08-30 13:38:51.179	31.5s	2	6 GB	646.5 MB	7.7 GB	98.5%	1.0%	1.2 GB	68.3 MB
1154	21/4fb060	BGC_ANALYSIS:ANTISMASH_ANALYSIS:ANTISMASH (Erwinia_persicina_CFBP8767)	COMPLETED	0	2026-08-30 13:37:58.745	2026-08-30 13:37:58.842	2026-08-30 13:38:56.298	55.2s	2	6 GB	780 MB	7.8 GB	95.4%	1.3%	2.7 GB	106 MB
1171	39/434150	BGC_ANALYSIS:ANTISMASH_ANALYSIS:ANTISMASH (Pantoea_agglomerans_CFBP8786)	COMPLETED	0	2026-08-30 13:38:27.081	2026-08-30 13:38:27.178	2026-08-30 13:39:02.765	33.7s	2	6 GB	736.2 MB	7.8 GB	95.2%	1.2%	1.4 GB	72.9 MB
1160	89/326a61	BGC_ANALYSIS:ANTISMASH_ANALYSIS:ANTISMASH (Pantoea_agglomerans_62d)	COMPLETED	0	2026-08-30 13:38:40.006	2026-08-30 13:38:40.103	2026-08-30 13:39:06.423	24.3s	2	6 GB	727.7 MB	7.8 GB	100.9%	1.3%	990.1 MB	59.6 MB
1161	ee/2e0d97	BGC_ANALYSIS:ANTISMASH_ANALYSIS:ANTISMASH (Pantoea_agglomerans_62e)	COMPLETED	0	2026-08-30 13:38:46.932	2026-08-30 13:38:47.029	2026-08-30 13:39:12.415	23.4s	2	6 GB	736.7 MB	7.8 GB	106.4%	1.2%	969.3 MB	59.2 MB
1164	26/81a48d	BGC_ANALYSIS:ANTISMASH_ANALYSIS:ANTISMASH (Pantoea_agglomerans_CFBP13616)	COMPLETED	0	2026-08-30 13:38:51.183	2026-08-30 13:38:51.279	2026-08-30 13:39:21.702	28.4s	2	6 GB	751.2 MB	7.8 GB	96.4%	1.3%	1.1 GB	63.5 MB
1169	17/a80ad0	BGC_ANALYSIS:ANTISMASH_ANALYSIS:ANTISMASH (Pantoea_agglomerans_CFBP8784)	COMPLETED	0	2026-08-30 13:38:56.302	2026-08-30 13:38:56.399	2026-08-30 13:39:25.806	27.2s	2	6 GB	740.7 MB	7.8 GB	104.3%	1.2%	1.1 GB	64 MB
1162	ae/70c59d	BGC_ANALYSIS:ANTISMASH_ANALYSIS:ANTISMASH (Pantoea_agglomerans_CFBP13566)	COMPLETED	0	2026-08-30 13:38:45.896	2026-08-30 13:38:45.994	2026-08-30 13:39:28.789	40.8s	2	6 GB	763 MB	7.8 GB	94.2%	1.3%	1.9 GB	85.4 MB
1175	72/70160f	BGC_ANALYSIS:ANTISMASH_ANALYSIS:ANTISMASH (Pantoea_agglomerans_DOAB1048)	COMPLETED	0	2026-08-30 13:38:48.804	2026-08-30 13:38:48.900	2026-08-30 13:39:29.384	38.5s	2	6 GB	667.4 MB	7.7 GB	95.5%	1.2%	1.8 GB	80.1 MB
1167	c9/6570fc	BGC_ANALYSIS:ANTISMASH_ANALYSIS:ANTISMASH (Pantoea_agglomerans_CFBP8756)	COMPLETED	0	2026-08-30 13:39:06.427	2026-08-30 13:39:06.524	2026-08-30 13:39:29.989	21.5s	2	6 GB	781 MB	7.8 GB	127.2%	1.3%	897.3 MB	62.3 MB
1170	a6/d6ee22	BGC_ANALYSIS:ANTISMASH_ANALYSIS:ANTISMASH (Pantoea_agglomerans_CFBP8785)	COMPLETED	0	2026-08-30 13:39:12.417	2026-08-30 13:39:12.515	2026-08-30 13:39:36.055	21.6s	2	6 GB	836.1 MB	7.9 GB	124.6%	1.4%	882.6 MB	62 MB
1165	1c/3c1483	BGC_ANALYSIS:ANTISMASH_ANALYSIS:ANTISMASH (Pantoea_agglomerans_CFBP13709)	COMPLETED	0	2026-08-30 13:38:48.404	2026-08-30 13:38:48.502	2026-08-30 13:39:44.065	53.7s	2	6 GB	829.7 MB	7.9 GB	96.0%	1.3%	2.6 GB	105.3 MB
1168	7c/c36320	BGC_ANALYSIS:ANTISMASH_ANALYSIS:ANTISMASH (Pantoea_agglomerans_CFBP8783)	COMPLETED	0	2026-08-30 13:39:02.768	2026-08-30 13:39:02.865	2026-08-30 13:39:45.244	40.3s	2	6 GB	792.1 MB	7.8 GB	93.5%	1.4%	1.8 GB	84.5 MB
1172	9c/88e3d1	BGC_ANALYSIS:ANTISMASH_ANALYSIS:ANTISMASH (Pantoea_agglomerans_CFBP8791)	COMPLETED	0	2026-08-30 13:39:21.705	2026-08-30 13:39:21.802	2026-08-30 13:40:02.052	38.2s	2	6 GB	710.7 MB	7.8 GB	94.8%	1.2%	1.7 GB	78.6 MB
1184	cc/0c58b7	BGC_ANALYSIS:ANTISMASH_ANALYSIS:ANTISMASH (Pantoea_agglomerans_MR10)	COMPLETED	0	2026-08-30 13:39:29.993	2026-08-30 13:39:30.089	2026-08-30 13:40:04.427	32.3s	2	6 GB	748.1 MB	7.8 GB	98.8%	1.3%	1.3 GB	69.6 MB
1173	60/431646	BGC_ANALYSIS:ANTISMASH_ANALYSIS:ANTISMASH (Pantoea_agglomerans_CFBP8792)	COMPLETED	0	2026-08-30 13:39:29.386	2026-08-30 13:39:29.483	2026-08-30 13:40:07.870	36.3s	2	6 GB	819.3 MB	7.8 GB	94.7%	1.3%	1.5 GB	78.4 MB
1178	d6/aeef8c	BGC_ANALYSIS:ANTISMASH_ANALYSIS:ANTISMASH (Pantoea_agglomerans_E325-750)	COMPLETED	0	2026-08-30 13:39:25.809	2026-08-30 13:39:25.906	2026-08-30 13:40:08.227	40.3s	2	6 GB	511.2 MB	7.7 GB	106.8%	0.7%	1.8 GB	67.9 MB
1181	79/48a1d8	BGC_ANALYSIS:ANTISMASH_ANALYSIS:ANTISMASH (Pantoea_agglomerans_E325-ad2)	COMPLETED	0	2026-08-30 13:39:28.793	2026-08-30 13:39:28.889	2026-08-30 13:40:08.242	37.3s	2	6 GB	492.1 MB	7.7 GB	104.3%	0.7%	1.6 GB	62.1 MB
1174	21/21dcbb	BGC_ANALYSIS:ANTISMASH_ANALYSIS:ANTISMASH (Pantoea_agglomerans_CFBP8800)	COMPLETED	0	2026-08-30 13:39:36.058	2026-08-30 13:39:36.155	2026-08-30 13:40:11.844	33.4s	2	6 GB	760 MB	7.8 GB	98.2%	1.3%	1.4 GB	74 MB
1176	dc/02d5d9	BGC_ANALYSIS:ANTISMASH_ANALYSIS:ANTISMASH (Pantoea_agglomerans_E325-699)	COMPLETED	0	2026-08-30 13:39:45.248	2026-08-30 13:39:45.344	2026-08-30 13:40:19.172	31.9s	2	6 GB	524.4 MB	7.8 GB	106.5%	0.7%	1.3 GB	55.3 MB
1177	97/d3e63f	BGC_ANALYSIS:ANTISMASH_ANALYSIS:ANTISMASH (Pantoea_agglomerans_E325-705)	COMPLETED	0	2026-08-30 13:39:44.068	2026-08-30 13:39:44.165	2026-08-30 13:40:19.271	33.1s	2	6 GB	486.1 MB	7.7 GB	102.6%	0.7%	1.3 GB	55.8 MB
1187	95/73b04f	BGC_ANALYSIS:ANTISMASH_ANALYSIS:ANTISMASH (Pantoea_agglomerans_Pa17-5)	COMPLETED	0	2026-08-30 13:40:08.245	2026-08-30 13:40:08.342	2026-08-30 13:40:36.657	26.3s	2	6 GB	558.3 MB	7.8 GB	116.5%	0.9%	1.1 GB	51 MB
1179	f2/8e2abf	BGC_ANALYSIS:ANTISMASH_ANALYSIS:ANTISMASH (Pantoea_agglomerans_E325-754)	COMPLETED	0	2026-08-30 13:40:04.430	2026-08-30 13:40:04.527	2026-08-30 13:40:40.161	33.7s	2	6 GB	504.8 MB	7.8 GB	101.5%	0.7%	1.4 GB	56.8 MB
1183	fe/5549e4	BGC_ANALYSIS:ANTISMASH_ANALYSIS:ANTISMASH (Pantoea_agglomerans_FJII-L5-SW-P2)	COMPLETED	0	2026-08-30 13:40:08.230	2026-08-30 13:40:08.242	2026-08-30 13:40:41.313	31s	2	6 GB	708.3 MB	7.8 GB	92.1%	1.2%	1.3 GB	67 MB
1185	c8/6edf0f	BGC_ANALYSIS:ANTISMASH_ANALYSIS:ANTISMASH (Pantoea_agglomerans_MR19)	COMPLETED	0	2026-08-30 13:40:11.848	2026-08-30 13:40:11.944	2026-08-30 13:40:46.956	33s	2	6 GB	750.1 MB	7.8 GB	96.6%	1.3%	1.3 GB	69.6 MB
1190	b0/7f4469	BGC_ANALYSIS:ANTISMASH_ANALYSIS:ANTISMASH (Pantoea_agglomerans_Pa21-3)	COMPLETED	0	2026-08-30 13:40:19.274	2026-08-30 13:40:19.371	2026-08-30 13:40:54.858	33.4s	2	6 GB	502.8 MB	7.8 GB	103.6%	0.7%	1.3 GB	58 MB
1182	6d/7977e3	BGC_ANALYSIS:ANTISMASH_ANALYSIS:ANTISMASH (Pantoea_agglomerans_E325)	COMPLETED	0	2026-08-30 13:40:02.055	2026-08-30 13:40:02.152	2026-08-30 13:40:57.648	53.5s	2	6 GB	497.4 MB	7.7 GB	105.6%	0.7%	2.5 GB	85.5 MB
1180	bd/aa97c8	BGC_ANALYSIS:ANTISMASH_ANALYSIS:ANTISMASH (Pantoea_agglomerans_E325-ad1)	COMPLETED	0	2026-08-30 13:40:07.873	2026-08-30 13:40:07.970	2026-08-30 13:40:59.479	49.5s	2	6 GB	503.9 MB	7.8 GB	105.0%	0.7%	2.3 GB	80.1 MB
1186	cd/5fa725	BGC_ANALYSIS:ANTISMASH_ANALYSIS:ANTISMASH (Pantoea_agglomerans_Pa17-1)	COMPLETED	0	2026-08-30 13:40:19.175	2026-08-30 13:40:19.271	2026-08-30 13:41:01.035	39.7s	2	6 GB	500.7 MB	7.7 GB	102.8%	0.7%	1.7 GB	65.3 MB
1201	23/1ffb42	BGC_ANALYSIS:ANTISMASH_ANALYSIS:ANTISMASH (Pantoea_agglomerans_Pa39-7)	COMPLETED	0	2026-08-30 13:40:40.165	2026-08-30 13:40:40.261	2026-08-30 13:41:12.382	30.2s	2	6 GB	525.1 MB	7.8 GB	106.4%	0.7%	1.2 GB	53.1 MB
1188	bd/438ff9	BGC_ANALYSIS:ANTISMASH_ANALYSIS:ANTISMASH (Pantoea_agglomerans_Pa21-13)	COMPLETED	0	2026-08-30 13:40:41.317	2026-08-30 13:40:41.413	2026-08-30 13:41:13.371	29.9s	2	6 GB	527.2 MB	7.8 GB	104.7%	0.7%	1.1 GB	50.8 MB
1189	ae/48c621	BGC_ANALYSIS:ANTISMASH_ANALYSIS:ANTISMASH (Pantoea_agglomerans_Pa21-15)	COMPLETED	0	2026-08-30 13:40:36.664	2026-08-30 13:40:36.757	2026-08-30 13:41:15.960	37.2s	2	6 GB	482.7 MB	7.8 GB	99.6%	0.7%	1.6 GB	62 MB
1192	38/99aa60	BGC_ANALYSIS:ANTISMASH_ANALYSIS:ANTISMASH (Pantoea_agglomerans_Pa31-3)	COMPLETED	0	2026-08-30 13:40:46.961	2026-08-30 13:40:47.056	2026-08-30 13:41:30.520	41.4s	2	6 GB	512.3 MB	7.8 GB	101.3%	0.7%	1.7 GB	67.9 MB
1191	58/8da217	BGC_ANALYSIS:ANTISMASH_ANALYSIS:ANTISMASH (Pantoea_agglomerans_Pa21-5)	COMPLETED	0	2026-08-30 13:40:54.866	2026-08-30 13:40:54.958	2026-08-30 13:41:36.662	39.7s	2	6 GB	493.6 MB	7.8 GB	103.0%	0.8%	1.7 GB	65.3 MB
1193	c4/3a85e2	BGC_ANALYSIS:ANTISMASH_ANALYSIS:ANTISMASH (Pantoea_agglomerans_Pa31-4)	COMPLETED	0	2026-08-30 13:40:59.482	2026-08-30 13:40:59.579	2026-08-30 13:41:40.130	38.6s	2	6 GB	506.5 MB	7.8 GB	103.4%	0.7%	1.7 GB	65.2 MB
1194	f9/76cdb4	BGC_ANALYSIS:ANTISMASH_ANALYSIS:ANTISMASH (Pantoea_agglomerans_Pa39-1)	COMPLETED	0	2026-08-30 13:41:01.038	2026-08-30 13:41:01.135	2026-08-30 13:41:42.544	39.4s	2	6 GB	502.9 MB	7.8 GB	101.5%	0.7%	1.7 GB	66 MB
1196	14/fb1ab3	BGC_ANALYSIS:ANTISMASH_ANALYSIS:ANTISMASH (Pantoea_agglomerans_Pa39-21)	COMPLETED	0	2026-08-30 13:41:13.374	2026-08-30 13:41:13.471	2026-08-30 13:41:50.242	34.8s	2	6 GB	479 MB	7.7 GB	102.7%	0.7%	1.4 GB	59.3 MB
1197	cd/83657f	BGC_ANALYSIS:ANTISMASH_ANALYSIS:ANTISMASH (Pantoea_agglomerans_Pa39-23)	COMPLETED	0	2026-08-30 13:41:15.965	2026-08-30 13:41:16.060	2026-08-30 13:41:52.727	34.8s	2	6 GB	489.9 MB	7.8 GB	103.0%	0.7%	1.4 GB	59.8 MB
1195	22/ef6752	BGC_ANALYSIS:ANTISMASH_ANALYSIS:ANTISMASH (Pantoea_agglomerans_Pa39-14)	COMPLETED	0	2026-08-30 13:41:12.385	2026-08-30 13:41:12.482	2026-08-30 13:41:55.162	40.7s	2	6 GB	495.2 MB	7.7 GB	104.9%	0.8%	1.8 GB	69.4 MB
1203	08/cd63a0	BGC_ANALYSIS:ANTISMASH_ANALYSIS:ANTISMASH (Pantoea_ananatis_B7)	COMPLETED	0	2026-08-30 13:40:57.651	2026-08-30 13:40:57.748	2026-08-30 13:41:59.388	59.7s	2	6 GB	4.7 GB	7.8 GB	108.5%	5.6%	10.5 GB	74.9 MB
1199	7b/6d69c7	BGC_ANALYSIS:ANTISMASH_ANALYSIS:ANTISMASH (Pantoea_agglomerans_Pa39-3)	COMPLETED	0	2026-08-30 13:41:30.524	2026-08-30 13:41:30.620	2026-08-30 13:42:08.414	35.8s	2	6 GB	488 MB	7.7 GB	98.8%	0.7%	1.5 GB	60.8 MB
1204	a4/a63958	BGC_ANALYSIS:ANTISMASH_ANALYSIS:ANTISMASH (Pantoea_ananatis_FDAARGOS_680)	COMPLETED	0	2026-08-30 13:41:52.731	2026-08-30 13:41:52.827	2026-08-30 13:42:15.323	20.6s	2	6 GB	865.4 MB	7.9 GB	131.1%	1.5%	901.3 MB	62.1 MB
1200	67/c25480	BGC_ANALYSIS:ANTISMASH_ANALYSIS:ANTISMASH (Pantoea_agglomerans_Pa39-5)	COMPLETED	0	2026-08-30 13:41:36.666	2026-08-30 13:41:36.762	2026-08-30 13:42:16.836	38.1s	2	6 GB	502.8 MB	7.7 GB	102.9%	0.7%	1.6 GB	64.5 MB
1198	22/6a4c6d	BGC_ANALYSIS:ANTISMASH_ANALYSIS:ANTISMASH (Pantoea_agglomerans_Pa39-27)	COMPLETED	0	2026-08-30 13:41:40.135	2026-08-30 13:41:40.230	2026-08-30 13:42:22.050	39.9s	2	6 GB	479.3 MB	7.7 GB	99.3%	0.7%	1.7 GB	67.3 MB
1206	35/239f7d	BGC_ANALYSIS:ANTISMASH_ANALYSIS:ANTISMASH (Pantoea_ananatis_NRRL_B-14773)	COMPLETED	0	2026-08-30 13:41:55.165	2026-08-30 13:41:55.262	2026-08-30 13:42:36.038	38.8s	2	6 GB	707.4 MB	7.8 GB	95.7%	1.3%	1.7 GB	83.1 MB
1209	4e/43ac66	BGC_ANALYSIS:ANTISMASH_ANALYSIS:ANTISMASH (Pantoea_brenneri_IF5SW-B2)	COMPLETED	0	2026-08-30 13:41:59.392	2026-08-30 13:41:59.488	2026-08-30 13:42:48.768	47.3s	2	6 GB	694.6 MB	7.8 GB	96.9%	1.3%	2.3 GB	94.4 MB
1202	32/9fccb0	BGC_ANALYSIS:ANTISMASH_ANALYSIS:ANTISMASH (Pantoea_allii_DOAB1050)	COMPLETED	0	2026-08-30 13:41:42.548	2026-08-30 13:41:42.644	2026-08-30 13:42:48.861	1m 4s	2	6 GB	4.8 GB	7.7 GB	108.4%	8.2%	11.8 GB	81.3 MB
1205	78/0f1226	BGC_ANALYSIS:ANTISMASH_ANALYSIS:ANTISMASH (Pantoea_ananatis_M232A)	COMPLETED	0	2026-08-30 13:41:50.246	2026-08-30 13:41:50.342	2026-08-30 13:42:50.336	58s	2	6 GB	4.7 GB	7.8 GB	109.1%	3.2%	10.5 GB	74 MB
1207	aa/9e1d20	BGC_ANALYSIS:ANTISMASH_ANALYSIS:ANTISMASH (Pantoea_beijingensis_ES4-1)	COMPLETED	0	2026-08-30 13:42:15.327	2026-08-30 13:42:15.424	2026-08-30 13:42:52.962	35.5s	2	6 GB	473.6 MB	7.7 GB	101.6%	0.7%	1.6 GB	59.3 MB
1208	27/6aef9a	BGC_ANALYSIS:ANTISMASH_ANALYSIS:ANTISMASH (Pantoea_brenneri_IF5SW-B1)	COMPLETED	0	2026-08-30 13:42:08.417	2026-08-30 13:42:08.514	2026-08-30 13:42:57.353	46.8s	2	6 GB	725.6 MB	7.8 GB	95.1%	1.3%	2.2 GB	92.9 MB
1210	f7/009135	BGC_ANALYSIS:ANTISMASH_ANALYSIS:ANTISMASH (Pantoea_brenneri_IF5SW-P1_2)	COMPLETED	0	2026-08-30 13:42:16.840	2026-08-30 13:42:16.936	2026-08-30 13:43:05.515	46.6s	2	6 GB	697.9 MB	7.8 GB	95.3%	1.2%	2.2 GB	93.4 MB
1213	8d/5b6d1c	BGC_ANALYSIS:ANTISMASH_ANALYSIS:ANTISMASH (Pantoea_brenneri_IFACSW-P2)	COMPLETED	0	2026-08-30 13:42:22.054	2026-08-30 13:42:22.151	2026-08-30 13:43:11.240	47s	2	6 GB	711.8 MB	7.8 GB	96.6%	1.3%	2.2 GB	93.9 MB
1226	00/d80f65	BGC_ANALYSIS:ANTISMASH_ANALYSIS:ANTISMASH (Pantoea_nemavictus_BIGb0393)	COMPLETED	0	2026-08-30 13:42:52.966	2026-08-30 13:42:53.062	2026-08-30 13:43:16.481	21.5s	2	6 GB	816.9 MB	7.8 GB	127.7%	1.4%	868.7 MB	60.4 MB
1211	42/f72684	BGC_ANALYSIS:ANTISMASH_ANALYSIS:ANTISMASH (Pantoea_brenneri_IF5SW-P2)	COMPLETED	0	2026-08-30 13:42:36.042	2026-08-30 13:42:36.139	2026-08-30 13:43:24.837	46.6s	2	6 GB	698 MB	7.8 GB	95.9%	1.2%	2.2 GB	93.4 MB
1212	55/d855c1	BGC_ANALYSIS:ANTISMASH_ANALYSIS:ANTISMASH (Pantoea_brenneri_IFACSW-B3)	COMPLETED	0	2026-08-30 13:42:48.772	2026-08-30 13:42:48.861	2026-08-30 13:43:37.699	46.9s	2	6 GB	689.8 MB	7.8 GB	94.9%	1.2%	2.2 GB	93.4 MB
1214	7a/85a814	BGC_ANALYSIS:ANTISMASH_ANALYSIS:ANTISMASH (Pantoea_brenneri_IIF5SW-B1)	COMPLETED	0	2026-08-30 13:42:48.864	2026-08-30 13:42:48.961	2026-08-30 13:43:38.011	47.1s	2	6 GB	705.1 MB	7.8 GB	94.4%	1.3%	2.2 GB	92.9 MB
1216	6e/8c47fc	BGC_ANALYSIS:ANTISMASH_ANALYSIS:ANTISMASH (Pantoea_brenneri_IIF5SW-B5)	COMPLETED	0	2026-08-30 13:42:50.339	2026-08-30 13:42:50.436	2026-08-30 13:43:38.958	46.6s	2	6 GB	707.7 MB	7.8 GB	96.1%	1.3%	2.2 GB	93.9 MB
1215	c9/3770fb	BGC_ANALYSIS:ANTISMASH_ANALYSIS:ANTISMASH (Pantoea_brenneri_IIF5SW-B2)	COMPLETED	0	2026-08-30 13:42:57.358	2026-08-30 13:42:57.453	2026-08-30 13:43:45.793	46.2s	2	6 GB	727.9 MB	7.8 GB	95.7%	1.3%	2.2 GB	92.4 MB
1219	b7/eccc87	BGC_ANALYSIS:ANTISMASH_ANALYSIS:ANTISMASH (Pantoea_brenneri_IIF5SW-P3)	COMPLETED	0	2026-08-30 13:43:05.520	2026-08-30 13:43:05.615	2026-08-30 13:43:54.117	46.3s	2	6 GB	708.1 MB	7.8 GB	96.4%	1.3%	2.2 GB	93.4 MB
1218	27/80c0b0	BGC_ANALYSIS:ANTISMASH_ANALYSIS:ANTISMASH (Pantoea_brenneri_IIF5SW-P2)	COMPLETED	0	2026-08-30 13:43:11.243	2026-08-30 13:43:11.340	2026-08-30 13:44:00.303	47s	2	6 GB	712.2 MB	7.8 GB	95.9%	1.3%	2.2 GB	92.9 MB
1217	62/9d2b5c	BGC_ANALYSIS:ANTISMASH_ANALYSIS:ANTISMASH (Pantoea_brenneri_IIF5SW-P1)	COMPLETED	0	2026-08-30 13:43:16.485	2026-08-30 13:43:16.581	2026-08-30 13:44:05.759	47.1s	2	6 GB	693.6 MB	7.8 GB	95.7%	1.2%	2.2 GB	93.9 MB
1223	c7/52332e	BGC_ANALYSIS:ANTISMASH_ANALYSIS:ANTISMASH (Pantoea_dispersa_DSM_30073)	COMPLETED	0	2026-08-30 13:43:38.961	2026-08-30 13:43:39.058	2026-08-30 13:44:12.946	31.9s	2	6 GB	508 MB	7.7 GB	108.3%	0.8%	1.3 GB	56.2 MB
1220	2b/da39e9	BGC_ANALYSIS:ANTISMASH_ANALYSIS:ANTISMASH (Pantoea_brenneri_IIF5SW-P4)	COMPLETED	0	2026-08-30 13:43:24.840	2026-08-30 13:43:24.937	2026-08-30 13:44:13.953	46.9s	2	6 GB	671.3 MB	7.8 GB	95.3%	1.2%	2.2 GB	93.4 MB
1224	0b/5028af	BGC_ANALYSIS:ANTISMASH_ANALYSIS:ANTISMASH (Pantoea_eucalypti_Pv21-6)	COMPLETED	0	2026-08-30 13:43:45.797	2026-08-30 13:43:45.894	2026-08-30 13:44:18.997	31s	2	6 GB	519.9 MB	7.8 GB	106.5%	0.8%	1.3 GB	55 MB
1225	63/fe916c	BGC_ANALYSIS:ANTISMASH_ANALYSIS:ANTISMASH (Pantoea_hericii_JZB2120024)	COMPLETED	0	2026-08-30 13:43:54.121	2026-08-30 13:43:54.217	2026-08-30 13:44:21.145	24.9s	2	6 GB	493.8 MB	7.8 GB	106.8%	0.7%	980.3 MB	42.8 MB
1221	5b/265fbc	BGC_ANALYSIS:ANTISMASH_ANALYSIS:ANTISMASH (Pantoea_brenneri_IIF5SW-P5)	COMPLETED	0	2026-08-30 13:43:37.702	2026-08-30 13:43:37.799	2026-08-30 13:44:27.065	47.3s	2	6 GB	727.8 MB	7.8 GB	94.6%	1.3%	2.2 GB	92.9 MB
1222	d0/344e44	BGC_ANALYSIS:ANTISMASH_ANALYSIS:ANTISMASH (Pantoea_brenneri_IIFCSG-B1)	COMPLETED	0	2026-08-30 13:43:38.014	2026-08-30 13:43:38.111	2026-08-30 13:44:27.673	47.7s	2	6 GB	718.2 MB	7.8 GB	95.2%	1.3%	2.2 GB	93.9 MB
2049	7d/ba43ab	BGC_ANALYSIS:ANTISMASH_ANALYSIS:ANTISMASH (Erwinia_aphidicola_W03_8)	COMPLETED	0	2026-08-30 13:44:13.958	2026-08-30 13:44:14.053	2026-08-30 13:44:32.434	16.4s	2	6 GB	670.7 MB	7.4 GB	139.2%	1.1%	732.7 MB	34.7 MB
1227	57/d3ee3b	BGC_ANALYSIS:ANTISMASH_ANALYSIS:ANTISMASH (Pantoea_piersonii_F3-6B4)	COMPLETED	0	2026-08-30 13:44:00.306	2026-08-30 13:44:00.404	2026-08-30 13:44:36.517	34.2s	2	6 GB	686.8 MB	7.7 GB	94.9%	1.2%	1.5 GB	73.6 MB
1229	6d/b3cbeb	BGC_ANALYSIS:ANTISMASH_ANALYSIS:ANTISMASH (Pantoea_piersonii_IIIF_BACT_A)	COMPLETED	0	2026-08-30 13:44:05.762	2026-08-30 13:44:05.859	2026-08-30 13:44:43.092	35.2s	2	6 GB	692.9 MB	7.7 GB	94.8%	1.2%	1.5 GB	74.6 MB
1232	a4/c7a100	BGC_ANALYSIS:ANTISMASH_ANALYSIS:ANTISMASH (Pantoea_sp._MT58)	COMPLETED	0	2026-08-30 13:44:27.068	2026-08-30 13:44:27.165	2026-08-30 13:44:48.966	19.7s	2	6 GB	774.6 MB	7.8 GB	129.5%	1.3%	829.9 MB	55.6 MB
1230	a2/2c39b6	BGC_ANALYSIS:ANTISMASH_ANALYSIS:ANTISMASH (Pantoea_pleuroti_JZB_2120015)	COMPLETED	0	2026-08-30 13:44:19.001	2026-08-30 13:44:19.097	2026-08-30 13:44:51.868	30.7s	2	6 GB	694.1 MB	7.8 GB	95.9%	1.3%	1.2 GB	67.5 MB
1233	83/7e4fd9	BGC_ANALYSIS:ANTISMASH_ANALYSIS:ANTISMASH (Pantoea_sp._WMus005)	COMPLETED	0	2026-08-30 13:44:27.676	2026-08-30 13:44:27.772	2026-08-30 13:44:51.873	21.9s	2	6 GB	724.6 MB	7.8 GB	107.6%	1.3%	916.8 MB	55.9 MB
1228	c0/5dc59d	BGC_ANALYSIS:ANTISMASH_ANALYSIS:ANTISMASH (Pantoea_piersonii_F3-6B5)	COMPLETED	0	2026-08-30 13:44:12.949	2026-08-30 13:44:13.046	2026-08-30 13:44:51.971	36.9s	2	6 GB	713 MB	7.8 GB	94.2%	1.3%	1.6 GB	77.1 MB
1236	b3/1166cc	BGC_ANALYSIS:ANTISMASH_ANALYSIS:ANTISMASH (Paramixta_manurensis_PD-1)	COMPLETED	0	2026-08-30 13:44:36.521	2026-08-30 13:44:36.617	2026-08-30 13:44:57.148	18.4s	2	6 GB	786.8 MB	7.8 GB	130.3%	1.3%	797.4 MB	52.1 MB
1240	30/664272	BGC_ANALYSIS:ANTISMASH_ANALYSIS:ANTISMASH (Buchnera_aphidicola_Sipha_maydis_Sm_Midelt)	COMPLETED	0	2026-08-30 13:44:51.975	2026-08-30 13:44:52.071	2026-08-30 13:44:59.157	5.1s	2	6 GB	200.4 MB	2.7 GB	106.0%	0.3%	221.7 MB	4.5 MB
1241	67/2cc4ce	BGC_ANALYSIS:ANTISMASH_ANALYSIS:ANTISMASH (Buchnera_aphidicola_Sitobion_miscanthi_LF)	COMPLETED	0	2026-08-30 13:44:51.872	2026-08-30 13:44:51.971	2026-08-30 13:44:59.764	5.9s	2	6 GB	206.4 MB	2.7 GB	102.9%	0.3%	246.2 MB	5.5 MB
1234	f9/69ebe4	BGC_ANALYSIS:ANTISMASH_ANALYSIS:ANTISMASH (Pantoea_stewartii_626)	COMPLETED	0	2026-08-30 13:44:32.437	2026-08-30 13:44:32.534	2026-08-30 13:45:01.448	26.9s	2	6 GB	705.1 MB	7.8 GB	99.6%	1.3%	1.1 GB	63.8 MB
1237	34/3435cf	BGC_ANALYSIS:ANTISMASH_ANALYSIS:ANTISMASH (Buchnera_aphidicola_Aphis_gossypii_KR)	COMPLETED	0	2026-08-30 13:44:57.151	2026-08-30 13:44:57.248	2026-08-30 13:45:04.927	5.6s	2	6 GB	209.3 MB	2.7 GB	102.6%	0.3%	243.7 MB	5.5 MB
1238	ab/828d53	BGC_ANALYSIS:ANTISMASH_ANALYSIS:ANTISMASH (Buchnera_aphidicola_Ceratovacuna_japonica_CjNOSY1)	COMPLETED	0	2026-08-30 13:44:59.768	2026-08-30 13:44:59.864	2026-08-30 13:45:07.486	5.7s	2	6 GB	205.1 MB	2.7 GB	107.5%	0.3%	261.8 MB	6.9 MB
1235	33/00c7ab	BGC_ANALYSIS:ANTISMASH_ANALYSIS:ANTISMASH (Pantoea_stewartii_NRRL_B-133)	COMPLETED	0	2026-08-30 13:44:43.096	2026-08-30 13:44:43.192	2026-08-30 13:45:13.478	28.3s	2	6 GB	726.1 MB	7.8 GB	103.4%	1.3%	1.2 GB	67.2 MB
1231	50/e299be	BGC_ANALYSIS:ANTISMASH_ANALYSIS:ANTISMASH (Pantoea_sp._B9002)	COMPLETED	0	2026-08-30 13:44:21.149	2026-08-30 13:44:21.250	2026-08-30 13:45:17.508	54.3s	2	6 GB	722.5 MB	7.8 GB	94.3%	1.3%	2.5 GB	104.7 MB
2013	30/d142fb	BGC_ANALYSIS:ANTISMASH_ANALYSIS:ANTISMASH (Erwinia_aphidicola_B05_2)	COMPLETED	0	2026-08-30 13:44:59.160	2026-08-30 13:44:59.257	2026-08-30 13:45:17.704	16.4s	2	6 GB	627 MB	7.4 GB	139.7%	1.1%	734.3 MB	34.7 MB
1252	e0/77289c	BGC_ANALYSIS:ANTISMASH_ANALYSIS:ANTISMASH (Erwinia_amylovora_57672_ID1772_10-Ea_08_15_S50_L001)	COMPLETED	0	2026-08-30 13:44:48.970	2026-08-30 13:44:49.066	2026-08-30 13:45:18.179	27s	2	6 GB	656.9 MB	7.7 GB	100.7%	1.0%	1.1 GB	56.5 MB
1239	4b/184c51	BGC_ANALYSIS:ANTISMASH_ANALYSIS:ANTISMASH (Buchnera_aphidicola_Periphyllus_lyropictus_Pl-LLN)	COMPLETED	0	2026-08-30 13:45:13.483	2026-08-30 13:45:13.578	2026-08-30 13:45:20.936	5.1s	2	6 GB	200.4 MB	2.7 GB	106.6%	0.3%	220.6 MB	4.4 MB
1853	70/51a1bf	BGC_ANALYSIS:ANTISMASH_ANALYSIS:ANTISMASH (Pantoea_agglomerans_PvP012)	COMPLETED	0	2026-08-30 13:44:51.877	2026-08-30 13:44:51.972	2026-08-30 13:45:24.857	30.9s	2	6 GB	728.7 MB	7.8 GB	93.6%	1.2%	1.2 GB	68.6 MB
1248	cb/b2a9f4	BGC_ANALYSIS:ANTISMASH_ANALYSIS:ANTISMASH (Erwinia_amylovora_57668_ID1772_6-Ea_05_27_S46_L001)	COMPLETED	0	2026-08-30 13:45:01.451	2026-08-30 13:45:01.551	2026-08-30 13:45:30.106	26.5s	2	6 GB	655.1 MB	7.7 GB	102.2%	1.0%	1.1 GB	55.8 MB
1243	f2/1cefee	BGC_ANALYSIS:ANTISMASH_ANALYSIS:ANTISMASH (Erwinia_amylovora_57663_ID1772_1-Ea_05_07_S41_L001)	COMPLETED	0	2026-08-30 13:45:04.930	2026-08-30 13:45:05.027	2026-08-30 13:45:33.568	26.6s	2	6 GB	648.1 MB	7.7 GB	101.0%	1.0%	1.1 GB	55.2 MB
1242	7d/bb34f6	BGC_ANALYSIS:ANTISMASH_ANALYSIS:ANTISMASH (Buchnera_aphidicola_Sitobion_miscanthi_Langfang-1)	COMPLETED	0	2026-08-30 13:45:24.862	2026-08-30 13:45:24.957	2026-08-30 13:45:34.083	7s	2	6 GB	212.1 MB	2.7 GB	105.2%	0.3%	310 MB	10 MB
1245	11/f37f64	BGC_ANALYSIS:ANTISMASH_ANALYSIS:ANTISMASH (Erwinia_amylovora_57665_ID1772_3-Ea_05_20_S43_L001)	COMPLETED	0	2026-08-30 13:45:07.489	2026-08-30 13:45:07.587	2026-08-30 13:45:36.136	26.4s	2	6 GB	623.9 MB	7.7 GB	100.0%	1.0%	1 GB	54.8 MB
1247	71/a1451c	BGC_ANALYSIS:ANTISMASH_ANALYSIS:ANTISMASH (Erwinia_amylovora_57667_ID1772_5-Ea_05_26_S45_L001)	COMPLETED	0	2026-08-30 13:45:17.521	2026-08-30 13:45:17.607	2026-08-30 13:45:45.439	25.8s	2	6 GB	653.4 MB	7.7 GB	101.9%	1.0%	1.1 GB	54.6 MB
1246	a6/1a8772	BGC_ANALYSIS:ANTISMASH_ANALYSIS:ANTISMASH (Erwinia_amylovora_57666_ID1772_4-Ea_05_21_S44_L001)	COMPLETED	0	2026-08-30 13:45:17.709	2026-08-30 13:45:17.804	2026-08-30 13:45:45.937	26.1s	2	6 GB	656.4 MB	7.7 GB	102.7%	1.0%	1.1 GB	55.5 MB
1251	61/ac0532	BGC_ANALYSIS:ANTISMASH_ANALYSIS:ANTISMASH (Erwinia_amylovora_57671_ID1772_9-Ea_08_07_S49_L001)	COMPLETED	0	2026-08-30 13:45:18.182	2026-08-30 13:45:18.279	2026-08-30 13:45:46.828	26.5s	2	6 GB	658.3 MB	7.7 GB	101.9%	1.0%	1.1 GB	55.5 MB
1250	1b/60144c	BGC_ANALYSIS:ANTISMASH_ANALYSIS:ANTISMASH (Erwinia_amylovora_57670_ID1772_8-Ea_07_08_S48_L001)	COMPLETED	0	2026-08-30 13:45:20.940	2026-08-30 13:45:21.036	2026-08-30 13:45:49.976	27s	2	6 GB	649.8 MB	7.7 GB	99.9%	1.0%	1.1 GB	56.2 MB
1244	65/f2ec1e	BGC_ANALYSIS:ANTISMASH_ANALYSIS:ANTISMASH (Erwinia_amylovora_57664_ID1772_2-Ea_05_09_S42_L001)	COMPLETED	0	2026-08-30 13:45:30.110	2026-08-30 13:45:30.207	2026-08-30 13:45:57.331	25s	2	6 GB	657.9 MB	7.7 GB	102.6%	1.0%	1 GB	54 MB
1254	c4/1bffaa	BGC_ANALYSIS:ANTISMASH_ANALYSIS:ANTISMASH (Erwinia_amylovora_57674_ID1772_12-Ea_08_33_S52_L001)	COMPLETED	0	2026-08-30 13:45:33.572	2026-08-30 13:45:33.668	2026-08-30 13:46:01.088	25.4s	2	6 GB	650.4 MB	7.7 GB	100.7%	1.0%	1 GB	54.5 MB
1253	db/ad8d93	BGC_ANALYSIS:ANTISMASH_ANALYSIS:ANTISMASH (Erwinia_amylovora_57673_ID1772_11-Ea_08_18_S51_L001)	COMPLETED	0	2026-08-30 13:45:34.087	2026-08-30 13:45:34.184	2026-08-30 13:46:01.648	25.4s	2	6 GB	649.3 MB	7.7 GB	99.8%	1.0%	1 GB	53.7 MB
1249	c1/050023	BGC_ANALYSIS:ANTISMASH_ANALYSIS:ANTISMASH (Erwinia_amylovora_57669_ID1772_7-Ea_06_13_S47_L001)	COMPLETED	0	2026-08-30 13:45:36.140	2026-08-30 13:45:36.237	2026-08-30 13:46:05.062	26.8s	2	6 GB	645.9 MB	7.7 GB	101.3%	1.0%	1.1 GB	55.9 MB
1257	6d/75c15b	BGC_ANALYSIS:ANTISMASH_ANALYSIS:ANTISMASH (Erwinia_amylovora_57677_ID1772_15-Ea_10_04_S55_L001)	COMPLETED	0	2026-08-30 13:45:45.442	2026-08-30 13:45:45.539	2026-08-30 13:46:12.920	25.4s	2	6 GB	651.8 MB	7.7 GB	101.3%	1.1%	1020.8 MB	52.7 MB
1256	94/63d78d	BGC_ANALYSIS:ANTISMASH_ANALYSIS:ANTISMASH (Erwinia_amylovora_57676_ID1772_14-Ea_08_36_S54_L001)	COMPLETED	0	2026-08-30 13:45:46.832	2026-08-30 13:45:46.928	2026-08-30 13:46:14.202	25.3s	2	6 GB	658.5 MB	7.7 GB	102.7%	1.0%	1 GB	54 MB
1255	a2/d87f0e	BGC_ANALYSIS:ANTISMASH_ANALYSIS:ANTISMASH (Erwinia_amylovora_57675_ID1772_13-Ea_08_34_S53_L001)	COMPLETED	0	2026-08-30 13:45:45.940	2026-08-30 13:45:46.037	2026-08-30 13:46:14.307	26.3s	2	6 GB	651.8 MB	7.7 GB	101.9%	1.0%	1.1 GB	55.5 MB
1262	21/d840ec	BGC_ANALYSIS:ANTISMASH_ANALYSIS:ANTISMASH (Erwinia_amylovora_57682_ID1772_20-Ea_12_10_S60_L001)	COMPLETED	0	2026-08-30 13:45:49.979	2026-08-30 13:45:50.076	2026-08-30 13:46:17.440	25.4s	2	6 GB	659.8 MB	7.7 GB	101.4%	1.0%	1 GB	53.9 MB
1264	44/e51ef5	BGC_ANALYSIS:ANTISMASH_ANALYSIS:ANTISMASH (Erwinia_amylovora_57684_ID1772_22-Ea_12_12_S62_L001)	COMPLETED	0	2026-08-30 13:45:57.334	2026-08-30 13:45:57.431	2026-08-30 13:46:26.494	27s	2	6 GB	653.8 MB	7.7 GB	101.3%	1.0%	1.1 GB	56.3 MB
1258	28/351ec0	BGC_ANALYSIS:ANTISMASH_ANALYSIS:ANTISMASH (Erwinia_amylovora_57678_ID1772_16-Ea_11_12_S56_L001)	COMPLETED	0	2026-08-30 13:46:01.091	2026-08-30 13:46:01.188	2026-08-30 13:46:27.929	24.8s	2	6 GB	649.1 MB	7.7 GB	104.0%	1.0%	1 GB	53.6 MB
1261	aa/92d614	BGC_ANALYSIS:ANTISMASH_ANALYSIS:ANTISMASH (Erwinia_amylovora_57681_ID1772_19-Ea_12_08_S59_L001)	COMPLETED	0	2026-08-30 13:46:01.651	2026-08-30 13:46:01.749	2026-08-30 13:46:28.978	25.2s	2	6 GB	563 MB	7.3 GB	100.3%	1.0%	1 GB	54.1 MB
1259	7e/b06d4f	BGC_ANALYSIS:ANTISMASH_ANALYSIS:ANTISMASH (Erwinia_amylovora_57679_ID1772_17-Ea_11_13_S57_L001)	COMPLETED	0	2026-08-30 13:46:05.066	2026-08-30 13:46:05.162	2026-08-30 13:46:32.317	25.2s	2	6 GB	649.8 MB	7.7 GB	102.1%	1.0%	1 GB	53.6 MB
1267	02/d039a0	BGC_ANALYSIS:ANTISMASH_ANALYSIS:ANTISMASH (Erwinia_amylovora_57687_ID1772_25-Ea_12_15_S65_L001)	COMPLETED	0	2026-08-30 13:46:12.924	2026-08-30 13:46:13.020	2026-08-30 13:46:39.412	24.4s	2	6 GB	653.9 MB	7.7 GB	103.7%	1.0%	1020.7 MB	52.8 MB
1265	1f/3d28b9	BGC_ANALYSIS:ANTISMASH_ANALYSIS:ANTISMASH (Erwinia_amylovora_57685_ID1772_23-Ea_12_13_S63_L001)	COMPLETED	0	2026-08-30 13:46:14.205	2026-08-30 13:46:14.302	2026-08-30 13:46:41.386	25.1s	2	6 GB	645.7 MB	7.7 GB	101.6%	1.1%	1020.7 MB	52.7 MB
1263	be/8d167d	BGC_ANALYSIS:ANTISMASH_ANALYSIS:ANTISMASH (Erwinia_amylovora_57683_ID1772_21-Ea_12_11_S61_L001)	COMPLETED	0	2026-08-30 13:46:14.310	2026-08-30 13:46:14.407	2026-08-30 13:46:42.005	25.5s	2	6 GB	652 MB	7.7 GB	101.3%	1.0%	1 GB	54.5 MB
1266	68/aadf12	BGC_ANALYSIS:ANTISMASH_ANALYSIS:ANTISMASH (Erwinia_amylovora_57686_ID1772_24-Ea_12_14_S64_L001)	COMPLETED	0	2026-08-30 13:46:17.443	2026-08-30 13:46:17.540	2026-08-30 13:46:44.159	24.7s	2	6 GB	645.1 MB	7.7 GB	100.4%	1.1%	1000.3 MB	52.3 MB
1260	3a/b1ea33	BGC_ANALYSIS:ANTISMASH_ANALYSIS:ANTISMASH (Erwinia_amylovora_57680_ID1772_18-Ea_12_06_S58_L001)	COMPLETED	0	2026-08-30 13:46:26.498	2026-08-30 13:46:26.594	2026-08-30 13:46:54.303	25.6s	2	6 GB	656.1 MB	7.7 GB	101.6%	1.0%	1 GB	54.6 MB
1269	38/e25155	BGC_ANALYSIS:ANTISMASH_ANALYSIS:ANTISMASH (Erwinia_amylovora_57689_ID1772_27-Ea_12_18_S67_L001)	COMPLETED	0	2026-08-30 13:46:27.933	2026-08-30 13:46:28.029	2026-08-30 13:46:55.435	25.4s	2	6 GB	646.2 MB	7.7 GB	100.6%	1.0%	1 GB	53.5 MB
1271	22/3e398d	BGC_ANALYSIS:ANTISMASH_ANALYSIS:ANTISMASH (Erwinia_amylovora_57691_ID1772_29-Ea_13_12_S69_L001)	COMPLETED	0	2026-08-30 13:46:28.982	2026-08-30 13:46:29.078	2026-08-30 13:46:56.049	24.9s	2	6 GB	662.7 MB	7.7 GB	103.0%	1.0%	1021.7 MB	52.7 MB
1268	a9/5480b6	BGC_ANALYSIS:ANTISMASH_ANALYSIS:ANTISMASH (Erwinia_amylovora_57688_ID1772_26-Ea_12_16_S66_L001)	COMPLETED	0	2026-08-30 13:46:32.320	2026-08-30 13:46:32.417	2026-08-30 13:47:00.558	26.1s	2	6 GB	658.3 MB	7.7 GB	101.9%	1.0%	1.1 GB	55.1 MB
1270	64/5a2d29	BGC_ANALYSIS:ANTISMASH_ANALYSIS:ANTISMASH (Erwinia_amylovora_57690_ID1772_28-Ea_12_19_S68_L001)	COMPLETED	0	2026-08-30 13:46:39.416	2026-08-30 13:46:39.512	2026-08-30 13:47:06.912	25.3s	2	6 GB	656.3 MB	7.7 GB	102.6%	1.0%	1 GB	54 MB
1274	bf/432ed0	BGC_ANALYSIS:ANTISMASH_ANALYSIS:ANTISMASH (Erwinia_amylovora_57694_ID1772_32-Ea_14_12_S72_L001)	COMPLETED	0	2026-08-30 13:46:42.009	2026-08-30 13:46:42.105	2026-08-30 13:47:09.526	25.4s	2	6 GB	651.7 MB	7.7 GB	100.3%	1.0%	1 GB	53.7 MB
1272	3c/039c44	BGC_ANALYSIS:ANTISMASH_ANALYSIS:ANTISMASH (Erwinia_amylovora_57692_ID1772_30-Ea_14_03_S70_L001)	COMPLETED	0	2026-08-30 13:46:41.389	2026-08-30 13:46:41.486	2026-08-30 13:47:09.887	26.4s	2	6 GB	655.7 MB	7.7 GB	101.4%	1.1%	1.1 GB	55 MB
1273	e8/c990f9	BGC_ANALYSIS:ANTISMASH_ANALYSIS:ANTISMASH (Erwinia_amylovora_57693_ID1772_31-Ea_14_11_S71_L001)	COMPLETED	0	2026-08-30 13:46:44.163	2026-08-30 13:46:44.266	2026-08-30 13:47:12.263	25.9s	2	6 GB	655.2 MB	7.7 GB	100.9%	1.0%	1.1 GB	54.7 MB
1275	26/85ec5d	BGC_ANALYSIS:ANTISMASH_ANALYSIS:ANTISMASH (Erwinia_amylovora_57695_ID1772_33-Ea_15_03_S73_L001)	COMPLETED	0	2026-08-30 13:46:54.306	2026-08-30 13:46:54.404	2026-08-30 13:47:22.332	25.9s	2	6 GB	653.1 MB	7.7 GB	101.6%	1.0%	1.1 GB	54.2 MB
1276	41/0abcd1	BGC_ANALYSIS:ANTISMASH_ANALYSIS:ANTISMASH (Erwinia_amylovora_57696_ID1772_34-Ea_15_04_S74_L001)	COMPLETED	0	2026-08-30 13:46:56.052	2026-08-30 13:46:56.149	2026-08-30 13:47:23.600	25.4s	2	6 GB	644.9 MB	7.7 GB	101.8%	1.0%	1 GB	53.7 MB
1277	df/f74e6a	BGC_ANALYSIS:ANTISMASH_ANALYSIS:ANTISMASH (Erwinia_amylovora_57697_ID1772_35-Ea_15_08_S75_L001)	COMPLETED	0	2026-08-30 13:46:55.439	2026-08-30 13:46:55.535	2026-08-30 13:47:24.230	26.7s	2	6 GB	654.7 MB	7.7 GB	104.3%	1.0%	1.1 GB	55.7 MB
1283	50/4e8ad0	BGC_ANALYSIS:ANTISMASH_ANALYSIS:ANTISMASH (Erwinia_amylovora_CP20086202)	COMPLETED	0	2026-08-30 13:47:12.266	2026-08-30 13:47:12.363	2026-08-30 13:47:29.226	14.8s	2	6 GB	631.2 MB	7.3 GB	133.1%	1.2%	628.9 MB	27.3 MB
1279	f7/9dc1ad	BGC_ANALYSIS:ANTISMASH_ANALYSIS:ANTISMASH (Erwinia_amylovora_57699_ID1772_37-Ea_17_01_S77_L001)	COMPLETED	0	2026-08-30 13:47:00.561	2026-08-30 13:47:00.658	2026-08-30 13:47:30.313	27.5s	2	6 GB	639.3 MB	7.7 GB	100.2%	1.0%	1.1 GB	56.4 MB
1280	e9/f1fd71	BGC_ANALYSIS:ANTISMASH_ANALYSIS:ANTISMASH (Erwinia_amylovora_57700_ID1772_38-Ea_17_03_S78_L001)	COMPLETED	0	2026-08-30 13:47:06.916	2026-08-30 13:47:07.013	2026-08-30 13:47:35.720	26.6s	2	6 GB	656.3 MB	7.7 GB	101.1%	1.0%	1.1 GB	55.5 MB
1281	59/29adda	BGC_ANALYSIS:ANTISMASH_ANALYSIS:ANTISMASH (Erwinia_amylovora_57702_ID1772_40-Ea_18_11_S80_L001)	COMPLETED	0	2026-08-30 13:47:09.891	2026-08-30 13:47:09.987	2026-08-30 13:47:36.855	24.9s	2	6 GB	649.7 MB	7.7 GB	100.3%	1.0%	1020.4 MB	52.8 MB
1278	55/472791	BGC_ANALYSIS:ANTISMASH_ANALYSIS:ANTISMASH (Erwinia_amylovora_57698_ID1772_36-Ea_15_14_S76_L001)	COMPLETED	0	2026-08-30 13:47:09.529	2026-08-30 13:47:09.625	2026-08-30 13:47:37.385	25.8s	2	6 GB	651.5 MB	7.7 GB	100.4%	1.0%	1 GB	54.4 MB
1284	f7/1194bb	BGC_ANALYSIS:ANTISMASH_ANALYSIS:ANTISMASH (Erwinia_amylovora_CP200930)	COMPLETED	0	2026-08-30 13:47:24.233	2026-08-30 13:47:24.331	2026-08-30 13:47:41.253	14.8s	2	6 GB	630.4 MB	7.3 GB	131.9%	1.2%	629 MB	27.3 MB
1285	67/d85e36	BGC_ANALYSIS:ANTISMASH_ANALYSIS:ANTISMASH (Erwinia_amylovora_CP201142)	COMPLETED	0	2026-08-30 13:47:29.230	2026-08-30 13:47:29.326	2026-08-30 13:47:46.505	15.2s	2	6 GB	631.1 MB	7.3 GB	130.4%	1.2%	629 MB	27.3 MB
1286	45/be95e3	BGC_ANALYSIS:ANTISMASH_ANALYSIS:ANTISMASH (Erwinia_amylovora_CP20130202)	COMPLETED	0	2026-08-30 13:47:30.317	2026-08-30 13:47:30.414	2026-08-30 13:47:47.590	15.2s	2	6 GB	630.1 MB	7.3 GB	131.3%	1.2%	628.9 MB	27.3 MB
1282	ac/3f94ca	BGC_ANALYSIS:ANTISMASH_ANALYSIS:ANTISMASH (Erwinia_amylovora_57703_ID1772_41-Ea_19_10_S81_L001)	COMPLETED	0	2026-08-30 13:47:22.335	2026-08-30 13:47:22.433	2026-08-30 13:47:51.768	27.3s	2	6 GB	653 MB	7.7 GB	98.7%	1.0%	1.1 GB	55.5 MB
1287	73/7b1165	BGC_ANALYSIS:ANTISMASH_ANALYSIS:ANTISMASH (Erwinia_amylovora_CP20130204)	COMPLETED	0	2026-08-30 13:47:35.723	2026-08-30 13:47:35.820	2026-08-30 13:47:52.789	14.9s	2	6 GB	612.5 MB	7.3 GB	131.5%	1.1%	602 MB	26.9 MB
1288	f6/5b3445	BGC_ANALYSIS:ANTISMASH_ANALYSIS:ANTISMASH (Erwinia_amylovora_CP201324)	COMPLETED	0	2026-08-30 13:47:36.859	2026-08-30 13:47:36.955	2026-08-30 13:47:54.646	15.6s	2	6 GB	616.3 MB	7.3 GB	131.7%	1.1%	628.9 MB	27.3 MB
1289	74/cc9538	BGC_ANALYSIS:ANTISMASH_ANALYSIS:ANTISMASH (Erwinia_amylovora_CP20140001)	COMPLETED	0	2026-08-30 13:47:37.390	2026-08-30 13:47:37.485	2026-08-30 13:47:55.225	15.5s	2	6 GB	621.2 MB	7.3 GB	132.5%	1.2%	628.7 MB	27.3 MB
1290	a3/eb1565	BGC_ANALYSIS:ANTISMASH_ANALYSIS:ANTISMASH (Erwinia_amylovora_CP20161301)	COMPLETED	0	2026-08-30 13:47:41.257	2026-08-30 13:47:41.354	2026-08-30 13:47:59.262	15.9s	2	6 GB	586.1 MB	7.3 GB	129.9%	1.1%	628.7 MB	27.3 MB
1293	45/6743dc	BGC_ANALYSIS:ANTISMASH_ANALYSIS:ANTISMASH (Erwinia_mallotivora_EP21)	COMPLETED	0	2026-08-30 13:47:23.604	2026-08-30 13:47:23.700	2026-08-30 13:48:03.974	38.2s	2	6 GB	485.7 MB	7.7 GB	99.4%	0.7%	1.4 GB	59.6 MB
1291	18/5bc228	BGC_ANALYSIS:ANTISMASH_ANALYSIS:ANTISMASH (Erwinia_aphidicola_X001)	COMPLETED	0	2026-08-30 13:47:47.594	2026-08-30 13:47:47.691	2026-08-30 13:48:10.798	21s	2	6 GB	799.2 MB	7.8 GB	134.8%	1.3%	853.8 MB	57.8 MB
1294	29/3ceb10	BGC_ANALYSIS:ANTISMASH_ANALYSIS:ANTISMASH (Erwinia_mallotivora_EP39)	COMPLETED	0	2026-08-30 13:47:46.509	2026-08-30 13:47:46.605	2026-08-30 13:48:24.156	35.4s	2	6 GB	502.1 MB	7.8 GB	101.5%	0.7%	1.3 GB	57.5 MB
1296	2b/4a7ead	BGC_ANALYSIS:ANTISMASH_ANALYSIS:ANTISMASH (Erwinia_mallotivora_EP60)	COMPLETED	0	2026-08-30 13:47:52.792	2026-08-30 13:47:52.889	2026-08-30 13:48:31.192	36.2s	2	6 GB	490.1 MB	7.7 GB	103.0%	0.7%	1.4 GB	59.8 MB
1297	a1/885329	BGC_ANALYSIS:ANTISMASH_ANALYSIS:ANTISMASH (Erwinia_mallotivora_EP61)	COMPLETED	0	2026-08-30 13:47:55.229	2026-08-30 13:47:55.325	2026-08-30 13:48:33.096	35.8s	2	6 GB	491.6 MB	7.7 GB	104.2%	0.7%	1.4 GB	59.8 MB
1295	08/091994	BGC_ANALYSIS:ANTISMASH_ANALYSIS:ANTISMASH (Erwinia_mallotivora_EP45)	COMPLETED	0	2026-08-30 13:47:54.650	2026-08-30 13:47:54.747	2026-08-30 13:48:34.573	37.8s	2	6 GB	490.7 MB	7.7 GB	101.5%	0.8%	1.5 GB	60.7 MB
1292	ff/f367a6	BGC_ANALYSIS:ANTISMASH_ANALYSIS:ANTISMASH (Erwinia_mallotivora_EP17)	COMPLETED	0	2026-08-30 13:47:51.773	2026-08-30 13:47:51.868	2026-08-30 13:48:36.925	42.9s	2	6 GB	489.8 MB	7.7 GB	102.4%	0.7%	1.8 GB	69 MB
1300	7e/f52c5a	BGC_ANALYSIS:ANTISMASH_ANALYSIS:ANTISMASH (Erwinia_persicina_SR15)	COMPLETED	0	2026-08-30 13:48:24.159	2026-08-30 13:48:24.256	2026-08-30 13:48:46.923	20.7s	2	6 GB	842.3 MB	7.8 GB	133.4%	1.4%	829.9 MB	59.2 MB
1302	ae/19b759	BGC_ANALYSIS:ANTISMASH_ANALYSIS:ANTISMASH (Erwinia_persicina_ZSR3)	COMPLETED	0	2026-08-30 13:48:31.196	2026-08-30 13:48:31.292	2026-08-30 13:48:52.673	19.4s	2	6 GB	789.9 MB	7.8 GB	131.6%	1.4%	793.2 MB	54.1 MB
1303	e1/391154	BGC_ANALYSIS:ANTISMASH_ANALYSIS:ANTISMASH (Erwinia_pyrifoliae_CP20113301)	COMPLETED	0	2026-08-30 13:48:33.099	2026-08-30 13:48:33.196	2026-08-30 13:48:54.367	19.1s	2	6 GB	774.6 MB	7.8 GB	125.5%	1.3%	736.3 MB	50.3 MB
1301	30/66c5b8	BGC_ANALYSIS:ANTISMASH_ANALYSIS:ANTISMASH (Erwinia_persicina_SR16)	COMPLETED	0	2026-08-30 13:48:10.801	2026-08-30 13:48:10.898	2026-08-30 13:48:54.583	41.6s	2	6 GB	687.9 MB	7.8 GB	92.9%	1.3%	1.7 GB	82.1 MB
1305	6c/6ff3e6	BGC_ANALYSIS:ANTISMASH_ANALYSIS:ANTISMASH (Erwinia_pyrifoliae_CP20126903)	COMPLETED	0	2026-08-30 13:48:34.577	2026-08-30 13:48:34.673	2026-08-30 13:48:55.679	18.9s	2	6 GB	754.2 MB	7.8 GB	123.0%	1.3%	769.9 MB	52.1 MB
1304	72/66bbf1	BGC_ANALYSIS:ANTISMASH_ANALYSIS:ANTISMASH (Erwinia_pyrifoliae_CP201179)	COMPLETED	0	2026-08-30 13:48:36.928	2026-08-30 13:48:37.026	2026-08-30 13:48:57.332	18.3s	2	6 GB	786.3 MB	7.8 GB	126.7%	1.3%	713 MB	49.6 MB
1299	ca/9b2851	BGC_ANALYSIS:ANTISMASH_ANALYSIS:ANTISMASH (Erwinia_persicina_SR14)	COMPLETED	0	2026-08-30 13:47:59.266	2026-08-30 13:47:59.362	2026-08-30 13:49:11.369	1m 10s	2	6 GB	4.8 GB	8.2 GB	113.0%	4.9%	18.4 GB	70.9 MB
1306	ba/9e3c38	BGC_ANALYSIS:ANTISMASH_ANALYSIS:ANTISMASH (Erwinia_pyrifoliae_CP201486)	COMPLETED	0	2026-08-30 13:48:52.677	2026-08-30 13:48:52.773	2026-08-30 13:49:13.428	18.5s	2	6 GB	783.2 MB	7.8 GB	128.9%	1.3%	713.3 MB	49.5 MB
1298	90/ad8f2f	BGC_ANALYSIS:ANTISMASH_ANALYSIS:ANTISMASH (Erwinia_persicina_SR13)	COMPLETED	0	2026-08-30 13:48:03.978	2026-08-30 13:48:04.074	2026-08-30 13:49:14.234	1m 8s	2	6 GB	4.9 GB	8.2 GB	115.5%	4.2%	18.3 GB	70.4 MB
1311	70/c68acb	BGC_ANALYSIS:ANTISMASH_ANALYSIS:ANTISMASH (Pantoea_agglomerans_CHTF15)	COMPLETED	0	2026-08-30 13:48:57.335	2026-08-30 13:48:57.432	2026-08-30 13:49:20.526	21.2s	2	6 GB	766.7 MB	7.8 GB	127.8%	1.3%	852.9 MB	58.8 MB
1307	e7/82d1dc	BGC_ANALYSIS:ANTISMASH_ANALYSIS:ANTISMASH (Erwinia_rhapontici_BIGb0389)	COMPLETED	0	2026-08-30 13:48:46.927	2026-08-30 13:48:47.024	2026-08-30 13:49:21.537	32.4s	2	6 GB	752 MB	7.8 GB	98.8%	1.3%	1.3 GB	72.6 MB
1310	ba/6a9cee	BGC_ANALYSIS:ANTISMASH_ANALYSIS:ANTISMASH (Pantoea_agglomerans_CCNPK_873)	COMPLETED	0	2026-08-30 13:48:55.682	2026-08-30 13:48:55.779	2026-08-30 13:49:22.859	25.1s	2	6 GB	729.2 MB	7.8 GB	103.9%	1.3%	985.5 MB	59.6 MB
1314	37/d50e4f	BGC_ANALYSIS:ANTISMASH_ANALYSIS:ANTISMASH (Pantoea_alhagi_NX-11)	COMPLETED	0	2026-08-30 13:49:14.238	2026-08-30 13:49:14.334	2026-08-30 13:49:31.406	15s	2	6 GB	604.5 MB	7.3 GB	134.1%	1.1%	680.9 MB	31.4 MB
1322	18/9f6206	BGC_ANALYSIS:ANTISMASH_ANALYSIS:ANTISMASH (Pantoea_sp._B550)	COMPLETED	0	2026-08-30 13:49:11.372	2026-08-30 13:49:11.469	2026-08-30 13:49:33.593	20.1s	2	6 GB	776.1 MB	7.8 GB	128.0%	1.3%	804.6 MB	55.9 MB
1312	f2/24434e	BGC_ANALYSIS:ANTISMASH_ANALYSIS:ANTISMASH (Pantoea_agglomerans_CPHN_2)	COMPLETED	0	2026-08-30 13:49:13.436	2026-08-30 13:49:13.528	2026-08-30 13:49:35.305	19.6s	2	6 GB	802 MB	7.8 GB	130.1%	1.4%	781.5 MB	56.3 MB
1316	62/32b647	BGC_ANALYSIS:ANTISMASH_ANALYSIS:ANTISMASH (Pantoea_ananatis_Lstri)	COMPLETED	0	2026-08-30 13:49:21.540	2026-08-30 13:49:21.637	2026-08-30 13:49:43.948	20.2s	2	6 GB	829.6 MB	7.8 GB	133.2%	1.4%	817.6 MB	57.3 MB
1308	b0/ac9b0b	BGC_ANALYSIS:ANTISMASH_ANALYSIS:ANTISMASH (Mixta_hanseatica_X22927)	COMPLETED	0	2026-08-30 13:48:54.370	2026-08-30 13:48:54.467	2026-08-30 13:49:47.136	50.7s	2	6 GB	4.7 GB	7.8 GB	129.8%	4.3%	13.4 GB	54.5 MB
1313	0c/8e98a9	BGC_ANALYSIS:ANTISMASH_ANALYSIS:ANTISMASH (Pantoea_agglomerans_ICMP_1087)	COMPLETED	0	2026-08-30 13:49:20.530	2026-08-30 13:49:20.626	2026-08-30 13:49:53.149	30.5s	2	6 GB	709 MB	7.8 GB	104.9%	1.3%	1.3 GB	69.5 MB
1319	a0/682faf	BGC_ANALYSIS:ANTISMASH_ANALYSIS:ANTISMASH (Pantoea_dispersa_ML.8a3)	COMPLETED	0	2026-08-30 13:49:35.308	2026-08-30 13:49:35.406	2026-08-30 13:49:58.115	20.4s	2	6 GB	811.8 MB	7.8 GB	130.0%	1.3%	817.8 MB	57.8 MB
1321	20/fa03f1	BGC_ANALYSIS:ANTISMASH_ANALYSIS:ANTISMASH (Pantoea_eucrina_YYCK_506)	COMPLETED	0	2026-08-30 13:49:43.952	2026-08-30 13:49:44.048	2026-08-30 13:50:07.160	21s	2	6 GB	550.4 MB	7.3 GB	99.1%	1.0%	901.6 MB	49.2 MB
1318	bc/da1297	BGC_ANALYSIS:ANTISMASH_ANALYSIS:ANTISMASH (Pantoea_dispersa_EGD-AAK13)	COMPLETED	0	2026-08-30 13:49:33.597	2026-08-30 13:49:33.694	2026-08-30 13:50:10.108	34.2s	2	6 GB	720.5 MB	7.8 GB	96.4%	1.3%	1.4 GB	77.5 MB
1315	fe/248362	BGC_ANALYSIS:ANTISMASH_ANALYSIS:ANTISMASH (Pantoea_ananatis_JBR-LB3-16)	COMPLETED	0	2026-08-30 13:49:22.864	2026-08-30 13:49:22.958	2026-08-30 13:50:11.896	46.8s	2	6 GB	4.7 GB	7.8 GB	127.3%	5.7%	9.4 GB	57.6 MB
1323	4e/f73613	BGC_ANALYSIS:ANTISMASH_ANALYSIS:ANTISMASH (Pantoea_sp._B566)	COMPLETED	0	2026-08-30 13:49:53.154	2026-08-30 13:49:53.249	2026-08-30 13:50:15.939	20.7s	2	6 GB	842.3 MB	7.8 GB	132.6%	1.4%	846.6 MB	59.8 MB
1317	20/c1d8a0	BGC_ANALYSIS:ANTISMASH_ANALYSIS:ANTISMASH (Pantoea_brenneri_6775)	COMPLETED	0	2026-08-30 13:49:31.410	2026-08-30 13:49:31.506	2026-08-30 13:50:17.975	44.4s	2	6 GB	737.3 MB	7.8 GB	94.2%	1.3%	2 GB	87.7 MB
1324	5d/c54874	BGC_ANALYSIS:ANTISMASH_ANALYSIS:ANTISMASH (Pantoea_sp._B623)	COMPLETED	0	2026-08-30 13:49:58.119	2026-08-30 13:49:58.216	2026-08-30 13:50:21.905	21.8s	2	6 GB	850.7 MB	7.8 GB	132.3%	1.4%	872.5 MB	60.8 MB
1320	dd/98c29c	BGC_ANALYSIS:ANTISMASH_ANALYSIS:ANTISMASH (Pantoea_dispersa_MSC14)	COMPLETED	0	2026-08-30 13:49:47.140	2026-08-30 13:49:47.236	2026-08-30 13:50:25.635	36.5s	2	6 GB	503.1 MB	7.8 GB	103.0%	0.7%	1.5 GB	59.1 MB
1309	aa/a09c66	BGC_ANALYSIS:ANTISMASH_ANALYSIS:ANTISMASH (Mixta_sp._UJ_SKK_1.1)	COMPLETED	0	2026-08-30 13:48:54.588	2026-08-30 13:48:54.684	2026-08-30 13:50:40.333	1m 44s	2	6 GB	650.3 MB	7.7 GB	99.4%	1.0%	5.7 GB	173.5 MB
1329	e6/74cd9f	BGC_ANALYSIS:ANTISMASH_ANALYSIS:ANTISMASH (Pantoea_sp._SOD02)	COMPLETED	0	2026-08-30 13:50:17.978	2026-08-30 13:50:18.075	2026-08-30 13:50:41.665	21.6s	2	6 GB	798.5 MB	7.8 GB	128.3%	1.3%	871.8 MB	61.8 MB
1326	9f/dfe8b5	BGC_ANALYSIS:ANTISMASH_ANALYSIS:ANTISMASH (Pantoea_sp._Fr-CA_6)	COMPLETED	0	2026-08-30 13:50:10.112	2026-08-30 13:50:10.209	2026-08-30 13:50:46.285	33.8s	2	6 GB	519.8 MB	7.8 GB	103.1%	0.8%	1.4 GB	57.4 MB
1327	7f/33dbbb	BGC_ANALYSIS:ANTISMASH_ANALYSIS:ANTISMASH (Pantoea_sp._Ft+CA_17)	COMPLETED	0	2026-08-30 13:50:11.900	2026-08-30 13:50:11.996	2026-08-30 13:50:46.635	32.6s	2	6 GB	499.1 MB	7.8 GB	101.7%	0.7%	1.3 GB	55.8 MB
1330	42/c3ff0f	BGC_ANALYSIS:ANTISMASH_ANALYSIS:ANTISMASH (Pantoea_sp._XY16)	COMPLETED	0	2026-08-30 13:50:15.943	2026-08-30 13:50:16.040	2026-08-30 13:50:48.684	30.5s	2	6 GB	664.2 MB	7.7 GB	91.8%	1.1%	1.2 GB	67.5 MB
1332	bb/e1825d	BGC_ANALYSIS:ANTISMASH_ANALYSIS:ANTISMASH (Pantoea_trifolii_MMK2)	COMPLETED	0	2026-08-30 13:50:25.638	2026-08-30 13:50:25.735	2026-08-30 13:50:49.534	21.8s	2	6 GB	784.1 MB	7.8 GB	130.1%	1.3%	877.2 MB	61.4 MB
1328	59/c99da9	BGC_ANALYSIS:ANTISMASH_ANALYSIS:ANTISMASH (Pantoea_sp._Ft-CA_14)	COMPLETED	0	2026-08-30 13:50:21.908	2026-08-30 13:50:22.005	2026-08-30 13:50:56.700	32.7s	2	6 GB	474.6 MB	7.7 GB	100.1%	0.7%	1.3 GB	55.6 MB
1333	21/df426c	BGC_ANALYSIS:ANTISMASH_ANALYSIS:ANTISMASH (Pantoea_trifolii_MMK3)	COMPLETED	0	2026-08-30 13:50:40.337	2026-08-30 13:50:40.433	2026-08-30 13:51:04.526	22.1s	2	6 GB	825.3 MB	7.8 GB	127.0%	1.3%	877.7 MB	61.4 MB
1334	c2/4fed7c	BGC_ANALYSIS:ANTISMASH_ANALYSIS:ANTISMASH (Rosenbergiella_epipactidis_YCCK_550)	COMPLETED	0	2026-08-30 13:50:46.289	2026-08-30 13:50:46.385	2026-08-30 13:51:09.547	21.1s	2	6 GB	463.5 MB	5.2 GB	97.4%	0.7%	867.6 MB	44.1 MB
1331	67/342079	BGC_ANALYSIS:ANTISMASH_ANALYSIS:ANTISMASH (Pantoea_stewartii_ST25)	COMPLETED	0	2026-08-30 13:50:41.670	2026-08-30 13:50:41.765	2026-08-30 13:51:15.807	32s	2	6 GB	695.7 MB	7.8 GB	96.9%	1.3%	1.4 GB	71.9 MB
1325	a0/5eb05e	BGC_ANALYSIS:ANTISMASH_ANALYSIS:ANTISMASH (Pantoea_sp._Fr+CA_20)	COMPLETED	0	2026-08-30 13:50:07.164	2026-08-30 13:50:07.260	2026-08-30 13:51:17.173	1m 8s	2	6 GB	4.7 GB	7.9 GB	109.4%	7.5%	11.9 GB	68.7 MB
1335	97/1139b9	BGC_ANALYSIS:ANTISMASH_ANALYSIS:ANTISMASH (Winslowiella_arboricola_BAC_15a-03b)	COMPLETED	0	2026-08-30 13:50:46.638	2026-08-30 13:50:46.735	2026-08-30 13:51:18.521	29.8s	2	6 GB	737.7 MB	7.8 GB	98.7%	1.3%	1.1 GB	70.2 MB
1348	13/3b4348	BGC_ANALYSIS:ANTISMASH_ANALYSIS:ANTISMASH (Erwinia_sp._Leaf53)	COMPLETED	0	2026-08-30 13:50:49.539	2026-08-30 13:50:49.634	2026-08-30 13:51:24.551	32.8s	2	6 GB	687.2 MB	7.7 GB	93.2%	1.2%	1.3 GB	71 MB
1338	c0/8aec31	BGC_ANALYSIS:ANTISMASH_ANALYSIS:ANTISMASH (Buchnera_aphidicola_Diuraphis_noxia_GCA_001700895.1)	COMPLETED	0	2026-08-30 13:51:17.177	2026-08-30 13:51:17.273	2026-08-30 13:51:24.793	5.5s	2	6 GB	208.2 MB	2.7 GB	106.8%	0.3%	242.8 MB	5.5 MB
1337	73/93c98b	BGC_ANALYSIS:ANTISMASH_ANALYSIS:ANTISMASH (Buchnera_aphidicola_Aphis_glycines_BAg)	COMPLETED	0	2026-08-30 13:51:18.525	2026-08-30 13:51:18.621	2026-08-30 13:51:26.885	6.4s	2	6 GB	216.1 MB	2.7 GB	105.6%	0.3%	286.5 MB	9.3 MB
1336	2e/2cb099	BGC_ANALYSIS:ANTISMASH_ANALYSIS:ANTISMASH (Winslowiella_arboricola_Til_1)	COMPLETED	0	2026-08-30 13:50:48.687	2026-08-30 13:50:48.785	2026-08-30 13:51:35.573	44.7s	2	6 GB	746.9 MB	7.8 GB	93.7%	1.3%	2 GB	90.8 MB
1350	7e/23d29e	BGC_ANALYSIS:ANTISMASH_ANALYSIS:ANTISMASH (Izhakiella_australiensis_D4N98)	COMPLETED	0	2026-08-30 13:50:56.704	2026-08-30 13:50:56.800	2026-08-30 13:51:41.159	42.2s	2	6 GB	717.7 MB	7.8 GB	94.8%	1.3%	1.9 GB	86.4 MB
1344	1d/8c5a86	BGC_ANALYSIS:ANTISMASH_ANALYSIS:ANTISMASH (Duffyella_gerundensis_GCA_001517405.1)	COMPLETED	0	2026-08-30 13:51:24.555	2026-08-30 13:51:24.652	2026-08-30 13:51:44.964	18.3s	2	6 GB	723.8 MB	7.8 GB	130.6%	1.2%	783.1 MB	50.3 MB
1345	4a/7c49bc	BGC_ANALYSIS:ANTISMASH_ANALYSIS:ANTISMASH (Erwinia_billingiae_OSU19-1)	COMPLETED	0	2026-08-30 13:51:09.551	2026-08-30 13:51:09.647	2026-08-30 13:51:48.381	36.7s	2	6 GB	517.4 MB	7.8 GB	100.4%	0.8%	1.4 GB	64.3 MB
1342	0c/cb6a5a	BGC_ANALYSIS:ANTISMASH_ANALYSIS:ANTISMASH (Candidatus_Pantoea_carbekii_US)	COMPLETED	0	2026-08-30 13:51:44.968	2026-08-30 13:51:45.064	2026-08-30 13:51:55.642	8.6s	2	6 GB	222 MB	2.7 GB	103.7%	0.3%	367.1 MB	13.8 MB
1355	21/3d4d43	BGC_ANALYSIS:ANTISMASH_ANALYSIS:ANTISMASH (Pantoea_agglomerans_JM1)	COMPLETED	0	2026-08-30 13:51:24.796	2026-08-30 13:51:24.893	2026-08-30 13:51:58.055	31.1s	2	6 GB	744.2 MB	7.8 GB	98.8%	1.3%	1.3 GB	68.4 MB
1346	11/2691f0	BGC_ANALYSIS:ANTISMASH_ANALYSIS:ANTISMASH (Erwinia_persicina_NBRC_102418)	COMPLETED	0	2026-08-30 13:51:15.811	2026-08-30 13:51:15.907	2026-08-30 13:52:02.673	44.8s	2	6 GB	507.2 MB	7.7 GB	103.2%	0.8%	2 GB	73.1 MB
1339	07/50e088	BGC_ANALYSIS:ANTISMASH_ANALYSIS:ANTISMASH (Buchnera_aphidicola_Myzus_persicae_G006)	COMPLETED	0	2026-08-30 13:52:02.677	2026-08-30 13:52:02.772	2026-08-30 13:52:10.943	6.1s	2	6 GB	198.3 MB	2.7 GB	109.3%	0.3%	266.3 MB	7 MB
1357	02/64d363	BGC_ANALYSIS:ANTISMASH_ANALYSIS:ANTISMASH (Pantoea_agglomerans_P10c)	COMPLETED	0	2026-08-30 13:51:41.163	2026-08-30 13:51:41.260	2026-08-30 13:52:11.169	27.8s	2	6 GB	653.1 MB	7.7 GB	97.0%	1.0%	1.1 GB	61.5 MB
1340	02/348129	BGC_ANALYSIS:ANTISMASH_ANALYSIS:ANTISMASH (Buchnera_aphidicola_Schlechtendalia_chinensis_SC)	COMPLETED	0	2026-08-30 13:52:10.947	2026-08-30 13:52:11.043	2026-08-30 13:52:18.324	5.3s	2	6 GB	202.5 MB	2.7 GB	107.2%	0.3%	233.7 MB	5.1 MB
1360	24/d8b85e	BGC_ANALYSIS:ANTISMASH_ANALYSIS:ANTISMASH (Pantoea_agglomerans_pv._betae_4188)	COMPLETED	0	2026-08-30 13:51:55.646	2026-08-30 13:51:55.743	2026-08-30 13:52:18.837	21.1s	2	6 GB	792 MB	7.8 GB	127.8%	1.4%	877 MB	61.8 MB
1349	5b/c48e9f	BGC_ANALYSIS:ANTISMASH_ANALYSIS:ANTISMASH (Erwinia_tracheiphila_BuffGH)	COMPLETED	0	2026-08-30 13:51:58.058	2026-08-30 13:51:58.155	2026-08-30 13:52:19.228	19s	2	6 GB	776 MB	7.8 GB	125.1%	1.3%	807 MB	57.2 MB
1347	af/90a266	BGC_ANALYSIS:ANTISMASH_ANALYSIS:ANTISMASH (Erwinia_piriflorinigrans_CFBP_5888)	COMPLETED	0	2026-08-30 13:51:35.577	2026-08-30 13:51:35.673	2026-08-30 13:52:40.272	1m 3s	2	6 GB	4.8 GB	8 GB	115.9%	3.2%	16.7 GB	56 MB
1354	bb/ddc33a	BGC_ANALYSIS:ANTISMASH_ANALYSIS:ANTISMASH (Pantoea_agglomerans_C410P1)	COMPLETED	0	2026-08-30 13:52:18.328	2026-08-30 13:52:18.424	2026-08-30 13:52:41.834	21.4s	2	6 GB	787.1 MB	7.8 GB	130.1%	1.3%	866.7 MB	59.4 MB
1353	8e/3000b4	BGC_ANALYSIS:ANTISMASH_ANALYSIS:ANTISMASH (Pantoea_agglomerans_3)	COMPLETED	0	2026-08-30 13:52:19.231	2026-08-30 13:52:19.328	2026-08-30 13:52:42.072	20.8s	2	6 GB	784.5 MB	7.8 GB	130.1%	1.4%	846.5 MB	57 MB
1356	72/4fedb3	BGC_ANALYSIS:ANTISMASH_ANALYSIS:ANTISMASH (Pantoea_agglomerans_NBRC_102470)	COMPLETED	0	2026-08-30 13:52:18.840	2026-08-30 13:52:18.938	2026-08-30 13:52:50.790	29.9s	2	6 GB	493.6 MB	7.8 GB	104.1%	0.7%	1.2 GB	51.2 MB
1351	b9/6dedda	BGC_ANALYSIS:ANTISMASH_ANALYSIS:ANTISMASH (Mixta_calida_LMG_25383)	COMPLETED	0	2026-08-30 13:51:26.889	2026-08-30 13:51:26.985	2026-08-30 13:53:00.591	1m 32s	2	6 GB	691.9 MB	7.8 GB	100.1%	1.2%	5.2 GB	159.8 MB
1361	d7/a3da5c	BGC_ANALYSIS:ANTISMASH_ANALYSIS:ANTISMASH (Pantoea_agglomerans_pv._gypsophilae_824-1)	COMPLETED	0	2026-08-30 13:52:42.075	2026-08-30 13:52:42.172	2026-08-30 13:53:05.441	21.3s	2	6 GB	810.1 MB	7.8 GB	128.6%	1.4%	896.9 MB	62.5 MB
1362	b7/77254a	BGC_ANALYSIS:ANTISMASH_ANALYSIS:ANTISMASH (Pantoea_alhagi_LTYR-11Z)	COMPLETED	0	2026-08-30 13:52:50.794	2026-08-30 13:52:50.891	2026-08-30 13:53:10.989	18s	2	6 GB	804.4 MB	7.8 GB	132.5%	1.3%	742.1 MB	50.6 MB
1359	36/b36b87	BGC_ANALYSIS:ANTISMASH_ANALYSIS:ANTISMASH (Pantoea_agglomerans_UBA1585)	COMPLETED	0	2026-08-30 13:52:40.276	2026-08-30 13:52:40.372	2026-08-30 13:53:27.920	45.6s	2	6 GB	477.6 MB	7.7 GB	103.9%	0.7%	2.1 GB	74.7 MB
1343	1b/4b5caf	BGC_ANALYSIS:ANTISMASH_ANALYSIS:ANTISMASH (Candidatus_Pantoea_superficialis_UBA648)	COMPLETED	0	2026-08-30 13:52:11.173	2026-08-30 13:52:11.270	2026-08-30 13:53:38.799	1m 26s	2	6 GB	470.4 MB	7.6 GB	109.0%	0.7%	4.5 GB	128.3 MB
1358	c3/aced1e	BGC_ANALYSIS:ANTISMASH_ANALYSIS:ANTISMASH (Pantoea_agglomerans_P5)	COMPLETED	0	2026-08-30 13:52:41.837	2026-08-30 13:52:41.934	2026-08-30 13:53:40.935	57s	2	6 GB	708.9 MB	7.8 GB	97.7%	1.2%	2.8 GB	109.2 MB
1366	e9/5f5384	BGC_ANALYSIS:ANTISMASH_ANALYSIS:ANTISMASH (Pantoea_ananatis_AMG521)	COMPLETED	0	2026-08-30 13:53:10.993	2026-08-30 13:53:11.089	2026-08-30 13:53:52.841	39.6s	2	6 GB	506.4 MB	7.8 GB	106.3%	0.7%	1.8 GB	68.2 MB
1365	7a/f262af	BGC_ANALYSIS:ANTISMASH_ANALYSIS:ANTISMASH (Pantoea_ananatis_1.38)	COMPLETED	0	2026-08-30 13:53:27.924	2026-08-30 13:53:28.020	2026-08-30 13:53:59.805	29.8s	2	6 GB	480.9 MB	7.8 GB	104.3%	0.7%	1.2 GB	53.4 MB
1367	b8/cf8ef8	BGC_ANALYSIS:ANTISMASH_ANALYSIS:ANTISMASH (Pantoea_ananatis_CFH_7-1)	COMPLETED	0	2026-08-30 13:53:38.802	2026-08-30 13:53:38.899	2026-08-30 13:54:00.046	19.1s	2	6 GB	740.6 MB	7.8 GB	121.3%	1.3%	816.3 MB	54.2 MB
1352	8d/1d3d2a	BGC_ANALYSIS:ANTISMASH_ANALYSIS:ANTISMASH (Mixta_gaviniae_LMG_25382)	COMPLETED	0	2026-08-30 13:51:04.530	2026-08-30 13:51:04.627	2026-08-30 13:54:06.059	2m 59s	2	6 GB	696.1 MB	7.8 GB	102.8%	1.2%	11 GB	304.9 MB
1363	e4/1a6d90	BGC_ANALYSIS:ANTISMASH_ANALYSIS:ANTISMASH (Pantoea_allii_LMG_24248)	COMPLETED	0	2026-08-30 13:53:00.594	2026-08-30 13:53:00.691	2026-08-30 13:54:12.995	1m 10s	2	6 GB	4.7 GB	7.8 GB	108.3%	4.3%	11.7 GB	89.6 MB
1364	65/68e4de	BGC_ANALYSIS:ANTISMASH_ANALYSIS:ANTISMASH (Pantoea_allii_LMG_24248_2)	COMPLETED	0	2026-08-30 13:53:05.444	2026-08-30 13:53:05.541	2026-08-30 13:54:15.743	1m 8s	2	6 GB	4.7 GB	7.8 GB	108.2%	4.2%	12 GB	86.3 MB
1368	ff/95744f	BGC_ANALYSIS:ANTISMASH_ANALYSIS:ANTISMASH (Pantoea_ananatis_NS296)	COMPLETED	0	2026-08-30 13:53:40.938	2026-08-30 13:53:41.035	2026-08-30 13:54:19.886	36.8s	2	6 GB	700.6 MB	7.8 GB	93.6%	1.3%	1.7 GB	77.3 MB
1369	68/21b476	BGC_ANALYSIS:ANTISMASH_ANALYSIS:ANTISMASH (Pantoea_ananatis_NS303)	COMPLETED	0	2026-08-30 13:53:52.845	2026-08-30 13:53:52.941	2026-08-30 13:54:35.229	40.2s	2	6 GB	674.6 MB	7.8 GB	95.2%	1.1%	1.9 GB	82.7 MB
1372	88/c35be7	BGC_ANALYSIS:ANTISMASH_ANALYSIS:ANTISMASH (Pantoea_ananatis_RSA47)	COMPLETED	0	2026-08-30 13:54:00.050	2026-08-30 13:54:00.146	2026-08-30 13:54:36.766	34.6s	2	6 GB	712.6 MB	7.8 GB	97.0%	1.3%	1.6 GB	74.8 MB
1373	7a/507dd4	BGC_ANALYSIS:ANTISMASH_ANALYSIS:ANTISMASH (Pantoea_ananatis_S6)	COMPLETED	0	2026-08-30 13:54:06.063	2026-08-30 13:54:06.159	2026-08-30 13:54:50.141	41.8s	2	6 GB	678.9 MB	7.7 GB	97.4%	1.2%	2 GB	82.6 MB
1375	9c/2e8df6	BGC_ANALYSIS:ANTISMASH_ANALYSIS:ANTISMASH (Pantoea_ananatis_S8)	COMPLETED	0	2026-08-30 13:54:13.003	2026-08-30 13:54:13.096	2026-08-30 13:54:55.090	39.9s	2	6 GB	648.2 MB	7.7 GB	97.0%	1.0%	1.9 GB	79.7 MB
1377	39/1b6a01	BGC_ANALYSIS:ANTISMASH_ANALYSIS:ANTISMASH (Pantoea_ananatis_YJ76)	COMPLETED	0	2026-08-30 13:54:15.749	2026-08-30 13:54:15.843	2026-08-30 13:55:05.211	47.4s	2	6 GB	3.4 GB	7.8 GB	128.4%	5.7%	10.9 GB	61.1 MB
1370	1f/4dbfc9	BGC_ANALYSIS:ANTISMASH_ANALYSIS:ANTISMASH (Pantoea_ananatis_NS311)	COMPLETED	0	2026-08-30 13:53:59.808	2026-08-30 13:53:59.905	2026-08-30 13:55:07.595	1m 6s	2	6 GB	725.8 MB	7.8 GB	99.5%	1.3%	3.6 GB	123.2 MB
1341	cd/aeacdf	BGC_ANALYSIS:ANTISMASH_ANALYSIS:ANTISMASH (Candidatus_Erwinia_dacicola_IL)	COMPLETED	0	2026-08-30 13:51:48.384	2026-08-30 13:51:48.481	2026-08-30 13:55:12.195	3m 22s	2	6 GB	628.9 MB	7.7 GB	103.6%	1.0%	12.7 GB	331.2 MB
1376	c0/73905e	BGC_ANALYSIS:ANTISMASH_ANALYSIS:ANTISMASH (Pantoea_ananatis_UBA1895)	COMPLETED	0	2026-08-30 13:54:35.233	2026-08-30 13:54:35.330	2026-08-30 13:55:17.902	40.5s	2	6 GB	489.1 MB	7.7 GB	101.8%	0.7%	1.8 GB	67.8 MB
1371	a8/204fad	BGC_ANALYSIS:ANTISMASH_ANALYSIS:ANTISMASH (Pantoea_ananatis_R100)	COMPLETED	0	2026-08-30 13:54:36.769	2026-08-30 13:54:36.867	2026-08-30 13:55:24.339	45.4s	2	6 GB	4.7 GB	7.8 GB	128.3%	6.8%	9.9 GB	56.6 MB
1374	a8/d294b4	BGC_ANALYSIS:ANTISMASH_ANALYSIS:ANTISMASH (Pantoea_ananatis_S7)	COMPLETED	0	2026-08-30 13:54:19.890	2026-08-30 13:54:19.986	2026-08-30 13:55:33.697	1m 12s	2	6 GB	4.8 GB	7.8 GB	107.8%	5.6%	13.1 GB	88.5 MB
1378	30/86ea62	BGC_ANALYSIS:ANTISMASH_ANALYSIS:ANTISMASH (Pantoea_anthophila_11-2)	COMPLETED	0	2026-08-30 13:55:07.599	2026-08-30 13:55:07.695	2026-08-30 13:55:35.276	25.7s	2	6 GB	672.8 MB	7.7 GB	99.6%	1.1%	1 GB	60.3 MB
1389	15/5eb92c	BGC_ANALYSIS:ANTISMASH_ANALYSIS:ANTISMASH (Pantoea_dispersa_SA2)	COMPLETED	0	2026-08-30 13:55:05.214	2026-08-30 13:55:05.312	2026-08-30 13:55:45.223	38s	2	6 GB	677.4 MB	7.7 GB	95.5%	1.2%	1.7 GB	80.1 MB
1382	0e/d4c247	BGC_ANALYSIS:ANTISMASH_ANALYSIS:ANTISMASH (Pantoea_cypripedii_LMG_2657)	COMPLETED	0	2026-08-30 13:55:17.906	2026-08-30 13:55:18.002	2026-08-30 13:55:45.461	25.2s	2	6 GB	891.7 MB	7.9 GB	129.1%	1.5%	1 GB	75.8 MB
1379	76/d0ba6d	BGC_ANALYSIS:ANTISMASH_ANALYSIS:ANTISMASH (Pantoea_brenneri_IF5SW-P1)	COMPLETED	0	2026-08-30 13:54:55.094	2026-08-30 13:54:55.190	2026-08-30 13:55:45.896	48.6s	2	6 GB	494.3 MB	7.7 GB	104.8%	0.7%	2.3 GB	80.5 MB
1381	c1/70aed5	BGC_ANALYSIS:ANTISMASH_ANALYSIS:ANTISMASH (Pantoea_conspicua_LMG_24534)	COMPLETED	0	2026-08-30 13:55:12.199	2026-08-30 13:55:12.295	2026-08-30 13:56:08.236	53.9s	2	6 GB	658 MB	7.7 GB	97.9%	1.0%	2.8 GB	102.1 MB
1384	07/03cbac	BGC_ANALYSIS:ANTISMASH_ANALYSIS:ANTISMASH (Pantoea_dispersa_NS215)	COMPLETED	0	2026-08-30 13:55:35.280	2026-08-30 13:55:35.377	2026-08-30 13:56:10.062	32.6s	2	6 GB	692.3 MB	7.7 GB	97.3%	1.2%	1.4 GB	71.8 MB
1386	2d/077354	BGC_ANALYSIS:ANTISMASH_ANALYSIS:ANTISMASH (Pantoea_dispersa_NS380)	COMPLETED	0	2026-08-30 13:55:24.343	2026-08-30 13:55:24.439	2026-08-30 13:56:12.292	45.8s	2	6 GB	668.2 MB	7.7 GB	98.2%	1.2%	2.3 GB	91.9 MB
1380	ea/976802	BGC_ANALYSIS:ANTISMASH_ANALYSIS:ANTISMASH (Pantoea_brenneri_LMG_5343)	COMPLETED	0	2026-08-30 13:54:50.145	2026-08-30 13:54:50.241	2026-08-30 13:56:12.541	1m 20s	2	6 GB	741.3 MB	7.8 GB	99.3%	1.3%	4.3 GB	144.3 MB
1385	48/92b93f	BGC_ANALYSIS:ANTISMASH_ANALYSIS:ANTISMASH (Pantoea_dispersa_NS375)	COMPLETED	0	2026-08-30 13:55:45.227	2026-08-30 13:55:45.323	2026-08-30 13:56:20.762	33.5s	2	6 GB	693.6 MB	7.8 GB	95.7%	1.3%	1.4 GB	72.9 MB
1387	0e/8c0454	BGC_ANALYSIS:ANTISMASH_ANALYSIS:ANTISMASH (Pantoea_dispersa_NS389)	COMPLETED	0	2026-08-30 13:55:45.899	2026-08-30 13:55:45.996	2026-08-30 13:56:24.226	36.3s	2	6 GB	705.5 MB	7.8 GB	94.7%	1.3%	1.6 GB	76.4 MB
1388	0d/2660af	BGC_ANALYSIS:ANTISMASH_ANALYSIS:ANTISMASH (Pantoea_dispersa_RSA31)	COMPLETED	0	2026-08-30 13:55:45.465	2026-08-30 13:55:45.560	2026-08-30 13:56:27.043	39.5s	2	6 GB	687.3 MB	7.7 GB	98.5%	1.2%	1.9 GB	82.4 MB
1395	8a/6f0390	BGC_ANALYSIS:ANTISMASH_ANALYSIS:ANTISMASH (Pantoea_eucrina_Russ)	COMPLETED	0	2026-08-30 13:56:27.047	2026-08-30 13:56:27.143	2026-08-30 13:56:50.093	20.9s	2	6 GB	559.7 MB	7.8 GB	117.7%	0.8%	805.8 MB	38.5 MB
1391	ac/76949b	BGC_ANALYSIS:ANTISMASH_ANALYSIS:ANTISMASH (Pantoea_dispersa_SA4)	COMPLETED	0	2026-08-30 13:56:08.239	2026-08-30 13:56:08.336	2026-08-30 13:56:50.845	40.5s	2	6 GB	709.7 MB	7.8 GB	95.2%	1.3%	1.9 GB	83.2 MB
1390	f7/15586a	BGC_ANALYSIS:ANTISMASH_ANALYSIS:ANTISMASH (Pantoea_dispersa_SA3)	COMPLETED	0	2026-08-30 13:56:10.066	2026-08-30 13:56:10.162	2026-08-30 13:56:56.597	44.5s	2	6 GB	700.4 MB	7.8 GB	96.2%	1.3%	2.2 GB	90.1 MB
1392	72/9b1368	BGC_ANALYSIS:ANTISMASH_ANALYSIS:ANTISMASH (Pantoea_dispersa_SA5)	COMPLETED	0	2026-08-30 13:56:12.545	2026-08-30 13:56:12.642	2026-08-30 13:57:00.764	46.1s	2	6 GB	693.1 MB	7.8 GB	97.7%	1.3%	2.3 GB	92.9 MB
1394	96/764e06	BGC_ANALYSIS:ANTISMASH_ANALYSIS:ANTISMASH (Pantoea_eucrina_LMG_5346)	COMPLETED	0	2026-08-30 13:56:12.295	2026-08-30 13:56:12.393	2026-08-30 13:57:01.865	47.5s	2	6 GB	617.3 MB	7.7 GB	97.5%	1.0%	2.4 GB	88.6 MB
1396	67/403dff	BGC_ANALYSIS:ANTISMASH_ANALYSIS:ANTISMASH (Pantoea_latae_AS1)	COMPLETED	0	2026-08-30 13:56:24.229	2026-08-30 13:56:24.326	2026-08-30 13:57:06.660	40.4s	2	6 GB	680.1 MB	7.8 GB	95.2%	1.1%	1.8 GB	82.1 MB
1383	e8/b0892f	BGC_ANALYSIS:ANTISMASH_ANALYSIS:ANTISMASH (Pantoea_deleyi_LMG_24200)	COMPLETED	0	2026-08-30 13:55:33.701	2026-08-30 13:55:33.797	2026-08-30 13:57:29.413	1m 54s	2	6 GB	740.4 MB	7.8 GB	101.2%	1.3%	6.5 GB	196.5 MB
1397	3b/9bd6ec	BGC_ANALYSIS:ANTISMASH_ANALYSIS:ANTISMASH (Pantoea_rodasii_LMG_26273)	COMPLETED	0	2026-08-30 13:56:50.097	2026-08-30 13:56:50.193	2026-08-30 13:57:37.357	45.1s	2	6 GB	797.8 MB	7.8 GB	97.3%	1.3%	2 GB	94.1 MB
1399	89/37a60c	BGC_ANALYSIS:ANTISMASH_ANALYSIS:ANTISMASH (Pantoea_septica_LMG_5345)	COMPLETED	0	2026-08-30 13:56:50.848	2026-08-30 13:56:50.945	2026-08-30 13:57:39.150	46.2s	2	6 GB	642.1 MB	7.7 GB	97.7%	1.0%	2.3 GB	88.8 MB
1404	b4/4382b3	BGC_ANALYSIS:ANTISMASH_ANALYSIS:ANTISMASH (Pantoea_sp._1.19)	COMPLETED	0	2026-08-30 13:57:06.664	2026-08-30 13:57:06.760	2026-08-30 13:57:39.911	31s	2	6 GB	487.9 MB	7.8 GB	108.3%	0.7%	1.3 GB	49.1 MB
1398	01/512f99	BGC_ANALYSIS:ANTISMASH_ANALYSIS:ANTISMASH (Pantoea_rwandensis_LMG_26275)	COMPLETED	0	2026-08-30 13:56:56.601	2026-08-30 13:56:56.697	2026-08-30 13:57:46.487	47.5s	2	6 GB	762.1 MB	7.8 GB	95.0%	1.3%	2.1 GB	95.7 MB
1402	53/69fecc	BGC_ANALYSIS:ANTISMASH_ANALYSIS:ANTISMASH (Pantoea_septica_UBA2049)	COMPLETED	0	2026-08-30 13:57:29.417	2026-08-30 13:57:29.513	2026-08-30 13:58:05.179	33.6s	2	6 GB	489.7 MB	7.7 GB	102.6%	0.8%	1.5 GB	56.5 MB
1403	95/c413ae	BGC_ANALYSIS:ANTISMASH_ANALYSIS:ANTISMASH (Pantoea_septica_UBA2584)	COMPLETED	0	2026-08-30 13:57:37.361	2026-08-30 13:57:37.458	2026-08-30 13:58:11.142	31.8s	2	6 GB	478.3 MB	7.7 GB	101.4%	0.7%	1.4 GB	54.5 MB
1405	c1/a842be	BGC_ANALYSIS:ANTISMASH_ANALYSIS:ANTISMASH (Pantoea_sp._AMG_501)	COMPLETED	0	2026-08-30 13:57:39.915	2026-08-30 13:57:40.012	2026-08-30 13:58:15.199	33.2s	2	6 GB	734.5 MB	7.8 GB	97.5%	1.3%	1.4 GB	73.7 MB
1406	51/dba3f1	BGC_ANALYSIS:ANTISMASH_ANALYSIS:ANTISMASH (Pantoea_sp._AV62)	COMPLETED	0	2026-08-30 13:57:39.154	2026-08-30 13:57:39.251	2026-08-30 13:58:21.348	40.1s	2	6 GB	675.8 MB	7.8 GB	96.6%	1.2%	1.9 GB	84.1 MB
1407	7b/17abd2	BGC_ANALYSIS:ANTISMASH_ANALYSIS:ANTISMASH (Pantoea_sp._Ae16)	COMPLETED	0	2026-08-30 13:58:05.183	2026-08-30 13:58:05.279	2026-08-30 13:58:34.310	27s	2	6 GB	622.3 MB	7.7 GB	95.2%	1.0%	1.2 GB	58 MB
1408	8f/12189b	BGC_ANALYSIS:ANTISMASH_ANALYSIS:ANTISMASH (Pantoea_sp._BL1)	COMPLETED	0	2026-08-30 13:57:46.491	2026-08-30 13:57:46.588	2026-08-30 13:58:41.586	52.8s	2	6 GB	690.9 MB	7.8 GB	96.6%	1.2%	2.5 GB	103.4 MB
1410	fc/146c9a	BGC_ANALYSIS:ANTISMASH_ANALYSIS:ANTISMASH (Pantoea_sp._FDAARGOS_194)	COMPLETED	0	2026-08-30 13:58:21.351	2026-08-30 13:58:21.448	2026-08-30 13:58:44.265	20.7s	2	6 GB	788.5 MB	7.8 GB	133.1%	1.3%	905.2 MB	59.2 MB
1400	35/92f3c3	BGC_ANALYSIS:ANTISMASH_ANALYSIS:ANTISMASH (Pantoea_septica_UBA1650)	COMPLETED	0	2026-08-30 13:57:00.767	2026-08-30 13:57:00.863	2026-08-30 13:58:44.508	1m 42s	2	6 GB	511.2 MB	7.7 GB	111.0%	0.8%	5.5 GB	152.8 MB
1417	bc/a0f36e	BGC_ANALYSIS:ANTISMASH_ANALYSIS:ANTISMASH (Pantoea_stewartii_NS381)	COMPLETED	0	2026-08-30 13:58:11.146	2026-08-30 13:58:11.242	2026-08-30 13:58:47.956	34.6s	2	6 GB	702.5 MB	7.8 GB	95.5%	1.3%	1.5 GB	73.3 MB
1409	a1/dddc3c	BGC_ANALYSIS:ANTISMASH_ANALYSIS:ANTISMASH (Pantoea_sp._CFSAN033090)	COMPLETED	0	2026-08-30 13:58:15.202	2026-08-30 13:58:15.299	2026-08-30 13:58:53.517	36.2s	2	6 GB	681.9 MB	7.8 GB	96.0%	1.2%	1.6 GB	77.2 MB
1412	d2/942fa1	BGC_ANALYSIS:ANTISMASH_ANALYSIS:ANTISMASH (Pantoea_sp._RIT-PI-b)	COMPLETED	0	2026-08-30 13:58:41.589	2026-08-30 13:58:41.686	2026-08-30 13:59:19.480	35.8s	2	6 GB	722.7 MB	7.8 GB	96.4%	1.3%	1.4 GB	74.8 MB
1411	ec/e23b41	BGC_ANALYSIS:ANTISMASH_ANALYSIS:ANTISMASH (Pantoea_sp._OXWO6B1)	COMPLETED	0	2026-08-30 13:58:34.314	2026-08-30 13:58:34.411	2026-08-30 13:59:24.092	47.6s	2	6 GB	4.7 GB	7.9 GB	128.0%	4.5%	10.5 GB	62.6 MB
1416	60/78136c	BGC_ANALYSIS:ANTISMASH_ANALYSIS:ANTISMASH (Pantoea_stewartii_A206)	COMPLETED	0	2026-08-30 13:58:53.520	2026-08-30 13:58:53.617	2026-08-30 13:59:24.237	28.5s	2	6 GB	493.5 MB	7.7 GB	103.5%	0.7%	1.1 GB	49.5 MB
1401	20/96607f	BGC_ANALYSIS:ANTISMASH_ANALYSIS:ANTISMASH (Pantoea_septica_UBA1889)	COMPLETED	0	2026-08-30 13:57:01.869	2026-08-30 13:57:01.966	2026-08-30 13:59:29.330	2m 25s	2	6 GB	510.6 MB	7.7 GB	113.3%	0.8%	7.9 GB	209.1 MB
1413	15/70f417	BGC_ANALYSIS:ANTISMASH_ANALYSIS:ANTISMASH (Pantoea_sp._SM3)	COMPLETED	0	2026-08-30 13:58:44.511	2026-08-30 13:58:44.608	2026-08-30 13:59:33.887	47.4s	2	6 GB	694.5 MB	7.8 GB	94.8%	1.2%	2.2 GB	94.1 MB
1422	b6/8f9dda	BGC_ANALYSIS:ANTISMASH_ANALYSIS:ANTISMASH (Pantoea_stewartii_subsp._stewartii_DC283_2)	COMPLETED	0	2026-08-30 13:59:24.241	2026-08-30 13:59:24.337	2026-08-30 13:59:49.477	23.1s	2	6 GB	855.6 MB	7.9 GB	125.3%	1.4%	1 GB	66.6 MB
1415	62/ce0cc9	BGC_ANALYSIS:ANTISMASH_ANALYSIS:ANTISMASH (Pantoea_sp._VS1)	COMPLETED	0	2026-08-30 13:58:47.959	2026-08-30 13:58:48.056	2026-08-30 13:59:49.812	59.5s	2	6 GB	727.1 MB	7.8 GB	99.1%	1.3%	3.1 GB	116.3 MB
1421	7d/6a057b	BGC_ANALYSIS:ANTISMASH_ANALYSIS:ANTISMASH (Pantoea_stewartii_S301)	COMPLETED	0	2026-08-30 13:59:19.483	2026-08-30 13:59:19.581	2026-08-30 13:59:49.945	28.4s	2	6 GB	504.2 MB	7.8 GB	105.6%	0.7%	1.2 GB	50.6 MB
1418	ee/5681fe	BGC_ANALYSIS:ANTISMASH_ANALYSIS:ANTISMASH (Pantoea_stewartii_RSA13)	COMPLETED	0	2026-08-30 13:59:24.096	2026-08-30 13:59:24.193	2026-08-30 14:00:03.299	37.1s	2	6 GB	686.1 MB	7.8 GB	93.9%	1.3%	1.7 GB	77.1 MB
1420	1c/cc1859	BGC_ANALYSIS:ANTISMASH_ANALYSIS:ANTISMASH (Pantoea_stewartii_RSA36)	COMPLETED	0	2026-08-30 13:59:29.332	2026-08-30 13:59:29.430	2026-08-30 14:00:06.341	34.9s	2	6 GB	696.8 MB	7.8 GB	94.9%	1.3%	1.5 GB	73.6 MB
1425	7a/b0d3bb	BGC_ANALYSIS:ANTISMASH_ANALYSIS:ANTISMASH (Pantoea_vagans_ND02)	COMPLETED	0	2026-08-30 13:59:49.816	2026-08-30 13:59:49.913	2026-08-30 14:00:07.571	15.8s	2	6 GB	611.9 MB	7.3 GB	138.7%	1.0%	703.6 MB	31.1 MB
1424	bc/97a35c	BGC_ANALYSIS:ANTISMASH_ANALYSIS:ANTISMASH (Pantoea_vagans_FDAARGOS_160)	COMPLETED	0	2026-08-30 13:59:49.949	2026-08-30 13:59:50.045	2026-08-30 14:00:12.227	20.3s	2	6 GB	787.4 MB	7.8 GB	132.2%	1.4%	845.5 MB	57.3 MB
1419	11/67bf9f	BGC_ANALYSIS:ANTISMASH_ANALYSIS:ANTISMASH (Pantoea_stewartii_RSA30)	COMPLETED	0	2026-08-30 13:59:33.891	2026-08-30 13:59:33.987	2026-08-30 14:00:17.516	41.5s	2	6 GB	686.6 MB	7.8 GB	96.1%	1.2%	1.9 GB	83.8 MB
1414	14/58fb5d	BGC_ANALYSIS:ANTISMASH_ANALYSIS:ANTISMASH (Pantoea_sp._UBA2523_UBA2523)	COMPLETED	0	2026-08-30 13:58:44.268	2026-08-30 13:58:44.365	2026-08-30 14:00:25.197	1m 39s	2	6 GB	523.4 MB	7.7 GB	110.0%	0.8%	5.2 GB	147.1 MB
1426	ee/8572ba	BGC_ANALYSIS:ANTISMASH_ANALYSIS:ANTISMASH (Pantoea_vagans_TYU1)	COMPLETED	0	2026-08-30 14:00:06.345	2026-08-30 14:00:06.442	2026-08-30 14:00:30.081	21.6s	2	6 GB	773.9 MB	7.8 GB	129.3%	1.3%	903.2 MB	59.3 MB
1429	17/0a27d4	BGC_ANALYSIS:ANTISMASH_ANALYSIS:ANTISMASH (Tatumella_citrea_ATCC_39140)	COMPLETED	0	2026-08-30 14:00:12.232	2026-08-30 14:00:12.327	2026-08-30 14:00:33.318	18.9s	2	6 GB	805 MB	7.8 GB	134.4%	1.3%	765.5 MB	52.3 MB
1430	8c/87941e	BGC_ANALYSIS:ANTISMASH_ANALYSIS:ANTISMASH (Tatumella_citrea_DSM_13699)	COMPLETED	0	2026-08-30 14:00:25.201	2026-08-30 14:00:25.297	2026-08-30 14:00:46.270	18.9s	2	6 GB	794.6 MB	7.8 GB	134.7%	1.3%	765.4 MB	52.3 MB
1431	eb/bb7541	BGC_ANALYSIS:ANTISMASH_ANALYSIS:ANTISMASH (Tatumella_sp._UBA2305_UBA2305)	COMPLETED	0	2026-08-30 14:00:17.521	2026-08-30 14:00:17.616	2026-08-30 14:00:49.063	29.3s	2	6 GB	476.9 MB	7.7 GB	101.5%	0.7%	1.2 GB	48.4 MB
1427	77/e109e3	BGC_ANALYSIS:ANTISMASH_ANALYSIS:ANTISMASH (Pantoea_vagans_ZBG6)	COMPLETED	0	2026-08-30 14:00:03.303	2026-08-30 14:00:03.399	2026-08-30 14:00:49.718	44.1s	2	6 GB	700.7 MB	7.8 GB	96.0%	1.3%	2.1 GB	87.2 MB
1428	28/2ac493	BGC_ANALYSIS:ANTISMASH_ANALYSIS:ANTISMASH (Pantoea_wallisii_LMG_26277)	COMPLETED	0	2026-08-30 14:00:07.576	2026-08-30 14:00:07.671	2026-08-30 14:01:14.172	1m 5s	2	6 GB	713.7 MB	7.8 GB	98.9%	1.3%	3.4 GB	118.5 MB
1441	9f/b2a43d	BGC_ANALYSIS:ANTISMASH_ANALYSIS:ANTISMASH (Buchnera_aphidicola_Eriosoma_grossulariae_Ergrossulariae-3692)	COMPLETED	0	2026-08-30 14:01:14.177	2026-08-30 14:01:14.272	2026-08-30 14:01:22.519	6.1s	2	6 GB	210.6 MB	2.7 GB	111.2%	0.3%	281.2 MB	8.5 MB
1443	f1/e142d8	BGC_ANALYSIS:ANTISMASH_ANALYSIS:ANTISMASH (Buchnera_aphidicola_GCA_981690525.1)	COMPLETED	0	2026-08-30 14:01:22.523	2026-08-30 14:01:22.620	2026-08-30 14:01:31.346	6.6s	2	6 GB	213.8 MB	2.7 GB	109.6%	0.3%	294.5 MB	9.6 MB
1393	16/8f5c91	BGC_ANALYSIS:ANTISMASH_ANALYSIS:ANTISMASH (Pantoea_dispersa_SUBG008)	COMPLETED	0	2026-08-30 13:56:20.765	2026-08-30 13:56:20.862	2026-08-30 14:01:36.657	5m 14s	2	6 GB	629.9 MB	7.7 GB	110.6%	1.0%	18.6 GB	454.6 MB
1447	b0/b0b0b0	BGC_ANALYSIS:ANTISMASH_ANALYSIS:ANTISMASH (Buchnera_aphidicola_Myzocallis_carpini_Mycarpini-3696)	COMPLETED	0	2026-08-30 14:01:31.349	2026-08-30 14:01:31.447	2026-08-30 14:01:38.544	5s	2	6 GB	202.9 MB	2.7 GB	113.8%	0.3%	220.6 MB	4.1 MB
1432	2e/8ca8e0	BGC_ANALYSIS:ANTISMASH_ANALYSIS:ANTISMASH (Winslowiella_iniecta_B120)	COMPLETED	0	2026-08-30 14:00:30.085	2026-08-30 14:00:30.182	2026-08-30 14:01:43.355	1m 11s	2	6 GB	4.8 GB	7.9 GB	108.9%	7.9%	11.7 GB	84.8 MB
1442	c5/bbe66b	BGC_ANALYSIS:ANTISMASH_ANALYSIS:ANTISMASH (Buchnera_aphidicola_Eriosoma_lanigerum_Erlanigerum-2421)	COMPLETED	0	2026-08-30 14:01:36.661	2026-08-30 14:01:36.757	2026-08-30 14:01:44.907	6.2s	2	6 GB	210.5 MB	2.7 GB	110.1%	0.3%	280.9 MB	8.6 MB
1449	4d/a0edd3	BGC_ANALYSIS:ANTISMASH_ANALYSIS:ANTISMASH (Buchnera_aphidicola_Panaphis_juglandis_Pajuglandis-2786)	COMPLETED	0	2026-08-30 14:01:38.547	2026-08-30 14:01:38.644	2026-08-30 14:01:45.669	5s	2	6 GB	191.6 MB	2.7 GB	113.1%	0.3%	218.5 MB	4 MB
1433	95/61d571	BGC_ANALYSIS:ANTISMASH_ANALYSIS:ANTISMASH (Winslowiella_iniecta_B149)	COMPLETED	0	2026-08-30 14:00:33.321	2026-08-30 14:00:33.419	2026-08-30 14:01:51.417	1m 16s	2	6 GB	4.7 GB	7.8 GB	109.0%	3.4%	12 GB	93 MB
1436	25/2141b1	BGC_ANALYSIS:ANTISMASH_ANALYSIS:ANTISMASH (bacteria_symbiont_BFo1_of_Frankliniella_occidentalis_SwAb130)	COMPLETED	0	2026-08-30 14:00:49.722	2026-08-30 14:00:49.819	2026-08-30 14:01:51.628	59.8s	2	6 GB	694.1 MB	7.8 GB	98.7%	1.2%	2.9 GB	111.6 MB
1446	f1/be95c0	BGC_ANALYSIS:ANTISMASH_ANALYSIS:ANTISMASH (Buchnera_aphidicola_Mindarus_abietinus_Miabietinus-3704)	COMPLETED	0	2026-08-30 14:01:43.359	2026-08-30 14:01:43.455	2026-08-30 14:01:51.783	6.3s	2	6 GB	209.5 MB	2.7 GB	109.8%	0.3%	297.4 MB	8.6 MB
1451	04/aaafe4	BGC_ANALYSIS:ANTISMASH_ANALYSIS:ANTISMASH (Buchnera_aphidicola_Periphyllus_testudinaceus_Petestudinaceus-2671)	COMPLETED	0	2026-08-30 14:01:45.672	2026-08-30 14:01:45.769	2026-08-30 14:01:52.693	5s	2	6 GB	201.9 MB	2.7 GB	112.5%	0.3%	222.1 MB	4.1 MB
1444	e6/7f56fa	BGC_ANALYSIS:ANTISMASH_ANALYSIS:ANTISMASH (Buchnera_aphidicola_GCA_982737945.1)	COMPLETED	0	2026-08-30 14:01:44.911	2026-08-30 14:01:45.007	2026-08-30 14:01:53.609	6.6s	2	6 GB	197.8 MB	2.7 GB	110.9%	0.3%	327.8 MB	8.5 MB
1439	f4/6351ad	BGC_ANALYSIS:ANTISMASH_ANALYSIS:ANTISMASH (Buchnera_aphidicola_Chaetosiphella_stipae_setosa_Chstipae_setosa-2659)	COMPLETED	0	2026-08-30 14:01:51.421	2026-08-30 14:01:51.517	2026-08-30 14:01:58.278	4.9s	2	6 GB	199.3 MB	2.7 GB	109.5%	0.3%	221.2 MB	4.1 MB
1440	56/07367f	BGC_ANALYSIS:ANTISMASH_ANALYSIS:ANTISMASH (Buchnera_aphidicola_Drepanosiphum_platanoidis_Drplatanoidis-3702)	COMPLETED	0	2026-08-30 14:01:51.632	2026-08-30 14:01:51.728	2026-08-30 14:01:58.495	4.9s	2	6 GB	198.8 MB	2.7 GB	109.3%	0.3%	218.5 MB	4 MB
1423	3f/fae474	BGC_ANALYSIS:ANTISMASH_ANALYSIS:ANTISMASH (Pantoea_vagans_848_PVAG)	COMPLETED	0	2026-08-30 13:59:49.506	2026-08-30 13:59:49.577	2026-08-30 14:02:00.691	2m 9s	2	6 GB	480.5 MB	7.6 GB	108.9%	0.7%	7 GB	194.4 MB
1456	bb/26e364	BGC_ANALYSIS:ANTISMASH_ANALYSIS:ANTISMASH (Buchnera_sp._in:_enterobacteria_GCA_980580585.1)	COMPLETED	0	2026-08-30 14:01:51.786	2026-08-30 14:01:51.883	2026-08-30 14:02:01.047	7.2s	2	6 GB	193 MB	2.7 GB	108.7%	0.3%	369.5 MB	9.5 MB
1437	9d/44776f	BGC_ANALYSIS:ANTISMASH_ANALYSIS:ANTISMASH (Buchnera_aphidicola_Brachycaudus_tragopogonis_Brtragopogonis-B.tra)	COMPLETED	0	2026-08-30 14:01:52.697	2026-08-30 14:01:52.794	2026-08-30 14:02:01.094	6.4s	2	6 GB	214.8 MB	2.7 GB	106.4%	0.3%	293.3 MB	9.3 MB
1438	78/773072	BGC_ANALYSIS:ANTISMASH_ANALYSIS:ANTISMASH (Buchnera_aphidicola_Cavariella_theobaldi_Catheobaldi-2779)	COMPLETED	0	2026-08-30 14:01:53.613	2026-08-30 14:01:53.714	2026-08-30 14:02:02.150	6.5s	2	6 GB	213.3 MB	2.7 GB	105.2%	0.3%	302.6 MB	9 MB
1435	03/e8a525	BGC_ANALYSIS:ANTISMASH_ANALYSIS:ANTISMASH (bacteria_symbiont_BFo1_of_Frankliniella_occidentalis_Keele2)	COMPLETED	0	2026-08-30 14:00:49.067	2026-08-30 14:00:49.163	2026-08-30 14:02:05.262	1m 14s	2	6 GB	712.9 MB	7.8 GB	99.8%	1.3%	3.9 GB	133.4 MB
1448	8f/0f2708	BGC_ANALYSIS:ANTISMASH_ANALYSIS:ANTISMASH (Buchnera_aphidicola_Neophyllaphis_podocarpi_Nepodocarpi-3733)	COMPLETED	0	2026-08-30 14:01:58.282	2026-08-30 14:01:58.378	2026-08-30 14:02:06.636	6.2s	2	6 GB	212.3 MB	2.7 GB	104.4%	0.3%	281.3 MB	8.4 MB
1445	bc/d2fdd7	BGC_ANALYSIS:ANTISMASH_ANALYSIS:ANTISMASH (Buchnera_aphidicola_Hyalopterus_amygdali_Hyamygdali-3475)	COMPLETED	0	2026-08-30 14:01:58.498	2026-08-30 14:01:58.594	2026-08-30 14:02:06.985	6.4s	2	6 GB	214.1 MB	2.7 GB	105.5%	0.3%	291.8 MB	9.3 MB
1454	ce/a7b553	BGC_ANALYSIS:ANTISMASH_ANALYSIS:ANTISMASH (Buchnera_aphidicola_Sipha_maydis_Simaydis-3493)	COMPLETED	0	2026-08-30 14:02:01.097	2026-08-30 14:02:01.194	2026-08-30 14:02:07.930	4.8s	2	6 GB	200.4 MB	2.7 GB	100.1%	0.3%	222.3 MB	4.2 MB
1452	df/8aa7e7	BGC_ANALYSIS:ANTISMASH_ANALYSIS:ANTISMASH (Buchnera_aphidicola_Protaphis_terricola_Prterricola-2569)	COMPLETED	0	2026-08-30 14:02:00.695	2026-08-30 14:02:00.792	2026-08-30 14:02:09.000	6.2s	2	6 GB	209 MB	2.7 GB	104.7%	0.3%	288.3 MB	9 MB
1453	15/2735be	BGC_ANALYSIS:ANTISMASH_ANALYSIS:ANTISMASH (Buchnera_aphidicola_Pterocallis_alni_Ptalni-3691)	COMPLETED	0	2026-08-30 14:02:02.153	2026-08-30 14:02:02.250	2026-08-30 14:02:09.028	4.8s	2	6 GB	199.2 MB	2.7 GB	108.0%	0.3%	217.9 MB	3.9 MB
1450	5e/ea8e28	BGC_ANALYSIS:ANTISMASH_ANALYSIS:ANTISMASH (Buchnera_aphidicola_Pemphigus_immunis_Peimmunis-3699)	COMPLETED	0	2026-08-30 14:02:01.050	2026-08-30 14:02:01.094	2026-08-30 14:02:09.281	6.2s	2	6 GB	213.8 MB	2.7 GB	101.1%	0.3%	299.7 MB	8.9 MB
1455	46/95e62b	BGC_ANALYSIS:ANTISMASH_ANALYSIS:ANTISMASH (Buchnera_aphidicola_Symydobius_americanus_Syamericanus-3610)	COMPLETED	0	2026-08-30 14:02:05.265	2026-08-30 14:02:05.363	2026-08-30 14:02:12.475	5.1s	2	6 GB	200.9 MB	2.7 GB	105.7%	0.3%	222.4 MB	4.2 MB
1468	33/77ee94	BGC_ANALYSIS:ANTISMASH_ANALYSIS:ANTISMASH (Erwinia_sp._AC075_GCA_979253995.1)	COMPLETED	0	2026-08-30 14:02:07.934	2026-08-30 14:02:08.031	2026-08-30 14:02:35.133	25.1s	2	6 GB	670.7 MB	7.9 GB	129.6%	1.1%	869.4 MB	46.9 MB
1458	d7/a60680	BGC_ANALYSIS:ANTISMASH_ANALYSIS:ANTISMASH (Erwinia_billingiae_GCA_977069165.1)	COMPLETED	0	2026-08-30 14:02:09.003	2026-08-30 14:02:09.028	2026-08-30 14:02:59.309	48.4s	2	6 GB	500.8 MB	7.8 GB	106.2%	0.9%	1.9 GB	75.5 MB
1434	36/e86255	BGC_ANALYSIS:ANTISMASH_ANALYSIS:ANTISMASH (bacteria_symbiont_BFo1_of_Frankliniella_occidentalis_BFo1)	COMPLETED	0	2026-08-30 14:00:46.273	2026-08-30 14:00:46.370	2026-08-30 14:03:08.618	2m 20s	2	6 GB	741.1 MB	7.8 GB	98.9%	1.3%	7.8 GB	229.5 MB
1462	7a/a2473c	BGC_ANALYSIS:ANTISMASH_ANALYSIS:ANTISMASH (Erwinia_rhapontici_GCA_977069205.1)	COMPLETED	0	2026-08-30 14:02:12.479	2026-08-30 14:02:12.575	2026-08-30 14:03:08.974	54.4s	2	6 GB	506.3 MB	7.7 GB	104.4%	0.9%	2 GB	80.8 MB
1463	a9/d3c2af	BGC_ANALYSIS:ANTISMASH_ANALYSIS:ANTISMASH (Erwinia_rhapontici_GCA_977070065.1)	COMPLETED	0	2026-08-30 14:02:35.136	2026-08-30 14:02:35.233	2026-08-30 14:03:11.948	34.6s	2	6 GB	476.9 MB	7.7 GB	104.6%	0.7%	1.5 GB	58 MB
1459	db/9a21de	BGC_ANALYSIS:ANTISMASH_ANALYSIS:ANTISMASH (Erwinia_billingiae_GCA_977070595.1)	COMPLETED	0	2026-08-30 14:02:09.031	2026-08-30 14:02:09.129	2026-08-30 14:03:16.755	1m 6s	2	6 GB	541.5 MB	7.7 GB	105.8%	0.9%	2.6 GB	92.2 MB
1461	80/b5233c	BGC_ANALYSIS:ANTISMASH_ANALYSIS:ANTISMASH (Erwinia_persicina_GCA_969191635.1)	COMPLETED	0	2026-08-30 14:02:09.284	2026-08-30 14:02:09.381	2026-08-30 14:03:32.754	1m 22s	2	6 GB	480.9 MB	7.6 GB	106.8%	0.7%	4 GB	120.8 MB
1465	e9/5f3d28	BGC_ANALYSIS:ANTISMASH_ANALYSIS:ANTISMASH (Erwinia_rhapontici_GCA_977070395.1)	COMPLETED	0	2026-08-30 14:02:59.313	2026-08-30 14:02:59.409	2026-08-30 14:03:33.738	32.3s	2	6 GB	491.1 MB	7.8 GB	105.7%	0.8%	1.3 GB	54.6 MB
1464	9a/af1a58	BGC_ANALYSIS:ANTISMASH_ANALYSIS:ANTISMASH (Erwinia_rhapontici_GCA_977070105.1)	COMPLETED	0	2026-08-30 14:03:08.978	2026-08-30 14:03:09.074	2026-08-30 14:03:44.899	33.9s	2	6 GB	505.5 MB	7.8 GB	106.8%	0.7%	1.3 GB	57.1 MB
1466	f4/081b47	BGC_ANALYSIS:ANTISMASH_ANALYSIS:ANTISMASH (Erwinia_rhapontici_GCA_977070755.1)	COMPLETED	0	2026-08-30 14:03:08.622	2026-08-30 14:03:08.718	2026-08-30 14:03:44.918	34.2s	2	6 GB	484.2 MB	7.7 GB	104.8%	0.7%	1.4 GB	56.5 MB
1467	20/41981c	BGC_ANALYSIS:ANTISMASH_ANALYSIS:ANTISMASH (Erwinia_sp._AC012_GCA_979256375.1)	COMPLETED	0	2026-08-30 14:03:11.951	2026-08-30 14:03:12.048	2026-08-30 14:03:47.039	33s	2	6 GB	481.1 MB	7.8 GB	105.1%	0.7%	1.4 GB	57.6 MB
1460	b5/accce2	BGC_ANALYSIS:ANTISMASH_ANALYSIS:ANTISMASH (Erwinia_billingiae_GCA_980579415.1)	COMPLETED	0	2026-08-30 14:02:06.988	2026-08-30 14:02:07.085	2026-08-30 14:04:12.777	2m 4s	2	6 GB	548.6 MB	7.7 GB	108.2%	1.0%	6.5 GB	185.3 MB
1470	21/75c7a2	BGC_ANALYSIS:ANTISMASH_ANALYSIS:ANTISMASH (Mixta_calida_FFMG-124-8-21)	COMPLETED	0	2026-08-30 14:03:16.759	2026-08-30 14:03:16.855	2026-08-30 14:04:20.328	1m 1s	2	6 GB	486 MB	7.7 GB	105.7%	0.7%	3.1 GB	95.1 MB
1473	6b/fdaf64	BGC_ANALYSIS:ANTISMASH_ANALYSIS:ANTISMASH (Pantoea_agglomerans_GCA_977069615.1)	COMPLETED	0	2026-08-30 14:03:44.902	2026-08-30 14:03:44.918	2026-08-30 14:04:27.817	40.8s	2	6 GB	496 MB	7.8 GB	105.0%	0.9%	1.7 GB	69.3 MB
1472	8e/45590e	BGC_ANALYSIS:ANTISMASH_ANALYSIS:ANTISMASH (Mixta_calida_FFZB-23)	COMPLETED	0	2026-08-30 14:03:33.742	2026-08-30 14:03:33.838	2026-08-30 14:04:28.332	52.5s	2	6 GB	480.4 MB	7.7 GB	104.9%	0.7%	2.6 GB	82.5 MB
1471	8d/83eb3b	BGC_ANALYSIS:ANTISMASH_ANALYSIS:ANTISMASH (Mixta_calida_FFMG-842-06-21)	COMPLETED	0	2026-08-30 14:03:44.922	2026-08-30 14:03:45.019	2026-08-30 14:04:30.898	43.9s	2	6 GB	477.7 MB	7.7 GB	104.3%	0.7%	2.1 GB	70.9 MB
1477	ed/83fe1b	BGC_ANALYSIS:ANTISMASH_ANALYSIS:ANTISMASH (Pantoea_ananatis_GCA_987119705.1)	COMPLETED	0	2026-08-30 14:03:47.043	2026-08-30 14:03:47.142	2026-08-30 14:04:38.184	49s	2	6 GB	4.6 GB	7.9 GB	126.2%	4.8%	8.9 GB	44.5 MB
1478	83/102e83	BGC_ANALYSIS:ANTISMASH_ANALYSIS:ANTISMASH (Pantoea_anthophila_GCA_979498125.1)	COMPLETED	0	2026-08-30 14:04:28.336	2026-08-30 14:04:28.433	2026-08-30 14:04:55.811	25.4s	2	6 GB	541.4 MB	7.8 GB	114.7%	0.8%	978 MB	45.5 MB
1474	33/ac79ee	BGC_ANALYSIS:ANTISMASH_ANALYSIS:ANTISMASH (Pantoea_agglomerans_GCA_977069875.1)	COMPLETED	0	2026-08-30 14:04:20.331	2026-08-30 14:04:20.428	2026-08-30 14:04:57.299	34.9s	2	6 GB	515.4 MB	7.8 GB	107.0%	0.9%	1.4 GB	61.1 MB
1475	89/423074	BGC_ANALYSIS:ANTISMASH_ANALYSIS:ANTISMASH (Pantoea_agglomerans_GCA_977069885.1)	COMPLETED	0	2026-08-30 14:04:12.780	2026-08-30 14:04:12.877	2026-08-30 14:04:57.768	42.9s	2	6 GB	499.4 MB	7.8 GB	104.9%	0.8%	1.8 GB	70.8 MB
1476	c4/995feb	BGC_ANALYSIS:ANTISMASH_ANALYSIS:ANTISMASH (Pantoea_ananatis_GCA_982689715.1)	COMPLETED	0	2026-08-30 14:04:27.820	2026-08-30 14:04:27.917	2026-08-30 14:05:00.925	30.9s	2	6 GB	498.5 MB	7.8 GB	103.1%	0.7%	1.2 GB	53.6 MB
1479	0e/6e79d7	BGC_ANALYSIS:ANTISMASH_ANALYSIS:ANTISMASH (Pantoea_dispersa_GCA_978246205.1)	COMPLETED	0	2026-08-30 14:04:55.815	2026-08-30 14:04:55.911	2026-08-30 14:05:24.606	26.7s	2	6 GB	555.1 MB	7.9 GB	118.0%	0.8%	1 GB	49 MB
1481	46/13cae2	BGC_ANALYSIS:ANTISMASH_ANALYSIS:ANTISMASH (Pantoea_endophytica_GCA_977068135.1)	COMPLETED	0	2026-08-30 14:04:30.902	2026-08-30 14:04:30.998	2026-08-30 14:05:24.949	52s	2	6 GB	504.5 MB	7.8 GB	103.8%	0.8%	2.3 GB	82.6 MB
1469	3f/2f4e54	BGC_ANALYSIS:ANTISMASH_ANALYSIS:ANTISMASH (Erwinia_sp._V71_GCA_965644245.1)	COMPLETED	0	2026-08-30 14:03:32.757	2026-08-30 14:03:32.855	2026-08-30 14:05:30.425	1m 56s	2	6 GB	539.3 MB	7.7 GB	109.5%	0.8%	5.8 GB	164.4 MB
1480	ae/303586	BGC_ANALYSIS:ANTISMASH_ANALYSIS:ANTISMASH (Pantoea_endophytica_GCA_977067835.1)	COMPLETED	0	2026-08-30 14:04:38.187	2026-08-30 14:04:38.284	2026-08-30 14:05:33.438	53.1s	2	6 GB	509.5 MB	7.7 GB	103.1%	0.9%	2.4 GB	85.3 MB
1482	88/b49721	BGC_ANALYSIS:ANTISMASH_ANALYSIS:ANTISMASH (Pantoea_endophytica_GCA_977069735.1)	COMPLETED	0	2026-08-30 14:04:57.303	2026-08-30 14:04:57.399	2026-08-30 14:05:52.709	53.4s	2	6 GB	561.7 MB	7.8 GB	104.9%	1.0%	2 GB	80.4 MB
1483	6d/de212e	BGC_ANALYSIS:ANTISMASH_ANALYSIS:ANTISMASH (Pantoea_endophytica_GCA_977069925.1)	COMPLETED	0	2026-08-30 14:04:57.773	2026-08-30 14:04:57.869	2026-08-30 14:05:52.878	53.1s	2	6 GB	508.7 MB	7.8 GB	105.4%	0.9%	2 GB	79.9 MB
1486	2f/6fec20	BGC_ANALYSIS:ANTISMASH_ANALYSIS:ANTISMASH (Pantoea_vagans_GCA_965208375.1)	COMPLETED	0	2026-08-30 14:05:30.429	2026-08-30 14:05:30.525	2026-08-30 14:05:58.645	26s	2	6 GB	517.4 MB	7.8 GB	100.8%	0.7%	931.2 MB	45.3 MB
1490	78/ec3d9c	BGC_ANALYSIS:ANTISMASH_ANALYSIS:ANTISMASH (uncultured_Pantoea_sp._GCA_964277945.1)	COMPLETED	0	2026-08-30 14:05:33.442	2026-08-30 14:05:33.538	2026-08-30 14:06:00.145	24.6s	2	6 GB	476.2 MB	7.7 GB	99.8%	0.7%	988.3 MB	41.2 MB
1485	0e/1cc231	BGC_ANALYSIS:ANTISMASH_ANALYSIS:ANTISMASH (Pantoea_sp._E956-1_S3)	COMPLETED	0	2026-08-30 14:05:00.928	2026-08-30 14:05:01.025	2026-08-30 14:06:08.092	1m 5s	2	6 GB	4.6 GB	7.8 GB	118.3%	5.9%	15.4 GB	57.8 MB
1487	bb/88ee8e	BGC_ANALYSIS:ANTISMASH_ANALYSIS:ANTISMASH (Pantoea_vagans_GCA_966185865.1)	COMPLETED	0	2026-08-30 14:05:24.610	2026-08-30 14:05:24.707	2026-08-30 14:06:17.751	51s	2	6 GB	484.1 MB	7.7 GB	101.1%	0.7%	2.3 GB	77.8 MB
1484	e0/f50350	BGC_ANALYSIS:ANTISMASH_ANALYSIS:ANTISMASH (Pantoea_endophytica_GCA_977069995.1)	COMPLETED	0	2026-08-30 14:05:24.952	2026-08-30 14:05:25.049	2026-08-30 14:06:19.643	52.4s	2	6 GB	508.2 MB	7.7 GB	102.8%	0.9%	1.9 GB	77.9 MB
1492	c1/fe27bc	BGC_ANALYSIS:ANTISMASH_ANALYSIS:ANTISMASH (uncultured_Pantoea_sp._GCA_966185695.1)	COMPLETED	0	2026-08-30 14:05:58.649	2026-08-30 14:05:58.745	2026-08-30 14:06:54.073	53.3s	2	6 GB	492.3 MB	7.7 GB	105.3%	0.7%	2.4 GB	80.9 MB
1494	66/66fbad	BGC_ANALYSIS:ANTISMASH_ANALYSIS:ANTISMASH (uncultured_Pantoea_sp._GCA_966185975.1)	COMPLETED	0	2026-08-30 14:06:08.096	2026-08-30 14:06:08.192	2026-08-30 14:07:01.130	50.7s	2	6 GB	475.1 MB	7.7 GB	105.8%	0.7%	2.5 GB	77.8 MB
1509	17/a6d101	BGC_ANALYSIS:ANTISMASH_ANALYSIS:ANTISMASH (Erwinia_amylovora_57710_ID1772_48-Ea_20_18_S88_L001)	COMPLETED	0	2026-08-30 14:07:01.134	2026-08-30 14:07:01.230	2026-08-30 14:07:29.786	26.5s	2	6 GB	653.5 MB	7.7 GB	104.4%	1.0%	1.1 GB	54.7 MB
1491	96/df116e	BGC_ANALYSIS:ANTISMASH_ANALYSIS:ANTISMASH (uncultured_Pantoea_sp._GCA_965726485.1)	COMPLETED	0	2026-08-30 14:06:00.149	2026-08-30 14:06:00.246	2026-08-30 14:07:34.346	1m 32s	2	6 GB	497.9 MB	7.6 GB	108.8%	0.8%	4.5 GB	134.7 MB
1505	ad/4d286a	BGC_ANALYSIS:ANTISMASH_ANALYSIS:ANTISMASH (Erwinia_amylovora_57706_ID1772_44-Ea_20_10_S84_L001)	COMPLETED	0	2026-08-30 14:07:29.789	2026-08-30 14:07:29.887	2026-08-30 14:07:57.860	26s	2	6 GB	654.2 MB	7.7 GB	105.2%	1.0%	1.1 GB	54.2 MB
1495	e1/a64def	BGC_ANALYSIS:ANTISMASH_ANALYSIS:ANTISMASH (uncultured_Pantoea_sp._GCA_966186295.1)	COMPLETED	0	2026-08-30 14:06:19.646	2026-08-30 14:06:19.743	2026-08-30 14:07:59.899	1m 38s	2	6 GB	530.8 MB	7.7 GB	109.9%	0.8%	5.1 GB	145.7 MB
1457	48/0a35da	BGC_ANALYSIS:ANTISMASH_ANALYSIS:ANTISMASH (Erwinia_aphidicola_GCA_980572655.1)	COMPLETED	0	2026-08-30 14:02:06.642	2026-08-30 14:02:06.736	2026-08-30 14:08:02.175	5m 53s	2	6 GB	552.1 MB	7.6 GB	111.5%	1.0%	19.7 GB	498.8 MB
1504	40/eb9793	BGC_ANALYSIS:ANTISMASH_ANALYSIS:ANTISMASH (Erwinia_amylovora_57705_ID1772_43-Ea_20_06_S83_L001)	COMPLETED	0	2026-08-30 14:07:34.349	2026-08-30 14:07:34.446	2026-08-30 14:08:02.298	25.8s	2	6 GB	647.3 MB	7.7 GB	104.8%	1.0%	1.1 GB	54.2 MB
1501	4c/c905b5	BGC_ANALYSIS:ANTISMASH_ANALYSIS:ANTISMASH (Erwinia_amylovora_33-1)	COMPLETED	0	2026-08-30 14:07:57.864	2026-08-30 14:07:57.960	2026-08-30 14:08:17.638	17.7s	2	6 GB	744.9 MB	7.8 GB	133.5%	1.2%	703.3 MB	46.3 MB
1499	d2/b58f6e	BGC_ANALYSIS:ANTISMASH_ANALYSIS:ANTISMASH (Erwinia_amylovora_11-7)	COMPLETED	0	2026-08-30 14:08:02.178	2026-08-30 14:08:02.275	2026-08-30 14:08:21.897	17.7s	2	6 GB	714.7 MB	7.7 GB	129.4%	1.2%	701.5 MB	46.1 MB
1500	70/cf265f	BGC_ANALYSIS:ANTISMASH_ANALYSIS:ANTISMASH (Erwinia_amylovora_32-10)	COMPLETED	0	2026-08-30 14:08:02.301	2026-08-30 14:08:02.398	2026-08-30 14:08:22.471	18.2s	2	6 GB	710.4 MB	7.7 GB	133.0%	1.2%	703.8 MB	46.3 MB
1502	67/5bbe70	BGC_ANALYSIS:ANTISMASH_ANALYSIS:ANTISMASH (Erwinia_amylovora_57701_ID1772_39-Ea_18_05_S79_L001)	COMPLETED	0	2026-08-30 14:07:59.902	2026-08-30 14:08:00.000	2026-08-30 14:08:28.181	26.2s	2	6 GB	563.6 MB	7.3 GB	104.0%	1.0%	1.1 GB	54.7 MB
1511	54/430951	BGC_ANALYSIS:ANTISMASH_ANALYSIS:ANTISMASH (Erwinia_amylovora_57712_ID1772_50-Ea_20_20_S90_L001)	COMPLETED	0	2026-08-30 14:08:17.641	2026-08-30 14:08:17.738	2026-08-30 14:08:45.249	25.3s	2	6 GB	660 MB	7.7 GB	104.8%	1.0%	1 GB	54 MB
1497	f8/6915ff	BGC_ANALYSIS:ANTISMASH_ANALYSIS:ANTISMASH (Duffyella_gerundensis_AR)	COMPLETED	0	2026-08-30 14:08:28.185	2026-08-30 14:08:28.282	2026-08-30 14:08:49.032	18.6s	2	6 GB	758 MB	7.8 GB	126.8%	1.3%	778.5 MB	49.8 MB
1503	5a/50938d	BGC_ANALYSIS:ANTISMASH_ANALYSIS:ANTISMASH (Erwinia_amylovora_57704_ID1772_42-Ea_20_04_S82_L001)	COMPLETED	0	2026-08-30 14:08:21.900	2026-08-30 14:08:21.996	2026-08-30 14:08:50.226	26.3s	2	6 GB	650.8 MB	7.7 GB	102.5%	1.0%	1.1 GB	54.7 MB
1508	c6/a06f1a	BGC_ANALYSIS:ANTISMASH_ANALYSIS:ANTISMASH (Erwinia_amylovora_57709_ID1772_47-Ea_20_17_S87_L001)	COMPLETED	0	2026-08-30 14:08:22.474	2026-08-30 14:08:22.571	2026-08-30 14:08:52.114	27.5s	2	6 GB	651.2 MB	7.7 GB	101.5%	1.0%	1.1 GB	57 MB
1488	fc/9a77d3	BGC_ANALYSIS:ANTISMASH_ANALYSIS:ANTISMASH (Pantoea_wallisii_GCA_966186725.1)	COMPLETED	0	2026-08-30 14:05:52.713	2026-08-30 14:05:52.810	2026-08-30 14:09:06.759	3m 12s	2	6 GB	514.3 MB	7.7 GB	113.8%	0.8%	10.5 GB	269.5 MB
1498	5c/244f7f	BGC_ANALYSIS:ANTISMASH_ANALYSIS:ANTISMASH (Erwinia_amylovora_1-2)	COMPLETED	0	2026-08-30 14:08:50.233	2026-08-30 14:08:50.326	2026-08-30 14:09:09.774	17.3s	2	6 GB	710.2 MB	7.7 GB	131.5%	1.2%	702.4 MB	46.2 MB
1507	88/2fa36d	BGC_ANALYSIS:ANTISMASH_ANALYSIS:ANTISMASH (Erwinia_amylovora_57708_ID1772_46-Ea_20_14_S86_L001)	COMPLETED	0	2026-08-30 14:08:45.252	2026-08-30 14:08:45.349	2026-08-30 14:09:13.445	26.1s	2	6 GB	651.8 MB	7.7 GB	104.2%	1.0%	1.1 GB	54.2 MB
1489	4d/dab16d	BGC_ANALYSIS:ANTISMASH_ANALYSIS:ANTISMASH (uncultured_Buchnera_sp._GCA_964657355.1)	COMPLETED	0	2026-08-30 14:05:52.881	2026-08-30 14:05:52.978	2026-08-30 14:09:15.319	3m 20s	2	6 GB	502.6 MB	7.7 GB	112.7%	0.8%	11.1 GB	283.8 MB
1510	a4/8bb5ce	BGC_ANALYSIS:ANTISMASH_ANALYSIS:ANTISMASH (Erwinia_amylovora_57711_ID1772_49-Ea_20_19_S89_L001)	COMPLETED	0	2026-08-30 14:08:49.036	2026-08-30 14:08:49.133	2026-08-30 14:09:17.731	26.6s	2	6 GB	642.9 MB	7.7 GB	103.3%	1.0%	1.1 GB	55.5 MB
1512	fd/4425b0	BGC_ANALYSIS:ANTISMASH_ANALYSIS:ANTISMASH (Erwinia_amylovora_57713_ID1772_51-Ea_20_27_S91_L001)	COMPLETED	0	2026-08-30 14:08:52.117	2026-08-30 14:08:52.214	2026-08-30 14:09:20.163	25.8s	2	6 GB	656.1 MB	7.7 GB	104.2%	1.0%	1.1 GB	55 MB
1493	bf/fdc7b7	BGC_ANALYSIS:ANTISMASH_ANALYSIS:ANTISMASH (uncultured_Pantoea_sp._GCA_966185735.1)	COMPLETED	0	2026-08-30 14:06:17.754	2026-08-30 14:06:17.851	2026-08-30 14:09:34.371	3m 14s	2	6 GB	503.9 MB	7.7 GB	115.4%	0.8%	10.3 GB	267.2 MB
1521	bf/b07cd6	BGC_ANALYSIS:ANTISMASH_ANALYSIS:ANTISMASH (Erwinia_amylovora_57722_ID1772_60-Ea_20_50_S100_L001)	COMPLETED	0	2026-08-30 14:09:06.762	2026-08-30 14:09:06.860	2026-08-30 14:09:35.729	26.8s	2	6 GB	642.2 MB	7.7 GB	101.8%	1.0%	1.1 GB	55.7 MB
1506	a4/3881fe	BGC_ANALYSIS:ANTISMASH_ANALYSIS:ANTISMASH (Erwinia_amylovora_57707_ID1772_45-Ea_20_13_S85_L001)	COMPLETED	0	2026-08-30 14:09:09.778	2026-08-30 14:09:09.875	2026-08-30 14:09:37.655	25.8s	2	6 GB	654.4 MB	7.7 GB	103.2%	1.0%	1.1 GB	54.2 MB
1522	1b/0dfa11	BGC_ANALYSIS:ANTISMASH_ANALYSIS:ANTISMASH (Erwinia_amylovora_57723_ID1772_61-Ea_20_54_S101_L001)	COMPLETED	0	2026-08-30 14:09:13.449	2026-08-30 14:09:13.545	2026-08-30 14:09:41.550	26s	2	6 GB	654.5 MB	7.7 GB	102.9%	1.0%	1.1 GB	54.9 MB
1514	59/fb809a	BGC_ANALYSIS:ANTISMASH_ANALYSIS:ANTISMASH (Erwinia_amylovora_57715_ID1772_53-Ea_20_31_S93_L001)	COMPLETED	0	2026-08-30 14:09:15.322	2026-08-30 14:09:15.419	2026-08-30 14:09:43.273	25.8s	2	6 GB	652.6 MB	7.7 GB	101.2%	1.0%	1.1 GB	54.3 MB
1513	48/8b1287	BGC_ANALYSIS:ANTISMASH_ANALYSIS:ANTISMASH (Erwinia_amylovora_57714_ID1772_52-Ea_20_30_S92_L001)	COMPLETED	0	2026-08-30 14:09:17.735	2026-08-30 14:09:17.831	2026-08-30 14:09:45.274	25.4s	2	6 GB	651.2 MB	7.7 GB	102.4%	1.0%	1 GB	54.1 MB
1515	79/ba12f6	BGC_ANALYSIS:ANTISMASH_ANALYSIS:ANTISMASH (Erwinia_amylovora_57716_ID1772_54-Ea_20_33_S94_L001)	COMPLETED	0	2026-08-30 14:09:20.167	2026-08-30 14:09:20.263	2026-08-30 14:09:48.145	25.7s	2	6 GB	637.3 MB	7.7 GB	101.2%	1.0%	1 GB	54.5 MB
1516	1c/364d6d	BGC_ANALYSIS:ANTISMASH_ANALYSIS:ANTISMASH (Erwinia_amylovora_57717_ID1772_55-Ea_20_34_S95_L001)	COMPLETED	0	2026-08-30 14:09:34.375	2026-08-30 14:09:34.472	2026-08-30 14:10:02.500	26s	2	6 GB	650.3 MB	7.7 GB	102.6%	1.0%	1.1 GB	54.8 MB
1517	fe/372911	BGC_ANALYSIS:ANTISMASH_ANALYSIS:ANTISMASH (Erwinia_amylovora_57718_ID1772_56-Ea_20_40_S96_L001)	COMPLETED	0	2026-08-30 14:09:35.732	2026-08-30 14:09:35.829	2026-08-30 14:10:04.244	26.5s	2	6 GB	654.2 MB	7.7 GB	100.5%	1.0%	1.1 GB	55.5 MB
1520	88/4284ec	BGC_ANALYSIS:ANTISMASH_ANALYSIS:ANTISMASH (Erwinia_amylovora_57721_ID1772_59-Ea_20_49_S99_L001)	COMPLETED	0	2026-08-30 14:09:37.658	2026-08-30 14:09:37.754	2026-08-30 14:10:06.489	26.8s	2	6 GB	633.4 MB	7.7 GB	103.2%	1.0%	1.1 GB	54.8 MB
1519	c7/0db9b1	BGC_ANALYSIS:ANTISMASH_ANALYSIS:ANTISMASH (Erwinia_amylovora_57720_ID1772_58-Ea_20_46_S98_L001)	COMPLETED	0	2026-08-30 14:09:41.554	2026-08-30 14:09:41.651	2026-08-30 14:10:09.569	25.9s	2	6 GB	648.2 MB	7.7 GB	103.5%	1.0%	1.1 GB	54.3 MB
1518	52/51aa9e	BGC_ANALYSIS:ANTISMASH_ANALYSIS:ANTISMASH (Erwinia_amylovora_57719_ID1772_57-Ea_20_45_S97_L001)	COMPLETED	0	2026-08-30 14:09:43.276	2026-08-30 14:09:43.374	2026-08-30 14:10:11.157	25.7s	2	6 GB	655.1 MB	7.7 GB	101.2%	1.0%	1 GB	53.8 MB
1523	47/402f91	BGC_ANALYSIS:ANTISMASH_ANALYSIS:ANTISMASH (Erwinia_amylovora_57724_ID1772_62-Ea_20_55_S102_L001)	COMPLETED	0	2026-08-30 14:09:45.278	2026-08-30 14:09:45.375	2026-08-30 14:10:14.472	27.1s	2	6 GB	639.9 MB	7.7 GB	101.2%	1.0%	1.1 GB	56.5 MB
1528	fc/f6662b	BGC_ANALYSIS:ANTISMASH_ANALYSIS:ANTISMASH (Erwinia_amylovora_57729_ID1772_67-Ea_20_69_S107_L001)	COMPLETED	0	2026-08-30 14:09:48.150	2026-08-30 14:09:48.245	2026-08-30 14:10:16.675	26.3s	2	6 GB	649.8 MB	7.7 GB	103.7%	1.0%	1.1 GB	55.6 MB
1525	8a/d8ec1b	BGC_ANALYSIS:ANTISMASH_ANALYSIS:ANTISMASH (Erwinia_amylovora_57726_ID1772_64-Ea_20_64_S104_L001)	COMPLETED	0	2026-08-30 14:10:02.502	2026-08-30 14:10:02.600	2026-08-30 14:10:30.995	26.4s	2	6 GB	655.9 MB	7.7 GB	103.0%	1.0%	1.1 GB	55.4 MB
1527	45/707972	BGC_ANALYSIS:ANTISMASH_ANALYSIS:ANTISMASH (Erwinia_amylovora_57728_ID1772_66-Ea_20_68_S106_L001)	COMPLETED	0	2026-08-30 14:10:04.248	2026-08-30 14:10:04.345	2026-08-30 14:10:32.309	26s	2	6 GB	659.6 MB	7.7 GB	102.5%	1.0%	1.1 GB	55 MB
1526	02/886be6	BGC_ANALYSIS:ANTISMASH_ANALYSIS:ANTISMASH (Erwinia_amylovora_57727_ID1772_65-Ea_20_65_S105_L001)	COMPLETED	0	2026-08-30 14:10:06.493	2026-08-30 14:10:06.589	2026-08-30 14:10:34.655	26.1s	2	6 GB	651.7 MB	7.7 GB	102.1%	1.0%	1.1 GB	54.3 MB
1539	fc/31e89a	BGC_ANALYSIS:ANTISMASH_ANALYSIS:ANTISMASH (Erwinia_amylovora_57740_ID1772_78-Ea_20_131_S118_L001)	COMPLETED	0	2026-08-30 14:10:11.161	2026-08-30 14:10:11.257	2026-08-30 14:10:38.176	24.8s	2	6 GB	656.6 MB	7.7 GB	103.7%	1.0%	1021.2 MB	52.7 MB
1524	7e/f792a8	BGC_ANALYSIS:ANTISMASH_ANALYSIS:ANTISMASH (Erwinia_amylovora_57725_ID1772_63-Ea_20_61_S103_L001)	COMPLETED	0	2026-08-30 14:10:09.572	2026-08-30 14:10:09.670	2026-08-30 14:10:38.212	26.5s	2	6 GB	663.7 MB	7.7 GB	104.8%	1.0%	1.1 GB	55.2 MB
1529	ec/a4fff7	BGC_ANALYSIS:ANTISMASH_ANALYSIS:ANTISMASH (Erwinia_amylovora_57730_ID1772_68-Ea_20_70_S108_L001)	COMPLETED	0	2026-08-30 14:10:14.474	2026-08-30 14:10:14.572	2026-08-30 14:10:42.205	25.5s	2	6 GB	662.8 MB	7.7 GB	103.2%	1.1%	1 GB	54.5 MB
1530	f3/31d93f	BGC_ANALYSIS:ANTISMASH_ANALYSIS:ANTISMASH (Erwinia_amylovora_57731_ID1772_69-Ea_20_71_S109_L001)	COMPLETED	0	2026-08-30 14:10:16.678	2026-08-30 14:10:16.775	2026-08-30 14:10:44.807	25.9s	2	6 GB	651.9 MB	7.7 GB	102.4%	1.0%	1.1 GB	55 MB
1531	ad/d54f80	BGC_ANALYSIS:ANTISMASH_ANALYSIS:ANTISMASH (Erwinia_amylovora_57732_ID1772_70-Ea_20_74_S110_L001)	COMPLETED	0	2026-08-30 14:10:30.999	2026-08-30 14:10:31.096	2026-08-30 14:10:58.666	25.6s	2	6 GB	651 MB	7.7 GB	101.1%	1.0%	1.1 GB	54.2 MB
1532	a5/dcead1	BGC_ANALYSIS:ANTISMASH_ANALYSIS:ANTISMASH (Erwinia_amylovora_57733_ID1772_71-Ea_20_76_S111_L001)	COMPLETED	0	2026-08-30 14:10:32.312	2026-08-30 14:10:32.409	2026-08-30 14:11:00.148	25.8s	2	6 GB	654.9 MB	7.7 GB	102.4%	1.0%	1.1 GB	54.3 MB
1533	6e/5a2e33	BGC_ANALYSIS:ANTISMASH_ANALYSIS:ANTISMASH (Erwinia_amylovora_57734_ID1772_72-Ea_20_77_S112_L001)	COMPLETED	0	2026-08-30 14:10:34.658	2026-08-30 14:10:34.756	2026-08-30 14:11:03.515	26.9s	2	6 GB	652.6 MB	7.7 GB	100.7%	1.0%	1.1 GB	56 MB
1534	2f/4feae5	BGC_ANALYSIS:ANTISMASH_ANALYSIS:ANTISMASH (Erwinia_amylovora_57735_ID1772_73-Ea_20_84_S113_L001)	COMPLETED	0	2026-08-30 14:10:38.180	2026-08-30 14:10:38.213	2026-08-30 14:11:07.121	26.8s	2	6 GB	640.9 MB	7.7 GB	100.7%	1.1%	1.1 GB	54.7 MB
1535	ec/fe871f	BGC_ANALYSIS:ANTISMASH_ANALYSIS:ANTISMASH (Erwinia_amylovora_57736_ID1772_74-Ea_20_86_S114_L001)	COMPLETED	0	2026-08-30 14:10:38.216	2026-08-30 14:10:38.312	2026-08-30 14:11:07.205	26.9s	2	6 GB	646.9 MB	7.7 GB	100.2%	1.0%	1.1 GB	55.2 MB
1536	d5/06d731	BGC_ANALYSIS:ANTISMASH_ANALYSIS:ANTISMASH (Erwinia_amylovora_57737_ID1772_75-Ea_20_109_S115_L001)	COMPLETED	0	2026-08-30 14:10:42.208	2026-08-30 14:10:42.305	2026-08-30 14:11:09.664	25.3s	2	6 GB	657.1 MB	7.7 GB	101.8%	1.0%	1 GB	53.8 MB
1538	70/919475	BGC_ANALYSIS:ANTISMASH_ANALYSIS:ANTISMASH (Erwinia_amylovora_57739_ID1772_77-Ea_20_121_S117_L001)	COMPLETED	0	2026-08-30 14:10:44.810	2026-08-30 14:10:44.907	2026-08-30 14:11:13.076	26s	2	6 GB	656.1 MB	7.7 GB	103.1%	1.0%	1.1 GB	54.7 MB
1544	c8/6f25d5	BGC_ANALYSIS:ANTISMASH_ANALYSIS:ANTISMASH (Erwinia_amylovora_7-3)	COMPLETED	0	2026-08-30 14:11:07.124	2026-08-30 14:11:07.206	2026-08-30 14:11:27.556	18.4s	2	6 GB	720.4 MB	7.7 GB	131.0%	1.2%	708.9 MB	46.8 MB
1540	19/39c139	BGC_ANALYSIS:ANTISMASH_ANALYSIS:ANTISMASH (Erwinia_amylovora_57741_ID1772_79-Ea_20_136_S119_L001)	COMPLETED	0	2026-08-30 14:11:00.152	2026-08-30 14:11:00.248	2026-08-30 14:11:27.640	25.5s	2	6 GB	649.4 MB	7.7 GB	102.4%	1.0%	1 GB	53.2 MB
1537	9c/81867b	BGC_ANALYSIS:ANTISMASH_ANALYSIS:ANTISMASH (Erwinia_amylovora_57738_ID1772_76-Ea_20_119_S116_L001)	COMPLETED	0	2026-08-30 14:10:58.670	2026-08-30 14:10:58.766	2026-08-30 14:11:27.667	26.9s	2	6 GB	650.1 MB	7.7 GB	100.4%	1.0%	1.1 GB	55.2 MB
1541	87/4be822	BGC_ANALYSIS:ANTISMASH_ANALYSIS:ANTISMASH (Erwinia_amylovora_57742_ID1772_80-Ea_20_151_S120_L001)	COMPLETED	0	2026-08-30 14:11:03.518	2026-08-30 14:11:03.616	2026-08-30 14:11:31.127	25.5s	2	6 GB	649.8 MB	7.7 GB	101.9%	1.0%	1 GB	53.2 MB
1545	6c/cfd55e	BGC_ANALYSIS:ANTISMASH_ANALYSIS:ANTISMASH (Erwinia_pyrifoliae_YKB12328)	COMPLETED	0	2026-08-30 14:11:13.079	2026-08-30 14:11:13.176	2026-08-30 14:11:32.917	17.6s	2	6 GB	677.4 MB	7.8 GB	125.7%	1.1%	725.9 MB	48.2 MB
1542	9a/9ea2e8	BGC_ANALYSIS:ANTISMASH_ANALYSIS:ANTISMASH (Erwinia_amylovora_57743_ID1772_81-CP_06_S121_L001)	COMPLETED	0	2026-08-30 14:11:07.208	2026-08-30 14:11:07.305	2026-08-30 14:11:34.942	25.7s	2	6 GB	660.8 MB	7.7 GB	104.1%	1.0%	1 GB	53.7 MB
1543	96/821527	BGC_ANALYSIS:ANTISMASH_ANALYSIS:ANTISMASH (Erwinia_amylovora_57744_ID1772_82-CP_07_S122_L001)	COMPLETED	0	2026-08-30 14:11:09.667	2026-08-30 14:11:09.764	2026-08-30 14:11:38.124	26.3s	2	6 GB	658.5 MB	7.7 GB	103.8%	1.0%	1.1 GB	55.2 MB
1547	d0/2a7c81	BGC_ANALYSIS:ANTISMASH_ANALYSIS:ANTISMASH (Erwinia_tracheiphila_BHKY)	COMPLETED	0	2026-08-30 14:11:27.559	2026-08-30 14:11:27.641	2026-08-30 14:11:48.571	19s	2	6 GB	918.4 MB	7.9 GB	127.2%	1.5%	773.1 MB	57.8 MB
1548	8d/dc03f4	BGC_ANALYSIS:ANTISMASH_ANALYSIS:ANTISMASH (Erwinia_tracheiphila_BuffGH_2)	COMPLETED	0	2026-08-30 14:11:27.644	2026-08-30 14:11:27.668	2026-08-30 14:11:48.893	19.2s	2	6 GB	913.5 MB	7.9 GB	127.0%	1.5%	773.1 MB	58.1 MB
1546	71/e2f62a	BGC_ANALYSIS:ANTISMASH_ANALYSIS:ANTISMASH (Erwinia_rhapontici_BY21311)	COMPLETED	0	2026-08-30 14:11:27.670	2026-08-30 14:11:27.767	2026-08-30 14:11:50.156	20.5s	2	6 GB	875.3 MB	7.9 GB	137.8%	1.5%	858.9 MB	60.1 MB
1496	0f/3a8d18	BGC_ANALYSIS:ANTISMASH_ANALYSIS:ANTISMASH (uncultured_Pantoea_sp._GCA_966426255.1)	COMPLETED	0	2026-08-30 14:06:54.077	2026-08-30 14:06:54.174	2026-08-30 14:11:54.657	4m 58s	2	6 GB	526 MB	7.7 GB	112.4%	1.0%	16.7 GB	421.4 MB
1549	2f/37921b	BGC_ANALYSIS:ANTISMASH_ANALYSIS:ANTISMASH (Erwinia_tracheiphila_MDCuke_2)	COMPLETED	0	2026-08-30 14:11:32.920	2026-08-30 14:11:33.017	2026-08-30 14:11:55.843	20.9s	2	6 GB	913 MB	7.9 GB	124.6%	1.5%	869.7 MB	61.6 MB
1550	eb/d8eb27	BGC_ANALYSIS:ANTISMASH_ANALYSIS:ANTISMASH (Erwinia_tracheiphila_SCR3)	COMPLETED	0	2026-08-30 14:11:34.945	2026-08-30 14:11:35.046	2026-08-30 14:11:58.174	21.2s	2	6 GB	870.1 MB	7.9 GB	122.6%	1.4%	858.7 MB	60.5 MB
1552	96/cf72c9	BGC_ANALYSIS:ANTISMASH_ANALYSIS:ANTISMASH (Pantoea_agglomerans_DBM_3797)	COMPLETED	0	2026-08-30 14:11:38.128	2026-08-30 14:11:38.224	2026-08-30 14:12:01.186	21s	2	6 GB	793.2 MB	7.8 GB	126.4%	1.3%	830.5 MB	56.7 MB
1555	6d/9d8b59	BGC_ANALYSIS:ANTISMASH_ANALYSIS:ANTISMASH (Pantoea_agglomerans_Pa58)	COMPLETED	0	2026-08-30 14:11:48.574	2026-08-30 14:11:48.671	2026-08-30 14:12:12.551	21.8s	2	6 GB	762.8 MB	7.8 GB	127.0%	1.3%	832.4 MB	57.2 MB
1564	f8/cfcdd7	BGC_ANALYSIS:ANTISMASH_ANALYSIS:ANTISMASH (Pantoea_deleyi_LMG24200)	COMPLETED	0	2026-08-30 14:11:48.897	2026-08-30 14:11:48.993	2026-08-30 14:12:12.840	21.7s	2	6 GB	602.3 MB	7.8 GB	126.2%	0.9%	807.7 MB	42.7 MB
1553	40/b0b577	BGC_ANALYSIS:ANTISMASH_ANALYSIS:ANTISMASH (Pantoea_agglomerans_HJS002)	COMPLETED	0	2026-08-30 14:11:50.160	2026-08-30 14:11:50.256	2026-08-30 14:12:14.750	22.3s	2	6 GB	795.5 MB	7.8 GB	128.1%	1.4%	892 MB	59.5 MB
1554	40/99f363	BGC_ANALYSIS:ANTISMASH_ANALYSIS:ANTISMASH (Pantoea_agglomerans_PSV1-7)	COMPLETED	0	2026-08-30 14:11:55.846	2026-08-30 14:11:55.944	2026-08-30 14:12:19.680	21.7s	2	6 GB	819.3 MB	7.8 GB	124.5%	1.3%	893.9 MB	60.2 MB
1556	6c/7ea873	BGC_ANALYSIS:ANTISMASH_ANALYSIS:ANTISMASH (Pantoea_agglomerans_ZJU23)	COMPLETED	0	2026-08-30 14:11:54.660	2026-08-30 14:11:54.756	2026-08-30 14:12:20.968	24.2s	2	6 GB	799.6 MB	7.8 GB	128.0%	1.4%	878.6 MB	59.9 MB
1558	88/db0a83	BGC_ANALYSIS:ANTISMASH_ANALYSIS:ANTISMASH (Pantoea_ananatis_140-UN)	COMPLETED	0	2026-08-30 14:11:58.178	2026-08-30 14:11:58.274	2026-08-30 14:12:30.543	30.2s	2	6 GB	695.6 MB	7.8 GB	94.4%	1.2%	1.2 GB	67.2 MB
1786	0a/91f81b	BGC_ANALYSIS:ANTISMASH_ANALYSIS:ANTISMASH (Pantoea_stewartii_subsp._indologenes_PANS_07-10)	COMPLETED	0	2026-08-30 14:12:01.190	2026-08-30 14:12:01.287	2026-08-30 14:12:36.914	33.3s	2	6 GB	499.3 MB	7.8 GB	103.8%	0.7%	1.3 GB	57.4 MB
1551	74/a8027c	BGC_ANALYSIS:ANTISMASH_ANALYSIS:ANTISMASH (Pantoea_agglomerans_20TX0122)	COMPLETED	0	2026-08-30 14:11:31.130	2026-08-30 14:11:31.227	2026-08-30 14:12:43.526	1m 10s	2	6 GB	4.8 GB	8.2 GB	113.8%	4.1%	19.2 GB	75.2 MB
1559	36/b3bfd8	BGC_ANALYSIS:ANTISMASH_ANALYSIS:ANTISMASH (Pantoea_ananatis_15320)	COMPLETED	0	2026-08-30 14:12:14.753	2026-08-30 14:12:14.850	2026-08-30 14:12:54.557	37.8s	2	6 GB	725.1 MB	7.8 GB	96.1%	1.3%	1.7 GB	81.2 MB
1568	b8/df46aa	BGC_ANALYSIS:ANTISMASH_ANALYSIS:ANTISMASH (Pantoea_sp._ACRSC)	COMPLETED	0	2026-08-30 14:12:12.555	2026-08-30 14:12:12.651	2026-08-30 14:12:54.800	40.2s	2	6 GB	708.1 MB	7.8 GB	95.7%	1.3%	1.8 GB	82 MB
1573	c9/a4a225	BGC_ANALYSIS:ANTISMASH_ANALYSIS:ANTISMASH (Pantoea_sp._Pb-8)	COMPLETED	0	2026-08-30 14:12:36.917	2026-08-30 14:12:37.014	2026-08-30 14:13:05.365	26.3s	2	6 GB	663.2 MB	7.7 GB	98.6%	1.1%	1.1 GB	58.8 MB
1557	7f/456c2f	BGC_ANALYSIS:ANTISMASH_ANALYSIS:ANTISMASH (Pantoea_allii_20TX0020)	COMPLETED	0	2026-08-30 14:12:12.843	2026-08-30 14:12:12.941	2026-08-30 14:13:14.387	59.6s	2	6 GB	4.8 GB	7.8 GB	110.1%	6.1%	11.4 GB	71.3 MB
1563	c3/434071	BGC_ANALYSIS:ANTISMASH_ANALYSIS:ANTISMASH (Pantoea_beijingensis_JZB2120001)	COMPLETED	0	2026-08-30 14:12:54.561	2026-08-30 14:12:54.657	2026-08-30 14:13:15.377	18.4s	2	6 GB	588.5 MB	7.4 GB	127.2%	0.8%	661.8 MB	28.2 MB
1560	9c/24c94d	BGC_ANALYSIS:ANTISMASH_ANALYSIS:ANTISMASH (Pantoea_ananatis_20TX0087)	COMPLETED	0	2026-08-30 14:12:19.684	2026-08-30 14:12:19.780	2026-08-30 14:13:18.136	56.2s	2	6 GB	4.8 GB	7.9 GB	109.2%	7.5%	9.8 GB	70 MB
1561	08/4fdd7f	BGC_ANALYSIS:ANTISMASH_ANALYSIS:ANTISMASH (Pantoea_ananatis_BRT98)	COMPLETED	0	2026-08-30 14:12:20.972	2026-08-30 14:12:21.068	2026-08-30 14:13:19.446	56.2s	2	6 GB	4.7 GB	7.8 GB	110.6%	5.6%	11.6 GB	62.9 MB
1576	c4/c8efc8	BGC_ANALYSIS:ANTISMASH_ANALYSIS:ANTISMASH (Rosenbergiella_australiborealis_S262)	COMPLETED	0	2026-08-30 14:12:43.529	2026-08-30 14:12:43.626	2026-08-30 14:13:23.447	37.3s	2	6 GB	463.2 MB	7.7 GB	102.0%	0.7%	1.8 GB	56.9 MB
1562	80/158611	BGC_ANALYSIS:ANTISMASH_ANALYSIS:ANTISMASH (Pantoea_ananatis_VY148)	COMPLETED	0	2026-08-30 14:12:30.546	2026-08-30 14:12:30.643	2026-08-30 14:13:34.233	1m 2s	2	6 GB	4.8 GB	7.8 GB	131.3%	7.7%	22.4 GB	56.5 MB
1565	22/4d72c4	BGC_ANALYSIS:ANTISMASH_ANALYSIS:ANTISMASH (Pantoea_dispersa_C2H3)	COMPLETED	0	2026-08-30 14:12:54.803	2026-08-30 14:12:54.900	2026-08-30 14:13:36.656	39.4s	2	6 GB	687.7 MB	7.7 GB	94.4%	1.2%	1.7 GB	78.6 MB
1566	1a/2e4991	BGC_ANALYSIS:ANTISMASH_ANALYSIS:ANTISMASH (Pantoea_dispersa_YSD_J2)	COMPLETED	0	2026-08-30 14:13:14.390	2026-08-30 14:13:14.487	2026-08-30 14:13:37.561	21.1s	2	6 GB	779.7 MB	7.8 GB	126.9%	1.3%	839.7 MB	58.5 MB
1567	43/9a6a49	BGC_ANALYSIS:ANTISMASH_ANALYSIS:ANTISMASH (Pantoea_sp._ACRSB)	COMPLETED	0	2026-08-30 14:13:05.369	2026-08-30 14:13:05.465	2026-08-30 14:13:38.455	31.2s	2	6 GB	705.8 MB	7.8 GB	100.8%	1.3%	1.3 GB	69.8 MB
1575	f3/8103b0	BGC_ANALYSIS:ANTISMASH_ANALYSIS:ANTISMASH (Pantoea_vagans_MCPNR19-02)	COMPLETED	0	2026-08-30 14:13:23.450	2026-08-30 14:13:23.547	2026-08-30 14:13:40.605	15s	2	6 GB	585.9 MB	7.3 GB	131.8%	1.0%	653.6 MB	29.6 MB
1574	1d/37119c	BGC_ANALYSIS:ANTISMASH_ANALYSIS:ANTISMASH (Pantoea_sp._Z09)	COMPLETED	0	2026-08-30 14:13:19.450	2026-08-30 14:13:19.546	2026-08-30 14:13:40.853	19.1s	2	6 GB	579.2 MB	7.4 GB	125.6%	0.8%	650.6 MB	27.4 MB
1571	a1/7b0b34	BGC_ANALYSIS:ANTISMASH_ANALYSIS:ANTISMASH (Pantoea_sp._MQR6)	COMPLETED	0	2026-08-30 14:13:18.139	2026-08-30 14:13:18.236	2026-08-30 14:13:47.294	27.1s	2	6 GB	564 MB	7.9 GB	115.4%	0.9%	1 GB	49.9 MB
1569	12/28095e	BGC_ANALYSIS:ANTISMASH_ANALYSIS:ANTISMASH (Pantoea_sp._ACRSH)	COMPLETED	0	2026-08-30 14:13:15.381	2026-08-30 14:13:15.477	2026-08-30 14:14:00.933	43.5s	2	6 GB	714.2 MB	7.8 GB	94.4%	1.3%	1.9 GB	84.5 MB
1572	30/894e30	BGC_ANALYSIS:ANTISMASH_ANALYSIS:ANTISMASH (Pantoea_sp._Mb-10)	COMPLETED	0	2026-08-30 14:13:34.237	2026-08-30 14:13:34.333	2026-08-30 14:14:02.869	26.4s	2	6 GB	659.7 MB	7.7 GB	96.9%	1.0%	1.1 GB	58.7 MB
1586	38/159f27	BGC_ANALYSIS:ANTISMASH_ANALYSIS:ANTISMASH (Rosenbergiella_epipactidis_S50)	COMPLETED	0	2026-08-30 14:13:36.659	2026-08-30 14:13:36.757	2026-08-30 14:14:04.432	25.7s	2	6 GB	457 MB	7.7 GB	101.2%	0.7%	1 GB	39.8 MB
1580	3f/1ab008	BGC_ANALYSIS:ANTISMASH_ANALYSIS:ANTISMASH (Rosenbergiella_collisarenosi_S99)	COMPLETED	0	2026-08-30 14:13:40.857	2026-08-30 14:13:40.954	2026-08-30 14:14:10.697	27.7s	2	6 GB	467 MB	7.7 GB	102.0%	0.7%	1.1 GB	42.7 MB
1578	ac/23c3f4	BGC_ANALYSIS:ANTISMASH_ANALYSIS:ANTISMASH (Rosenbergiella_collisarenosi_JB25)	COMPLETED	0	2026-08-30 14:13:38.467	2026-08-30 14:13:38.556	2026-08-30 14:14:11.567	30.9s	2	6 GB	467.3 MB	7.7 GB	102.5%	0.7%	1.2 GB	46.3 MB
1577	f6/93d2c0	BGC_ANALYSIS:ANTISMASH_ANALYSIS:ANTISMASH (Rosenbergiella_australiborealis_S265)	COMPLETED	0	2026-08-30 14:13:37.564	2026-08-30 14:13:37.661	2026-08-30 14:14:14.009	34.4s	2	6 GB	456.8 MB	7.7 GB	102.2%	0.7%	1.6 GB	52.3 MB
1579	3c/385747	BGC_ANALYSIS:ANTISMASH_ANALYSIS:ANTISMASH (Rosenbergiella_collisarenosi_S294)	COMPLETED	0	2026-08-30 14:13:40.608	2026-08-30 14:13:40.705	2026-08-30 14:14:15.363	32.6s	2	6 GB	464.5 MB	7.7 GB	101.6%	0.7%	1.4 GB	49.7 MB
1592	92/b7ea07	BGC_ANALYSIS:ANTISMASH_ANALYSIS:ANTISMASH (Rosenbergiella_nectarea_FR67)	COMPLETED	0	2026-08-30 14:13:47.299	2026-08-30 14:13:47.394	2026-08-30 14:14:16.304	26.7s	2	6 GB	457.1 MB	7.7 GB	102.8%	0.7%	1.1 GB	42.4 MB
1582	9f/6c5e52	BGC_ANALYSIS:ANTISMASH_ANALYSIS:ANTISMASH (Rosenbergiella_epipactidis_JB21)	COMPLETED	0	2026-08-30 14:14:02.873	2026-08-30 14:14:02.969	2026-08-30 14:14:33.691	28.7s	2	6 GB	452.7 MB	7.6 GB	101.3%	0.7%	1.2 GB	44.1 MB
1584	d5/c53ec0	BGC_ANALYSIS:ANTISMASH_ANALYSIS:ANTISMASH (Rosenbergiella_epipactidis_K371)	COMPLETED	0	2026-08-30 14:14:04.435	2026-08-30 14:14:04.533	2026-08-30 14:14:36.147	29.5s	2	6 GB	472.9 MB	7.7 GB	101.8%	0.7%	1.3 GB	46.3 MB
1583	44/bae6a3	BGC_ANALYSIS:ANTISMASH_ANALYSIS:ANTISMASH (Rosenbergiella_epipactidis_K265)	COMPLETED	0	2026-08-30 14:14:00.936	2026-08-30 14:14:01.033	2026-08-30 14:14:37.091	34.1s	2	6 GB	454.7 MB	7.7 GB	99.8%	0.7%	1.5 GB	52.8 MB
1585	fe/b14ebc	BGC_ANALYSIS:ANTISMASH_ANALYSIS:ANTISMASH (Rosenbergiella_epipactidis_K372)	COMPLETED	0	2026-08-30 14:14:11.571	2026-08-30 14:14:11.667	2026-08-30 14:14:41.349	27.7s	2	6 GB	457.1 MB	7.7 GB	100.0%	0.7%	1.2 GB	44.2 MB
1587	73/e78171	BGC_ANALYSIS:ANTISMASH_ANALYSIS:ANTISMASH (Rosenbergiella_epipactidis_S68)	COMPLETED	0	2026-08-30 14:14:14.012	2026-08-30 14:14:14.110	2026-08-30 14:14:44.318	28.2s	2	6 GB	455.9 MB	7.7 GB	101.5%	0.7%	1.2 GB	45.1 MB
1581	64/628a54	BGC_ANALYSIS:ANTISMASH_ANALYSIS:ANTISMASH (Rosenbergiella_epipactidis_JB02)	COMPLETED	0	2026-08-30 14:14:10.700	2026-08-30 14:14:10.797	2026-08-30 14:14:45.575	32.8s	2	6 GB	460.2 MB	7.8 GB	101.0%	0.7%	1.5 GB	52.2 MB
1589	a3/a44db9	BGC_ANALYSIS:ANTISMASH_ANALYSIS:ANTISMASH (Rosenbergiella_epipactidis_subsp._japonicus_K24)	COMPLETED	0	2026-08-30 14:14:15.367	2026-08-30 14:14:15.463	2026-08-30 14:14:49.884	32.5s	2	6 GB	464.9 MB	7.7 GB	101.2%	0.7%	1.4 GB	51.2 MB
1588	6d/f37a6c	BGC_ANALYSIS:ANTISMASH_ANALYSIS:ANTISMASH (Rosenbergiella_epipactidis_subsp._californiensis_FR72)	COMPLETED	0	2026-08-30 14:14:16.307	2026-08-30 14:14:16.404	2026-08-30 14:14:51.960	33.5s	2	6 GB	459 MB	7.7 GB	100.1%	0.7%	1.5 GB	51 MB
1599	7c/0c3c8b	BGC_ANALYSIS:ANTISMASH_ANALYSIS:ANTISMASH (Buchnera_aphidicola_Chaitophorus_sp._3695_Chaitophorus_sp-3695)	COMPLETED	0	2026-08-30 14:14:49.888	2026-08-30 14:14:49.984	2026-08-30 14:14:57.154	5.1s	2	6 GB	191.7 MB	2.7 GB	105.0%	0.3%	222.6 MB	4.2 MB
1608	1f/724f41	BGC_ANALYSIS:ANTISMASH_ANALYSIS:ANTISMASH (Buchnera_aphidicola_Cinara_splendens_BuCisplendens)	COMPLETED	0	2026-08-30 14:14:51.964	2026-08-30 14:14:52.062	2026-08-30 14:15:00.044	5.9s	2	6 GB	212 MB	2.7 GB	109.2%	0.3%	262.8 MB	7.5 MB
1607	df/03d348	BGC_ANALYSIS:ANTISMASH_ANALYSIS:ANTISMASH (Buchnera_aphidicola_Cinara_pseudotaxifoliae_BuCipseudotaxifoliae)	COMPLETED	0	2026-08-30 14:14:57.157	2026-08-30 14:14:57.254	2026-08-30 14:15:05.025	5.8s	2	6 GB	227.1 MB	2.7 GB	112.4%	0.3%	263.1 MB	7.5 MB
1590	b7/ebb580	BGC_ANALYSIS:ANTISMASH_ANALYSIS:ANTISMASH (Rosenbergiella_metrosideri_JB07)	COMPLETED	0	2026-08-30 14:14:33.695	2026-08-30 14:14:33.791	2026-08-30 14:15:07.483	31.7s	2	6 GB	473.9 MB	7.8 GB	102.6%	0.7%	1.5 GB	51.1 MB
1611	64/161af8	BGC_ANALYSIS:ANTISMASH_ANALYSIS:ANTISMASH (Buchnera_aphidicola_GCA_948107705.1)	COMPLETED	0	2026-08-30 14:15:00.047	2026-08-30 14:15:00.143	2026-08-30 14:15:08.494	6.4s	2	6 GB	204.6 MB	2.7 GB	109.7%	0.3%	287.2 MB	7.6 MB
1591	66/d93df8	BGC_ANALYSIS:ANTISMASH_ANALYSIS:ANTISMASH (Rosenbergiella_nectarea_FNA5)	COMPLETED	0	2026-08-30 14:14:36.151	2026-08-30 14:14:36.248	2026-08-30 14:15:10.989	32.9s	2	6 GB	447.7 MB	7.6 GB	99.9%	0.7%	1.5 GB	51.2 MB
1593	41/b0760a	BGC_ANALYSIS:ANTISMASH_ANALYSIS:ANTISMASH (Rosenbergiella_nectarea_subsp._apis_B3A)	COMPLETED	0	2026-08-30 14:14:37.094	2026-08-30 14:14:37.191	2026-08-30 14:15:12.532	33.4s	2	6 GB	460.9 MB	7.7 GB	98.7%	0.7%	1.5 GB	52.7 MB
1612	98/f409ee	BGC_ANALYSIS:ANTISMASH_ANALYSIS:ANTISMASH (Buchnera_aphidicola_Pemphigus_populi_Pepopuli-3700)	COMPLETED	0	2026-08-30 14:15:05.029	2026-08-30 14:15:05.125	2026-08-30 14:15:13.266	6.2s	2	6 GB	214.4 MB	2.7 GB	107.4%	0.3%	298.8 MB	8.9 MB
1597	28/3e12b2	BGC_ANALYSIS:ANTISMASH_ANALYSIS:ANTISMASH (Buchnera_aphidicola_Anoecia_corni_Ancorni-2928)	COMPLETED	0	2026-08-30 14:15:07.486	2026-08-30 14:15:07.583	2026-08-30 14:15:15.224	5.7s	2	6 GB	208.7 MB	2.7 GB	108.0%	0.3%	271.1 MB	7.8 MB
1601	cc/c8fb25	BGC_ANALYSIS:ANTISMASH_ANALYSIS:ANTISMASH (Buchnera_aphidicola_Cinara_cuneomaculata_BuCicuneomaculata)	COMPLETED	0	2026-08-30 14:15:08.498	2026-08-30 14:15:08.594	2026-08-30 14:15:16.224	5.7s	2	6 GB	201.8 MB	2.7 GB	107.6%	0.3%	261.7 MB	7.4 MB
1604	23/d29962	BGC_ANALYSIS:ANTISMASH_ANALYSIS:ANTISMASH (Buchnera_aphidicola_Cinara_kochiana_kochiana_BuCikochiana)	COMPLETED	0	2026-08-30 14:15:10.993	2026-08-30 14:15:11.089	2026-08-30 14:15:18.565	5.6s	2	6 GB	201.1 MB	2.7 GB	108.4%	0.3%	262.3 MB	7.4 MB
1596	b5/c4f643	BGC_ANALYSIS:ANTISMASH_ANALYSIS:ANTISMASH (Rosenbergiella_nectarea_subsp._apis_S258)	COMPLETED	0	2026-08-30 14:14:44.321	2026-08-30 14:14:44.418	2026-08-30 14:15:18.799	32.5s	2	6 GB	472 MB	7.7 GB	102.2%	0.7%	1.5 GB	51.9 MB
1603	e8/b7b592	BGC_ANALYSIS:ANTISMASH_ANALYSIS:ANTISMASH (Buchnera_aphidicola_Cinara_curvipes_BuCicurvipes)	COMPLETED	0	2026-08-30 14:15:12.535	2026-08-30 14:15:12.632	2026-08-30 14:15:20.145	5.6s	2	6 GB	206.3 MB	2.7 GB	109.0%	0.3%	263.1 MB	7.5 MB
1595	34/96ac7b	BGC_ANALYSIS:ANTISMASH_ANALYSIS:ANTISMASH (Rosenbergiella_nectarea_subsp._apis_S255)	COMPLETED	0	2026-08-30 14:14:41.353	2026-08-30 14:14:41.450	2026-08-30 14:15:20.279	36.8s	2	6 GB	467.4 MB	7.7 GB	99.2%	0.7%	1.7 GB	57.6 MB
1602	0c/e875f3	BGC_ANALYSIS:ANTISMASH_ANALYSIS:ANTISMASH (Buchnera_aphidicola_Cinara_curtihirsuta_BuCicurtihirsuta)	COMPLETED	0	2026-08-30 14:15:13.270	2026-08-30 14:15:13.366	2026-08-30 14:15:20.933	5.6s	2	6 GB	201.6 MB	2.7 GB	108.7%	0.3%	262.6 MB	7.4 MB
1615	f1/dc32e7	BGC_ANALYSIS:ANTISMASH_ANALYSIS:ANTISMASH (Buchnera_aphidicola_Takecallis_arundicolens_Taarundicolens-3697)	COMPLETED	0	2026-08-30 14:15:15.228	2026-08-30 14:15:15.324	2026-08-30 14:15:22.006	4.8s	2	6 GB	202.6 MB	2.7 GB	106.5%	0.3%	220.6 MB	4.1 MB
1605	49/cb47ba	BGC_ANALYSIS:ANTISMASH_ANALYSIS:ANTISMASH (Buchnera_aphidicola_Cinara_laricifoliae_BuCilaricifoliae)	COMPLETED	0	2026-08-30 14:15:16.228	2026-08-30 14:15:16.324	2026-08-30 14:15:23.895	5.6s	2	6 GB	209.8 MB	2.7 GB	104.8%	0.3%	262.3 MB	7.4 MB
1618	f2/210a2f	BGC_ANALYSIS:ANTISMASH_ANALYSIS:ANTISMASH (Buchnera_aphidicola_Tuberolachnus_salignus_GCA_964031235.1)	COMPLETED	0	2026-08-30 14:15:18.569	2026-08-30 14:15:18.665	2026-08-30 14:15:25.210	4.7s	2	6 GB	203 MB	2.7 GB	104.2%	0.3%	215.5 MB	3.9 MB
1606	b0/92e02c	BGC_ANALYSIS:ANTISMASH_ANALYSIS:ANTISMASH (Buchnera_aphidicola_Cinara_piceae_BuCipiceae)	COMPLETED	0	2026-08-30 14:15:18.801	2026-08-30 14:15:18.899	2026-08-30 14:15:26.268	5.5s	2	6 GB	210.6 MB	2.7 GB	107.3%	0.3%	262.8 MB	7.7 MB
1598	b8/639ae3	BGC_ANALYSIS:ANTISMASH_ANALYSIS:ANTISMASH (Buchnera_aphidicola_Chaitophorus_populicola_Chpopulicola-3609)	COMPLETED	0	2026-08-30 14:15:20.282	2026-08-30 14:15:20.379	2026-08-30 14:15:27.023	4.7s	2	6 GB	198.4 MB	2.7 GB	105.7%	0.3%	223.2 MB	4.2 MB
1600	57/5af22e	BGC_ANALYSIS:ANTISMASH_ANALYSIS:ANTISMASH (Buchnera_aphidicola_Cinara_cf._splendens_pseudotsugae_3390_BuCisplendens_pseudotsugae)	COMPLETED	0	2026-08-30 14:15:20.148	2026-08-30 14:15:20.245	2026-08-30 14:15:27.634	5.5s	2	6 GB	209 MB	2.7 GB	105.7%	0.3%	262.8 MB	7.5 MB
1594	1a/494b81	BGC_ANALYSIS:ANTISMASH_ANALYSIS:ANTISMASH (Rosenbergiella_nectarea_subsp._apis_B5A)	COMPLETED	0	2026-08-30 14:14:45.578	2026-08-30 14:14:45.676	2026-08-30 14:15:27.700	40.1s	2	6 GB	470 MB	7.7 GB	101.6%	0.7%	1.9 GB	62.9 MB
1609	0a/71eafd	BGC_ANALYSIS:ANTISMASH_ANALYSIS:ANTISMASH (Buchnera_aphidicola_Cinara_strobi_BuCistrobi)	COMPLETED	0	2026-08-30 14:15:20.936	2026-08-30 14:15:21.033	2026-08-30 14:15:28.531	5.7s	2	6 GB	205.9 MB	2.7 GB	104.9%	0.3%	265.7 MB	9.1 MB
1610	8b/661705	BGC_ANALYSIS:ANTISMASH_ANALYSIS:ANTISMASH (Buchnera_aphidicola_Drepanosiphum_platanoidis_GCA_964020165.1)	COMPLETED	0	2026-08-30 14:15:22.010	2026-08-30 14:15:22.106	2026-08-30 14:15:28.776	4.8s	2	6 GB	199.5 MB	2.7 GB	104.3%	0.3%	216.7 MB	4.1 MB
1623	1c/598c96	BGC_ANALYSIS:ANTISMASH_ANALYSIS:ANTISMASH (Candidatus_Erwinia_haradaeae_ErCikochiana)	COMPLETED	0	2026-08-30 14:15:23.898	2026-08-30 14:15:23.995	2026-08-30 14:15:32.491	6.6s	2	6 GB	217.7 MB	2.7 GB	102.0%	0.3%	284.5 MB	12.5 MB
1613	a7/a428a4	BGC_ANALYSIS:ANTISMASH_ANALYSIS:ANTISMASH (Buchnera_aphidicola_Periphyllus_acericola_GCA_964019855.1)	COMPLETED	0	2026-08-30 14:15:26.271	2026-08-30 14:15:26.368	2026-08-30 14:15:32.833	4.6s	2	6 GB	202.9 MB	2.7 GB	104.2%	0.3%	218.6 MB	4.1 MB
1625	db/26943e	BGC_ANALYSIS:ANTISMASH_ANALYSIS:ANTISMASH (Candidatus_Erwinia_haradaeae_ErCipiceae)	COMPLETED	0	2026-08-30 14:15:25.215	2026-08-30 14:15:25.310	2026-08-30 14:15:33.561	6.4s	2	6 GB	344.3 MB	5.1 GB	100.7%	0.5%	283.4 MB	12.9 MB
1614	64/8f88a5	BGC_ANALYSIS:ANTISMASH_ANALYSIS:ANTISMASH (Buchnera_aphidicola_Phyllaphis_fagi_Phfagi-3703)	COMPLETED	0	2026-08-30 14:15:27.640	2026-08-30 14:15:27.700	2026-08-30 14:15:33.833	4.3s	2	6 GB	202.3 MB	2.7 GB	101.9%	0.3%	216.5 MB	3.9 MB
1617	f2/1c3211	BGC_ANALYSIS:ANTISMASH_ANALYSIS:ANTISMASH (Buchnera_aphidicola_Thelaxes_suberi_Thsuberi-3717)	COMPLETED	0	2026-08-30 14:15:27.026	2026-08-30 14:15:27.124	2026-08-30 14:15:34.982	6s	2	6 GB	212.2 MB	2.7 GB	103.5%	0.3%	296.5 MB	8.4 MB
1616	59/c1ca3a	BGC_ANALYSIS:ANTISMASH_ANALYSIS:ANTISMASH (Buchnera_aphidicola_Tetraneura_ulmi_Teulmi-3693)	COMPLETED	0	2026-08-30 14:15:27.703	2026-08-30 14:15:27.801	2026-08-30 14:15:35.242	5.7s	2	6 GB	213.4 MB	2.7 GB	101.3%	0.3%	274.7 MB	7.9 MB
1620	51/eebfa7	BGC_ANALYSIS:ANTISMASH_ANALYSIS:ANTISMASH (Candidatus_Erwinia_haradaeae_ErCicuneomaculata)	COMPLETED	0	2026-08-30 14:15:28.779	2026-08-30 14:15:28.876	2026-08-30 14:15:37.661	6.9s	2	6 GB	481.3 MB	7.6 GB	102.6%	0.8%	283.9 MB	12 MB
1622	21/3db807	BGC_ANALYSIS:ANTISMASH_ANALYSIS:ANTISMASH (Candidatus_Erwinia_haradaeae_ErCicurvipes)	COMPLETED	0	2026-08-30 14:15:32.494	2026-08-30 14:15:32.591	2026-08-30 14:15:41.575	7s	2	6 GB	466.6 MB	7.6 GB	101.3%	0.7%	283.7 MB	12.4 MB
1621	12/1a2166	BGC_ANALYSIS:ANTISMASH_ANALYSIS:ANTISMASH (Candidatus_Erwinia_haradaeae_ErCicurtihirsuta)	COMPLETED	0	2026-08-30 14:15:32.836	2026-08-30 14:15:32.933	2026-08-30 14:15:41.665	6.8s	2	6 GB	488.6 MB	7.6 GB	103.5%	0.8%	283.2 MB	12.4 MB
1624	c7/54d3d6	BGC_ANALYSIS:ANTISMASH_ANALYSIS:ANTISMASH (Candidatus_Erwinia_haradaeae_ErCilaricifoliae)	COMPLETED	0	2026-08-30 14:15:33.564	2026-08-30 14:15:33.661	2026-08-30 14:15:42.487	6.9s	2	6 GB	493.4 MB	7.6 GB	100.9%	0.8%	286.2 MB	12.3 MB
1626	1d/e8c24a	BGC_ANALYSIS:ANTISMASH_ANALYSIS:ANTISMASH (Candidatus_Erwinia_haradaeae_ErCipseudotaxifoliae_2)	COMPLETED	0	2026-08-30 14:15:33.836	2026-08-30 14:15:33.933	2026-08-30 14:15:42.661	6.8s	2	6 GB	476 MB	7.6 GB	102.0%	0.7%	284.4 MB	12.3 MB
1627	fd/5c6514	BGC_ANALYSIS:ANTISMASH_ANALYSIS:ANTISMASH (Candidatus_Erwinia_haradaeae_ErCipseudotsugae)	COMPLETED	0	2026-08-30 14:15:34.989	2026-08-30 14:15:35.082	2026-08-30 14:15:44.086	7s	2	6 GB	477.9 MB	7.6 GB	104.5%	0.7%	283.1 MB	12.1 MB
1628	89/001f48	BGC_ANALYSIS:ANTISMASH_ANALYSIS:ANTISMASH (Candidatus_Erwinia_haradaeae_ErCisplendens)	COMPLETED	0	2026-08-30 14:15:35.245	2026-08-30 14:15:35.343	2026-08-30 14:15:44.294	7s	2	6 GB	219.5 MB	2.7 GB	101.7%	0.3%	283.3 MB	12.1 MB
1629	14/c28f07	BGC_ANALYSIS:ANTISMASH_ANALYSIS:ANTISMASH (Candidatus_Erwinia_haradaeae_ErCisplendens_pseudotsugae)	COMPLETED	0	2026-08-30 14:15:41.579	2026-08-30 14:15:41.665	2026-08-30 14:15:50.695	7s	2	6 GB	467.1 MB	7.6 GB	102.1%	0.7%	283.8 MB	12.1 MB
1638	32/72fde3	BGC_ANALYSIS:ANTISMASH_ANALYSIS:ANTISMASH (Pantoea_agglomerans_GR13)	COMPLETED	0	2026-08-30 14:15:37.664	2026-08-30 14:15:37.761	2026-08-30 14:16:00.839	21.1s	2	6 GB	728 MB	7.8 GB	117.6%	1.3%	842.6 MB	52.2 MB
1630	05/f91019	BGC_ANALYSIS:ANTISMASH_ANALYSIS:ANTISMASH (Candidatus_Erwinia_impunctatus_GCA_964016415.1)	COMPLETED	0	2026-08-30 14:15:42.490	2026-08-30 14:15:42.587	2026-08-30 14:16:01.179	16.6s	2	6 GB	716.4 MB	7.8 GB	127.1%	1.1%	658.5 MB	43.6 MB
1633	0a/06f3e6	BGC_ANALYSIS:ANTISMASH_ANALYSIS:ANTISMASH (Erwinia_mediterraneensis_Marseille-P5165)	COMPLETED	0	2026-08-30 14:15:42.665	2026-08-30 14:15:42.762	2026-08-30 14:16:05.546	20.7s	2	6 GB	591.2 MB	7.8 GB	124.1%	0.9%	759.9 MB	39.6 MB
1631	6c/495571	BGC_ANALYSIS:ANTISMASH_ANALYSIS:ANTISMASH (Candidatus_Pantoea_floridensis_JKS000234)	COMPLETED	0	2026-08-30 14:15:41.668	2026-08-30 14:15:41.766	2026-08-30 14:16:06.816	23.1s	2	6 GB	792.6 MB	7.8 GB	120.4%	1.3%	965.5 MB	60.5 MB
1635	f7/85f65b	BGC_ANALYSIS:ANTISMASH_ANALYSIS:ANTISMASH (Pantoea_agglomerans_DAPP-PG734_2)	COMPLETED	0	2026-08-30 14:15:50.700	2026-08-30 14:15:50.796	2026-08-30 14:16:17.013	24s	2	6 GB	846.3 MB	7.9 GB	120.7%	1.4%	955.5 MB	66.2 MB
1632	97/634a21	BGC_ANALYSIS:ANTISMASH_ANALYSIS:ANTISMASH (Erwinia_aphidicola_GCA_918698235.1)	COMPLETED	0	2026-08-30 14:15:44.297	2026-08-30 14:15:44.394	2026-08-30 14:16:25.149	38.8s	2	6 GB	734.3 MB	7.8 GB	94.1%	1.2%	1.6 GB	74.2 MB
1640	91/0391b4	BGC_ANALYSIS:ANTISMASH_ANALYSIS:ANTISMASH (Pantoea_agglomerans_NCTC10601)	COMPLETED	0	2026-08-30 14:16:05.549	2026-08-30 14:16:05.645	2026-08-30 14:16:28.133	20.5s	2	6 GB	720.1 MB	7.8 GB	121.2%	1.3%	884.1 MB	54.9 MB
1639	4b/9f6b61	BGC_ANALYSIS:ANTISMASH_ANALYSIS:ANTISMASH (Pantoea_agglomerans_NCTC10500)	COMPLETED	0	2026-08-30 14:16:06.820	2026-08-30 14:16:06.916	2026-08-30 14:16:29.187	20.2s	2	6 GB	745.2 MB	7.8 GB	126.1%	1.3%	831.6 MB	52.9 MB
1636	73/0a2ae9	BGC_ANALYSIS:ANTISMASH_ANALYSIS:ANTISMASH (Pantoea_agglomerans_GCA_900185875.1)	COMPLETED	0	2026-08-30 14:16:00.843	2026-08-30 14:16:00.939	2026-08-30 14:16:34.314	31.2s	2	6 GB	494.8 MB	7.8 GB	103.1%	0.8%	1.2 GB	53 MB
1641	c5/215ad3	BGC_ANALYSIS:ANTISMASH_ANALYSIS:ANTISMASH (Pantoea_agglomerans_NCTC9381)	COMPLETED	0	2026-08-30 14:16:17.017	2026-08-30 14:16:17.113	2026-08-30 14:16:39.971	20.7s	2	6 GB	872.9 MB	7.9 GB	129.0%	1.4%	813.8 MB	59.1 MB
1637	32/a10c2a	BGC_ANALYSIS:ANTISMASH_ANALYSIS:ANTISMASH (Pantoea_agglomerans_GCA_963528405.1)	COMPLETED	0	2026-08-30 14:16:01.183	2026-08-30 14:16:01.279	2026-08-30 14:16:40.591	37.2s	2	6 GB	482.9 MB	7.8 GB	99.9%	0.7%	1.6 GB	63 MB
1634	86/a782f7	BGC_ANALYSIS:ANTISMASH_ANALYSIS:ANTISMASH (Mixta_sp._Marseille-Q2659)	COMPLETED	0	2026-08-30 14:15:44.090	2026-08-30 14:15:44.186	2026-08-30 14:16:55.514	1m 9s	2	6 GB	4.7 GB	7.7 GB	110.8%	7.8%	9.7 GB	72.5 MB
1653	75/94d07e	BGC_ANALYSIS:ANTISMASH_ANALYSIS:ANTISMASH (Pantoea_sp._Marseille-Q5743)	COMPLETED	0	2026-08-30 14:16:25.152	2026-08-30 14:16:25.249	2026-08-30 14:16:57.438	30.1s	2	6 GB	512.8 MB	7.8 GB	108.4%	0.7%	1.2 GB	54.4 MB
1644	3a/c45a9c	BGC_ANALYSIS:ANTISMASH_ANALYSIS:ANTISMASH (Pantoea_brenneri_GCA_902506485.1)	COMPLETED	0	2026-08-30 14:16:29.191	2026-08-30 14:16:29.288	2026-08-30 14:17:03.925	32.7s	2	6 GB	843.8 MB	7.9 GB	115.9%	1.4%	1.5 GB	74.9 MB
1646	f0/2ce911	BGC_ANALYSIS:ANTISMASH_ANALYSIS:ANTISMASH (Pantoea_septica_GCA_902386985.1)	COMPLETED	0	2026-08-30 14:16:40.595	2026-08-30 14:16:40.691	2026-08-30 14:17:06.271	23.5s	2	6 GB	626.6 MB	8 GB	127.3%	1.1%	876 MB	45.1 MB
1642	f7/2e6dfb	BGC_ANALYSIS:ANTISMASH_ANALYSIS:ANTISMASH (Pantoea_agglomerans_RSO7)	COMPLETED	0	2026-08-30 14:16:34.317	2026-08-30 14:16:34.415	2026-08-30 14:17:07.063	30.5s	2	6 GB	495.3 MB	7.8 GB	102.0%	0.7%	1.2 GB	52.2 MB
1643	e0/c85d44	BGC_ANALYSIS:ANTISMASH_ANALYSIS:ANTISMASH (Pantoea_ananatis_GCA_963520565.1)	COMPLETED	0	2026-08-30 14:16:28.136	2026-08-30 14:16:28.234	2026-08-30 14:17:10.324	40.1s	2	6 GB	481.9 MB	7.8 GB	101.7%	0.7%	1.8 GB	66.5 MB
1657	92/08b0a3	BGC_ANALYSIS:ANTISMASH_ANALYSIS:ANTISMASH (Tatumella_ptyseos_GCA_937917055.1)	COMPLETED	0	2026-08-30 14:16:55.518	2026-08-30 14:16:55.615	2026-08-30 14:17:32.442	34.7s	2	6 GB	465.8 MB	7.8 GB	102.4%	0.7%	1.6 GB	54.5 MB
1649	e7/10396e	BGC_ANALYSIS:ANTISMASH_ANALYSIS:ANTISMASH (Pantoea_sp._18059_GCA_902706165.1)	COMPLETED	0	2026-08-30 14:17:06.274	2026-08-30 14:17:06.371	2026-08-30 14:17:36.599	28.3s	2	6 GB	530.4 MB	7.8 GB	109.8%	0.8%	1.1 GB	49.5 MB
1648	dc/6f245e	BGC_ANALYSIS:ANTISMASH_ANALYSIS:ANTISMASH (Pantoea_septica_GCA_963524545.1)	COMPLETED	0	2026-08-30 14:17:03.928	2026-08-30 14:17:04.024	2026-08-30 14:17:45.561	39.5s	2	6 GB	476.9 MB	7.7 GB	102.5%	0.7%	1.8 GB	65.3 MB
1651	bf/6e8bd4	BGC_ANALYSIS:ANTISMASH_ANALYSIS:ANTISMASH (Pantoea_sp._GL120224-02)	COMPLETED	0	2026-08-30 14:17:10.327	2026-08-30 14:17:10.424	2026-08-30 14:17:46.389	33.9s	2	6 GB	696.4 MB	7.8 GB	95.9%	1.3%	1.4 GB	68.5 MB
1645	cd/20861c	BGC_ANALYSIS:ANTISMASH_ANALYSIS:ANTISMASH (Pantoea_brenneri_GCA_963517145.1)	COMPLETED	0	2026-08-30 14:16:39.975	2026-08-30 14:16:40.072	2026-08-30 14:17:48.494	1m 6s	2	6 GB	489.7 MB	7.7 GB	104.0%	0.7%	3.2 GB	102.4 MB
1654	db/dad3e9	BGC_ANALYSIS:ANTISMASH_ANALYSIS:ANTISMASH (Pantoea_sp._Nvir_GCA_960934465.1)	COMPLETED	0	2026-08-30 14:17:36.602	2026-08-30 14:17:36.699	2026-08-30 14:17:50.099	11.4s	2	6 GB	483.6 MB	7.6 GB	102.5%	0.7%	520.7 MB	20 MB
1659	e7/f86dd6	BGC_ANALYSIS:ANTISMASH_ANALYSIS:ANTISMASH (uncultured_Buchnera_sp._GCA_913776765.1)	COMPLETED	0	2026-08-30 14:17:50.102	2026-08-30 14:17:50.199	2026-08-30 14:17:58.670	6.4s	2	6 GB	437.3 MB	7.5 GB	104.6%	0.7%	267.2 MB	7.1 MB
1658	cd/f2ed78	BGC_ANALYSIS:ANTISMASH_ANALYSIS:ANTISMASH (Tatumella_ptyseos_NCTC11468)	COMPLETED	0	2026-08-30 14:17:48.498	2026-08-30 14:17:48.594	2026-08-30 14:18:04.232	13.7s	2	6 GB	582.8 MB	7.3 GB	133.4%	1.0%	606.8 MB	25.7 MB
1655	af/120573	BGC_ANALYSIS:ANTISMASH_ANALYSIS:ANTISMASH (Pantoea_sp._Nvir_GCA_963853465.1)	COMPLETED	0	2026-08-30 14:17:45.565	2026-08-30 14:17:45.661	2026-08-30 14:18:08.057	20.4s	2	6 GB	774.3 MB	7.8 GB	130.4%	1.3%	834.2 MB	53.8 MB
1650	86/e033f9	BGC_ANALYSIS:ANTISMASH_ANALYSIS:ANTISMASH (Pantoea_sp._18069_GCA_902706035.1)	COMPLETED	0	2026-08-30 14:17:07.066	2026-08-30 14:17:07.163	2026-08-30 14:18:10.841	1m 2s	2	6 GB	503.2 MB	7.8 GB	104.2%	0.7%	2.7 GB	93.2 MB
1656	b4/17f38f	BGC_ANALYSIS:ANTISMASH_ANALYSIS:ANTISMASH (Pantoea_vagans_GCA_963524165.1)	COMPLETED	0	2026-08-30 14:17:46.392	2026-08-30 14:17:46.489	2026-08-30 14:18:21.819	33.3s	2	6 GB	481.3 MB	7.8 GB	101.5%	0.7%	1.4 GB	56.5 MB
1660	39/47f5ef	BGC_ANALYSIS:ANTISMASH_ANALYSIS:ANTISMASH (uncultured_Buchnera_sp._GCA_913777495.1)	COMPLETED	0	2026-08-30 14:17:58.673	2026-08-30 14:17:58.770	2026-08-30 14:18:23.435	22.5s	2	6 GB	434 MB	7.5 GB	108.9%	0.7%	1.2 GB	30.3 MB
1661	4f/f4ee26	BGC_ANALYSIS:ANTISMASH_ANALYSIS:ANTISMASH (uncultured_Erwinia_sp._GCA_913774645.1)	COMPLETED	0	2026-08-30 14:18:04.236	2026-08-30 14:18:04.332	2026-08-30 14:18:40.015	33.7s	2	6 GB	469.5 MB	7.8 GB	101.1%	0.7%	1.3 GB	53.1 MB
1663	21/4fcb8e	BGC_ANALYSIS:ANTISMASH_ANALYSIS:ANTISMASH (uncultured_Erwinia_sp._GCA_945290265.1)	COMPLETED	0	2026-08-30 14:18:10.845	2026-08-30 14:18:10.941	2026-08-30 14:18:53.052	40.1s	2	6 GB	470.4 MB	7.6 GB	105.5%	0.7%	1.8 GB	60.5 MB
1665	e4/eda8ac	BGC_ANALYSIS:ANTISMASH_ANALYSIS:ANTISMASH (uncultured_Erwinia_sp._GCA_963520805.1)	COMPLETED	0	2026-08-30 14:18:21.823	2026-08-30 14:18:21.919	2026-08-30 14:19:00.614	36.7s	2	6 GB	494.7 MB	7.8 GB	104.0%	0.7%	1.4 GB	62 MB
1662	2d/3adc1e	BGC_ANALYSIS:ANTISMASH_ANALYSIS:ANTISMASH (uncultured_Erwinia_sp._GCA_913775305.1)	COMPLETED	0	2026-08-30 14:18:08.060	2026-08-30 14:18:08.157	2026-08-30 14:19:18.388	1m 8s	2	6 GB	492.4 MB	7.7 GB	107.7%	0.8%	3.3 GB	100.2 MB
1666	82/aa8899	BGC_ANALYSIS:ANTISMASH_ANALYSIS:ANTISMASH (uncultured_Pantoea_sp._GCA_900538665.1)	COMPLETED	0	2026-08-30 14:18:40.019	2026-08-30 14:18:40.116	2026-08-30 14:19:26.299	44.2s	2	6 GB	478.8 MB	7.7 GB	102.8%	0.7%	2 GB	70.6 MB
1664	37/31faac	BGC_ANALYSIS:ANTISMASH_ANALYSIS:ANTISMASH (uncultured_Erwinia_sp._GCA_946221915.1)	COMPLETED	0	2026-08-30 14:18:23.439	2026-08-30 14:18:23.535	2026-08-30 14:19:31.211	1m 6s	2	6 GB	536.5 MB	7.7 GB	106.5%	0.8%	3 GB	99.5 MB
1619	32/1f048e	BGC_ANALYSIS:ANTISMASH_ANALYSIS:ANTISMASH (Candidatus_Erwinia_dacicola_GCA_937876675.1)	COMPLETED	0	2026-08-30 14:15:28.534	2026-08-30 14:15:28.631	2026-08-30 14:19:51.256	4m 21s	2	6 GB	500 MB	7.6 GB	110.7%	0.9%	14.9 GB	374.2 MB
1667	d9/c68881	BGC_ANALYSIS:ANTISMASH_ANALYSIS:ANTISMASH (uncultured_Pantoea_sp._GCA_900538725.1)	COMPLETED	0	2026-08-30 14:19:18.391	2026-08-30 14:19:18.488	2026-08-30 14:20:04.795	44.2s	2	6 GB	477.9 MB	7.7 GB	103.1%	0.7%	2.1 GB	72.5 MB
1652	ab/fa64de	BGC_ANALYSIS:ANTISMASH_ANALYSIS:ANTISMASH (Pantoea_sp._ME81)	COMPLETED	0	2026-08-30 14:17:32.445	2026-08-30 14:17:32.542	2026-08-30 14:20:09.512	2m 35s	2	6 GB	531.8 MB	7.7 GB	111.1%	0.9%	8.2 GB	224.5 MB
1670	19/afafda	BGC_ANALYSIS:ANTISMASH_ANALYSIS:ANTISMASH (uncultured_Pantoea_sp._GCA_902480395.1)	COMPLETED	0	2026-08-30 14:19:26.302	2026-08-30 14:19:26.399	2026-08-30 14:20:12.371	43.9s	2	6 GB	479.7 MB	7.7 GB	103.1%	0.7%	2.1 GB	72.5 MB
1672	e3/e42ff5	BGC_ANALYSIS:ANTISMASH_ANALYSIS:ANTISMASH (uncultured_Pantoea_sp._GCA_902485265.1)	COMPLETED	0	2026-08-30 14:19:31.215	2026-08-30 14:19:31.311	2026-08-30 14:20:36.638	1m 3s	2	6 GB	4.6 GB	7.8 GB	114.5%	4.1%	10.6 GB	61.4 MB
1675	84/4c4df2	BGC_ANALYSIS:ANTISMASH_ANALYSIS:ANTISMASH (uncultured_Pantoea_sp._GCA_902485385.1)	COMPLETED	0	2026-08-30 14:20:12.374	2026-08-30 14:20:12.471	2026-08-30 14:20:45.714	31.2s	2	6 GB	491.6 MB	7.8 GB	104.1%	0.7%	1.2 GB	52.3 MB
1674	06/078593	BGC_ANALYSIS:ANTISMASH_ANALYSIS:ANTISMASH (uncultured_Pantoea_sp._GCA_902485335.1)	COMPLETED	0	2026-08-30 14:20:09.516	2026-08-30 14:20:09.612	2026-08-30 14:20:48.556	36.8s	2	6 GB	484.7 MB	7.8 GB	102.6%	0.7%	1.6 GB	61.6 MB
1673	59/378f98	BGC_ANALYSIS:ANTISMASH_ANALYSIS:ANTISMASH (uncultured_Pantoea_sp._GCA_902485285.1)	COMPLETED	0	2026-08-30 14:20:04.799	2026-08-30 14:20:04.896	2026-08-30 14:20:51.015	44s	2	6 GB	490.1 MB	7.7 GB	104.9%	0.7%	2 GB	72.4 MB
1647	7b/69221c	BGC_ANALYSIS:ANTISMASH_ANALYSIS:ANTISMASH (Pantoea_septica_GCA_943914765.1)	COMPLETED	0	2026-08-30 14:16:57.441	2026-08-30 14:16:57.538	2026-08-30 14:20:53.933	3m 54s	2	6 GB	517.1 MB	7.7 GB	112.2%	1.0%	13 GB	333.8 MB
1680	3c/c12e59	BGC_ANALYSIS:ANTISMASH_ANALYSIS:ANTISMASH (uncultured_Pantoea_sp._GCA_913774525.1)	COMPLETED	0	2026-08-30 14:20:51.019	2026-08-30 14:20:51.115	2026-08-30 14:21:23.657	30.5s	2	6 GB	483.9 MB	7.8 GB	103.7%	0.7%	1.1 GB	50.5 MB
1685	dd/2821cf	BGC_ANALYSIS:ANTISMASH_ANALYSIS:ANTISMASH (uncultured_Pantoea_sp._GCA_913776375.1)	COMPLETED	0	2026-08-30 14:20:53.936	2026-08-30 14:20:54.034	2026-08-30 14:21:33.217	37s	2	6 GB	501.2 MB	7.8 GB	103.4%	0.7%	1.4 GB	59.9 MB
1668	1b/8d3611	BGC_ANALYSIS:ANTISMASH_ANALYSIS:ANTISMASH (uncultured_Pantoea_sp._GCA_900547325.1)	COMPLETED	0	2026-08-30 14:19:00.618	2026-08-30 14:19:00.714	2026-08-30 14:21:34.843	2m 32s	2	6 GB	499.5 MB	7.7 GB	112.5%	0.8%	8.2 GB	214.3 MB
1681	5a/e489d6	BGC_ANALYSIS:ANTISMASH_ANALYSIS:ANTISMASH (uncultured_Pantoea_sp._GCA_913774635.1)	COMPLETED	0	2026-08-30 14:20:48.559	2026-08-30 14:20:48.656	2026-08-30 14:21:37.592	46.9s	2	6 GB	477.6 MB	7.7 GB	103.2%	0.7%	2.2 GB	76.6 MB
1683	41/5d6741	BGC_ANALYSIS:ANTISMASH_ANALYSIS:ANTISMASH (uncultured_Pantoea_sp._GCA_913775655.1)	COMPLETED	0	2026-08-30 14:21:23.661	2026-08-30 14:21:23.757	2026-08-30 14:22:07.249	41.5s	2	6 GB	498.5 MB	7.7 GB	102.2%	0.8%	1.8 GB	66.9 MB
1682	60/92f2a2	BGC_ANALYSIS:ANTISMASH_ANALYSIS:ANTISMASH (uncultured_Pantoea_sp._GCA_913775175.1)	COMPLETED	0	2026-08-30 14:21:37.595	2026-08-30 14:21:37.692	2026-08-30 14:22:07.904	28.2s	2	6 GB	445.1 MB	7.7 GB	105.1%	0.7%	1.4 GB	43.4 MB
1693	e8/d42849	BGC_ANALYSIS:ANTISMASH_ANALYSIS:ANTISMASH (uncultured_Pantoea_sp._GCA_963520555.1)	COMPLETED	0	2026-08-30 14:21:34.854	2026-08-30 14:21:34.943	2026-08-30 14:22:11.708	34.8s	2	6 GB	464.6 MB	7.7 GB	103.3%	0.7%	1.6 GB	56.6 MB
1695	3e/74332a	BGC_ANALYSIS:ANTISMASH_ANALYSIS:ANTISMASH (uncultured_Pantoea_sp._GCA_963528295.1)	COMPLETED	0	2026-08-30 14:22:07.908	2026-08-30 14:22:08.004	2026-08-30 14:22:33.410	23.4s	2	6 GB	519.1 MB	7.7 GB	116.1%	0.7%	977.5 MB	43.3 MB
1669	93/ca3212	BGC_ANALYSIS:ANTISMASH_ANALYSIS:ANTISMASH (uncultured_Pantoea_sp._GCA_900556005.1)	COMPLETED	0	2026-08-30 14:18:53.055	2026-08-30 14:18:53.152	2026-08-30 14:22:33.736	3m 39s	2	6 GB	469.5 MB	7.6 GB	112.0%	0.7%	12.4 GB	309.2 MB
1678	a8/09de1a	BGC_ANALYSIS:ANTISMASH_ANALYSIS:ANTISMASH (uncultured_Pantoea_sp._GCA_913774055.1)	COMPLETED	0	2026-08-30 14:22:07.252	2026-08-30 14:22:07.349	2026-08-30 14:22:34.294	24.9s	2	6 GB	487.7 MB	7.8 GB	106.0%	0.7%	972 MB	43.3 MB
1694	32/c3957c	BGC_ANALYSIS:ANTISMASH_ANALYSIS:ANTISMASH (uncultured_Pantoea_sp._GCA_963523335.1)	COMPLETED	0	2026-08-30 14:22:11.711	2026-08-30 14:22:11.808	2026-08-30 14:22:39.437	25.6s	2	6 GB	490.6 MB	7.8 GB	105.3%	0.7%	1 GB	43.6 MB
1691	5e/90cc01	BGC_ANALYSIS:ANTISMASH_ANALYSIS:ANTISMASH (uncultured_Pantoea_sp._GCA_928890885.1)	COMPLETED	0	2026-08-30 14:22:39.441	2026-08-30 14:22:39.537	2026-08-30 14:22:50.861	9.2s	2	6 GB	476 MB	7.3 GB	102.6%	0.7%	299.5 MB	9.8 MB
1689	32/c360ec	BGC_ANALYSIS:ANTISMASH_ANALYSIS:ANTISMASH (uncultured_Pantoea_sp._GCA_913778495.1)	COMPLETED	0	2026-08-30 14:22:33.413	2026-08-30 14:22:33.511	2026-08-30 14:23:10.087	34.6s	2	6 GB	498.3 MB	7.8 GB	103.0%	0.8%	1.5 GB	55.6 MB
1679	f7/b1e3dc	BGC_ANALYSIS:ANTISMASH_ANALYSIS:ANTISMASH (uncultured_Pantoea_sp._GCA_913774225.1)	COMPLETED	0	2026-08-30 14:22:50.865	2026-08-30 14:22:50.960	2026-08-30 14:23:26.195	33.2s	2	6 GB	482.6 MB	7.7 GB	104.6%	0.7%	1.3 GB	55.6 MB
1671	53/c5f917	BGC_ANALYSIS:ANTISMASH_ANALYSIS:ANTISMASH (uncultured_Pantoea_sp._GCA_902482755.1)	COMPLETED	0	2026-08-30 14:19:51.260	2026-08-30 14:19:51.357	2026-08-30 14:23:32.234	3m 39s	2	6 GB	472.4 MB	7.6 GB	111.8%	0.7%	12.4 GB	310 MB
1692	f4/b69831	BGC_ANALYSIS:ANTISMASH_ANALYSIS:ANTISMASH (uncultured_Pantoea_sp._GCA_937952525.1)	COMPLETED	0	2026-08-30 14:23:10.089	2026-08-30 14:23:10.187	2026-08-30 14:23:59.979	47.8s	2	6 GB	509.5 MB	7.8 GB	103.9%	0.8%	2.1 GB	76.7 MB
1677	47/68b8b6	BGC_ANALYSIS:ANTISMASH_ANALYSIS:ANTISMASH (uncultured_Pantoea_sp._GCA_913773645.1)	COMPLETED	0	2026-08-30 14:20:45.717	2026-08-30 14:20:45.814	2026-08-30 14:24:08.334	3m 20s	2	6 GB	506.9 MB	7.7 GB	113.8%	0.8%	10.9 GB	280.7 MB
1704	c5/f0ac57	BGC_ANALYSIS:ANTISMASH_ANALYSIS:ANTISMASH (Erwinia_aphidicola_18B1)	COMPLETED	0	2026-08-30 14:24:08.338	2026-08-30 14:24:08.435	2026-08-30 14:24:30.681	20.3s	2	6 GB	881.2 MB	7.9 GB	131.9%	1.5%	824.6 MB	60.4 MB
1690	7e/8d93a5	BGC_ANALYSIS:ANTISMASH_ANALYSIS:ANTISMASH (uncultured_Pantoea_sp._GCA_913778595.1)	COMPLETED	0	2026-08-30 14:22:34.297	2026-08-30 14:22:34.394	2026-08-30 14:24:41.755	2m 5s	2	6 GB	502.5 MB	7.7 GB	113.0%	0.8%	6.6 GB	178 MB
1684	d4/022809	BGC_ANALYSIS:ANTISMASH_ANALYSIS:ANTISMASH (uncultured_Pantoea_sp._GCA_913776085.1)	COMPLETED	0	2026-08-30 14:23:59.982	2026-08-30 14:24:00.079	2026-08-30 14:24:44.111	41.9s	2	6 GB	473.7 MB	7.7 GB	104.6%	0.7%	1.9 GB	68.8 MB
1696	84/7602fa	BGC_ANALYSIS:ANTISMASH_ANALYSIS:ANTISMASH (uncultured_Pantoea_sp._GCA_963530585.1)	COMPLETED	0	2026-08-30 14:23:26.198	2026-08-30 14:23:26.295	2026-08-30 14:24:52.441	1m 24s	2	6 GB	477.2 MB	7.6 GB	111.8%	0.7%	4.4 GB	124.3 MB
1676	f8/302b18	BGC_ANALYSIS:ANTISMASH_ANALYSIS:ANTISMASH (uncultured_Pantoea_sp._GCA_902489305.1)	COMPLETED	0	2026-08-30 14:20:36.642	2026-08-30 14:20:36.738	2026-08-30 14:24:59.174	4m 20s	2	6 GB	515.9 MB	7.7 GB	112.8%	1.0%	14.6 GB	370 MB
1697	84/bc2a52	BGC_ANALYSIS:ANTISMASH_ANALYSIS:ANTISMASH (Buchnera_aphidicola_Hormaphis_cornu_DLS_fromHcor80)	COMPLETED	0	2026-08-30 14:24:52.444	2026-08-30 14:24:52.541	2026-08-30 14:25:00.213	5.4s	2	6 GB	317.8 MB	4.9 GB	110.2%	0.5%	216 MB	5.2 MB
1698	b3/3e27bb	BGC_ANALYSIS:ANTISMASH_ANALYSIS:ANTISMASH (Duffyella_gerundensis_A4)	COMPLETED	0	2026-08-30 14:24:41.758	2026-08-30 14:24:41.855	2026-08-30 14:25:03.168	19.3s	2	6 GB	759.3 MB	7.8 GB	128.0%	1.3%	761.4 MB	51.6 MB
1686	87/077ee6	BGC_ANALYSIS:ANTISMASH_ANALYSIS:ANTISMASH (uncultured_Pantoea_sp._GCA_913777075.1)	COMPLETED	0	2026-08-30 14:21:33.221	2026-08-30 14:21:33.317	2026-08-30 14:25:15.566	3m 40s	2	6 GB	521.6 MB	7.7 GB	112.1%	0.9%	12.2 GB	314.3 MB
1700	f8/728c08	BGC_ANALYSIS:ANTISMASH_ANALYSIS:ANTISMASH (Erwinia_amylovora_19-7)	COMPLETED	0	2026-08-30 14:25:03.172	2026-08-30 14:25:03.269	2026-08-30 14:25:21.157	15.8s	2	6 GB	713.8 MB	7.7 GB	129.8%	1.1%	632.4 MB	43.7 MB
1705	dc/cf8e81	BGC_ANALYSIS:ANTISMASH_ANALYSIS:ANTISMASH (Erwinia_billingiae_PBb)	COMPLETED	0	2026-08-30 14:24:59.178	2026-08-30 14:24:59.274	2026-08-30 14:25:33.350	32s	2	6 GB	713.4 MB	7.8 GB	99.1%	1.3%	1.3 GB	72.5 MB
1708	a0/f1f9be	BGC_ANALYSIS:ANTISMASH_ANALYSIS:ANTISMASH (Erwinia_sp._S43)	COMPLETED	0	2026-08-30 14:24:44.114	2026-08-30 14:24:44.211	2026-08-30 14:25:34.098	47.8s	2	6 GB	759.9 MB	7.8 GB	95.4%	1.3%	2.1 GB	95.8 MB
1712	14/596305	BGC_ANALYSIS:ANTISMASH_ANALYSIS:ANTISMASH (Pantoea_agglomerans_AR1a)	COMPLETED	0	2026-08-30 14:24:30.684	2026-08-30 14:24:30.781	2026-08-30 14:25:34.270	1m 1s	2	6 GB	4.9 GB	8.1 GB	132.7%	5.5%	22.4 GB	61.7 MB
1706	78/916c97	BGC_ANALYSIS:ANTISMASH_ANALYSIS:ANTISMASH (Erwinia_rhapontici_WS3235)	COMPLETED	0	2026-08-30 14:25:15.570	2026-08-30 14:25:15.667	2026-08-30 14:25:40.154	22.4s	2	6 GB	877.6 MB	7.9 GB	134.8%	1.4%	923.7 MB	64.1 MB
1687	31/281123	BGC_ANALYSIS:ANTISMASH_ANALYSIS:ANTISMASH (uncultured_Pantoea_sp._GCA_913777425.1)	COMPLETED	0	2026-08-30 14:22:33.739	2026-08-30 14:22:33.836	2026-08-30 14:25:41.083	3m 5s	2	6 GB	492.7 MB	7.7 GB	113.3%	0.8%	10.1 GB	263.6 MB
1711	16/19b68a	BGC_ANALYSIS:ANTISMASH_ANALYSIS:ANTISMASH (Pantoea_agglomerans_ANP8)	COMPLETED	0	2026-08-30 14:25:00.217	2026-08-30 14:25:00.313	2026-08-30 14:25:43.701	41.3s	2	6 GB	682.7 MB	7.8 GB	94.5%	1.3%	1.8 GB	80.7 MB
1713	62/0eb6fa	BGC_ANALYSIS:ANTISMASH_ANALYSIS:ANTISMASH (Pantoea_agglomerans_CFBP13583)	COMPLETED	0	2026-08-30 14:25:21.159	2026-08-30 14:25:21.257	2026-08-30 14:25:48.155	24.8s	2	6 GB	751.1 MB	7.8 GB	110.1%	1.2%	1 GB	61.2 MB
1702	07/b09c8f	BGC_ANALYSIS:ANTISMASH_ANALYSIS:ANTISMASH (Erwinia_amylovora_Ea1189)	COMPLETED	0	2026-08-30 14:25:34.102	2026-08-30 14:25:34.198	2026-08-30 14:25:52.816	16.6s	2	6 GB	704.2 MB	7.7 GB	128.1%	1.1%	665.1 MB	44.3 MB
1703	11/6757ad	BGC_ANALYSIS:ANTISMASH_ANALYSIS:ANTISMASH (Erwinia_amylovora_Ea1_79Sm)	COMPLETED	0	2026-08-30 14:25:33.353	2026-08-30 14:25:33.450	2026-08-30 14:25:52.892	17.4s	2	6 GB	704.3 MB	7.7 GB	129.0%	1.1%	670.3 MB	44.6 MB
1701	b8/7db4ed	BGC_ANALYSIS:ANTISMASH_ANALYSIS:ANTISMASH (Erwinia_amylovora_ATCC_15580)	COMPLETED	0	2026-08-30 14:25:43.704	2026-08-30 14:25:43.801	2026-08-30 14:26:03.528	17.6s	2	6 GB	688.1 MB	7.7 GB	128.0%	1.1%	664.7 MB	44.5 MB
1699	86/7ddca7	BGC_ANALYSIS:ANTISMASH_ANALYSIS:ANTISMASH (Erwinia_amylovora_17-2187)	COMPLETED	0	2026-08-30 14:25:48.159	2026-08-30 14:25:48.255	2026-08-30 14:26:07.981	17.5s	2	6 GB	695.1 MB	7.7 GB	129.7%	1.1%	668.4 MB	44.5 MB
1710	af/3caaa8	BGC_ANALYSIS:ANTISMASH_ANALYSIS:ANTISMASH (Mixta_mediterraneensis_Marseille-Q2057)	COMPLETED	0	2026-08-30 14:25:41.091	2026-08-30 14:25:41.183	2026-08-30 14:26:16.342	33.1s	2	6 GB	700.1 MB	7.8 GB	96.3%	1.3%	1.4 GB	69.3 MB
1714	cc/168069	BGC_ANALYSIS:ANTISMASH_ANALYSIS:ANTISMASH (Pantoea_agglomerans_CFBP13593)	COMPLETED	0	2026-08-30 14:25:52.819	2026-08-30 14:25:52.892	2026-08-30 14:26:16.620	21.6s	2	6 GB	851.6 MB	7.9 GB	124.8%	1.5%	893 MB	63 MB
1715	de/c35d2a	BGC_ANALYSIS:ANTISMASH_ANALYSIS:ANTISMASH (Pantoea_agglomerans_CFBP13600)	COMPLETED	0	2026-08-30 14:25:52.895	2026-08-30 14:25:52.992	2026-08-30 14:26:16.918	21.8s	2	6 GB	781.1 MB	7.8 GB	128.3%	1.3%	883.3 MB	60.7 MB
1709	52/11c8d2	BGC_ANALYSIS:ANTISMASH_ANALYSIS:ANTISMASH (Erwinia_sp._TH29)	COMPLETED	0	2026-08-30 14:25:34.274	2026-08-30 14:25:34.370	2026-08-30 14:26:25.503	49.1s	2	6 GB	783.4 MB	7.8 GB	96.4%	1.3%	1.4 GB	84.1 MB
1688	08/ed3d17	BGC_ANALYSIS:ANTISMASH_ANALYSIS:ANTISMASH (uncultured_Pantoea_sp._GCA_913777825.1)	COMPLETED	0	2026-08-30 14:23:32.238	2026-08-30 14:23:32.334	2026-08-30 14:26:29.316	2m 55s	2	6 GB	507.3 MB	7.7 GB	113.3%	0.8%	9.4 GB	243.6 MB
1716	83/bf1960	BGC_ANALYSIS:ANTISMASH_ANALYSIS:ANTISMASH (Pantoea_agglomerans_CFBP8774)	COMPLETED	0	2026-08-30 14:26:03.531	2026-08-30 14:26:03.628	2026-08-30 14:26:29.345	23.5s	2	6 GB	846.6 MB	7.9 GB	124.2%	1.4%	1002 MB	68.8 MB
1707	1f/5cd64f	BGC_ANALYSIS:ANTISMASH_ANALYSIS:ANTISMASH (Erwinia_sp._S38)	COMPLETED	0	2026-08-30 14:25:40.161	2026-08-30 14:25:40.254	2026-08-30 14:26:33.791	51.5s	2	6 GB	750.6 MB	7.8 GB	93.5%	1.3%	2.2 GB	100.7 MB
1718	23/2ed028	BGC_ANALYSIS:ANTISMASH_ANALYSIS:ANTISMASH (Pantoea_agglomerans_MM2021_7)	COMPLETED	0	2026-08-30 14:26:07.984	2026-08-30 14:26:08.081	2026-08-30 14:26:44.396	34.2s	2	6 GB	704.3 MB	7.8 GB	93.8%	1.3%	1.4 GB	72.5 MB
1719	82/2fbc17	BGC_ANALYSIS:ANTISMASH_ANALYSIS:ANTISMASH (Pantoea_agglomerans_NC)	COMPLETED	0	2026-08-30 14:26:16.345	2026-08-30 14:26:16.442	2026-08-30 14:26:46.988	28.5s	2	6 GB	706.2 MB	7.8 GB	95.0%	1.2%	1.1 GB	61.7 MB
1721	25/0503e5	BGC_ANALYSIS:ANTISMASH_ANALYSIS:ANTISMASH (Pantoea_ananatis_LCFJ-001)	COMPLETED	0	2026-08-30 14:26:25.507	2026-08-30 14:26:25.603	2026-08-30 14:26:48.013	20.3s	2	6 GB	620.6 MB	7.5 GB	130.8%	0.9%	715.9 MB	30.9 MB
1717	e1/9838ca	BGC_ANALYSIS:ANTISMASH_ANALYSIS:ANTISMASH (Pantoea_agglomerans_Eh_335)	COMPLETED	0	2026-08-30 14:26:16.624	2026-08-30 14:26:16.720	2026-08-30 14:26:56.938	38.2s	2	6 GB	686.7 MB	7.8 GB	95.2%	1.2%	1.5 GB	76.9 MB
1723	ad/5ef450	BGC_ANALYSIS:ANTISMASH_ANALYSIS:ANTISMASH (Pantoea_ananatis_PANS_1_10)	COMPLETED	0	2026-08-30 14:26:33.794	2026-08-30 14:26:33.891	2026-08-30 14:27:06.268	30.4s	2	6 GB	497.4 MB	7.7 GB	106.0%	0.7%	1.1 GB	52.1 MB
1727	81/02b7dd	BGC_ANALYSIS:ANTISMASH_ANALYSIS:ANTISMASH (Pantoea_ananatis_PANS_1_8)	COMPLETED	0	2026-08-30 14:26:46.992	2026-08-30 14:26:47.088	2026-08-30 14:27:20.729	31.7s	2	6 GB	532 MB	7.8 GB	109.4%	0.7%	1.2 GB	55.1 MB
1722	d5/13ddf1	BGC_ANALYSIS:ANTISMASH_ANALYSIS:ANTISMASH (Pantoea_ananatis_OC5a)	COMPLETED	0	2026-08-30 14:26:29.349	2026-08-30 14:26:29.445	2026-08-30 14:27:21.008	49.7s	2	6 GB	4.8 GB	7.9 GB	125.7%	8.2%	9.4 GB	59 MB
1728	99/95bc64	BGC_ANALYSIS:ANTISMASH_ANALYSIS:ANTISMASH (Pantoea_ananatis_PANS_1_9)	COMPLETED	0	2026-08-30 14:26:56.942	2026-08-30 14:26:57.038	2026-08-30 14:27:26.357	27.4s	2	6 GB	540.3 MB	7.8 GB	115.9%	0.8%	1.1 GB	51.1 MB
1724	fa/385f4f	BGC_ANALYSIS:ANTISMASH_ANALYSIS:ANTISMASH (Pantoea_ananatis_PANS_1_2)	COMPLETED	0	2026-08-30 14:26:29.320	2026-08-30 14:26:29.346	2026-08-30 14:27:28.862	57.5s	2	6 GB	4.7 GB	7.9 GB	113.6%	7.8%	10.3 GB	53.2 MB
1729	90/dc9c8a	BGC_ANALYSIS:ANTISMASH_ANALYSIS:ANTISMASH (Pantoea_ananatis_PANS_200_1)	COMPLETED	0	2026-08-30 14:27:06.273	2026-08-30 14:27:06.368	2026-08-30 14:27:34.590	26.3s	2	6 GB	543.7 MB	7.8 GB	115.0%	0.7%	1014.7 MB	48.4 MB
1725	c2/600495	BGC_ANALYSIS:ANTISMASH_ANALYSIS:ANTISMASH (Pantoea_ananatis_PANS_1_5)	COMPLETED	0	2026-08-30 14:26:44.400	2026-08-30 14:26:44.496	2026-08-30 14:27:41.088	54.4s	2	6 GB	4.7 GB	7.8 GB	114.4%	7.2%	10.1 GB	48.8 MB
1726	b3/2ec387	BGC_ANALYSIS:ANTISMASH_ANALYSIS:ANTISMASH (Pantoea_ananatis_PANS_1_6)	COMPLETED	0	2026-08-30 14:26:48.017	2026-08-30 14:26:48.113	2026-08-30 14:27:45.635	55.6s	2	6 GB	4.6 GB	7.8 GB	114.4%	5.5%	10.1 GB	49.3 MB
1720	96/194c87	BGC_ANALYSIS:ANTISMASH_ANALYSIS:ANTISMASH (Pantoea_agglomerans_R6)	COMPLETED	0	2026-08-30 14:26:16.923	2026-08-30 14:26:17.019	2026-08-30 14:28:39.964	2m 21s	2	6 GB	693.8 MB	7.8 GB	100.7%	1.2%	7.5 GB	221.5 MB
1730	fb/9382f0	BGC_ANALYSIS:ANTISMASH_ANALYSIS:ANTISMASH (Pantoea_ananatis_PANS_200_2)	COMPLETED	0	2026-08-30 14:27:21.012	2026-08-30 14:27:21.109	2026-08-30 14:28:41.006	1m 18s	2	6 GB	3.3 GB	7.8 GB	123.7%	5.1%	22.3 GB	51.6 MB
1733	25/6a02d3	BGC_ANALYSIS:ANTISMASH_ANALYSIS:ANTISMASH (Pantoea_ananatis_PANS_2_6)	COMPLETED	0	2026-08-30 14:27:28.866	2026-08-30 14:27:28.962	2026-08-30 14:28:41.405	1m 10s	2	6 GB	4.7 GB	7.8 GB	114.1%	6.2%	10.7 GB	53.6 MB
1732	3c/3cb413	BGC_ANALYSIS:ANTISMASH_ANALYSIS:ANTISMASH (Pantoea_ananatis_PANS_2_5)	COMPLETED	0	2026-08-30 14:27:26.361	2026-08-30 14:27:26.457	2026-08-30 14:28:46.806	1m 18s	2	6 GB	3.2 GB	7.9 GB	129.6%	4.4%	22.9 GB	54.3 MB
1731	e8/e20dbc	BGC_ANALYSIS:ANTISMASH_ANALYSIS:ANTISMASH (Pantoea_ananatis_PANS_2_1)	COMPLETED	0	2026-08-30 14:27:20.732	2026-08-30 14:27:20.829	2026-08-30 14:28:52.115	1m 29s	2	6 GB	3.3 GB	7.7 GB	122.4%	5.4%	24.3 GB	57.2 MB
1736	6c/af8fd2	BGC_ANALYSIS:ANTISMASH_ANALYSIS:ANTISMASH (Pantoea_ananatis_PANS_4_2)	COMPLETED	0	2026-08-30 14:27:34.593	2026-08-30 14:27:34.690	2026-08-30 14:29:08.051	1m 31s	2	6 GB	4.8 GB	7.8 GB	122.6%	5.4%	23.2 GB	54.9 MB
1735	f8/6ab417	BGC_ANALYSIS:ANTISMASH_ANALYSIS:ANTISMASH (Pantoea_ananatis_PANS_2_8)	COMPLETED	0	2026-08-30 14:27:41.093	2026-08-30 14:27:41.188	2026-08-30 14:29:11.365	1m 28s	2	6 GB	3.3 GB	7.8 GB	123.3%	4.9%	22.9 GB	54.4 MB
1738	91/6956a4	BGC_ANALYSIS:ANTISMASH_ANALYSIS:ANTISMASH (Pantoea_ananatis_PANS_99_22)	COMPLETED	0	2026-08-30 14:28:39.970	2026-08-30 14:28:40.064	2026-08-30 14:29:12.247	30s	2	6 GB	542.8 MB	7.8 GB	111.2%	0.7%	1.1 GB	52.7 MB
1734	43/f7029a	BGC_ANALYSIS:ANTISMASH_ANALYSIS:ANTISMASH (Pantoea_ananatis_PANS_2_7)	COMPLETED	0	2026-08-30 14:27:45.638	2026-08-30 14:27:45.735	2026-08-30 14:29:13.730	1m 26s	2	6 GB	4.7 GB	7.8 GB	123.2%	5.8%	23.4 GB	54.4 MB
1739	d9/80cf4c	BGC_ANALYSIS:ANTISMASH_ANALYSIS:ANTISMASH (Pantoea_ananatis_PANS_99_23)	COMPLETED	0	2026-08-30 14:28:41.410	2026-08-30 14:28:41.505	2026-08-30 14:29:15.549	31.8s	2	6 GB	511.3 MB	7.8 GB	103.6%	0.7%	1.1 GB	52.4 MB
1741	9f/140df4	BGC_ANALYSIS:ANTISMASH_ANALYSIS:ANTISMASH (Pantoea_ananatis_PANS_99_26)	COMPLETED	0	2026-08-30 14:28:52.120	2026-08-30 14:28:52.215	2026-08-30 14:29:26.757	32.4s	2	6 GB	520.8 MB	7.8 GB	104.0%	0.7%	1.1 GB	52.6 MB
1740	ad/235448	BGC_ANALYSIS:ANTISMASH_ANALYSIS:ANTISMASH (Pantoea_ananatis_PANS_99_25)	COMPLETED	0	2026-08-30 14:28:46.811	2026-08-30 14:28:46.906	2026-08-30 14:29:45.016	55.9s	2	6 GB	4.7 GB	7.8 GB	116.4%	5.1%	10.2 GB	51.5 MB
1748	04/6436ba	BGC_ANALYSIS:ANTISMASH_ANALYSIS:ANTISMASH (Pantoea_ananatis_PANS_99_5)	COMPLETED	0	2026-08-30 14:29:15.554	2026-08-30 14:29:15.650	2026-08-30 14:29:47.879	29.9s	2	6 GB	542.8 MB	7.8 GB	114.0%	0.7%	1.2 GB	54.7 MB
1746	cf/438327	BGC_ANALYSIS:ANTISMASH_ANALYSIS:ANTISMASH (Pantoea_ananatis_PANS_99_36)	COMPLETED	0	2026-08-30 14:29:26.761	2026-08-30 14:29:26.857	2026-08-30 14:30:00.338	31.1s	2	6 GB	508.3 MB	7.8 GB	105.8%	0.7%	1.2 GB	54.3 MB
1742	0d/7811c6	BGC_ANALYSIS:ANTISMASH_ANALYSIS:ANTISMASH (Pantoea_ananatis_PANS_99_29)	COMPLETED	0	2026-08-30 14:29:08.056	2026-08-30 14:29:08.151	2026-08-30 14:30:06.702	56.6s	2	6 GB	3.1 GB	7.7 GB	112.4%	5.0%	10.3 GB	53.8 MB
1737	c9/e31847	BGC_ANALYSIS:ANTISMASH_ANALYSIS:ANTISMASH (Pantoea_ananatis_PANS_99_11)	COMPLETED	0	2026-08-30 14:28:41.009	2026-08-30 14:28:41.106	2026-08-30 14:30:07.800	1m 25s	2	6 GB	4.7 GB	8 GB	123.2%	5.3%	24.1 GB	61.2 MB
1744	c2/a5a589	BGC_ANALYSIS:ANTISMASH_ANALYSIS:ANTISMASH (Pantoea_ananatis_PANS_99_32)	COMPLETED	0	2026-08-30 14:29:13.733	2026-08-30 14:29:13.830	2026-08-30 14:30:10.589	54.7s	2	6 GB	4.7 GB	7.9 GB	118.0%	6.7%	10.6 GB	51.1 MB
1745	4f/c5ec1e	BGC_ANALYSIS:ANTISMASH_ANALYSIS:ANTISMASH (Pantoea_ananatis_PANS_99_33)	COMPLETED	0	2026-08-30 14:29:12.251	2026-08-30 14:29:12.346	2026-08-30 14:30:14.718	1m	2	6 GB	4.6 GB	7.8 GB	113.5%	3.2%	10.9 GB	56.3 MB
1749	75/9622de	BGC_ANALYSIS:ANTISMASH_ANALYSIS:ANTISMASH (Pantoea_ananatis_PANS_99_9)	COMPLETED	0	2026-08-30 14:30:06.705	2026-08-30 14:30:06.802	2026-08-30 14:30:43.205	34.4s	2	6 GB	524.4 MB	7.8 GB	106.6%	0.7%	1.4 GB	58.7 MB
1760	29/c7e569	BGC_ANALYSIS:ANTISMASH_ANALYSIS:ANTISMASH (Pantoea_ananatis_PNA_07_5)	COMPLETED	0	2026-08-30 14:29:47.883	2026-08-30 14:29:47.979	2026-08-30 14:30:44.698	54.9s	2	6 GB	4.7 GB	7.9 GB	118.7%	8.0%	10.2 GB	52.2 MB
1752	69/43fb4d	BGC_ANALYSIS:ANTISMASH_ANALYSIS:ANTISMASH (Pantoea_ananatis_PNA_03_2)	COMPLETED	0	2026-08-30 14:30:14.723	2026-08-30 14:30:14.819	2026-08-30 14:30:48.918	31.8s	2	6 GB	532.6 MB	7.8 GB	106.2%	0.7%	1.3 GB	56.4 MB
1758	e5/e08d4f	BGC_ANALYSIS:ANTISMASH_ANALYSIS:ANTISMASH (Pantoea_ananatis_PNA_07_14)	COMPLETED	0	2026-08-30 14:29:45.020	2026-08-30 14:29:45.116	2026-08-30 14:30:54.043	1m 7s	2	6 GB	4.7 GB	7.8 GB	119.2%	7.6%	18.2 GB	54.5 MB
1751	f7/b3f8ac	BGC_ANALYSIS:ANTISMASH_ANALYSIS:ANTISMASH (Pantoea_ananatis_PNA_03_1)	COMPLETED	0	2026-08-30 14:30:10.592	2026-08-30 14:30:10.689	2026-08-30 14:31:06.001	53.2s	2	6 GB	3.2 GB	7.8 GB	118.3%	3.1%	10.3 GB	53.4 MB
1750	84/4c69f4	BGC_ANALYSIS:ANTISMASH_ANALYSIS:ANTISMASH (Pantoea_ananatis_PNA_02_12)	COMPLETED	0	2026-08-30 14:30:07.804	2026-08-30 14:30:07.900	2026-08-30 14:31:06.345	56.5s	2	6 GB	4.6 GB	7.8 GB	114.7%	2.9%	10.2 GB	51.6 MB
1747	8a/5e17ec	BGC_ANALYSIS:ANTISMASH_ANALYSIS:ANTISMASH (Pantoea_ananatis_PANS_99_4)	COMPLETED	0	2026-08-30 14:30:00.341	2026-08-30 14:30:00.438	2026-08-30 14:31:11.492	1m 9s	2	6 GB	4.7 GB	8.1 GB	118.8%	3.6%	19.2 GB	55.6 MB
1767	65/721ea9	BGC_ANALYSIS:ANTISMASH_ANALYSIS:ANTISMASH (Pantoea_cypripedii_WS4375)	COMPLETED	0	2026-08-30 14:30:54.047	2026-08-30 14:30:54.144	2026-08-30 14:31:24.543	28.1s	2	6 GB	876.9 MB	7.9 GB	122.0%	1.5%	1.1 GB	77.8 MB
1754	0f/50b907	BGC_ANALYSIS:ANTISMASH_ANALYSIS:ANTISMASH (Pantoea_ananatis_PNA_06_4)	COMPLETED	0	2026-08-30 14:30:44.701	2026-08-30 14:30:44.798	2026-08-30 14:31:42.052	55.3s	2	6 GB	4.7 GB	7.9 GB	116.7%	5.7%	10.3 GB	53.2 MB
1743	05/539153	BGC_ANALYSIS:ANTISMASH_ANALYSIS:ANTISMASH (Pantoea_ananatis_PANS_99_31)	COMPLETED	0	2026-08-30 14:29:11.369	2026-08-30 14:29:11.465	2026-08-30 14:31:42.748	2m 29s	2	6 GB	4.7 GB	8 GB	114.9%	6.8%	27.7 GB	152 MB
1753	03/26e30d	BGC_ANALYSIS:ANTISMASH_ANALYSIS:ANTISMASH (Pantoea_ananatis_PNA_05_1)	COMPLETED	0	2026-08-30 14:30:43.208	2026-08-30 14:30:43.305	2026-08-30 14:31:45.008	59.9s	2	6 GB	4.6 GB	7.8 GB	111.1%	5.0%	10.8 GB	55.9 MB
1755	31/06efe4	BGC_ANALYSIS:ANTISMASH_ANALYSIS:ANTISMASH (Pantoea_ananatis_PNA_07_1)	COMPLETED	0	2026-08-30 14:30:48.922	2026-08-30 14:30:49.019	2026-08-30 14:31:48.402	57.4s	2	6 GB	4.6 GB	7.8 GB	114.1%	5.5%	10.3 GB	53.6 MB
1759	49/b044e0	BGC_ANALYSIS:ANTISMASH_ANALYSIS:ANTISMASH (Pantoea_ananatis_PNA_07_22)	COMPLETED	0	2026-08-30 14:31:11.496	2026-08-30 14:31:11.592	2026-08-30 14:31:53.611	39.6s	2	6 GB	505.1 MB	7.8 GB	101.9%	0.7%	1.6 GB	63.3 MB
1756	f5/e62e39	BGC_ANALYSIS:ANTISMASH_ANALYSIS:ANTISMASH (Pantoea_ananatis_PNA_07_10)	COMPLETED	0	2026-08-30 14:31:06.004	2026-08-30 14:31:06.101	2026-08-30 14:32:03.516	55.5s	2	6 GB	4.6 GB	7.9 GB	118.6%	6.1%	10.1 GB	49.2 MB
1757	b4/0851c9	BGC_ANALYSIS:ANTISMASH_ANALYSIS:ANTISMASH (Pantoea_ananatis_PNA_07_13)	COMPLETED	0	2026-08-30 14:31:06.348	2026-08-30 14:31:06.444	2026-08-30 14:32:10.113	1m 2s	2	6 GB	4.7 GB	7.9 GB	112.7%	5.1%	10.7 GB	52.1 MB
1764	71/b9b049	BGC_ANALYSIS:ANTISMASH_ANALYSIS:ANTISMASH (Pantoea_ananatis_UFMG54)	COMPLETED	0	2026-08-30 14:31:45.014	2026-08-30 14:31:45.109	2026-08-30 14:32:19.314	31.7s	2	6 GB	507.2 MB	7.8 GB	104.0%	0.7%	1.2 GB	53.8 MB
1763	a1/497fcf	BGC_ANALYSIS:ANTISMASH_ANALYSIS:ANTISMASH (Pantoea_ananatis_PNA_11_1)	COMPLETED	0	2026-08-30 14:31:48.412	2026-08-30 14:31:48.503	2026-08-30 14:32:22.512	31.1s	2	6 GB	505.3 MB	7.8 GB	101.0%	0.7%	1.1 GB	52.3 MB
1765	24/9ff239	BGC_ANALYSIS:ANTISMASH_ANALYSIS:ANTISMASH (Pantoea_ananatis_ku-pa)	COMPLETED	0	2026-08-30 14:31:42.753	2026-08-30 14:31:42.849	2026-08-30 14:32:23.248	37.9s	2	6 GB	720.9 MB	7.8 GB	96.8%	1.3%	1.6 GB	75.7 MB
1762	d5/db6342	BGC_ANALYSIS:ANTISMASH_ANALYSIS:ANTISMASH (Pantoea_ananatis_PNA_08_1)	COMPLETED	0	2026-08-30 14:31:24.546	2026-08-30 14:31:24.644	2026-08-30 14:32:24.921	58.3s	2	6 GB	4.6 GB	7.8 GB	113.3%	5.5%	10.2 GB	51.7 MB
1770	bf/1d1743	BGC_ANALYSIS:ANTISMASH_ANALYSIS:ANTISMASH (Pantoea_sp._1B4)	COMPLETED	0	2026-08-30 14:32:03.520	2026-08-30 14:32:03.616	2026-08-30 14:32:26.085	20.5s	2	6 GB	817.1 MB	7.8 GB	122.8%	1.4%	850.2 MB	60 MB
1766	0c/c8bd42	BGC_ANALYSIS:ANTISMASH_ANALYSIS:ANTISMASH (Pantoea_coffeiphila_1480)	COMPLETED	0	2026-08-30 14:31:53.637	2026-08-30 14:31:53.712	2026-08-30 14:32:31.611	35.7s	2	6 GB	835.6 MB	7.8 GB	97.1%	1.3%	1.4 GB	77.5 MB
1771	8f/77dcc3	BGC_ANALYSIS:ANTISMASH_ANALYSIS:ANTISMASH (Pantoea_sp._Brub_Brub)	COMPLETED	0	2026-08-30 14:32:22.517	2026-08-30 14:32:22.612	2026-08-30 14:32:37.898	13.3s	2	6 GB	205.1 MB	2.7 GB	101.6%	0.3%	702 MB	20.9 MB
1772	bf/741e04	BGC_ANALYSIS:ANTISMASH_ANALYSIS:ANTISMASH (Pantoea_sp._Edef_Edef)	COMPLETED	0	2026-08-30 14:32:24.926	2026-08-30 14:32:25.022	2026-08-30 14:32:38.091	11s	2	6 GB	209.4 MB	2.7 GB	102.9%	0.3%	556.9 MB	17.3 MB
1761	10/65b949	BGC_ANALYSIS:ANTISMASH_ANALYSIS:ANTISMASH (Pantoea_ananatis_PNA_07_7)	COMPLETED	0	2026-08-30 14:31:42.056	2026-08-30 14:31:42.153	2026-08-30 14:32:38.924	54.2s	2	6 GB	3.3 GB	7.8 GB	114.9%	5.2%	10.2 GB	51.1 MB
1774	4b/d647e6	BGC_ANALYSIS:ANTISMASH_ANALYSIS:ANTISMASH (Pantoea_sp._PNT01)	COMPLETED	0	2026-08-30 14:32:26.088	2026-08-30 14:32:26.185	2026-08-30 14:32:52.138	23.8s	2	6 GB	718.7 MB	7.8 GB	103.9%	1.2%	964.7 MB	58 MB
1769	26/e7ee04	BGC_ANALYSIS:ANTISMASH_ANALYSIS:ANTISMASH (Pantoea_eucrina_OB49)	COMPLETED	0	2026-08-30 14:32:19.319	2026-08-30 14:32:19.414	2026-08-30 14:32:52.446	31.1s	2	6 GB	642.5 MB	7.7 GB	94.2%	1.0%	1.4 GB	65 MB
1768	76/53d261	BGC_ANALYSIS:ANTISMASH_ANALYSIS:ANTISMASH (Pantoea_endophytica_HN-23)	COMPLETED	0	2026-08-30 14:32:10.119	2026-08-30 14:32:10.213	2026-08-30 14:32:55.617	43.4s	2	6 GB	497.9 MB	7.8 GB	101.7%	0.8%	1.8 GB	69.4 MB
1775	ce/4c3a87	BGC_ANALYSIS:ANTISMASH_ANALYSIS:ANTISMASH (Pantoea_sp._PNT02)	COMPLETED	0	2026-08-30 14:32:31.615	2026-08-30 14:32:31.711	2026-08-30 14:33:03.006	29.2s	2	6 GB	758.9 MB	7.8 GB	99.6%	1.3%	1.1 GB	67.4 MB
1776	92/3418af	BGC_ANALYSIS:ANTISMASH_ANALYSIS:ANTISMASH (Pantoea_sp._PNT03)	COMPLETED	0	2026-08-30 14:32:37.903	2026-08-30 14:32:37.998	2026-08-30 14:33:06.511	26.4s	2	6 GB	705.6 MB	7.8 GB	105.6%	1.2%	1 GB	62.7 MB
1780	ad/0ff6a4	BGC_ANALYSIS:ANTISMASH_ANALYSIS:ANTISMASH (Pantoea_sp._SM3640)	COMPLETED	0	2026-08-30 14:32:52.451	2026-08-30 14:32:52.546	2026-08-30 14:33:09.932	15.5s	2	6 GB	604.1 MB	7.3 GB	136.6%	1.0%	668 MB	29.1 MB
1779	d1/f243f2	BGC_ANALYSIS:ANTISMASH_ANALYSIS:ANTISMASH (Pantoea_sp._S62)	COMPLETED	0	2026-08-30 14:32:38.929	2026-08-30 14:32:39.024	2026-08-30 14:33:19.994	38.8s	2	6 GB	667 MB	7.7 GB	94.7%	1.0%	1.7 GB	76.7 MB
1777	4b/7608d2	BGC_ANALYSIS:ANTISMASH_ANALYSIS:ANTISMASH (Pantoea_sp._Pent_Pent)	COMPLETED	0	2026-08-30 14:32:38.096	2026-08-30 14:32:38.192	2026-08-30 14:33:24.201	43.9s	2	6 GB	672.7 MB	7.8 GB	95.8%	1.1%	2.1 GB	85.6 MB
1781	47/47f295	BGC_ANALYSIS:ANTISMASH_ANALYSIS:ANTISMASH (Pantoea_stewartii_subsp._indologenes_NCPPB_1562)	COMPLETED	0	2026-08-30 14:32:55.621	2026-08-30 14:32:55.717	2026-08-30 14:33:27.971	30.4s	2	6 GB	517.1 MB	7.8 GB	107.9%	0.7%	1.2 GB	54.3 MB
1782	50/808bac	BGC_ANALYSIS:ANTISMASH_ANALYSIS:ANTISMASH (Pantoea_stewartii_subsp._indologenes_NCPPB_1877)	COMPLETED	0	2026-08-30 14:33:03.011	2026-08-30 14:33:03.107	2026-08-30 14:33:37.187	31.9s	2	6 GB	491.3 MB	7.8 GB	103.0%	0.7%	1.3 GB	54.9 MB
1783	83/5ee2df	BGC_ANALYSIS:ANTISMASH_ANALYSIS:ANTISMASH (Pantoea_stewartii_subsp._indologenes_NCPPB_2275)	COMPLETED	0	2026-08-30 14:33:06.515	2026-08-30 14:33:06.611	2026-08-30 14:33:39.210	30.4s	2	6 GB	497.4 MB	7.8 GB	104.2%	0.7%	1.2 GB	52.9 MB
1785	fe/b4c179	BGC_ANALYSIS:ANTISMASH_ANALYSIS:ANTISMASH (Pantoea_stewartii_subsp._indologenes_NCPPB_2282)	COMPLETED	0	2026-08-30 14:33:09.936	2026-08-30 14:33:10.032	2026-08-30 14:33:42.563	30.5s	2	6 GB	518 MB	7.8 GB	106.5%	0.7%	1.2 GB	53.8 MB
1784	48/8cae53	BGC_ANALYSIS:ANTISMASH_ANALYSIS:ANTISMASH (Pantoea_stewartii_subsp._indologenes_NCPPB_2281)	COMPLETED	0	2026-08-30 14:33:19.997	2026-08-30 14:33:20.094	2026-08-30 14:33:50.854	28.8s	2	6 GB	519.3 MB	7.7 GB	109.8%	0.9%	1.2 GB	52.3 MB
1787	b8/27a1f3	BGC_ANALYSIS:ANTISMASH_ANALYSIS:ANTISMASH (Pantoea_stewartii_subsp._indologenes_PANS_07-12)	COMPLETED	0	2026-08-30 14:33:24.206	2026-08-30 14:33:24.301	2026-08-30 14:34:00.315	33.9s	2	6 GB	493.2 MB	7.8 GB	101.4%	0.7%	1.3 GB	57.5 MB
1790	c3/5353e8	BGC_ANALYSIS:ANTISMASH_ANALYSIS:ANTISMASH (Pantoea_stewartii_subsp._indologenes_PANS_07-6)	COMPLETED	0	2026-08-30 14:33:27.976	2026-08-30 14:33:28.071	2026-08-30 14:34:04.107	34s	2	6 GB	508.8 MB	7.8 GB	103.0%	0.7%	1.3 GB	57.5 MB
1789	3f/bc5dcf	BGC_ANALYSIS:ANTISMASH_ANALYSIS:ANTISMASH (Pantoea_stewartii_subsp._indologenes_PANS_07-4)	COMPLETED	0	2026-08-30 14:33:37.191	2026-08-30 14:33:37.288	2026-08-30 14:34:11.771	32.5s	2	6 GB	513.4 MB	7.8 GB	105.9%	0.7%	1.3 GB	56.6 MB
1788	2a/c836e5	BGC_ANALYSIS:ANTISMASH_ANALYSIS:ANTISMASH (Pantoea_stewartii_subsp._indologenes_PANS_07-14)	COMPLETED	0	2026-08-30 14:33:39.214	2026-08-30 14:33:39.310	2026-08-30 14:34:12.079	30.9s	2	6 GB	506 MB	7.8 GB	104.1%	0.7%	1.2 GB	53.6 MB
1778	6b/717488	BGC_ANALYSIS:ANTISMASH_ANALYSIS:ANTISMASH (Pantoea_sp._S61)	COMPLETED	0	2026-08-30 14:32:52.142	2026-08-30 14:32:52.238	2026-08-30 14:34:15.349	1m 21s	2	6 GB	4.7 GB	7.8 GB	110.0%	7.4%	16.7 GB	101.2 MB
1773	b5/8ad72c	BGC_ANALYSIS:ANTISMASH_ANALYSIS:ANTISMASH (Pantoea_sp._Morm_Morm)	COMPLETED	0	2026-08-30 14:32:23.253	2026-08-30 14:32:23.348	2026-08-30 14:34:16.107	1m 51s	2	6 GB	761 MB	7.8 GB	98.8%	1.3%	6.1 GB	193.9 MB
1791	84/cd5694	BGC_ANALYSIS:ANTISMASH_ANALYSIS:ANTISMASH (Pantoea_stewartii_subsp._indologenes_PANS_99-15)	COMPLETED	0	2026-08-30 14:33:42.568	2026-08-30 14:33:42.663	2026-08-30 14:34:17.060	32.4s	2	6 GB	531.3 MB	7.8 GB	104.2%	0.8%	1.3 GB	56.3 MB
1803	a4/ca58d4	BGC_ANALYSIS:ANTISMASH_ANALYSIS:ANTISMASH (Buchnera_aphidicola_Meitanaphis_flavogallis_R6)	COMPLETED	0	2026-08-30 14:34:15.354	2026-08-30 14:34:15.449	2026-08-30 14:34:22.971	5.5s	2	6 GB	207.5 MB	2.7 GB	103.0%	0.3%	237 MB	5.5 MB
1800	5a/53f8b9	BGC_ANALYSIS:ANTISMASH_ANALYSIS:ANTISMASH (Buchnera_aphidicola_Kaburagia_rhusicola_ensigallis_R7)	COMPLETED	0	2026-08-30 14:34:16.111	2026-08-30 14:34:16.207	2026-08-30 14:34:23.717	5.4s	2	6 GB	209.1 MB	2.7 GB	102.8%	0.3%	237.1 MB	5.5 MB
1802	f7/8d3ea3	BGC_ANALYSIS:ANTISMASH_ANALYSIS:ANTISMASH (Buchnera_aphidicola_Meitanaphis_elongallis_R8)	COMPLETED	0	2026-08-30 14:34:17.063	2026-08-30 14:34:17.160	2026-08-30 14:34:24.764	5.4s	2	6 GB	209.5 MB	2.7 GB	101.9%	0.3%	237.2 MB	5.5 MB
1809	f9/a3287b	BGC_ANALYSIS:ANTISMASH_ANALYSIS:ANTISMASH (Buchnera_aphidicola_Nurudea_yanoniella_R13)	COMPLETED	0	2026-08-30 14:34:22.976	2026-08-30 14:34:23.071	2026-08-30 14:34:31.037	5.9s	2	6 GB	208.4 MB	2.7 GB	102.7%	0.3%	237.7 MB	5.5 MB
1810	37/da4960	BGC_ANALYSIS:ANTISMASH_ANALYSIS:ANTISMASH (Buchnera_aphidicola_Nurudea_yanoniella_R14)	COMPLETED	0	2026-08-30 14:34:23.721	2026-08-30 14:34:23.817	2026-08-30 14:34:31.658	5.7s	2	6 GB	208.9 MB	2.7 GB	104.6%	0.3%	237 MB	5.4 MB
1801	17/fa9b6b	BGC_ANALYSIS:ANTISMASH_ANALYSIS:ANTISMASH (Buchnera_aphidicola_Kaburagia_rhusicola_rhusicola_R12)	COMPLETED	0	2026-08-30 14:34:24.769	2026-08-30 14:34:24.864	2026-08-30 14:34:32.690	5.7s	2	6 GB	209.2 MB	2.7 GB	102.0%	0.3%	237.3 MB	5.5 MB
1796	60/d8d721	BGC_ANALYSIS:ANTISMASH_ANALYSIS:ANTISMASH (Winslowiella_toletana_WS4403)	COMPLETED	0	2026-08-30 14:34:12.084	2026-08-30 14:34:12.179	2026-08-30 14:34:35.006	20.8s	2	6 GB	875.6 MB	7.9 GB	134.6%	1.4%	883.3 MB	61.7 MB
1798	05/662a26	BGC_ANALYSIS:ANTISMASH_ANALYSIS:ANTISMASH (Buchnera_aphidicola_Floraphis_choui_R4)	COMPLETED	0	2026-08-30 14:34:31.041	2026-08-30 14:34:31.137	2026-08-30 14:34:38.300	5.1s	2	6 GB	207.5 MB	2.7 GB	102.4%	0.3%	238.4 MB	5.5 MB
1797	5a/f49ff2	BGC_ANALYSIS:ANTISMASH_ANALYSIS:ANTISMASH (Buchnera_aphidicola_Chaetogeoica_yunlongensis_R17)	COMPLETED	0	2026-08-30 14:34:31.662	2026-08-30 14:34:31.758	2026-08-30 14:34:38.788	5.1s	2	6 GB	208.9 MB	2.7 GB	102.6%	0.3%	235 MB	5.3 MB
1807	a1/226144	BGC_ANALYSIS:ANTISMASH_ANALYSIS:ANTISMASH (Buchnera_aphidicola_Nurudea_ibofushi_R15)	COMPLETED	0	2026-08-30 14:34:32.694	2026-08-30 14:34:32.791	2026-08-30 14:34:39.630	5s	2	6 GB	228.8 MB	2.7 GB	105.1%	0.3%	237.4 MB	5.5 MB
1795	81/b21a7c	BGC_ANALYSIS:ANTISMASH_ANALYSIS:ANTISMASH (Pantoea_stewartii_subsp._indologenes_PNA_15-2)	COMPLETED	0	2026-08-30 14:34:11.776	2026-08-30 14:34:11.872	2026-08-30 14:34:41.036	27s	2	6 GB	528.5 MB	7.8 GB	108.5%	0.7%	1.1 GB	49.1 MB
1808	8e/4682b6	BGC_ANALYSIS:ANTISMASH_ANALYSIS:ANTISMASH (Buchnera_aphidicola_Nurudea_shiraii_R20)	COMPLETED	0	2026-08-30 14:34:38.304	2026-08-30 14:34:38.400	2026-08-30 14:34:45.591	5.3s	2	6 GB	208.4 MB	2.7 GB	101.4%	0.3%	236.6 MB	5.4 MB
1804	42/2025c6	BGC_ANALYSIS:ANTISMASH_ANALYSIS:ANTISMASH (Buchnera_aphidicola_Meitanaphis_microgallis_R24)	COMPLETED	0	2026-08-30 14:34:38.791	2026-08-30 14:34:38.888	2026-08-30 14:34:45.985	5.3s	2	6 GB	210.4 MB	2.7 GB	101.0%	0.3%	237.4 MB	5.5 MB
1812	ff/c84d36	BGC_ANALYSIS:ANTISMASH_ANALYSIS:ANTISMASH (Buchnera_aphidicola_Schlechtendalia_peitan_R2)	COMPLETED	0	2026-08-30 14:34:39.635	2026-08-30 14:34:39.730	2026-08-30 14:34:47.007	5.4s	2	6 GB	207.5 MB	2.7 GB	101.4%	0.3%	239 MB	5.6 MB
1805	e1/c0e0a9	BGC_ANALYSIS:ANTISMASH_ANALYSIS:ANTISMASH (Buchnera_aphidicola_Melaphis_rhois_R22)	COMPLETED	0	2026-08-30 14:34:41.039	2026-08-30 14:34:41.137	2026-08-30 14:34:48.724	5.5s	2	6 GB	208.4 MB	2.7 GB	102.9%	0.3%	238.7 MB	5.6 MB
1811	f2/c868f2	BGC_ANALYSIS:ANTISMASH_ANALYSIS:ANTISMASH (Buchnera_aphidicola_Schlechtendalia_chinensis_R1)	COMPLETED	0	2026-08-30 14:34:45.594	2026-08-30 14:34:45.691	2026-08-30 14:34:53.232	5.5s	2	6 GB	209 MB	2.7 GB	104.9%	0.3%	237.6 MB	5.5 MB
1792	c7/c7bf31	BGC_ANALYSIS:ANTISMASH_ANALYSIS:ANTISMASH (Pantoea_stewartii_subsp._indologenes_PNA_14-11)	COMPLETED	0	2026-08-30 14:33:50.859	2026-08-30 14:33:50.954	2026-08-30 14:34:53.491	1m 1s	2	6 GB	4.6 GB	7.8 GB	120.5%	6.0%	16.3 GB	50.1 MB
1799	a6/1cfce1	BGC_ANALYSIS:ANTISMASH_ANALYSIS:ANTISMASH (Buchnera_aphidicola_Floraphis_meitanensis_R23)	COMPLETED	0	2026-08-30 14:34:45.989	2026-08-30 14:34:46.085	2026-08-30 14:34:53.677	5.5s	2	6 GB	207.8 MB	2.7 GB	101.2%	0.3%	238.2 MB	5.5 MB
1806	f8/9351c3	BGC_ANALYSIS:ANTISMASH_ANALYSIS:ANTISMASH (Buchnera_aphidicola_Myzus_persicae_Gillespie)	COMPLETED	0	2026-08-30 14:34:47.012	2026-08-30 14:34:47.107	2026-08-30 14:34:55.476	6.2s	2	6 GB	212.6 MB	2.7 GB	104.7%	0.3%	273.1 MB	9.7 MB
1794	ca/3cb2ad	BGC_ANALYSIS:ANTISMASH_ANALYSIS:ANTISMASH (Pantoea_stewartii_subsp._indologenes_PNA_14-9)	COMPLETED	0	2026-08-30 14:34:00.318	2026-08-30 14:34:00.415	2026-08-30 14:35:03.476	1m 1s	2	6 GB	4.6 GB	7.8 GB	121.7%	5.3%	16.3 GB	50.1 MB
1793	c9/73bdbe	BGC_ANALYSIS:ANTISMASH_ANALYSIS:ANTISMASH (Pantoea_stewartii_subsp._indologenes_PNA_14-12)	COMPLETED	0	2026-08-30 14:34:04.111	2026-08-30 14:34:04.207	2026-08-30 14:35:05.426	59.2s	2	6 GB	4.7 GB	8 GB	122.2%	4.7%	16.2 GB	49.6 MB
1815	4b/8c2042	BGC_ANALYSIS:ANTISMASH_ANALYSIS:ANTISMASH (Erwinia_amylovora_CEB_3)	COMPLETED	0	2026-08-30 14:34:35.009	2026-08-30 14:34:35.106	2026-08-30 14:35:07.709	30.8s	2	6 GB	632.2 MB	7.7 GB	93.5%	1.0%	1.3 GB	61.6 MB
1821	a5/6a6955	BGC_ANALYSIS:ANTISMASH_ANALYSIS:ANTISMASH (Erwinia_amylovora_Ea_1_79)	COMPLETED	0	2026-08-30 14:34:53.681	2026-08-30 14:34:53.777	2026-08-30 14:35:13.193	17.5s	2	6 GB	700.5 MB	7.7 GB	127.8%	1.1%	674.3 MB	46.3 MB
1828	c7/14a899	BGC_ANALYSIS:ANTISMASH_ANALYSIS:ANTISMASH (Erwinia_pyrifoliae_YKB12327)	COMPLETED	0	2026-08-30 14:34:55.479	2026-08-30 14:34:55.576	2026-08-30 14:35:16.283	18.6s	2	6 GB	760.8 MB	7.8 GB	123.9%	1.4%	705.2 MB	49.4 MB
1814	24/054207	BGC_ANALYSIS:ANTISMASH_ANALYSIS:ANTISMASH (Erwinia_amylovora_CEB_2)	COMPLETED	0	2026-08-30 14:34:48.728	2026-08-30 14:34:48.824	2026-08-30 14:35:17.301	26.4s	2	6 GB	615.2 MB	7.7 GB	100.2%	1.0%	1 GB	55.1 MB
1819	21/39a36b	BGC_ANALYSIS:ANTISMASH_ANALYSIS:ANTISMASH (Erwinia_amylovora_E22)	COMPLETED	0	2026-08-30 14:35:03.479	2026-08-30 14:35:03.576	2026-08-30 14:35:20.668	15s	2	6 GB	616 MB	7.3 GB	132.3%	1.1%	632.1 MB	28.4 MB
1816	19/5e6210	BGC_ANALYSIS:ANTISMASH_ANALYSIS:ANTISMASH (Erwinia_amylovora_CEB_4)	COMPLETED	0	2026-08-30 14:34:53.494	2026-08-30 14:34:53.592	2026-08-30 14:35:23.908	28.4s	2	6 GB	659.6 MB	7.7 GB	101.6%	1.0%	1.1 GB	58.4 MB
1813	26/0ed247	BGC_ANALYSIS:ANTISMASH_ANALYSIS:ANTISMASH (Erwinia_aeris_ACCC_02193)	COMPLETED	0	2026-08-30 14:34:53.238	2026-08-30 14:34:53.332	2026-08-30 14:35:28.778	33.5s	2	6 GB	696.8 MB	7.8 GB	93.1%	1.2%	1.4 GB	73.7 MB
1820	5c/c8405d	BGC_ANALYSIS:ANTISMASH_ANALYSIS:ANTISMASH (Erwinia_amylovora_EaSmR)	COMPLETED	0	2026-08-30 14:35:16.287	2026-08-30 14:35:16.383	2026-08-30 14:35:37.615	19.1s	2	6 GB	593.2 MB	7.8 GB	126.6%	0.9%	653.8 MB	34.4 MB
1818	32/e07799	BGC_ANALYSIS:ANTISMASH_ANALYSIS:ANTISMASH (Erwinia_amylovora_CEB_6)	COMPLETED	0	2026-08-30 14:35:05.429	2026-08-30 14:35:05.525	2026-08-30 14:35:37.666	30.1s	2	6 GB	648.9 MB	7.7 GB	100.7%	1.0%	1.2 GB	61.3 MB
1831	a8/1240aa	BGC_ANALYSIS:ANTISMASH_ANALYSIS:ANTISMASH (Erwinia_tracheiphila_ICMP_5845)	COMPLETED	0	2026-08-30 14:35:20.671	2026-08-30 14:35:20.768	2026-08-30 14:35:42.020	19.3s	2	6 GB	895.2 MB	7.9 GB	121.5%	1.4%	759.8 MB	61.3 MB
1817	b0/9774e3	BGC_ANALYSIS:ANTISMASH_ANALYSIS:ANTISMASH (Erwinia_amylovora_CEB_5)	COMPLETED	0	2026-08-30 14:35:13.197	2026-08-30 14:35:13.294	2026-08-30 14:35:45.902	30.6s	2	6 GB	646.7 MB	7.7 GB	97.3%	1.0%	1.3 GB	61.7 MB
1827	c7/907980	BGC_ANALYSIS:ANTISMASH_ANALYSIS:ANTISMASH (Erwinia_plantamica_OPT-41)	COMPLETED	0	2026-08-30 14:35:17.305	2026-08-30 14:35:17.401	2026-08-30 14:35:55.015	35.5s	2	6 GB	702.4 MB	7.8 GB	93.1%	1.2%	1.5 GB	75.5 MB
1829	2e/354585	BGC_ANALYSIS:ANTISMASH_ANALYSIS:ANTISMASH (Erwinia_sp._AnSW2-5)	COMPLETED	0	2026-08-30 14:35:07.712	2026-08-30 14:35:07.810	2026-08-30 14:35:55.795	45.8s	2	6 GB	726.8 MB	7.8 GB	94.3%	1.3%	2.1 GB	91.4 MB
1824	de/1c25e4	BGC_ANALYSIS:ANTISMASH_ANALYSIS:ANTISMASH (Erwinia_amylovora_PBI209)	COMPLETED	0	2026-08-30 14:35:37.670	2026-08-30 14:35:37.766	2026-08-30 14:35:58.905	19.1s	2	6 GB	582.3 MB	7.8 GB	127.4%	0.9%	653.4 MB	34.4 MB
1826	4c/a7900d	BGC_ANALYSIS:ANTISMASH_ANALYSIS:ANTISMASH (Erwinia_papayae_JGD_233)	COMPLETED	0	2026-08-30 14:35:23.912	2026-08-30 14:35:24.008	2026-08-30 14:36:00.875	34.8s	2	6 GB	672.9 MB	7.7 GB	95.5%	1.2%	1.4 GB	74.7 MB
1823	25/48d739	BGC_ANALYSIS:ANTISMASH_ANALYSIS:ANTISMASH (Erwinia_amylovora_IA01)	COMPLETED	0	2026-08-30 14:35:42.024	2026-08-30 14:35:42.120	2026-08-30 14:36:01.320	17.3s	2	6 GB	692.8 MB	7.7 GB	131.7%	1.1%	672.1 MB	46.3 MB
1832	73/dd502a	BGC_ANALYSIS:ANTISMASH_ANALYSIS:ANTISMASH (Erwiniaceae_bacterium_CAU_1747)	COMPLETED	0	2026-08-30 14:35:45.906	2026-08-30 14:35:46.002	2026-08-30 14:36:15.677	27.6s	2	6 GB	721.5 MB	7.8 GB	99.5%	1.3%	1020.6 MB	59.5 MB
1822	86/f74612	BGC_ANALYSIS:ANTISMASH_ANALYSIS:ANTISMASH (Erwinia_amylovora_FC01)	COMPLETED	0	2026-08-30 14:35:58.909	2026-08-30 14:35:59.005	2026-08-30 14:36:20.585	19.6s	2	6 GB	703.8 MB	7.7 GB	127.3%	1.2%	774 MB	50.1 MB
1830	f9/214a7b	BGC_ANALYSIS:ANTISMASH_ANALYSIS:ANTISMASH (Erwinia_sp._STN24)	COMPLETED	0	2026-08-30 14:35:55.018	2026-08-30 14:35:55.116	2026-08-30 14:36:22.756	25.5s	2	6 GB	754.3 MB	7.8 GB	106.9%	1.3%	1 GB	62.8 MB
1836	55/15c927	BGC_ANALYSIS:ANTISMASH_ANALYSIS:ANTISMASH (Pantoea_agglomerans_A2a22Pa19)	COMPLETED	0	2026-08-30 14:36:01.323	2026-08-30 14:36:01.420	2026-08-30 14:36:28.721	25.1s	2	6 GB	830.4 MB	7.8 GB	120.7%	1.4%	930.3 MB	65.4 MB
1834	65/b4341c	BGC_ANALYSIS:ANTISMASH_ANALYSIS:ANTISMASH (Mixta_tenebrionis_CGMCC_1.17041)	COMPLETED	0	2026-08-30 14:35:55.799	2026-08-30 14:35:55.895	2026-08-30 14:36:28.890	30.9s	2	6 GB	662.1 MB	7.7 GB	98.0%	1.2%	1.3 GB	69.5 MB
1847	39/f99f74	BGC_ANALYSIS:ANTISMASH_ANALYSIS:ANTISMASH (Pantoea_agglomerans_NPDC087378)	COMPLETED	0	2026-08-30 14:36:20.588	2026-08-30 14:36:20.685	2026-08-30 14:36:47.835	25.2s	2	6 GB	738.6 MB	7.8 GB	107.8%	1.2%	1 GB	62.6 MB
1840	a4/49b400	BGC_ANALYSIS:ANTISMASH_ANALYSIS:ANTISMASH (Pantoea_agglomerans_J22c)	COMPLETED	0	2026-08-30 14:36:28.894	2026-08-30 14:36:28.990	2026-08-30 14:36:52.987	21.8s	2	6 GB	784.5 MB	7.8 GB	129.0%	1.3%	901 MB	62.3 MB
1835	d8/e4c70e	BGC_ANALYSIS:ANTISMASH_ANALYSIS:ANTISMASH (Pantoea_agglomerans_234_Win.9)	COMPLETED	0	2026-08-30 14:36:15.681	2026-08-30 14:36:15.777	2026-08-30 14:36:56.740	38.9s	2	6 GB	733.2 MB	7.8 GB	95.2%	1.3%	1.8 GB	82.4 MB
1841	ee/557c5d	BGC_ANALYSIS:ANTISMASH_ANALYSIS:ANTISMASH (Pantoea_agglomerans_J35)	COMPLETED	0	2026-08-30 14:36:47.839	2026-08-30 14:36:47.935	2026-08-30 14:37:14.827	24.9s	2	6 GB	748.4 MB	7.8 GB	110.2%	1.3%	1 GB	64.2 MB
1843	25/a31d38	BGC_ANALYSIS:ANTISMASH_ANALYSIS:ANTISMASH (Pantoea_agglomerans_LMK1-1-1.1)	COMPLETED	0	2026-08-30 14:36:52.992	2026-08-30 14:36:53.087	2026-08-30 14:37:20.071	24.9s	2	6 GB	698.5 MB	7.8 GB	102.9%	1.3%	1019.1 MB	57.6 MB
1842	c6/c7a9dc	BGC_ANALYSIS:ANTISMASH_ANALYSIS:ANTISMASH (Pantoea_agglomerans_LMC1-1-1.1)	COMPLETED	0	2026-08-30 14:36:56.745	2026-08-30 14:36:56.840	2026-08-30 14:37:23.799	24.9s	2	6 GB	692.1 MB	7.7 GB	101.6%	1.2%	1019 MB	57.5 MB
1825	df/69ffc6	BGC_ANALYSIS:ANTISMASH_ANALYSIS:ANTISMASH (Erwinia_mallotivora_ICMP_5705)	COMPLETED	0	2026-08-30 14:35:28.781	2026-08-30 14:35:28.879	2026-08-30 14:37:27.823	1m 57s	2	6 GB	735.5 MB	7.8 GB	102.1%	1.3%	6.8 GB	202.9 MB
1854	30/6d18b7	BGC_ANALYSIS:ANTISMASH_ANALYSIS:ANTISMASH (Pantoea_agglomerans_PvP021)	COMPLETED	0	2026-08-30 14:37:14.832	2026-08-30 14:37:14.927	2026-08-30 14:37:44.753	27.9s	2	6 GB	756.2 MB	7.8 GB	104.6%	1.3%	1.2 GB	67.1 MB
1844	59/c1a61f	BGC_ANALYSIS:ANTISMASH_ANALYSIS:ANTISMASH (Pantoea_agglomerans_NPDC087375)	COMPLETED	0	2026-08-30 14:37:20.075	2026-08-30 14:37:20.172	2026-08-30 14:37:48.449	26.2s	2	6 GB	708.6 MB	7.8 GB	100.7%	1.2%	1 GB	62.7 MB
1845	5e/a58ecd	BGC_ANALYSIS:ANTISMASH_ANALYSIS:ANTISMASH (Pantoea_agglomerans_NPDC087376)	COMPLETED	0	2026-08-30 14:37:23.802	2026-08-30 14:37:23.899	2026-08-30 14:37:49.643	23.7s	2	6 GB	709.1 MB	7.8 GB	103.0%	1.2%	955.4 MB	57.2 MB
1846	94/ccdf34	BGC_ANALYSIS:ANTISMASH_ANALYSIS:ANTISMASH (Pantoea_agglomerans_NPDC087377)	COMPLETED	0	2026-08-30 14:37:27.827	2026-08-30 14:37:27.923	2026-08-30 14:37:56.691	26.7s	2	6 GB	708.2 MB	7.8 GB	100.5%	1.2%	1.1 GB	64.4 MB
1849	06/fb94ca	BGC_ANALYSIS:ANTISMASH_ANALYSIS:ANTISMASH (Pantoea_agglomerans_Pa1-28_3)	COMPLETED	0	2026-08-30 14:37:44.756	2026-08-30 14:37:44.854	2026-08-30 14:38:10.419	23.6s	2	6 GB	808.4 MB	7.8 GB	126.2%	1.4%	1 GB	66.1 MB
1850	13/7185a6	BGC_ANALYSIS:ANTISMASH_ANALYSIS:ANTISMASH (Pantoea_agglomerans_Pa17-2)	COMPLETED	0	2026-08-30 14:37:49.646	2026-08-30 14:37:49.743	2026-08-30 14:38:13.164	21.5s	2	6 GB	796.2 MB	7.8 GB	132.4%	1.4%	922 MB	61.4 MB
1851	e3/26b4e1	BGC_ANALYSIS:ANTISMASH_ANALYSIS:ANTISMASH (Pantoea_agglomerans_Pa17-3)	COMPLETED	0	2026-08-30 14:37:56.695	2026-08-30 14:37:56.792	2026-08-30 14:38:19.562	20.6s	2	6 GB	780 MB	7.8 GB	132.9%	1.3%	840.2 MB	59.2 MB
1855	e9/3f1de3	BGC_ANALYSIS:ANTISMASH_ANALYSIS:ANTISMASH (Pantoea_ananatis_KPR_PA)	COMPLETED	0	2026-08-30 14:38:10.422	2026-08-30 14:38:10.519	2026-08-30 14:38:38.783	26.2s	2	6 GB	682.3 MB	7.8 GB	101.5%	1.1%	1.1 GB	61.4 MB
1863	0d/44a6af	BGC_ANALYSIS:ANTISMASH_ANALYSIS:ANTISMASH (Pantoea_dispersa_KPR_PC)	COMPLETED	0	2026-08-30 14:38:13.170	2026-08-30 14:38:13.264	2026-08-30 14:38:41.039	25.7s	2	6 GB	720.1 MB	7.8 GB	103.0%	1.3%	1 GB	61.2 MB
1852	8f/d9b00c	BGC_ANALYSIS:ANTISMASH_ANALYSIS:ANTISMASH (Pantoea_agglomerans_PaEhEh_2)	COMPLETED	0	2026-08-30 14:38:19.566	2026-08-30 14:38:19.662	2026-08-30 14:38:43.719	21.9s	2	6 GB	808 MB	7.8 GB	127.3%	1.3%	954.5 MB	62.9 MB
1858	4a/93a922	BGC_ANALYSIS:ANTISMASH_ANALYSIS:ANTISMASH (Pantoea_ananatis_SGAir0444)	COMPLETED	0	2026-08-30 14:38:41.043	2026-08-30 14:38:41.140	2026-08-30 14:39:02.948	19.8s	2	6 GB	836.4 MB	7.9 GB	137.8%	1.4%	825.2 MB	57.5 MB
1856	03/f64fd8	BGC_ANALYSIS:ANTISMASH_ANALYSIS:ANTISMASH (Pantoea_ananatis_LPL-1)	COMPLETED	0	2026-08-30 14:38:38.787	2026-08-30 14:38:38.883	2026-08-30 14:39:03.198	22.3s	2	6 GB	651.4 MB	7.9 GB	133.3%	1.1%	802.1 MB	44.1 MB
1833	ec/a09cf3	BGC_ANALYSIS:ANTISMASH_ANALYSIS:ANTISMASH (Mixta_sp._E5_1)	COMPLETED	0	2026-08-30 14:36:00.878	2026-08-30 14:36:00.975	2026-08-30 14:39:04.095	3m 1s	2	6 GB	655.1 MB	7.7 GB	102.9%	1.0%	11.2 GB	301.1 MB
1848	61/efab42	BGC_ANALYSIS:ANTISMASH_ANALYSIS:ANTISMASH (Pantoea_agglomerans_PAP2)	COMPLETED	0	2026-08-30 14:37:48.452	2026-08-30 14:37:48.549	2026-08-30 14:39:11.909	1m 21s	2	6 GB	703.4 MB	7.8 GB	99.9%	1.2%	4.4 GB	146.3 MB
1859	99/a316a6	BGC_ANALYSIS:ANTISMASH_ANALYSIS:ANTISMASH (Pantoea_ananatis_WHRI_5854)	COMPLETED	0	2026-08-30 14:39:03.201	2026-08-30 14:39:03.298	2026-08-30 14:39:24.417	19.1s	2	6 GB	786.1 MB	7.8 GB	132.6%	1.4%	827 MB	58.2 MB
1861	a4/88c8f7	BGC_ANALYSIS:ANTISMASH_ANALYSIS:ANTISMASH (Pantoea_deleyi_P201)	COMPLETED	0	2026-08-30 14:39:04.099	2026-08-30 14:39:04.195	2026-08-30 14:39:32.654	26.5s	2	6 GB	707.3 MB	7.8 GB	103.1%	1.2%	1.1 GB	65.8 MB
1857	77/ba8e53	BGC_ANALYSIS:ANTISMASH_ANALYSIS:ANTISMASH (Pantoea_ananatis_LPP-1)	COMPLETED	0	2026-08-30 14:38:43.722	2026-08-30 14:38:43.819	2026-08-30 14:39:36.752	51s	2	6 GB	4.7 GB	7.9 GB	125.9%	4.6%	9.9 GB	45 MB
1860	cf/6b65e0	BGC_ANALYSIS:ANTISMASH_ANALYSIS:ANTISMASH (Pantoea_anthophila_dmpa233)	COMPLETED	0	2026-08-30 14:39:02.951	2026-08-30 14:39:03.048	2026-08-30 14:39:37.075	32s	2	6 GB	745.7 MB	7.8 GB	101.0%	1.2%	1.4 GB	70.4 MB
1864	4d/b9eb89	BGC_ANALYSIS:ANTISMASH_ANALYSIS:ANTISMASH (Pantoea_dispersa_S8797)	COMPLETED	0	2026-08-30 14:39:11.912	2026-08-30 14:39:12.008	2026-08-30 14:39:45.390	31.3s	2	6 GB	695.8 MB	7.8 GB	97.0%	1.2%	1.3 GB	71.7 MB
1862	6b/659790	BGC_ANALYSIS:ANTISMASH_ANALYSIS:ANTISMASH (Pantoea_dispersa_F-22)	COMPLETED	0	2026-08-30 14:39:24.420	2026-08-30 14:39:24.516	2026-08-30 14:39:53.462	26.9s	2	6 GB	736.4 MB	7.8 GB	102.3%	1.2%	1.1 GB	65.4 MB
1867	40/3723ec	BGC_ANALYSIS:ANTISMASH_ANALYSIS:ANTISMASH (Pantoea_osteomyelitidis_AA23256)	COMPLETED	0	2026-08-30 14:39:32.658	2026-08-30 14:39:32.754	2026-08-30 14:39:59.107	24.3s	2	6 GB	743.9 MB	7.8 GB	107.6%	1.3%	1 GB	59.8 MB
1865	59/2c9c07	BGC_ANALYSIS:ANTISMASH_ANALYSIS:ANTISMASH (Pantoea_dispersa_XJ2)	COMPLETED	0	2026-08-30 14:39:37.079	2026-08-30 14:39:37.175	2026-08-30 14:40:00.451	21.3s	2	6 GB	831.9 MB	7.8 GB	129.7%	1.4%	861.3 MB	61 MB
1866	75/8911aa	BGC_ANALYSIS:ANTISMASH_ANALYSIS:ANTISMASH (Pantoea_leporis_RIT844)	COMPLETED	0	2026-08-30 14:39:36.756	2026-08-30 14:39:36.852	2026-08-30 14:40:07.020	28.2s	2	6 GB	694.6 MB	7.8 GB	103.8%	1.2%	1.1 GB	66.7 MB
1876	4d/495683	BGC_ANALYSIS:ANTISMASH_ANALYSIS:ANTISMASH (Pantoea_sp._NPDC088449)	COMPLETED	0	2026-08-30 14:39:45.394	2026-08-30 14:39:45.490	2026-08-30 14:40:14.218	26.6s	2	6 GB	801.7 MB	7.8 GB	109.5%	1.4%	1 GB	69 MB
1869	73/a93ca5	BGC_ANALYSIS:ANTISMASH_ANALYSIS:ANTISMASH (Pantoea_sp._BJ2)	COMPLETED	0	2026-08-30 14:40:00.454	2026-08-30 14:40:00.551	2026-08-30 14:40:24.165	21.5s	2	6 GB	811.3 MB	7.9 GB	131.1%	1.3%	950.6 MB	67.4 MB
1868	65/9d0d25	BGC_ANALYSIS:ANTISMASH_ANALYSIS:ANTISMASH (Pantoea_sp._ANP04)	COMPLETED	0	2026-08-30 14:39:53.466	2026-08-30 14:39:53.563	2026-08-30 14:40:27.866	32.2s	2	6 GB	711.3 MB	7.8 GB	95.5%	1.2%	1.4 GB	71.9 MB
1870	f7/35f9f4	BGC_ANALYSIS:ANTISMASH_ANALYSIS:ANTISMASH (Pantoea_sp._BR_17)	COMPLETED	0	2026-08-30 14:39:59.109	2026-08-30 14:39:59.207	2026-08-30 14:40:31.143	29.8s	2	6 GB	705.4 MB	7.8 GB	94.9%	1.3%	1.2 GB	68.2 MB
1872	11/a30624	BGC_ANALYSIS:ANTISMASH_ANALYSIS:ANTISMASH (Pantoea_sp._CS_6)	COMPLETED	0	2026-08-30 14:40:07.025	2026-08-30 14:40:07.120	2026-08-30 14:40:38.008	28.9s	2	6 GB	666.3 MB	7.7 GB	98.0%	1.1%	1.2 GB	66.4 MB
1873	0d/7ad79a	BGC_ANALYSIS:ANTISMASH_ANALYSIS:ANTISMASH (Pantoea_sp._Ep11b)	COMPLETED	0	2026-08-30 14:40:27.869	2026-08-30 14:40:27.966	2026-08-30 14:40:47.189	17.3s	2	6 GB	756.3 MB	7.8 GB	130.6%	1.3%	713.1 MB	49.2 MB
1874	43/428064	BGC_ANALYSIS:ANTISMASH_ANALYSIS:ANTISMASH (Pantoea_sp._GCM10028869_LNNU_3071)	COMPLETED	0	2026-08-30 14:40:24.169	2026-08-30 14:40:24.265	2026-08-30 14:40:57.477	31.2s	2	6 GB	766.7 MB	7.8 GB	97.6%	1.3%	1.2 GB	71.1 MB
1875	75/88f74d	BGC_ANALYSIS:ANTISMASH_ANALYSIS:ANTISMASH (Pantoea_sp._KPR_PJ)	COMPLETED	0	2026-08-30 14:40:31.147	2026-08-30 14:40:31.244	2026-08-30 14:40:59.958	26.6s	2	6 GB	710 MB	7.8 GB	96.6%	1.2%	1.1 GB	58.9 MB
1888	b1/72b1d5	BGC_ANALYSIS:ANTISMASH_ANALYSIS:ANTISMASH (Pantoea_stewartii_ICMP_257_2)	COMPLETED	0	2026-08-30 14:40:38.012	2026-08-30 14:40:38.108	2026-08-30 14:41:02.651	22.5s	2	6 GB	851.8 MB	7.9 GB	128.0%	1.4%	1023.6 MB	68.4 MB
1877	28/a530a8	BGC_ANALYSIS:ANTISMASH_ANALYSIS:ANTISMASH (Pantoea_sp._SGAir0175)	COMPLETED	0	2026-08-30 14:40:47.194	2026-08-30 14:40:47.289	2026-08-30 14:41:08.910	19.5s	2	6 GB	781.1 MB	7.8 GB	131.7%	1.4%	817.8 MB	56.3 MB
1871	b5/a64234	BGC_ANALYSIS:ANTISMASH_ANALYSIS:ANTISMASH (Pantoea_sp._BS_8)	COMPLETED	0	2026-08-30 14:40:14.222	2026-08-30 14:40:14.318	2026-08-30 14:41:15.608	59.1s	2	6 GB	4.8 GB	7.9 GB	112.4%	8.2%	11.9 GB	71.3 MB
1878	cb/835815	BGC_ANALYSIS:ANTISMASH_ANALYSIS:ANTISMASH (Pantoea_sp._SGAir0180)	COMPLETED	0	2026-08-30 14:40:59.977	2026-08-30 14:41:00.058	2026-08-30 14:41:23.036	20.9s	2	6 GB	808.5 MB	7.8 GB	131.0%	1.3%	810.8 MB	55.8 MB
1881	d8/572518	BGC_ANALYSIS:ANTISMASH_ANALYSIS:ANTISMASH (Pantoea_sp._SGAir0215)	COMPLETED	0	2026-08-30 14:41:02.655	2026-08-30 14:41:02.751	2026-08-30 14:41:24.566	19.5s	2	6 GB	803.6 MB	7.8 GB	130.2%	1.3%	793.8 MB	55.1 MB
1879	cc/bd3405	BGC_ANALYSIS:ANTISMASH_ANALYSIS:ANTISMASH (Pantoea_sp._SGAir0183)	COMPLETED	0	2026-08-30 14:40:57.480	2026-08-30 14:40:57.577	2026-08-30 14:41:24.645	24.9s	2	6 GB	849.9 MB	7.9 GB	123.1%	1.3%	1.1 GB	65.4 MB
1837	73/332186	BGC_ANALYSIS:ANTISMASH_ANALYSIS:ANTISMASH (Pantoea_agglomerans_E1_1)	COMPLETED	0	2026-08-30 14:35:37.619	2026-08-30 14:35:37.666	2026-08-30 14:41:26.486	5m 47s	2	6 GB	813.8 MB	7.9 GB	103.2%	1.3%	21.7 GB	572.1 MB
1880	be/f2510d	BGC_ANALYSIS:ANTISMASH_ANALYSIS:ANTISMASH (Pantoea_sp._SGAir0184)	COMPLETED	0	2026-08-30 14:41:08.913	2026-08-30 14:41:09.010	2026-08-30 14:41:32.311	21.3s	2	6 GB	817.2 MB	7.8 GB	128.0%	1.3%	858 MB	58.7 MB
1883	f5/2d4930	BGC_ANALYSIS:ANTISMASH_ANALYSIS:ANTISMASH (Pantoea_sp._SGAir0430)	COMPLETED	0	2026-08-30 14:41:15.612	2026-08-30 14:41:15.708	2026-08-30 14:41:38.175	20.3s	2	6 GB	762.5 MB	7.8 GB	130.3%	1.3%	807.9 MB	55.4 MB
1882	4e/892b81	BGC_ANALYSIS:ANTISMASH_ANALYSIS:ANTISMASH (Pantoea_sp._SGAir0418)	COMPLETED	0	2026-08-30 14:41:23.039	2026-08-30 14:41:23.136	2026-08-30 14:41:46.259	21.1s	2	6 GB	756.7 MB	7.8 GB	127.1%	1.3%	850.2 MB	57.9 MB
1885	11/9a4f95	BGC_ANALYSIS:ANTISMASH_ANALYSIS:ANTISMASH (Pantoea_sp._WEP)	COMPLETED	0	2026-08-30 14:41:24.569	2026-08-30 14:41:24.645	2026-08-30 14:41:48.760	22.1s	2	6 GB	623.7 MB	7.8 GB	127.1%	1.1%	790.9 MB	42.8 MB
1887	ac/887708	BGC_ANALYSIS:ANTISMASH_ANALYSIS:ANTISMASH (Pantoea_stewartii_ICMP_257)	COMPLETED	0	2026-08-30 14:41:26.489	2026-08-30 14:41:26.587	2026-08-30 14:41:52.979	24.4s	2	6 GB	911.6 MB	7.9 GB	117.5%	1.4%	1 GB	73.3 MB
1886	75/744c60	BGC_ANALYSIS:ANTISMASH_ANALYSIS:ANTISMASH (Pantoea_sp._sgz302252)	COMPLETED	0	2026-08-30 14:41:24.649	2026-08-30 14:41:24.745	2026-08-30 14:42:05.234	38.4s	2	6 GB	498.5 MB	7.7 GB	102.1%	0.8%	1.5 GB	63.7 MB
1889	d9/16ef21	BGC_ANALYSIS:ANTISMASH_ANALYSIS:ANTISMASH (Pantoea_stewartii_PSCN1)	COMPLETED	0	2026-08-30 14:41:46.263	2026-08-30 14:41:46.359	2026-08-30 14:42:10.053	21.7s	2	6 GB	810.2 MB	7.8 GB	130.4%	1.3%	847.8 MB	59 MB
1891	f3/7313b0	BGC_ANALYSIS:ANTISMASH_ANALYSIS:ANTISMASH (Pantoea_stewartii_subsp._stewartii_ATCC_8199)	COMPLETED	0	2026-08-30 14:41:48.764	2026-08-30 14:41:48.860	2026-08-30 14:42:10.359	19.6s	2	6 GB	855 MB	7.9 GB	131.4%	1.4%	865.2 MB	58.4 MB
1884	f8/eb4a70	BGC_ANALYSIS:ANTISMASH_ANALYSIS:ANTISMASH (Pantoea_sp._UYEF8)	COMPLETED	0	2026-08-30 14:41:32.315	2026-08-30 14:41:32.412	2026-08-30 14:42:11.044	36.5s	2	6 GB	732.9 MB	7.8 GB	95.3%	1.2%	1.5 GB	75.4 MB
1839	71/e9fa45	BGC_ANALYSIS:ANTISMASH_ANALYSIS:ANTISMASH (Pantoea_agglomerans_E4_1)	COMPLETED	0	2026-08-30 14:36:22.759	2026-08-30 14:36:22.856	2026-08-30 14:42:14.411	5m 49s	2	6 GB	801.7 MB	7.9 GB	103.0%	1.3%	21.8 GB	573.9 MB
1894	8d/6fadc5	BGC_ANALYSIS:ANTISMASH_ANALYSIS:ANTISMASH (Pantoea_vagans_NPDC058904)	COMPLETED	0	2026-08-30 14:41:52.983	2026-08-30 14:41:53.079	2026-08-30 14:42:30.639	35.5s	2	6 GB	798.4 MB	7.8 GB	95.2%	1.3%	1.5 GB	77.8 MB
1890	9b/8a7114	BGC_ANALYSIS:ANTISMASH_ANALYSIS:ANTISMASH (Pantoea_stewartii_subsp._indologenes_SJM_1_1)	COMPLETED	0	2026-08-30 14:41:38.179	2026-08-30 14:41:38.275	2026-08-30 14:42:31.388	50.9s	2	6 GB	4.6 GB	7.9 GB	126.5%	5.4%	10.9 GB	47.7 MB
1893	b1/a07d12	BGC_ANALYSIS:ANTISMASH_ANALYSIS:ANTISMASH (Pantoea_vagans_GM2)	COMPLETED	0	2026-08-30 14:42:10.056	2026-08-30 14:42:10.153	2026-08-30 14:42:33.319	21.3s	2	6 GB	815.2 MB	7.8 GB	130.8%	1.3%	893.9 MB	61.6 MB
1896	57/f33c86	BGC_ANALYSIS:ANTISMASH_ANALYSIS:ANTISMASH (Tatumella_terrea_CCUG_30161)	COMPLETED	0	2026-08-30 14:42:10.362	2026-08-30 14:42:10.459	2026-08-30 14:42:39.666	27.3s	2	6 GB	601.8 MB	7.7 GB	97.0%	1.0%	1.2 GB	58.7 MB
1897	00/ead54d	BGC_ANALYSIS:ANTISMASH_ANALYSIS:ANTISMASH (Buchnera_sp._in:_enterobacteria_SBL_JL2023_coco_bin.24.orig)	COMPLETED	0	2026-08-30 14:42:33.323	2026-08-30 14:42:33.419	2026-08-30 14:42:42.882	7.4s	2	6 GB	206.3 MB	2.7 GB	106.5%	0.3%	353 MB	11.5 MB
1899	47/4adf5d	BGC_ANALYSIS:ANTISMASH_ANALYSIS:ANTISMASH (Erwinia_amylovora_GS05)	COMPLETED	0	2026-08-30 14:42:14.414	2026-08-30 14:42:14.511	2026-08-30 14:42:53.639	37.1s	2	6 GB	482.5 MB	7.7 GB	105.3%	0.7%	1.5 GB	56.3 MB
1895	2a/76cf5c	BGC_ANALYSIS:ANTISMASH_ANALYSIS:ANTISMASH (Tatumella_punctata_CCUG_30159)	COMPLETED	0	2026-08-30 14:42:11.047	2026-08-30 14:42:11.144	2026-08-30 14:42:57.184	44.1s	2	6 GB	669.8 MB	7.7 GB	97.4%	1.1%	2.2 GB	82.1 MB
1892	76/0fd692	BGC_ANALYSIS:ANTISMASH_ANALYSIS:ANTISMASH (Pantoea_vagans_GM1)	COMPLETED	0	2026-08-30 14:42:05.237	2026-08-30 14:42:05.334	2026-08-30 14:43:02.245	54.9s	2	6 GB	3.3 GB	7.8 GB	133.7%	4.7%	17 GB	61.9 MB
1904	7f/4ae3f5	BGC_ANALYSIS:ANTISMASH_ANALYSIS:ANTISMASH (Erwinia_amylovora_KG03)	COMPLETED	0	2026-08-30 14:42:30.644	2026-08-30 14:42:30.739	2026-08-30 14:43:07.964	35.2s	2	6 GB	479.2 MB	7.7 GB	104.8%	0.7%	1.4 GB	53.8 MB
1906	de/cdb147	BGC_ANALYSIS:ANTISMASH_ANALYSIS:ANTISMASH (Erwinia_amylovora_XJ12)	COMPLETED	0	2026-08-30 14:42:39.670	2026-08-30 14:42:39.767	2026-08-30 14:43:17.543	35.8s	2	6 GB	492.9 MB	7.8 GB	105.8%	0.7%	1.5 GB	55.3 MB
1901	57/125ab0	BGC_ANALYSIS:ANTISMASH_ANALYSIS:ANTISMASH (Erwinia_amylovora_HZ02)	COMPLETED	0	2026-08-30 14:42:31.392	2026-08-30 14:42:31.488	2026-08-30 14:43:18.757	45.2s	2	6 GB	466.4 MB	7.7 GB	103.6%	0.7%	2.1 GB	68.9 MB
1910	20/380800	BGC_ANALYSIS:ANTISMASH_ANALYSIS:ANTISMASH (Erwinia_amylovora_XJ23)	COMPLETED	0	2026-08-30 14:42:42.887	2026-08-30 14:42:42.983	2026-08-30 14:43:22.047	37s	2	6 GB	487.5 MB	7.7 GB	106.3%	0.7%	1.6 GB	57.1 MB
1909	3b/3b8c24	BGC_ANALYSIS:ANTISMASH_ANALYSIS:ANTISMASH (Erwinia_amylovora_XJ19)	COMPLETED	0	2026-08-30 14:42:53.644	2026-08-30 14:42:53.739	2026-08-30 14:43:29.844	34.1s	2	6 GB	492.3 MB	7.8 GB	105.3%	0.7%	1.4 GB	52.8 MB
1898	6c/ff9cd3	BGC_ANALYSIS:ANTISMASH_ANALYSIS:ANTISMASH (Erwinia_amylovora_GS01)	COMPLETED	0	2026-08-30 14:42:57.188	2026-08-30 14:42:57.284	2026-08-30 14:43:32.269	33s	2	6 GB	497.2 MB	7.8 GB	105.3%	0.7%	1.3 GB	50.6 MB
1916	87/03e55a	BGC_ANALYSIS:ANTISMASH_ANALYSIS:ANTISMASH (Erwinia_amylovora_XJ79)	COMPLETED	0	2026-08-30 14:43:02.248	2026-08-30 14:43:02.346	2026-08-30 14:43:37.468	33.1s	2	6 GB	496.6 MB	7.8 GB	103.8%	0.7%	1.3 GB	50.8 MB
1902	c1/4110ea	BGC_ANALYSIS:ANTISMASH_ANALYSIS:ANTISMASH (Erwinia_amylovora_KG01)	COMPLETED	0	2026-08-30 14:43:07.968	2026-08-30 14:43:08.063	2026-08-30 14:43:46.638	36.6s	2	6 GB	496.6 MB	7.8 GB	105.0%	0.7%	1.5 GB	55.8 MB
1905	0f/efc9e7	BGC_ANALYSIS:ANTISMASH_ANALYSIS:ANTISMASH (Erwinia_amylovora_XJ10)	COMPLETED	0	2026-08-30 14:43:17.546	2026-08-30 14:43:17.643	2026-08-30 14:43:57.239	37.7s	2	6 GB	491.5 MB	7.8 GB	105.1%	0.8%	1.6 GB	58.3 MB
1838	7b/37c690	BGC_ANALYSIS:ANTISMASH_ANALYSIS:ANTISMASH (Pantoea_agglomerans_E3_1)	COMPLETED	0	2026-08-30 14:36:28.724	2026-08-30 14:36:28.821	2026-08-30 14:43:59.947	7m 29s	2	6 GB	853.4 MB	7.9 GB	102.9%	1.4%	28.2 GB	729.2 MB
1908	7f/647e48	BGC_ANALYSIS:ANTISMASH_ANALYSIS:ANTISMASH (Erwinia_amylovora_XJ15)	COMPLETED	0	2026-08-30 14:43:22.051	2026-08-30 14:43:22.148	2026-08-30 14:44:01.099	37s	2	6 GB	481.9 MB	7.8 GB	104.8%	0.7%	1.6 GB	57.3 MB
1907	da/208f9e	BGC_ANALYSIS:ANTISMASH_ANALYSIS:ANTISMASH (Erwinia_amylovora_XJ14)	COMPLETED	0	2026-08-30 14:43:29.849	2026-08-30 14:43:29.944	2026-08-30 14:44:04.362	32.4s	2	6 GB	483.4 MB	7.8 GB	104.8%	0.7%	1.3 GB	50.8 MB
1911	9b/cfeafd	BGC_ANALYSIS:ANTISMASH_ANALYSIS:ANTISMASH (Erwinia_amylovora_XJ26)	COMPLETED	0	2026-08-30 14:43:32.274	2026-08-30 14:43:32.369	2026-08-30 14:44:09.183	34.9s	2	6 GB	473.3 MB	7.7 GB	106.2%	0.7%	1.5 GB	54.7 MB
1900	e2/9637a3	BGC_ANALYSIS:ANTISMASH_ANALYSIS:ANTISMASH (Erwinia_amylovora_HZ01)	COMPLETED	0	2026-08-30 14:43:18.760	2026-08-30 14:43:18.858	2026-08-30 14:44:11.001	50.1s	2	6 GB	506.9 MB	7.7 GB	104.3%	0.8%	2.4 GB	76.1 MB
1913	88/f45a1d	BGC_ANALYSIS:ANTISMASH_ANALYSIS:ANTISMASH (Erwinia_amylovora_XJ35)	COMPLETED	0	2026-08-30 14:43:37.473	2026-08-30 14:43:37.569	2026-08-30 14:44:15.059	35.4s	2	6 GB	495.5 MB	7.8 GB	105.5%	0.7%	1.5 GB	54.8 MB
1912	0a/32c895	BGC_ANALYSIS:ANTISMASH_ANALYSIS:ANTISMASH (Erwinia_amylovora_XJ30)	COMPLETED	0	2026-08-30 14:43:46.643	2026-08-30 14:43:46.738	2026-08-30 14:44:21.282	32.5s	2	6 GB	496.3 MB	7.8 GB	105.0%	0.7%	1.3 GB	50.8 MB
1921	b1/254327	BGC_ANALYSIS:ANTISMASH_ANALYSIS:ANTISMASH (Pantoea_agglomerans_1L-A-1-B-C2)	COMPLETED	0	2026-08-30 14:43:59.950	2026-08-30 14:44:00.048	2026-08-30 14:44:27.882	25.9s	2	6 GB	725.6 MB	7.8 GB	98.5%	1.3%	1 GB	60.4 MB
1903	8e/1c3735	BGC_ANALYSIS:ANTISMASH_ANALYSIS:ANTISMASH (Erwinia_amylovora_KG02)	COMPLETED	0	2026-08-30 14:43:57.243	2026-08-30 14:43:57.339	2026-08-30 14:44:32.098	32.8s	2	6 GB	499.5 MB	7.8 GB	103.6%	0.7%	1.4 GB	51.7 MB
1926	56/5dbe15	BGC_ANALYSIS:ANTISMASH_ANALYSIS:ANTISMASH (Pantoea_agglomerans_G5_S1_71_S2)	COMPLETED	0	2026-08-30 14:44:01.103	2026-08-30 14:44:01.199	2026-08-30 14:44:34.007	30.9s	2	6 GB	734.5 MB	7.8 GB	94.1%	1.2%	1.2 GB	69.3 MB
1915	76/10a7b1	BGC_ANALYSIS:ANTISMASH_ANALYSIS:ANTISMASH (Erwinia_amylovora_XJ60)	COMPLETED	0	2026-08-30 14:44:04.365	2026-08-30 14:44:04.462	2026-08-30 14:44:39.511	33.1s	2	6 GB	497.1 MB	7.8 GB	104.3%	0.7%	1.4 GB	52 MB
1917	1c/e41bbf	BGC_ANALYSIS:ANTISMASH_ANALYSIS:ANTISMASH (Erwinia_aphidicola_JCM_21238_2)	COMPLETED	0	2026-08-30 14:44:11.005	2026-08-30 14:44:11.100	2026-08-30 14:44:40.265	27.2s	2	6 GB	729.9 MB	7.8 GB	106.5%	1.3%	1 GB	60.4 MB
1914	c2/d04946	BGC_ANALYSIS:ANTISMASH_ANALYSIS:ANTISMASH (Erwinia_amylovora_XJ51)	COMPLETED	0	2026-08-30 14:44:09.187	2026-08-30 14:44:09.283	2026-08-30 14:44:45.916	34.6s	2	6 GB	475.6 MB	7.7 GB	104.1%	0.7%	1.5 GB	54.4 MB
1920	73/e0b3d9	BGC_ANALYSIS:ANTISMASH_ANALYSIS:ANTISMASH (Erwinia_sp._TECH1)	COMPLETED	0	2026-08-30 14:44:32.101	2026-08-30 14:44:32.198	2026-08-30 14:44:53.548	19.4s	2	6 GB	806.3 MB	7.8 GB	131.7%	1.3%	817.8 MB	55 MB
1919	ca/a60fe0	BGC_ANALYSIS:ANTISMASH_ANALYSIS:ANTISMASH (Erwinia_sp._PME.40.26_001)	COMPLETED	0	2026-08-30 14:44:27.887	2026-08-30 14:44:27.982	2026-08-30 14:44:59.116	29.2s	2	6 GB	760.9 MB	7.8 GB	103.7%	1.3%	1.2 GB	70 MB
1923	fc/4535b6	BGC_ANALYSIS:ANTISMASH_ANALYSIS:ANTISMASH (Pantoea_agglomerans_C9II)	COMPLETED	0	2026-08-30 14:44:34.018	2026-08-30 14:44:34.107	2026-08-30 14:45:07.395	31.2s	2	6 GB	784.8 MB	7.8 GB	97.6%	1.3%	1.3 GB	71.2 MB
1922	21/896154	BGC_ANALYSIS:ANTISMASH_ANALYSIS:ANTISMASH (Pantoea_agglomerans_1L-B-7-B-C1)	COMPLETED	0	2026-08-30 14:44:39.518	2026-08-30 14:44:39.611	2026-08-30 14:45:08.145	26.4s	2	6 GB	725.9 MB	7.8 GB	101.8%	1.2%	1.1 GB	62.6 MB
1933	06/ce486f	BGC_ANALYSIS:ANTISMASH_ANALYSIS:ANTISMASH (Pantoea_ananatis_141)	COMPLETED	0	2026-08-30 14:44:21.286	2026-08-30 14:44:21.382	2026-08-30 14:45:09.903	46.4s	2	6 GB	4.7 GB	7.9 GB	125.9%	7.3%	8.9 GB	44.9 MB
1925	c8/92ab24	BGC_ANALYSIS:ANTISMASH_ANALYSIS:ANTISMASH (Pantoea_agglomerans_ELIV)	COMPLETED	0	2026-08-30 14:44:45.920	2026-08-30 14:44:46.016	2026-08-30 14:45:12.363	24.2s	2	6 GB	808.7 MB	7.8 GB	121.5%	1.3%	917 MB	66.1 MB
1936	1e/f481c5	BGC_ANALYSIS:ANTISMASH_ANALYSIS:ANTISMASH (Pantoea_ananatis_KUK)	COMPLETED	0	2026-08-30 14:44:40.269	2026-08-30 14:44:40.365	2026-08-30 14:45:17.990	35.5s	2	6 GB	675.1 MB	7.7 GB	94.1%	1.2%	1.6 GB	77.3 MB
1927	2f/cd9761	BGC_ANALYSIS:ANTISMASH_ANALYSIS:ANTISMASH (Pantoea_agglomerans_I53BLB)	COMPLETED	0	2026-08-30 14:44:59.120	2026-08-30 14:44:59.217	2026-08-30 14:45:22.686	21.2s	2	6 GB	815.5 MB	7.8 GB	125.0%	1.3%	873 MB	61.5 MB
1930	1a/02154c	BGC_ANALYSIS:ANTISMASH_ANALYSIS:ANTISMASH (Pantoea_agglomerans_TE3500)	COMPLETED	0	2026-08-30 14:45:08.149	2026-08-30 14:45:08.245	2026-08-30 14:45:31.451	21.1s	2	6 GB	781.8 MB	7.8 GB	122.1%	1.4%	889.6 MB	58.8 MB
1929	95/2fde49	BGC_ANALYSIS:ANTISMASH_ANALYSIS:ANTISMASH (Pantoea_agglomerans_TE3475)	COMPLETED	0	2026-08-30 14:45:09.906	2026-08-30 14:45:10.003	2026-08-30 14:45:39.916	28s	2	6 GB	727.3 MB	7.8 GB	95.4%	1.3%	1.1 GB	62.3 MB
1924	4e/0affe1	BGC_ANALYSIS:ANTISMASH_ANALYSIS:ANTISMASH (Pantoea_agglomerans_CNPSo_2602)	COMPLETED	0	2026-08-30 14:44:53.552	2026-08-30 14:44:53.648	2026-08-30 14:45:43.374	47.8s	2	6 GB	702.7 MB	7.8 GB	96.0%	1.3%	2.3 GB	96.9 MB
1931	a5/c23b9d	BGC_ANALYSIS:ANTISMASH_ANALYSIS:ANTISMASH (Pantoea_ananatis_117R1)	COMPLETED	0	2026-08-30 14:45:12.366	2026-08-30 14:45:12.463	2026-08-30 14:45:50.176	35.7s	2	6 GB	787.6 MB	7.8 GB	96.1%	1.3%	1.5 GB	78.4 MB
1918	7d/10ed20	BGC_ANALYSIS:ANTISMASH_ANALYSIS:ANTISMASH (Erwinia_billingiae_SBL_JL2023_fagr_bin.62.orig)	COMPLETED	0	2026-08-30 14:44:15.062	2026-08-30 14:44:15.159	2026-08-30 14:45:51.506	1m 34s	2	6 GB	759.5 MB	7.8 GB	98.5%	1.3%	5.2 GB	173.1 MB
1928	ca/10d9be	BGC_ANALYSIS:ANTISMASH_ANALYSIS:ANTISMASH (Pantoea_agglomerans_SO16PY)	COMPLETED	0	2026-08-30 14:45:07.399	2026-08-30 14:45:07.495	2026-08-30 14:46:00.905	51.4s	2	6 GB	718.9 MB	7.8 GB	95.6%	1.2%	2.5 GB	102.7 MB
1946	c1/4bf67a	BGC_ANALYSIS:ANTISMASH_ANALYSIS:ANTISMASH (Pantoea_anthophila_73_bin.1)	COMPLETED	0	2026-08-30 14:45:39.920	2026-08-30 14:45:40.017	2026-08-30 14:46:09.700	27.6s	2	6 GB	666.5 MB	7.7 GB	97.8%	1.2%	1.1 GB	65.9 MB
1935	57/0b5f67	BGC_ANALYSIS:ANTISMASH_ANALYSIS:ANTISMASH (Pantoea_ananatis_J4-2)	COMPLETED	0	2026-08-30 14:45:31.455	2026-08-30 14:45:31.552	2026-08-30 14:46:11.705	38s	2	6 GB	730.6 MB	7.8 GB	96.6%	1.3%	1.7 GB	82.8 MB
1934	03/00eebc	BGC_ANALYSIS:ANTISMASH_ANALYSIS:ANTISMASH (Pantoea_ananatis_J15-6)	COMPLETED	0	2026-08-30 14:45:22.689	2026-08-30 14:45:22.787	2026-08-30 14:46:25.885	1m 1s	2	6 GB	4.7 GB	7.8 GB	107.7%	3.1%	10.1 GB	78.8 MB
1937	ef/d5e41e	BGC_ANALYSIS:ANTISMASH_ANALYSIS:ANTISMASH (Pantoea_ananatis_TE32200)	COMPLETED	0	2026-08-30 14:45:43.378	2026-08-30 14:45:43.474	2026-08-30 14:46:28.541	43s	2	6 GB	3.3 GB	7.8 GB	128.3%	5.3%	9.4 GB	57.5 MB
1938	df/354712	BGC_ANALYSIS:ANTISMASH_ANALYSIS:ANTISMASH (Pantoea_ananatis_UYCo721)	COMPLETED	0	2026-08-30 14:46:00.909	2026-08-30 14:46:01.005	2026-08-30 14:46:29.344	26.3s	2	6 GB	745.1 MB	7.8 GB	95.6%	1.3%	1 GB	60.7 MB
1941	44/6b3553	BGC_ANALYSIS:ANTISMASH_ANALYSIS:ANTISMASH (Pantoea_ananatis_Z6-1)	COMPLETED	0	2026-08-30 14:45:50.180	2026-08-30 14:45:50.276	2026-08-30 14:46:29.483	37.3s	2	6 GB	747.6 MB	7.8 GB	97.3%	1.2%	1.6 GB	79 MB
1939	d8/6fd730	BGC_ANALYSIS:ANTISMASH_ANALYSIS:ANTISMASH (Pantoea_ananatis_Z17-1)	COMPLETED	0	2026-08-30 14:45:51.510	2026-08-30 14:45:51.606	2026-08-30 14:46:30.887	37.3s	2	6 GB	807.7 MB	7.8 GB	96.4%	1.3%	1.7 GB	81.4 MB
1947	c8/89872f	BGC_ANALYSIS:ANTISMASH_ANALYSIS:ANTISMASH (Pantoea_conspicua_C2A7)	COMPLETED	0	2026-08-30 14:46:09.703	2026-08-30 14:46:09.801	2026-08-30 14:46:31.887	20.1s	2	6 GB	786.2 MB	7.8 GB	130.3%	1.4%	842.2 MB	58.8 MB
1932	10/4bebb1	BGC_ANALYSIS:ANTISMASH_ANALYSIS:ANTISMASH (Pantoea_ananatis_117T1)	COMPLETED	0	2026-08-30 14:45:17.993	2026-08-30 14:45:18.089	2026-08-30 14:46:45.992	1m 26s	2	6 GB	4.9 GB	8.1 GB	123.8%	5.7%	30.9 GB	73.3 MB
1944	20/6c03f9	BGC_ANALYSIS:ANTISMASH_ANALYSIS:ANTISMASH (Pantoea_ananatis_ZP002)	COMPLETED	0	2026-08-30 14:46:28.544	2026-08-30 14:46:28.642	2026-08-30 14:46:48.923	18.5s	2	6 GB	807.6 MB	7.8 GB	135.4%	1.4%	806.6 MB	58.1 MB
1940	51/789299	BGC_ANALYSIS:ANTISMASH_ANALYSIS:ANTISMASH (Pantoea_ananatis_Z19-37)	COMPLETED	0	2026-08-30 14:46:11.708	2026-08-30 14:46:11.805	2026-08-30 14:46:50.248	36.5s	2	6 GB	792.1 MB	7.8 GB	96.4%	1.3%	1.6 GB	79.4 MB
1958	f4/2b262f	BGC_ANALYSIS:ANTISMASH_ANALYSIS:ANTISMASH (Pantoea_dispersa_Z4-12)	COMPLETED	0	2026-08-30 14:46:29.486	2026-08-30 14:46:29.583	2026-08-30 14:47:01.096	29.7s	2	6 GB	830.5 MB	7.8 GB	95.8%	1.4%	1.2 GB	70.2 MB
1945	09/ce44c8	BGC_ANALYSIS:ANTISMASH_ANALYSIS:ANTISMASH (Pantoea_ananatis_ZZ10-11)	COMPLETED	0	2026-08-30 14:46:25.889	2026-08-30 14:46:25.985	2026-08-30 14:47:04.778	36.8s	2	6 GB	783 MB	7.8 GB	96.0%	1.3%	1.7 GB	81.3 MB
1948	71/7e495a	BGC_ANALYSIS:ANTISMASH_ANALYSIS:ANTISMASH (Pantoea_dispersa_255T2)	COMPLETED	0	2026-08-30 14:46:31.890	2026-08-30 14:46:31.987	2026-08-30 14:47:06.742	32.8s	2	6 GB	731.3 MB	7.8 GB	95.1%	1.2%	1.4 GB	73.5 MB
1951	a9/588e91	BGC_ANALYSIS:ANTISMASH_ANALYSIS:ANTISMASH (Pantoea_dispersa_AA14)	COMPLETED	0	2026-08-30 14:46:50.253	2026-08-30 14:46:50.348	2026-08-30 14:47:12.076	19.9s	2	6 GB	771.4 MB	7.8 GB	131.0%	1.3%	817.9 MB	58.7 MB
1942	bc/51bcaf	BGC_ANALYSIS:ANTISMASH_ANALYSIS:ANTISMASH (Pantoea_ananatis_Z6-6)	COMPLETED	0	2026-08-30 14:46:30.891	2026-08-30 14:46:30.987	2026-08-30 14:47:13.144	40.2s	2	6 GB	772.5 MB	7.8 GB	95.4%	1.3%	1.9 GB	87 MB
1949	4d/6962a5	BGC_ANALYSIS:ANTISMASH_ANALYSIS:ANTISMASH (Pantoea_dispersa_3121)	COMPLETED	0	2026-08-30 14:46:45.997	2026-08-30 14:46:46.092	2026-08-30 14:47:21.886	33.9s	2	6 GB	756.6 MB	7.8 GB	95.2%	1.3%	1.4 GB	75 MB
1943	9e/dc69f2	BGC_ANALYSIS:ANTISMASH_ANALYSIS:ANTISMASH (Pantoea_ananatis_Z6-7)	COMPLETED	0	2026-08-30 14:46:29.347	2026-08-30 14:46:29.444	2026-08-30 14:47:23.225	52s	2	6 GB	779.3 MB	7.8 GB	97.5%	1.3%	2.6 GB	101.8 MB
1953	08/f87f61	BGC_ANALYSIS:ANTISMASH_ANALYSIS:ANTISMASH (Pantoea_dispersa_LTV3-3)	COMPLETED	0	2026-08-30 14:46:48.927	2026-08-30 14:46:49.023	2026-08-30 14:47:23.880	33s	2	6 GB	792.8 MB	7.8 GB	102.2%	1.3%	1.5 GB	78.8 MB
1952	68/ec6992	BGC_ANALYSIS:ANTISMASH_ANALYSIS:ANTISMASH (Pantoea_dispersa_AA6)	COMPLETED	0	2026-08-30 14:47:04.781	2026-08-30 14:47:04.878	2026-08-30 14:47:26.988	20.1s	2	6 GB	780.2 MB	7.8 GB	130.9%	1.3%	832.3 MB	60.1 MB
1950	db/958b79	BGC_ANALYSIS:ANTISMASH_ANALYSIS:ANTISMASH (Pantoea_dispersa_3122)	COMPLETED	0	2026-08-30 14:47:01.100	2026-08-30 14:47:01.196	2026-08-30 14:47:32.817	29.5s	2	6 GB	659.1 MB	7.7 GB	94.1%	1.1%	1.3 GB	64.3 MB
1954	2e/dd2f97	BGC_ANALYSIS:ANTISMASH_ANALYSIS:ANTISMASH (Pantoea_dispersa_Z19-2)	COMPLETED	0	2026-08-30 14:47:06.745	2026-08-30 14:47:06.842	2026-08-30 14:47:40.345	31.5s	2	6 GB	753 MB	7.8 GB	97.3%	1.3%	1.3 GB	72.1 MB
1956	eb/2a849a	BGC_ANALYSIS:ANTISMASH_ANALYSIS:ANTISMASH (Pantoea_dispersa_Z4-10)	COMPLETED	0	2026-08-30 14:47:12.079	2026-08-30 14:47:12.176	2026-08-30 14:47:46.202	32s	2	6 GB	832.3 MB	7.8 GB	98.3%	1.3%	1.4 GB	75.4 MB
1961	d0/236a90	BGC_ANALYSIS:ANTISMASH_ANALYSIS:ANTISMASH (Pantoea_eucalypti_C10G5)	COMPLETED	0	2026-08-30 14:47:26.992	2026-08-30 14:47:27.088	2026-08-30 14:47:49.050	20s	2	6 GB	789.7 MB	7.8 GB	128.8%	1.3%	836.1 MB	58.4 MB
1955	dc/9f9850	BGC_ANALYSIS:ANTISMASH_ANALYSIS:ANTISMASH (Pantoea_dispersa_Z19-39)	COMPLETED	0	2026-08-30 14:47:13.148	2026-08-30 14:47:13.245	2026-08-30 14:47:53.168	37.8s	2	6 GB	763.3 MB	7.8 GB	96.0%	1.3%	1.7 GB	82 MB
1962	6e/348c82	BGC_ANALYSIS:ANTISMASH_ANALYSIS:ANTISMASH (Pantoea_eucalypti_TE3523)	COMPLETED	0	2026-08-30 14:47:32.821	2026-08-30 14:47:32.917	2026-08-30 14:47:53.814	18.9s	2	6 GB	740.5 MB	7.8 GB	128.6%	1.2%	808.9 MB	54.4 MB
1960	9b/2d48ee	BGC_ANALYSIS:ANTISMASH_ANALYSIS:ANTISMASH (Pantoea_dispersa_Z4-25)	COMPLETED	0	2026-08-30 14:47:23.229	2026-08-30 14:47:23.325	2026-08-30 14:47:53.960	28.7s	2	6 GB	768.1 MB	7.8 GB	96.8%	1.3%	1.2 GB	69.2 MB
1959	84/4c3c3a	BGC_ANALYSIS:ANTISMASH_ANALYSIS:ANTISMASH (Pantoea_dispersa_Z4-23)	COMPLETED	0	2026-08-30 14:47:23.883	2026-08-30 14:47:23.980	2026-08-30 14:47:58.446	32.5s	2	6 GB	756 MB	7.8 GB	96.7%	1.3%	1.4 GB	74.2 MB
1963	d6/6389de	BGC_ANALYSIS:ANTISMASH_ANALYSIS:ANTISMASH (Pantoea_phosphatilytica_C3D7)	COMPLETED	0	2026-08-30 14:47:40.348	2026-08-30 14:47:40.445	2026-08-30 14:48:02.037	19.5s	2	6 GB	783.8 MB	7.8 GB	125.6%	1.3%	786.7 MB	54.8 MB
1957	95/a5a2aa	BGC_ANALYSIS:ANTISMASH_ANALYSIS:ANTISMASH (Pantoea_dispersa_Z4-11)	COMPLETED	0	2026-08-30 14:47:21.890	2026-08-30 14:47:21.986	2026-08-30 14:48:08.829	44.8s	2	6 GB	776.7 MB	7.8 GB	96.5%	1.3%	2.1 GB	92.7 MB
1965	d7/382db3	BGC_ANALYSIS:ANTISMASH_ANALYSIS:ANTISMASH (Pantoea_piersonii_A-16)	COMPLETED	0	2026-08-30 14:47:46.206	2026-08-30 14:47:46.303	2026-08-30 14:48:22.309	33.9s	2	6 GB	724.1 MB	7.8 GB	97.4%	1.3%	1.4 GB	76.1 MB
1967	d9/b4cc02	BGC_ANALYSIS:ANTISMASH_ANALYSIS:ANTISMASH (Pantoea_piersonii_A-22)	COMPLETED	0	2026-08-30 14:47:53.817	2026-08-30 14:47:53.914	2026-08-30 14:48:25.740	29.7s	2	6 GB	678.7 MB	7.8 GB	98.3%	1.2%	1.2 GB	70.2 MB
1964	33/9d9aeb	BGC_ANALYSIS:ANTISMASH_ANALYSIS:ANTISMASH (Pantoea_piersonii_78_bin.2)	COMPLETED	0	2026-08-30 14:47:49.053	2026-08-30 14:47:49.149	2026-08-30 14:48:26.161	35s	2	6 GB	727.9 MB	7.8 GB	96.8%	1.3%	1.5 GB	76.5 MB
1966	8f/e991fe	BGC_ANALYSIS:ANTISMASH_ANALYSIS:ANTISMASH (Pantoea_piersonii_A-20)	COMPLETED	0	2026-08-30 14:47:53.171	2026-08-30 14:47:53.268	2026-08-30 14:48:28.389	33.1s	2	6 GB	705.4 MB	7.8 GB	97.8%	1.2%	1.4 GB	75.6 MB
1969	e8/961e0a	BGC_ANALYSIS:ANTISMASH_ANALYSIS:ANTISMASH (Pantoea_piersonii_A-4)	COMPLETED	0	2026-08-30 14:47:53.963	2026-08-30 14:47:54.060	2026-08-30 14:48:28.534	32.4s	2	6 GB	691.5 MB	7.8 GB	97.9%	1.3%	1.4 GB	75.1 MB
1968	a4/546280	BGC_ANALYSIS:ANTISMASH_ANALYSIS:ANTISMASH (Pantoea_piersonii_A-29)	COMPLETED	0	2026-08-30 14:47:58.449	2026-08-30 14:47:58.546	2026-08-30 14:48:29.675	28.9s	2	6 GB	681.5 MB	7.8 GB	100.1%	1.2%	1.2 GB	70.6 MB
1974	93/393dfb	BGC_ANALYSIS:ANTISMASH_ANALYSIS:ANTISMASH (Pantoea_piersonii_A-63)	COMPLETED	0	2026-08-30 14:48:02.040	2026-08-30 14:48:02.137	2026-08-30 14:48:41.849	37.6s	2	6 GB	741.6 MB	7.8 GB	102.6%	1.3%	1.8 GB	84.3 MB
1981	03/ebd67c	BGC_ANALYSIS:ANTISMASH_ANALYSIS:ANTISMASH (Pantoea_piersonii_F10_5S_D1_EP5)	COMPLETED	0	2026-08-30 14:48:08.833	2026-08-30 14:48:08.929	2026-08-30 14:48:42.207	31.2s	2	6 GB	739.2 MB	7.8 GB	96.9%	1.3%	1.3 GB	69.4 MB
1971	d6/3d3596	BGC_ANALYSIS:ANTISMASH_ANALYSIS:ANTISMASH (Pantoea_piersonii_A-50)	COMPLETED	0	2026-08-30 14:48:22.313	2026-08-30 14:48:22.410	2026-08-30 14:48:54.164	29.9s	2	6 GB	735.2 MB	7.8 GB	96.3%	1.3%	1.2 GB	71.1 MB
1975	48/c45cb5	BGC_ANALYSIS:ANTISMASH_ANALYSIS:ANTISMASH (Pantoea_piersonii_A-71)	COMPLETED	0	2026-08-30 14:48:28.538	2026-08-30 14:48:28.634	2026-08-30 14:48:58.947	28.4s	2	6 GB	726.1 MB	7.8 GB	103.9%	1.3%	1.2 GB	70.7 MB
1972	33/3ee9d5	BGC_ANALYSIS:ANTISMASH_ANALYSIS:ANTISMASH (Pantoea_piersonii_A-51)	COMPLETED	0	2026-08-30 14:48:25.742	2026-08-30 14:48:25.840	2026-08-30 14:49:00.355	32.6s	2	6 GB	736.8 MB	7.8 GB	98.2%	1.3%	1.4 GB	75.6 MB
1977	38/96c57f	BGC_ANALYSIS:ANTISMASH_ANALYSIS:ANTISMASH (Pantoea_piersonii_A-81)	COMPLETED	0	2026-08-30 14:48:29.678	2026-08-30 14:48:29.775	2026-08-30 14:49:04.287	32.5s	2	6 GB	726.5 MB	7.8 GB	98.0%	1.3%	1.4 GB	75.6 MB
1978	37/0db642	BGC_ANALYSIS:ANTISMASH_ANALYSIS:ANTISMASH (Pantoea_piersonii_A-83)	COMPLETED	0	2026-08-30 14:48:42.209	2026-08-30 14:48:42.307	2026-08-30 14:49:17.379	33.2s	2	6 GB	747.9 MB	7.8 GB	98.3%	1.3%	1.4 GB	76.6 MB
1976	9c/7bbfe9	BGC_ANALYSIS:ANTISMASH_ANALYSIS:ANTISMASH (Pantoea_piersonii_A-75)	COMPLETED	0	2026-08-30 14:48:41.852	2026-08-30 14:48:41.949	2026-08-30 14:49:17.809	33.9s	2	6 GB	786.6 MB	7.8 GB	95.4%	1.3%	1.4 GB	76.3 MB
1990	9a/b399c1	BGC_ANALYSIS:ANTISMASH_ANALYSIS:ANTISMASH (Pantoea_sp._C5C10)	COMPLETED	0	2026-08-30 14:48:54.167	2026-08-30 14:48:54.263	2026-08-30 14:49:21.770	25.5s	2	6 GB	836.7 MB	7.8 GB	124.7%	1.4%	1 GB	72.1 MB
1973	cc/f8f927	BGC_ANALYSIS:ANTISMASH_ANALYSIS:ANTISMASH (Pantoea_piersonii_A-59)	COMPLETED	0	2026-08-30 14:48:26.164	2026-08-30 14:48:26.261	2026-08-30 14:49:28.101	59.9s	2	6 GB	819.8 MB	7.9 GB	97.0%	1.3%	3.1 GB	121.7 MB
1970	47/7adc13	BGC_ANALYSIS:ANTISMASH_ANALYSIS:ANTISMASH (Pantoea_piersonii_A-49)	COMPLETED	0	2026-08-30 14:48:28.392	2026-08-30 14:48:28.489	2026-08-30 14:49:32.421	1m 2s	2	6 GB	828.9 MB	7.9 GB	97.2%	1.3%	3.2 GB	124.5 MB
1980	1a/1c3770	BGC_ANALYSIS:ANTISMASH_ANALYSIS:ANTISMASH (Pantoea_piersonii_F10_5S_D1_EB2)	COMPLETED	0	2026-08-30 14:49:00.358	2026-08-30 14:49:00.455	2026-08-30 14:49:33.610	31.1s	2	6 GB	752.7 MB	7.8 GB	96.8%	1.2%	1.3 GB	69.3 MB
1979	13/758e34	BGC_ANALYSIS:ANTISMASH_ANALYSIS:ANTISMASH (Pantoea_piersonii_A-87)	COMPLETED	0	2026-08-30 14:48:58.951	2026-08-30 14:48:59.047	2026-08-30 14:49:35.828	34.8s	2	6 GB	773.3 MB	7.8 GB	93.7%	1.3%	1.5 GB	77.6 MB
1983	ac/cce255	BGC_ANALYSIS:ANTISMASH_ANALYSIS:ANTISMASH (Pantoea_piersonii_F9_5S_D1_EB2)	COMPLETED	0	2026-08-30 14:49:04.289	2026-08-30 14:49:04.386	2026-08-30 14:49:37.833	31.5s	2	6 GB	741.3 MB	7.8 GB	96.0%	1.2%	1.3 GB	69.9 MB
1982	ac/f107a3	BGC_ANALYSIS:ANTISMASH_ANALYSIS:ANTISMASH (Pantoea_piersonii_F11_7S_D1_EB1)	COMPLETED	0	2026-08-30 14:49:17.382	2026-08-30 14:49:17.479	2026-08-30 14:49:50.204	30.8s	2	6 GB	750.6 MB	7.8 GB	98.5%	1.3%	1.3 GB	69.4 MB
1986	15/c3895c	BGC_ANALYSIS:ANTISMASH_ANALYSIS:ANTISMASH (Pantoea_piersonii_F9_6S_D2_EB1)	COMPLETED	0	2026-08-30 14:49:17.811	2026-08-30 14:49:17.909	2026-08-30 14:49:51.173	31.4s	2	6 GB	753.9 MB	7.8 GB	98.6%	1.3%	1.4 GB	70.4 MB
1984	dc/657ffc	BGC_ANALYSIS:ANTISMASH_ANALYSIS:ANTISMASH (Pantoea_piersonii_F9_5S_D1_P_1)	COMPLETED	0	2026-08-30 14:49:21.773	2026-08-30 14:49:21.870	2026-08-30 14:49:55.186	31.4s	2	6 GB	735 MB	7.8 GB	96.9%	1.2%	1.3 GB	69.4 MB
1988	91/be5e85	BGC_ANALYSIS:ANTISMASH_ANALYSIS:ANTISMASH (Pantoea_septica_112)	COMPLETED	0	2026-08-30 14:49:33.614	2026-08-30 14:49:33.710	2026-08-30 14:49:56.703	21s	2	6 GB	814.2 MB	7.8 GB	123.1%	1.4%	915.8 MB	62.6 MB
1989	73/6386c8	BGC_ANALYSIS:ANTISMASH_ANALYSIS:ANTISMASH (Pantoea_septica_G5-15)	COMPLETED	0	2026-08-30 14:49:35.833	2026-08-30 14:49:35.932	2026-08-30 14:49:57.789	19.9s	2	6 GB	772 MB	7.8 GB	129.0%	1.3%	828.9 MB	58.1 MB
1985	47/008bb0	BGC_ANALYSIS:ANTISMASH_ANALYSIS:ANTISMASH (Pantoea_piersonii_F9_6S_D2_B_3)	COMPLETED	0	2026-08-30 14:49:28.104	2026-08-30 14:49:28.201	2026-08-30 14:50:02.188	32s	2	6 GB	761.5 MB	7.8 GB	97.4%	1.3%	1.4 GB	70.4 MB
1987	f5/8674ef	BGC_ANALYSIS:ANTISMASH_ANALYSIS:ANTISMASH (Pantoea_piersonii_F9_8S_D1_EB3)	COMPLETED	0	2026-08-30 14:49:32.425	2026-08-30 14:49:32.521	2026-08-30 14:50:06.440	32s	2	6 GB	747.8 MB	7.8 GB	95.1%	1.3%	1.3 GB	69.9 MB
1994	d6/ce0225	BGC_ANALYSIS:ANTISMASH_ANALYSIS:ANTISMASH (Pantoea_sp._XAF26B01_ASV70)	COMPLETED	0	2026-08-30 14:49:51.176	2026-08-30 14:49:51.273	2026-08-30 14:50:15.762	22.4s	2	6 GB	821.6 MB	7.8 GB	120.2%	1.4%	895.9 MB	63.9 MB
1993	61/3199eb	BGC_ANALYSIS:ANTISMASH_ANALYSIS:ANTISMASH (Pantoea_sp._S-LA4)	COMPLETED	0	2026-08-30 14:49:55.189	2026-08-30 14:49:55.286	2026-08-30 14:50:18.222	20.9s	2	6 GB	808.4 MB	7.8 GB	128.6%	1.4%	872.2 MB	61.1 MB
1995	2e/73a2e2	BGC_ANALYSIS:ANTISMASH_ANALYSIS:ANTISMASH (Pantoea_sp._y20)	COMPLETED	0	2026-08-30 14:49:56.707	2026-08-30 14:49:56.803	2026-08-30 14:50:20.843	22s	2	6 GB	824.1 MB	7.8 GB	126.5%	1.3%	901.9 MB	64.4 MB
1992	35/7f8579	BGC_ANALYSIS:ANTISMASH_ANALYSIS:ANTISMASH (Pantoea_sp._PvP021)	COMPLETED	0	2026-08-30 14:49:50.207	2026-08-30 14:49:50.304	2026-08-30 14:50:21.554	29.2s	2	6 GB	703.8 MB	7.7 GB	100.2%	1.2%	1.2 GB	67.6 MB
2006	49/0bf6ad	BGC_ANALYSIS:ANTISMASH_ANALYSIS:ANTISMASH (Erwinia_aphidicola_B03_4)	COMPLETED	0	2026-08-30 14:50:02.192	2026-08-30 14:50:02.288	2026-08-30 14:50:24.301	19.9s	2	6 GB	837.7 MB	7.8 GB	132.4%	1.3%	774.8 MB	56.4 MB
2004	22/6b3be9	BGC_ANALYSIS:ANTISMASH_ANALYSIS:ANTISMASH (Erwinia_aphidicola_B03_2)	COMPLETED	0	2026-08-30 14:50:06.444	2026-08-30 14:50:06.540	2026-08-30 14:50:28.567	20s	2	6 GB	806.3 MB	7.8 GB	129.9%	1.3%	772 MB	55.9 MB
1991	61/03ac92	BGC_ANALYSIS:ANTISMASH_ANALYSIS:ANTISMASH (Pantoea_sp._PA1)	COMPLETED	0	2026-08-30 14:49:37.836	2026-08-30 14:49:37.933	2026-08-30 14:50:36.816	56.9s	2	6 GB	4.8 GB	7.9 GB	106.0%	7.0%	9.8 GB	65.6 MB
2011	63/0807ca	BGC_ANALYSIS:ANTISMASH_ANALYSIS:ANTISMASH (Erwinia_aphidicola_B03_9)	COMPLETED	0	2026-08-30 14:50:18.229	2026-08-30 14:50:18.322	2026-08-30 14:50:37.421	16.9s	2	6 GB	619.1 MB	7.4 GB	138.0%	1.1%	734.1 MB	34.7 MB
2000	9c/3419a2	BGC_ANALYSIS:ANTISMASH_ANALYSIS:ANTISMASH (Erwinia_aphidicola_B01_5)	COMPLETED	0	2026-08-30 14:50:15.765	2026-08-30 14:50:15.862	2026-08-30 14:50:38.344	20.4s	2	6 GB	828.1 MB	7.8 GB	132.8%	1.4%	772.5 MB	56.5 MB
2005	53/560e23	BGC_ANALYSIS:ANTISMASH_ANALYSIS:ANTISMASH (Erwinia_aphidicola_B03_3)	COMPLETED	0	2026-08-30 14:50:21.557	2026-08-30 14:50:21.654	2026-08-30 14:50:40.986	17.2s	2	6 GB	627.1 MB	7.4 GB	139.0%	1.1%	732.6 MB	34.7 MB
2007	b9/8c73cc	BGC_ANALYSIS:ANTISMASH_ANALYSIS:ANTISMASH (Erwinia_aphidicola_B03_5)	COMPLETED	0	2026-08-30 14:50:20.847	2026-08-30 14:50:20.943	2026-08-30 14:50:42.924	19.8s	2	6 GB	840.2 MB	7.8 GB	131.8%	1.4%	754.8 MB	56.3 MB
2010	69/b087c0	BGC_ANALYSIS:ANTISMASH_ANALYSIS:ANTISMASH (Erwinia_aphidicola_B03_8)	COMPLETED	0	2026-08-30 14:50:24.305	2026-08-30 14:50:24.401	2026-08-30 14:50:43.458	17.2s	2	6 GB	665.8 MB	7.4 GB	138.0%	1.1%	733.1 MB	34.7 MB
1999	79/332e4b	BGC_ANALYSIS:ANTISMASH_ANALYSIS:ANTISMASH (Erwinia_aphidicola_B01_4)	COMPLETED	0	2026-08-30 14:50:28.570	2026-08-30 14:50:28.667	2026-08-30 14:50:48.106	17.3s	2	6 GB	640.3 MB	7.4 GB	133.3%	1.1%	734.2 MB	34.7 MB
1996	21/d915ae	BGC_ANALYSIS:ANTISMASH_ANALYSIS:ANTISMASH (Pantoea_stewartii_UIA44)	COMPLETED	0	2026-08-30 14:49:57.792	2026-08-30 14:49:57.889	2026-08-30 14:50:49.707	49.9s	2	6 GB	4.6 GB	7.9 GB	123.0%	5.6%	10.3 GB	42.4 MB
2001	da/a6a619	BGC_ANALYSIS:ANTISMASH_ANALYSIS:ANTISMASH (Erwinia_aphidicola_B01_7)	COMPLETED	0	2026-08-30 14:50:38.348	2026-08-30 14:50:38.445	2026-08-30 14:50:58.565	17.7s	2	6 GB	619.1 MB	7.4 GB	136.7%	1.1%	734.7 MB	34.7 MB
2008	84/96e633	BGC_ANALYSIS:ANTISMASH_ANALYSIS:ANTISMASH (Erwinia_aphidicola_B03_6)	COMPLETED	0	2026-08-30 14:50:40.991	2026-08-30 14:50:41.094	2026-08-30 14:51:00.017	16.9s	2	6 GB	638.7 MB	7.4 GB	138.2%	1.1%	707.1 MB	33.9 MB
1998	8d/6bf712	BGC_ANALYSIS:ANTISMASH_ANALYSIS:ANTISMASH (Erwinia_aphidicola_B01_2)	COMPLETED	0	2026-08-30 14:50:36.820	2026-08-30 14:50:36.916	2026-08-30 14:51:00.313	21.1s	2	6 GB	831.6 MB	7.8 GB	132.8%	1.3%	761.8 MB	55.8 MB
2002	90/a0f7d5	BGC_ANALYSIS:ANTISMASH_ANALYSIS:ANTISMASH (Erwinia_aphidicola_B01_8)	COMPLETED	0	2026-08-30 14:50:37.424	2026-08-30 14:50:37.521	2026-08-30 14:51:00.800	21s	2	6 GB	830.4 MB	7.8 GB	131.6%	1.3%	768.8 MB	56.4 MB
2003	06/500093	BGC_ANALYSIS:ANTISMASH_ANALYSIS:ANTISMASH (Erwinia_aphidicola_B03_10)	COMPLETED	0	2026-08-30 14:50:42.927	2026-08-30 14:50:43.024	2026-08-30 14:51:02.768	17.8s	2	6 GB	626.9 MB	7.4 GB	139.8%	1.1%	731.4 MB	34.7 MB
2022	d9/27fe25	BGC_ANALYSIS:ANTISMASH_ANALYSIS:ANTISMASH (Erwinia_aphidicola_B09_1)	COMPLETED	0	2026-08-30 14:50:43.461	2026-08-30 14:50:43.559	2026-08-30 14:51:03.311	17.8s	2	6 GB	666.5 MB	7.4 GB	138.1%	1.1%	736.1 MB	35.1 MB
2015	cd/d19090	BGC_ANALYSIS:ANTISMASH_ANALYSIS:ANTISMASH (Erwinia_aphidicola_B06_2)	COMPLETED	0	2026-08-30 14:50:48.109	2026-08-30 14:50:48.206	2026-08-30 14:51:08.191	17.9s	2	6 GB	628.6 MB	7.4 GB	129.9%	1.1%	711.3 MB	33.9 MB
2018	d6/6ae1e2	BGC_ANALYSIS:ANTISMASH_ANALYSIS:ANTISMASH (Erwinia_aphidicola_B06_5)	COMPLETED	0	2026-08-30 14:50:49.711	2026-08-30 14:50:49.807	2026-08-30 14:51:09.989	17.8s	2	6 GB	622.2 MB	7.4 GB	129.7%	1.1%	715.5 MB	34 MB
2012	71/5feb81	BGC_ANALYSIS:ANTISMASH_ANALYSIS:ANTISMASH (Erwinia_aphidicola_B04_3)	COMPLETED	0	2026-08-30 14:50:58.569	2026-08-30 14:50:58.666	2026-08-30 14:51:18.182	17.3s	2	6 GB	665.3 MB	7.4 GB	136.5%	1.1%	730.4 MB	34.6 MB
2009	84/a137b9	BGC_ANALYSIS:ANTISMASH_ANALYSIS:ANTISMASH (Erwinia_aphidicola_B03_7)	COMPLETED	0	2026-08-30 14:51:00.021	2026-08-30 14:51:00.118	2026-08-30 14:51:19.528	17.2s	2	6 GB	618.1 MB	7.4 GB	136.0%	1.1%	722.6 MB	34.2 MB
2019	ef/c207da	BGC_ANALYSIS:ANTISMASH_ANALYSIS:ANTISMASH (Erwinia_aphidicola_B06_6)	COMPLETED	0	2026-08-30 14:51:00.803	2026-08-30 14:51:00.900	2026-08-30 14:51:19.890	16.9s	2	6 GB	622.7 MB	7.4 GB	136.9%	1.1%	710.3 MB	33.9 MB
2020	ea/e89817	BGC_ANALYSIS:ANTISMASH_ANALYSIS:ANTISMASH (Erwinia_aphidicola_B06_8)	COMPLETED	0	2026-08-30 14:51:03.314	2026-08-30 14:51:03.411	2026-08-30 14:51:22.642	17.2s	2	6 GB	623 MB	7.4 GB	137.1%	1.1%	709 MB	33.8 MB
1997	b5/6c34d5	BGC_ANALYSIS:ANTISMASH_ANALYSIS:ANTISMASH (Erwinia_aphidicola_B01_10)	COMPLETED	0	2026-08-30 14:51:00.316	2026-08-30 14:51:00.413	2026-08-30 14:51:23.284	20.6s	2	6 GB	833.7 MB	7.8 GB	133.3%	1.4%	774.9 MB	55.9 MB
2026	7c/bb165c	BGC_ANALYSIS:ANTISMASH_ANALYSIS:ANTISMASH (Erwinia_aphidicola_B09_7)	COMPLETED	0	2026-08-30 14:51:02.771	2026-08-30 14:51:02.870	2026-08-30 14:51:25.059	20.2s	2	6 GB	818 MB	7.8 GB	131.1%	1.3%	770.1 MB	56.7 MB
2014	79/21c835	BGC_ANALYSIS:ANTISMASH_ANALYSIS:ANTISMASH (Erwinia_aphidicola_B06_1)	COMPLETED	0	2026-08-30 14:51:08.194	2026-08-30 14:51:08.291	2026-08-30 14:51:27.975	17.6s	2	6 GB	637.3 MB	7.4 GB	130.7%	1.1%	712.1 MB	33.9 MB
2027	e4/7a5572	BGC_ANALYSIS:ANTISMASH_ANALYSIS:ANTISMASH (Erwinia_aphidicola_B09_8)	COMPLETED	0	2026-08-30 14:51:09.991	2026-08-30 14:51:10.089	2026-08-30 14:51:33.086	20.8s	2	6 GB	817.7 MB	7.8 GB	127.0%	1.3%	774.3 MB	56.8 MB
2016	c8/fea9ba	BGC_ANALYSIS:ANTISMASH_ANALYSIS:ANTISMASH (Erwinia_aphidicola_B06_3)	COMPLETED	0	2026-08-30 14:51:18.185	2026-08-30 14:51:18.282	2026-08-30 14:51:37.392	16.8s	2	6 GB	616.8 MB	7.4 GB	133.2%	1.1%	714.9 MB	33.9 MB
2017	05/36ae3f	BGC_ANALYSIS:ANTISMASH_ANALYSIS:ANTISMASH (Erwinia_aphidicola_B06_4)	COMPLETED	0	2026-08-30 14:51:19.532	2026-08-30 14:51:19.628	2026-08-30 14:51:38.656	16.7s	2	6 GB	617.2 MB	7.4 GB	134.3%	1.1%	714.6 MB	33.9 MB
2021	11/bcdcb2	BGC_ANALYSIS:ANTISMASH_ANALYSIS:ANTISMASH (Erwinia_aphidicola_B07_5)	COMPLETED	0	2026-08-30 14:51:19.894	2026-08-30 14:51:19.990	2026-08-30 14:51:42.380	20.1s	2	6 GB	830.3 MB	7.8 GB	128.3%	1.4%	753.4 MB	55 MB
2025	52/86d7bb	BGC_ANALYSIS:ANTISMASH_ANALYSIS:ANTISMASH (Erwinia_aphidicola_B09_4)	COMPLETED	0	2026-08-30 14:51:22.645	2026-08-30 14:51:22.742	2026-08-30 14:51:45.101	20.4s	2	6 GB	801.7 MB	7.8 GB	130.6%	1.3%	775.6 MB	56.9 MB
2034	47/464fd9	BGC_ANALYSIS:ANTISMASH_ANALYSIS:ANTISMASH (Erwinia_aphidicola_N2_1)	COMPLETED	0	2026-08-30 14:51:23.286	2026-08-30 14:51:23.384	2026-08-30 14:51:45.199	19.8s	2	6 GB	840.7 MB	7.8 GB	129.6%	1.3%	744.7 MB	55.4 MB
2028	08/e0a0af	BGC_ANALYSIS:ANTISMASH_ANALYSIS:ANTISMASH (Erwinia_aphidicola_B09_9)	COMPLETED	0	2026-08-30 14:51:25.063	2026-08-30 14:51:25.159	2026-08-30 14:51:47.298	20.1s	2	6 GB	801.8 MB	7.8 GB	131.2%	1.3%	779.8 MB	57.3 MB
2029	70/4c28b7	BGC_ANALYSIS:ANTISMASH_ANALYSIS:ANTISMASH (Erwinia_aphidicola_B10_2)	COMPLETED	0	2026-08-30 14:51:27.979	2026-08-30 14:51:28.075	2026-08-30 14:51:49.961	19.7s	2	6 GB	803.1 MB	7.8 GB	128.2%	1.3%	754.4 MB	54.8 MB
2033	bb/58fc91	BGC_ANALYSIS:ANTISMASH_ANALYSIS:ANTISMASH (Erwinia_aphidicola_B10_7)	COMPLETED	0	2026-08-30 14:51:33.090	2026-08-30 14:51:33.187	2026-08-30 14:51:56.107	20.6s	2	6 GB	803.7 MB	7.8 GB	123.8%	1.3%	765.1 MB	55.4 MB
2030	54/827029	BGC_ANALYSIS:ANTISMASH_ANALYSIS:ANTISMASH (Erwinia_aphidicola_B10_3)	COMPLETED	0	2026-08-30 14:51:37.395	2026-08-30 14:51:37.491	2026-08-30 14:52:00.336	20.6s	2	6 GB	825.4 MB	7.8 GB	127.1%	1.4%	754.5 MB	55.1 MB
2024	12/ec10f9	BGC_ANALYSIS:ANTISMASH_ANALYSIS:ANTISMASH (Erwinia_aphidicola_B09_3)	COMPLETED	0	2026-08-30 14:51:38.660	2026-08-30 14:51:38.756	2026-08-30 14:52:01.534	20.5s	2	6 GB	795.4 MB	7.8 GB	130.2%	1.3%	776.4 MB	56.9 MB
2023	2f/36e198	BGC_ANALYSIS:ANTISMASH_ANALYSIS:ANTISMASH (Erwinia_aphidicola_B09_2)	COMPLETED	0	2026-08-30 14:51:45.105	2026-08-30 14:51:45.199	2026-08-30 14:52:04.476	17.2s	2	6 GB	620.1 MB	7.4 GB	137.2%	1.1%	733.2 MB	34.8 MB
2031	98/7fae8b	BGC_ANALYSIS:ANTISMASH_ANALYSIS:ANTISMASH (Erwinia_aphidicola_B10_4)	COMPLETED	0	2026-08-30 14:51:42.384	2026-08-30 14:51:42.480	2026-08-30 14:52:04.798	20.2s	2	6 GB	830.7 MB	7.8 GB	133.1%	1.4%	755.9 MB	55.1 MB
2032	b1/5291c4	BGC_ANALYSIS:ANTISMASH_ANALYSIS:ANTISMASH (Erwinia_aphidicola_B10_5)	COMPLETED	0	2026-08-30 14:51:45.203	2026-08-30 14:51:45.299	2026-08-30 14:52:08.226	20.9s	2	6 GB	814.3 MB	7.8 GB	128.7%	1.3%	753.3 MB	55 MB
2050	69/f93c4a	BGC_ANALYSIS:ANTISMASH_ANALYSIS:ANTISMASH (Erwinia_aphidicola_W04_1)	COMPLETED	0	2026-08-30 14:51:49.965	2026-08-30 14:51:50.062	2026-08-30 14:52:09.556	17.3s	2	6 GB	656.5 MB	7.4 GB	134.6%	1.0%	727.6 MB	34.3 MB
2035	90/0901b6	BGC_ANALYSIS:ANTISMASH_ANALYSIS:ANTISMASH (Erwinia_aphidicola_N2_2)	COMPLETED	0	2026-08-30 14:51:47.301	2026-08-30 14:51:47.397	2026-08-30 14:52:09.895	20.4s	2	6 GB	827.9 MB	7.8 GB	131.7%	1.3%	768.7 MB	55.7 MB
2037	c1/c72c60	BGC_ANALYSIS:ANTISMASH_ANALYSIS:ANTISMASH (Erwinia_aphidicola_N2_4)	COMPLETED	0	2026-08-30 14:51:56.110	2026-08-30 14:51:56.207	2026-08-30 14:52:19.450	20.9s	2	6 GB	826.7 MB	7.8 GB	130.3%	1.3%	768.6 MB	55.7 MB
2048	0d/129d7f	BGC_ANALYSIS:ANTISMASH_ANALYSIS:ANTISMASH (Erwinia_aphidicola_W03_7)	COMPLETED	0	2026-08-30 14:52:00.340	2026-08-30 14:52:00.437	2026-08-30 14:52:20.099	17.2s	2	6 GB	676.2 MB	7.4 GB	136.5%	1.1%	733.1 MB	34.7 MB
2041	98/f8dd11	BGC_ANALYSIS:ANTISMASH_ANALYSIS:ANTISMASH (Erwinia_aphidicola_W03_1)	COMPLETED	0	2026-08-30 14:52:01.539	2026-08-30 14:52:01.634	2026-08-30 14:52:21.565	17.6s	2	6 GB	662.8 MB	7.4 GB	137.2%	1.1%	737.7 MB	34.7 MB
2052	09/077498	BGC_ANALYSIS:ANTISMASH_ANALYSIS:ANTISMASH (Erwinia_aphidicola_W04_2)	COMPLETED	0	2026-08-30 14:52:04.478	2026-08-30 14:52:04.576	2026-08-30 14:52:23.663	17s	2	6 GB	624.1 MB	7.4 GB	138.2%	1.0%	728.8 MB	34.3 MB
2054	83/0f095f	BGC_ANALYSIS:ANTISMASH_ANALYSIS:ANTISMASH (Erwinia_aphidicola_W04_4)	COMPLETED	0	2026-08-30 14:52:04.801	2026-08-30 14:52:04.898	2026-08-30 14:52:27.519	20.5s	2	6 GB	840.2 MB	7.8 GB	130.2%	1.4%	773 MB	56.4 MB
2042	fc/975cd0	BGC_ANALYSIS:ANTISMASH_ANALYSIS:ANTISMASH (Erwinia_aphidicola_W03_10)	COMPLETED	0	2026-08-30 14:52:08.229	2026-08-30 14:52:08.327	2026-08-30 14:52:28.039	17.8s	2	6 GB	656.7 MB	7.4 GB	136.1%	1.0%	732.3 MB	34.7 MB
2038	58/84ec29	BGC_ANALYSIS:ANTISMASH_ANALYSIS:ANTISMASH (Erwinia_aphidicola_N2_5)	COMPLETED	0	2026-08-30 14:52:09.559	2026-08-30 14:52:09.656	2026-08-30 14:52:29.161	17.4s	2	6 GB	659 MB	7.4 GB	135.0%	1.1%	725.9 MB	34.2 MB
2055	7c/aa19b5	BGC_ANALYSIS:ANTISMASH_ANALYSIS:ANTISMASH (Erwinia_aphidicola_W04_5)	COMPLETED	0	2026-08-30 14:52:09.898	2026-08-30 14:52:09.995	2026-08-30 14:52:32.250	20.1s	2	6 GB	839.4 MB	7.9 GB	127.3%	1.4%	748.5 MB	56.2 MB
2043	9f/a49954	BGC_ANALYSIS:ANTISMASH_ANALYSIS:ANTISMASH (Erwinia_aphidicola_W03_2)	COMPLETED	0	2026-08-30 14:52:19.453	2026-08-30 14:52:19.550	2026-08-30 14:52:39.480	17.6s	2	6 GB	657.6 MB	7.4 GB	135.2%	1.0%	736.1 MB	34.7 MB
2036	47/909e19	BGC_ANALYSIS:ANTISMASH_ANALYSIS:ANTISMASH (Erwinia_aphidicola_N2_3)	COMPLETED	0	2026-08-30 14:52:20.104	2026-08-30 14:52:20.199	2026-08-30 14:52:39.710	17.2s	2	6 GB	658.4 MB	7.4 GB	136.1%	1.1%	726.3 MB	34.2 MB
2058	0b/b2d084	BGC_ANALYSIS:ANTISMASH_ANALYSIS:ANTISMASH (Erwinia_aphidicola_W04_9)	COMPLETED	0	2026-08-30 14:52:23.666	2026-08-30 14:52:23.763	2026-08-30 14:52:42.959	17s	2	6 GB	624.4 MB	7.4 GB	137.2%	1.1%	731 MB	34.6 MB
2056	ca/896edb	BGC_ANALYSIS:ANTISMASH_ANALYSIS:ANTISMASH (Erwinia_aphidicola_W04_6)	COMPLETED	0	2026-08-30 14:52:21.568	2026-08-30 14:52:21.665	2026-08-30 14:52:44.896	21s	2	6 GB	836.4 MB	7.8 GB	132.4%	1.3%	775.2 MB	56.5 MB
2044	11/29af6e	BGC_ANALYSIS:ANTISMASH_ANALYSIS:ANTISMASH (Erwinia_aphidicola_W03_3)	COMPLETED	0	2026-08-30 14:52:27.523	2026-08-30 14:52:27.619	2026-08-30 14:52:47.073	17.6s	2	6 GB	663.4 MB	7.4 GB	137.0%	1.1%	733.1 MB	34.7 MB
2046	64/7bb163	BGC_ANALYSIS:ANTISMASH_ANALYSIS:ANTISMASH (Erwinia_aphidicola_W03_5)	COMPLETED	0	2026-08-30 14:52:28.051	2026-08-30 14:52:28.142	2026-08-30 14:52:47.808	17.6s	2	6 GB	663.8 MB	7.4 GB	136.8%	1.1%	733.7 MB	34.7 MB
2067	ff/ba5cd0	BGC_ANALYSIS:ANTISMASH_ANALYSIS:ANTISMASH (Erwinia_aphidicola_W09_1)	COMPLETED	0	2026-08-30 14:52:32.253	2026-08-30 14:52:32.351	2026-08-30 14:52:51.868	17.4s	2	6 GB	658.7 MB	7.4 GB	135.2%	1.0%	733.5 MB	34.9 MB
2057	98/baa8c7	BGC_ANALYSIS:ANTISMASH_ANALYSIS:ANTISMASH (Erwinia_aphidicola_W04_7)	COMPLETED	0	2026-08-30 14:52:29.167	2026-08-30 14:52:29.262	2026-08-30 14:52:51.961	20.5s	2	6 GB	832.1 MB	7.8 GB	130.3%	1.3%	768.7 MB	56.3 MB
2040	57/a12ebf	BGC_ANALYSIS:ANTISMASH_ANALYSIS:ANTISMASH (Erwinia_aphidicola_W01_5)	COMPLETED	0	2026-08-30 14:52:42.963	2026-08-30 14:52:43.060	2026-08-30 14:53:02.666	17.2s	2	6 GB	618 MB	7.4 GB	139.6%	1.1%	729.1 MB	34.4 MB
2053	08/b48a39	BGC_ANALYSIS:ANTISMASH_ANALYSIS:ANTISMASH (Erwinia_aphidicola_W04_3)	COMPLETED	0	2026-08-30 14:52:39.483	2026-08-30 14:52:39.579	2026-08-30 14:53:02.670	20.8s	2	6 GB	835.5 MB	7.8 GB	131.2%	1.3%	760.4 MB	56.2 MB
2051	51/ce226b	BGC_ANALYSIS:ANTISMASH_ANALYSIS:ANTISMASH (Erwinia_aphidicola_W04_10)	COMPLETED	0	2026-08-30 14:52:39.713	2026-08-30 14:52:39.810	2026-08-30 14:53:02.865	20.8s	2	6 GB	836.2 MB	7.8 GB	132.3%	1.3%	774.6 MB	56.4 MB
2045	00/275d71	BGC_ANALYSIS:ANTISMASH_ANALYSIS:ANTISMASH (Erwinia_aphidicola_W03_4)	COMPLETED	0	2026-08-30 14:52:44.901	2026-08-30 14:52:44.996	2026-08-30 14:53:04.508	17.4s	2	6 GB	640.7 MB	7.4 GB	139.5%	1.1%	732.7 MB	34.7 MB
2060	42/1940e0	BGC_ANALYSIS:ANTISMASH_ANALYSIS:ANTISMASH (Erwinia_aphidicola_W06_10)	COMPLETED	0	2026-08-30 14:52:47.076	2026-08-30 14:52:47.172	2026-08-30 14:53:06.761	17.5s	2	6 GB	616.8 MB	7.4 GB	135.3%	1.1%	713.1 MB	33.9 MB
2059	6d/dfcb59	BGC_ANALYSIS:ANTISMASH_ANALYSIS:ANTISMASH (Erwinia_aphidicola_W06_1)	COMPLETED	0	2026-08-30 14:52:47.811	2026-08-30 14:52:47.908	2026-08-30 14:53:07.516	17.4s	2	6 GB	622.8 MB	7.4 GB	135.4%	1.0%	710.3 MB	33.9 MB
2047	db/6fda14	BGC_ANALYSIS:ANTISMASH_ANALYSIS:ANTISMASH (Erwinia_aphidicola_W03_6)	COMPLETED	0	2026-08-30 14:52:51.871	2026-08-30 14:52:51.961	2026-08-30 14:53:11.657	17.4s	2	6 GB	640.7 MB	7.4 GB	133.3%	1.1%	731.9 MB	34.7 MB
2074	6b/bbc12a	BGC_ANALYSIS:ANTISMASH_ANALYSIS:ANTISMASH (Erwinia_aphidicola_W09_8)	COMPLETED	0	2026-08-30 14:52:51.965	2026-08-30 14:52:52.061	2026-08-30 14:53:14.887	20.6s	2	6 GB	833.4 MB	7.8 GB	126.5%	1.3%	775.1 MB	56.8 MB
2061	2c/4dde9a	BGC_ANALYSIS:ANTISMASH_ANALYSIS:ANTISMASH (Erwinia_aphidicola_W06_2)	COMPLETED	0	2026-08-30 14:53:02.669	2026-08-30 14:53:02.770	2026-08-30 14:53:21.420	16.5s	2	6 GB	637.5 MB	7.4 GB	133.9%	1.1%	713.1 MB	33.9 MB
2039	e0/bcebae	BGC_ANALYSIS:ANTISMASH_ANALYSIS:ANTISMASH (Erwinia_aphidicola_N2_6)	COMPLETED	0	2026-08-30 14:53:02.868	2026-08-30 14:53:02.966	2026-08-30 14:53:26.111	20.9s	2	6 GB	827 MB	7.8 GB	130.6%	1.3%	805.8 MB	56.7 MB
2064	95/5f65b6	BGC_ANALYSIS:ANTISMASH_ANALYSIS:ANTISMASH (Erwinia_aphidicola_W06_7)	COMPLETED	0	2026-08-30 14:53:06.765	2026-08-30 14:53:06.866	2026-08-30 14:53:26.137	17.3s	2	6 GB	627.1 MB	7.4 GB	136.4%	1.1%	715.2 MB	33.9 MB
2066	99/e8f778	BGC_ANALYSIS:ANTISMASH_ANALYSIS:ANTISMASH (Erwinia_aphidicola_W06_9)	COMPLETED	0	2026-08-30 14:53:07.521	2026-08-30 14:53:07.616	2026-08-30 14:53:26.986	17.3s	2	6 GB	621.8 MB	7.4 GB	137.4%	1.1%	714.7 MB	34 MB
2068	a1/a1bcd8	BGC_ANALYSIS:ANTISMASH_ANALYSIS:ANTISMASH (Erwinia_aphidicola_W09_2)	COMPLETED	0	2026-08-30 14:53:04.512	2026-08-30 14:53:04.609	2026-08-30 14:53:27.366	20.7s	2	6 GB	832.7 MB	7.8 GB	134.0%	1.4%	785 MB	56.9 MB
2077	77/725a4b	BGC_ANALYSIS:ANTISMASH_ANALYSIS:ANTISMASH (Erwinia_aphidicola_W10_3)	COMPLETED	0	2026-08-30 14:53:14.891	2026-08-30 14:53:14.987	2026-08-30 14:53:34.185	16.9s	2	6 GB	651.3 MB	7.4 GB	131.2%	1.0%	713.7 MB	33.8 MB
2080	cb/8b3b0e	BGC_ANALYSIS:ANTISMASH_ANALYSIS:ANTISMASH (Erwinia_aphidicola_W10_6)	COMPLETED	0	2026-08-30 14:53:11.661	2026-08-30 14:53:11.757	2026-08-30 14:53:34.233	20.4s	2	6 GB	818.4 MB	7.8 GB	127.1%	1.3%	753.2 MB	54.9 MB
2282	d1/8278e0	BGC_ANALYSIS:ANTISMASH_ANALYSIS:ANTISMASH (Pantoea_piersonii_F9_8S_D1_EB4)	COMPLETED	0	2026-08-30 14:53:02.674	2026-08-30 14:53:02.770	2026-08-30 14:53:38.580	33.7s	2	6 GB	736.3 MB	7.8 GB	94.9%	1.2%	1.3 GB	69.4 MB
2065	30/9eb3b2	BGC_ANALYSIS:ANTISMASH_ANALYSIS:ANTISMASH (Erwinia_aphidicola_W06_8)	COMPLETED	0	2026-08-30 14:53:21.423	2026-08-30 14:53:21.520	2026-08-30 14:53:40.358	16.6s	2	6 GB	617.1 MB	7.4 GB	132.8%	1.1%	715.2 MB	34 MB
2063	b3/4991a6	BGC_ANALYSIS:ANTISMASH_ANALYSIS:ANTISMASH (Erwinia_aphidicola_W06_6)	COMPLETED	0	2026-08-30 14:53:26.115	2026-08-30 14:53:26.137	2026-08-30 14:53:45.088	16.9s	2	6 GB	622.7 MB	7.4 GB	133.2%	1.1%	714.3 MB	33.9 MB
2062	14/b1954d	BGC_ANALYSIS:ANTISMASH_ANALYSIS:ANTISMASH (Erwinia_aphidicola_W06_3)	COMPLETED	0	2026-08-30 14:53:26.989	2026-08-30 14:53:27.086	2026-08-30 14:53:46.139	16.9s	2	6 GB	617.4 MB	7.4 GB	134.6%	1.1%	715 MB	33.9 MB
2082	8d/601b18	BGC_ANALYSIS:ANTISMASH_ANALYSIS:ANTISMASH (Erwinia_aphidicola_W10_8)	COMPLETED	0	2026-08-30 14:53:26.140	2026-08-30 14:53:26.237	2026-08-30 14:53:48.474	20.2s	2	6 GB	831.6 MB	7.8 GB	128.3%	1.4%	755.5 MB	55 MB
2079	3c/45bdd0	BGC_ANALYSIS:ANTISMASH_ANALYSIS:ANTISMASH (Erwinia_aphidicola_W10_5)	COMPLETED	0	2026-08-30 14:53:27.370	2026-08-30 14:53:27.466	2026-08-30 14:53:49.552	20s	2	6 GB	821.4 MB	7.8 GB	129.2%	1.3%	755.8 MB	55.1 MB
2069	06/5eaf4a	BGC_ANALYSIS:ANTISMASH_ANALYSIS:ANTISMASH (Erwinia_aphidicola_W09_3)	COMPLETED	0	2026-08-30 14:53:34.189	2026-08-30 14:53:34.233	2026-08-30 14:53:57.045	20.8s	2	6 GB	799.3 MB	7.8 GB	130.5%	1.3%	775.7 MB	57 MB
2070	62/d05ee1	BGC_ANALYSIS:ANTISMASH_ANALYSIS:ANTISMASH (Erwinia_aphidicola_W09_4)	COMPLETED	0	2026-08-30 14:53:34.237	2026-08-30 14:53:34.333	2026-08-30 14:53:57.634	21.1s	2	6 GB	788.6 MB	7.8 GB	130.4%	1.3%	779.1 MB	57 MB
2086	01/50b1e8	BGC_ANALYSIS:ANTISMASH_ANALYSIS:ANTISMASH (Erwinia_aphidicola_Z9_3)	COMPLETED	0	2026-08-30 14:53:38.585	2026-08-30 14:53:38.680	2026-08-30 14:53:58.479	17.6s	2	6 GB	664.4 MB	7.4 GB	136.6%	1.0%	738.6 MB	34.9 MB
2072	59/878f62	BGC_ANALYSIS:ANTISMASH_ANALYSIS:ANTISMASH (Erwinia_aphidicola_W09_6)	COMPLETED	0	2026-08-30 14:53:40.361	2026-08-30 14:53:40.458	2026-08-30 14:54:00.013	17.2s	2	6 GB	620.2 MB	7.4 GB	137.1%	1.1%	731 MB	34.9 MB
2090	a4/5e1022	BGC_ANALYSIS:ANTISMASH_ANALYSIS:ANTISMASH (Erwinia_sp._E_sp_B04_7)	COMPLETED	0	2026-08-30 14:53:45.092	2026-08-30 14:53:45.189	2026-08-30 14:54:04.449	17.2s	2	6 GB	670.8 MB	7.4 GB	133.6%	1.0%	754.8 MB	35.7 MB
2092	12/381d33	BGC_ANALYSIS:ANTISMASH_ANALYSIS:ANTISMASH (Erwinia_sp._E_sp_B04_9)	COMPLETED	0	2026-08-30 14:53:46.143	2026-08-30 14:53:46.239	2026-08-30 14:54:05.474	17s	2	6 GB	670.8 MB	7.4 GB	132.7%	1.0%	756 MB	35.7 MB
2073	e6/09c4be	BGC_ANALYSIS:ANTISMASH_ANALYSIS:ANTISMASH (Erwinia_aphidicola_W09_7)	COMPLETED	0	2026-08-30 14:53:48.478	2026-08-30 14:53:48.578	2026-08-30 14:54:11.517	20.7s	2	6 GB	833 MB	7.9 GB	129.9%	1.4%	776.1 MB	56.9 MB
2071	ee/87426a	BGC_ANALYSIS:ANTISMASH_ANALYSIS:ANTISMASH (Erwinia_aphidicola_W09_5)	COMPLETED	0	2026-08-30 14:53:49.556	2026-08-30 14:53:49.651	2026-08-30 14:54:12.757	20.9s	2	6 GB	795.8 MB	7.8 GB	130.5%	1.3%	776.7 MB	57 MB
2076	e2/6514c3	BGC_ANALYSIS:ANTISMASH_ANALYSIS:ANTISMASH (Erwinia_aphidicola_W10_10)	COMPLETED	0	2026-08-30 14:53:57.049	2026-08-30 14:53:57.146	2026-08-30 14:54:19.518	20.3s	2	6 GB	821.5 MB	7.8 GB	129.3%	1.3%	753 MB	55 MB
2075	d4/f3bf36	BGC_ANALYSIS:ANTISMASH_ANALYSIS:ANTISMASH (Erwinia_aphidicola_W10_1)	COMPLETED	0	2026-08-30 14:53:57.638	2026-08-30 14:53:57.735	2026-08-30 14:54:20.391	20.6s	2	6 GB	830.8 MB	7.8 GB	128.8%	1.3%	755 MB	55 MB
2078	2d/88c306	BGC_ANALYSIS:ANTISMASH_ANALYSIS:ANTISMASH (Erwinia_aphidicola_W10_4)	COMPLETED	0	2026-08-30 14:53:58.482	2026-08-30 14:53:58.579	2026-08-30 14:54:21.160	20.5s	2	6 GB	820.5 MB	7.8 GB	129.2%	1.3%	754.4 MB	55 MB
2084	78/9d6a2d	BGC_ANALYSIS:ANTISMASH_ANALYSIS:ANTISMASH (Erwinia_aphidicola_W11_1)	COMPLETED	0	2026-08-30 14:54:04.453	2026-08-30 14:54:04.549	2026-08-30 14:54:27.130	20.5s	2	6 GB	840 MB	7.8 GB	130.0%	1.4%	770.8 MB	56.6 MB
2083	08/265f74	BGC_ANALYSIS:ANTISMASH_ANALYSIS:ANTISMASH (Erwinia_aphidicola_W10_9)	COMPLETED	0	2026-08-30 14:54:05.477	2026-08-30 14:54:05.574	2026-08-30 14:54:28.364	20.6s	2	6 GB	819.7 MB	7.8 GB	126.7%	1.3%	755.8 MB	55 MB
2081	0f/c6a87c	BGC_ANALYSIS:ANTISMASH_ANALYSIS:ANTISMASH (Erwinia_aphidicola_W10_7)	COMPLETED	0	2026-08-30 14:54:11.522	2026-08-30 14:54:11.617	2026-08-30 14:54:34.372	20.4s	2	6 GB	822.1 MB	7.8 GB	128.5%	1.3%	751.9 MB	54.9 MB
2085	0c/157c7c	BGC_ANALYSIS:ANTISMASH_ANALYSIS:ANTISMASH (Erwinia_aphidicola_Z9_1)	COMPLETED	0	2026-08-30 14:54:12.760	2026-08-30 14:54:12.857	2026-08-30 14:54:35.522	20.4s	2	6 GB	835.9 MB	7.8 GB	131.1%	1.3%	766.1 MB	56.3 MB
2095	ef/5c7f8f	BGC_ANALYSIS:ANTISMASH_ANALYSIS:ANTISMASH (Mixta_calida_CTOTU50294)	COMPLETED	0	2026-08-30 14:54:00.018	2026-08-30 14:54:00.113	2026-08-30 14:54:38.289	36.1s	2	6 GB	479.5 MB	7.7 GB	97.3%	0.7%	1.5 GB	57.7 MB
2087	5d/a8b930	BGC_ANALYSIS:ANTISMASH_ANALYSIS:ANTISMASH (Erwinia_billingiae_W05_1)	COMPLETED	0	2026-08-30 14:54:19.521	2026-08-30 14:54:19.619	2026-08-30 14:54:38.937	17.3s	2	6 GB	667.2 MB	7.4 GB	137.2%	1.0%	767.2 MB	35.9 MB
2089	13/1c42a2	BGC_ANALYSIS:ANTISMASH_ANALYSIS:ANTISMASH (Erwinia_sp._E_sp_B01_3)	COMPLETED	0	2026-08-30 14:54:20.394	2026-08-30 14:54:20.492	2026-08-30 14:54:39.252	16.7s	2	6 GB	671 MB	7.4 GB	136.9%	1.0%	732.6 MB	35.4 MB
2091	ca/ac453e	BGC_ANALYSIS:ANTISMASH_ANALYSIS:ANTISMASH (Erwinia_sp._E_sp_B04_8)	COMPLETED	0	2026-08-30 14:54:21.164	2026-08-30 14:54:21.260	2026-08-30 14:54:40.604	17.3s	2	6 GB	677.5 MB	7.4 GB	136.9%	1.0%	758.6 MB	35.7 MB
2097	33/c90345	BGC_ANALYSIS:ANTISMASH_ANALYSIS:ANTISMASH (Buchnera_aphidicola_Formosaphis_micheliae_Formi27)	COMPLETED	0	2026-08-30 14:54:38.292	2026-08-30 14:54:38.389	2026-08-30 14:54:46.501	6.1s	2	6 GB	214 MB	2.7 GB	101.5%	0.3%	251.7 MB	8 MB
2093	98/b1d90c	BGC_ANALYSIS:ANTISMASH_ANALYSIS:ANTISMASH (Erwinia_sp._E_sp_W01_1)	COMPLETED	0	2026-08-30 14:54:27.133	2026-08-30 14:54:27.230	2026-08-30 14:54:46.682	17.4s	2	6 GB	670.9 MB	7.4 GB	133.6%	1.0%	751 MB	35.6 MB
2099	11/dbdbd6	BGC_ANALYSIS:ANTISMASH_ANALYSIS:ANTISMASH (Buchnera_aphidicola_Taiwanaphis_decaspermi_Taide29)	COMPLETED	0	2026-08-30 14:54:39.256	2026-08-30 14:54:39.352	2026-08-30 14:54:47.325	5.9s	2	6 GB	211.4 MB	2.7 GB	103.8%	0.3%	245.6 MB	7.2 MB
2088	02/196942	BGC_ANALYSIS:ANTISMASH_ANALYSIS:ANTISMASH (Erwinia_sp._E_sp_B01_1)	COMPLETED	0	2026-08-30 14:54:28.368	2026-08-30 14:54:28.464	2026-08-30 14:54:48.133	17.4s	2	6 GB	670.3 MB	7.4 GB	133.6%	1.0%	760 MB	35.7 MB
2094	1e/2db08a	BGC_ANALYSIS:ANTISMASH_ANALYSIS:ANTISMASH (Erwinia_sp._E_sp_W01_6)	COMPLETED	0	2026-08-30 14:54:34.377	2026-08-30 14:54:34.472	2026-08-30 14:54:52.330	15.7s	2	6 GB	676.7 MB	7.4 GB	133.0%	1.1%	709.8 MB	35.1 MB
2098	a7/5da283	BGC_ANALYSIS:ANTISMASH_ANALYSIS:ANTISMASH (Buchnera_aphidicola_Formosaphis_micheliae_Formi28)	COMPLETED	0	2026-08-30 14:54:46.685	2026-08-30 14:54:46.782	2026-08-30 14:54:54.425	5.5s	2	6 GB	212.3 MB	2.7 GB	103.8%	0.3%	251.2 MB	8 MB
2112	5c/d01263	BGC_ANALYSIS:ANTISMASH_ANALYSIS:ANTISMASH (Pantoea_agglomerans_Pa13-5)	COMPLETED	0	2026-08-30 14:54:47.329	2026-08-30 14:54:47.425	2026-08-30 14:55:12.179	22.7s	2	6 GB	836.7 MB	7.8 GB	122.8%	1.4%	1003.7 MB	64.8 MB
2106	e6/d70fce	BGC_ANALYSIS:ANTISMASH_ANALYSIS:ANTISMASH (Erwinia_sp._Eh17-17)	COMPLETED	0	2026-08-30 14:54:40.608	2026-08-30 14:54:40.705	2026-08-30 14:55:15.306	32.5s	2	6 GB	759 MB	7.8 GB	96.1%	1.3%	1.3 GB	69.8 MB
2103	76/6bfcfa	BGC_ANALYSIS:ANTISMASH_ANALYSIS:ANTISMASH (Erwinia_billingiae_Eb21-1)	COMPLETED	0	2026-08-30 14:54:48.137	2026-08-30 14:54:48.234	2026-08-30 14:55:16.448	26.1s	2	6 GB	777.1 MB	7.8 GB	110.1%	1.3%	1.1 GB	68.8 MB
2102	f3/549a0c	BGC_ANALYSIS:ANTISMASH_ANALYSIS:ANTISMASH (Erwinia_amylovora_Ea9-2)	COMPLETED	0	2026-08-30 14:54:38.940	2026-08-30 14:54:39.037	2026-08-30 14:55:16.523	35.5s	2	6 GB	700.9 MB	7.8 GB	95.2%	1.1%	1.5 GB	67.6 MB
2110	9b/9dc501	BGC_ANALYSIS:ANTISMASH_ANALYSIS:ANTISMASH (Pantoea_agglomerans_Pa13-1)	COMPLETED	0	2026-08-30 14:54:52.334	2026-08-30 14:54:52.430	2026-08-30 14:55:16.582	22.2s	2	6 GB	791.4 MB	7.8 GB	125.1%	1.3%	916.3 MB	60.9 MB
2100	1b/53c41c	BGC_ANALYSIS:ANTISMASH_ANALYSIS:ANTISMASH (Duffyella_gerundensis_Eg31-2_2)	COMPLETED	0	2026-08-30 14:54:46.504	2026-08-30 14:54:46.601	2026-08-30 14:55:26.279	37.6s	2	6 GB	671.8 MB	7.7 GB	95.9%	1.1%	1.7 GB	78.5 MB
2105	d3/fb4a6b	BGC_ANALYSIS:ANTISMASH_ANALYSIS:ANTISMASH (Erwinia_billingiae_Pa21-15)	COMPLETED	0	2026-08-30 14:54:54.428	2026-08-30 14:54:54.529	2026-08-30 14:55:27.677	31.2s	2	6 GB	830.9 MB	7.8 GB	99.5%	1.3%	1.3 GB	74.7 MB
2111	c4/5a126e	BGC_ANALYSIS:ANTISMASH_ANALYSIS:ANTISMASH (Pantoea_agglomerans_Pa13-4)	COMPLETED	0	2026-08-30 14:55:12.182	2026-08-30 14:55:12.279	2026-08-30 14:55:34.994	20.8s	2	6 GB	781.6 MB	7.8 GB	127.5%	1.3%	863.9 MB	58.8 MB
2114	67/294ca0	BGC_ANALYSIS:ANTISMASH_ANALYSIS:ANTISMASH (Pantoea_agglomerans_Pa17-5_2)	COMPLETED	0	2026-08-30 14:55:16.585	2026-08-30 14:55:16.683	2026-08-30 14:55:39.154	20.6s	2	6 GB	800.3 MB	7.8 GB	125.9%	1.3%	872.7 MB	60.9 MB
2117	69/ef6900	BGC_ANALYSIS:ANTISMASH_ANALYSIS:ANTISMASH (Pantoea_agglomerans_Pa21-13_3)	COMPLETED	0	2026-08-30 14:55:16.452	2026-08-30 14:55:16.524	2026-08-30 14:55:40.243	21.8s	2	6 GB	804 MB	7.8 GB	127.4%	1.3%	922.6 MB	61.1 MB
2109	8c/e9edf7	BGC_ANALYSIS:ANTISMASH_ANALYSIS:ANTISMASH (Pantoea_agglomerans_Pa1-28_2)	COMPLETED	0	2026-08-30 14:55:16.526	2026-08-30 14:55:16.582	2026-08-30 14:55:43.239	24.8s	2	6 GB	806.1 MB	7.8 GB	122.0%	1.4%	1.1 GB	67.2 MB
2104	77/7978db	BGC_ANALYSIS:ANTISMASH_ANALYSIS:ANTISMASH (Erwinia_billingiae_Eb21-18)	COMPLETED	0	2026-08-30 14:55:15.311	2026-08-30 14:55:15.406	2026-08-30 14:55:49.920	32.7s	2	6 GB	813.2 MB	7.8 GB	94.6%	1.3%	1.3 GB	73.7 MB
2107	93/a26973	BGC_ANALYSIS:ANTISMASH_ANALYSIS:ANTISMASH (Erwinia_sp._HDF1-3R_HDF1-3R)	COMPLETED	0	2026-08-30 14:55:27.681	2026-08-30 14:55:27.777	2026-08-30 14:55:50.933	20.9s	2	6 GB	837.3 MB	7.8 GB	131.4%	1.4%	803.8 MB	57.8 MB
2108	fc/cadc9a	BGC_ANALYSIS:ANTISMASH_ANALYSIS:ANTISMASH (Pantoea_agglomerans_Pa1-28)	COMPLETED	0	2026-08-30 14:55:26.283	2026-08-30 14:55:26.379	2026-08-30 14:55:53.667	25.2s	2	6 GB	818.2 MB	7.8 GB	122.8%	1.3%	1.1 GB	67.6 MB
2113	8c/326511	BGC_ANALYSIS:ANTISMASH_ANALYSIS:ANTISMASH (Pantoea_agglomerans_Pa17-1_2)	COMPLETED	0	2026-08-30 14:55:39.157	2026-08-30 14:55:39.254	2026-08-30 14:56:02.946	21.6s	2	6 GB	748.5 MB	7.8 GB	128.1%	1.3%	878.3 MB	60.1 MB
2122	2b/ea5e1f	BGC_ANALYSIS:ANTISMASH_ANALYSIS:ANTISMASH (Pantoea_agglomerans_Pa21-17)	COMPLETED	0	2026-08-30 14:55:40.246	2026-08-30 14:55:40.343	2026-08-30 14:56:06.147	23.6s	2	6 GB	786.2 MB	7.8 GB	124.6%	1.3%	987.8 MB	63.2 MB
2120	ed/f18f2f	BGC_ANALYSIS:ANTISMASH_ANALYSIS:ANTISMASH (Pantoea_agglomerans_Pa21-15_3)	COMPLETED	0	2026-08-30 14:55:43.243	2026-08-30 14:55:43.339	2026-08-30 14:56:07.402	22s	2	6 GB	778.3 MB	7.8 GB	127.9%	1.3%	902.3 MB	60.7 MB
2101	ad/f517f5	BGC_ANALYSIS:ANTISMASH_ANALYSIS:ANTISMASH (Erwinia_amylovora_Ea45-1)	COMPLETED	0	2026-08-30 14:55:34.998	2026-08-30 14:55:35.094	2026-08-30 14:56:08.722	31.6s	2	6 GB	632.3 MB	7.7 GB	100.0%	1.0%	1.3 GB	62.1 MB
2115	f8/b6fbde	BGC_ANALYSIS:ANTISMASH_ANALYSIS:ANTISMASH (Pantoea_agglomerans_Pa21-12)	COMPLETED	0	2026-08-30 14:55:50.937	2026-08-30 14:55:51.033	2026-08-30 14:56:14.781	21.5s	2	6 GB	813.6 MB	7.8 GB	128.7%	1.4%	875.7 MB	59.8 MB
2124	4a/0d4a9a	BGC_ANALYSIS:ANTISMASH_ANALYSIS:ANTISMASH (Pantoea_agglomerans_Pa21-19)	COMPLETED	0	2026-08-30 14:55:49.924	2026-08-30 14:55:50.020	2026-08-30 14:56:14.928	22.9s	2	6 GB	812.9 MB	7.8 GB	125.8%	1.3%	942.3 MB	63.2 MB
2131	9c/88ed68	BGC_ANALYSIS:ANTISMASH_ANALYSIS:ANTISMASH (Pantoea_agglomerans_Pa31-4_2)	COMPLETED	0	2026-08-30 14:55:53.671	2026-08-30 14:55:53.767	2026-08-30 14:56:17.780	21.9s	2	6 GB	779.4 MB	7.8 GB	126.6%	1.3%	876.5 MB	61.4 MB
2096	c3/704ec6	BGC_ANALYSIS:ANTISMASH_ANALYSIS:ANTISMASH (Pantoea_agglomerans_CTOTU50771)	COMPLETED	0	2026-08-30 14:54:35.534	2026-08-30 14:54:35.622	2026-08-30 14:56:18.750	1m 41s	2	6 GB	496.2 MB	7.6 GB	105.4%	0.8%	5.1 GB	148.2 MB
2118	dd/98d07c	BGC_ANALYSIS:ANTISMASH_ANALYSIS:ANTISMASH (Pantoea_agglomerans_Pa21-13_4)	COMPLETED	0	2026-08-30 14:56:06.151	2026-08-30 14:56:06.247	2026-08-30 14:56:28.859	20.5s	2	6 GB	786.9 MB	7.8 GB	128.9%	1.3%	837.5 MB	57.5 MB
2134	95/cc1ae2	BGC_ANALYSIS:ANTISMASH_ANALYSIS:ANTISMASH (Pantoea_agglomerans_Pa39-11)	COMPLETED	0	2026-08-30 14:56:07.406	2026-08-30 14:56:07.502	2026-08-30 14:56:30.433	20.9s	2	6 GB	797.7 MB	7.8 GB	127.9%	1.4%	848.7 MB	58.7 MB
2126	62/9fce10	BGC_ANALYSIS:ANTISMASH_ANALYSIS:ANTISMASH (Pantoea_agglomerans_Pa21-221)	COMPLETED	0	2026-08-30 14:56:08.725	2026-08-30 14:56:08.822	2026-08-30 14:56:33.763	22.9s	2	6 GB	770.2 MB	7.8 GB	124.4%	1.3%	922.7 MB	61.1 MB
2132	09/adc73a	BGC_ANALYSIS:ANTISMASH_ANALYSIS:ANTISMASH (Pantoea_agglomerans_Pa31-7)	COMPLETED	0	2026-08-30 14:56:02.950	2026-08-30 14:56:03.046	2026-08-30 14:56:35.983	30.7s	2	6 GB	811.2 MB	7.8 GB	116.6%	1.3%	1.4 GB	76.6 MB
2116	d5/1902ba	BGC_ANALYSIS:ANTISMASH_ANALYSIS:ANTISMASH (Pantoea_agglomerans_Pa21-13_2)	COMPLETED	0	2026-08-30 14:56:14.784	2026-08-30 14:56:14.881	2026-08-30 14:56:38.859	21.8s	2	6 GB	800.5 MB	7.8 GB	128.3%	1.3%	874.2 MB	59.8 MB
2121	4e/ac209c	BGC_ANALYSIS:ANTISMASH_ANALYSIS:ANTISMASH (Pantoea_agglomerans_Pa21-16)	COMPLETED	0	2026-08-30 14:56:14.931	2026-08-30 14:56:15.028	2026-08-30 14:56:39.885	22.7s	2	6 GB	787.9 MB	7.8 GB	122.0%	1.3%	873.9 MB	59.8 MB
2128	00/0215ec	BGC_ANALYSIS:ANTISMASH_ANALYSIS:ANTISMASH (Pantoea_agglomerans_Pa21-3_2)	COMPLETED	0	2026-08-30 14:56:17.783	2026-08-30 14:56:17.880	2026-08-30 14:56:44.550	24.6s	2	6 GB	838.1 MB	7.9 GB	120.5%	1.4%	1 GB	66.7 MB
2130	5e/fb4b7c	BGC_ANALYSIS:ANTISMASH_ANALYSIS:ANTISMASH (Pantoea_agglomerans_Pa31-3_2)	COMPLETED	0	2026-08-30 14:56:18.754	2026-08-30 14:56:18.850	2026-08-30 14:56:45.844	24.9s	2	6 GB	834.6 MB	7.9 GB	118.9%	1.4%	1.1 GB	67.2 MB
2127	fc/5e6d6f	BGC_ANALYSIS:ANTISMASH_ANALYSIS:ANTISMASH (Pantoea_agglomerans_Pa21-23)	COMPLETED	0	2026-08-30 14:56:28.863	2026-08-30 14:56:28.959	2026-08-30 14:56:52.603	21.5s	2	6 GB	770.9 MB	7.8 GB	125.7%	1.3%	872.3 MB	59.4 MB
2125	27/36cfcb	BGC_ANALYSIS:ANTISMASH_ANALYSIS:ANTISMASH (Pantoea_agglomerans_Pa21-20)	COMPLETED	0	2026-08-30 14:56:30.437	2026-08-30 14:56:30.533	2026-08-30 14:56:54.416	21.6s	2	6 GB	785.2 MB	7.8 GB	126.9%	1.4%	875.7 MB	59.8 MB
2123	cb/9cef92	BGC_ANALYSIS:ANTISMASH_ANALYSIS:ANTISMASH (Pantoea_agglomerans_Pa21-18)	COMPLETED	0	2026-08-30 14:56:33.767	2026-08-30 14:56:33.863	2026-08-30 14:56:58.983	23.1s	2	6 GB	788.5 MB	7.8 GB	122.5%	1.4%	965.9 MB	62.4 MB
2119	c4/ecab1a	BGC_ANALYSIS:ANTISMASH_ANALYSIS:ANTISMASH (Pantoea_agglomerans_Pa21-15_2)	COMPLETED	0	2026-08-30 14:56:39.889	2026-08-30 14:56:39.986	2026-08-30 14:57:04.205	22.1s	2	6 GB	779.4 MB	7.8 GB	127.2%	1.3%	902.1 MB	60.7 MB
2139	56/d60f6a	BGC_ANALYSIS:ANTISMASH_ANALYSIS:ANTISMASH (Pantoea_agglomerans_Pa39-13)	COMPLETED	0	2026-08-30 14:56:35.987	2026-08-30 14:56:36.086	2026-08-30 14:57:05.652	27.5s	2	6 GB	752.2 MB	7.8 GB	121.3%	1.3%	1.2 GB	69.2 MB
2129	c8/6c1670	BGC_ANALYSIS:ANTISMASH_ANALYSIS:ANTISMASH (Pantoea_agglomerans_Pa21-5_2)	COMPLETED	0	2026-08-30 14:56:44.553	2026-08-30 14:56:44.650	2026-08-30 14:57:08.621	21.9s	2	6 GB	810.7 MB	7.8 GB	127.1%	1.3%	881.6 MB	60.2 MB
2146	de/0ac75b	BGC_ANALYSIS:ANTISMASH_ANALYSIS:ANTISMASH (Pantoea_agglomerans_Pa39-18)	COMPLETED	0	2026-08-30 14:56:38.863	2026-08-30 14:56:38.959	2026-08-30 14:57:08.985	28s	2	6 GB	847.4 MB	7.9 GB	118.5%	1.4%	1.2 GB	73.9 MB
2133	39/f20cf2	BGC_ANALYSIS:ANTISMASH_ANALYSIS:ANTISMASH (Pantoea_agglomerans_Pa39-10)	COMPLETED	0	2026-08-30 14:56:45.848	2026-08-30 14:56:45.944	2026-08-30 14:57:13.895	25.7s	2	6 GB	847 MB	7.9 GB	118.6%	1.4%	1.1 GB	69.6 MB
2148	9b/708b34	BGC_ANALYSIS:ANTISMASH_ANALYSIS:ANTISMASH (Pantoea_agglomerans_Pa39-1_3)	COMPLETED	0	2026-08-30 14:56:52.607	2026-08-30 14:56:52.703	2026-08-30 14:57:17.536	22.5s	2	6 GB	760.4 MB	7.8 GB	122.2%	1.3%	913.9 MB	62 MB
2135	55/fcdd7c	BGC_ANALYSIS:ANTISMASH_ANALYSIS:ANTISMASH (Pantoea_agglomerans_Pa39-11_2)	COMPLETED	0	2026-08-30 14:56:54.419	2026-08-30 14:56:54.516	2026-08-30 14:57:17.764	21s	2	6 GB	778 MB	7.8 GB	125.2%	1.3%	848.6 MB	58.7 MB
2151	ab/c4688b	BGC_ANALYSIS:ANTISMASH_ANALYSIS:ANTISMASH (Pantoea_agglomerans_Pa39-20)	COMPLETED	0	2026-08-30 14:56:58.987	2026-08-30 14:56:59.083	2026-08-30 14:57:23.263	22.1s	2	6 GB	816.2 MB	7.8 GB	123.8%	1.3%	893.5 MB	61.5 MB
2137	47/d18098	BGC_ANALYSIS:ANTISMASH_ANALYSIS:ANTISMASH (Pantoea_agglomerans_Pa39-11_4)	COMPLETED	0	2026-08-30 14:57:04.209	2026-08-30 14:57:04.306	2026-08-30 14:57:28.158	21.7s	2	6 GB	814.6 MB	7.8 GB	125.0%	1.3%	848.8 MB	58.7 MB
2136	66/5b6a8b	BGC_ANALYSIS:ANTISMASH_ANALYSIS:ANTISMASH (Pantoea_agglomerans_Pa39-11_3)	COMPLETED	0	2026-08-30 14:57:05.655	2026-08-30 14:57:05.752	2026-08-30 14:57:29.291	21.4s	2	6 GB	787 MB	7.8 GB	126.3%	1.4%	869.4 MB	59.2 MB
2138	9c/03b3f0	BGC_ANALYSIS:ANTISMASH_ANALYSIS:ANTISMASH (Pantoea_agglomerans_Pa39-11_5)	COMPLETED	0	2026-08-30 14:57:08.625	2026-08-30 14:57:08.721	2026-08-30 14:57:32.604	21.8s	2	6 GB	781.8 MB	7.8 GB	127.0%	1.3%	869.5 MB	59.2 MB
2143	20/17584c	BGC_ANALYSIS:ANTISMASH_ANALYSIS:ANTISMASH (Pantoea_agglomerans_Pa39-15_2)	COMPLETED	0	2026-08-30 14:57:13.899	2026-08-30 14:57:13.995	2026-08-30 14:57:41.935	25.9s	2	6 GB	756.4 MB	7.8 GB	119.0%	1.3%	1.1 GB	67.5 MB
2142	d7/7a1fb1	BGC_ANALYSIS:ANTISMASH_ANALYSIS:ANTISMASH (Pantoea_agglomerans_Pa39-15)	COMPLETED	0	2026-08-30 14:57:17.540	2026-08-30 14:57:17.637	2026-08-30 14:57:45.661	25.8s	2	6 GB	817.6 MB	7.8 GB	122.9%	1.3%	1.1 GB	67.1 MB
2140	0e/471527	BGC_ANALYSIS:ANTISMASH_ANALYSIS:ANTISMASH (Pantoea_agglomerans_Pa39-14_2)	COMPLETED	0	2026-08-30 14:57:17.768	2026-08-30 14:57:17.864	2026-08-30 14:57:46.821	26.7s	2	6 GB	838.4 MB	7.9 GB	118.9%	1.4%	1.2 GB	70.2 MB
2145	fa/2178d2	BGC_ANALYSIS:ANTISMASH_ANALYSIS:ANTISMASH (Pantoea_agglomerans_Pa39-17)	COMPLETED	0	2026-08-30 14:57:23.267	2026-08-30 14:57:23.363	2026-08-30 14:57:47.678	22.2s	2	6 GB	812 MB	7.8 GB	124.1%	1.4%	937.3 MB	64.2 MB
2147	c0/9c51c0	BGC_ANALYSIS:ANTISMASH_ANALYSIS:ANTISMASH (Pantoea_agglomerans_Pa39-1_2)	COMPLETED	0	2026-08-30 14:57:29.295	2026-08-30 14:57:29.391	2026-08-30 14:57:55.189	23.6s	2	6 GB	821 MB	7.8 GB	125.0%	1.3%	998.3 MB	64.3 MB
2144	86/4b42dd	BGC_ANALYSIS:ANTISMASH_ANALYSIS:ANTISMASH (Pantoea_agglomerans_Pa39-16)	COMPLETED	0	2026-08-30 14:57:28.161	2026-08-30 14:57:28.259	2026-08-30 14:57:56.712	26.4s	2	6 GB	839.5 MB	7.9 GB	119.4%	1.4%	1.2 GB	71 MB
2149	3f/2d6fde	BGC_ANALYSIS:ANTISMASH_ANALYSIS:ANTISMASH (Pantoea_agglomerans_Pa39-1_4)	COMPLETED	0	2026-08-30 14:57:32.608	2026-08-30 14:57:32.704	2026-08-30 14:57:57.241	22.5s	2	6 GB	825.4 MB	7.8 GB	122.4%	1.3%	913.8 MB	62 MB
2150	54/6485ff	BGC_ANALYSIS:ANTISMASH_ANALYSIS:ANTISMASH (Pantoea_agglomerans_Pa39-2)	COMPLETED	0	2026-08-30 14:57:41.939	2026-08-30 14:57:42.035	2026-08-30 14:58:05.616	21.4s	2	6 GB	776.8 MB	7.8 GB	125.8%	1.3%	868.1 MB	60.7 MB
2141	4f/107712	BGC_ANALYSIS:ANTISMASH_ANALYSIS:ANTISMASH (Pantoea_agglomerans_Pa39-14_3)	COMPLETED	0	2026-08-30 14:57:08.988	2026-08-30 14:57:09.085	2026-08-30 14:58:06.469	55.4s	2	6 GB	870.7 MB	7.9 GB	111.8%	1.5%	2.8 GB	116.1 MB
2152	6d/4e5d63	BGC_ANALYSIS:ANTISMASH_ANALYSIS:ANTISMASH (Pantoea_agglomerans_Pa39-20_2)	COMPLETED	0	2026-08-30 14:57:45.664	2026-08-30 14:57:45.761	2026-08-30 14:58:09.627	21.8s	2	6 GB	751.7 MB	7.8 GB	125.6%	1.3%	893.5 MB	61.5 MB
2156	56/fcc92a	BGC_ANALYSIS:ANTISMASH_ANALYSIS:ANTISMASH (Pantoea_agglomerans_Pa39-25)	COMPLETED	0	2026-08-30 14:57:47.681	2026-08-30 14:57:47.778	2026-08-30 14:58:12.624	22.8s	2	6 GB	811.9 MB	7.8 GB	123.1%	1.4%	948.7 MB	63.8 MB
2154	a6/7baa5c	BGC_ANALYSIS:ANTISMASH_ANALYSIS:ANTISMASH (Pantoea_agglomerans_Pa39-22)	COMPLETED	0	2026-08-30 14:57:46.824	2026-08-30 14:57:46.921	2026-08-30 14:58:15.577	26.6s	2	6 GB	802.7 MB	7.8 GB	119.8%	1.3%	1.2 GB	69.5 MB
2157	04/82d4c9	BGC_ANALYSIS:ANTISMASH_ANALYSIS:ANTISMASH (Pantoea_agglomerans_Pa39-26-1)	COMPLETED	0	2026-08-30 14:57:55.192	2026-08-30 14:57:55.289	2026-08-30 14:58:20.748	23.4s	2	6 GB	811.1 MB	7.8 GB	121.3%	1.4%	1023.1 MB	64.9 MB
2153	6e/c57fb6	BGC_ANALYSIS:ANTISMASH_ANALYSIS:ANTISMASH (Pantoea_agglomerans_Pa39-21_2)	COMPLETED	0	2026-08-30 14:57:56.716	2026-08-30 14:57:56.812	2026-08-30 14:58:21.487	22.5s	2	6 GB	805 MB	7.8 GB	120.0%	1.3%	946 MB	63.6 MB
2155	5a/88229b	BGC_ANALYSIS:ANTISMASH_ANALYSIS:ANTISMASH (Pantoea_agglomerans_Pa39-23_2)	COMPLETED	0	2026-08-30 14:57:57.245	2026-08-30 14:57:57.341	2026-08-30 14:58:23.045	23.5s	2	6 GB	841.8 MB	7.9 GB	120.9%	1.4%	995.9 MB	65.3 MB
2158	c6/71f613	BGC_ANALYSIS:ANTISMASH_ANALYSIS:ANTISMASH (Pantoea_agglomerans_Pa39-26)	COMPLETED	0	2026-08-30 14:58:05.620	2026-08-30 14:58:05.716	2026-08-30 14:58:31.504	23.7s	2	6 GB	804.1 MB	7.8 GB	120.9%	1.3%	1023 MB	64.9 MB
2162	46/ae0d1f	BGC_ANALYSIS:ANTISMASH_ANALYSIS:ANTISMASH (Pantoea_agglomerans_Pa39-8)	COMPLETED	0	2026-08-30 14:58:06.473	2026-08-30 14:58:06.569	2026-08-30 14:58:34.619	26s	2	6 GB	821.9 MB	7.8 GB	121.9%	1.3%	1.1 GB	68.2 MB
2165	52/639926	BGC_ANALYSIS:ANTISMASH_ANALYSIS:ANTISMASH (Pantoea_agglomerans_Pa39-WII2)	COMPLETED	0	2026-08-30 14:58:12.627	2026-08-30 14:58:12.724	2026-08-30 14:58:37.224	22.4s	2	6 GB	815.5 MB	7.8 GB	126.7%	1.3%	902.5 MB	62.2 MB
2160	47/2b9b6f	BGC_ANALYSIS:ANTISMASH_ANALYSIS:ANTISMASH (Pantoea_agglomerans_Pa39-29)	COMPLETED	0	2026-08-30 14:58:09.631	2026-08-30 14:58:09.727	2026-08-30 14:58:39.305	27.5s	2	6 GB	819.1 MB	7.8 GB	118.3%	1.4%	1.2 GB	72.2 MB
2175	c6/285c26	BGC_ANALYSIS:ANTISMASH_ANALYSIS:ANTISMASH (Pantoea_agglomerans_Pa54-31)	COMPLETED	0	2026-08-30 14:58:15.581	2026-08-30 14:58:15.677	2026-08-30 14:58:40.526	22.8s	2	6 GB	817.7 MB	7.8 GB	125.9%	1.3%	924.2 MB	61.8 MB
2159	c5/df71a1	BGC_ANALYSIS:ANTISMASH_ANALYSIS:ANTISMASH (Pantoea_agglomerans_Pa39-27_2)	COMPLETED	0	2026-08-30 14:58:21.491	2026-08-30 14:58:21.587	2026-08-30 14:58:46.073	22.2s	2	6 GB	801.2 MB	7.8 GB	122.9%	1.3%	923.1 MB	62.7 MB
2173	7a/2ce8db	BGC_ANALYSIS:ANTISMASH_ANALYSIS:ANTISMASH (Pantoea_agglomerans_Pa54-2)	COMPLETED	0	2026-08-30 14:58:23.049	2026-08-30 14:58:23.146	2026-08-30 14:58:47.239	22s	2	6 GB	796.3 MB	7.8 GB	128.8%	1.4%	930.1 MB	62.3 MB
2163	7d/844f5e	BGC_ANALYSIS:ANTISMASH_ANALYSIS:ANTISMASH (Pantoea_agglomerans_Pa39-8_2)	COMPLETED	0	2026-08-30 14:58:20.751	2026-08-30 14:58:20.848	2026-08-30 14:58:48.559	25.5s	2	6 GB	774.5 MB	7.8 GB	120.9%	1.3%	1.1 GB	68.2 MB
2164	76/b0a73b	BGC_ANALYSIS:ANTISMASH_ANALYSIS:ANTISMASH (Pantoea_agglomerans_Pa39-H1)	COMPLETED	0	2026-08-30 14:58:34.622	2026-08-30 14:58:34.719	2026-08-30 14:58:57.857	21s	2	6 GB	801.3 MB	7.8 GB	127.3%	1.4%	848.7 MB	58.7 MB
2166	b2/8c8fdf	BGC_ANALYSIS:ANTISMASH_ANALYSIS:ANTISMASH (Pantoea_agglomerans_Pa45-1)	COMPLETED	0	2026-08-30 14:58:31.507	2026-08-30 14:58:31.604	2026-08-30 14:59:02.556	28.7s	2	6 GB	791.1 MB	7.8 GB	118.6%	1.3%	1.2 GB	74.3 MB
2178	72/275e5b	BGC_ANALYSIS:ANTISMASH_ANALYSIS:ANTISMASH (Pantoea_agglomerans_Pa54-6)	COMPLETED	0	2026-08-30 14:58:37.227	2026-08-30 14:58:37.324	2026-08-30 14:59:02.823	23.3s	2	6 GB	775.8 MB	7.8 GB	122.2%	1.3%	1013.8 MB	64.4 MB
2168	06/3cef34	BGC_ANALYSIS:ANTISMASH_ANALYSIS:ANTISMASH (Pantoea_agglomerans_Pa45-2_2)	COMPLETED	0	2026-08-30 14:58:40.529	2026-08-30 14:58:40.627	2026-08-30 14:59:05.037	22.4s	2	6 GB	818.1 MB	7.8 GB	126.4%	1.3%	912.2 MB	61.7 MB
2161	0f/736af4	BGC_ANALYSIS:ANTISMASH_ANALYSIS:ANTISMASH (Pantoea_agglomerans_Pa39-3_2)	COMPLETED	0	2026-08-30 14:58:39.309	2026-08-30 14:58:39.406	2026-08-30 14:59:06.933	25.5s	2	6 GB	810.2 MB	7.8 GB	119.5%	1.3%	1.1 GB	67.8 MB
2169	e6/78ced2	BGC_ANALYSIS:ANTISMASH_ANALYSIS:ANTISMASH (Pantoea_agglomerans_Pa46-1)	COMPLETED	0	2026-08-30 14:58:46.077	2026-08-30 14:58:46.173	2026-08-30 14:59:11.620	23.4s	2	6 GB	850.4 MB	7.9 GB	121.5%	1.4%	979 MB	65 MB
2167	f0/c64caa	BGC_ANALYSIS:ANTISMASH_ANALYSIS:ANTISMASH (Pantoea_agglomerans_Pa45-2)	COMPLETED	0	2026-08-30 14:58:47.243	2026-08-30 14:58:47.339	2026-08-30 14:59:12.314	22.8s	2	6 GB	809.7 MB	7.8 GB	124.7%	1.4%	912.4 MB	61.7 MB
2170	9e/3553f7	BGC_ANALYSIS:ANTISMASH_ANALYSIS:ANTISMASH (Pantoea_agglomerans_Pa47-1)	COMPLETED	0	2026-08-30 14:58:48.562	2026-08-30 14:58:48.659	2026-08-30 14:59:13.610	22.7s	2	6 GB	780.5 MB	7.8 GB	127.7%	1.3%	964.6 MB	62.3 MB
2174	82/95ab42	BGC_ANALYSIS:ANTISMASH_ANALYSIS:ANTISMASH (Pantoea_agglomerans_Pa54-3)	COMPLETED	0	2026-08-30 14:59:02.559	2026-08-30 14:59:02.657	2026-08-30 14:59:28.697	23.9s	2	6 GB	779 MB	7.8 GB	123.8%	1.3%	992.4 MB	63.8 MB
2186	0a/883039	BGC_ANALYSIS:ANTISMASH_ANALYSIS:ANTISMASH (Pantoea_ananatis_SMAGNO70)	COMPLETED	0	2026-08-30 14:58:57.860	2026-08-30 14:58:57.957	2026-08-30 14:59:29.373	29.2s	2	6 GB	505.4 MB	7.8 GB	102.6%	0.7%	1.1 GB	50 MB
2171	e2/3dc80e	BGC_ANALYSIS:ANTISMASH_ANALYSIS:ANTISMASH (Pantoea_agglomerans_Pa47-2)	COMPLETED	0	2026-08-30 14:59:02.827	2026-08-30 14:59:02.923	2026-08-30 14:59:29.600	24.5s	2	6 GB	806.1 MB	7.8 GB	122.7%	1.4%	1 GB	64.8 MB
2172	c1/bedae3	BGC_ANALYSIS:ANTISMASH_ANALYSIS:ANTISMASH (Pantoea_agglomerans_Pa54-1)	COMPLETED	0	2026-08-30 14:59:05.041	2026-08-30 14:59:05.138	2026-08-30 14:59:30.829	23.6s	2	6 GB	820.4 MB	7.8 GB	123.4%	1.3%	950.6 MB	62.8 MB
2177	dc/955351	BGC_ANALYSIS:ANTISMASH_ANALYSIS:ANTISMASH (Pantoea_agglomerans_Pa54-5)	COMPLETED	0	2026-08-30 14:59:06.937	2026-08-30 14:59:07.033	2026-08-30 14:59:32.189	23.2s	2	6 GB	825.3 MB	7.8 GB	125.3%	1.3%	951 MB	62.9 MB
2176	3c/0f4cb3	BGC_ANALYSIS:ANTISMASH_ANALYSIS:ANTISMASH (Pantoea_agglomerans_Pa54-4)	COMPLETED	0	2026-08-30 14:59:11.623	2026-08-30 14:59:11.721	2026-08-30 14:59:36.691	23.1s	2	6 GB	783.6 MB	7.8 GB	127.9%	1.3%	970.8 MB	63.2 MB
2181	b4/7490f1	BGC_ANALYSIS:ANTISMASH_ANALYSIS:ANTISMASH (Pantoea_agglomerans_Pa9-1)	COMPLETED	0	2026-08-30 14:59:13.613	2026-08-30 14:59:13.711	2026-08-30 14:59:37.560	21.8s	2	6 GB	802.5 MB	7.8 GB	125.0%	1.4%	859.4 MB	59.7 MB
2179	1c/64332d	BGC_ANALYSIS:ANTISMASH_ANALYSIS:ANTISMASH (Pantoea_agglomerans_Pa54-7)	COMPLETED	0	2026-08-30 14:59:12.317	2026-08-30 14:59:12.414	2026-08-30 14:59:38.184	23.8s	2	6 GB	801.8 MB	7.8 GB	121.7%	1.4%	1 GB	64.8 MB
2182	a6/dfb38e	BGC_ANALYSIS:ANTISMASH_ANALYSIS:ANTISMASH (Pantoea_agglomerans_Pa9-1_2)	COMPLETED	0	2026-08-30 14:59:29.377	2026-08-30 14:59:29.473	2026-08-30 14:59:53.625	22.1s	2	6 GB	780.9 MB	7.8 GB	126.6%	1.3%	859.8 MB	59.8 MB
2183	6b/8c2b6e	BGC_ANALYSIS:ANTISMASH_ANALYSIS:ANTISMASH (Pantoea_agglomerans_PaEhEh)	COMPLETED	0	2026-08-30 14:59:29.603	2026-08-30 14:59:29.700	2026-08-30 14:59:54.662	22.9s	2	6 GB	813.3 MB	7.8 GB	123.7%	1.3%	954.5 MB	62.9 MB
2180	d5/5b02e9	BGC_ANALYSIS:ANTISMASH_ANALYSIS:ANTISMASH (Pantoea_agglomerans_Pa54-8)	COMPLETED	0	2026-08-30 14:59:28.701	2026-08-30 14:59:28.797	2026-08-30 14:59:54.825	23.9s	2	6 GB	772.6 MB	7.8 GB	121.8%	1.3%	1 GB	64.9 MB
2185	ec/4d49e3	BGC_ANALYSIS:ANTISMASH_ANALYSIS:ANTISMASH (Pantoea_agglomerans_PaJII2)	COMPLETED	0	2026-08-30 14:59:32.192	2026-08-30 14:59:32.290	2026-08-30 14:59:58.054	23.9s	2	6 GB	803.4 MB	7.8 GB	126.7%	1.3%	977.5 MB	63.8 MB
2196	39/d26c1a	BGC_ANALYSIS:ANTISMASH_ANALYSIS:ANTISMASH (Tatumella_terrea_JCM_8887)	COMPLETED	0	2026-08-30 14:59:30.833	2026-08-30 14:59:30.929	2026-08-30 14:59:59.267	26.4s	2	6 GB	603.5 MB	7.7 GB	92.6%	1.0%	1.1 GB	54 MB
2184	b4/f3b149	BGC_ANALYSIS:ANTISMASH_ANALYSIS:ANTISMASH (Pantoea_agglomerans_PaHJ)	COMPLETED	0	2026-08-30 14:59:36.696	2026-08-30 14:59:36.791	2026-08-30 15:00:02.211	23.5s	2	6 GB	811.6 MB	7.8 GB	121.3%	1.3%	994.6 MB	65.2 MB
2189	9f/037248	BGC_ANALYSIS:ANTISMASH_ANALYSIS:ANTISMASH (Pantoea_sp._BRR-3P_BRR-3P)	COMPLETED	0	2026-08-30 14:59:38.188	2026-08-30 14:59:38.284	2026-08-30 15:00:03.537	23.2s	2	6 GB	830.4 MB	7.8 GB	123.0%	1.3%	930.6 MB	64.1 MB
2187	6e/6045a6	BGC_ANALYSIS:ANTISMASH_ANALYSIS:ANTISMASH (Pantoea_dispersa_SMAGNO54)	COMPLETED	0	2026-08-30 14:59:37.563	2026-08-30 14:59:37.660	2026-08-30 15:00:07.191	27.5s	2	6 GB	533.7 MB	7.8 GB	111.8%	0.7%	1 GB	48.6 MB
2188	f9/7619f0	BGC_ANALYSIS:ANTISMASH_ANALYSIS:ANTISMASH (Pantoea_eucalypti_Pe21-11)	COMPLETED	0	2026-08-30 14:59:53.627	2026-08-30 14:59:53.725	2026-08-30 15:00:15.980	20.2s	2	6 GB	804.4 MB	7.8 GB	129.3%	1.3%	835.5 MB	57.6 MB
2193	22/69e754	BGC_ANALYSIS:ANTISMASH_ANALYSIS:ANTISMASH (Pantoea_vagans_Pv39H-1)	COMPLETED	0	2026-08-30 14:59:59.271	2026-08-30 14:59:59.367	2026-08-30 15:00:31.340	29.9s	2	6 GB	769.8 MB	7.8 GB	108.6%	1.3%	1.2 GB	71.6 MB
2194	74/dbdd4f	BGC_ANALYSIS:ANTISMASH_ANALYSIS:ANTISMASH (Pantoea_vagans_Pv39H-3)	COMPLETED	0	2026-08-30 15:00:02.213	2026-08-30 15:00:02.311	2026-08-30 15:00:33.044	28.6s	2	6 GB	706.1 MB	7.7 GB	107.5%	1.3%	1.2 GB	70.7 MB
2204	07/c24a7f	BGC_ANALYSIS:ANTISMASH_ANALYSIS:ANTISMASH (Erwinia_amylovora_A1)	COMPLETED	0	2026-08-30 15:00:15.984	2026-08-30 15:00:16.081	2026-08-30 15:00:35.333	17.2s	2	6 GB	701 MB	7.7 GB	131.7%	1.2%	697.1 MB	47.3 MB
2191	c6/c829df	BGC_ANALYSIS:ANTISMASH_ANALYSIS:ANTISMASH (Pantoea_sp._SMAGNO161)	COMPLETED	0	2026-08-30 14:59:54.664	2026-08-30 14:59:54.762	2026-08-30 15:00:39.577	42.8s	2	6 GB	473.1 MB	7.6 GB	101.7%	0.7%	2 GB	68.4 MB
2195	19/1c2373	BGC_ANALYSIS:ANTISMASH_ANALYSIS:ANTISMASH (Tatumella_punctata_JCM_8885)	COMPLETED	0	2026-08-30 15:00:03.540	2026-08-30 15:00:03.638	2026-08-30 15:00:44.585	38.8s	2	6 GB	586.3 MB	7.7 GB	96.7%	1.0%	1.9 GB	71.8 MB
2212	fc/989edd	BGC_ANALYSIS:ANTISMASH_ANALYSIS:ANTISMASH (Erwinia_amylovora_CPBF2078)	COMPLETED	0	2026-08-30 15:00:07.195	2026-08-30 15:00:07.292	2026-08-30 15:00:44.901	35.5s	2	6 GB	609.8 MB	7.7 GB	95.4%	1.0%	1.5 GB	67.9 MB
2203	1f/abf707	BGC_ANALYSIS:ANTISMASH_ANALYSIS:ANTISMASH (Erwinia_amylovora_1-c)	COMPLETED	0	2026-08-30 15:00:31.343	2026-08-30 15:00:31.440	2026-08-30 15:00:50.056	16.6s	2	6 GB	700.9 MB	7.7 GB	131.3%	1.1%	671.2 MB	46.3 MB
2190	9a/994276	BGC_ANALYSIS:ANTISMASH_ANALYSIS:ANTISMASH (Pantoea_sp._SMAGNO104)	COMPLETED	0	2026-08-30 14:59:54.828	2026-08-30 14:59:54.925	2026-08-30 15:01:01.594	1m 5s	2	6 GB	527.4 MB	7.7 GB	105.5%	0.8%	3 GB	98.9 MB
2205	54/d81683	BGC_ANALYSIS:ANTISMASH_ANALYSIS:ANTISMASH (Erwinia_amylovora_A2)	COMPLETED	0	2026-08-30 15:00:44.589	2026-08-30 15:00:44.685	2026-08-30 15:01:04.152	17.4s	2	6 GB	712.9 MB	7.8 GB	131.4%	1.2%	697.1 MB	47.3 MB
2207	84/dbaa85	BGC_ANALYSIS:ANTISMASH_ANALYSIS:ANTISMASH (Erwinia_amylovora_CPBF2032)	COMPLETED	0	2026-08-30 15:00:35.336	2026-08-30 15:00:35.434	2026-08-30 15:01:12.240	34.8s	2	6 GB	669.7 MB	7.7 GB	97.6%	1.1%	1.5 GB	67.9 MB
2206	ed/6ca59c	BGC_ANALYSIS:ANTISMASH_ANALYSIS:ANTISMASH (Erwinia_amylovora_CPBF2031)	COMPLETED	0	2026-08-30 15:00:39.580	2026-08-30 15:00:39.677	2026-08-30 15:01:16.127	34.3s	2	6 GB	674.5 MB	7.7 GB	97.8%	1.1%	1.5 GB	67.9 MB
2197	cf/12a47c	BGC_ANALYSIS:ANTISMASH_ANALYSIS:ANTISMASH (Candidatus_Pantoea_formicae_C8B2)	COMPLETED	0	2026-08-30 15:00:33.047	2026-08-30 15:00:33.145	2026-08-30 15:01:16.242	41.1s	2	6 GB	783.6 MB	7.8 GB	93.6%	1.3%	1.8 GB	89.9 MB
2214	8f/c7e44a	BGC_ANALYSIS:ANTISMASH_ANALYSIS:ANTISMASH (Erwinia_amylovora_CPBF2080)	COMPLETED	0	2026-08-30 15:00:44.904	2026-08-30 15:00:45.001	2026-08-30 15:01:21.372	34.2s	2	6 GB	662.6 MB	7.7 GB	95.9%	1.1%	1.5 GB	67.4 MB
2211	ab/5968a5	BGC_ANALYSIS:ANTISMASH_ANALYSIS:ANTISMASH (Erwinia_amylovora_CPBF2077)	COMPLETED	0	2026-08-30 15:00:50.060	2026-08-30 15:00:50.156	2026-08-30 15:01:26.753	34.5s	2	6 GB	662 MB	7.7 GB	97.2%	1.1%	1.5 GB	67.9 MB
2215	69/04c7d4	BGC_ANALYSIS:ANTISMASH_ANALYSIS:ANTISMASH (Erwinia_amylovora_CPBF2081)	COMPLETED	0	2026-08-30 15:01:01.599	2026-08-30 15:01:01.694	2026-08-30 15:01:37.438	33.8s	2	6 GB	648.4 MB	7.7 GB	96.8%	1.1%	1.5 GB	66.9 MB
2199	71/a2fd9a	BGC_ANALYSIS:ANTISMASH_ANALYSIS:ANTISMASH (Candidatus_Pantoea_rara_Lu_Sq_004)	COMPLETED	0	2026-08-30 15:01:16.130	2026-08-30 15:01:16.227	2026-08-30 15:01:39.089	20.9s	2	6 GB	599.8 MB	7.8 GB	128.5%	0.9%	777.3 MB	41.3 MB
2210	9a/fe34c4	BGC_ANALYSIS:ANTISMASH_ANALYSIS:ANTISMASH (Erwinia_amylovora_CPBF2076)	COMPLETED	0	2026-08-30 15:01:04.155	2026-08-30 15:01:04.251	2026-08-30 15:01:40.616	34.4s	2	6 GB	658.4 MB	7.7 GB	96.8%	1.1%	1.5 GB	67.9 MB
2217	e1/6d4735	BGC_ANALYSIS:ANTISMASH_ANALYSIS:ANTISMASH (Erwinia_amylovora_CPBF2083)	COMPLETED	0	2026-08-30 15:01:12.243	2026-08-30 15:01:12.340	2026-08-30 15:01:48.557	34.2s	2	6 GB	637.6 MB	7.7 GB	96.6%	1.0%	1.5 GB	67.4 MB
2219	a9/219698	BGC_ANALYSIS:ANTISMASH_ANALYSIS:ANTISMASH (Erwinia_amylovora_CPBF2088)	COMPLETED	0	2026-08-30 15:01:16.246	2026-08-30 15:01:16.342	2026-08-30 15:01:53.017	34.7s	2	6 GB	640 MB	7.7 GB	95.8%	1.0%	1.5 GB	67.9 MB
2202	0f/2726a7	BGC_ANALYSIS:ANTISMASH_ANALYSIS:ANTISMASH (Duffyella_sp._Ts4)	COMPLETED	0	2026-08-30 15:01:21.377	2026-08-30 15:01:21.473	2026-08-30 15:01:56.777	33.2s	2	6 GB	486.3 MB	7.7 GB	104.0%	0.7%	1.4 GB	56.2 MB
2220	c8/0987ab	BGC_ANALYSIS:ANTISMASH_ANALYSIS:ANTISMASH (Erwinia_amylovora_CPBF2089)	COMPLETED	0	2026-08-30 15:01:26.757	2026-08-30 15:01:26.853	2026-08-30 15:02:05.185	36.3s	2	6 GB	618.7 MB	7.7 GB	96.1%	1.0%	1.6 GB	70.3 MB
2201	c7/db5697	BGC_ANALYSIS:ANTISMASH_ANALYSIS:ANTISMASH (Duffyella_gerundensis_Ts1)	COMPLETED	0	2026-08-30 15:01:37.442	2026-08-30 15:01:37.538	2026-08-30 15:02:10.421	30.9s	2	6 GB	514.1 MB	7.7 GB	104.9%	0.8%	1.3 GB	52.4 MB
2231	45/2a3209	BGC_ANALYSIS:ANTISMASH_ANALYSIS:ANTISMASH (Erwinia_amylovora_JD3-4-P)	COMPLETED	0	2026-08-30 15:01:53.019	2026-08-30 15:01:53.117	2026-08-30 15:02:12.226	17.1s	2	6 GB	707 MB	7.7 GB	132.6%	1.1%	673.6 MB	46.4 MB
2216	65/906070	BGC_ANALYSIS:ANTISMASH_ANALYSIS:ANTISMASH (Erwinia_amylovora_CPBF2082)	COMPLETED	0	2026-08-30 15:01:39.092	2026-08-30 15:01:39.188	2026-08-30 15:02:15.345	34.2s	2	6 GB	640.2 MB	7.7 GB	97.2%	1.1%	1.5 GB	67.9 MB
2222	f5/ec53c0	BGC_ANALYSIS:ANTISMASH_ANALYSIS:ANTISMASH (Erwinia_amylovora_CPBF2091)	COMPLETED	0	2026-08-30 15:01:40.620	2026-08-30 15:01:40.716	2026-08-30 15:02:16.447	33.8s	2	6 GB	631.6 MB	7.7 GB	96.1%	1.0%	1.5 GB	67.4 MB
2223	4d/d246c8	BGC_ANALYSIS:ANTISMASH_ANALYSIS:ANTISMASH (Erwinia_amylovora_CPBF2092)	COMPLETED	0	2026-08-30 15:01:56.780	2026-08-30 15:01:56.877	2026-08-30 15:02:33.479	34.6s	2	6 GB	638.2 MB	7.7 GB	96.7%	1.1%	1.5 GB	67.9 MB
2233	f5/687336	BGC_ANALYSIS:ANTISMASH_ANALYSIS:ANTISMASH (Erwinia_amylovora_Ol.kora_1)	COMPLETED	0	2026-08-30 15:02:16.451	2026-08-30 15:02:16.548	2026-08-30 15:02:35.411	16.8s	2	6 GB	713.6 MB	7.8 GB	133.0%	1.2%	671.1 MB	46.3 MB
2209	6e/c7f1d5	BGC_ANALYSIS:ANTISMASH_ANALYSIS:ANTISMASH (Erwinia_amylovora_CPBF2075)	COMPLETED	0	2026-08-30 15:02:05.189	2026-08-30 15:02:05.285	2026-08-30 15:02:41.800	34.4s	2	6 GB	657.1 MB	7.7 GB	96.7%	1.1%	1.5 GB	67.9 MB
2198	5e/1bcc8a	BGC_ANALYSIS:ANTISMASH_ANALYSIS:ANTISMASH (Candidatus_Pantoea_formicae_C8D10)	COMPLETED	0	2026-08-30 15:01:48.561	2026-08-30 15:01:48.657	2026-08-30 15:02:45.397	54.7s	2	6 GB	828.4 MB	7.9 GB	94.6%	1.3%	2.5 GB	109.8 MB
2213	c2/ca4908	BGC_ANALYSIS:ANTISMASH_ANALYSIS:ANTISMASH (Erwinia_amylovora_CPBF2079)	COMPLETED	0	2026-08-30 15:02:10.424	2026-08-30 15:02:10.521	2026-08-30 15:02:46.595	34s	2	6 GB	676.5 MB	7.7 GB	97.2%	1.1%	1.5 GB	67.9 MB
2208	36/1760df	BGC_ANALYSIS:ANTISMASH_ANALYSIS:ANTISMASH (Erwinia_amylovora_CPBF2074)	COMPLETED	0	2026-08-30 15:02:12.230	2026-08-30 15:02:12.326	2026-08-30 15:02:50.241	35.9s	2	6 GB	666.5 MB	7.7 GB	96.1%	1.0%	1.6 GB	70.3 MB
2200	f2/d33117	BGC_ANALYSIS:ANTISMASH_ANALYSIS:ANTISMASH (Duffyella_gerundensis_TDW_P5a)	COMPLETED	0	2026-08-30 15:02:15.348	2026-08-30 15:02:15.445	2026-08-30 15:02:50.525	33.1s	2	6 GB	746 MB	7.8 GB	95.5%	1.3%	1.4 GB	70.7 MB
2234	4b/710ef3	BGC_ANALYSIS:ANTISMASH_ANALYSIS:ANTISMASH (Erwinia_amylovora_Ol.kora_4)	COMPLETED	0	2026-08-30 15:02:35.415	2026-08-30 15:02:35.511	2026-08-30 15:02:54.215	16.7s	2	6 GB	702.4 MB	7.7 GB	131.0%	1.2%	671.2 MB	46.3 MB
2192	4b/5b59ff	BGC_ANALYSIS:ANTISMASH_ANALYSIS:ANTISMASH (Pantoea_stewartii_SMAGNO119)	COMPLETED	0	2026-08-30 14:59:58.057	2026-08-30 14:59:58.155	2026-08-30 15:03:01.331	3m 1s	2	6 GB	532 MB	7.7 GB	112.8%	0.8%	9.7 GB	254.9 MB
2235	7c/8b120c	BGC_ANALYSIS:ANTISMASH_ANALYSIS:ANTISMASH (Erwinia_amylovora_WJ-AP-3)	COMPLETED	0	2026-08-30 15:02:46.598	2026-08-30 15:02:46.695	2026-08-30 15:03:06.018	17.3s	2	6 GB	709.1 MB	7.7 GB	131.7%	1.1%	673.6 MB	46.4 MB
2226	ef/bbc7c8	BGC_ANALYSIS:ANTISMASH_ANALYSIS:ANTISMASH (Erwinia_amylovora_Chk.st_1)	COMPLETED	0	2026-08-30 15:02:50.527	2026-08-30 15:02:50.625	2026-08-30 15:03:09.720	17s	2	6 GB	721.7 MB	7.8 GB	132.0%	1.1%	670.8 MB	46.3 MB
2227	72/b37a62	BGC_ANALYSIS:ANTISMASH_ANALYSIS:ANTISMASH (Erwinia_amylovora_DG2-P)	COMPLETED	0	2026-08-30 15:02:50.245	2026-08-30 15:02:50.341	2026-08-30 15:03:09.787	17.3s	2	6 GB	717 MB	7.8 GB	132.0%	1.1%	673.6 MB	46.4 MB
2218	13/97b524	BGC_ANALYSIS:ANTISMASH_ANALYSIS:ANTISMASH (Erwinia_amylovora_CPBF2084)	COMPLETED	0	2026-08-30 15:02:33.483	2026-08-30 15:02:33.580	2026-08-30 15:03:10.483	34.9s	2	6 GB	632.9 MB	7.7 GB	96.0%	1.0%	1.5 GB	67.9 MB
2224	24/13d8d4	BGC_ANALYSIS:ANTISMASH_ANALYSIS:ANTISMASH (Erwinia_amylovora_CPBF2093)	COMPLETED	0	2026-08-30 15:02:41.804	2026-08-30 15:02:41.900	2026-08-30 15:03:20.225	36.3s	2	6 GB	620 MB	7.7 GB	95.6%	1.0%	1.6 GB	69.8 MB
2221	46/223ef1	BGC_ANALYSIS:ANTISMASH_ANALYSIS:ANTISMASH (Erwinia_amylovora_CPBF2090)	COMPLETED	0	2026-08-30 15:02:45.400	2026-08-30 15:02:45.497	2026-08-30 15:03:22.466	34.9s	2	6 GB	635.9 MB	7.7 GB	95.3%	1.0%	1.5 GB	67.9 MB
2238	17/f180cb	BGC_ANALYSIS:ANTISMASH_ANALYSIS:ANTISMASH (Erwinia_artemisiae_DT-104)	COMPLETED	0	2026-08-30 15:02:54.219	2026-08-30 15:02:54.315	2026-08-30 15:03:26.320	30.1s	2	6 GB	705.2 MB	7.8 GB	96.0%	1.2%	1.2 GB	66.7 MB
2232	c3/26692c	BGC_ANALYSIS:ANTISMASH_ANALYSIS:ANTISMASH (Erwinia_amylovora_JL2-1-P)	COMPLETED	0	2026-08-30 15:03:09.722	2026-08-30 15:03:09.787	2026-08-30 15:03:28.799	17.1s	2	6 GB	709.6 MB	7.8 GB	130.7%	1.1%	673.6 MB	46.4 MB
2228	a8/21d976	BGC_ANALYSIS:ANTISMASH_ANALYSIS:ANTISMASH (Erwinia_amylovora_Ea08KZ)	COMPLETED	0	2026-08-30 15:03:09.790	2026-08-30 15:03:09.888	2026-08-30 15:03:30.970	19.2s	2	6 GB	589.8 MB	7.8 GB	126.8%	0.9%	654.3 MB	34.7 MB
2244	f6/210052	BGC_ANALYSIS:ANTISMASH_ANALYSIS:ANTISMASH (Pantoea_agglomerans_Et)	COMPLETED	0	2026-08-30 15:03:10.486	2026-08-30 15:03:10.583	2026-08-30 15:03:38.176	25.6s	2	6 GB	732.4 MB	7.8 GB	99.6%	1.3%	1 GB	64.4 MB
2225	a7/09e6ad	BGC_ANALYSIS:ANTISMASH_ANALYSIS:ANTISMASH (Erwinia_amylovora_CPBF2094)	COMPLETED	0	2026-08-30 15:03:01.335	2026-08-30 15:03:01.431	2026-08-30 15:03:38.505	34.7s	2	6 GB	635.2 MB	7.7 GB	95.4%	1.0%	1.5 GB	67.4 MB
2230	ca/1c0aa7	BGC_ANALYSIS:ANTISMASH_ANALYSIS:ANTISMASH (Erwinia_amylovora_Ik2)	COMPLETED	0	2026-08-30 15:03:26.324	2026-08-30 15:03:26.421	2026-08-30 15:03:45.275	16.7s	2	6 GB	710.1 MB	7.7 GB	128.8%	1.1%	671 MB	46.3 MB
2242	32/54b9fe	BGC_ANALYSIS:ANTISMASH_ANALYSIS:ANTISMASH (Mixta_calida_BB1613)	COMPLETED	0	2026-08-30 15:03:06.022	2026-08-30 15:03:06.118	2026-08-30 15:03:46.517	38.2s	2	6 GB	756.7 MB	7.8 GB	94.4%	1.3%	1.7 GB	80.5 MB
2243	64/7edbe3	BGC_ANALYSIS:ANTISMASH_ANALYSIS:ANTISMASH (Pantoea_agglomerans_Da.Et.T.T001)	COMPLETED	0	2026-08-30 15:03:22.470	2026-08-30 15:03:22.567	2026-08-30 15:03:50.815	26.1s	2	6 GB	528.8 MB	7.8 GB	108.2%	0.9%	1 GB	49 MB
2236	44/49a169	BGC_ANALYSIS:ANTISMASH_ANALYSIS:ANTISMASH (Erwinia_amylovora_ts3128-Tc)	COMPLETED	0	2026-08-30 15:03:20.229	2026-08-30 15:03:20.325	2026-08-30 15:03:51.291	28.9s	2	6 GB	632.9 MB	7.7 GB	95.5%	1.0%	1.1 GB	57.5 MB
2229	9b/9ceb1f	BGC_ANALYSIS:ANTISMASH_ANALYSIS:ANTISMASH (Erwinia_amylovora_Ea09KZ)	COMPLETED	0	2026-08-30 15:03:30.973	2026-08-30 15:03:31.071	2026-08-30 15:03:52.018	19s	2	6 GB	591.1 MB	7.8 GB	126.7%	0.9%	654.1 MB	34.7 MB
2241	03/65b0e3	BGC_ANALYSIS:ANTISMASH_ANALYSIS:ANTISMASH (Erwinia_sp._E_sp_B01_9)	COMPLETED	0	2026-08-30 15:03:46.520	2026-08-30 15:03:46.617	2026-08-30 15:04:04.048	15.4s	2	6 GB	644.1 MB	7.4 GB	137.1%	1.1%	716.7 MB	35.2 MB
2240	7c/9905d2	BGC_ANALYSIS:ANTISMASH_ANALYSIS:ANTISMASH (Erwinia_sp._1181_3)	COMPLETED	0	2026-08-30 15:03:28.803	2026-08-30 15:03:28.899	2026-08-30 15:04:06.326	35.4s	2	6 GB	705.9 MB	7.8 GB	94.3%	1.2%	1.4 GB	72.9 MB
2239	45/5f3665	BGC_ANALYSIS:ANTISMASH_ANALYSIS:ANTISMASH (Erwinia_persicina_BST187_2)	COMPLETED	0	2026-08-30 15:03:45.278	2026-08-30 15:03:45.376	2026-08-30 15:04:08.985	21.4s	2	6 GB	837.2 MB	7.9 GB	132.1%	1.3%	819.6 MB	58.8 MB
2237	da/97f9f2	BGC_ANALYSIS:ANTISMASH_ANALYSIS:ANTISMASH (Erwinia_aphidicola_W10_2)	COMPLETED	0	2026-08-30 15:03:50.818	2026-08-30 15:03:50.916	2026-08-30 15:04:12.515	19.8s	2	6 GB	820.5 MB	7.8 GB	132.1%	1.3%	752.2 MB	55 MB
2247	54/649b4a	BGC_ANALYSIS:ANTISMASH_ANALYSIS:ANTISMASH (Pantoea_agglomerans_Lu_R6_006)	COMPLETED	0	2026-08-30 15:03:52.021	2026-08-30 15:03:52.118	2026-08-30 15:04:13.324	19.3s	2	6 GB	595.9 MB	7.5 GB	125.5%	0.8%	667.6 MB	28.2 MB
2246	c2/9d917c	BGC_ANALYSIS:ANTISMASH_ANALYSIS:ANTISMASH (Pantoea_agglomerans_LS1)	COMPLETED	0	2026-08-30 15:03:51.294	2026-08-30 15:03:51.392	2026-08-30 15:04:13.683	20.5s	2	6 GB	800.2 MB	7.8 GB	129.2%	1.4%	826.7 MB	58.5 MB
2250	f6/26150b	BGC_ANALYSIS:ANTISMASH_ANALYSIS:ANTISMASH (Pantoea_agglomerans_TDW_P5c)	COMPLETED	0	2026-08-30 15:03:38.179	2026-08-30 15:03:38.276	2026-08-30 15:04:14.825	34.6s	2	6 GB	705.9 MB	7.8 GB	92.8%	1.2%	1.4 GB	72.9 MB
2245	54/68036f	BGC_ANALYSIS:ANTISMASH_ANALYSIS:ANTISMASH (Pantoea_agglomerans_GMG952)	COMPLETED	0	2026-08-30 15:03:38.508	2026-08-30 15:03:38.606	2026-08-30 15:04:16.283	35.7s	2	6 GB	723.7 MB	7.8 GB	92.5%	1.2%	1.5 GB	77.9 MB
2248	de/869718	BGC_ANALYSIS:ANTISMASH_ANALYSIS:ANTISMASH (Pantoea_agglomerans_RK79)	COMPLETED	0	2026-08-30 15:04:04.052	2026-08-30 15:04:04.149	2026-08-30 15:04:27.405	21s	2	6 GB	789.9 MB	7.8 GB	125.1%	1.4%	857 MB	60 MB
2262	90/999a5c	BGC_ANALYSIS:ANTISMASH_ANALYSIS:ANTISMASH (Pantoea_eucalypti_FUA1457)	COMPLETED	0	2026-08-30 15:04:06.329	2026-08-30 15:04:06.426	2026-08-30 15:04:30.312	21.7s	2	6 GB	830.7 MB	7.8 GB	121.6%	1.4%	885.1 MB	61.6 MB
2249	a4/1d9477	BGC_ANALYSIS:ANTISMASH_ANALYSIS:ANTISMASH (Pantoea_agglomerans_RK84)	COMPLETED	0	2026-08-30 15:04:13.686	2026-08-30 15:04:13.783	2026-08-30 15:04:36.062	20.2s	2	6 GB	778.8 MB	7.8 GB	128.4%	1.4%	821.3 MB	57.9 MB
2263	73/0da77d	BGC_ANALYSIS:ANTISMASH_ANALYSIS:ANTISMASH (Pantoea_phosphatilytica_RHCKP32)	COMPLETED	0	2026-08-30 15:04:12.519	2026-08-30 15:04:12.615	2026-08-30 15:04:36.816	22.3s	2	6 GB	747.7 MB	7.8 GB	109.1%	1.3%	945.3 MB	58 MB
2251	ab/3020c8	BGC_ANALYSIS:ANTISMASH_ANALYSIS:ANTISMASH (Pantoea_ananatis_20ID0081)	COMPLETED	0	2026-08-30 15:04:08.989	2026-08-30 15:04:09.086	2026-08-30 15:04:48.695	37.5s	2	6 GB	721.4 MB	7.8 GB	93.3%	1.3%	1.6 GB	80.5 MB
2267	65/a31f32	BGC_ANALYSIS:ANTISMASH_ANALYSIS:ANTISMASH (Pantoea_piersonii_F10_5S_D1_EP4)	COMPLETED	0	2026-08-30 15:04:16.286	2026-08-30 15:04:16.383	2026-08-30 15:04:50.691	32.3s	2	6 GB	752.9 MB	7.8 GB	96.6%	1.3%	1.3 GB	69.4 MB
2257	5b/c46ca8	BGC_ANALYSIS:ANTISMASH_ANALYSIS:ANTISMASH (Pantoea_ananatis_HQ01)	COMPLETED	0	2026-08-30 15:04:30.315	2026-08-30 15:04:30.412	2026-08-30 15:04:52.302	19.9s	2	6 GB	807.2 MB	7.8 GB	131.2%	1.4%	881.1 MB	61.7 MB
2271	b0/088af5	BGC_ANALYSIS:ANTISMASH_ANALYSIS:ANTISMASH (Pantoea_piersonii_F9_1S_D4_P_1)	COMPLETED	0	2026-08-30 15:04:36.820	2026-08-30 15:04:36.917	2026-08-30 15:05:16.268	37.4s	2	6 GB	739.9 MB	7.8 GB	97.7%	1.2%	1.4 GB	72.3 MB
2255	b0/135764	BGC_ANALYSIS:ANTISMASH_ANALYSIS:ANTISMASH (Pantoea_ananatis_20WA0254)	COMPLETED	0	2026-08-30 15:04:14.829	2026-08-30 15:04:14.925	2026-08-30 15:05:18.783	1m 2s	2	6 GB	4.7 GB	7.7 GB	107.7%	7.3%	9.8 GB	68.1 MB
2254	3d/65f319	BGC_ANALYSIS:ANTISMASH_ANALYSIS:ANTISMASH (Pantoea_ananatis_20PA0260)	COMPLETED	0	2026-08-30 15:04:13.327	2026-08-30 15:04:13.425	2026-08-30 15:05:25.302	1m 10s	2	6 GB	4.7 GB	7.8 GB	106.2%	7.8%	10.1 GB	78.6 MB
2260	cd/920c84	BGC_ANALYSIS:ANTISMASH_ANALYSIS:ANTISMASH (Pantoea_eucalypti_21GA0511)	COMPLETED	0	2026-08-30 15:04:48.699	2026-08-30 15:04:48.796	2026-08-30 15:05:27.440	36.6s	2	6 GB	702.8 MB	7.8 GB	98.0%	1.3%	1.3 GB	70.8 MB
2269	15/f5ba24	BGC_ANALYSIS:ANTISMASH_ANALYSIS:ANTISMASH (Pantoea_piersonii_F10_5S_D1_P4)	COMPLETED	0	2026-08-30 15:04:52.306	2026-08-30 15:04:52.402	2026-08-30 15:05:31.697	36.9s	2	6 GB	727.4 MB	7.8 GB	100.7%	1.2%	1.3 GB	69.4 MB
2274	e4/09228b	BGC_ANALYSIS:ANTISMASH_ANALYSIS:ANTISMASH (Pantoea_piersonii_F9_6S_D2_B_1)	COMPLETED	0	2026-08-30 15:04:50.694	2026-08-30 15:04:50.792	2026-08-30 15:05:32.030	39.3s	2	6 GB	756 MB	7.8 GB	101.3%	1.3%	1.4 GB	72.4 MB
2253	21/e5891d	BGC_ANALYSIS:ANTISMASH_ANALYSIS:ANTISMASH (Pantoea_ananatis_20NY0487)	COMPLETED	0	2026-08-30 15:04:27.409	2026-08-30 15:04:27.505	2026-08-30 15:05:32.651	1m 3s	2	6 GB	4.7 GB	7.8 GB	110.7%	5.6%	9.9 GB	70.7 MB
2258	ca/2d00af	BGC_ANALYSIS:ANTISMASH_ANALYSIS:ANTISMASH (Pantoea_ananatis_NCHU4578)	COMPLETED	0	2026-08-30 15:05:16.272	2026-08-30 15:05:16.368	2026-08-30 15:05:50.613	32s	2	6 GB	753.6 MB	7.8 GB	92.9%	1.3%	1.3 GB	71 MB
2259	4e/f5ebd3	BGC_ANALYSIS:ANTISMASH_ANALYSIS:ANTISMASH (Pantoea_ananatis_NCHU4618)	COMPLETED	0	2026-08-30 15:05:18.788	2026-08-30 15:05:18.883	2026-08-30 15:05:54.116	33.1s	2	6 GB	706.9 MB	7.8 GB	92.8%	1.2%	1.3 GB	72.5 MB
2252	3e/5facb6	BGC_ANALYSIS:ANTISMASH_ANALYSIS:ANTISMASH (Pantoea_ananatis_20NY0427)	COMPLETED	0	2026-08-30 15:04:36.066	2026-08-30 15:04:36.162	2026-08-30 15:05:58.725	1m 21s	2	6 GB	4.7 GB	7.8 GB	103.3%	7.5%	10.7 GB	94.4 MB
2261	80/f0b030	BGC_ANALYSIS:ANTISMASH_ANALYSIS:ANTISMASH (Pantoea_eucalypti_21PA0039)	COMPLETED	0	2026-08-30 15:05:27.444	2026-08-30 15:05:27.541	2026-08-30 15:06:01.494	32s	2	6 GB	717.7 MB	7.8 GB	94.3%	1.3%	1.3 GB	70.7 MB
2266	e5/98d850	BGC_ANALYSIS:ANTISMASH_ANALYSIS:ANTISMASH (Pantoea_piersonii_F10_5S_D1_EP3)	COMPLETED	0	2026-08-30 15:05:32.034	2026-08-30 15:05:32.130	2026-08-30 15:06:06.330	32.1s	2	6 GB	742.1 MB	7.8 GB	96.9%	1.2%	1.3 GB	69.4 MB
2270	3a/e8695a	BGC_ANALYSIS:ANTISMASH_ANALYSIS:ANTISMASH (Pantoea_piersonii_F10_5S_D1_P5)	COMPLETED	0	2026-08-30 15:05:32.654	2026-08-30 15:05:32.751	2026-08-30 15:06:07.175	32.1s	2	6 GB	744.6 MB	7.8 GB	96.5%	1.2%	1.3 GB	69.9 MB
2264	eb/ea0819	BGC_ANALYSIS:ANTISMASH_ANALYSIS:ANTISMASH (Pantoea_phyllosphaerae_RRHST58)	COMPLETED	0	2026-08-30 15:05:31.702	2026-08-30 15:05:31.797	2026-08-30 15:06:07.340	33.5s	2	6 GB	705.4 MB	7.8 GB	94.3%	1.2%	1.4 GB	71.9 MB
2256	c6/cf4207	BGC_ANALYSIS:ANTISMASH_ANALYSIS:ANTISMASH (Pantoea_ananatis_21GA0712)	COMPLETED	0	2026-08-30 15:05:25.306	2026-08-30 15:05:25.402	2026-08-30 15:06:10.175	42.6s	2	6 GB	716.2 MB	7.8 GB	94.3%	1.3%	1.9 GB	89.5 MB
2272	10/ce04f7	BGC_ANALYSIS:ANTISMASH_ANALYSIS:ANTISMASH (Pantoea_piersonii_F9_5S_D1_EB1)	COMPLETED	0	2026-08-30 15:05:50.617	2026-08-30 15:05:50.712	2026-08-30 15:06:24.703	31.8s	2	6 GB	735.7 MB	7.8 GB	96.2%	1.3%	1.3 GB	69.4 MB
2284	04/1eb017	BGC_ANALYSIS:ANTISMASH_ANALYSIS:ANTISMASH (Pantoea_sp._22096)	COMPLETED	0	2026-08-30 15:05:58.729	2026-08-30 15:05:58.825	2026-08-30 15:06:26.012	25.1s	2	6 GB	740.1 MB	7.8 GB	105.7%	1.2%	1 GB	61.9 MB
2280	01/e0c186	BGC_ANALYSIS:ANTISMASH_ANALYSIS:ANTISMASH (Pantoea_piersonii_F9_8S_D1_EB1)	COMPLETED	0	2026-08-30 15:05:54.119	2026-08-30 15:05:54.215	2026-08-30 15:06:27.863	31.7s	2	6 GB	743.6 MB	7.8 GB	97.4%	1.2%	1.3 GB	69.9 MB
2281	83/d4e46d	BGC_ANALYSIS:ANTISMASH_ANALYSIS:ANTISMASH (Pantoea_piersonii_F9_8S_D1_EB2)	COMPLETED	0	2026-08-30 15:06:01.497	2026-08-30 15:06:01.594	2026-08-30 15:06:35.685	31.9s	2	6 GB	735.2 MB	7.8 GB	96.1%	1.3%	1.4 GB	70.4 MB
2285	20/6105f5	BGC_ANALYSIS:ANTISMASH_ANALYSIS:ANTISMASH (Pantoea_sp._BS_1)	COMPLETED	0	2026-08-30 15:06:07.343	2026-08-30 15:06:07.440	2026-08-30 15:06:36.453	26.8s	2	6 GB	724.8 MB	7.8 GB	99.7%	1.2%	1.1 GB	65.3 MB
2278	58/a60356	BGC_ANALYSIS:ANTISMASH_ANALYSIS:ANTISMASH (Pantoea_piersonii_F9_6S_D3_P_4)	COMPLETED	0	2026-08-30 15:06:06.337	2026-08-30 15:06:06.430	2026-08-30 15:06:40.087	31.7s	2	6 GB	743.4 MB	7.8 GB	95.6%	1.2%	1.3 GB	69.9 MB
2276	be/09a7e4	BGC_ANALYSIS:ANTISMASH_ANALYSIS:ANTISMASH (Pantoea_piersonii_F9_6S_D2_EB2)	COMPLETED	0	2026-08-30 15:06:07.178	2026-08-30 15:06:07.275	2026-08-30 15:06:41.497	32.1s	2	6 GB	735.2 MB	7.8 GB	96.2%	1.2%	1.4 GB	70.9 MB
2265	ad/e7bb6d	BGC_ANALYSIS:ANTISMASH_ANALYSIS:ANTISMASH (Pantoea_piersonii_F10_5S_D1_EB5)	COMPLETED	0	2026-08-30 15:06:10.178	2026-08-30 15:06:10.275	2026-08-30 15:06:43.598	31.4s	2	6 GB	753.6 MB	7.8 GB	97.7%	1.2%	1.3 GB	69.4 MB
2293	bb/1b978b	BGC_ANALYSIS:ANTISMASH_ANALYSIS:ANTISMASH (Pantoea_stewartii_subsp._indologenes_21GA0717)	COMPLETED	0	2026-08-30 15:06:24.707	2026-08-30 15:06:24.803	2026-08-30 15:06:58.995	32.3s	2	6 GB	721.8 MB	7.8 GB	93.5%	1.3%	1.4 GB	73.4 MB
2277	cc/875083	BGC_ANALYSIS:ANTISMASH_ANALYSIS:ANTISMASH (Pantoea_piersonii_F9_6S_D2_EB3)	COMPLETED	0	2026-08-30 15:06:26.015	2026-08-30 15:06:26.112	2026-08-30 15:06:59.772	31.8s	2	6 GB	733.9 MB	7.8 GB	96.8%	1.2%	1.4 GB	70.9 MB
2273	06/a4e1b9	BGC_ANALYSIS:ANTISMASH_ANALYSIS:ANTISMASH (Pantoea_piersonii_F9_6S_D1_EB1)	COMPLETED	0	2026-08-30 15:06:27.866	2026-08-30 15:06:27.963	2026-08-30 15:07:00.873	31s	2	6 GB	734.7 MB	7.8 GB	97.3%	1.2%	1.3 GB	69.9 MB
2268	21/e9a6e3	BGC_ANALYSIS:ANTISMASH_ANALYSIS:ANTISMASH (Pantoea_piersonii_F10_5S_D1_EP6)	COMPLETED	0	2026-08-30 15:06:35.689	2026-08-30 15:06:35.785	2026-08-30 15:07:09.137	31.3s	2	6 GB	759.6 MB	7.8 GB	96.5%	1.3%	1.3 GB	69.9 MB
2275	6c/932337	BGC_ANALYSIS:ANTISMASH_ANALYSIS:ANTISMASH (Pantoea_piersonii_F9_6S_D2_B_5)	COMPLETED	0	2026-08-30 15:06:36.457	2026-08-30 15:06:36.553	2026-08-30 15:07:10.733	32.2s	2	6 GB	748.3 MB	7.8 GB	96.5%	1.3%	1.4 GB	71.4 MB
2283	13/05d360	BGC_ANALYSIS:ANTISMASH_ANALYSIS:ANTISMASH (Pantoea_piersonii_F9_8S_D1_EB5)	COMPLETED	0	2026-08-30 15:06:40.091	2026-08-30 15:06:40.187	2026-08-30 15:07:13.403	31.3s	2	6 GB	742.2 MB	7.8 GB	95.9%	1.2%	1.3 GB	69.9 MB
2287	44/8f1f2e	BGC_ANALYSIS:ANTISMASH_ANALYSIS:ANTISMASH (Pantoea_sp._C2G6)	COMPLETED	0	2026-08-30 15:06:41.501	2026-08-30 15:06:41.597	2026-08-30 15:07:15.729	32.1s	2	6 GB	721.3 MB	7.8 GB	94.5%	1.3%	1.4 GB	69.8 MB
2288	82/ade930	BGC_ANALYSIS:ANTISMASH_ANALYSIS:ANTISMASH (Pantoea_sp._C8B4)	COMPLETED	0	2026-08-30 15:06:43.602	2026-08-30 15:06:43.698	2026-08-30 15:07:19.123	33.4s	2	6 GB	723.7 MB	7.8 GB	94.3%	1.3%	1.4 GB	71.7 MB
2290	57/cdb233	BGC_ANALYSIS:ANTISMASH_ANALYSIS:ANTISMASH (Pantoea_sp._Lu_F5_004)	COMPLETED	0	2026-08-30 15:07:00.876	2026-08-30 15:07:00.974	2026-08-30 15:07:24.533	21.6s	2	6 GB	622.9 MB	7.8 GB	126.6%	1.0%	806.5 MB	43.7 MB
2279	4c/00fa0a	BGC_ANALYSIS:ANTISMASH_ANALYSIS:ANTISMASH (Pantoea_piersonii_F9_6S_D3_P_5)	COMPLETED	0	2026-08-30 15:06:58.998	2026-08-30 15:06:59.096	2026-08-30 15:07:33.060	32.1s	2	6 GB	737.6 MB	7.8 GB	96.7%	1.3%	1.3 GB	69.9 MB
2291	6b/30c2fd	BGC_ANALYSIS:ANTISMASH_ANALYSIS:ANTISMASH (Pantoea_sp._PGP6)	COMPLETED	0	2026-08-30 15:07:09.140	2026-08-30 15:07:09.237	2026-08-30 15:07:33.709	22.5s	2	6 GB	629.7 MB	7.9 GB	125.9%	1.0%	859.2 MB	44.9 MB
2294	cc/9f6951	BGC_ANALYSIS:ANTISMASH_ANALYSIS:ANTISMASH (Pantoea_tagorei_MR1)	COMPLETED	0	2026-08-30 15:06:59.775	2026-08-30 15:06:59.873	2026-08-30 15:07:34.869	33.1s	2	6 GB	801.5 MB	7.8 GB	93.9%	1.3%	1.4 GB	74.4 MB
2289	c4/07aca5	BGC_ANALYSIS:ANTISMASH_ANALYSIS:ANTISMASH (Pantoea_sp._E2023-21)	COMPLETED	0	2026-08-30 15:07:13.407	2026-08-30 15:07:13.503	2026-08-30 15:07:37.445	22s	2	6 GB	753 MB	7.8 GB	127.8%	1.3%	880 MB	62.6 MB
2301	b2/462aa7	BGC_ANALYSIS:ANTISMASH_ANALYSIS:ANTISMASH (Buchnera_aphidicola_Lachnus_tropicalis_Lt-NIBB)	COMPLETED	0	2026-08-30 15:07:33.063	2026-08-30 15:07:33.160	2026-08-30 15:07:40.331	5.3s	2	6 GB	203.5 MB	2.7 GB	107.8%	0.3%	238.9 MB	6.3 MB
2299	fe/b092ab	BGC_ANALYSIS:ANTISMASH_ANALYSIS:ANTISMASH (Buchnera_aphidicola_Cinara_confinis_BCiconfinis)	COMPLETED	0	2026-08-30 15:07:33.712	2026-08-30 15:07:33.809	2026-08-30 15:07:40.901	5.2s	2	6 GB	194 MB	2.7 GB	108.5%	0.3%	238.3 MB	5.3 MB
2286	59/c81cc0	BGC_ANALYSIS:ANTISMASH_ANALYSIS:ANTISMASH (Pantoea_sp._BS_4)	COMPLETED	0	2026-08-30 15:07:10.737	2026-08-30 15:07:10.833	2026-08-30 15:07:43.387	30.7s	2	6 GB	723.4 MB	7.8 GB	93.6%	1.3%	1.3 GB	69.2 MB
2297	31/51f7c8	BGC_ANALYSIS:ANTISMASH_ANALYSIS:ANTISMASH (Buchnera_aphidicola_BCifornacula)	COMPLETED	0	2026-08-30 15:07:37.449	2026-08-30 15:07:37.545	2026-08-30 15:07:45.021	5.5s	2	6 GB	199.4 MB	2.7 GB	109.8%	0.3%	259.1 MB	5.9 MB
2292	42/54d5a0	BGC_ANALYSIS:ANTISMASH_ANALYSIS:ANTISMASH (Pantoea_stewartii_subsp._indologenes_21GA0713)	COMPLETED	0	2026-08-30 15:07:15.732	2026-08-30 15:07:15.829	2026-08-30 15:07:50.071	32.2s	2	6 GB	701.7 MB	7.8 GB	92.8%	1.3%	1.3 GB	72.5 MB
2300	17/90beda	BGC_ANALYSIS:ANTISMASH_ANALYSIS:ANTISMASH (Buchnera_aphidicola_Cinara_pseudotaxifoliae_BCipseudotaxifoliae)	COMPLETED	0	2026-08-30 15:07:43.391	2026-08-30 15:07:43.487	2026-08-30 15:07:51.234	5.8s	2	6 GB	217.3 MB	2.7 GB	106.7%	0.3%	259.2 MB	5.9 MB
2296	a7/cc7c3f	BGC_ANALYSIS:ANTISMASH_ANALYSIS:ANTISMASH (Pantoea_vagans_ET90)	COMPLETED	0	2026-08-30 15:07:24.537	2026-08-30 15:07:24.633	2026-08-30 15:07:56.176	29.4s	2	6 GB	733.6 MB	7.8 GB	97.3%	1.3%	1.2 GB	69.6 MB
2310	be/f726de	BGC_ANALYSIS:ANTISMASH_ANALYSIS:ANTISMASH (Erwinia_papayae_JY224)	COMPLETED	0	2026-08-30 15:07:34.872	2026-08-30 15:07:34.970	2026-08-30 15:07:58.133	21.3s	2	6 GB	811 MB	7.8 GB	133.0%	1.4%	936.1 MB	63.2 MB
2314	8d/fd3562	BGC_ANALYSIS:ANTISMASH_ANALYSIS:ANTISMASH (Erwinia_sp._PL328)	COMPLETED	0	2026-08-30 15:07:40.335	2026-08-30 15:07:40.431	2026-08-30 15:08:03.770	21.5s	2	6 GB	868.9 MB	7.9 GB	135.8%	1.4%	881.1 MB	63.4 MB
2309	6c/da1fc6	BGC_ANALYSIS:ANTISMASH_ANALYSIS:ANTISMASH (Erwinia_papayae_JGD233)	COMPLETED	0	2026-08-30 15:07:40.904	2026-08-30 15:07:41.002	2026-08-30 15:08:04.063	21.1s	2	6 GB	880.6 MB	7.9 GB	137.2%	1.5%	870.3 MB	61.2 MB
2295	f3/d39222	BGC_ANALYSIS:ANTISMASH_ANALYSIS:ANTISMASH (Pantoea_trifolii_C2B11)	COMPLETED	0	2026-08-30 15:07:19.126	2026-08-30 15:07:19.223	2026-08-30 15:08:06.252	45.1s	2	6 GB	766.7 MB	7.8 GB	93.5%	1.3%	2 GB	90 MB
2318	9b/044228	BGC_ANALYSIS:ANTISMASH_ANALYSIS:ANTISMASH (Pantoea_agglomerans_A2_2)	COMPLETED	0	2026-08-30 15:07:51.238	2026-08-30 15:07:51.334	2026-08-30 15:08:09.121	15.5s	2	6 GB	628.6 MB	7.3 GB	129.5%	1.1%	673.2 MB	30.3 MB
2306	f1/02fbb0	BGC_ANALYSIS:ANTISMASH_ANALYSIS:ANTISMASH (Candidatus_Pantoea_varia_OV426)	COMPLETED	0	2026-08-30 15:07:45.025	2026-08-30 15:07:45.121	2026-08-30 15:08:10.790	23.7s	2	6 GB	709.5 MB	7.8 GB	106.4%	1.3%	996.3 MB	55.9 MB
2302	1f/4c522f	BGC_ANALYSIS:ANTISMASH_ANALYSIS:ANTISMASH (Buchnera_aphidicola_Pseudoregma_panicola_BuPpNGSK1)	COMPLETED	0	2026-08-30 15:08:04.067	2026-08-30 15:08:04.163	2026-08-30 15:08:11.974	5.8s	2	6 GB	208.1 MB	2.7 GB	105.2%	0.3%	261.9 MB	6.9 MB
2298	af/16331d	BGC_ANALYSIS:ANTISMASH_ANALYSIS:ANTISMASH (Buchnera_aphidicola_Ceratovacuna_nekoashi_BuCnOKZK1)	COMPLETED	0	2026-08-30 15:08:11.976	2026-08-30 15:08:12.074	2026-08-30 15:08:20.039	5.8s	2	6 GB	200.4 MB	2.7 GB	106.5%	0.3%	260.6 MB	6.9 MB
2308	5d/26fa69	BGC_ANALYSIS:ANTISMASH_ANALYSIS:ANTISMASH (Erwinia_papayae_AJC124)	COMPLETED	0	2026-08-30 15:07:56.179	2026-08-30 15:07:56.276	2026-08-30 15:08:20.341	21.8s	2	6 GB	879.2 MB	7.9 GB	131.7%	1.5%	937.6 MB	63.3 MB
2303	be/ffb3d8	BGC_ANALYSIS:ANTISMASH_ANALYSIS:ANTISMASH (Buchnera_aphidicola_Tuberolachnus_salignus_BTs)	COMPLETED	0	2026-08-30 15:08:20.344	2026-08-30 15:08:20.441	2026-08-30 15:08:28.127	5.8s	2	6 GB	216.5 MB	2.7 GB	108.4%	0.3%	264.4 MB	8.7 MB
2327	60/8ecec5	BGC_ANALYSIS:ANTISMASH_ANALYSIS:ANTISMASH (Pantoea_agglomerans_C-362)	COMPLETED	0	2026-08-30 15:08:10.794	2026-08-30 15:08:10.890	2026-08-30 15:08:29.710	16.7s	2	6 GB	779.6 MB	7.8 GB	118.2%	1.4%	653.9 MB	58.3 MB
2320	39/7d7fd3	BGC_ANALYSIS:ANTISMASH_ANALYSIS:ANTISMASH (Pantoea_agglomerans_C-142)	COMPLETED	0	2026-08-30 15:08:03.773	2026-08-30 15:08:03.871	2026-08-30 15:08:36.605	30.7s	2	6 GB	760 MB	7.8 GB	101.8%	1.3%	1.3 GB	73.9 MB
2304	cd/a8b2ec	BGC_ANALYSIS:ANTISMASH_ANALYSIS:ANTISMASH (Candidatus_Erwinia_haradaeae_ErCipseudotaxifoliae)	COMPLETED	0	2026-08-30 15:08:29.713	2026-08-30 15:08:29.811	2026-08-30 15:08:39.089	7.2s	2	6 GB	465.7 MB	7.7 GB	107.0%	0.7%	280.5 MB	10.2 MB
2307	1b/c16556	BGC_ANALYSIS:ANTISMASH_ANALYSIS:ANTISMASH (Erwinia_amylovora_LMG1877)	COMPLETED	0	2026-08-30 15:08:20.043	2026-08-30 15:08:20.140	2026-08-30 15:08:39.281	17.2s	2	6 GB	687.2 MB	7.7 GB	131.4%	1.1%	675 MB	46.8 MB
2321	ca/54a0b6	BGC_ANALYSIS:ANTISMASH_ANALYSIS:ANTISMASH (Pantoea_agglomerans_C-143)	COMPLETED	0	2026-08-30 15:08:06.255	2026-08-30 15:08:06.353	2026-08-30 15:08:41.011	32.6s	2	6 GB	748.5 MB	7.8 GB	94.9%	1.2%	1.3 GB	72.2 MB
2323	9b/51bb6c	BGC_ANALYSIS:ANTISMASH_ANALYSIS:ANTISMASH (Pantoea_agglomerans_C-21)	COMPLETED	0	2026-08-30 15:08:09.124	2026-08-30 15:08:09.221	2026-08-30 15:08:41.982	30.6s	2	6 GB	740.4 MB	7.8 GB	94.9%	1.2%	1.2 GB	69.8 MB
2312	91/bd8a9c	BGC_ANALYSIS:ANTISMASH_ANALYSIS:ANTISMASH (Erwinia_rhapontici_VNIIKR-B-0065)	COMPLETED	0	2026-08-30 15:07:58.137	2026-08-30 15:07:58.233	2026-08-30 15:09:03.392	1m 3s	2	6 GB	513.5 MB	7.7 GB	103.1%	0.9%	3 GB	100.6 MB
2305	af/d02e3f	BGC_ANALYSIS:ANTISMASH_ANALYSIS:ANTISMASH (Candidatus_Pantoea_symbiotica_YR512)	COMPLETED	0	2026-08-30 15:08:28.130	2026-08-30 15:08:28.227	2026-08-30 15:09:03.715	33.5s	2	6 GB	703 MB	7.8 GB	94.7%	1.3%	1.4 GB	69 MB
2311	c2/1b945b	BGC_ANALYSIS:ANTISMASH_ANALYSIS:ANTISMASH (Erwinia_persicina_CFBP9294)	COMPLETED	0	2026-08-30 15:08:39.092	2026-08-30 15:08:39.189	2026-08-30 15:09:04.932	23.9s	2	6 GB	656.5 MB	7.9 GB	133.0%	1.1%	894.1 MB	48.4 MB
2317	70/8f9573	BGC_ANALYSIS:ANTISMASH_ANALYSIS:ANTISMASH (Izhakiella_capsodis_N6PO6)	COMPLETED	0	2026-08-30 15:08:39.284	2026-08-30 15:08:39.381	2026-08-30 15:09:06.966	25.7s	2	6 GB	589.2 MB	7.7 GB	97.1%	1.0%	1.1 GB	50.6 MB
2319	16/a4c107	BGC_ANALYSIS:ANTISMASH_ANALYSIS:ANTISMASH (Pantoea_agglomerans_C-136)	COMPLETED	0	2026-08-30 15:08:41.986	2026-08-30 15:08:42.083	2026-08-30 15:09:13.948	29.9s	2	6 GB	842.5 MB	7.8 GB	102.5%	1.4%	1.3 GB	72.8 MB
2313	fa/dffa2c	BGC_ANALYSIS:ANTISMASH_ANALYSIS:ANTISMASH (Erwinia_sp._ErVv1)	COMPLETED	0	2026-08-30 15:08:41.014	2026-08-30 15:08:41.112	2026-08-30 15:09:19.154	36.2s	2	6 GB	484.8 MB	7.8 GB	101.7%	0.7%	1.3 GB	55.3 MB
2315	a9/d96c86	BGC_ANALYSIS:ANTISMASH_ANALYSIS:ANTISMASH (Erwinia_sp._PPS120_2)	COMPLETED	0	2026-08-30 15:08:36.609	2026-08-30 15:08:36.705	2026-08-30 15:09:19.338	40.6s	2	6 GB	724.2 MB	7.8 GB	94.7%	1.3%	1.8 GB	80.8 MB
2325	0d/a1143c	BGC_ANALYSIS:ANTISMASH_ANALYSIS:ANTISMASH (Pantoea_agglomerans_C-358)	COMPLETED	0	2026-08-30 15:09:03.718	2026-08-30 15:09:03.815	2026-08-30 15:09:25.509	19.8s	2	6 GB	825.8 MB	7.8 GB	121.3%	1.4%	840.5 MB	64.2 MB
2324	50/c94fe4	BGC_ANALYSIS:ANTISMASH_ANALYSIS:ANTISMASH (Pantoea_agglomerans_C-332)	COMPLETED	0	2026-08-30 15:09:04.936	2026-08-30 15:09:05.033	2026-08-30 15:09:26.635	19.7s	2	6 GB	806.5 MB	7.8 GB	123.5%	1.4%	791.2 MB	60.5 MB
2338	ba/62fd26	BGC_ANALYSIS:ANTISMASH_ANALYSIS:ANTISMASH (Pantoea_agglomerans_C-386)	COMPLETED	0	2026-08-30 15:09:06.969	2026-08-30 15:09:07.066	2026-08-30 15:09:32.622	23.7s	2	6 GB	795.8 MB	7.8 GB	124.7%	1.3%	868.1 MB	61.3 MB
2326	47/f1800f	BGC_ANALYSIS:ANTISMASH_ANALYSIS:ANTISMASH (Pantoea_agglomerans_C-359)	COMPLETED	0	2026-08-30 15:09:13.952	2026-08-30 15:09:14.049	2026-08-30 15:09:35.214	19s	2	6 GB	789.2 MB	7.8 GB	126.4%	1.3%	722.1 MB	57.4 MB
2322	c3/b5c18a	BGC_ANALYSIS:ANTISMASH_ANALYSIS:ANTISMASH (Pantoea_agglomerans_C-193)	COMPLETED	0	2026-08-30 15:09:03.395	2026-08-30 15:09:03.492	2026-08-30 15:09:37.690	32.2s	2	6 GB	747.1 MB	7.8 GB	98.5%	1.3%	1.3 GB	72.2 MB
2328	bf/58fa60	BGC_ANALYSIS:ANTISMASH_ANALYSIS:ANTISMASH (Pantoea_agglomerans_C-364)	COMPLETED	0	2026-08-30 15:09:19.158	2026-08-30 15:09:19.254	2026-08-30 15:09:40.284	18.9s	2	6 GB	775 MB	7.8 GB	127.6%	1.3%	754.2 MB	58.9 MB
2331	18/afd55b	BGC_ANALYSIS:ANTISMASH_ANALYSIS:ANTISMASH (Pantoea_agglomerans_C-368)	COMPLETED	0	2026-08-30 15:09:19.342	2026-08-30 15:09:19.439	2026-08-30 15:09:41.982	20.4s	2	6 GB	786.9 MB	7.8 GB	129.3%	1.3%	832.3 MB	59.1 MB
2329	b7/fba662	BGC_ANALYSIS:ANTISMASH_ANALYSIS:ANTISMASH (Pantoea_agglomerans_C-366)	COMPLETED	0	2026-08-30 15:09:25.513	2026-08-30 15:09:25.609	2026-08-30 15:09:45.843	18.1s	2	6 GB	857.9 MB	7.9 GB	119.0%	1.4%	700.9 MB	59.3 MB
2330	15/547adf	BGC_ANALYSIS:ANTISMASH_ANALYSIS:ANTISMASH (Pantoea_agglomerans_C-367)	COMPLETED	0	2026-08-30 15:09:26.638	2026-08-30 15:09:26.736	2026-08-30 15:09:47.830	19s	2	6 GB	775.3 MB	7.8 GB	126.2%	1.3%	756.2 MB	58.9 MB
2332	d0/24b207	BGC_ANALYSIS:ANTISMASH_ANALYSIS:ANTISMASH (Pantoea_agglomerans_C-369)	COMPLETED	0	2026-08-30 15:09:32.626	2026-08-30 15:09:32.722	2026-08-30 15:09:53.257	18.4s	2	6 GB	800.2 MB	7.8 GB	125.5%	1.3%	713.5 MB	57 MB
2333	50/2ca07e	BGC_ANALYSIS:ANTISMASH_ANALYSIS:ANTISMASH (Pantoea_agglomerans_C-373)	COMPLETED	0	2026-08-30 15:09:40.287	2026-08-30 15:09:40.384	2026-08-30 15:10:00.006	17.6s	2	6 GB	821.3 MB	7.9 GB	117.5%	1.4%	660.4 MB	58.4 MB
2342	c4/ba88ad	BGC_ANALYSIS:ANTISMASH_ANALYSIS:ANTISMASH (Pantoea_agglomerans_C-401)	COMPLETED	0	2026-08-30 15:09:37.694	2026-08-30 15:09:37.790	2026-08-30 15:10:02.062	22.2s	2	6 GB	825 MB	7.8 GB	126.4%	1.3%	898.7 MB	62.7 MB
2347	be/c75eeb	BGC_ANALYSIS:ANTISMASH_ANALYSIS:ANTISMASH (Pantoea_agglomerans_C-416)	COMPLETED	0	2026-08-30 15:09:41.985	2026-08-30 15:09:42.081	2026-08-30 15:10:04.597	20.5s	2	6 GB	778.6 MB	7.8 GB	130.3%	1.3%	830.9 MB	59.1 MB
2334	6a/f296c7	BGC_ANALYSIS:ANTISMASH_ANALYSIS:ANTISMASH (Pantoea_agglomerans_C-374)	COMPLETED	0	2026-08-30 15:09:45.846	2026-08-30 15:09:45.943	2026-08-30 15:10:05.097	17s	2	6 GB	832 MB	7.9 GB	118.8%	1.3%	653.3 MB	58.3 MB
2316	7a/32f89d	BGC_ANALYSIS:ANTISMASH_ANALYSIS:ANTISMASH (Erwinia_tracheiphila_DSM_21139)	COMPLETED	0	2026-08-30 15:07:50.074	2026-08-30 15:07:50.171	2026-08-30 15:10:11.722	2m 19s	2	6 GB	688.3 MB	7.7 GB	101.5%	1.2%	8.1 GB	228.1 MB
2336	b3/25ef7c	BGC_ANALYSIS:ANTISMASH_ANALYSIS:ANTISMASH (Pantoea_agglomerans_C-377)	COMPLETED	0	2026-08-30 15:09:53.260	2026-08-30 15:09:53.358	2026-08-30 15:10:12.806	17s	2	6 GB	842.5 MB	7.9 GB	117.2%	1.5%	666.3 MB	58.4 MB
2337	05/60f5b2	BGC_ANALYSIS:ANTISMASH_ANALYSIS:ANTISMASH (Pantoea_agglomerans_C-38)	COMPLETED	0	2026-08-30 15:09:47.834	2026-08-30 15:09:47.930	2026-08-30 15:10:20.418	30.4s	2	6 GB	729.7 MB	7.8 GB	98.8%	1.3%	1.2 GB	69.6 MB
2340	ad/fc3580	BGC_ANALYSIS:ANTISMASH_ANALYSIS:ANTISMASH (Pantoea_agglomerans_C-393)	COMPLETED	0	2026-08-30 15:10:00.009	2026-08-30 15:10:00.106	2026-08-30 15:10:22.900	20.7s	2	6 GB	809.4 MB	7.8 GB	126.3%	1.4%	878.4 MB	62.1 MB
2341	b0/53bba7	BGC_ANALYSIS:ANTISMASH_ANALYSIS:ANTISMASH (Pantoea_agglomerans_C-398)	COMPLETED	0	2026-08-30 15:10:04.601	2026-08-30 15:10:04.697	2026-08-30 15:10:26.978	20.4s	2	6 GB	783.4 MB	7.8 GB	127.6%	1.4%	835.9 MB	59.3 MB
2335	99/974337	BGC_ANALYSIS:ANTISMASH_ANALYSIS:ANTISMASH (Pantoea_agglomerans_C-376)	COMPLETED	0	2026-08-30 15:09:35.217	2026-08-30 15:09:35.314	2026-08-30 15:10:28.782	51.4s	2	6 GB	4.7 GB	7.8 GB	122.7%	5.4%	14.2 GB	59.9 MB
2350	a0/a5c738	BGC_ANALYSIS:ANTISMASH_ANALYSIS:ANTISMASH (Pantoea_agglomerans_C-8)	COMPLETED	0	2026-08-30 15:10:02.065	2026-08-30 15:10:02.162	2026-08-30 15:10:35.221	31.2s	2	6 GB	787.5 MB	7.8 GB	93.6%	1.3%	1.2 GB	69.6 MB
2343	4f/3c77ea	BGC_ANALYSIS:ANTISMASH_ANALYSIS:ANTISMASH (Pantoea_agglomerans_C-404)	COMPLETED	0	2026-08-30 15:10:12.811	2026-08-30 15:10:12.906	2026-08-30 15:10:35.654	20.5s	2	6 GB	758.4 MB	7.8 GB	128.1%	1.3%	826.2 MB	58.3 MB
2344	1e/4831d1	BGC_ANALYSIS:ANTISMASH_ANALYSIS:ANTISMASH (Pantoea_agglomerans_C-406)	COMPLETED	0	2026-08-30 15:10:11.725	2026-08-30 15:10:11.822	2026-08-30 15:10:35.808	21.7s	2	6 GB	807.3 MB	7.8 GB	125.0%	1.3%	878.8 MB	62.5 MB
2352	45/6d4f35	BGC_ANALYSIS:ANTISMASH_ANALYSIS:ANTISMASH (Pantoea_agglomerans_C-95)	COMPLETED	0	2026-08-30 15:10:05.101	2026-08-30 15:10:05.197	2026-08-30 15:10:41.089	33.9s	2	6 GB	743.1 MB	7.8 GB	93.5%	1.3%	1.3 GB	72.7 MB
2345	0f/5fe906	BGC_ANALYSIS:ANTISMASH_ANALYSIS:ANTISMASH (Pantoea_agglomerans_C-410)	COMPLETED	0	2026-08-30 15:10:22.904	2026-08-30 15:10:23.001	2026-08-30 15:10:45.519	20.4s	2	6 GB	777.4 MB	7.8 GB	126.9%	1.3%	818.3 MB	57.8 MB
2346	90/2c2819	BGC_ANALYSIS:ANTISMASH_ANALYSIS:ANTISMASH (Pantoea_agglomerans_C-414)	COMPLETED	0	2026-08-30 15:10:28.785	2026-08-30 15:10:28.883	2026-08-30 15:10:51.572	20.5s	2	6 GB	742.3 MB	7.8 GB	127.7%	1.3%	827.1 MB	58.4 MB
2348	60/5a0e11	BGC_ANALYSIS:ANTISMASH_ANALYSIS:ANTISMASH (Pantoea_agglomerans_C-422)	COMPLETED	0	2026-08-30 15:10:35.224	2026-08-30 15:10:35.321	2026-08-30 15:10:59.210	21.8s	2	6 GB	813.2 MB	7.8 GB	127.0%	1.3%	872 MB	61.6 MB
2353	75/aa928f	BGC_ANALYSIS:ANTISMASH_ANALYSIS:ANTISMASH (Pantoea_agglomerans_C12)	COMPLETED	0	2026-08-30 15:10:41.093	2026-08-30 15:10:41.190	2026-08-30 15:11:04.377	20.9s	2	6 GB	773.2 MB	7.8 GB	126.0%	1.3%	839 MB	59.7 MB
2349	5a/9502ce	BGC_ANALYSIS:ANTISMASH_ANALYSIS:ANTISMASH (Pantoea_agglomerans_C-5)	COMPLETED	0	2026-08-30 15:10:35.658	2026-08-30 15:10:35.754	2026-08-30 15:11:08.332	30.5s	2	6 GB	700 MB	7.8 GB	94.4%	1.2%	1.1 GB	67.4 MB
2351	36/ada407	BGC_ANALYSIS:ANTISMASH_ANALYSIS:ANTISMASH (Pantoea_agglomerans_C-88)	COMPLETED	0	2026-08-30 15:10:35.812	2026-08-30 15:10:35.909	2026-08-30 15:11:09.483	31.5s	2	6 GB	742.5 MB	7.8 GB	99.3%	1.3%	1.3 GB	73.2 MB
2354	62/0c919e	BGC_ANALYSIS:ANTISMASH_ANALYSIS:ANTISMASH (Pantoea_agglomerans_CFBP9279)	COMPLETED	0	2026-08-30 15:10:45.523	2026-08-30 15:10:45.619	2026-08-30 15:11:09.926	22.1s	2	6 GB	629.6 MB	7.9 GB	126.2%	1.1%	814.9 MB	44 MB
2356	6f/ac995f	BGC_ANALYSIS:ANTISMASH_ANALYSIS:ANTISMASH (Pantoea_agglomerans_CFBP9288)	COMPLETED	0	2026-08-30 15:10:51.576	2026-08-30 15:10:51.672	2026-08-30 15:11:16.851	23.1s	2	6 GB	638.8 MB	8 GB	125.5%	1.1%	874.7 MB	46.6 MB
2358	3d/a516d5	BGC_ANALYSIS:ANTISMASH_ANALYSIS:ANTISMASH (Pantoea_agglomerans_NI-6)	COMPLETED	0	2026-08-30 15:11:04.381	2026-08-30 15:11:04.478	2026-08-30 15:11:27.071	20.4s	2	6 GB	801.7 MB	7.8 GB	129.7%	1.4%	826.8 MB	58.6 MB
2360	e5/53170f	BGC_ANALYSIS:ANTISMASH_ANALYSIS:ANTISMASH (Pantoea_allii_KB4)	COMPLETED	0	2026-08-30 15:10:26.981	2026-08-30 15:10:27.078	2026-08-30 15:11:29.882	1m 1s	2	6 GB	4.8 GB	7.9 GB	110.4%	6.4%	11.5 GB	76.8 MB
2361	b2/5439a0	BGC_ANALYSIS:ANTISMASH_ANALYSIS:ANTISMASH (Pantoea_ananatis_KB2A)	COMPLETED	0	2026-08-30 15:10:59.214	2026-08-30 15:10:59.310	2026-08-30 15:11:32.308	30.9s	2	6 GB	709 MB	7.8 GB	96.3%	1.2%	1.2 GB	69.2 MB
2355	63/ea0783	BGC_ANALYSIS:ANTISMASH_ANALYSIS:ANTISMASH (Pantoea_agglomerans_CFBP9280)	COMPLETED	0	2026-08-30 15:11:09.929	2026-08-30 15:11:10.026	2026-08-30 15:11:33.508	21.3s	2	6 GB	620.2 MB	7.8 GB	126.9%	1.0%	796.4 MB	43.1 MB
2372	ce/84f9ef	BGC_ANALYSIS:ANTISMASH_ANALYSIS:ANTISMASH (Pantoea_eucalypti_NFPP29)	COMPLETED	0	2026-08-30 15:11:09.487	2026-08-30 15:11:09.583	2026-08-30 15:11:34.784	23.1s	2	6 GB	558.2 MB	7.3 GB	96.4%	1.0%	958.2 MB	52.5 MB
2359	0d/56d571	BGC_ANALYSIS:ANTISMASH_ANALYSIS:ANTISMASH (Pantoea_agglomerans_PK91_bin.39)	COMPLETED	0	2026-08-30 15:10:20.421	2026-08-30 15:10:20.519	2026-08-30 15:11:38.457	1m 16s	2	6 GB	473.6 MB	7.6 GB	105.2%	0.7%	3.7 GB	112.2 MB
2357	14/66f361	BGC_ANALYSIS:ANTISMASH_ANALYSIS:ANTISMASH (Pantoea_agglomerans_HPB_10265)	COMPLETED	0	2026-08-30 15:11:08.336	2026-08-30 15:11:08.432	2026-08-30 15:11:41.225	30.9s	2	6 GB	680.1 MB	7.7 GB	93.7%	1.2%	1.2 GB	70.2 MB
2365	76/11c45b	BGC_ANALYSIS:ANTISMASH_ANALYSIS:ANTISMASH (Pantoea_anthophila_Lm-2025-w)	COMPLETED	0	2026-08-30 15:11:33.512	2026-08-30 15:11:33.608	2026-08-30 15:11:54.379	18.8s	2	6 GB	772.4 MB	7.8 GB	127.4%	1.3%	772.3 MB	48.5 MB
2367	32/7d5b95	BGC_ANALYSIS:ANTISMASH_ANALYSIS:ANTISMASH (Pantoea_anthophila_P60106)	COMPLETED	0	2026-08-30 15:11:32.311	2026-08-30 15:11:32.408	2026-08-30 15:11:54.491	20.2s	2	6 GB	798 MB	7.8 GB	129.7%	1.3%	808.2 MB	56.5 MB
2366	da/febc18	BGC_ANALYSIS:ANTISMASH_ANALYSIS:ANTISMASH (Pantoea_anthophila_Lm-2025-y)	COMPLETED	0	2026-08-30 15:11:34.787	2026-08-30 15:11:34.884	2026-08-30 15:11:57.307	20.4s	2	6 GB	745.9 MB	7.8 GB	127.9%	1.2%	848.4 MB	53.8 MB
2368	6b/c6b8cb	BGC_ANALYSIS:ANTISMASH_ANALYSIS:ANTISMASH (Pantoea_dispersa_1611)	COMPLETED	0	2026-08-30 15:11:41.228	2026-08-30 15:11:41.325	2026-08-30 15:12:04.647	21.3s	2	6 GB	757.5 MB	7.8 GB	125.0%	1.3%	865.4 MB	57.5 MB
2364	ea/d14da4	BGC_ANALYSIS:ANTISMASH_ANALYSIS:ANTISMASH (Pantoea_ananatis_RP1)	COMPLETED	0	2026-08-30 15:11:27.074	2026-08-30 15:11:27.171	2026-08-30 15:12:17.330	48.1s	2	6 GB	4.6 GB	7.5 GB	125.5%	5.2%	9.8 GB	32.7 MB
2362	01/52d262	BGC_ANALYSIS:ANTISMASH_ANALYSIS:ANTISMASH (Pantoea_ananatis_NFIX48)	COMPLETED	0	2026-08-30 15:11:29.886	2026-08-30 15:11:29.982	2026-08-30 15:12:23.932	52s	2	6 GB	4.7 GB	7.7 GB	111.8%	5.5%	9.7 GB	56.6 MB
2380	08/29477d	BGC_ANALYSIS:ANTISMASH_ANALYSIS:ANTISMASH (Pantoea_sp._X-Soil-ISGK-313)	COMPLETED	0	2026-08-30 15:12:04.652	2026-08-30 15:12:04.747	2026-08-30 15:12:27.548	20.3s	2	6 GB	774 MB	7.8 GB	131.0%	1.4%	854 MB	55.5 MB
2363	ad/77b24f	BGC_ANALYSIS:ANTISMASH_ANALYSIS:ANTISMASH (Pantoea_ananatis_NFR11)	COMPLETED	0	2026-08-30 15:11:16.855	2026-08-30 15:11:16.951	2026-08-30 15:12:29.371	1m 10s	2	6 GB	4.7 GB	8 GB	121.3%	7.7%	20.4 GB	60.4 MB
2370	31/241f33	BGC_ANALYSIS:ANTISMASH_ANALYSIS:ANTISMASH (Pantoea_dispersa_WZ-007)	COMPLETED	0	2026-08-30 15:11:54.382	2026-08-30 15:11:54.479	2026-08-30 15:12:29.996	33.5s	2	6 GB	733.8 MB	7.8 GB	97.0%	1.3%	1.4 GB	74.6 MB
2371	e9/484744	BGC_ANALYSIS:ANTISMASH_ANALYSIS:ANTISMASH (Pantoea_dispersa_WZ-008)	COMPLETED	0	2026-08-30 15:11:54.527	2026-08-30 15:11:54.591	2026-08-30 15:12:30.935	34.2s	2	6 GB	761.8 MB	7.8 GB	96.7%	1.3%	1.3 GB	74 MB
2369	d8/42bec2	BGC_ANALYSIS:ANTISMASH_ANALYSIS:ANTISMASH (Pantoea_dispersa_HPB_9127)	COMPLETED	0	2026-08-30 15:11:38.460	2026-08-30 15:11:38.557	2026-08-30 15:12:31.397	50.8s	2	6 GB	698.1 MB	7.8 GB	96.9%	1.3%	2.4 GB	98.6 MB
2379	dc/66bd09	BGC_ANALYSIS:ANTISMASH_ANALYSIS:ANTISMASH (Pantoea_sp._X-Soil-ISGK-285)	COMPLETED	0	2026-08-30 15:12:17.334	2026-08-30 15:12:17.431	2026-08-30 15:12:40.644	21.1s	2	6 GB	799.4 MB	7.8 GB	125.9%	1.3%	857.1 MB	55.9 MB
2375	1c/92f06c	BGC_ANALYSIS:ANTISMASH_ANALYSIS:ANTISMASH (Pantoea_sp._Ae19-2)	COMPLETED	0	2026-08-30 15:12:27.552	2026-08-30 15:12:27.648	2026-08-30 15:12:53.481	23.8s	2	6 GB	830.1 MB	7.8 GB	124.9%	1.4%	986.9 MB	65.8 MB
2383	d3/02ed53	BGC_ANALYSIS:ANTISMASH_ANALYSIS:ANTISMASH (Pantoea_sp._X-Soil-MYKO-1289)	COMPLETED	0	2026-08-30 15:12:29.999	2026-08-30 15:12:30.096	2026-08-30 15:12:53.530	21.3s	2	6 GB	808.4 MB	7.8 GB	129.0%	1.3%	845.9 MB	55.7 MB
2377	73/b35d47	BGC_ANALYSIS:ANTISMASH_ANALYSIS:ANTISMASH (Pantoea_sp._X-Soil-ISGK-259)	COMPLETED	0	2026-08-30 15:12:31.400	2026-08-30 15:12:31.497	2026-08-30 15:12:54.041	20.5s	2	6 GB	768 MB	7.8 GB	131.0%	1.3%	846.5 MB	55.2 MB
2378	cf/ee7bcd	BGC_ANALYSIS:ANTISMASH_ANALYSIS:ANTISMASH (Pantoea_sp._X-Soil-ISGK-275)	COMPLETED	0	2026-08-30 15:12:30.938	2026-08-30 15:12:31.035	2026-08-30 15:12:55.460	22.4s	2	6 GB	792.1 MB	7.8 GB	128.1%	1.3%	899.5 MB	59.6 MB
2376	00/7678ff	BGC_ANALYSIS:ANTISMASH_ANALYSIS:ANTISMASH (Pantoea_sp._GQ186)	COMPLETED	0	2026-08-30 15:12:29.375	2026-08-30 15:12:29.471	2026-08-30 15:12:57.149	25.6s	2	6 GB	661.9 MB	7.7 GB	99.9%	1.1%	1.1 GB	59.4 MB
2374	4d/29866f	BGC_ANALYSIS:ANTISMASH_ANALYSIS:ANTISMASH (Pantoea_septica_2116-01_bin.8)	COMPLETED	0	2026-08-30 15:12:23.936	2026-08-30 15:12:24.033	2026-08-30 15:12:58.292	32.2s	2	6 GB	701.2 MB	7.8 GB	92.2%	1.3%	1.3 GB	68.9 MB
2381	18/15e766	BGC_ANALYSIS:ANTISMASH_ANALYSIS:ANTISMASH (Pantoea_sp._X-Soil-ISGK-355)	COMPLETED	0	2026-08-30 15:12:40.648	2026-08-30 15:12:40.744	2026-08-30 15:13:03.431	20.4s	2	6 GB	773.5 MB	7.8 GB	127.4%	1.3%	890.5 MB	57 MB
2384	d0/aaa044	BGC_ANALYSIS:ANTISMASH_ANALYSIS:ANTISMASH (Pantoea_sp._X-Soil-MYKO-1785)	COMPLETED	0	2026-08-30 15:12:53.534	2026-08-30 15:12:53.630	2026-08-30 15:13:18.087	22.4s	2	6 GB	796.3 MB	7.8 GB	126.5%	1.3%	911.1 MB	60.5 MB
2391	bf/074278	BGC_ANALYSIS:ANTISMASH_ANALYSIS:ANTISMASH (Pantoea_sp._X-Soil-YNGN-775)	COMPLETED	0	2026-08-30 15:12:55.464	2026-08-30 15:12:55.560	2026-08-30 15:13:19.542	22s	2	6 GB	774.7 MB	7.8 GB	130.4%	1.3%	875.6 MB	58.4 MB
2373	26/774b02	BGC_ANALYSIS:ANTISMASH_ANALYSIS:ANTISMASH (Pantoea_piersonii_2146-01_bin.4)	COMPLETED	0	2026-08-30 15:11:57.310	2026-08-30 15:11:57.407	2026-08-30 15:13:19.610	1m 20s	2	6 GB	738.6 MB	7.8 GB	97.1%	1.3%	4 GB	136.9 MB
2389	a1/b45614	BGC_ANALYSIS:ANTISMASH_ANALYSIS:ANTISMASH (Pantoea_sp._X-Soil-TKNS-1279)	COMPLETED	0	2026-08-30 15:12:54.045	2026-08-30 15:12:54.142	2026-08-30 15:13:21.061	24.8s	2	6 GB	860 MB	7.9 GB	127.7%	1.5%	1013.9 MB	67 MB
2385	85/c16b58	BGC_ANALYSIS:ANTISMASH_ANALYSIS:ANTISMASH (Pantoea_sp._X-Soil-OKNW-556)	COMPLETED	0	2026-08-30 15:12:53.485	2026-08-30 15:12:53.530	2026-08-30 15:13:21.612	26s	2	6 GB	870.2 MB	7.9 GB	128.6%	1.5%	1 GB	69.4 MB
2382	47/770572	BGC_ANALYSIS:ANTISMASH_ANALYSIS:ANTISMASH (Pantoea_sp._X-Soil-ISGK-421)	COMPLETED	0	2026-08-30 15:12:57.152	2026-08-30 15:12:57.249	2026-08-30 15:13:21.970	22.8s	2	6 GB	786.9 MB	7.8 GB	129.3%	1.3%	879.2 MB	58.2 MB
2390	b0/288c79	BGC_ANALYSIS:ANTISMASH_ANALYSIS:ANTISMASH (Pantoea_sp._X-Soil-TKNS-1280)	COMPLETED	0	2026-08-30 15:12:58.295	2026-08-30 15:12:58.392	2026-08-30 15:13:27.022	26.8s	2	6 GB	855.9 MB	7.9 GB	125.0%	1.4%	1.1 GB	72.6 MB
2386	32/42cc7b	BGC_ANALYSIS:ANTISMASH_ANALYSIS:ANTISMASH (Pantoea_sp._X-Soil-OKNW-713)	COMPLETED	0	2026-08-30 15:13:03.435	2026-08-30 15:13:03.531	2026-08-30 15:13:30.193	24.5s	2	6 GB	830 MB	7.8 GB	126.0%	1.4%	1011 MB	66.9 MB
2392	19/7c21ec	BGC_ANALYSIS:ANTISMASH_ANALYSIS:ANTISMASH (Pantoea_sp._X-Soil-YNGN-785)	COMPLETED	0	2026-08-30 15:13:19.613	2026-08-30 15:13:19.711	2026-08-30 15:13:42.152	20.6s	2	6 GB	793.7 MB	7.8 GB	130.4%	1.3%	833.2 MB	55.1 MB
2393	42/979eaf	BGC_ANALYSIS:ANTISMASH_ANALYSIS:ANTISMASH (Pantoea_sp._X-Soil-YNGN-844)	COMPLETED	0	2026-08-30 15:13:21.064	2026-08-30 15:13:21.161	2026-08-30 15:13:43.887	20.8s	2	6 GB	788.7 MB	7.8 GB	131.0%	1.3%	854 MB	55.2 MB
2395	20/06d123	BGC_ANALYSIS:ANTISMASH_ANALYSIS:ANTISMASH (Pantoea_vagans_OT42024)	COMPLETED	0	2026-08-30 15:13:21.974	2026-08-30 15:13:22.070	2026-08-30 15:13:45.951	22s	2	6 GB	812.8 MB	7.8 GB	126.2%	1.3%	930.6 MB	65.3 MB
2388	8a/c9688f	BGC_ANALYSIS:ANTISMASH_ANALYSIS:ANTISMASH (Pantoea_sp._X-Soil-TKNS-1211)	COMPLETED	0	2026-08-30 15:13:19.545	2026-08-30 15:13:19.610	2026-08-30 15:13:48.239	26.7s	2	6 GB	830 MB	7.8 GB	126.5%	1.4%	1 GB	71.2 MB
2387	1f/d8cb4c	BGC_ANALYSIS:ANTISMASH_ANALYSIS:ANTISMASH (Pantoea_sp._X-Soil-TKNS-1207)	COMPLETED	0	2026-08-30 15:13:21.616	2026-08-30 15:13:21.717	2026-08-30 15:13:49.463	25.8s	2	6 GB	829.1 MB	7.8 GB	128.9%	1.4%	1003.7 MB	67.2 MB
2403	6a/7f4f2a	BGC_ANALYSIS:ANTISMASH_ANALYSIS:ANTISMASH (Erwinia_aphidicola_H52)	COMPLETED	0	2026-08-30 15:13:30.197	2026-08-30 15:13:30.293	2026-08-30 15:13:53.730	21.2s	2	6 GB	868.3 MB	7.9 GB	132.7%	1.4%	880.1 MB	63.1 MB
2394	78/ebd103	BGC_ANALYSIS:ANTISMASH_ANALYSIS:ANTISMASH (Pantoea_sp._YR525)	COMPLETED	0	2026-08-30 15:13:18.091	2026-08-30 15:13:18.187	2026-08-30 15:13:54.185	34.1s	2	6 GB	682.1 MB	7.7 GB	92.8%	1.2%	1.4 GB	68.9 MB
2396	74/368b29	BGC_ANALYSIS:ANTISMASH_ANALYSIS:ANTISMASH (Rosenbergiella_nectarea_8N4)	COMPLETED	0	2026-08-30 15:13:27.025	2026-08-30 15:13:27.122	2026-08-30 15:13:56.083	26.8s	2	6 GB	456.5 MB	7.2 GB	94.7%	0.7%	1.1 GB	49.7 MB
2397	92/734be4	BGC_ANALYSIS:ANTISMASH_ANALYSIS:ANTISMASH (Erwinia_aphidicola_B39)	COMPLETED	0	2026-08-30 15:13:42.154	2026-08-30 15:13:42.251	2026-08-30 15:14:01.867	17.7s	2	6 GB	681.6 MB	7.4 GB	137.1%	1.2%	803.8 MB	38 MB
2398	f7/02122c	BGC_ANALYSIS:ANTISMASH_ANALYSIS:ANTISMASH (Erwinia_aphidicola_Dr4)	COMPLETED	0	2026-08-30 15:13:43.890	2026-08-30 15:13:43.987	2026-08-30 15:14:07.016	21s	2	6 GB	853 MB	7.9 GB	138.1%	1.4%	839.7 MB	60.8 MB
2408	0a/d47ef8	BGC_ANALYSIS:ANTISMASH_ANALYSIS:ANTISMASH (Erwinia_billingiae_EW2)	COMPLETED	0	2026-08-30 15:13:45.955	2026-08-30 15:13:46.051	2026-08-30 15:14:09.634	21.6s	2	6 GB	873.9 MB	7.9 GB	134.1%	1.4%	879.7 MB	64.4 MB
2409	4c/46981f	BGC_ANALYSIS:ANTISMASH_ANALYSIS:ANTISMASH (Erwinia_billingiae_H1)	COMPLETED	0	2026-08-30 15:13:48.243	2026-08-30 15:13:48.339	2026-08-30 15:14:11.903	21.6s	2	6 GB	869.2 MB	7.9 GB	132.0%	1.4%	889.4 MB	64.2 MB
2412	79/908f16	BGC_ANALYSIS:ANTISMASH_ANALYSIS:ANTISMASH (Erwinia_billingiae_H133)	COMPLETED	0	2026-08-30 15:13:49.466	2026-08-30 15:13:49.564	2026-08-30 15:14:13.969	22.4s	2	6 GB	882.2 MB	7.9 GB	132.6%	1.4%	912.2 MB	65.8 MB
2407	b4/f94cc5	BGC_ANALYSIS:ANTISMASH_ANALYSIS:ANTISMASH (Erwinia_billingiae_AK4)	COMPLETED	0	2026-08-30 15:13:53.733	2026-08-30 15:13:53.830	2026-08-30 15:14:17.297	21.5s	2	6 GB	879.8 MB	7.9 GB	132.9%	1.5%	856.6 MB	62.6 MB
2413	ea/f3ccc8	BGC_ANALYSIS:ANTISMASH_ANALYSIS:ANTISMASH (Erwinia_billingiae_H145)	COMPLETED	0	2026-08-30 15:13:54.189	2026-08-30 15:13:54.285	2026-08-30 15:14:18.999	22.6s	2	6 GB	873.9 MB	7.9 GB	129.5%	1.4%	899 MB	64.7 MB
2411	38/5dfb3f	BGC_ANALYSIS:ANTISMASH_ANALYSIS:ANTISMASH (Erwinia_billingiae_H13)	COMPLETED	0	2026-08-30 15:13:56.087	2026-08-30 15:13:56.183	2026-08-30 15:14:19.902	21.6s	2	6 GB	872.1 MB	7.9 GB	134.8%	1.4%	862.4 MB	62.6 MB
2418	a2/2735ea	BGC_ANALYSIS:ANTISMASH_ANALYSIS:ANTISMASH (Erwinia_billingiae_H227)	COMPLETED	0	2026-08-30 15:14:07.019	2026-08-30 15:14:07.116	2026-08-30 15:14:30.351	20.9s	2	6 GB	854.8 MB	7.9 GB	131.5%	1.4%	848.9 MB	61.3 MB
2414	6e/8668b2	BGC_ANALYSIS:ANTISMASH_ANALYSIS:ANTISMASH (Erwinia_billingiae_H154)	COMPLETED	0	2026-08-30 15:14:01.872	2026-08-30 15:14:01.971	2026-08-30 15:14:32.614	28.2s	2	6 GB	761.4 MB	7.8 GB	105.1%	1.3%	1.1 GB	71.3 MB
2404	a0/a77476	BGC_ANALYSIS:ANTISMASH_ANALYSIS:ANTISMASH (Erwinia_aphidicola_H649)	COMPLETED	0	2026-08-30 15:14:11.906	2026-08-30 15:14:12.003	2026-08-30 15:14:36.097	22s	2	6 GB	853.2 MB	7.9 GB	134.1%	1.4%	856.4 MB	60.8 MB
2405	36/19cb9b	BGC_ANALYSIS:ANTISMASH_ANALYSIS:ANTISMASH (Erwinia_aphidicola_V4)	COMPLETED	0	2026-08-30 15:14:09.639	2026-08-30 15:14:09.735	2026-08-30 15:14:36.213	24.2s	2	6 GB	828.3 MB	7.8 GB	127.2%	1.4%	852.8 MB	59.9 MB
2399	49/e5e8ac	BGC_ANALYSIS:ANTISMASH_ANALYSIS:ANTISMASH (Erwinia_aphidicola_Dr6)	COMPLETED	0	2026-08-30 15:14:13.974	2026-08-30 15:14:14.069	2026-08-30 15:14:37.997	21.8s	2	6 GB	855.1 MB	7.9 GB	138.3%	1.4%	874.9 MB	62.7 MB
2419	f7/e91875	BGC_ANALYSIS:ANTISMASH_ANALYSIS:ANTISMASH (Erwinia_billingiae_H255)	COMPLETED	0	2026-08-30 15:14:19.905	2026-08-30 15:14:20.003	2026-08-30 15:14:39.639	17.7s	2	6 GB	667.9 MB	7.4 GB	137.5%	1.0%	799.7 MB	37.5 MB
2422	b1/afec4f	BGC_ANALYSIS:ANTISMASH_ANALYSIS:ANTISMASH (Erwinia_billingiae_H429)	COMPLETED	0	2026-08-30 15:14:19.003	2026-08-30 15:14:19.099	2026-08-30 15:14:42.499	21.4s	2	6 GB	894.8 MB	7.9 GB	130.8%	1.5%	900.1 MB	64.8 MB
2415	5e/f714ed	BGC_ANALYSIS:ANTISMASH_ANALYSIS:ANTISMASH (Erwinia_billingiae_H17)	COMPLETED	0	2026-08-30 15:14:17.300	2026-08-30 15:14:17.397	2026-08-30 15:14:48.699	29.4s	2	6 GB	735 MB	7.8 GB	100.9%	1.3%	1.1 GB	72.2 MB
2421	7c/78e1c3	BGC_ANALYSIS:ANTISMASH_ANALYSIS:ANTISMASH (Erwinia_billingiae_H34)	COMPLETED	0	2026-08-30 15:14:30.355	2026-08-30 15:14:30.451	2026-08-30 15:14:49.646	16.8s	2	6 GB	677.3 MB	7.4 GB	136.1%	1.2%	806.9 MB	38 MB
2417	94/790ba8	BGC_ANALYSIS:ANTISMASH_ANALYSIS:ANTISMASH (Erwinia_billingiae_H216)	COMPLETED	0	2026-08-30 15:14:32.617	2026-08-30 15:14:32.715	2026-08-30 15:14:54.694	19.7s	2	6 GB	820.5 MB	7.8 GB	133.0%	1.4%	841.6 MB	61.1 MB
2410	07/fa9c94	BGC_ANALYSIS:ANTISMASH_ANALYSIS:ANTISMASH (Erwinia_billingiae_H106)	COMPLETED	0	2026-08-30 15:14:36.216	2026-08-30 15:14:36.314	2026-08-30 15:15:00.351	22.1s	2	6 GB	895.3 MB	7.9 GB	132.0%	1.4%	912.2 MB	65.8 MB
2401	17/4fb6d9	BGC_ANALYSIS:ANTISMASH_ANALYSIS:ANTISMASH (Erwinia_aphidicola_H48)	COMPLETED	0	2026-08-30 15:14:36.101	2026-08-30 15:14:36.197	2026-08-30 15:15:02.003	23.8s	2	6 GB	886.2 MB	7.9 GB	134.1%	1.4%	948.5 MB	65.5 MB
2425	f6/e85cec	BGC_ANALYSIS:ANTISMASH_ANALYSIS:ANTISMASH (Erwinia_billingiae_H58)	COMPLETED	0	2026-08-30 15:14:39.643	2026-08-30 15:14:39.739	2026-08-30 15:15:02.774	21.1s	2	6 GB	877.1 MB	7.9 GB	134.0%	1.4%	861.3 MB	63 MB
2426	42/d4afac	BGC_ANALYSIS:ANTISMASH_ANALYSIS:ANTISMASH (Erwinia_billingiae_H6)	COMPLETED	0	2026-08-30 15:14:37.999	2026-08-30 15:14:38.097	2026-08-30 15:15:04.183	24.1s	2	6 GB	721.1 MB	7.8 GB	114.5%	1.3%	966.7 MB	65.5 MB
2416	f6/6cd88c	BGC_ANALYSIS:ANTISMASH_ANALYSIS:ANTISMASH (Erwinia_billingiae_H191)	COMPLETED	0	2026-08-30 15:14:42.502	2026-08-30 15:14:42.600	2026-08-30 15:15:06.928	22.3s	2	6 GB	882.5 MB	7.9 GB	127.7%	1.4%	911.8 MB	64.9 MB
2430	36/1c1db6	BGC_ANALYSIS:ANTISMASH_ANALYSIS:ANTISMASH (Erwinia_billingiae_H668)	COMPLETED	0	2026-08-30 15:14:48.702	2026-08-30 15:14:48.799	2026-08-30 15:15:11.791	20.8s	2	6 GB	862.9 MB	7.9 GB	130.1%	1.4%	847.7 MB	61.2 MB
2420	7e/2c7b0c	BGC_ANALYSIS:ANTISMASH_ANALYSIS:ANTISMASH (Erwinia_billingiae_H3)	COMPLETED	0	2026-08-30 15:14:54.700	2026-08-30 15:14:54.794	2026-08-30 15:15:17.872	20.7s	2	6 GB	866.4 MB	7.9 GB	132.1%	1.4%	857.9 MB	62.7 MB
2424	9a/7aff68	BGC_ANALYSIS:ANTISMASH_ANALYSIS:ANTISMASH (Erwinia_billingiae_H484)	COMPLETED	0	2026-08-30 15:15:00.355	2026-08-30 15:15:00.451	2026-08-30 15:15:23.466	20.9s	2	6 GB	897.7 MB	7.9 GB	133.9%	1.4%	872 MB	63.6 MB
2423	d8/6f7c54	BGC_ANALYSIS:ANTISMASH_ANALYSIS:ANTISMASH (Erwinia_billingiae_H481)	COMPLETED	0	2026-08-30 15:15:02.007	2026-08-30 15:15:02.104	2026-08-30 15:15:25.135	20.9s	2	6 GB	892.9 MB	7.9 GB	135.2%	1.4%	877.7 MB	64 MB
2406	10/606983	BGC_ANALYSIS:ANTISMASH_ANALYSIS:ANTISMASH (Erwinia_aphidicola_arugula143)	COMPLETED	0	2026-08-30 15:15:02.778	2026-08-30 15:15:02.874	2026-08-30 15:15:29.946	25.1s	2	6 GB	665.6 MB	7.7 GB	96.8%	1.2%	879.4 MB	57.6 MB
2429	7d/04cd62	BGC_ANALYSIS:ANTISMASH_ANALYSIS:ANTISMASH (Erwinia_billingiae_H655)	COMPLETED	0	2026-08-30 15:15:11.795	2026-08-30 15:15:11.891	2026-08-30 15:15:31.375	17.4s	2	6 GB	668.8 MB	7.4 GB	139.9%	1.1%	801.9 MB	37.7 MB
2435	cd/53b13a	BGC_ANALYSIS:ANTISMASH_ANALYSIS:ANTISMASH (Erwinia_sp._GW821-FHT01B10)	COMPLETED	0	2026-08-30 15:14:49.663	2026-08-30 15:14:49.746	2026-08-30 15:15:32.026	40s	2	6 GB	703.7 MB	7.8 GB	93.4%	1.2%	1.6 GB	78.3 MB
2402	1c/7ce609	BGC_ANALYSIS:ANTISMASH_ANALYSIS:ANTISMASH (Erwinia_aphidicola_H51)	COMPLETED	0	2026-08-30 15:15:06.931	2026-08-30 15:15:07.028	2026-08-30 15:15:32.705	23.6s	2	6 GB	888.3 MB	7.9 GB	133.6%	1.5%	934 MB	66.8 MB
2400	ee/8d4b83	BGC_ANALYSIS:ANTISMASH_ANALYSIS:ANTISMASH (Erwinia_aphidicola_Dr7)	COMPLETED	0	2026-08-30 15:15:17.876	2026-08-30 15:15:17.972	2026-08-30 15:15:41.475	21.4s	2	6 GB	818.3 MB	7.9 GB	133.0%	1.3%	854.9 MB	60.8 MB
2440	76/969f02	BGC_ANALYSIS:ANTISMASH_ANALYSIS:ANTISMASH (Erwiniaceae_bacterium_sgz302547)	COMPLETED	0	2026-08-30 15:15:04.186	2026-08-30 15:15:04.283	2026-08-30 15:15:43.193	36.9s	2	6 GB	471.1 MB	7.7 GB	98.4%	0.7%	1.4 GB	55.6 MB
2427	19/0275a1	BGC_ANALYSIS:ANTISMASH_ANALYSIS:ANTISMASH (Erwinia_billingiae_H632)	COMPLETED	0	2026-08-30 15:15:23.469	2026-08-30 15:15:23.566	2026-08-30 15:15:47.316	21.7s	2	6 GB	886.9 MB	7.9 GB	130.2%	1.5%	906.3 MB	65.6 MB
2431	70/cb2243	BGC_ANALYSIS:ANTISMASH_ANALYSIS:ANTISMASH (Erwinia_billingiae_H74)	COMPLETED	0	2026-08-30 15:15:25.139	2026-08-30 15:15:25.236	2026-08-30 15:15:49.066	21.7s	2	6 GB	881.7 MB	7.9 GB	130.2%	1.5%	904.3 MB	65.1 MB
2432	2d/b96fd0	BGC_ANALYSIS:ANTISMASH_ANALYSIS:ANTISMASH (Erwinia_billingiae_H76)	COMPLETED	0	2026-08-30 15:15:32.709	2026-08-30 15:15:32.805	2026-08-30 15:15:55.176	20.4s	2	6 GB	886.6 MB	7.9 GB	131.3%	1.5%	869.2 MB	63.3 MB
2433	9b/790bd8	BGC_ANALYSIS:ANTISMASH_ANALYSIS:ANTISMASH (Erwinia_billingiae_P73)	COMPLETED	0	2026-08-30 15:15:31.378	2026-08-30 15:15:31.476	2026-08-30 15:16:04.096	30.7s	2	6 GB	716.8 MB	7.8 GB	96.8%	1.3%	1.2 GB	72.3 MB
2444	25/9503bd	BGC_ANALYSIS:ANTISMASH_ANALYSIS:ANTISMASH (Pantoea_agglomerans_C-200)	COMPLETED	0	2026-08-30 15:15:29.949	2026-08-30 15:15:30.046	2026-08-30 15:16:04.421	32.4s	2	6 GB	747.9 MB	7.8 GB	95.3%	1.3%	1.3 GB	71.7 MB
2448	e1/ba2653	BGC_ANALYSIS:ANTISMASH_ANALYSIS:ANTISMASH (Pantoea_agglomerans_C-208)	COMPLETED	0	2026-08-30 15:15:32.029	2026-08-30 15:15:32.130	2026-08-30 15:16:07.490	33.4s	2	6 GB	709.8 MB	7.8 GB	93.6%	1.2%	1.4 GB	72.7 MB
2437	c9/d7dae9	BGC_ANALYSIS:ANTISMASH_ANALYSIS:ANTISMASH (Erwinia_sp._GW821-FHT05B06)	COMPLETED	0	2026-08-30 15:15:49.070	2026-08-30 15:15:49.166	2026-08-30 15:16:11.766	20.4s	2	6 GB	851.2 MB	7.9 GB	132.2%	1.4%	829.5 MB	58.7 MB
2434	66/130aa8	BGC_ANALYSIS:ANTISMASH_ANALYSIS:ANTISMASH (Erwinia_papayae_CFBP_5189)	COMPLETED	0	2026-08-30 15:15:47.320	2026-08-30 15:15:47.416	2026-08-30 15:16:15.704	26.2s	2	6 GB	892.7 MB	7.9 GB	126.5%	1.5%	1.1 GB	72.5 MB
2445	d1/2088eb	BGC_ANALYSIS:ANTISMASH_ANALYSIS:ANTISMASH (Pantoea_agglomerans_C-205)	COMPLETED	0	2026-08-30 15:15:41.479	2026-08-30 15:15:41.575	2026-08-30 15:16:19.389	35.7s	2	6 GB	732.2 MB	7.8 GB	93.5%	1.2%	1.5 GB	76 MB
2428	46/c9c78b	BGC_ANALYSIS:ANTISMASH_ANALYSIS:ANTISMASH (Erwinia_billingiae_H653)	COMPLETED	0	2026-08-30 15:16:04.100	2026-08-30 15:16:04.196	2026-08-30 15:16:23.530	17.3s	2	6 GB	687 MB	7.4 GB	140.2%	1.1%	812.1 MB	38.1 MB
2436	c1/be6ca8	BGC_ANALYSIS:ANTISMASH_ANALYSIS:ANTISMASH (Erwinia_sp._GW821-FHT03D09)	COMPLETED	0	2026-08-30 15:15:43.196	2026-08-30 15:15:43.293	2026-08-30 15:16:23.997	38.6s	2	6 GB	728.7 MB	7.8 GB	93.6%	1.3%	1.6 GB	78.3 MB
2438	1c/093f39	BGC_ANALYSIS:ANTISMASH_ANALYSIS:ANTISMASH (Erwinia_sp._L03-1)	COMPLETED	0	2026-08-30 15:16:04.424	2026-08-30 15:16:04.521	2026-08-30 15:16:24.963	18.5s	2	6 GB	625.6 MB	7.4 GB	134.3%	1.1%	765.7 MB	36 MB
2453	b1/42f5c9	BGC_ANALYSIS:ANTISMASH_ANALYSIS:ANTISMASH (Pantoea_agglomerans_C-216)	COMPLETED	0	2026-08-30 15:15:55.179	2026-08-30 15:15:55.276	2026-08-30 15:16:30.315	33.1s	2	6 GB	758.2 MB	7.8 GB	94.0%	1.3%	1.3 GB	70.7 MB
2457	7c/4d83e4	BGC_ANALYSIS:ANTISMASH_ANALYSIS:ANTISMASH (Pantoea_agglomerans_C-245)	COMPLETED	0	2026-08-30 15:16:07.494	2026-08-30 15:16:07.591	2026-08-30 15:16:41.940	32.3s	2	6 GB	736.1 MB	7.8 GB	98.4%	1.2%	1.3 GB	72.3 MB
2439	b4/ced42f	BGC_ANALYSIS:ANTISMASH_ANALYSIS:ANTISMASH (Erwiniaceae_bacterium_sgz302543)	COMPLETED	0	2026-08-30 15:16:11.770	2026-08-30 15:16:11.866	2026-08-30 15:16:49.683	35.7s	2	6 GB	480 MB	7.8 GB	102.0%	0.7%	1.4 GB	55.6 MB
2459	af/6fdbd6	BGC_ANALYSIS:ANTISMASH_ANALYSIS:ANTISMASH (Pantoea_agglomerans_C-248)	COMPLETED	0	2026-08-30 15:16:15.708	2026-08-30 15:16:15.804	2026-08-30 15:16:53.229	35.2s	2	6 GB	723.5 MB	7.8 GB	94.5%	1.2%	1.5 GB	75.7 MB
2442	cb/d25046	BGC_ANALYSIS:ANTISMASH_ANALYSIS:ANTISMASH (Pantoea_agglomerans_C-196)	COMPLETED	0	2026-08-30 15:16:19.393	2026-08-30 15:16:19.489	2026-08-30 15:16:56.189	34.5s	2	6 GB	749.1 MB	7.8 GB	94.4%	1.3%	1.5 GB	76.2 MB
2441	db/48e8d3	BGC_ANALYSIS:ANTISMASH_ANALYSIS:ANTISMASH (Pantoea_agglomerans_C-194)	COMPLETED	0	2026-08-30 15:16:24.966	2026-08-30 15:16:25.063	2026-08-30 15:16:57.356	30.3s	2	6 GB	759 MB	7.8 GB	101.9%	1.3%	1.3 GB	71.7 MB
2460	b5/760d76	BGC_ANALYSIS:ANTISMASH_ANALYSIS:ANTISMASH (Pantoea_agglomerans_C-250)	COMPLETED	0	2026-08-30 15:16:24.000	2026-08-30 15:16:24.097	2026-08-30 15:16:58.392	32.4s	2	6 GB	734.7 MB	7.8 GB	95.4%	1.2%	1.3 GB	71.7 MB
2458	b1/be9966	BGC_ANALYSIS:ANTISMASH_ANALYSIS:ANTISMASH (Pantoea_agglomerans_C-246)	COMPLETED	0	2026-08-30 15:16:23.532	2026-08-30 15:16:23.630	2026-08-30 15:17:03.746	38.2s	2	6 GB	731 MB	7.8 GB	95.1%	1.2%	1.7 GB	83.5 MB
2443	8a/aa4684	BGC_ANALYSIS:ANTISMASH_ANALYSIS:ANTISMASH (Pantoea_agglomerans_C-197)	COMPLETED	0	2026-08-30 15:16:30.318	2026-08-30 15:16:30.415	2026-08-30 15:17:04.488	31.9s	2	6 GB	741.6 MB	7.8 GB	96.2%	1.2%	1.3 GB	71.7 MB
2463	32/ea1f77	BGC_ANALYSIS:ANTISMASH_ANALYSIS:ANTISMASH (Pantoea_agglomerans_C-255)	COMPLETED	0	2026-08-30 15:16:41.944	2026-08-30 15:16:42.040	2026-08-30 15:17:17.097	33s	2	6 GB	732.5 MB	7.8 GB	94.7%	1.3%	1.4 GB	74.2 MB
2446	cb/f2b851	BGC_ANALYSIS:ANTISMASH_ANALYSIS:ANTISMASH (Pantoea_agglomerans_C-206)	COMPLETED	0	2026-08-30 15:16:49.687	2026-08-30 15:16:49.784	2026-08-30 15:17:23.063	31.3s	2	6 GB	727.8 MB	7.8 GB	94.1%	1.2%	1.3 GB	70.7 MB
2447	8b/f43907	BGC_ANALYSIS:ANTISMASH_ANALYSIS:ANTISMASH (Pantoea_agglomerans_C-207)	COMPLETED	0	2026-08-30 15:16:53.233	2026-08-30 15:16:53.330	2026-08-30 15:17:28.359	33.1s	2	6 GB	749.2 MB	7.8 GB	95.2%	1.3%	1.4 GB	73.7 MB
2450	59/62570f	BGC_ANALYSIS:ANTISMASH_ANALYSIS:ANTISMASH (Pantoea_agglomerans_C-212)	COMPLETED	0	2026-08-30 15:16:57.360	2026-08-30 15:16:57.456	2026-08-30 15:17:28.781	29.5s	2	6 GB	756.4 MB	7.8 GB	98.9%	1.3%	1.2 GB	70.2 MB
2449	95/5fab53	BGC_ANALYSIS:ANTISMASH_ANALYSIS:ANTISMASH (Pantoea_agglomerans_C-211)	COMPLETED	0	2026-08-30 15:16:56.192	2026-08-30 15:16:56.289	2026-08-30 15:17:32.521	34.3s	2	6 GB	737.4 MB	7.8 GB	94.5%	1.2%	1.5 GB	75.6 MB
2451	2b/2ef7c0	BGC_ANALYSIS:ANTISMASH_ANALYSIS:ANTISMASH (Pantoea_agglomerans_C-213)	COMPLETED	0	2026-08-30 15:16:58.396	2026-08-30 15:16:58.492	2026-08-30 15:17:34.298	33.7s	2	6 GB	756.9 MB	7.8 GB	95.6%	1.3%	1.4 GB	74.7 MB
2455	c9/ba821d	BGC_ANALYSIS:ANTISMASH_ANALYSIS:ANTISMASH (Pantoea_agglomerans_C-240)	COMPLETED	0	2026-08-30 15:17:04.492	2026-08-30 15:17:04.588	2026-08-30 15:17:37.635	31s	2	6 GB	755.8 MB	7.8 GB	95.0%	1.3%	1.3 GB	70.7 MB
2452	8f/b0a427	BGC_ANALYSIS:ANTISMASH_ANALYSIS:ANTISMASH (Pantoea_agglomerans_C-215)	COMPLETED	0	2026-08-30 15:17:03.750	2026-08-30 15:17:03.846	2026-08-30 15:17:39.234	33.3s	2	6 GB	758.9 MB	7.8 GB	94.4%	1.3%	1.4 GB	74.2 MB
2473	69/76a56c	BGC_ANALYSIS:ANTISMASH_ANALYSIS:ANTISMASH (Pantoea_agglomerans_C-360)	COMPLETED	0	2026-08-30 15:17:28.784	2026-08-30 15:17:28.881	2026-08-30 15:17:51.385	20.5s	2	6 GB	784.8 MB	7.8 GB	126.2%	1.3%	869.2 MB	61.1 MB
2454	c0/7fcf47	BGC_ANALYSIS:ANTISMASH_ANALYSIS:ANTISMASH (Pantoea_agglomerans_C-239)	COMPLETED	0	2026-08-30 15:17:17.101	2026-08-30 15:17:17.197	2026-08-30 15:17:53.595	34.5s	2	6 GB	738.4 MB	7.8 GB	94.7%	1.2%	1.5 GB	75.6 MB
2475	4a/963238	BGC_ANALYSIS:ANTISMASH_ANALYSIS:ANTISMASH (Pantoea_agglomerans_C-381)	COMPLETED	0	2026-08-30 15:17:34.301	2026-08-30 15:17:34.398	2026-08-30 15:17:58.060	21.6s	2	6 GB	812.9 MB	7.8 GB	122.8%	1.4%	938 MB	63.2 MB
2456	30/891b01	BGC_ANALYSIS:ANTISMASH_ANALYSIS:ANTISMASH (Pantoea_agglomerans_C-242)	COMPLETED	0	2026-08-30 15:17:23.066	2026-08-30 15:17:23.163	2026-08-30 15:17:59.116	33.9s	2	6 GB	758.5 MB	7.8 GB	95.4%	1.3%	1.4 GB	74.1 MB
2461	31/77e1b3	BGC_ANALYSIS:ANTISMASH_ANALYSIS:ANTISMASH (Pantoea_agglomerans_C-252)	COMPLETED	0	2026-08-30 15:17:28.362	2026-08-30 15:17:28.460	2026-08-30 15:18:07.654	37.2s	2	6 GB	747.5 MB	7.8 GB	94.1%	1.3%	1.6 GB	79.2 MB
2462	57/b565a6	BGC_ANALYSIS:ANTISMASH_ANALYSIS:ANTISMASH (Pantoea_agglomerans_C-254)	COMPLETED	0	2026-08-30 15:17:32.525	2026-08-30 15:17:32.621	2026-08-30 15:18:09.243	34.7s	2	6 GB	739.9 MB	7.8 GB	94.1%	1.2%	1.5 GB	75.7 MB
2465	82/26bf81	BGC_ANALYSIS:ANTISMASH_ANALYSIS:ANTISMASH (Pantoea_agglomerans_C-258)	COMPLETED	0	2026-08-30 15:17:37.638	2026-08-30 15:17:37.735	2026-08-30 15:18:11.174	31.5s	2	6 GB	741.4 MB	7.8 GB	93.7%	1.3%	1.3 GB	70.7 MB
2467	59/46b96e	BGC_ANALYSIS:ANTISMASH_ANALYSIS:ANTISMASH (Pantoea_agglomerans_C-263)	COMPLETED	0	2026-08-30 15:17:39.237	2026-08-30 15:17:39.334	2026-08-30 15:18:14.341	33s	2	6 GB	720.1 MB	7.8 GB	93.8%	1.3%	1.4 GB	73.2 MB
2466	8c/9bfffb	BGC_ANALYSIS:ANTISMASH_ANALYSIS:ANTISMASH (Pantoea_agglomerans_C-262)	COMPLETED	0	2026-08-30 15:17:51.389	2026-08-30 15:17:51.485	2026-08-30 15:18:25.858	32.4s	2	6 GB	731.2 MB	7.8 GB	95.6%	1.3%	1.3 GB	71.7 MB
2481	bb/44cbfd	BGC_ANALYSIS:ANTISMASH_ANALYSIS:ANTISMASH (Pantoea_agglomerans_C4.1V)	COMPLETED	0	2026-08-30 15:18:07.658	2026-08-30 15:18:07.754	2026-08-30 15:18:30.428	20.7s	2	6 GB	808.2 MB	7.8 GB	130.2%	1.4%	861.2 MB	60.4 MB
2468	8f/880726	BGC_ANALYSIS:ANTISMASH_ANALYSIS:ANTISMASH (Pantoea_agglomerans_C-264)	COMPLETED	0	2026-08-30 15:17:58.064	2026-08-30 15:17:58.160	2026-08-30 15:18:31.279	31.1s	2	6 GB	757.7 MB	7.8 GB	99.0%	1.3%	1.3 GB	71.7 MB
2474	35/2d61fe	BGC_ANALYSIS:ANTISMASH_ANALYSIS:ANTISMASH (Pantoea_agglomerans_C-370)	COMPLETED	0	2026-08-30 15:18:11.177	2026-08-30 15:18:11.274	2026-08-30 15:18:31.374	18.2s	2	6 GB	807.5 MB	7.8 GB	122.2%	1.3%	747.9 MB	58.5 MB
2464	08/893d44	BGC_ANALYSIS:ANTISMASH_ANALYSIS:ANTISMASH (Pantoea_agglomerans_C-256)	COMPLETED	0	2026-08-30 15:17:53.598	2026-08-30 15:17:53.695	2026-08-30 15:18:31.759	36.1s	2	6 GB	709.7 MB	7.8 GB	94.1%	1.2%	1.6 GB	78 MB
2470	36/1233b5	BGC_ANALYSIS:ANTISMASH_ANALYSIS:ANTISMASH (Pantoea_agglomerans_C-267)	COMPLETED	0	2026-08-30 15:17:59.119	2026-08-30 15:17:59.217	2026-08-30 15:18:35.607	34.4s	2	6 GB	735.6 MB	7.8 GB	94.0%	1.3%	1.4 GB	74.7 MB
2469	a7/37cf79	BGC_ANALYSIS:ANTISMASH_ANALYSIS:ANTISMASH (Pantoea_agglomerans_C-266)	COMPLETED	0	2026-08-30 15:18:09.247	2026-08-30 15:18:09.343	2026-08-30 15:18:46.837	35.6s	2	6 GB	717.9 MB	7.8 GB	93.5%	1.2%	1.5 GB	77.5 MB
2472	ca/b0c054	BGC_ANALYSIS:ANTISMASH_ANALYSIS:ANTISMASH (Pantoea_agglomerans_C-307)	COMPLETED	0	2026-08-30 15:18:14.344	2026-08-30 15:18:14.441	2026-08-30 15:18:47.628	31.3s	2	6 GB	712.5 MB	7.8 GB	93.8%	1.2%	1.3 GB	71.7 MB
2477	67/18cdd2	BGC_ANALYSIS:ANTISMASH_ANALYSIS:ANTISMASH (Pantoea_agglomerans_C-392)	COMPLETED	0	2026-08-30 15:18:31.376	2026-08-30 15:18:31.475	2026-08-30 15:18:54.720	21.3s	2	6 GB	810.5 MB	7.8 GB	120.5%	1.3%	910.6 MB	62.3 MB
2476	10/664472	BGC_ANALYSIS:ANTISMASH_ANALYSIS:ANTISMASH (Pantoea_agglomerans_C-390)	COMPLETED	0	2026-08-30 15:18:31.283	2026-08-30 15:18:31.374	2026-08-30 15:18:54.953	21.5s	2	6 GB	802.8 MB	7.8 GB	117.5%	1.3%	878.9 MB	61.3 MB
2497	d1/0b56d7	BGC_ANALYSIS:ANTISMASH_ANALYSIS:ANTISMASH (Buchnera_aphidicola_Eriosoma_harunire_Buch_EH_S3)	COMPLETED	0	2026-08-30 15:18:47.632	2026-08-30 15:18:47.728	2026-08-30 15:18:55.215	5.4s	2	6 GB	205.2 MB	2.7 GB	105.8%	0.3%	234 MB	5.3 MB
2480	a3/44d093	BGC_ANALYSIS:ANTISMASH_ANALYSIS:ANTISMASH (Pantoea_agglomerans_C-421)	COMPLETED	0	2026-08-30 15:18:35.611	2026-08-30 15:18:35.707	2026-08-30 15:18:59.572	21.9s	2	6 GB	776.6 MB	7.8 GB	116.7%	1.3%	900.8 MB	61.4 MB
2471	96/019376	BGC_ANALYSIS:ANTISMASH_ANALYSIS:ANTISMASH (Pantoea_agglomerans_C-290)	COMPLETED	0	2026-08-30 15:18:25.862	2026-08-30 15:18:25.958	2026-08-30 15:19:00.255	32.3s	2	6 GB	740.2 MB	7.8 GB	93.1%	1.3%	1.3 GB	73 MB
2478	89/0111b7	BGC_ANALYSIS:ANTISMASH_ANALYSIS:ANTISMASH (Pantoea_agglomerans_C-394)	COMPLETED	0	2026-08-30 15:18:30.432	2026-08-30 15:18:30.528	2026-08-30 15:19:01.981	29.6s	2	6 GB	726.8 MB	7.8 GB	96.4%	1.3%	1.1 GB	68.6 MB
2484	78/28f58a	BGC_ANALYSIS:ANTISMASH_ANALYSIS:ANTISMASH (Pantoea_ananatis_ZJ1)	COMPLETED	0	2026-08-30 15:18:46.841	2026-08-30 15:18:46.938	2026-08-30 15:19:09.417	20.4s	2	6 GB	829.2 MB	7.8 GB	132.5%	1.3%	846.1 MB	59.8 MB
2499	95/ebe281	BGC_ANALYSIS:ANTISMASH_ANALYSIS:ANTISMASH (Buchnera_aphidicola_Tetraneura_sorini_Buch_TS_S1)	COMPLETED	0	2026-08-30 15:19:01.984	2026-08-30 15:19:02.081	2026-08-30 15:19:09.430	5.2s	2	6 GB	208.2 MB	2.7 GB	107.8%	0.3%	229.9 MB	5 MB
2485	26/8c1c07	BGC_ANALYSIS:ANTISMASH_ANALYSIS:ANTISMASH (Pantoea_dispersa_PD8)	COMPLETED	0	2026-08-30 15:18:31.762	2026-08-30 15:18:31.859	2026-08-30 15:19:17.166	43.2s	2	6 GB	750.1 MB	7.8 GB	94.0%	1.3%	1.9 GB	88.1 MB
2492	bc/978cfc	BGC_ANALYSIS:ANTISMASH_ANALYSIS:ANTISMASH (Pantoea_sp._beansprout122)	COMPLETED	0	2026-08-30 15:18:54.724	2026-08-30 15:18:54.821	2026-08-30 15:19:17.336	20.5s	2	6 GB	714.8 MB	7.8 GB	110.2%	1.2%	887.3 MB	56.3 MB
2482	85/f06b55	BGC_ANALYSIS:ANTISMASH_ANALYSIS:ANTISMASH (Pantoea_agglomerans_alfalfa124)	COMPLETED	0	2026-08-30 15:18:55.218	2026-08-30 15:18:55.315	2026-08-30 15:19:19.666	22.3s	2	6 GB	656.1 MB	7.7 GB	95.1%	1.0%	880.9 MB	53.1 MB
2483	d8/5a694c	BGC_ANALYSIS:ANTISMASH_ANALYSIS:ANTISMASH (Pantoea_agglomerans_arugula112)	COMPLETED	0	2026-08-30 15:18:54.956	2026-08-30 15:18:55.053	2026-08-30 15:19:19.732	22.6s	2	6 GB	671.1 MB	7.7 GB	100.6%	1.1%	888.3 MB	55.2 MB
2479	89/45feb7	BGC_ANALYSIS:ANTISMASH_ANALYSIS:ANTISMASH (Pantoea_agglomerans_C-396)	COMPLETED	0	2026-08-30 15:18:59.575	2026-08-30 15:18:59.672	2026-08-30 15:19:24.108	22.3s	2	6 GB	732.3 MB	7.8 GB	114.1%	1.3%	927.7 MB	62.7 MB
2500	d4/b56a17	BGC_ANALYSIS:ANTISMASH_ANALYSIS:ANTISMASH (Buchnera_aphidicola_Uroleucon_formosanum_Uf)	COMPLETED	0	2026-08-30 15:19:17.339	2026-08-30 15:19:17.436	2026-08-30 15:19:25.645	6.2s	2	6 GB	323.4 MB	5 GB	103.1%	0.5%	265.6 MB	9.1 MB
2488	ea/6ecf7a	BGC_ANALYSIS:ANTISMASH_ANALYSIS:ANTISMASH (Pantoea_sp._GW821-FHT03E06)	COMPLETED	0	2026-08-30 15:19:09.420	2026-08-30 15:19:09.430	2026-08-30 15:19:32.658	21.3s	2	6 GB	814.8 MB	7.8 GB	123.9%	1.3%	886.4 MB	63.2 MB
2489	ba/c05475	BGC_ANALYSIS:ANTISMASH_ANALYSIS:ANTISMASH (Pantoea_sp._MT58_2)	COMPLETED	0	2026-08-30 15:19:17.169	2026-08-30 15:19:17.266	2026-08-30 15:19:39.387	20.1s	2	6 GB	775.3 MB	7.8 GB	129.0%	1.3%	837.2 MB	58.4 MB
2495	bc/b64527	BGC_ANALYSIS:ANTISMASH_ANALYSIS:ANTISMASH (Pantoea_stewartii_subsp._indologenes_CG3)	COMPLETED	0	2026-08-30 15:19:19.669	2026-08-30 15:19:19.733	2026-08-30 15:19:42.012	20.2s	2	6 GB	844.8 MB	7.9 GB	128.7%	1.5%	849.6 MB	59.5 MB
2487	c8/e34e28	BGC_ANALYSIS:ANTISMASH_ANALYSIS:ANTISMASH (Pantoea_sp._CFCC18179)	COMPLETED	0	2026-08-30 15:19:00.259	2026-08-30 15:19:00.355	2026-08-30 15:19:42.333	39.8s	2	6 GB	770.5 MB	7.8 GB	92.6%	1.3%	1.7 GB	83.6 MB
2490	0e/d027ca	BGC_ANALYSIS:ANTISMASH_ANALYSIS:ANTISMASH (Pantoea_sp._beansprout11)	COMPLETED	0	2026-08-30 15:19:19.736	2026-08-30 15:19:19.832	2026-08-30 15:19:44.401	22.4s	2	6 GB	705.5 MB	7.8 GB	110.1%	1.3%	880.7 MB	59 MB
2494	cc/a61d6f	BGC_ANALYSIS:ANTISMASH_ANALYSIS:ANTISMASH (Pantoea_stewartii_subsp._indologenes_CG1)	COMPLETED	0	2026-08-30 15:19:25.648	2026-08-30 15:19:25.745	2026-08-30 15:19:48.507	20.6s	2	6 GB	787.4 MB	7.8 GB	127.1%	1.4%	906.1 MB	60.8 MB
2498	77/f7f751	BGC_ANALYSIS:ANTISMASH_ANALYSIS:ANTISMASH (Buchnera_aphidicola_Tetraneura_akinire_Buch_TA_S2)	COMPLETED	0	2026-08-30 15:19:42.336	2026-08-30 15:19:42.434	2026-08-30 15:19:49.317	4.9s	2	6 GB	204.7 MB	2.7 GB	108.8%	0.3%	229.7 MB	5 MB
2493	c2/19ce20	BGC_ANALYSIS:ANTISMASH_ANALYSIS:ANTISMASH (Pantoea_sp._beansprout19)	COMPLETED	0	2026-08-30 15:19:24.112	2026-08-30 15:19:24.207	2026-08-30 15:19:53.651	27.4s	2	6 GB	671.2 MB	7.7 GB	94.3%	1.2%	1.1 GB	64.6 MB
2486	a1/76f695	BGC_ANALYSIS:ANTISMASH_ANALYSIS:ANTISMASH (Pantoea_sp._CFCC18177)	COMPLETED	0	2026-08-30 15:19:09.433	2026-08-30 15:19:09.531	2026-08-30 15:19:56.201	44.8s	2	6 GB	764.6 MB	7.8 GB	90.9%	1.3%	1.9 GB	93.3 MB
2491	ca/7ddfd8	BGC_ANALYSIS:ANTISMASH_ANALYSIS:ANTISMASH (Pantoea_sp._beansprout119)	COMPLETED	0	2026-08-30 15:19:39.391	2026-08-30 15:19:39.487	2026-08-30 15:20:00.920	19.4s	2	6 GB	730.1 MB	7.8 GB	114.9%	1.3%	798.2 MB	54.1 MB
2505	a4/0d7971	BGC_ANALYSIS:ANTISMASH_ANALYSIS:ANTISMASH (Erwinia_amylovora_CEB_8)	COMPLETED	0	2026-08-30 15:19:32.662	2026-08-30 15:19:32.758	2026-08-30 15:20:03.968	29.1s	2	6 GB	653.2 MB	7.7 GB	96.0%	1.0%	1.2 GB	60.2 MB
2496	22/323606	BGC_ANALYSIS:ANTISMASH_ANALYSIS:ANTISMASH (Pantoea_stewartii_subsp._indologenes_CG4)	COMPLETED	0	2026-08-30 15:19:42.014	2026-08-30 15:19:42.112	2026-08-30 15:20:03.985	19.9s	2	6 GB	819.8 MB	7.8 GB	128.7%	1.3%	848.7 MB	59.5 MB
2502	5a/c7378c	BGC_ANALYSIS:ANTISMASH_ANALYSIS:ANTISMASH (Erwinia_amylovora_CEB_11)	COMPLETED	0	2026-08-30 15:19:44.405	2026-08-30 15:19:44.501	2026-08-30 15:20:16.710	30.2s	2	6 GB	661.7 MB	7.7 GB	95.4%	1.0%	1.3 GB	61.8 MB
2503	6f/e69a26	BGC_ANALYSIS:ANTISMASH_ANALYSIS:ANTISMASH (Erwinia_amylovora_CEB_13)	COMPLETED	0	2026-08-30 15:19:48.511	2026-08-30 15:19:48.607	2026-08-30 15:20:21.483	31s	2	6 GB	662.5 MB	7.7 GB	97.7%	1.0%	1.3 GB	63.2 MB
2501	48/27f30a	BGC_ANALYSIS:ANTISMASH_ANALYSIS:ANTISMASH (Erwinia_amylovora_CEB_10)	COMPLETED	0	2026-08-30 15:19:49.320	2026-08-30 15:19:49.417	2026-08-30 15:20:22.893	31.4s	2	6 GB	612.1 MB	7.7 GB	95.7%	1.0%	1.3 GB	63.4 MB
2506	61/46b71a	BGC_ANALYSIS:ANTISMASH_ANALYSIS:ANTISMASH (Erwinia_amylovora_CEB_9)	COMPLETED	0	2026-08-30 15:19:53.655	2026-08-30 15:19:53.751	2026-08-30 15:20:25.940	30s	2	6 GB	629.3 MB	7.7 GB	97.5%	1.0%	1.2 GB	61.3 MB
2513	b3/87abe8	BGC_ANALYSIS:ANTISMASH_ANALYSIS:ANTISMASH (Erwinia_amylovora_FCUP_96)	COMPLETED	0	2026-08-30 15:19:56.205	2026-08-30 15:19:56.301	2026-08-30 15:20:27.039	28.6s	2	6 GB	617.5 MB	7.7 GB	95.1%	1.0%	1.1 GB	58.6 MB
2514	83/47d097	BGC_ANALYSIS:ANTISMASH_ANALYSIS:ANTISMASH (Erwinia_amylovora_FCUP_97)	COMPLETED	0	2026-08-30 15:20:00.924	2026-08-30 15:20:01.020	2026-08-30 15:20:32.152	29s	2	6 GB	666.3 MB	7.7 GB	96.6%	1.1%	1.2 GB	60.1 MB
2507	0a/2bced0	BGC_ANALYSIS:ANTISMASH_ANALYSIS:ANTISMASH (Erwinia_amylovora_FCUP_105)	COMPLETED	0	2026-08-30 15:20:03.990	2026-08-30 15:20:04.085	2026-08-30 15:20:33.934	27.9s	2	6 GB	626.5 MB	7.7 GB	93.6%	1.0%	1.1 GB	57.6 MB
2504	5b/a92777	BGC_ANALYSIS:ANTISMASH_ANALYSIS:ANTISMASH (Erwinia_amylovora_CEB_7)	COMPLETED	0	2026-08-30 15:20:03.973	2026-08-30 15:20:03.985	2026-08-30 15:20:36.082	30.1s	2	6 GB	646.6 MB	7.7 GB	93.2%	1.1%	1.2 GB	61.4 MB
2510	5f/b6981d	BGC_ANALYSIS:ANTISMASH_ANALYSIS:ANTISMASH (Erwinia_amylovora_FCUP_49)	COMPLETED	0	2026-08-30 15:20:21.486	2026-08-30 15:20:21.584	2026-08-30 15:20:51.734	28.2s	2	6 GB	663.1 MB	7.7 GB	95.6%	1.1%	1.1 GB	58.5 MB
2512	52/30ade6	BGC_ANALYSIS:ANTISMASH_ANALYSIS:ANTISMASH (Erwinia_amylovora_FCUP_95)	COMPLETED	0	2026-08-30 15:20:22.898	2026-08-30 15:20:22.993	2026-08-30 15:20:52.307	27.2s	2	6 GB	622.7 MB	7.7 GB	95.1%	1.0%	1.1 GB	57 MB
2509	e1/a02711	BGC_ANALYSIS:ANTISMASH_ANALYSIS:ANTISMASH (Erwinia_amylovora_FCUP_4)	COMPLETED	0	2026-08-30 15:20:25.943	2026-08-30 15:20:26.040	2026-08-30 15:20:57.945	29.9s	2	6 GB	657.4 MB	7.7 GB	95.5%	1.0%	1.2 GB	60.6 MB
2516	98/0e9b2e	BGC_ANALYSIS:ANTISMASH_ANALYSIS:ANTISMASH (Erwinia_aphidicola_h-5_TE3250)	COMPLETED	0	2026-08-30 15:20:36.086	2026-08-30 15:20:36.182	2026-08-30 15:20:58.016	19.9s	2	6 GB	791.5 MB	7.8 GB	138.6%	1.4%	819.4 MB	56.2 MB
2517	13/abe578	BGC_ANALYSIS:ANTISMASH_ANALYSIS:ANTISMASH (Erwinia_rhapontici_1SR)	COMPLETED	0	2026-08-30 15:20:33.937	2026-08-30 15:20:34.034	2026-08-30 15:20:58.473	22.5s	2	6 GB	891.7 MB	7.9 GB	134.9%	1.5%	922.4 MB	64.8 MB
2511	53/53a668	BGC_ANALYSIS:ANTISMASH_ANALYSIS:ANTISMASH (Erwinia_amylovora_FCUP_94)	COMPLETED	0	2026-08-30 15:20:27.042	2026-08-30 15:20:27.139	2026-08-30 15:20:59.327	30.1s	2	6 GB	668.1 MB	7.7 GB	95.6%	1.1%	1.2 GB	60.6 MB
2521	77/ec975e	BGC_ANALYSIS:ANTISMASH_ANALYSIS:ANTISMASH (Pantoea_agglomerans_11-85)	COMPLETED	0	2026-08-30 15:20:16.713	2026-08-30 15:20:16.811	2026-08-30 15:21:00.541	41.8s	2	6 GB	759 MB	7.8 GB	94.6%	1.3%	1.9 GB	89.1 MB
2508	9c/38501c	BGC_ANALYSIS:ANTISMASH_ANALYSIS:ANTISMASH (Erwinia_amylovora_FCUP_110)	COMPLETED	0	2026-08-30 15:20:32.155	2026-08-30 15:20:32.252	2026-08-30 15:21:05.244	31s	2	6 GB	668.8 MB	7.7 GB	93.9%	1.1%	1.3 GB	61.8 MB
2515	ae/897a03	BGC_ANALYSIS:ANTISMASH_ANALYSIS:ANTISMASH (Erwinia_aphidicola_1B06)	COMPLETED	0	2026-08-30 15:20:58.020	2026-08-30 15:20:58.116	2026-08-30 15:21:21.358	21.2s	2	6 GB	843 MB	7.9 GB	133.0%	1.3%	871.2 MB	60.6 MB
2525	4a/ba1236	BGC_ANALYSIS:ANTISMASH_ANALYSIS:ANTISMASH (Pantoea_agglomerans_20CA0147)	COMPLETED	0	2026-08-30 15:21:00.544	2026-08-30 15:21:00.642	2026-08-30 15:21:29.717	27.2s	2	6 GB	721.2 MB	7.8 GB	96.4%	1.3%	1022.8 MB	63.5 MB
2518	20/b5b412	BGC_ANALYSIS:ANTISMASH_ANALYSIS:ANTISMASH (Mixta_calida_E240981)	COMPLETED	0	2026-08-30 15:20:52.310	2026-08-30 15:20:52.407	2026-08-30 15:21:41.911	47.4s	2	6 GB	742.6 MB	7.8 GB	96.1%	1.2%	2.2 GB	93.5 MB
2519	3a/4ae59c	BGC_ANALYSIS:ANTISMASH_ANALYSIS:ANTISMASH (Mixta_calida_E623647)	COMPLETED	0	2026-08-30 15:20:57.948	2026-08-30 15:20:58.017	2026-08-30 15:21:48.551	48.4s	2	6 GB	716 MB	7.8 GB	95.8%	1.2%	2.1 GB	93.5 MB
2520	bc/89a04b	BGC_ANALYSIS:ANTISMASH_ANALYSIS:ANTISMASH (Pantoea_agglomerans_09-63_1A)	COMPLETED	0	2026-08-30 15:20:51.737	2026-08-30 15:20:51.835	2026-08-30 15:22:16.381	1m 22s	2	6 GB	4.7 GB	7.8 GB	114.4%	7.7%	19.5 GB	72.4 MB
2528	59/daa07d	BGC_ANALYSIS:ANTISMASH_ANALYSIS:ANTISMASH (Pantoea_agglomerans_20CO064)	COMPLETED	0	2026-08-30 15:21:29.721	2026-08-30 15:21:29.817	2026-08-30 15:22:16.967	44.8s	2	6 GB	724.9 MB	7.8 GB	100.1%	1.3%	1.3 GB	72.6 MB
2527	f0/8c69d3	BGC_ANALYSIS:ANTISMASH_ANALYSIS:ANTISMASH (Pantoea_agglomerans_20CO004)	COMPLETED	0	2026-08-30 15:21:41.914	2026-08-30 15:21:42.011	2026-08-30 15:22:20.948	34.8s	2	6 GB	744.3 MB	7.8 GB	98.4%	1.2%	1.1 GB	66.3 MB
2540	4f/833c18	BGC_ANALYSIS:ANTISMASH_ANALYSIS:ANTISMASH (Pantoea_agglomerans_20NY0155)	COMPLETED	0	2026-08-30 15:21:48.555	2026-08-30 15:21:48.651	2026-08-30 15:22:32.095	41.2s	2	6 GB	710.9 MB	7.8 GB	98.7%	1.2%	1.4 GB	72.6 MB
2522	f0/ff5a0c	BGC_ANALYSIS:ANTISMASH_ANALYSIS:ANTISMASH (Pantoea_agglomerans_20CA0026)	COMPLETED	0	2026-08-30 15:20:58.477	2026-08-30 15:20:58.573	2026-08-30 15:22:33.454	1m 33s	2	6 GB	4.7 GB	7.8 GB	111.6%	7.7%	19.7 GB	78.4 MB
2524	e2/4d260c	BGC_ANALYSIS:ANTISMASH_ANALYSIS:ANTISMASH (Pantoea_agglomerans_20CA0041)	COMPLETED	0	2026-08-30 15:20:59.331	2026-08-30 15:20:59.428	2026-08-30 15:22:34.186	1m 33s	2	6 GB	4.8 GB	7.8 GB	112.6%	6.7%	19.6 GB	74.5 MB
2523	6d/0d0dde	BGC_ANALYSIS:ANTISMASH_ANALYSIS:ANTISMASH (Pantoea_agglomerans_20CA0031)	COMPLETED	0	2026-08-30 15:21:05.260	2026-08-30 15:21:05.344	2026-08-30 15:22:42.271	1m 35s	2	6 GB	4.8 GB	7.8 GB	111.3%	6.1%	19.8 GB	79.4 MB
2526	7d/89266d	BGC_ANALYSIS:ANTISMASH_ANALYSIS:ANTISMASH (Pantoea_agglomerans_20CA0153)	COMPLETED	0	2026-08-30 15:22:16.971	2026-08-30 15:22:17.067	2026-08-30 15:22:50.425	30.9s	2	6 GB	730.2 MB	7.8 GB	95.1%	1.3%	1.1 GB	67.6 MB
2534	dc/8739b7	BGC_ANALYSIS:ANTISMASH_ANALYSIS:ANTISMASH (Pantoea_agglomerans_20GA0400)	COMPLETED	0	2026-08-30 15:21:21.362	2026-08-30 15:21:21.459	2026-08-30 15:22:55.438	1m 32s	2	6 GB	4.8 GB	7.8 GB	112.1%	6.1%	20 GB	84.3 MB
2541	af/9ec271	BGC_ANALYSIS:ANTISMASH_ANALYSIS:ANTISMASH (Pantoea_agglomerans_20NY0317)	COMPLETED	0	2026-08-30 15:22:16.385	2026-08-30 15:22:16.481	2026-08-30 15:22:56.481	37.6s	2	6 GB	752.4 MB	7.8 GB	94.2%	1.3%	1.5 GB	78.3 MB
2542	fa/79a155	BGC_ANALYSIS:ANTISMASH_ANALYSIS:ANTISMASH (Pantoea_agglomerans_20OR0051)	COMPLETED	0	2026-08-30 15:22:20.952	2026-08-30 15:22:21.048	2026-08-30 15:23:00.291	37s	2	6 GB	746 MB	7.8 GB	94.5%	1.2%	1.6 GB	78.1 MB
2543	b8/dee213	BGC_ANALYSIS:ANTISMASH_ANALYSIS:ANTISMASH (Pantoea_agglomerans_20OR0062)	COMPLETED	0	2026-08-30 15:22:33.457	2026-08-30 15:22:33.553	2026-08-30 15:23:09.059	33.4s	2	6 GB	746.1 MB	7.8 GB	94.9%	1.3%	1.3 GB	72.8 MB
2529	91/849298	BGC_ANALYSIS:ANTISMASH_ANALYSIS:ANTISMASH (Pantoea_agglomerans_20CO076)	COMPLETED	0	2026-08-30 15:22:32.099	2026-08-30 15:22:32.195	2026-08-30 15:23:11.274	37s	2	6 GB	762 MB	7.8 GB	95.6%	1.3%	1.6 GB	79 MB
2530	0e/3a3260	BGC_ANALYSIS:ANTISMASH_ANALYSIS:ANTISMASH (Pantoea_agglomerans_20CO093)	COMPLETED	0	2026-08-30 15:22:34.189	2026-08-30 15:22:34.285	2026-08-30 15:23:11.631	35.3s	2	6 GB	715.6 MB	7.8 GB	95.2%	1.2%	1.5 GB	76.5 MB
2532	73/df4772	BGC_ANALYSIS:ANTISMASH_ANALYSIS:ANTISMASH (Pantoea_agglomerans_20GA0030)	COMPLETED	0	2026-08-30 15:22:42.274	2026-08-30 15:22:42.371	2026-08-30 15:23:20.029	35.4s	2	6 GB	713.1 MB	7.8 GB	93.4%	1.2%	1.5 GB	76.5 MB
2538	a1/2dfe8c	BGC_ANALYSIS:ANTISMASH_ANALYSIS:ANTISMASH (Pantoea_agglomerans_20ID0121)	COMPLETED	0	2026-08-30 15:22:56.483	2026-08-30 15:22:56.581	2026-08-30 15:23:32.939	34.3s	2	6 GB	714.7 MB	7.8 GB	94.1%	1.2%	1.4 GB	74.3 MB
2535	f4/63c013	BGC_ANALYSIS:ANTISMASH_ANALYSIS:ANTISMASH (Pantoea_agglomerans_20ID0049)	COMPLETED	0	2026-08-30 15:22:55.442	2026-08-30 15:22:55.538	2026-08-30 15:23:34.437	36.9s	2	6 GB	731.4 MB	7.8 GB	95.0%	1.2%	1.6 GB	78.7 MB
2537	b7/2d011b	BGC_ANALYSIS:ANTISMASH_ANALYSIS:ANTISMASH (Pantoea_agglomerans_20ID0101)	COMPLETED	0	2026-08-30 15:23:11.285	2026-08-30 15:23:11.374	2026-08-30 15:23:43.349	30s	2	6 GB	714.4 MB	7.8 GB	95.8%	1.2%	1.2 GB	68.2 MB
2536	23/75f515	BGC_ANALYSIS:ANTISMASH_ANALYSIS:ANTISMASH (Pantoea_agglomerans_20ID0094)	COMPLETED	0	2026-08-30 15:23:09.096	2026-08-30 15:23:09.159	2026-08-30 15:23:44.365	33.2s	2	6 GB	717.2 MB	7.8 GB	95.6%	1.2%	1.4 GB	73.6 MB
2539	8e/3e6a0a	BGC_ANALYSIS:ANTISMASH_ANALYSIS:ANTISMASH (Pantoea_agglomerans_20ID0192)	COMPLETED	0	2026-08-30 15:23:11.634	2026-08-30 15:23:11.731	2026-08-30 15:23:51.491	37.8s	2	6 GB	724.2 MB	7.8 GB	93.9%	1.2%	1.6 GB	80.7 MB
2531	c4/23aec4	BGC_ANALYSIS:ANTISMASH_ANALYSIS:ANTISMASH (Pantoea_agglomerans_20GA0021)	COMPLETED	0	2026-08-30 15:22:50.429	2026-08-30 15:22:50.525	2026-08-30 15:23:58.492	1m 6s	2	6 GB	4.7 GB	7.8 GB	112.7%	6.3%	16.9 GB	73.2 MB
2548	42/75f389	BGC_ANALYSIS:ANTISMASH_ANALYSIS:ANTISMASH (Pantoea_agglomerans_20PA0499)	COMPLETED	0	2026-08-30 15:23:20.033	2026-08-30 15:23:20.130	2026-08-30 15:23:58.941	36.7s	2	6 GB	717 MB	7.8 GB	93.8%	1.2%	1.6 GB	78.9 MB
2533	f3/2e9019	BGC_ANALYSIS:ANTISMASH_ANALYSIS:ANTISMASH (Pantoea_agglomerans_20GA0109)	COMPLETED	0	2026-08-30 15:23:00.294	2026-08-30 15:23:00.391	2026-08-30 15:24:01.185	58.8s	2	6 GB	4.8 GB	7.8 GB	131.0%	6.9%	19.1 GB	60.9 MB
2554	d0/6ac650	BGC_ANALYSIS:ANTISMASH_ANALYSIS:ANTISMASH (Pantoea_agglomerans_20UT001)	COMPLETED	0	2026-08-30 15:23:34.440	2026-08-30 15:23:34.537	2026-08-30 15:24:06.097	29.6s	2	6 GB	707.7 MB	7.8 GB	95.2%	1.3%	1.2 GB	68.7 MB
2545	5d/1e5b9b	BGC_ANALYSIS:ANTISMASH_ANALYSIS:ANTISMASH (Pantoea_agglomerans_20PA0047)	COMPLETED	0	2026-08-30 15:23:32.943	2026-08-30 15:23:33.039	2026-08-30 15:24:09.314	34.3s	2	6 GB	719.6 MB	7.8 GB	89.4%	1.3%	1.4 GB	73.7 MB
2546	94/26d983	BGC_ANALYSIS:ANTISMASH_ANALYSIS:ANTISMASH (Pantoea_agglomerans_20PA0287)	COMPLETED	0	2026-08-30 15:23:44.369	2026-08-30 15:23:44.465	2026-08-30 15:24:22.409	36s	2	6 GB	715 MB	7.8 GB	90.9%	1.2%	1.4 GB	76 MB
2549	15/efa657	BGC_ANALYSIS:ANTISMASH_ANALYSIS:ANTISMASH (Pantoea_agglomerans_20TX0031)	COMPLETED	0	2026-08-30 15:23:58.495	2026-08-30 15:23:58.592	2026-08-30 15:24:44.272	43.7s	2	6 GB	768.6 MB	7.8 GB	94.8%	1.3%	1.9 GB	87.5 MB
2553	d5/2ded43	BGC_ANALYSIS:ANTISMASH_ANALYSIS:ANTISMASH (Pantoea_agglomerans_20TX0132)	COMPLETED	0	2026-08-30 15:24:09.318	2026-08-30 15:24:09.414	2026-08-30 15:24:48.712	37.2s	2	6 GB	700.5 MB	7.8 GB	93.7%	1.2%	1.5 GB	77.5 MB
2561	f8/0c532c	BGC_ANALYSIS:ANTISMASH_ANALYSIS:ANTISMASH (Pantoea_allii_19UT001)	COMPLETED	0	2026-08-30 15:23:51.495	2026-08-30 15:23:51.592	2026-08-30 15:24:58.297	1m 5s	2	6 GB	4.7 GB	7.8 GB	108.5%	4.6%	11.7 GB	80.6 MB
2547	71/b48144	BGC_ANALYSIS:ANTISMASH_ANALYSIS:ANTISMASH (Pantoea_agglomerans_20PA0330)	COMPLETED	0	2026-08-30 15:23:43.352	2026-08-30 15:23:43.449	2026-08-30 15:25:05.166	1m 20s	2	6 GB	4.8 GB	7.8 GB	114.7%	5.1%	23.9 GB	77.3 MB
2544	ba/3a98e5	BGC_ANALYSIS:ANTISMASH_ANALYSIS:ANTISMASH (Pantoea_agglomerans_20PA0025)	COMPLETED	0	2026-08-30 15:23:58.945	2026-08-30 15:23:59.042	2026-08-30 15:25:17.118	1m 16s	2	6 GB	4.8 GB	7.8 GB	114.0%	5.6%	19.8 GB	81.3 MB
2558	9c/2df780	BGC_ANALYSIS:ANTISMASH_ANALYSIS:ANTISMASH (Pantoea_agglomerans_ST12.14_393)	COMPLETED	0	2026-08-30 15:24:44.276	2026-08-30 15:24:44.372	2026-08-30 15:25:17.340	30.5s	2	6 GB	709.4 MB	7.8 GB	95.9%	1.2%	1.2 GB	68 MB
2556	78/9bf9f4	BGC_ANALYSIS:ANTISMASH_ANALYSIS:ANTISMASH (Pantoea_agglomerans_BT38)	COMPLETED	0	2026-08-30 15:24:48.716	2026-08-30 15:24:48.812	2026-08-30 15:25:20.088	29.2s	2	6 GB	751.9 MB	7.8 GB	96.8%	1.2%	1.1 GB	65.7 MB
2550	d7/23230b	BGC_ANALYSIS:ANTISMASH_ANALYSIS:ANTISMASH (Pantoea_agglomerans_20TX0122_2)	COMPLETED	0	2026-08-30 15:24:06.102	2026-08-30 15:24:06.197	2026-08-30 15:25:29.415	1m 21s	2	6 GB	4.8 GB	7.8 GB	112.3%	6.2%	20.1 GB	87.6 MB
2551	c8/549100	BGC_ANALYSIS:ANTISMASH_ANALYSIS:ANTISMASH (Pantoea_agglomerans_20TX0124)	COMPLETED	0	2026-08-30 15:24:01.188	2026-08-30 15:24:01.285	2026-08-30 15:25:33.352	1m 30s	2	6 GB	4.8 GB	7.8 GB	111.7%	5.0%	20.6 GB	99.9 MB
2552	a9/6f92e9	BGC_ANALYSIS:ANTISMASH_ANALYSIS:ANTISMASH (Pantoea_agglomerans_20TX0125)	COMPLETED	0	2026-08-30 15:24:22.413	2026-08-30 15:24:22.509	2026-08-30 15:25:44.104	1m 19s	2	6 GB	4.8 GB	7.9 GB	113.2%	4.3%	20 GB	84.6 MB
2555	47/4fec78	BGC_ANALYSIS:ANTISMASH_ANALYSIS:ANTISMASH (Pantoea_agglomerans_57a)	COMPLETED	0	2026-08-30 15:25:17.122	2026-08-30 15:25:17.218	2026-08-30 15:25:45.381	26.1s	2	6 GB	688.1 MB	7.7 GB	99.5%	1.2%	1 GB	61.3 MB
2557	92/dc44df	BGC_ANALYSIS:ANTISMASH_ANALYSIS:ANTISMASH (Pantoea_agglomerans_MR11)	COMPLETED	0	2026-08-30 15:25:17.343	2026-08-30 15:25:17.440	2026-08-30 15:25:50.389	30.8s	2	6 GB	694.8 MB	7.7 GB	100.5%	1.2%	1.2 GB	68.1 MB
2566	84/9707d4	BGC_ANALYSIS:ANTISMASH_ANALYSIS:ANTISMASH (Pantoea_allii_BAV3052)	COMPLETED	0	2026-08-30 15:25:05.170	2026-08-30 15:25:05.267	2026-08-30 15:25:55.105	47.5s	2	6 GB	4.7 GB	7.8 GB	128.8%	5.0%	10.9 GB	60 MB
2559	92/a79316	BGC_ANALYSIS:ANTISMASH_ANALYSIS:ANTISMASH (Pantoea_agglomerans_ST14.12_094)	COMPLETED	0	2026-08-30 15:25:20.091	2026-08-30 15:25:20.188	2026-08-30 15:25:57.982	35.7s	2	6 GB	708.6 MB	7.8 GB	95.3%	1.2%	1.5 GB	77.2 MB
2560	66/2e6765	BGC_ANALYSIS:ANTISMASH_ANALYSIS:ANTISMASH (Pantoea_agglomerans_ST14.12_205)	COMPLETED	0	2026-08-30 15:24:58.300	2026-08-30 15:24:58.397	2026-08-30 15:26:07.437	1m 7s	2	6 GB	699.8 MB	7.8 GB	99.7%	1.3%	3.5 GB	125.1 MB
2567	c7/40c9d0	BGC_ANALYSIS:ANTISMASH_ANALYSIS:ANTISMASH (Pantoea_allii_BAV3060)	COMPLETED	0	2026-08-30 15:25:29.420	2026-08-30 15:25:29.515	2026-08-30 15:26:34.903	1m 3s	2	6 GB	4.8 GB	7.8 GB	107.6%	7.3%	11.7 GB	77.3 MB
2563	06/2b547f	BGC_ANALYSIS:ANTISMASH_ANALYSIS:ANTISMASH (Pantoea_allii_21GA0550)	COMPLETED	0	2026-08-30 15:25:33.356	2026-08-30 15:25:33.452	2026-08-30 15:26:40.047	1m 5s	2	6 GB	4.7 GB	7.8 GB	107.0%	5.8%	11.7 GB	80.7 MB
2568	91/f745a5	BGC_ANALYSIS:ANTISMASH_ANALYSIS:ANTISMASH (Pantoea_allii_BAV3063)	COMPLETED	0	2026-08-30 15:25:44.111	2026-08-30 15:25:44.205	2026-08-30 15:26:49.489	1m 3s	2	6 GB	4.8 GB	7.9 GB	107.9%	7.7%	11.6 GB	76 MB
2562	69/6cddec	BGC_ANALYSIS:ANTISMASH_ANALYSIS:ANTISMASH (Pantoea_allii_21GA0466)	COMPLETED	0	2026-08-30 15:25:45.385	2026-08-30 15:25:45.481	2026-08-30 15:26:51.367	1m 4s	2	6 GB	4.7 GB	7.8 GB	108.4%	4.7%	11.7 GB	80.2 MB
2575	26/35f324	BGC_ANALYSIS:ANTISMASH_ANALYSIS:ANTISMASH (Pantoea_allii_DOAB1036)	COMPLETED	0	2026-08-30 15:25:50.393	2026-08-30 15:25:50.489	2026-08-30 15:26:56.680	1m 4s	2	6 GB	4.8 GB	7.8 GB	108.5%	6.3%	11.6 GB	79.5 MB
2564	e0/8effbb	BGC_ANALYSIS:ANTISMASH_ANALYSIS:ANTISMASH (Pantoea_allii_21GA0582)	COMPLETED	0	2026-08-30 15:25:55.109	2026-08-30 15:25:55.205	2026-08-30 15:27:01.586	1m 4s	2	6 GB	4.8 GB	8.1 GB	107.5%	7.0%	11.7 GB	81.7 MB
2571	1a/0e131e	BGC_ANALYSIS:ANTISMASH_ANALYSIS:ANTISMASH (Pantoea_allii_BAV3073)	COMPLETED	0	2026-08-30 15:25:57.986	2026-08-30 15:25:58.083	2026-08-30 15:27:03.394	1m 3s	2	6 GB	4.7 GB	7.8 GB	106.6%	4.4%	11.7 GB	78 MB
2565	b0/e6d151	BGC_ANALYSIS:ANTISMASH_ANALYSIS:ANTISMASH (Pantoea_allii_BAV3051)	COMPLETED	0	2026-08-30 15:26:07.440	2026-08-30 15:26:07.538	2026-08-30 15:27:12.607	1m 3s	2	6 GB	4.7 GB	7.8 GB	107.5%	5.6%	11.7 GB	78 MB
2582	93/cc3547	BGC_ANALYSIS:ANTISMASH_ANALYSIS:ANTISMASH (Pantoea_allii_MAI6007)	COMPLETED	0	2026-08-30 15:27:12.611	2026-08-30 15:27:12.708	2026-08-30 15:27:36.231	21.1s	2	6 GB	828.4 MB	7.8 GB	127.6%	1.4%	876.6 MB	61.9 MB
2574	ad/83f32e	BGC_ANALYSIS:ANTISMASH_ANALYSIS:ANTISMASH (Pantoea_allii_DOAB1035_LMG24202)	COMPLETED	0	2026-08-30 15:26:49.492	2026-08-30 15:26:49.589	2026-08-30 15:27:40.703	49.1s	2	6 GB	4.7 GB	7.8 GB	126.4%	6.4%	10.9 GB	62.1 MB
2579	22/861888	BGC_ANALYSIS:ANTISMASH_ANALYSIS:ANTISMASH (Pantoea_allii_LMG24248)	COMPLETED	0	2026-08-30 15:26:51.371	2026-08-30 15:26:51.467	2026-08-30 15:27:43.181	49.8s	2	6 GB	4.7 GB	7.8 GB	126.0%	6.0%	10.9 GB	62.5 MB
2578	1c/679d0a	BGC_ANALYSIS:ANTISMASH_ANALYSIS:ANTISMASH (Pantoea_allii_J12b)	COMPLETED	0	2026-08-30 15:27:03.398	2026-08-30 15:27:03.494	2026-08-30 15:27:43.246	37.6s	2	6 GB	725.1 MB	7.8 GB	94.2%	1.3%	1.5 GB	77.5 MB
2569	48/8e774c	BGC_ANALYSIS:ANTISMASH_ANALYSIS:ANTISMASH (Pantoea_allii_BAV3069)	COMPLETED	0	2026-08-30 15:26:34.906	2026-08-30 15:26:35.003	2026-08-30 15:27:43.947	1m 7s	2	6 GB	4.7 GB	7.8 GB	105.0%	5.3%	9.5 GB	85.6 MB
2570	22/c344a2	BGC_ANALYSIS:ANTISMASH_ANALYSIS:ANTISMASH (Pantoea_allii_BAV3070)	COMPLETED	0	2026-08-30 15:26:40.051	2026-08-30 15:26:40.148	2026-08-30 15:27:45.517	1m 3s	2	6 GB	4.7 GB	7.8 GB	106.1%	5.8%	11.7 GB	77.8 MB
2577	3c/0ad8b3	BGC_ANALYSIS:ANTISMASH_ANALYSIS:ANTISMASH (Pantoea_allii_DOAB1051)	COMPLETED	0	2026-08-30 15:26:56.684	2026-08-30 15:26:56.780	2026-08-30 15:27:45.627	46.9s	2	6 GB	3.3 GB	7.8 GB	127.9%	4.4%	10.9 GB	60.4 MB
2576	b7/17f443	BGC_ANALYSIS:ANTISMASH_ANALYSIS:ANTISMASH (Pantoea_allii_DOAB1050_2)	COMPLETED	0	2026-08-30 15:27:01.590	2026-08-30 15:27:01.686	2026-08-30 15:27:51.898	47.9s	2	6 GB	4.8 GB	8 GB	125.7%	5.7%	10.9 GB	58.9 MB
2588	e2/7cc282	BGC_ANALYSIS:ANTISMASH_ANALYSIS:ANTISMASH (Pantoea_eucrina_T22)	COMPLETED	0	2026-08-30 15:27:36.234	2026-08-30 15:27:36.330	2026-08-30 15:27:57.253	18.6s	2	6 GB	732.2 MB	7.8 GB	117.5%	1.1%	744.4 MB	49.2 MB
2587	00/ac1363	BGC_ANALYSIS:ANTISMASH_ANALYSIS:ANTISMASH (Pantoea_eucalypti_GY78_10)	COMPLETED	0	2026-08-30 15:27:45.630	2026-08-30 15:27:45.727	2026-08-30 15:28:10.092	22.1s	2	6 GB	802.2 MB	7.8 GB	128.4%	1.3%	845.9 MB	59 MB
2585	fb/96d7c5	BGC_ANALYSIS:ANTISMASH_ANALYSIS:ANTISMASH (Pantoea_anthophila_PGPR-34)	COMPLETED	0	2026-08-30 15:27:43.249	2026-08-30 15:27:43.346	2026-08-30 15:28:22.265	37s	2	6 GB	483.8 MB	7.8 GB	103.2%	0.7%	1.5 GB	60 MB
2586	7c/3ca878	BGC_ANALYSIS:ANTISMASH_ANALYSIS:ANTISMASH (Pantoea_dispersa_1175)	COMPLETED	0	2026-08-30 15:27:51.902	2026-08-30 15:27:51.999	2026-08-30 15:28:32.570	38.1s	2	6 GB	713.8 MB	7.8 GB	95.3%	1.2%	1.6 GB	77.4 MB
2573	90/39c526	BGC_ANALYSIS:ANTISMASH_ANALYSIS:ANTISMASH (Pantoea_allii_DOAB1035)	COMPLETED	0	2026-08-30 15:27:43.185	2026-08-30 15:27:43.246	2026-08-30 15:28:35.849	50.7s	2	6 GB	4.7 GB	7.8 GB	126.4%	4.6%	10.9 GB	62.2 MB
2592	05/bd8977	BGC_ANALYSIS:ANTISMASH_ANALYSIS:ANTISMASH (Pantoea_sp._FN0302)	COMPLETED	0	2026-08-30 15:28:22.270	2026-08-30 15:28:22.365	2026-08-30 15:28:46.778	22.4s	2	6 GB	731.3 MB	7.8 GB	108.8%	1.3%	989.6 MB	57.9 MB
2572	54/2e8909	BGC_ANALYSIS:ANTISMASH_ANALYSIS:ANTISMASH (Pantoea_allii_BAV3074)	COMPLETED	0	2026-08-30 15:27:45.521	2026-08-30 15:27:45.617	2026-08-30 15:28:50.044	1m 2s	2	6 GB	4.7 GB	7.8 GB	107.5%	3.5%	11.5 GB	74.3 MB
2583	26/1e1f15	BGC_ANALYSIS:ANTISMASH_ANALYSIS:ANTISMASH (Pantoea_allii_MAI6022)	COMPLETED	0	2026-08-30 15:27:43.950	2026-08-30 15:27:44.047	2026-08-30 15:28:50.061	1m 4s	2	6 GB	4.8 GB	8.2 GB	132.8%	4.5%	22.5 GB	65.9 MB
2581	83/21bf9f	BGC_ANALYSIS:ANTISMASH_ANALYSIS:ANTISMASH (Pantoea_allii_MAI6006)	COMPLETED	0	2026-08-30 15:27:40.706	2026-08-30 15:27:40.804	2026-08-30 15:28:52.468	1m 10s	2	6 GB	4.7 GB	7.8 GB	105.9%	4.1%	11.9 GB	87.9 MB
2593	75/b9379d	BGC_ANALYSIS:ANTISMASH_ANALYSIS:ANTISMASH (Pantoea_sp._FN0305)	COMPLETED	0	2026-08-30 15:28:32.573	2026-08-30 15:28:32.670	2026-08-30 15:29:04.898	30.2s	2	6 GB	713.5 MB	7.8 GB	95.3%	1.3%	1.1 GB	63.3 MB
2580	b3/caa99a	BGC_ANALYSIS:ANTISMASH_ANALYSIS:ANTISMASH (Pantoea_allii_MAI6004)	COMPLETED	0	2026-08-30 15:27:57.256	2026-08-30 15:27:57.352	2026-08-30 15:29:07.162	1m 8s	2	6 GB	4.7 GB	7.8 GB	106.4%	3.6%	11.9 GB	85.9 MB
2584	e2/ef12d9	BGC_ANALYSIS:ANTISMASH_ANALYSIS:ANTISMASH (Pantoea_ananatis_J-2)	COMPLETED	0	2026-08-30 15:28:10.096	2026-08-30 15:28:10.193	2026-08-30 15:29:08.040	55.5s	2	6 GB	4.7 GB	7.8 GB	105.8%	7.9%	9.4 GB	69.9 MB
2589	e9/2bc8b4	BGC_ANALYSIS:ANTISMASH_ANALYSIS:ANTISMASH (Pantoea_septica_A31016)	COMPLETED	0	2026-08-30 15:28:46.781	2026-08-30 15:28:46.878	2026-08-30 15:29:09.859	21.1s	2	6 GB	762.6 MB	7.8 GB	129.5%	1.3%	855.8 MB	60 MB
2595	5c/8f1de5	BGC_ANALYSIS:ANTISMASH_ANALYSIS:ANTISMASH (Pantoea_sp._NSTU24)	COMPLETED	0	2026-08-30 15:28:50.065	2026-08-30 15:28:50.161	2026-08-30 15:29:11.305	19.3s	2	6 GB	776.3 MB	7.8 GB	125.1%	1.3%	765.3 MB	53.6 MB
2596	6d/90e344	BGC_ANALYSIS:ANTISMASH_ANALYSIS:ANTISMASH (Winslowiella_sp._2C04)	COMPLETED	0	2026-08-30 15:28:52.471	2026-08-30 15:28:52.568	2026-08-30 15:29:15.007	20.5s	2	6 GB	864.8 MB	7.9 GB	133.7%	1.4%	856.1 MB	61.1 MB
2601	f2/eb57d4	BGC_ANALYSIS:ANTISMASH_ANALYSIS:ANTISMASH (Buchnera_aphidicola_str._APS_Acyrthosiphon_pisum_APS_2)	COMPLETED	0	2026-08-30 15:29:08.043	2026-08-30 15:29:08.140	2026-08-30 15:29:15.987	5.7s	2	6 GB	209.5 MB	2.7 GB	101.3%	0.3%	244.4 MB	5.4 MB
2590	11/8226dc	BGC_ANALYSIS:ANTISMASH_ANALYSIS:ANTISMASH (Pantoea_sp._AN62)	COMPLETED	0	2026-08-30 15:28:35.853	2026-08-30 15:28:35.949	2026-08-30 15:29:17.353	39.3s	2	6 GB	722.9 MB	7.8 GB	92.4%	1.2%	1.7 GB	79.3 MB
2600	51/89ed50	BGC_ANALYSIS:ANTISMASH_ANALYSIS:ANTISMASH (Buchnera_aphidicola_Pterocomma_populeum_55576)	COMPLETED	0	2026-08-30 15:29:11.308	2026-08-30 15:29:11.405	2026-08-30 15:29:19.072	5.5s	2	6 GB	205.6 MB	2.7 GB	102.2%	0.3%	239.2 MB	5.2 MB
2598	45/68d99f	BGC_ANALYSIS:ANTISMASH_ANALYSIS:ANTISMASH (Buchnera_aphidicola_Diuraphis_noxia_SA5)	COMPLETED	0	2026-08-30 15:29:15.011	2026-08-30 15:29:15.107	2026-08-30 15:29:22.741	5.6s	2	6 GB	209.5 MB	2.7 GB	101.9%	0.3%	244.7 MB	5.8 MB
2597	a7/634d5e	BGC_ANALYSIS:ANTISMASH_ANALYSIS:ANTISMASH (Buchnera_aphidicola_Diuraphis_noxia_SA1)	COMPLETED	0	2026-08-30 15:29:22.744	2026-08-30 15:29:22.841	2026-08-30 15:29:30.944	5.8s	2	6 GB	209.3 MB	2.7 GB	101.7%	0.3%	244.8 MB	5.8 MB
2594	ac/c25010	BGC_ANALYSIS:ANTISMASH_ANALYSIS:ANTISMASH (Pantoea_sp._FN0307)	COMPLETED	0	2026-08-30 15:29:04.902	2026-08-30 15:29:04.999	2026-08-30 15:29:31.362	24.2s	2	6 GB	705.2 MB	7.8 GB	98.8%	1.2%	938.7 MB	57.7 MB
2608	81/9bd6e0	BGC_ANALYSIS:ANTISMASH_ANALYSIS:ANTISMASH (Erwinia_amylovora_FCUP_99)	COMPLETED	0	2026-08-30 15:29:07.166	2026-08-30 15:29:07.266	2026-08-30 15:29:39.203	29.8s	2	6 GB	634.7 MB	7.7 GB	94.5%	1.1%	1.2 GB	59.6 MB
2603	f6/697233	BGC_ANALYSIS:ANTISMASH_ANALYSIS:ANTISMASH (Erwinia_amylovora_FCUP_107)	COMPLETED	0	2026-08-30 15:29:09.863	2026-08-30 15:29:09.959	2026-08-30 15:29:41.221	29.1s	2	6 GB	641.8 MB	7.7 GB	94.8%	1.0%	1.1 GB	58.5 MB
2591	7f/ce630a	BGC_ANALYSIS:ANTISMASH_ANALYSIS:ANTISMASH (Pantoea_sp._EEL5)	COMPLETED	0	2026-08-30 15:28:50.047	2026-08-30 15:28:50.062	2026-08-30 15:29:44.285	52.2s	2	6 GB	4.7 GB	7.8 GB	114.9%	4.2%	9.6 GB	66 MB
2599	90/1d3e73	BGC_ANALYSIS:ANTISMASH_ANALYSIS:ANTISMASH (Buchnera_aphidicola_Diuraphis_noxia_SAM2)	COMPLETED	0	2026-08-30 15:29:39.206	2026-08-30 15:29:39.304	2026-08-30 15:29:46.632	5.4s	2	6 GB	207.9 MB	2.7 GB	107.1%	0.3%	244.7 MB	5.8 MB
2613	a1/930d9b	BGC_ANALYSIS:ANTISMASH_ANALYSIS:ANTISMASH (Erwinia_rhapontici_QL2)	COMPLETED	0	2026-08-30 15:29:15.990	2026-08-30 15:29:16.087	2026-08-30 15:29:47.315	29.2s	2	6 GB	520.7 MB	7.7 GB	110.9%	0.7%	1.1 GB	53.7 MB
2614	dd/89f179	BGC_ANALYSIS:ANTISMASH_ANALYSIS:ANTISMASH (Erwinia_rhapontici_QL3)	COMPLETED	0	2026-08-30 15:29:19.075	2026-08-30 15:29:19.172	2026-08-30 15:29:49.272	28.2s	2	6 GB	526.3 MB	7.8 GB	108.0%	0.7%	1 GB	49.6 MB
2606	77/1a3ea2	BGC_ANALYSIS:ANTISMASH_ANALYSIS:ANTISMASH (Erwinia_amylovora_FCUP_46)	COMPLETED	0	2026-08-30 15:29:17.356	2026-08-30 15:29:17.454	2026-08-30 15:29:50.604	31.1s	2	6 GB	638.9 MB	7.7 GB	95.9%	1.1%	1.3 GB	61.6 MB
2602	d3/073a74	BGC_ANALYSIS:ANTISMASH_ANALYSIS:ANTISMASH (Erwinia_amylovora_FCUP_106)	COMPLETED	0	2026-08-30 15:29:30.947	2026-08-30 15:29:31.044	2026-08-30 15:30:03.542	30.6s	2	6 GB	660.3 MB	7.7 GB	96.3%	1.0%	1.2 GB	61 MB
2607	37/136c07	BGC_ANALYSIS:ANTISMASH_ANALYSIS:ANTISMASH (Erwinia_amylovora_FCUP_93)	COMPLETED	0	2026-08-30 15:29:31.370	2026-08-30 15:29:31.463	2026-08-30 15:30:03.615	30.2s	2	6 GB	648.8 MB	7.7 GB	95.2%	1.0%	1.2 GB	61 MB
2618	78/2a5598	BGC_ANALYSIS:ANTISMASH_ANALYSIS:ANTISMASH (Erwinia_sp._BNK-25)	COMPLETED	0	2026-08-30 15:29:47.317	2026-08-30 15:29:47.415	2026-08-30 15:30:08.312	19s	2	6 GB	622.9 MB	7.4 GB	137.7%	1.1%	772.8 MB	36.2 MB
2610	8a/edb40d	BGC_ANALYSIS:ANTISMASH_ANALYSIS:ANTISMASH (Erwinia_persicina_BST187)	COMPLETED	0	2026-08-30 15:29:46.635	2026-08-30 15:29:46.732	2026-08-30 15:30:09.928	21.3s	2	6 GB	840.4 MB	7.9 GB	136.3%	1.3%	824.1 MB	59.3 MB
2611	a2/c5aec3	BGC_ANALYSIS:ANTISMASH_ANALYSIS:ANTISMASH (Erwinia_rhapontici_EDr1-9)	COMPLETED	0	2026-08-30 15:29:41.225	2026-08-30 15:29:41.321	2026-08-30 15:30:18.636	35.3s	2	6 GB	513.3 MB	7.8 GB	100.8%	0.8%	1.4 GB	58.7 MB
2617	e7/1d1916	BGC_ANALYSIS:ANTISMASH_ANALYSIS:ANTISMASH (Erwinia_sp._BNK-24-b)	COMPLETED	0	2026-08-30 15:30:03.619	2026-08-30 15:30:03.715	2026-08-30 15:30:24.623	18.8s	2	6 GB	630.5 MB	7.4 GB	138.1%	1.1%	772.6 MB	36.2 MB
2605	3f/5a5637	BGC_ANALYSIS:ANTISMASH_ANALYSIS:ANTISMASH (Erwinia_amylovora_FCUP_14)	COMPLETED	0	2026-08-30 15:30:08.315	2026-08-30 15:30:08.412	2026-08-30 15:30:38.346	28s	2	6 GB	622.1 MB	7.7 GB	97.5%	1.0%	1 GB	56 MB
2615	e1/e29d86	BGC_ANALYSIS:ANTISMASH_ANALYSIS:ANTISMASH (Erwinia_rhapontici_QL4)	COMPLETED	0	2026-08-30 15:30:03.546	2026-08-30 15:30:03.616	2026-08-30 15:30:38.583	32.8s	2	6 GB	501.9 MB	7.8 GB	103.1%	0.7%	1.2 GB	55.6 MB
2621	9d/f30f36	BGC_ANALYSIS:ANTISMASH_ANALYSIS:ANTISMASH (Erwinia_sp._PPS120)	COMPLETED	0	2026-08-30 15:29:49.276	2026-08-30 15:29:49.372	2026-08-30 15:30:38.819	47.5s	2	6 GB	717.4 MB	7.8 GB	96.0%	1.3%	2.2 GB	89.7 MB
2616	9e/5e79ac	BGC_ANALYSIS:ANTISMASH_ANALYSIS:ANTISMASH (Erwinia_sp._BNK-24-a)	COMPLETED	0	2026-08-30 15:30:18.640	2026-08-30 15:30:18.736	2026-08-30 15:30:39.797	19s	2	6 GB	676.3 MB	7.4 GB	137.5%	1.1%	772.6 MB	36.2 MB
2612	3d/744b20	BGC_ANALYSIS:ANTISMASH_ANALYSIS:ANTISMASH (Erwinia_rhapontici_QL1)	COMPLETED	0	2026-08-30 15:30:09.931	2026-08-30 15:30:10.028	2026-08-30 15:30:40.325	28.2s	2	6 GB	579.8 MB	7.8 GB	116.5%	1.0%	1 GB	51.4 MB
2604	32/18153f	BGC_ANALYSIS:ANTISMASH_ANALYSIS:ANTISMASH (Erwinia_amylovora_FCUP_112)	COMPLETED	0	2026-08-30 15:30:24.626	2026-08-30 15:30:24.723	2026-08-30 15:30:52.655	25.8s	2	6 GB	649.3 MB	7.7 GB	101.1%	1.0%	1 GB	56 MB
2619	19/72254d	BGC_ANALYSIS:ANTISMASH_ANALYSIS:ANTISMASH (Erwinia_sp._LJJL01_LJJL01)	COMPLETED	0	2026-08-30 15:30:38.587	2026-08-30 15:30:38.684	2026-08-30 15:31:02.108	21.5s	2	6 GB	847.1 MB	7.8 GB	135.4%	1.4%	878.9 MB	61.4 MB
2620	e8/5ac31f	BGC_ANALYSIS:ANTISMASH_ANALYSIS:ANTISMASH (Erwinia_sp._MFD00724_ilm_asm_bin8)	COMPLETED	0	2026-08-30 15:29:44.289	2026-08-30 15:29:44.385	2026-08-30 15:31:10.504	1m 24s	2	6 GB	699.5 MB	7.8 GB	98.8%	1.3%	4.5 GB	148.4 MB
2622	46/9c83d7	BGC_ANALYSIS:ANTISMASH_ANALYSIS:ANTISMASH (Pantoea_agglomerans_12C16O_24h_100_P16_coass_bin_13)	COMPLETED	0	2026-08-30 15:29:50.608	2026-08-30 15:29:50.704	2026-08-30 15:31:12.385	1m 20s	2	6 GB	711.2 MB	7.8 GB	98.3%	1.3%	4.2 GB	145.5 MB
2636	b7/a932a0	BGC_ANALYSIS:ANTISMASH_ANALYSIS:ANTISMASH (Pantoea_agglomerans_21ID0148)	COMPLETED	0	2026-08-30 15:30:38.822	2026-08-30 15:30:38.919	2026-08-30 15:31:15.153	34.3s	2	6 GB	703.4 MB	7.8 GB	94.9%	1.3%	1.5 GB	75.6 MB
2609	67/33d2a0	BGC_ANALYSIS:ANTISMASH_ANALYSIS:ANTISMASH (Erwinia_billingiae_MFD04612_ilm_asm_bin4)	COMPLETED	0	2026-08-30 15:30:38.349	2026-08-30 15:30:38.447	2026-08-30 15:31:16.176	35.8s	2	6 GB	706 MB	7.8 GB	95.2%	1.3%	1.5 GB	78.7 MB
2624	60/a9316c	BGC_ANALYSIS:ANTISMASH_ANALYSIS:ANTISMASH (Pantoea_agglomerans_20UT007)	COMPLETED	0	2026-08-30 15:30:40.327	2026-08-30 15:30:40.425	2026-08-30 15:31:17.015	34.7s	2	6 GB	705.3 MB	7.8 GB	95.4%	1.3%	1.5 GB	76 MB
2629	eb/90b79d	BGC_ANALYSIS:ANTISMASH_ANALYSIS:ANTISMASH (Pantoea_agglomerans_20WA0189)	COMPLETED	0	2026-08-30 15:30:52.658	2026-08-30 15:30:52.756	2026-08-30 15:31:30.583	35.8s	2	6 GB	714.4 MB	7.8 GB	94.2%	1.3%	1.5 GB	76.8 MB
2626	28/8342a2	BGC_ANALYSIS:ANTISMASH_ANALYSIS:ANTISMASH (Pantoea_agglomerans_20UT092)	COMPLETED	0	2026-08-30 15:31:02.112	2026-08-30 15:31:02.209	2026-08-30 15:31:31.958	27.8s	2	6 GB	724.6 MB	7.8 GB	103.0%	1.3%	1.2 GB	70.1 MB
2634	20/ad7c08	BGC_ANALYSIS:ANTISMASH_ANALYSIS:ANTISMASH (Pantoea_agglomerans_21CO122)	COMPLETED	0	2026-08-30 15:30:39.800	2026-08-30 15:30:39.897	2026-08-30 15:31:46.466	1m 5s	2	6 GB	4.8 GB	8.1 GB	111.2%	5.6%	14.2 GB	77.7 MB
2623	0b/de3468	BGC_ANALYSIS:ANTISMASH_ANALYSIS:ANTISMASH (Pantoea_agglomerans_20UT005)	COMPLETED	0	2026-08-30 15:31:12.388	2026-08-30 15:31:12.485	2026-08-30 15:31:47.153	32.8s	2	6 GB	709 MB	7.8 GB	94.3%	1.3%	1.4 GB	72.6 MB
2642	bf/9a3414	BGC_ANALYSIS:ANTISMASH_ANALYSIS:ANTISMASH (Pantoea_agglomerans_21TX0002)	COMPLETED	0	2026-08-30 15:31:17.018	2026-08-30 15:31:17.115	2026-08-30 15:31:52.133	33s	2	6 GB	697.6 MB	7.8 GB	94.9%	1.3%	1.4 GB	73.1 MB
2631	80/b738ac	BGC_ANALYSIS:ANTISMASH_ANALYSIS:ANTISMASH (Pantoea_agglomerans_21CA0219)	COMPLETED	0	2026-08-30 15:31:16.179	2026-08-30 15:31:16.277	2026-08-30 15:31:55.799	37.6s	2	6 GB	689.8 MB	7.8 GB	92.3%	1.2%	1.6 GB	80.3 MB
2643	e0/5ecb59	BGC_ANALYSIS:ANTISMASH_ANALYSIS:ANTISMASH (Pantoea_agglomerans_21TX0196)	COMPLETED	0	2026-08-30 15:31:31.961	2026-08-30 15:31:32.058	2026-08-30 15:32:12.946	38.7s	2	6 GB	697.7 MB	7.8 GB	94.8%	1.2%	1.6 GB	82.4 MB
2627	2a/402a2b	BGC_ANALYSIS:ANTISMASH_ANALYSIS:ANTISMASH (Pantoea_agglomerans_20UT132)	COMPLETED	0	2026-08-30 15:31:15.155	2026-08-30 15:31:15.252	2026-08-30 15:32:21.909	1m 5s	2	6 GB	4.7 GB	7.8 GB	113.3%	3.9%	15.9 GB	72.3 MB
2630	87/8b046f	BGC_ANALYSIS:ANTISMASH_ANALYSIS:ANTISMASH (Pantoea_agglomerans_20WA0256)	COMPLETED	0	2026-08-30 15:31:47.156	2026-08-30 15:31:47.253	2026-08-30 15:32:23.756	34.5s	2	6 GB	680.8 MB	7.7 GB	94.2%	1.2%	1.4 GB	74.1 MB
2625	46/5c5f7a	BGC_ANALYSIS:ANTISMASH_ANALYSIS:ANTISMASH (Pantoea_agglomerans_20UT061)	COMPLETED	0	2026-08-30 15:31:10.507	2026-08-30 15:31:10.605	2026-08-30 15:32:24.978	1m 12s	2	6 GB	4.7 GB	7.8 GB	114.1%	5.5%	19.7 GB	77.8 MB
2633	6a/76a981	BGC_ANALYSIS:ANTISMASH_ANALYSIS:ANTISMASH (Pantoea_agglomerans_21CO001)	COMPLETED	0	2026-08-30 15:31:52.137	2026-08-30 15:31:52.234	2026-08-30 15:32:26.233	31.6s	2	6 GB	703.9 MB	7.8 GB	93.4%	1.3%	1.3 GB	70.6 MB
2647	31/88ca38	BGC_ANALYSIS:ANTISMASH_ANALYSIS:ANTISMASH (Pantoea_agglomerans_21WA0051)	COMPLETED	0	2026-08-30 15:32:12.950	2026-08-30 15:32:13.047	2026-08-30 15:32:47.070	32s	2	6 GB	685.1 MB	7.8 GB	94.8%	1.1%	1.3 GB	72.1 MB
2628	f7/f942b6	BGC_ANALYSIS:ANTISMASH_ANALYSIS:ANTISMASH (Pantoea_agglomerans_20WA0188)	COMPLETED	0	2026-08-30 15:31:30.587	2026-08-30 15:31:30.683	2026-08-30 15:32:47.391	1m 15s	2	6 GB	4.8 GB	8.1 GB	112.9%	3.7%	19.9 GB	82.5 MB
2632	28/64ea54	BGC_ANALYSIS:ANTISMASH_ANALYSIS:ANTISMASH (Pantoea_agglomerans_21CA0223)	COMPLETED	0	2026-08-30 15:31:46.469	2026-08-30 15:31:46.566	2026-08-30 15:32:57.122	1m 8s	2	6 GB	4.7 GB	7.8 GB	111.1%	5.7%	17 GB	76.4 MB
2637	bd/500f1a	BGC_ANALYSIS:ANTISMASH_ANALYSIS:ANTISMASH (Pantoea_agglomerans_21ID0185)	COMPLETED	0	2026-08-30 15:32:23.759	2026-08-30 15:32:23.856	2026-08-30 15:32:57.984	32.3s	2	6 GB	715.3 MB	7.8 GB	94.4%	1.3%	1.3 GB	72.5 MB
2646	6a/93bcdc	BGC_ANALYSIS:ANTISMASH_ANALYSIS:ANTISMASH (Pantoea_agglomerans_21WA0027)	COMPLETED	0	2026-08-30 15:32:24.981	2026-08-30 15:32:25.078	2026-08-30 15:32:59.305	32.3s	2	6 GB	708.2 MB	7.8 GB	93.7%	1.3%	1.3 GB	72.9 MB
2638	0b/846a71	BGC_ANALYSIS:ANTISMASH_ANALYSIS:ANTISMASH (Pantoea_agglomerans_21NY0094)	COMPLETED	0	2026-08-30 15:32:26.235	2026-08-30 15:32:26.333	2026-08-30 15:32:59.905	31.6s	2	6 GB	695.5 MB	7.8 GB	97.9%	1.3%	1.3 GB	71.2 MB
2650	55/74c1c9	BGC_ANALYSIS:ANTISMASH_ANALYSIS:ANTISMASH (Pantoea_agglomerans_BCC0383)	COMPLETED	0	2026-08-30 15:32:21.912	2026-08-30 15:32:22.009	2026-08-30 15:33:04.030	40.1s	2	6 GB	690.6 MB	7.8 GB	93.6%	1.3%	1.7 GB	80.9 MB
2635	29/8b5ac7	BGC_ANALYSIS:ANTISMASH_ANALYSIS:ANTISMASH (Pantoea_agglomerans_21GA0608)	COMPLETED	0	2026-08-30 15:31:55.804	2026-08-30 15:31:55.900	2026-08-30 15:33:10.729	1m 13s	2	6 GB	4.8 GB	7.7 GB	114.5%	6.4%	19.8 GB	79 MB
2658	43/5ca3f6	BGC_ANALYSIS:ANTISMASH_ANALYSIS:ANTISMASH (Pantoea_agglomerans_GMG427)	COMPLETED	0	2026-08-30 15:32:47.394	2026-08-30 15:32:47.491	2026-08-30 15:33:23.313	34s	2	6 GB	650.1 MB	7.7 GB	95.6%	1.0%	1.4 GB	74.5 MB
2652	f2/807cfc	BGC_ANALYSIS:ANTISMASH_ANALYSIS:ANTISMASH (Pantoea_agglomerans_Bru13)	COMPLETED	0	2026-08-30 15:33:10.732	2026-08-30 15:33:10.830	2026-08-30 15:33:33.980	20.8s	2	6 GB	807.5 MB	7.8 GB	126.8%	1.3%	830.9 MB	58.9 MB
2640	79/951315	BGC_ANALYSIS:ANTISMASH_ANALYSIS:ANTISMASH (Pantoea_agglomerans_21OR0142)	COMPLETED	0	2026-08-30 15:32:57.124	2026-08-30 15:32:57.222	2026-08-30 15:33:34.756	35.7s	2	6 GB	712.5 MB	7.8 GB	94.8%	1.3%	1.5 GB	76.5 MB
2644	78/b13179	BGC_ANALYSIS:ANTISMASH_ANALYSIS:ANTISMASH (Pantoea_agglomerans_21UT177)	COMPLETED	0	2026-08-30 15:32:59.909	2026-08-30 15:33:00.006	2026-08-30 15:33:37.673	35.8s	2	6 GB	690.6 MB	7.7 GB	94.6%	1.2%	1.5 GB	76.8 MB
2648	70/6a81b3	BGC_ANALYSIS:ANTISMASH_ANALYSIS:ANTISMASH (Pantoea_agglomerans_21WA0054)	COMPLETED	0	2026-08-30 15:33:23.317	2026-08-30 15:33:23.414	2026-08-30 15:33:57.352	31.9s	2	6 GB	662.8 MB	7.7 GB	96.2%	1.1%	1.3 GB	70.2 MB
2649	72/f025b1	BGC_ANALYSIS:ANTISMASH_ANALYSIS:ANTISMASH (Pantoea_agglomerans_AF_air_401)	COMPLETED	0	2026-08-30 15:33:34.759	2026-08-30 15:33:34.856	2026-08-30 15:33:58.108	21.2s	2	6 GB	758.4 MB	7.8 GB	115.5%	1.3%	821 MB	59.6 MB
2639	99/069345	BGC_ANALYSIS:ANTISMASH_ANALYSIS:ANTISMASH (Pantoea_agglomerans_21NY0253)	COMPLETED	0	2026-08-30 15:32:47.073	2026-08-30 15:32:47.170	2026-08-30 15:34:05.776	1m 17s	2	6 GB	4.8 GB	8.1 GB	115.5%	5.2%	23.4 GB	77.9 MB
2654	32/921f52	BGC_ANALYSIS:ANTISMASH_ANALYSIS:ANTISMASH (Pantoea_agglomerans_C-187)	COMPLETED	0	2026-08-30 15:33:33.983	2026-08-30 15:33:34.081	2026-08-30 15:34:09.933	33.8s	2	6 GB	494.6 MB	7.7 GB	102.3%	0.8%	1.3 GB	56.4 MB
2653	9d/00e227	BGC_ANALYSIS:ANTISMASH_ANALYSIS:ANTISMASH (Pantoea_agglomerans_C-113)	COMPLETED	0	2026-08-30 15:33:37.676	2026-08-30 15:33:37.773	2026-08-30 15:34:12.582	32.6s	2	6 GB	506.7 MB	7.7 GB	103.4%	0.8%	1.3 GB	55 MB
2641	ea/bd5a42	BGC_ANALYSIS:ANTISMASH_ANALYSIS:ANTISMASH (Pantoea_agglomerans_21PA0045)	COMPLETED	0	2026-08-30 15:32:57.987	2026-08-30 15:32:58.085	2026-08-30 15:34:14.377	1m 14s	2	6 GB	4.8 GB	7.8 GB	113.8%	7.7%	19.8 GB	80.7 MB
2645	ae/bd0072	BGC_ANALYSIS:ANTISMASH_ANALYSIS:ANTISMASH (Pantoea_agglomerans_21UT179)	COMPLETED	0	2026-08-30 15:32:59.309	2026-08-30 15:32:59.405	2026-08-30 15:34:14.812	1m 14s	2	6 GB	4.7 GB	7.8 GB	112.5%	7.2%	18.2 GB	80.6 MB
2651	0e/6ac6e2	BGC_ANALYSIS:ANTISMASH_ANALYSIS:ANTISMASH (Pantoea_agglomerans_BD1274-3)	COMPLETED	0	2026-08-30 15:33:04.033	2026-08-30 15:33:04.129	2026-08-30 15:34:22.595	1m 16s	2	6 GB	4.8 GB	7.8 GB	112.8%	4.9%	19.9 GB	82.9 MB
2655	bd/44c0e1	BGC_ANALYSIS:ANTISMASH_ANALYSIS:ANTISMASH (Pantoea_agglomerans_C-204)	COMPLETED	0	2026-08-30 15:33:57.355	2026-08-30 15:33:57.452	2026-08-30 15:34:32.658	33.3s	2	6 GB	502.8 MB	7.7 GB	102.5%	0.7%	1.4 GB	57.4 MB
2657	b9/b4c674	BGC_ANALYSIS:ANTISMASH_ANALYSIS:ANTISMASH (Pantoea_agglomerans_GMG052)	COMPLETED	0	2026-08-30 15:34:05.779	2026-08-30 15:34:05.876	2026-08-30 15:34:39.469	31.6s	2	6 GB	662.8 MB	7.7 GB	94.9%	1.1%	1.3 GB	69 MB
2670	be/72f46f	BGC_ANALYSIS:ANTISMASH_ANALYSIS:ANTISMASH (Pantoea_agglomerans_Ptg013)	COMPLETED	0	2026-08-30 15:33:58.112	2026-08-30 15:33:58.208	2026-08-30 15:34:42.287	42.2s	2	6 GB	697.8 MB	7.8 GB	93.1%	1.3%	1.9 GB	88.2 MB
2663	02/fca244	BGC_ANALYSIS:ANTISMASH_ANALYSIS:ANTISMASH (Pantoea_agglomerans_PNG_01-1)	COMPLETED	0	2026-08-30 15:34:22.600	2026-08-30 15:34:22.696	2026-08-30 15:34:51.998	27.2s	2	6 GB	739.8 MB	7.8 GB	103.4%	1.3%	1.1 GB	66.5 MB
2656	97/82fd14	BGC_ANALYSIS:ANTISMASH_ANALYSIS:ANTISMASH (Pantoea_agglomerans_CV158)	COMPLETED	0	2026-08-30 15:34:14.390	2026-08-30 15:34:14.477	2026-08-30 15:34:52.848	36.4s	2	6 GB	679.4 MB	7.8 GB	94.2%	1.2%	1.5 GB	77.5 MB
2671	4f/bccdd0	BGC_ANALYSIS:ANTISMASH_ANALYSIS:ANTISMASH (Pantoea_agglomerans_Ptg016)	COMPLETED	0	2026-08-30 15:34:14.815	2026-08-30 15:34:14.914	2026-08-30 15:34:53.233	36.4s	2	6 GB	687 MB	7.8 GB	92.9%	1.2%	1.6 GB	78.4 MB
2662	34/293fc8	BGC_ANALYSIS:ANTISMASH_ANALYSIS:ANTISMASH (Pantoea_agglomerans_MPB22)	COMPLETED	0	2026-08-30 15:34:32.661	2026-08-30 15:34:32.758	2026-08-30 15:34:55.553	20.7s	2	6 GB	784.9 MB	7.8 GB	129.4%	1.3%	858.3 MB	60.1 MB
2669	ad/8d5a51	BGC_ANALYSIS:ANTISMASH_ANALYSIS:ANTISMASH (Pantoea_agglomerans_Ptg012)	COMPLETED	0	2026-08-30 15:34:12.586	2026-08-30 15:34:12.682	2026-08-30 15:34:57.141	42.3s	2	6 GB	706.8 MB	7.8 GB	93.2%	1.3%	1.9 GB	88 MB
2661	6e/17a643	BGC_ANALYSIS:ANTISMASH_ANALYSIS:ANTISMASH (Pantoea_agglomerans_MFD02586_ilm_asm_bin1)	COMPLETED	0	2026-08-30 15:34:42.290	2026-08-30 15:34:42.387	2026-08-30 15:35:31.108	46.7s	2	6 GB	719.6 MB	7.8 GB	95.8%	1.3%	2.3 GB	94.4 MB
2659	00/179d87	BGC_ANALYSIS:ANTISMASH_ANALYSIS:ANTISMASH (Pantoea_agglomerans_LMG_2596)	COMPLETED	0	2026-08-30 15:34:09.936	2026-08-30 15:34:10.033	2026-08-30 15:35:33.635	1m 22s	2	6 GB	4.8 GB	8.1 GB	114.0%	5.3%	23.3 GB	86.8 MB
2668	9c/68cf24	BGC_ANALYSIS:ANTISMASH_ANALYSIS:ANTISMASH (Pantoea_agglomerans_Ptg009)	COMPLETED	0	2026-08-30 15:34:55.556	2026-08-30 15:34:55.653	2026-08-30 15:35:34.133	36.6s	2	6 GB	686.7 MB	7.7 GB	95.5%	1.2%	1.5 GB	77.4 MB
2667	b3/a4daea	BGC_ANALYSIS:ANTISMASH_ANALYSIS:ANTISMASH (Pantoea_agglomerans_Ptg003)	COMPLETED	0	2026-08-30 15:34:57.144	2026-08-30 15:34:57.241	2026-08-30 15:35:37.722	38.4s	2	6 GB	715.1 MB	7.8 GB	94.3%	1.3%	1.7 GB	82.2 MB
2666	1c/d81d4d	BGC_ANALYSIS:ANTISMASH_ANALYSIS:ANTISMASH (Pantoea_agglomerans_Ptg001)	COMPLETED	0	2026-08-30 15:34:53.236	2026-08-30 15:34:53.334	2026-08-30 15:35:43.467	48.2s	2	6 GB	687.9 MB	7.7 GB	96.5%	1.2%	2.3 GB	98.8 MB
2665	82/ed7a13	BGC_ANALYSIS:ANTISMASH_ANALYSIS:ANTISMASH (Pantoea_agglomerans_PNG_06-2)	COMPLETED	0	2026-08-30 15:34:52.851	2026-08-30 15:34:52.948	2026-08-30 15:35:54.447	59.6s	2	6 GB	4.8 GB	7.8 GB	131.8%	5.7%	19.1 GB	64.5 MB
2672	e8/67e264	BGC_ANALYSIS:ANTISMASH_ANALYSIS:ANTISMASH (Pantoea_agglomerans_SR103)	COMPLETED	0	2026-08-30 15:35:31.111	2026-08-30 15:35:31.209	2026-08-30 15:35:56.885	23.6s	2	6 GB	781.3 MB	7.8 GB	125.0%	1.3%	882.8 MB	61.9 MB
2684	9a/ecc172	BGC_ANALYSIS:ANTISMASH_ANALYSIS:ANTISMASH (Pantoea_phytostimulans_C3)	COMPLETED	0	2026-08-30 15:35:33.638	2026-08-30 15:35:33.735	2026-08-30 15:35:57.737	22s	2	6 GB	805.1 MB	7.8 GB	124.0%	1.3%	905.8 MB	62.7 MB
2664	a5/28476c	BGC_ANALYSIS:ANTISMASH_ANALYSIS:ANTISMASH (Pantoea_agglomerans_PNG_06-1)	COMPLETED	0	2026-08-30 15:34:52.001	2026-08-30 15:34:52.099	2026-08-30 15:36:02.721	1m 9s	2	6 GB	4.7 GB	7.8 GB	115.9%	5.8%	19.5 GB	73.7 MB
2680	11/8cfa86	BGC_ANALYSIS:ANTISMASH_ANALYSIS:ANTISMASH (Pantoea_dispersa_UYSB45)	COMPLETED	0	2026-08-30 15:35:34.136	2026-08-30 15:35:34.233	2026-08-30 15:36:06.149	30s	2	6 GB	729.4 MB	7.8 GB	98.5%	1.3%	1.2 GB	70.8 MB
2682	44/bfaa7f	BGC_ANALYSIS:ANTISMASH_ANALYSIS:ANTISMASH (Pantoea_graminicola_KXB25)	COMPLETED	0	2026-08-30 15:35:37.725	2026-08-30 15:35:37.822	2026-08-30 15:36:07.856	28.1s	2	6 GB	701.2 MB	7.8 GB	96.5%	1.2%	1.1 GB	64.6 MB
2678	32/b2e279	BGC_ANALYSIS:ANTISMASH_ANALYSIS:ANTISMASH (Pantoea_dispersa_CT11-120)	COMPLETED	0	2026-08-30 15:35:54.450	2026-08-30 15:35:54.547	2026-08-30 15:36:17.353	20.8s	2	6 GB	787.3 MB	7.8 GB	128.9%	1.3%	846.9 MB	59.7 MB
2673	5d/c5c88d	BGC_ANALYSIS:ANTISMASH_ANALYSIS:ANTISMASH (Pantoea_agglomerans_UADEC20)	COMPLETED	0	2026-08-30 15:35:56.888	2026-08-30 15:35:56.985	2026-08-30 15:36:20.163	21.2s	2	6 GB	821.5 MB	7.8 GB	129.4%	1.4%	847.8 MB	60 MB
2675	75/2cf920	BGC_ANALYSIS:ANTISMASH_ANALYSIS:ANTISMASH (Pantoea_allii_O64c)	COMPLETED	0	2026-08-30 15:35:43.470	2026-08-30 15:35:43.568	2026-08-30 15:36:34.750	48.9s	2	6 GB	4.7 GB	7.8 GB	125.6%	5.6%	10.9 GB	60.4 MB
2687	bc/886951	BGC_ANALYSIS:ANTISMASH_ANALYSIS:ANTISMASH (Pantoea_sp._B65)	COMPLETED	0	2026-08-30 15:35:57.740	2026-08-30 15:35:57.837	2026-08-30 15:36:42.192	42.4s	2	6 GB	762.3 MB	7.8 GB	94.5%	1.3%	1.7 GB	87.7 MB
2681	72/77c245	BGC_ANALYSIS:ANTISMASH_ANALYSIS:ANTISMASH (Pantoea_graminicola_KXB24)	COMPLETED	0	2026-08-30 15:36:17.355	2026-08-30 15:36:17.452	2026-08-30 15:36:47.331	27.9s	2	6 GB	737.9 MB	7.8 GB	97.0%	1.2%	1.1 GB	65.1 MB
2679	7c/677758	BGC_ANALYSIS:ANTISMASH_ANALYSIS:ANTISMASH (Pantoea_dispersa_PGPR-24)	COMPLETED	0	2026-08-30 15:36:20.166	2026-08-30 15:36:20.263	2026-08-30 15:36:49.102	26.8s	2	6 GB	744.7 MB	7.8 GB	103.6%	1.3%	1.1 GB	65.7 MB
2674	09/e12feb	BGC_ANALYSIS:ANTISMASH_ANALYSIS:ANTISMASH (Pantoea_allii_Eh250)	COMPLETED	0	2026-08-30 15:36:06.153	2026-08-30 15:36:06.249	2026-08-30 15:36:56.325	47.8s	2	6 GB	4.7 GB	7.8 GB	127.0%	5.4%	11 GB	61.1 MB
2676	da/2f7fba	BGC_ANALYSIS:ANTISMASH_ANALYSIS:ANTISMASH (Pantoea_ananatis_P1A3)	COMPLETED	0	2026-08-30 15:36:02.724	2026-08-30 15:36:02.821	2026-08-30 15:37:00.473	55.5s	2	6 GB	4.8 GB	7.9 GB	109.8%	5.5%	9.8 GB	70.3 MB
2677	0b/ac2f97	BGC_ANALYSIS:ANTISMASH_ANALYSIS:ANTISMASH (Pantoea_dispersa_A003)	COMPLETED	0	2026-08-30 15:36:07.859	2026-08-30 15:36:07.957	2026-08-30 15:37:02.173	52s	2	6 GB	508.8 MB	7.8 GB	105.2%	0.9%	2.4 GB	84 MB
2683	79/a50ef2	BGC_ANALYSIS:ANTISMASH_ANALYSIS:ANTISMASH (Pantoea_graminicola_KXB45)	COMPLETED	0	2026-08-30 15:36:34.754	2026-08-30 15:36:34.851	2026-08-30 15:37:03.906	27.1s	2	6 GB	743.5 MB	7.8 GB	97.9%	1.3%	1.1 GB	63.7 MB
2686	10/e9af2a	BGC_ANALYSIS:ANTISMASH_ANALYSIS:ANTISMASH (Pantoea_sp._App145)	COMPLETED	0	2026-08-30 15:36:42.196	2026-08-30 15:36:42.292	2026-08-30 15:37:10.242	25.8s	2	6 GB	879.6 MB	7.9 GB	125.7%	1.5%	1 GB	75.5 MB
2688	ea/408900	BGC_ANALYSIS:ANTISMASH_ANALYSIS:ANTISMASH (Pantoea_sp._BJFS-204)	COMPLETED	0	2026-08-30 15:36:47.335	2026-08-30 15:36:47.432	2026-08-30 15:37:15.263	25.8s	2	6 GB	526.7 MB	7.8 GB	108.6%	0.8%	980.6 MB	46.9 MB
2660	e9/c5d334	BGC_ANALYSIS:ANTISMASH_ANALYSIS:ANTISMASH (Pantoea_agglomerans_MFD00724_ilm_asm_bin2)	COMPLETED	0	2026-08-30 15:34:39.472	2026-08-30 15:34:39.570	2026-08-30 15:37:31.803	2m 50s	2	6 GB	703.5 MB	7.8 GB	101.8%	1.2%	10 GB	283.3 MB
2693	51/670218	BGC_ANALYSIS:ANTISMASH_ANALYSIS:ANTISMASH (Pantoea_sp._S18_2)	COMPLETED	0	2026-08-30 15:37:10.245	2026-08-30 15:37:10.343	2026-08-30 15:37:35.134	22.6s	2	6 GB	826.7 MB	7.8 GB	128.3%	1.4%	925.2 MB	66 MB
2694	09/f4cec7	BGC_ANALYSIS:ANTISMASH_ANALYSIS:ANTISMASH (Pantoea_sp._SIMBA_079)	COMPLETED	0	2026-08-30 15:37:03.909	2026-08-30 15:37:04.005	2026-08-30 15:37:35.699	29.7s	2	6 GB	671.9 MB	7.7 GB	96.1%	1.1%	1.3 GB	63.3 MB
2691	76/de0f12	BGC_ANALYSIS:ANTISMASH_ANALYSIS:ANTISMASH (Pantoea_sp._K16)	COMPLETED	0	2026-08-30 15:37:00.477	2026-08-30 15:37:00.574	2026-08-30 15:37:35.832	33.2s	2	6 GB	704.3 MB	7.8 GB	94.2%	1.2%	1.4 GB	73 MB
2690	1a/17987b	BGC_ANALYSIS:ANTISMASH_ANALYSIS:ANTISMASH (Pantoea_sp._K13)	COMPLETED	0	2026-08-30 15:37:02.177	2026-08-30 15:37:02.273	2026-08-30 15:37:36.381	32.1s	2	6 GB	696.5 MB	7.8 GB	94.1%	1.2%	1.3 GB	70.8 MB
2689	4d/d2134d	BGC_ANALYSIS:ANTISMASH_ANALYSIS:ANTISMASH (Pantoea_sp._GABEPS69)	COMPLETED	0	2026-08-30 15:37:15.265	2026-08-30 15:37:15.363	2026-08-30 15:37:39.394	22.1s	2	6 GB	817 MB	7.8 GB	124.2%	1.3%	952.2 MB	63.6 MB
2695	e8/892de6	BGC_ANALYSIS:ANTISMASH_ANALYSIS:ANTISMASH (Pantoea_sp._sgz302252_2)	COMPLETED	0	2026-08-30 15:36:56.329	2026-08-30 15:36:56.426	2026-08-30 15:37:57.230	58.6s	2	6 GB	546.1 MB	7.7 GB	101.0%	0.9%	2.7 GB	91.3 MB
2692	20/6086f8	BGC_ANALYSIS:ANTISMASH_ANALYSIS:ANTISMASH (Pantoea_sp._R13S299)	COMPLETED	0	2026-08-30 15:37:31.806	2026-08-30 15:37:31.904	2026-08-30 15:37:57.338	23.4s	2	6 GB	753.7 MB	7.8 GB	110.6%	1.3%	933.2 MB	61.1 MB
2696	7c/0bd867	BGC_ANALYSIS:ANTISMASH_ANALYSIS:ANTISMASH (Pantoea_vagans_PMT5Y)	COMPLETED	0	2026-08-30 15:37:35.137	2026-08-30 15:37:35.235	2026-08-30 15:37:57.797	20.7s	2	6 GB	788.3 MB	7.8 GB	131.0%	1.4%	822.8 MB	58 MB
2697	31/f2487c	BGC_ANALYSIS:ANTISMASH_ANALYSIS:ANTISMASH (Candidatus_Pantoea_communis_C11D8)	COMPLETED	0	2026-08-30 15:37:35.836	2026-08-30 15:37:35.932	2026-08-30 15:38:01.435	23.6s	2	6 GB	824.9 MB	7.8 GB	127.1%	1.4%	937.5 MB	67.1 MB
2685	ba/ac045a	BGC_ANALYSIS:ANTISMASH_ANALYSIS:ANTISMASH (Pantoea_sp._4M003)	COMPLETED	0	2026-08-30 15:36:49.105	2026-08-30 15:36:49.203	2026-08-30 15:38:03.094	1m 12s	2	6 GB	771.4 MB	7.8 GB	94.6%	1.3%	3.4 GB	132.7 MB
2710	b8/c20255	BGC_ANALYSIS:ANTISMASH_ANALYSIS:ANTISMASH (Erwinia_mallotivora_Goto_AM-5)	COMPLETED	0	2026-08-30 15:37:36.384	2026-08-30 15:37:36.481	2026-08-30 15:38:03.263	24.9s	2	6 GB	773.6 MB	7.8 GB	107.9%	1.3%	992 MB	63.9 MB
2700	74/5e4f2c	BGC_ANALYSIS:ANTISMASH_ANALYSIS:ANTISMASH (Candidatus_Pantoea_communis_C1H9)	COMPLETED	0	2026-08-30 15:37:39.397	2026-08-30 15:37:39.494	2026-08-30 15:38:06.273	24.8s	2	6 GB	852.2 MB	7.9 GB	128.1%	1.4%	973.5 MB	70.3 MB
2702	8f/93684f	BGC_ANALYSIS:ANTISMASH_ANALYSIS:ANTISMASH (Candidatus_Pantoea_communis_C8E12)	COMPLETED	0	2026-08-30 15:37:57.233	2026-08-30 15:37:57.331	2026-08-30 15:38:22.805	23.6s	2	6 GB	826.7 MB	7.8 GB	124.4%	1.3%	912.4 MB	66.2 MB
2703	8e/9bf022	BGC_ANALYSIS:ANTISMASH_ANALYSIS:ANTISMASH (Candidatus_Pantoea_communis_C9B8)	COMPLETED	0	2026-08-30 15:37:57.800	2026-08-30 15:37:57.897	2026-08-30 15:38:25.378	25.5s	2	6 GB	859.5 MB	7.9 GB	128.3%	1.5%	968.6 MB	69.7 MB
2709	7f/aca19e	BGC_ANALYSIS:ANTISMASH_ANALYSIS:ANTISMASH (Erwinia_mallotivora_Goto_AM-2)	COMPLETED	0	2026-08-30 15:37:57.341	2026-08-30 15:37:57.439	2026-08-30 15:38:26.610	27.2s	2	6 GB	873.2 MB	7.9 GB	125.8%	1.4%	1.2 GB	71.4 MB
2711	a0/82941b	BGC_ANALYSIS:ANTISMASH_ANALYSIS:ANTISMASH (Erwinia_papayae_ACC126)	COMPLETED	0	2026-08-30 15:38:01.438	2026-08-30 15:38:01.535	2026-08-30 15:38:26.972	23.6s	2	6 GB	815.5 MB	7.8 GB	126.0%	1.3%	979.9 MB	66 MB
2698	66/577886	BGC_ANALYSIS:ANTISMASH_ANALYSIS:ANTISMASH (Candidatus_Pantoea_communis_C11G1)	COMPLETED	0	2026-08-30 15:38:03.270	2026-08-30 15:38:03.456	2026-08-30 15:38:28.357	22.9s	2	6 GB	852.4 MB	7.9 GB	126.9%	1.4%	904.1 MB	65.4 MB
2704	ca/5189b0	BGC_ANALYSIS:ANTISMASH_ANALYSIS:ANTISMASH (Candidatus_Pantoea_symbiotica_C8G10)	COMPLETED	0	2026-08-30 15:38:06.277	2026-08-30 15:38:06.373	2026-08-30 15:38:31.921	23.5s	2	6 GB	837.7 MB	7.8 GB	123.1%	1.4%	925.6 MB	66.4 MB
2705	a0/25b887	BGC_ANALYSIS:ANTISMASH_ANALYSIS:ANTISMASH (Erwinia_aphidicola_MTU21_ERW-16)	COMPLETED	0	2026-08-30 15:38:03.097	2026-08-30 15:38:03.195	2026-08-30 15:38:39.684	34.5s	2	6 GB	497 MB	7.8 GB	98.9%	0.7%	1.2 GB	54.3 MB
2719	83/4aa2d6	BGC_ANALYSIS:ANTISMASH_ANALYSIS:ANTISMASH (Erwinia_sp._AK-PDG3-5)	COMPLETED	0	2026-08-30 15:38:25.382	2026-08-30 15:38:25.479	2026-08-30 15:38:43.874	16.5s	2	6 GB	665.3 MB	7.4 GB	139.4%	1.1%	775.4 MB	36.2 MB
2712	cd/d89f22	BGC_ANALYSIS:ANTISMASH_ANALYSIS:ANTISMASH (Erwinia_papayae_CFBP_5292)	COMPLETED	0	2026-08-30 15:38:26.614	2026-08-30 15:38:26.710	2026-08-30 15:38:48.917	20.3s	2	6 GB	805.4 MB	7.8 GB	132.9%	1.4%	785 MB	55.8 MB
2701	a4/70b9a2	BGC_ANALYSIS:ANTISMASH_ANALYSIS:ANTISMASH (Candidatus_Pantoea_communis_C3A8)	COMPLETED	0	2026-08-30 15:38:22.808	2026-08-30 15:38:22.905	2026-08-30 15:38:49.061	24.2s	2	6 GB	879.3 MB	7.9 GB	123.6%	1.5%	968.2 MB	68.5 MB
2718	d1/413287	BGC_ANALYSIS:ANTISMASH_ANALYSIS:ANTISMASH (Erwinia_sp._2186)	COMPLETED	0	2026-08-30 15:38:28.360	2026-08-30 15:38:28.457	2026-08-30 15:38:50.789	20.4s	2	6 GB	880 MB	7.9 GB	136.4%	1.5%	885.9 MB	63.2 MB
2699	ba/3c5226	BGC_ANALYSIS:ANTISMASH_ANALYSIS:ANTISMASH (Candidatus_Pantoea_communis_C1H5)	COMPLETED	0	2026-08-30 15:38:31.924	2026-08-30 15:38:32.022	2026-08-30 15:38:58.393	24.5s	2	6 GB	889 MB	7.9 GB	128.3%	1.5%	951.5 MB	69.9 MB
2713	c3/065079	BGC_ANALYSIS:ANTISMASH_ANALYSIS:ANTISMASH (Erwinia_papayae_CFBP_5300)	COMPLETED	0	2026-08-30 15:38:39.687	2026-08-30 15:38:39.784	2026-08-30 15:39:10.579	28.5s	2	6 GB	849.3 MB	7.9 GB	116.1%	1.4%	1.1 GB	72.9 MB
2706	7b/14100d	BGC_ANALYSIS:ANTISMASH_ANALYSIS:ANTISMASH (Erwinia_billingiae_AC7)	COMPLETED	0	2026-08-30 15:38:43.877	2026-08-30 15:38:43.974	2026-08-30 15:39:10.887	24.8s	2	6 GB	857.7 MB	7.9 GB	115.7%	1.4%	1 GB	69.1 MB
2717	50/ef04f7	BGC_ANALYSIS:ANTISMASH_ANALYSIS:ANTISMASH (Erwinia_sp._009765445)	COMPLETED	0	2026-08-30 15:38:26.976	2026-08-30 15:38:27.073	2026-08-30 15:39:11.758	42.9s	2	6 GB	762.3 MB	7.8 GB	92.7%	1.3%	1.8 GB	87.1 MB
2727	8e/c84d94	BGC_ANALYSIS:ANTISMASH_ANALYSIS:ANTISMASH (Pantoea_agglomerans_1L-D-1-B-C1)	COMPLETED	0	2026-08-30 15:38:48.920	2026-08-30 15:38:49.016	2026-08-30 15:39:15.487	24.4s	2	6 GB	727.2 MB	7.8 GB	104.3%	1.2%	980.1 MB	59.7 MB
2714	2b/65dbc7	BGC_ANALYSIS:ANTISMASH_ANALYSIS:ANTISMASH (Erwinia_papayae_CFBP_6529)	COMPLETED	0	2026-08-30 15:38:49.065	2026-08-30 15:38:49.161	2026-08-30 15:39:18.481	27.2s	2	6 GB	785.8 MB	7.8 GB	121.4%	1.3%	1.1 GB	73.8 MB
2715	d9/8c006c	BGC_ANALYSIS:ANTISMASH_ANALYSIS:ANTISMASH (Erwinia_papayae_JT019)	COMPLETED	0	2026-08-30 15:38:50.792	2026-08-30 15:38:50.889	2026-08-30 15:39:24.812	31.9s	2	6 GB	695.1 MB	7.8 GB	96.7%	1.3%	1.3 GB	73.6 MB
2720	a3/51405e	BGC_ANALYSIS:ANTISMASH_ANALYSIS:ANTISMASH (Erwinia_sp._JUb26_KH_042)	COMPLETED	0	2026-08-30 15:39:10.890	2026-08-30 15:39:10.987	2026-08-30 15:39:35.545	22.6s	2	6 GB	869.8 MB	7.9 GB	133.4%	1.4%	897.1 MB	66.4 MB
2721	12/6bedcc	BGC_ANALYSIS:ANTISMASH_ANALYSIS:ANTISMASH (Erwinia_typographi_AC8)	COMPLETED	0	2026-08-30 15:38:58.397	2026-08-30 15:38:58.497	2026-08-30 15:39:39.187	38.5s	2	6 GB	708.8 MB	7.8 GB	94.7%	1.2%	1.7 GB	82.7 MB
2708	c7/6f9f46	BGC_ANALYSIS:ANTISMASH_ANALYSIS:ANTISMASH (Erwinia_billingiae__127)	COMPLETED	0	2026-08-30 15:39:11.761	2026-08-30 15:39:11.859	2026-08-30 15:39:44.121	30.3s	2	6 GB	749.9 MB	7.8 GB	101.2%	1.2%	1.3 GB	70.6 MB
2725	33/ecf154	BGC_ANALYSIS:ANTISMASH_ANALYSIS:ANTISMASH (Pantoea_agglomerans_1L-A-7-B-C3)	COMPLETED	0	2026-08-30 15:39:15.492	2026-08-30 15:39:15.587	2026-08-30 15:39:45.930	28.4s	2	6 GB	727.5 MB	7.8 GB	97.8%	1.2%	1.1 GB	64.7 MB
2716	00/9fd5e7	BGC_ANALYSIS:ANTISMASH_ANALYSIS:ANTISMASH (Erwinia_persicina_P4.1)	COMPLETED	0	2026-08-30 15:39:24.815	2026-08-30 15:39:24.913	2026-08-30 15:39:47.830	20.7s	2	6 GB	839.5 MB	7.8 GB	131.1%	1.4%	820.3 MB	59.1 MB
2726	c0/f1ef67	BGC_ANALYSIS:ANTISMASH_ANALYSIS:ANTISMASH (Pantoea_agglomerans_1L-A-7-B-C4)	COMPLETED	0	2026-08-30 15:39:18.484	2026-08-30 15:39:18.581	2026-08-30 15:39:48.728	28.1s	2	6 GB	719.8 MB	7.8 GB	98.0%	1.3%	1.1 GB	64.2 MB
2722	6c/1158cd	BGC_ANALYSIS:ANTISMASH_ANALYSIS:ANTISMASH (Erwinia_typographi_CA1A)	COMPLETED	0	2026-08-30 15:39:10.583	2026-08-30 15:39:10.679	2026-08-30 15:39:51.605	39s	2	6 GB	812.6 MB	7.8 GB	92.2%	1.3%	1.6 GB	83.3 MB
2707	fa/d57f84	BGC_ANALYSIS:ANTISMASH_ANALYSIS:ANTISMASH (Erwinia_billingiae_MEGAHIT-MaxBin2-AKF.240)	COMPLETED	0	2026-08-30 15:37:35.702	2026-08-30 15:37:35.799	2026-08-30 15:39:56.032	2m 18s	2	6 GB	498.1 MB	7.7 GB	105.2%	0.8%	7 GB	192 MB
2728	6a/ef8663	BGC_ANALYSIS:ANTISMASH_ANALYSIS:ANTISMASH (Pantoea_agglomerans_BIM_B-2215)	COMPLETED	0	2026-08-30 15:39:39.191	2026-08-30 15:39:39.288	2026-08-30 15:40:02.542	21.3s	2	6 GB	805.7 MB	7.8 GB	127.2%	1.4%	862.6 MB	60.7 MB
2729	eb/958402	BGC_ANALYSIS:ANTISMASH_ANALYSIS:ANTISMASH (Pantoea_agglomerans_F14_MAG_3)	COMPLETED	0	2026-08-30 15:39:45.933	2026-08-30 15:39:46.030	2026-08-30 15:40:02.655	14.6s	2	6 GB	603.8 MB	7.3 GB	133.6%	1.0%	674 MB	30.4 MB
2723	42/fd7bbf	BGC_ANALYSIS:ANTISMASH_ANALYSIS:ANTISMASH (Pantoea_agglomerans_1L-A-1-B-C3)	COMPLETED	0	2026-08-30 15:39:35.548	2026-08-30 15:39:35.645	2026-08-30 15:40:03.466	25.8s	2	6 GB	725.7 MB	7.8 GB	98.0%	1.3%	1 GB	60.5 MB
2740	ac/d25763	BGC_ANALYSIS:ANTISMASH_ANALYSIS:ANTISMASH (Pantoea_ananatis_AR358)	COMPLETED	0	2026-08-30 15:39:48.731	2026-08-30 15:39:48.828	2026-08-30 15:40:11.974	21.1s	2	6 GB	849.3 MB	7.9 GB	127.5%	1.4%	879.4 MB	62.1 MB
2724	b3/7489d8	BGC_ANALYSIS:ANTISMASH_ANALYSIS:ANTISMASH (Pantoea_agglomerans_1L-A-1-B-C4)	COMPLETED	0	2026-08-30 15:39:44.124	2026-08-30 15:39:44.222	2026-08-30 15:40:12.591	26.4s	2	6 GB	726.4 MB	7.8 GB	96.9%	1.3%	1 GB	60.4 MB
2730	87/081fe9	BGC_ANALYSIS:ANTISMASH_ANALYSIS:ANTISMASH (Pantoea_agglomerans_GL_116)	COMPLETED	0	2026-08-30 15:39:51.609	2026-08-30 15:39:51.705	2026-08-30 15:40:15.565	21.8s	2	6 GB	815.6 MB	7.8 GB	124.8%	1.3%	870.4 MB	61.2 MB
2734	2b/47cd7b	BGC_ANALYSIS:ANTISMASH_ANALYSIS:ANTISMASH (Pantoea_agglomerans_KH_036)	COMPLETED	0	2026-08-30 15:40:03.470	2026-08-30 15:40:03.566	2026-08-30 15:40:26.848	21.1s	2	6 GB	816.1 MB	7.8 GB	126.6%	1.3%	861.7 MB	60.7 MB
2745	a5/264853	BGC_ANALYSIS:ANTISMASH_ANALYSIS:ANTISMASH (Pantoea_ananatis_JEL0893)	COMPLETED	0	2026-08-30 15:40:02.658	2026-08-30 15:40:02.755	2026-08-30 15:40:26.962	22.1s	2	6 GB	711.4 MB	7.8 GB	112.2%	1.3%	936.4 MB	63 MB
2736	35/ee8153	BGC_ANALYSIS:ANTISMASH_ANALYSIS:ANTISMASH (Pantoea_agglomerans_PME40.26_002)	COMPLETED	0	2026-08-30 15:39:56.036	2026-08-30 15:39:56.132	2026-08-30 15:40:28.485	30.2s	2	6 GB	712 MB	7.8 GB	93.1%	1.2%	1.2 GB	67.8 MB
2731	7c/70edca	BGC_ANALYSIS:ANTISMASH_ANALYSIS:ANTISMASH (Pantoea_agglomerans_GMG1201)	COMPLETED	0	2026-08-30 15:39:47.833	2026-08-30 15:39:47.931	2026-08-30 15:40:29.549	39.6s	2	6 GB	702.9 MB	7.8 GB	94.3%	1.3%	1.7 GB	81.3 MB
2733	79/2ca175	BGC_ANALYSIS:ANTISMASH_ANALYSIS:ANTISMASH (Pantoea_agglomerans_KH_008)	COMPLETED	0	2026-08-30 15:40:12.593	2026-08-30 15:40:12.691	2026-08-30 15:40:35.698	21.1s	2	6 GB	797.1 MB	7.8 GB	123.2%	1.4%	904.5 MB	63.3 MB
2732	b0/8f2e70	BGC_ANALYSIS:ANTISMASH_ANALYSIS:ANTISMASH (Pantoea_agglomerans_HROM_Genome_4923)	COMPLETED	0	2026-08-30 15:40:02.546	2026-08-30 15:40:02.643	2026-08-30 15:40:37.742	33s	2	6 GB	503.1 MB	7.8 GB	101.6%	0.8%	1.3 GB	57.7 MB
2735	4e/c53aaf	BGC_ANALYSIS:ANTISMASH_ANALYSIS:ANTISMASH (Pantoea_agglomerans_PME37.24_025)	COMPLETED	0	2026-08-30 15:40:11.977	2026-08-30 15:40:12.075	2026-08-30 15:40:44.407	30.4s	2	6 GB	744.3 MB	7.8 GB	94.3%	1.3%	1.3 GB	70.2 MB
2737	f1/bc825c	BGC_ANALYSIS:ANTISMASH_ANALYSIS:ANTISMASH (Pantoea_agglomerans__133)	COMPLETED	0	2026-08-30 15:40:15.568	2026-08-30 15:40:15.665	2026-08-30 15:40:45.482	27.8s	2	6 GB	743.4 MB	7.8 GB	96.1%	1.2%	1.1 GB	65.5 MB
2742	82/13206e	BGC_ANALYSIS:ANTISMASH_ANALYSIS:ANTISMASH (Pantoea_ananatis_JEL0890)	COMPLETED	0	2026-08-30 15:40:28.489	2026-08-30 15:40:28.585	2026-08-30 15:40:50.272	19.8s	2	6 GB	832.6 MB	7.8 GB	130.1%	1.4%	854.8 MB	61.3 MB
2738	41/85aacd	BGC_ANALYSIS:ANTISMASH_ANALYSIS:ANTISMASH (Pantoea_allii_KH_010)	COMPLETED	0	2026-08-30 15:40:26.852	2026-08-30 15:40:26.948	2026-08-30 15:40:51.338	22.5s	2	6 GB	863.3 MB	7.9 GB	129.2%	1.4%	930.7 MB	65.6 MB
2751	cf/1027da	BGC_ANALYSIS:ANTISMASH_ANALYSIS:ANTISMASH (Pantoea_ananatis_PP088)	COMPLETED	0	2026-08-30 15:40:29.552	2026-08-30 15:40:29.649	2026-08-30 15:40:51.537	20s	2	6 GB	828.7 MB	7.8 GB	127.9%	1.4%	861.1 MB	61.9 MB
2741	92/8d69f8	BGC_ANALYSIS:ANTISMASH_ANALYSIS:ANTISMASH (Pantoea_ananatis_JEL0889)	COMPLETED	0	2026-08-30 15:40:37.746	2026-08-30 15:40:37.842	2026-08-30 15:40:59.006	19.1s	2	6 GB	869.9 MB	7.9 GB	120.2%	1.4%	741.2 MB	60.3 MB
2759	c8/c3efba	BGC_ANALYSIS:ANTISMASH_ANALYSIS:ANTISMASH (Pantoea_anthophila__90)	COMPLETED	0	2026-08-30 15:40:51.342	2026-08-30 15:40:51.438	2026-08-30 15:41:19.364	25.9s	2	6 GB	747.9 MB	7.8 GB	106.8%	1.2%	1.1 GB	63.6 MB
2743	32/c676c2	BGC_ANALYSIS:ANTISMASH_ANALYSIS:ANTISMASH (Pantoea_ananatis_JEL0891)	COMPLETED	0	2026-08-30 15:40:26.965	2026-08-30 15:40:27.063	2026-08-30 15:41:19.425	50.4s	2	6 GB	3.3 GB	7.8 GB	117.2%	3.2%	9.7 GB	69.5 MB
2746	6b/1bc4b0	BGC_ANALYSIS:ANTISMASH_ANALYSIS:ANTISMASH (Pantoea_ananatis_NMPA19)	COMPLETED	0	2026-08-30 15:40:50.275	2026-08-30 15:40:50.372	2026-08-30 15:41:21.961	29.7s	2	6 GB	745 MB	7.8 GB	101.0%	1.2%	1.2 GB	68.6 MB
2744	a4/cdafeb	BGC_ANALYSIS:ANTISMASH_ANALYSIS:ANTISMASH (Pantoea_ananatis_JEL0892)	COMPLETED	0	2026-08-30 15:40:35.701	2026-08-30 15:40:35.799	2026-08-30 15:41:23.615	45.8s	2	6 GB	4.7 GB	7.8 GB	124.0%	5.7%	9.4 GB	59.2 MB
2739	d7/46dfda	BGC_ANALYSIS:ANTISMASH_ANALYSIS:ANTISMASH (Pantoea_ananatis_31npA-Arg1)	COMPLETED	0	2026-08-30 15:40:44.410	2026-08-30 15:40:44.507	2026-08-30 15:41:35.468	48.7s	2	6 GB	4.8 GB	7.9 GB	123.5%	8.2%	9.5 GB	62.5 MB
2760	46/a7f2b7	BGC_ANALYSIS:ANTISMASH_ANALYSIS:ANTISMASH (Pantoea_dispersa_Adu40)	COMPLETED	0	2026-08-30 15:40:51.540	2026-08-30 15:40:51.638	2026-08-30 15:41:36.083	42.4s	2	6 GB	736.5 MB	7.8 GB	93.8%	1.3%	1.8 GB	85.7 MB
2747	47/ca0e9f	BGC_ANALYSIS:ANTISMASH_ANALYSIS:ANTISMASH (Pantoea_ananatis_NSTU_AG_1)	COMPLETED	0	2026-08-30 15:40:59.010	2026-08-30 15:40:59.106	2026-08-30 15:41:37.429	36.1s	2	6 GB	488.3 MB	7.8 GB	100.9%	0.7%	1.5 GB	59 MB
2754	ef/ea967c	BGC_ANALYSIS:ANTISMASH_ANALYSIS:ANTISMASH (Pantoea_ananatis_PP099-PanT13S3)	COMPLETED	0	2026-08-30 15:40:45.485	2026-08-30 15:40:45.583	2026-08-30 15:41:40.762	52.8s	2	6 GB	4.8 GB	8 GB	127.5%	3.5%	14.4 GB	59.3 MB
2758	de/7dd4c4	BGC_ANALYSIS:ANTISMASH_ANALYSIS:ANTISMASH (Pantoea_anthophila_75_bin.2)	COMPLETED	0	2026-08-30 15:41:19.367	2026-08-30 15:41:19.425	2026-08-30 15:41:54.189	32.8s	2	6 GB	675.5 MB	7.7 GB	97.5%	1.2%	1.3 GB	71.1 MB
2749	1e/a276bd	BGC_ANALYSIS:ANTISMASH_ANALYSIS:ANTISMASH (Pantoea_ananatis_NSTU_AG_4)	COMPLETED	0	2026-08-30 15:41:19.428	2026-08-30 15:41:19.526	2026-08-30 15:41:55.653	34.2s	2	6 GB	497.6 MB	7.7 GB	103.0%	0.9%	1.4 GB	56.6 MB
2748	5a/94dca6	BGC_ANALYSIS:ANTISMASH_ANALYSIS:ANTISMASH (Pantoea_ananatis_NSTU_AG_3)	COMPLETED	0	2026-08-30 15:41:21.969	2026-08-30 15:41:22.061	2026-08-30 15:41:56.267	32s	2	6 GB	504.9 MB	7.8 GB	104.1%	0.8%	1.3 GB	53.1 MB
2750	0f/a74071	BGC_ANALYSIS:ANTISMASH_ANALYSIS:ANTISMASH (Pantoea_ananatis_NSTU_AG_5)	COMPLETED	0	2026-08-30 15:41:23.619	2026-08-30 15:41:23.715	2026-08-30 15:42:04.107	38.2s	2	6 GB	487.8 MB	7.7 GB	102.9%	0.7%	1.6 GB	63.6 MB
2768	c6/7941e2	BGC_ANALYSIS:ANTISMASH_ANALYSIS:ANTISMASH (Pantoea_phytobeneficialis_F51)	COMPLETED	0	2026-08-30 15:41:35.471	2026-08-30 15:41:35.568	2026-08-30 15:42:04.521	27.1s	2	6 GB	898.3 MB	7.9 GB	127.3%	1.4%	1 GB	78.6 MB
2770	5d/72e6c8	BGC_ANALYSIS:ANTISMASH_ANALYSIS:ANTISMASH (Pantoea_phytobeneficialis_F83)	COMPLETED	0	2026-08-30 15:41:37.433	2026-08-30 15:41:37.534	2026-08-30 15:42:07.790	28.3s	2	6 GB	938.7 MB	7.9 GB	127.5%	1.5%	1.1 GB	81.7 MB
2769	63/3a6b59	BGC_ANALYSIS:ANTISMASH_ANALYSIS:ANTISMASH (Pantoea_phytobeneficialis_F54)	COMPLETED	0	2026-08-30 15:41:40.765	2026-08-30 15:41:40.862	2026-08-30 15:42:10.047	27.2s	2	6 GB	919 MB	7.9 GB	124.5%	1.5%	1 GB	76.5 MB
2755	65/81fabc	BGC_ANALYSIS:ANTISMASH_ANALYSIS:ANTISMASH (Pantoea_ananatis_PP103)	COMPLETED	0	2026-08-30 15:41:56.271	2026-08-30 15:41:56.368	2026-08-30 15:42:18.222	19.7s	2	6 GB	799.1 MB	7.8 GB	124.1%	1.3%	822 MB	58.4 MB
2752	b8/6dab36	BGC_ANALYSIS:ANTISMASH_ANALYSIS:ANTISMASH (Pantoea_ananatis_PP092)	COMPLETED	0	2026-08-30 15:42:04.110	2026-08-30 15:42:04.207	2026-08-30 15:42:26.109	19.8s	2	6 GB	843.7 MB	7.9 GB	125.5%	1.4%	861.1 MB	61.9 MB
2772	7a/cb78f8	BGC_ANALYSIS:ANTISMASH_ANALYSIS:ANTISMASH (Pantoea_phytostimulans_T19)	COMPLETED	0	2026-08-30 15:41:54.193	2026-08-30 15:41:54.290	2026-08-30 15:42:29.298	32.8s	2	6 GB	720.4 MB	7.8 GB	93.1%	1.3%	1.3 GB	72.3 MB
2756	b7/56f6e3	BGC_ANALYSIS:ANTISMASH_ANALYSIS:ANTISMASH (Pantoea_ananatis_PP105)	COMPLETED	0	2026-08-30 15:41:36.086	2026-08-30 15:41:36.183	2026-08-30 15:42:37.317	59.3s	2	6 GB	3.4 GB	7.8 GB	133.6%	5.7%	21.9 GB	61.5 MB
2763	e3/eec53d	BGC_ANALYSIS:ANTISMASH_ANALYSIS:ANTISMASH (Pantoea_eucalypti_1L-B-3-B-C3)	COMPLETED	0	2026-08-30 15:42:04.524	2026-08-30 15:42:04.621	2026-08-30 15:42:37.695	31s	2	6 GB	741 MB	7.8 GB	95.3%	1.2%	1.3 GB	68.5 MB
2773	84/a34681	BGC_ANALYSIS:ANTISMASH_ANALYSIS:ANTISMASH (Pantoea_phytostimulans_T30)	COMPLETED	0	2026-08-30 15:42:07.793	2026-08-30 15:42:07.889	2026-08-30 15:42:42.404	32.4s	2	6 GB	711.9 MB	7.8 GB	93.6%	1.2%	1.3 GB	74.1 MB
2775	d7/d87d54	BGC_ANALYSIS:ANTISMASH_ANALYSIS:ANTISMASH (Pantoea_piersonii_80_bin.2)	COMPLETED	0	2026-08-30 15:42:10.050	2026-08-30 15:42:10.150	2026-08-30 15:42:46.835	34.5s	2	6 GB	731 MB	7.8 GB	97.3%	1.3%	1.5 GB	75.8 MB
2753	ac/2f0405	BGC_ANALYSIS:ANTISMASH_ANALYSIS:ANTISMASH (Pantoea_ananatis_PP094-PanT1S3)	COMPLETED	0	2026-08-30 15:41:55.657	2026-08-30 15:41:55.753	2026-08-30 15:42:50.282	52.4s	2	6 GB	4.7 GB	7.8 GB	109.0%	5.6%	7.8 GB	74.5 MB
2765	bb/699f08	BGC_ANALYSIS:ANTISMASH_ANALYSIS:ANTISMASH (Pantoea_eucalypti_1L-B-FC-B-C1)	COMPLETED	0	2026-08-30 15:42:29.300	2026-08-30 15:42:29.398	2026-08-30 15:42:59.064	27.8s	2	6 GB	724.3 MB	7.8 GB	94.7%	1.3%	1.1 GB	63.4 MB
2776	0d/8dbac2	BGC_ANALYSIS:ANTISMASH_ANALYSIS:ANTISMASH (Pantoea_septica_74_bin.2)	COMPLETED	0	2026-08-30 15:42:18.225	2026-08-30 15:42:18.323	2026-08-30 15:42:59.091	38.7s	2	6 GB	713.5 MB	7.8 GB	96.2%	1.3%	1.8 GB	83.4 MB
2779	7c/8a97fc	BGC_ANALYSIS:ANTISMASH_ANALYSIS:ANTISMASH (Pantoea_sp._DMYE4)	COMPLETED	0	2026-08-30 15:42:26.113	2026-08-30 15:42:26.209	2026-08-30 15:43:00.689	32.2s	2	6 GB	690.5 MB	7.8 GB	92.8%	1.2%	1.4 GB	72.6 MB
2786	59/f68ef1	BGC_ANALYSIS:ANTISMASH_ANALYSIS:ANTISMASH (Pantoea_stewartii_F33)	COMPLETED	0	2026-08-30 15:42:42.408	2026-08-30 15:42:42.504	2026-08-30 15:43:04.610	20.1s	2	6 GB	823.1 MB	7.9 GB	128.3%	1.3%	847.1 MB	60.7 MB
2762	73/359617	BGC_ANALYSIS:ANTISMASH_ANALYSIS:ANTISMASH (Pantoea_dispersa__170)	COMPLETED	0	2026-08-30 15:42:37.697	2026-08-30 15:42:37.794	2026-08-30 15:43:07.491	27.7s	2	6 GB	788.9 MB	7.8 GB	101.1%	1.3%	1.1 GB	66.4 MB
2764	37/5cb8df	BGC_ANALYSIS:ANTISMASH_ANALYSIS:ANTISMASH (Pantoea_eucalypti_1L-B-7-B-C2)	COMPLETED	0	2026-08-30 15:42:50.285	2026-08-30 15:42:50.382	2026-08-30 15:43:17.485	25.1s	2	6 GB	722.4 MB	7.8 GB	106.7%	1.2%	1023.6 MB	60 MB
2766	48/110259	BGC_ANALYSIS:ANTISMASH_ANALYSIS:ANTISMASH (Pantoea_eucalypti_1L-C-2-B-C3)	COMPLETED	0	2026-08-30 15:42:46.838	2026-08-30 15:42:46.935	2026-08-30 15:43:19.023	30.1s	2	6 GB	747.5 MB	7.8 GB	94.8%	1.2%	1.2 GB	66.4 MB
2767	1d/1afb0e	BGC_ANALYSIS:ANTISMASH_ANALYSIS:ANTISMASH (Pantoea_eucrina_IFST-01)	COMPLETED	0	2026-08-30 15:42:59.094	2026-08-30 15:42:59.192	2026-08-30 15:43:19.134	17.8s	2	6 GB	727.4 MB	7.8 GB	116.6%	1.2%	761.2 MB	50.9 MB
2761	d8/9b035c	BGC_ANALYSIS:ANTISMASH_ANALYSIS:ANTISMASH (Pantoea_dispersa_SD811)	COMPLETED	0	2026-08-30 15:42:59.067	2026-08-30 15:42:59.091	2026-08-30 15:43:21.442	20.2s	2	6 GB	818.9 MB	7.8 GB	126.3%	1.3%	868.8 MB	61.9 MB
2788	4f/224d24	BGC_ANALYSIS:ANTISMASH_ANALYSIS:ANTISMASH (Pantoea_stewartii_F43)	COMPLETED	0	2026-08-30 15:43:07.495	2026-08-30 15:43:07.590	2026-08-30 15:43:29.420	19.8s	2	6 GB	824.8 MB	7.9 GB	126.9%	1.3%	847.5 MB	60.9 MB
2757	bb/11cd34	BGC_ANALYSIS:ANTISMASH_ANALYSIS:ANTISMASH (Pantoea_ananatis_SK-1)	COMPLETED	0	2026-08-30 15:42:37.320	2026-08-30 15:42:37.417	2026-08-30 15:43:35.210	55.9s	2	6 GB	4.7 GB	7.8 GB	129.4%	6.2%	18.3 GB	62.4 MB
2771	a7/7838a2	BGC_ANALYSIS:ANTISMASH_ANALYSIS:ANTISMASH (Pantoea_phytostimulans_T15)	COMPLETED	0	2026-08-30 15:43:00.692	2026-08-30 15:43:00.788	2026-08-30 15:43:36.382	33.5s	2	6 GB	731.8 MB	7.8 GB	92.9%	1.3%	1.4 GB	73.8 MB
2774	58/7c231f	BGC_ANALYSIS:ANTISMASH_ANALYSIS:ANTISMASH (Pantoea_phytostimulans_TS1)	COMPLETED	0	2026-08-30 15:43:04.614	2026-08-30 15:43:04.710	2026-08-30 15:43:37.093	30.3s	2	6 GB	753.1 MB	7.8 GB	93.5%	1.3%	1.1 GB	69.6 MB
2777	d3/55fcfc	BGC_ANALYSIS:ANTISMASH_ANALYSIS:ANTISMASH (Pantoea_sp._ABR1s)	COMPLETED	0	2026-08-30 15:43:17.488	2026-08-30 15:43:17.585	2026-08-30 15:43:41.096	21.6s	2	6 GB	811.2 MB	7.8 GB	126.6%	1.4%	904.8 MB	62.9 MB
2794	76/b112da	BGC_ANALYSIS:ANTISMASH_ANALYSIS:ANTISMASH (Pantoea_trifolii_C2F10)	COMPLETED	0	2026-08-30 15:43:19.026	2026-08-30 15:43:19.123	2026-08-30 15:43:43.535	22.5s	2	6 GB	814.6 MB	7.9 GB	122.1%	1.4%	908 MB	63.5 MB
2789	03/d9ccea	BGC_ANALYSIS:ANTISMASH_ANALYSIS:ANTISMASH (Pantoea_stewartii_F91)	COMPLETED	0	2026-08-30 15:43:21.445	2026-08-30 15:43:21.543	2026-08-30 15:43:44.331	20.7s	2	6 GB	824.1 MB	7.8 GB	128.1%	1.3%	843.3 MB	60.8 MB
2778	81/1a4860	BGC_ANALYSIS:ANTISMASH_ANALYSIS:ANTISMASH (Pantoea_sp._C1E2)	COMPLETED	0	2026-08-30 15:43:19.137	2026-08-30 15:43:19.234	2026-08-30 15:43:45.467	24.2s	2	6 GB	857.6 MB	7.9 GB	124.8%	1.5%	956.8 MB	68.8 MB
2795	1a/7da8ca	BGC_ANALYSIS:ANTISMASH_ANALYSIS:ANTISMASH (Pantoea_trifolii_C2F9)	COMPLETED	0	2026-08-30 15:43:36.385	2026-08-30 15:43:36.483	2026-08-30 15:44:00.764	22s	2	6 GB	817.4 MB	7.8 GB	123.5%	1.4%	887.2 MB	62.9 MB
2781	48/3e246d	BGC_ANALYSIS:ANTISMASH_ANALYSIS:ANTISMASH (Pantoea_sp._PA1_Pa1)	COMPLETED	0	2026-08-30 15:43:35.213	2026-08-30 15:43:35.310	2026-08-30 15:44:03.081	25.6s	2	6 GB	749.5 MB	7.8 GB	106.0%	1.2%	1 GB	63.3 MB
2783	5d/1f6e5d	BGC_ANALYSIS:ANTISMASH_ANALYSIS:ANTISMASH (Pantoea_sp._SYBGC1)	COMPLETED	0	2026-08-30 15:43:41.099	2026-08-30 15:43:41.197	2026-08-30 15:44:07.991	24.8s	2	6 GB	667.5 MB	7.7 GB	95.6%	1.1%	1 GB	57.1 MB
2787	cc/b45625	BGC_ANALYSIS:ANTISMASH_ANALYSIS:ANTISMASH (Pantoea_stewartii_F42)	COMPLETED	0	2026-08-30 15:43:45.470	2026-08-30 15:43:45.567	2026-08-30 15:44:08.170	20.5s	2	6 GB	826.5 MB	7.9 GB	129.5%	1.3%	850.4 MB	61 MB
2780	88/22cd8d	BGC_ANALYSIS:ANTISMASH_ANALYSIS:ANTISMASH (Pantoea_sp._HJE1)	COMPLETED	0	2026-08-30 15:43:29.423	2026-08-30 15:43:29.520	2026-08-30 15:44:12.556	41s	2	6 GB	727.5 MB	7.8 GB	91.2%	1.3%	1.7 GB	86.6 MB
2792	5f/6e6b52	BGC_ANALYSIS:ANTISMASH_ANALYSIS:ANTISMASH (Pantoea_stewartii_F94)	COMPLETED	0	2026-08-30 15:44:00.768	2026-08-30 15:44:00.865	2026-08-30 15:44:23.116	20s	2	6 GB	827.9 MB	7.8 GB	127.9%	1.3%	838.9 MB	60.3 MB
2790	b4/bca5c5	BGC_ANALYSIS:ANTISMASH_ANALYSIS:ANTISMASH (Pantoea_stewartii_F92)	COMPLETED	0	2026-08-30 15:44:03.084	2026-08-30 15:44:03.181	2026-08-30 15:44:24.571	19.3s	2	6 GB	799.3 MB	7.8 GB	129.8%	1.4%	847.5 MB	60.9 MB
2791	e5/743338	BGC_ANALYSIS:ANTISMASH_ANALYSIS:ANTISMASH (Pantoea_stewartii_F93)	COMPLETED	0	2026-08-30 15:44:07.994	2026-08-30 15:44:08.091	2026-08-30 15:44:29.860	19.9s	2	6 GB	839 MB	7.8 GB	128.7%	1.3%	839.5 MB	60.4 MB
2785	f2/b25c21	BGC_ANALYSIS:ANTISMASH_ANALYSIS:ANTISMASH (Pantoea_sp._nfd-35)	COMPLETED	0	2026-08-30 15:43:43.538	2026-08-30 15:43:43.635	2026-08-30 15:44:31.148	45.6s	2	6 GB	4.7 GB	7.8 GB	126.5%	5.6%	9.4 GB	58.6 MB
2793	93/fb2a36	BGC_ANALYSIS:ANTISMASH_ANALYSIS:ANTISMASH (Pantoea_trifolii_C11B12)	COMPLETED	0	2026-08-30 15:44:08.173	2026-08-30 15:44:08.270	2026-08-30 15:44:31.486	21.4s	2	6 GB	834.5 MB	7.9 GB	122.3%	1.4%	894.8 MB	64.1 MB
2796	74/a458e4	BGC_ANALYSIS:ANTISMASH_ANALYSIS:ANTISMASH (Pantoea_trifolii_C8H4)	COMPLETED	0	2026-08-30 15:44:12.559	2026-08-30 15:44:12.656	2026-08-30 15:44:35.380	20.6s	2	6 GB	821.2 MB	7.8 GB	123.5%	1.4%	953 MB	65.1 MB
2782	f7/8d6333	BGC_ANALYSIS:ANTISMASH_ANALYSIS:ANTISMASH (Pantoea_sp._RCC30.1)	COMPLETED	0	2026-08-30 15:43:37.097	2026-08-30 15:43:37.193	2026-08-30 15:44:49.210	1m 10s	2	6 GB	4.6 GB	7.7 GB	110.8%	5.5%	12.5 GB	82.9 MB
2784	47/2cdac2	BGC_ANALYSIS:ANTISMASH_ANALYSIS:ANTISMASH (Pantoea_sp._isolate9_meta_2_35)	COMPLETED	0	2026-08-30 15:43:44.334	2026-08-30 15:43:44.431	2026-08-30 15:45:57.970	2m 12s	2	6 GB	712.1 MB	7.8 GB	101.0%	1.3%	9.8 GB	274.2 MB
2797	f4/d563f0	BGC_ANALYSIS:CLUSTERING:BIGSCAPE (Erwiniaceae)	COMPLETED	0	2026-08-30 15:45:58.591	2026-08-30 15:45:58.671	2026-08-30 15:47:12.562	1m 8s	8	32 GB	13.8 GB	35.3 GB	505.1%	24.4%	2.3 GB	143.8 MB
2800	8e/0e0478	BGC_ANALYSIS:CLUSTERING:EXTRACT_CLUSTERING_STATS (Erwiniaceae)	COMPLETED	0	2026-08-30 15:47:12.578	2026-08-30 15:47:12.662	2026-08-30 15:47:14.051	54ms	1	2 GB	3.2 MB	4.6 MB	90.6%	0.0%	845.7 KB	1 KB
2799	e6/00e498	BGC_ANALYSIS:TABULATE_REGIONS (Erwiniaceae)	COMPLETED	0	2026-08-30 15:45:58.407	2026-08-30 15:45:58.471	2026-08-30 15:47:45.395	1m 36s	1	2 GB	86.3 MB	90.1 MB	94.9%	0.1%	19.3 GB	56.4 KB
2798	e8/9a6e85	BGC_ANALYSIS:COUNT_REGIONS (Erwiniaceae)	COMPLETED	0	2026-08-30 15:45:58.480	2026-08-30 15:45:58.571	2026-08-30 15:48:28.440	2m 19s	1	2 GB	116.8 MB	121 MB	99.7%	0.2%	19.3 GB	388 KB
2802	53/12201a	BGC_ANALYSIS:AGGREGATE_TAXONOMY (Aggregating BGC statistics by taxonomy)	COMPLETED	0	2026-08-30 15:48:28.467	2026-08-30 15:48:28.540	2026-08-30 15:48:30.210	194ms	1	2 GB	14.8 MB	20.6 MB	97.9%	0.0%	3.9 MB	2 MB
2804	1e/9d0927	BGC_ANALYSIS:PHYLOGENY:GENBANK_TO_FASTA (100 genomes)	COMPLETED	0	2026-08-30 15:48:28.586	2026-08-30 15:48:28.641	2026-08-30 15:48:49.995	19.8s	1	2 GB	94.1 MB	2.3 GB	102.1%	0.1%	876.5 MB	483.6 MB
2803	0f/f0417e	BGC_ANALYSIS:PHYLOGENY:GENBANK_TO_FASTA (100 genomes)	COMPLETED	0	2026-08-30 15:48:28.581	2026-08-30 15:48:28.641	2026-08-30 15:48:50.241	20s	1	2 GB	91.2 MB	2.3 GB	101.9%	0.1%	877.9 MB	478.3 MB
2805	b2/e02402	BGC_ANALYSIS:PHYLOGENY:GENBANK_TO_FASTA (98 genomes)	COMPLETED	0	2026-08-30 15:48:28.575	2026-08-30 15:48:28.640	2026-08-30 15:48:50.949	20.6s	1	2 GB	98.4 MB	2.3 GB	104.7%	0.1%	877.6 MB	470.4 MB
2801	db/cb6e0a	BGC_ANALYSIS:CLUSTERING:EXTRACT_GCF_REPRESENTATIVES (Erwiniaceae)	COMPLETED	0	2026-08-30 15:47:45.533	2026-08-30 15:47:45.596	2026-08-30 15:51:18.498	3m 21s	1	2 GB	203.5 MB	2.4 GB	100.4%	0.3%	19.5 GB	667.6 KB
2806	bf/45d4b8	BGC_ANALYSIS:PHYLOGENY:GTDBTK_CLASSIFY (Erwiniaceae)	COMPLETED	0	2026-08-30 15:48:51.022	2026-08-30 15:48:51.049	2026-08-30 17:21:33.464	1h 32m 41s	8	48 GB	105.2 GB	221.9 GB	175.6%	123.4%	238.8 GB	11.4 GB
2808	d7/df3d66	BGC_ANALYSIS:COLLECT_VERSIONS (versions)	COMPLETED	0	2026-08-30 17:21:38.394	2026-08-30 17:21:38.477	2026-08-30 17:21:55.759	9.9s	1	2 GB	213 MB	2.5 GB	112.6%	0.3%	110.4 MB	2.7 KB
2807	84/da3eab	BGC_ANALYSIS:GCF_BIOSYNTHETIC_TREE (Erwiniaceae)	COMPLETED	0	2026-08-30 17:21:39.057	2026-08-30 17:21:39.181	2026-08-30 17:23:37.599	1m 47s	4	8 GB	101.8 MB	2.4 GB	103.0%	0.1%	10.7 GB	5.4 MB
2809	12/120f54	BGC_ANALYSIS:VISUALIZE_RESULTS (Erwiniaceae)	COMPLETED	0	2026-08-30 17:23:37.709	2026-08-30 17:23:37.800	2026-08-30 17:23:43.997	5.2s	4	8 GB	142.9 MB	2.3 GB	118.4%	0.2%	65.4 MB	13.7 MB
